site,start,recovery_rank,missed_state,recovered_state,rotamer_index,physical_chi_degrees,pearson_correlation,cosine_similarity,unconstrained_fitted_occupancy,fitted_occupancy_nnls,baseline_sse,fitted_sse,sse_reduction,fraction_sse_reduced,rmsd_to_missed_A,rmsd_to_recovered_A,within_1A_of_missed,selected_best_fit
1ZV8_E_ASN1,2,major_only,A,B,0,-60;0,-0.09965257936113128,-0.08780228464497468,-0.014015233896280893,0.0,2.36087544751115,2.36087544751115,0.0,0.0,2.2910284996032715,2.910982370376587,False,False
1ZV8_E_ASN1,2,major_only,A,B,1,-60;-180,-0.09952710205671857,-0.08766692402342585,-0.01399066200267154,0.0,2.36087544751115,2.36087544751115,0.0,0.0,2.1742820739746094,2.673888921737671,False,False
1ZV8_E_ASN1,2,major_only,A,B,2,60;0,-0.04438544491634379,-0.03871234585438615,-0.006174515738401284,0.0,2.36087544751115,2.36087544751115,0.0,0.0,1.4370310306549072,3.002262830734253,False,False
1ZV8_E_ASN1,2,major_only,A,B,3,60;-180,-0.04159447209055528,-0.036234372812604554,-0.0057785730121859115,0.0,2.36087544751115,2.36087544751115,0.0,0.0,1.7517917156219482,3.0627830028533936,False,False
1ZV8_E_ASN1,2,major_only,A,B,4,-180;0,-0.01172746254602081,-0.009830240790248105,-0.0015680647826885837,0.0,2.36087544751115,2.36087544751115,0.0,0.0,3.2146410942077637,1.2617017030715942,False,True
1ZV8_E_ASN1,2,major_only,A,B,5,-180;-180,-0.01228188125540331,-0.010317488665781265,-0.0016455176632185747,0.0,2.36087544751115,2.36087544751115,0.0,0.0,3.3278095722198486,1.0317721366882324,False,False
1ZV8_E_ASN1,3,major_only,A,B,0,-60;0,-0.10315474000945622,-0.09106190773828234,-0.014188753264862299,0.0,2.249567313448215,2.249567313448215,0.0,0.0,2.2910284996032715,2.910982370376587,False,False
1ZV8_E_ASN1,3,major_only,A,B,1,-60;-180,-0.10244152015050609,-0.09040493061283793,-0.014083401864171724,0.0,2.249567313448215,2.249567313448215,0.0,0.0,2.1742820739746094,2.673888921737671,False,False
1ZV8_E_ASN1,3,major_only,A,B,2,60;0,-0.044943228336075246,-0.03936169814257485,-0.006128302551140041,0.0,2.249567313448215,2.249567313448215,0.0,0.0,1.4370310306549072,3.002262830734253,False,False
1ZV8_E_ASN1,3,major_only,A,B,3,60;-180,-0.04229245919880792,-0.03700773701932189,-0.005761099082194023,0.0,2.249567313448215,2.249567313448215,0.0,0.0,1.7517917156219482,3.0627830028533936,False,False
1ZV8_E_ASN1,3,major_only,A,B,4,-180;0,0.0075197042935964825,0.007050877061546729,0.0010978827114834961,0.0010978827114834961,2.249567313448215,2.249455476507661,0.00011183694055372229,4.97148673369968e-05,3.2146410942077637,1.2617017030715942,False,True
1ZV8_E_ASN1,3,major_only,A,B,5,-180;-180,0.006155584546957796,0.005842328462766586,0.0009095518814320696,0.0009095518814320696,2.249567313448215,2.249490529412819,7.678403539568279e-05,3.413280186667789e-05,3.3278095722198486,1.0317721366882324,False,False
1ZV8_E_ASN1,8,major_only,A,B,0,-60;0,-0.09862650782245616,-0.0869298450683786,-0.013811019688607828,0.0,2.338824778842883,2.338824778842883,0.0,0.0,2.2910284996032715,2.910982370376587,False,False
1ZV8_E_ASN1,8,major_only,A,B,1,-60;-180,-0.09899551472927395,-0.08723304402395962,-0.013856253779819128,0.0,2.338824778842883,2.338824778842883,0.0,0.0,2.1742820739746094,2.673888921737671,False,False
1ZV8_E_ASN1,8,major_only,A,B,2,60;0,-0.03933466917539412,-0.03428191211164892,-0.00544227841294637,0.0,2.338824778842883,2.338824778842883,0.0,0.0,1.4370310306549072,3.002262830734253,False,False
1ZV8_E_ASN1,8,major_only,A,B,3,60;-180,-0.03637380087502666,-0.03165475568523851,-0.005024595763174447,0.0,2.338824778842883,2.338824778842883,0.0,0.0,1.7517917156219482,3.0627830028533936,False,False
1ZV8_E_ASN1,8,major_only,A,B,4,-180;0,-0.035997376022611265,-0.031350291898345484,-0.00497741370567677,0.0,2.338824778842883,2.338824778842883,0.0,0.0,3.2146410942077637,1.2617017030715942,False,True
1ZV8_E_ASN1,8,major_only,A,B,5,-180;-180,-0.03601899328096528,-0.031360252184928855,-0.004978177754083024,0.0,2.338824778842883,2.338824778842883,0.0,0.0,3.3278095722198486,1.0317721366882324,False,False
1ZV8_E_ASN1,10,major_only,A,B,0,-60;0,0.2903357357152716,0.2576890233825013,0.04698337793294952,0.04698337793294952,3.0802122600045876,2.8756749762319624,0.20453728377262514,0.0664036327718274,2.2910284996032715,2.910982370376587,False,True
1ZV8_E_ASN1,10,major_only,A,B,1,-60;-180,0.28924937067726075,0.2566576326146921,0.046785412699842474,0.046785412699842474,3.0802122600045876,2.8773090054030233,0.20290325460156433,0.06587314037937832,2.1742820739746094,2.673888921737671,False,False
1ZV8_E_ASN1,10,major_only,A,B,2,60;0,-0.15477794976936157,-0.13663163645763693,-0.024891924071835415,0.0,3.0802122600045876,3.0802122600045876,0.0,0.0,1.4370310306549072,3.002262830734253,False,False
1ZV8_E_ASN1,10,major_only,A,B,3,60;-180,-0.1519214253317837,-0.13407313578978247,-0.024422797486635527,0.0,3.0802122600045876,3.0802122600045876,0.0,0.0,1.7517917156219482,3.0627830028533936,False,False
1ZV8_E_ASN1,10,major_only,A,B,4,-180;0,-0.26567202642190063,-0.23487422028097402,-0.04279460097010282,0.0,3.0802122600045876,3.0802122600045876,0.0,0.0,3.2146410942077637,1.2617017030715942,False,False
1ZV8_E_ASN1,10,major_only,A,B,5,-180;-180,-0.26621151722846237,-0.2352873929954896,-0.0428628446751693,0.0,3.0802122600045876,3.0802122600045876,0.0,0.0,3.3278095722198486,1.0317721366882324,False,False
1ZV8_E_ASN1,16,major_only,A,B,0,-60;0,-0.103449034204635,-0.09123693608057781,-0.014329602605845787,0.0,2.2856562585798246,2.2856562585798246,0.0,0.0,2.2910284996032715,2.910982370376587,False,False
1ZV8_E_ASN1,16,major_only,A,B,1,-60;-180,-0.10278026777293851,-0.0906192058644169,-0.014229566469317705,0.0,2.2856562585798246,2.2856562585798246,0.0,0.0,2.1742820739746094,2.673888921737671,False,False
1ZV8_E_ASN1,16,major_only,A,B,2,60;0,-0.04795791417950492,-0.04194195652353365,-0.006582199168573444,0.0,2.2856562585798246,2.2856562585798246,0.0,0.0,1.4370310306549072,3.002262830734253,False,False
1ZV8_E_ASN1,16,major_only,A,B,3,60;-180,-0.04531178978229608,-0.0395914091104973,-0.0062125477017526,0.0,2.2856562585798246,2.2856562585798246,0.0,0.0,1.7517917156219482,3.0627830028533936,False,False
1ZV8_E_ASN1,16,major_only,A,B,4,-180;0,0.008835457348224997,0.008301892202682319,0.0013030043205784902,0.0013030043205784902,2.2856562585798246,2.2854987279182337,0.0001575306615908545,6.89214141450714e-05,3.2146410942077637,1.2617017030715942,False,True
1ZV8_E_ASN1,16,major_only,A,B,5,-180;-180,0.007413240063302837,0.007041700816949639,0.0011050324659724476,0.0011050324659724476,2.2856562585798246,2.2855429230562274,0.00011333552359715782,4.9585550395744105e-05,3.3278095722198486,1.0317721366882324,False,False
1ZV8_E_ASN1,18,major_only,A,B,0,-60;0,0.29386009697583154,0.26053378226422713,0.04644061482702804,0.04644061482702804,2.944095148274688,2.7442562944067483,0.19983885386793965,0.0678778517009038,2.2910284996032715,2.910982370376587,False,True
1ZV8_E_ASN1,18,major_only,A,B,1,-60;-180,0.2926183339263613,0.259363546586904,0.04622222157736551,0.04622222157736551,2.944095148274688,2.7460474889689324,0.19804765930575563,0.06726944929813712,2.1742820739746094,2.673888921737671,False,False
1ZV8_E_ASN1,18,major_only,A,B,2,60;0,-0.17473831637915346,-0.15457102878398032,-0.0275309307048561,0.0,2.944095148274688,2.944095148274688,0.0,0.0,1.4370310306549072,3.002262830734253,False,False
1ZV8_E_ASN1,18,major_only,A,B,3,60;-180,-0.17166085319970548,-0.151813246736668,-0.027036402781647883,0.0,2.944095148274688,2.944095148274688,0.0,0.0,1.7517917156219482,3.0627830028533936,False,False
1ZV8_E_ASN1,18,major_only,A,B,4,-180;0,-0.259697190132038,-0.22986715937472774,-0.040946440766849425,0.0,2.944095148274688,2.944095148274688,0.0,0.0,3.2146410942077637,1.2617017030715942,False,False
1ZV8_E_ASN1,18,major_only,A,B,5,-180;-180,-0.2599405627760006,-0.23002000841121673,-0.0409669418980021,0.0,2.944095148274688,2.944095148274688,0.0,0.0,3.3278095722198486,1.0317721366882324,False,False
1ZV8_E_ASN1,20,major_only,A,B,0,-60;0,0.3236085494334556,0.2863905789211618,0.04994558972930107,0.04994558972930107,2.818128842858763,2.586987144731761,0.23114169812700203,0.08201956369479811,2.2910284996032715,2.910982370376587,False,True
1ZV8_E_ASN1,20,major_only,A,B,1,-60;-180,0.32353458004336205,0.2862478483365701,0.04991011970296234,0.04991011970296234,2.818128842858763,2.5872174789057407,0.23091136395302225,0.08193783067731616,2.1742820739746094,2.673888921737671,False,False
1ZV8_E_ASN1,20,major_only,A,B,2,60;0,-0.19806731823416282,-0.17572950971344267,-0.03062259529611383,0.0,2.818128842858763,2.818128842858763,0.0,0.0,1.4370310306549072,3.002262830734253,False,False
1ZV8_E_ASN1,20,major_only,A,B,3,60;-180,-0.19527296743256164,-0.17321774030900433,-0.030181172662287363,0.0,2.818128842858763,2.818128842858763,0.0,0.0,1.7517917156219482,3.0627830028533936,False,False
1ZV8_E_ASN1,20,major_only,A,B,4,-180;0,-0.21495302535018937,-0.19078187919010814,-0.03324917333136432,0.0,2.818128842858763,2.818128842858763,0.0,0.0,3.2146410942077637,1.2617017030715942,False,False
1ZV8_E_ASN1,20,major_only,A,B,5,-180;-180,-0.2161295988735068,-0.1917718109534755,-0.03341621080618891,0.0,2.818128842858763,2.818128842858763,0.0,0.0,3.3278095722198486,1.0317721366882324,False,False
1ZV8_E_ASN1,21,major_only,A,B,0,-60;0,-0.10199225449782166,-0.08953206267996201,-0.014485393742958246,0.0,2.425422700941524,2.425422700941524,0.0,0.0,2.2910284996032715,2.910982370376587,False,False
1ZV8_E_ASN1,21,major_only,A,B,1,-60;-180,-0.10246393382059402,-0.0899250918104634,-0.014545898979607385,0.0,2.425422700941524,2.425422700941524,0.0,0.0,2.1742820739746094,2.673888921737671,False,False
1ZV8_E_ASN1,21,major_only,A,B,2,60;0,-0.03553786888415248,-0.030538434302765715,-0.004936934453170475,0.0,2.425422700941524,2.425422700941524,0.0,0.0,1.4370310306549072,3.002262830734253,False,False
1ZV8_E_ASN1,21,major_only,A,B,3,60;-180,-0.03259340588518475,-0.0279262506644865,-0.004514084345871193,0.0,2.425422700941524,2.425422700941524,0.0,0.0,1.7517917156219482,3.0627830028533936,False,True
1ZV8_E_ASN1,21,major_only,A,B,4,-180;0,-0.04223578146036593,-0.03648829543864226,-0.00589943746615092,0.0,2.425422700941524,2.425422700941524,0.0,0.0,3.2146410942077637,1.2617017030715942,False,False
1ZV8_E_ASN1,21,major_only,A,B,5,-180;-180,-0.04285059298619364,-0.0370213008981892,-0.005984631368702277,0.0,2.425422700941524,2.425422700941524,0.0,0.0,3.3278095722198486,1.0317721366882324,False,False
1ZV8_E_ASN1,22,major_only,A,B,0,-60;0,0.2907317975533867,0.25785680076074396,0.04582822817063138,0.04582822817063138,2.9267994320099806,2.732196158173948,0.19460327383603282,0.06649012969856596,2.2910284996032715,2.910982370376587,False,True
1ZV8_E_ASN1,22,major_only,A,B,1,-60;-180,0.2895260368128875,0.2567193111146959,0.04561639681682977,0.04561639681682977,2.9267994320099806,2.7339092870496216,0.19289014496035906,0.06590480469920403,2.1742820739746094,2.673888921737671,False,False
1ZV8_E_ASN1,22,major_only,A,B,2,60;0,-0.172677068150988,-0.15265034052564705,-0.02710885243460953,0.0,2.9267994320099806,2.9267994320099806,0.0,0.0,1.4370310306549072,3.002262830734253,False,False
1ZV8_E_ASN1,22,major_only,A,B,3,60;-180,-0.16960941149224593,-0.1499015751413638,-0.02661742236892253,0.0,2.9267994320099806,2.9267994320099806,0.0,0.0,1.7517917156219482,3.0627830028533936,False,False
1ZV8_E_ASN1,22,major_only,A,B,4,-180;0,-0.25182705438977543,-0.22280381117331402,-0.03957149004671353,0.0,2.9267994320099806,2.9267994320099806,0.0,0.0,3.2146410942077637,1.2617017030715942,False,False
1ZV8_E_ASN1,22,major_only,A,B,5,-180;-180,-0.25217954669489523,-0.22305502051502785,-0.03960960340081854,0.0,2.9267994320099806,2.9267994320099806,0.0,0.0,3.3278095722198486,1.0317721366882324,False,False
1ZV8_E_ASN1,23,major_only,A,B,0,-60;0,-0.10155190751217637,-0.08927046590719498,-0.0142285999821492,0.0,2.3539256748978237,2.3539256748978237,0.0,0.0,2.2910284996032715,2.910982370376587,False,False
1ZV8_E_ASN1,23,major_only,A,B,1,-60;-180,-0.10176647805022758,-0.08943584083744295,-0.01425193803731921,0.0,2.3539256748978237,2.3539256748978237,0.0,0.0,2.1742820739746094,2.673888921737671,False,False
1ZV8_E_ASN1,23,major_only,A,B,2,60;0,-0.03391276148521624,-0.029230660232159113,-0.004655345015971144,0.0,2.3539256748978237,2.3539256748978237,0.0,0.0,1.4370310306549072,3.002262830734253,False,False
1ZV8_E_ASN1,23,major_only,A,B,3,60;-180,-0.031114536807523397,-0.026748253418314445,-0.004259465654952115,0.0,2.3539256748978237,2.3539256748978237,0.0,0.0,1.7517917156219482,3.0627830028533936,False,True
1ZV8_E_ASN1,23,major_only,A,B,4,-180;0,-0.04366180627931705,-0.03788007727109731,-0.006033516941070164,0.0,2.3539256748978237,2.3539256748978237,0.0,0.0,3.2146410942077637,1.2617017030715942,False,False
1ZV8_E_ASN1,23,major_only,A,B,5,-180;-180,-0.044240184021354476,-0.038380626437509446,-0.006112240609454141,0.0,2.3539256748978237,2.3539256748978237,0.0,0.0,3.3278095722198486,1.0317721366882324,False,False
1ZV8_E_ASN1,24,major_only,A,B,0,-60;0,-0.10346504715402145,-0.09113305526316069,-0.014900365907566665,0.0,2.4770000481292973,2.4770000481292973,0.0,0.0,2.2910284996032715,2.910982370376587,False,False
1ZV8_E_ASN1,24,major_only,A,B,1,-60;-180,-0.10279236663236156,-0.09051173643094017,-0.014795643634516294,0.0,2.4770000481292973,2.4770000481292973,0.0,0.0,2.1742820739746094,2.673888921737671,False,False
1ZV8_E_ASN1,24,major_only,A,B,2,60;0,-0.032970068288157954,-0.028564504948708984,-0.004666664553045202,0.0,2.4770000481292973,2.4770000481292973,0.0,0.0,1.4370310306549072,3.002262830734253,False,False
1ZV8_E_ASN1,24,major_only,A,B,3,60;-180,-0.030302237429924873,-0.02619775308896077,-0.004279473789994549,0.0,2.4770000481292973,2.4770000481292973,0.0,0.0,1.7517917156219482,3.0627830028533936,False,False
1ZV8_E_ASN1,24,major_only,A,B,4,-180;0,-0.005807879545077334,-0.004540960118382346,-0.0007419489122859759,0.0,2.4770000481292973,2.4770000481292973,0.0,0.0,3.2146410942077637,1.2617017030715942,False,True
1ZV8_E_ASN1,24,major_only,A,B,5,-180;-180,-0.007269887341042813,-0.005832720768336977,-0.0009528536534122564,0.0,2.4770000481292973,2.4770000481292973,0.0,0.0,3.3278095722198486,1.0317721366882324,False,False
1ZV8_E_ASN1,27,major_only,A,B,0,-60;0,-0.10536792988567331,-0.09222126271440165,-0.015055579177957032,0.0,2.4695442614217207,2.4695442614217207,0.0,0.0,2.2910284996032715,2.910982370376587,False,False
1ZV8_E_ASN1,27,major_only,A,B,1,-60;-180,-0.10583331402251411,-0.09260761422542056,-0.015115449314671589,0.0,2.4695442614217207,2.4695442614217207,0.0,0.0,2.1742820739746094,2.673888921737671,False,False
1ZV8_E_ASN1,27,major_only,A,B,2,60;0,-0.03170600582137639,-0.026842782854674802,-0.004378776920952872,0.0,2.4695442614217207,2.4695442614217207,0.0,0.0,1.4370310306549072,3.002262830734253,False,False
1ZV8_E_ASN1,27,major_only,A,B,3,60;-180,-0.02896766912996489,-0.02441343591630704,-0.003981994278362888,0.0,2.4695442614217207,2.4695442614217207,0.0,0.0,1.7517917156219482,3.0627830028533936,False,True
1ZV8_E_ASN1,27,major_only,A,B,4,-180;0,-0.04493316533446546,-0.03857060515392781,-0.006292571620552202,0.0,2.4695442614217207,2.4695442614217207,0.0,0.0,3.2146410942077637,1.2617017030715942,False,False
1ZV8_E_ASN1,27,major_only,A,B,5,-180;-180,-0.04562042759738784,-0.03916677275896437,-0.0063887840060786955,0.0,2.4695442614217207,2.4695442614217207,0.0,0.0,3.3278095722198486,1.0317721366882324,False,False
1ZV8_E_ASN1,28,major_only,A,B,0,-60;0,-0.09422931796642404,-0.08305789749369676,-0.013077388046370535,0.0,2.297016758727018,2.297016758727018,0.0,0.0,2.2910284996032715,2.910982370376587,False,False
1ZV8_E_ASN1,28,major_only,A,B,1,-60;-180,-0.09358035362072673,-0.08245989788474785,-0.012980482401271632,0.0,2.297016758727018,2.297016758727018,0.0,0.0,2.1742820739746094,2.673888921737671,False,False
1ZV8_E_ASN1,28,major_only,A,B,2,60;0,-0.050209487124318615,-0.04392861368259369,-0.006911088506214155,0.0,2.297016758727018,2.297016758727018,0.0,0.0,1.4370310306549072,3.002262830734253,False,False
1ZV8_E_ASN1,28,major_only,A,B,3,60;-180,-0.04749857059577758,-0.04152029493642802,-0.006531393209826545,0.0,2.297016758727018,2.297016758727018,0.0,0.0,1.7517917156219482,3.0627830028533936,False,False
1ZV8_E_ASN1,28,major_only,A,B,4,-180;0,0.000104690758816404,0.0005789270307095516,9.10896884937546e-05,9.10896884937546e-05,2.297016758727018,2.297015988866905,7.698601129924043e-07,3.3515650683325995e-07,3.2146410942077637,1.2617017030715942,False,True
1ZV8_E_ASN1,28,major_only,A,B,5,-180;-180,-0.0012337969062069113,-0.0006050644158946196,-9.518657594957061e-05,0.0,2.297016758727018,2.297016758727018,0.0,0.0,3.3278095722198486,1.0317721366882324,False,False
1ZV8_E_ASN1,31,major_only,A,B,0,-60;0,0.01736651457554242,0.01558923142046811,0.0026974321243441635,0.0026974321243441635,2.774186481533906,2.7735122872603495,0.0006741942735564166,0.00024302413628071623,2.2910284996032715,2.910982370376587,False,False
1ZV8_E_ASN1,31,major_only,A,B,1,-60;-180,0.017578671141284908,0.015773348418593566,0.0027287118713828066,0.0027287118713828066,2.774186481533906,2.773496268042169,0.000690213491736813,0.00024879852033421327,2.1742820739746094,2.673888921737671,False,True
1ZV8_E_ASN1,31,major_only,A,B,2,60;0,-0.08043409909951792,-0.0709589824055808,-0.012268517293393176,0.0,2.774186481533906,2.774186481533906,0.0,0.0,1.4370310306549072,3.002262830734253,False,False
1ZV8_E_ASN1,31,major_only,A,B,3,60;-180,-0.07720270694266913,-0.06808436102273895,-0.011770055485675335,0.0,2.774186481533906,2.774186481533906,0.0,0.0,1.7517917156219482,3.0627830028533936,False,False
1ZV8_E_ASN1,31,major_only,A,B,4,-180;0,-0.0651475606321207,-0.05747195577303391,-0.0099377280814605,0.0,2.774186481533906,2.774186481533906,0.0,0.0,3.2146410942077637,1.2617017030715942,False,False
1ZV8_E_ASN1,31,major_only,A,B,5,-180;-180,-0.0666606398181286,-0.05879502742615272,-0.01016483733158756,0.0,2.774186481533906,2.774186481533906,0.0,0.0,3.3278095722198486,1.0317721366882324,False,False
1ZV8_E_ASN1,35,major_only,A,B,0,-60;0,-0.09841891074328886,-0.08663748707697798,-0.013848869968655576,0.0,2.3675599771507496,2.3675599771507496,0.0,0.0,2.2910284996032715,2.910982370376587,False,False
1ZV8_E_ASN1,35,major_only,A,B,1,-60;-180,-0.098345801952075,-0.08654876523289265,-0.013831756325251427,0.0,2.3675599771507496,2.3675599771507496,0.0,0.0,2.1742820739746094,2.673888921737671,False,False
1ZV8_E_ASN1,35,major_only,A,B,2,60;0,-0.043242557225221905,-0.03762970961677533,-0.0060103288798193984,0.0,2.3675599771507496,2.3675599771507496,0.0,0.0,1.4370310306549072,3.002262830734253,False,False
1ZV8_E_ASN1,35,major_only,A,B,3,60;-180,-0.04041081013702134,-0.03511585175985355,-0.005608116418834718,0.0,2.3675599771507496,2.3675599771507496,0.0,0.0,1.7517917156219482,3.0627830028533936,False,False
1ZV8_E_ASN1,35,major_only,A,B,4,-180;0,-0.023932856347210887,-0.02056242010809637,-0.0032846419113976544,0.0,2.3675599771507496,2.3675599771507496,0.0,0.0,3.2146410942077637,1.2617017030715942,False,True
1ZV8_E_ASN1,35,major_only,A,B,5,-180;-180,-0.024417012556578715,-0.02098448359625363,-0.0033515120965505758,0.0,2.3675599771507496,2.3675599771507496,0.0,0.0,3.3278095722198486,1.0317721366882324,False,False
1ZV8_E_ASN1,39,major_only,A,B,0,-60;0,-0.10645167445693893,-0.09331468530940054,-0.015171346657126532,0.0,2.449245286288815,2.449245286288815,0.0,0.0,2.2910284996032715,2.910982370376587,False,False
1ZV8_E_ASN1,39,major_only,A,B,1,-60;-180,-0.1068946505515064,-0.09368104930469054,-0.015227683623810141,0.0,2.449245286288815,2.449245286288815,0.0,0.0,2.1742820739746094,2.673888921737671,False,False
1ZV8_E_ASN1,39,major_only,A,B,2,60;0,-0.03180326573848263,-0.027062450367209778,-0.004396429696084843,0.0,2.449245286288815,2.449245286288815,0.0,0.0,1.4370310306549072,3.002262830734253,False,False
1ZV8_E_ASN1,39,major_only,A,B,3,60;-180,-0.02903521228766681,-0.024606912099826427,-0.0039970223530078975,0.0,2.449245286288815,2.449245286288815,0.0,0.0,1.7517917156219482,3.0627830028533936,False,True
1ZV8_E_ASN1,39,major_only,A,B,4,-180;0,-0.040699645533968966,-0.034956643672281525,-0.0056794878572459595,0.0,2.449245286288815,2.449245286288815,0.0,0.0,3.2146410942077637,1.2617017030715942,False,False
1ZV8_E_ASN1,39,major_only,A,B,5,-180;-180,-0.04139577618678359,-0.035561809559394704,-0.005776862125442825,0.0,2.449245286288815,2.449245286288815,0.0,0.0,3.3278095722198486,1.0317721366882324,False,False
1ZV8_E_ASN1,41,major_only,A,B,0,-60;0,-0.08939178981769112,-0.07851011287525647,-0.012541643293922976,0.0,2.364512935974836,2.364512935974836,0.0,0.0,2.2910284996032715,2.910982370376587,False,False
1ZV8_E_ASN1,41,major_only,A,B,1,-60;-180,-0.08923543624483121,-0.07834962497816479,-0.012513353900785045,0.0,2.364512935974836,2.364512935974836,0.0,0.0,2.1742820739746094,2.673888921737671,False,False
1ZV8_E_ASN1,41,major_only,A,B,2,60;0,-0.04534159090308094,-0.03936139150915975,-0.006282871327043576,0.0,2.364512935974836,2.364512935974836,0.0,0.0,1.4370310306549072,3.002262830734253,False,False
1ZV8_E_ASN1,41,major_only,A,B,3,60;-180,-0.042644265167555324,-0.03696587966158162,-0.005899771766689354,0.0,2.364512935974836,2.364512935974836,0.0,0.0,1.7517917156219482,3.0627830028533936,False,False
1ZV8_E_ASN1,41,major_only,A,B,4,-180;0,-0.016939136399699194,-0.014247044914547433,-0.0022743586345040476,0.0,2.364512935974836,2.364512935974836,0.0,0.0,3.2146410942077637,1.2617017030715942,False,True
1ZV8_E_ASN1,41,major_only,A,B,5,-180;-180,-0.017689027219241475,-0.014905820553447992,-0.002379133136673401,0.0,2.364512935974836,2.364512935974836,0.0,0.0,3.3278095722198486,1.0317721366882324,False,False
1ZV8_E_ASN1,44,major_only,A,B,0,-60;0,0.2860107828521035,0.25314510430581305,0.047609516879580684,0.047609516879580684,3.2774229624887177,3.0673976895747694,0.21002527291394824,0.06408244383400094,2.2910284996032715,2.910982370376587,False,True
1ZV8_E_ASN1,44,major_only,A,B,1,-60;-180,0.2849054805957943,0.2520972576812194,0.04740239945239898,0.04740239945239898,3.2774229624887177,3.069132811380421,0.20829015110829685,0.0635530273303911,2.1742820739746094,2.673888921737671,False,False
1ZV8_E_ASN1,44,major_only,A,B,2,60;0,-0.14780189153070103,-0.13117569755481273,-0.024651111351780712,0.0,3.2774229624887177,3.2774229624887177,0.0,0.0,1.4370310306549072,3.002262830734253,False,False
1ZV8_E_ASN1,44,major_only,A,B,3,60;-180,-0.14450089597850413,-0.12822614342045105,-0.024093846836723873,0.0,3.2774229624887177,3.2774229624887177,0.0,0.0,1.7517917156219482,3.0627830028533936,False,False
1ZV8_E_ASN1,44,major_only,A,B,4,-180;0,-0.2611203395058012,-0.2315588528060126,-0.04352020602970523,0.0,3.2774229624887177,3.2774229624887177,0.0,0.0,3.2146410942077637,1.2617017030715942,False,False
1ZV8_E_ASN1,44,major_only,A,B,5,-180;-180,-0.260976809690598,-0.23136940930037614,-0.04347746298670882,0.0,3.2774229624887177,3.2774229624887177,0.0,0.0,3.3278095722198486,1.0317721366882324,False,False
1ZV8_E_ASN1,45,minor_only,B,A,0,-60;0,0.28595922975249927,0.2535406364070958,0.043274327928570507,0.043274327928570507,2.699289840765621,2.5257717851919903,0.17351805557363065,0.06428285430971516,2.910982370376587,2.2910284996032715,False,True
1ZV8_E_ASN1,45,minor_only,B,A,1,-60;-180,0.2846449758549245,0.2523080324621889,0.04305482171021976,0.04305482171021976,2.699289840765621,2.52745482227474,0.171835018490881,0.06365934324494107,2.673888921737671,2.1742820739746094,False,False
1ZV8_E_ASN1,45,minor_only,B,A,2,60;0,-0.22245330684470707,-0.1967686750602603,-0.03355811797017037,0.0,2.699289840765621,2.699289840765621,0.0,0.0,3.002262830734253,1.4370310306549072,False,False
1ZV8_E_ASN1,45,minor_only,B,A,3,60;-180,-0.2194253364090144,-0.19404481131878312,-0.033089493017130066,0.0,2.699289840765621,2.699289840765621,0.0,0.0,3.0627830028533936,1.7517917156219482,False,False
1ZV8_E_ASN1,45,minor_only,B,A,4,-180;0,-0.2010009409894609,-0.17790032346219556,-0.03034343933032153,0.0,2.699289840765621,2.699289840765621,0.0,0.0,1.2617017030715942,3.2146410942077637,False,False
1ZV8_E_ASN1,45,minor_only,B,A,5,-180;-180,-0.20088907781706647,-0.1777529366315294,-0.030313323523790257,0.0,2.699289840765621,2.699289840765621,0.0,0.0,1.0317721366882324,3.3278095722198486,False,False
1ZV8_E_ASN1,47,major_only,A,B,0,-60;0,-0.1257048460044884,-0.11088967966283145,-0.01794227130863444,0.0,2.4258089267709524,2.4258089267709524,0.0,0.0,2.2910284996032715,2.910982370376587,False,False
1ZV8_E_ASN1,47,major_only,A,B,1,-60;-180,-0.12495970479547498,-0.1101989059429524,-0.01782672380878827,0.0,2.4258089267709524,2.4258089267709524,0.0,0.0,2.1742820739746094,2.673888921737671,False,False
1ZV8_E_ASN1,47,major_only,A,B,2,60;0,-0.03368125879072903,-0.029233331681662412,-0.004726323933885366,0.0,2.4258089267709524,2.4258089267709524,0.0,0.0,1.4370310306549072,3.002262830734253,False,False
1ZV8_E_ASN1,47,major_only,A,B,3,60;-180,-0.031142073067496456,-0.02698024069876365,-0.004361515632998958,0.0,2.4258089267709524,2.4258089267709524,0.0,0.0,1.7517917156219482,3.0627830028533936,False,False
1ZV8_E_ASN1,47,major_only,A,B,4,-180;0,0.01862806022395509,0.01704897769514201,0.0027567027839434325,0.0027567027839434325,2.4258089267709524,2.4251038226140267,0.0007051041569257066,0.0002906676404494423,3.2146410942077637,1.2617017030715942,False,True
1ZV8_E_ASN1,47,major_only,A,B,5,-180;-180,0.017111906853147316,0.015703382067236194,0.0025387123890799087,0.0025387123890799087,2.4258089267709524,2.4252107314874296,0.0005981952835227844,0.0002465962083497876,3.3278095722198486,1.0317721366882324,False,False
1ZV8_E_ASN1,49,major_only,A,B,0,-60;0,-0.1016051060948349,-0.08889576403735011,-0.014507049294243965,0.0,2.4676300393229726,2.4676300393229726,0.0,0.0,2.2910284996032715,2.910982370376587,False,False
1ZV8_E_ASN1,49,major_only,A,B,1,-60;-180,-0.10207909579705911,-0.08929064474440303,-0.014568402819399829,0.0,2.4676300393229726,2.4676300393229726,0.0,0.0,2.1742820739746094,2.673888921737671,False,False
1ZV8_E_ASN1,49,major_only,A,B,2,60;0,-0.034780264882841506,-0.02957290124659504,-0.004822262330863294,0.0,2.4676300393229726,2.4676300393229726,0.0,0.0,1.4370310306549072,3.002262830734253,False,False
1ZV8_E_ASN1,49,major_only,A,B,3,60;-180,-0.03203547280231002,-0.027137219662640162,-0.004424545779362055,0.0,2.4676300393229726,2.4676300393229726,0.0,0.0,1.7517917156219482,3.0627830028533936,False,True
1ZV8_E_ASN1,49,major_only,A,B,4,-180;0,-0.044805887888795894,-0.038468520199146455,-0.00627348424663767,0.0,2.4676300393229726,2.4676300393229726,0.0,0.0,3.2146410942077637,1.2617017030715942,False,False
1ZV8_E_ASN1,49,major_only,A,B,5,-180;-180,-0.045501866599014576,-0.03907244214493966,-0.006370926447116634,0.0,2.4676300393229726,2.4676300393229726,0.0,0.0,3.3278095722198486,1.0317721366882324,False,False
2V05_A_HIS168,2,minor_only,A,B,0,-60;-170,-0.005010398575147491,0.03190650571609878,0.006318674408038794,0.006318674408038794,2.3359282134355532,2.333550179866099,0.0023780335694540966,0.0010180251070115794,4.689990520477295,3.8688406944274902,False,False
2V05_A_HIS168,2,minor_only,A,B,1,-60;-80,0.007378615616048638,0.04285718040709064,0.008825993035190648,0.008825993035190648,2.3359282134355532,2.3316377255251837,0.004290487910369567,0.0018367379124461004,4.656008720397949,3.9134013652801514,False,False
2V05_A_HIS168,2,minor_only,A,B,2,-60;80,0.029660568069140362,0.06295240645581625,0.012552548514265674,0.012552548514265674,2.3359282134355532,2.3266709171281423,0.0092572963074109,0.003963005478578378,4.871551036834717,3.71327543258667,False,False
2V05_A_HIS168,2,minor_only,A,B,3,-60;170,0.004688444808626628,0.04076643050123586,0.008021897978528264,0.008021897978528264,2.3359282134355532,2.3320461300026007,0.003882083432952488,0.0016619018558121422,4.728437423706055,3.8339014053344727,False,False
2V05_A_HIS168,2,minor_only,A,B,4,60;-170,-0.36034670086641,-0.23181950291633915,-0.034728133274467,0.0,2.3359282134355532,2.3359282134355532,0.0,0.0,2.1705262660980225,1.1721038818359375,False,False
2V05_A_HIS168,2,minor_only,A,B,5,60;-80,-0.25787780785206604,-0.1517748927716083,-0.022743934065938713,0.0,2.3359282134355532,2.3359282134355532,0.0,0.0,2.4604287147521973,0.5560234189033508,False,False
2V05_A_HIS168,2,minor_only,A,B,6,60;80,-0.34376039098960925,-0.21891346400108122,-0.03279696702349583,0.0,2.3359282134355532,2.3359282134355532,0.0,0.0,1.9714877605438232,1.6281830072402954,False,False
2V05_A_HIS168,2,minor_only,A,B,7,60;170,-0.37607118289622904,-0.24415517682396115,-0.036575956771369204,0.0,2.3359282134355532,2.3359282134355532,0.0,0.0,2.08064603805542,1.3366954326629639,False,False
2V05_A_HIS168,2,minor_only,A,B,8,-180;-170,-0.07014203061063252,-0.02166618395706921,-0.003748143184471592,0.0,2.3359282134355532,2.3359282134355532,0.0,0.0,2.9559524059295654,4.386022567749023,False,False
2V05_A_HIS168,2,minor_only,A,B,9,-180;-80,0.049452976468145914,0.08337307081668753,0.014366853078600488,0.014366853078600488,2.3359282134355532,2.3196910153911348,0.016237198044418477,0.00695106893740442,2.8451285362243652,4.46923303604126,False,True
2V05_A_HIS168,2,minor_only,A,B,10,-180;80,-0.03455014017111285,0.009028633683285903,0.0016169024155852176,0.0016169024155852176,2.3359282134355532,2.3357377973829503,0.00019041605260294858,8.151622618697483e-05,2.9022183418273926,4.403231620788574,False,False
2V05_A_HIS168,2,minor_only,A,B,11,-180;170,-0.0817204629520416,-0.032149016494998524,-0.005587422875124812,0.0,2.3359282134355532,2.3359282134355532,0.0,0.0,2.965721368789673,4.374234199523926,False,False
2V05_A_HIS168,16,major_only,B,A,0,-60;-170,0.009831878706189557,0.026786091633943344,0.006232675692772755,0.006232675692772755,3.224752478260909,3.2224387354327497,0.0023137428281594374,0.0007174947050222056,3.8688406944274902,4.689990520477295,False,False
2V05_A_HIS168,16,major_only,B,A,1,-60;-80,0.02591789243302974,0.04120975950908967,0.009971454497693261,0.009971454497693261,3.224752478260909,3.219276060814166,0.005476417446743209,0.0016982442787970536,3.9134013652801514,4.656008720397949,False,False
2V05_A_HIS168,16,major_only,B,A,2,-60;80,0.04906912012637556,0.0620996555048355,0.014548801203785437,0.014548801203785437,3.224752478260909,3.2123166485310612,0.012435829729847914,0.003856367213819303,3.71327543258667,4.871551036834717,False,False
2V05_A_HIS168,16,major_only,B,A,3,-60;170,0.01770006383092821,0.033932023781124566,0.007845175388485875,0.007845175388485875,3.224752478260909,3.221039555535871,0.0037129227250383146,0.0011513822378828506,3.8339014053344727,4.728437423706055,False,False
2V05_A_HIS168,16,major_only,B,A,4,60;-170,-0.3838653699382762,-0.27732778614472253,-0.0488138767833101,0.0,3.224752478260909,3.224752478260909,0.0,0.0,1.1721038818359375,2.1705262660980225,False,False
2V05_A_HIS168,16,major_only,B,A,5,60;-80,-0.27425961617615274,-0.19137971330244744,-0.0336961279917765,0.0,3.224752478260909,3.224752478260909,0.0,0.0,0.5560234189033508,2.4604287147521973,True,False
2V05_A_HIS168,16,major_only,B,A,6,60;80,-0.4080634430470567,-0.2965561666211918,-0.052201936712076284,0.0,3.224752478260909,3.224752478260909,0.0,0.0,1.6281830072402954,1.9714877605438232,False,False
2V05_A_HIS168,16,major_only,B,A,7,60;170,-0.38934231730863833,-0.28161736745627186,-0.049568712572673646,0.0,3.224752478260909,3.224752478260909,0.0,0.0,1.3366954326629639,2.08064603805542,False,False
2V05_A_HIS168,16,major_only,B,A,8,-180;-170,0.056717015932252667,0.06952952907617894,0.014132580940591215,0.014132580940591215,3.224752478260909,3.209162878660253,0.01558959960065609,0.004834355413555174,4.386022567749023,2.9559524059295654,False,False
2V05_A_HIS168,16,major_only,B,A,9,-180;-80,0.1321000749577744,0.13578119134360725,0.027491213717846383,0.027491213717846383,3.224752478260909,3.1652992262526807,0.059453252008228485,0.018436531922689237,4.46923303604126,2.8451285362243652,False,True
2V05_A_HIS168,16,major_only,B,A,10,-180;80,0.07268985155993957,0.08356711370232173,0.01758391703597576,0.01758391703597576,3.224752478260909,3.2022325402812593,0.022519937979649907,0.006983462492536724,4.403231620788574,2.9022183418273926,False,False
2V05_A_HIS168,16,major_only,B,A,11,-180;170,0.04122760099742883,0.055854801166620366,0.011405722647534745,0.011405722647534745,3.224752478260909,3.214692028295942,0.010060449964967244,0.0031197588133625646,4.374234199523926,2.965721368789673,False,False
2V05_A_HIS168,19,minor_only,A,B,0,-60;-170,-0.012656406423060698,0.03613916374358247,0.010105514542804273,0.010105514542804273,4.657219330894173,4.651136820089547,0.0060825108046262955,0.0013060391560855414,4.689990520477295,3.8688406944274902,False,False
2V05_A_HIS168,19,minor_only,A,B,1,-60;-80,0.003766144210376586,0.05061588998709998,0.014718395283770652,0.014718395283770652,4.657219330894173,4.645287682512921,0.01193164838125238,0.002561968319186191,4.656008720397949,3.9134013652801514,False,False
2V05_A_HIS168,19,minor_only,A,B,2,-60;80,0.02643791931047426,0.0710332435506851,0.01999930105099796,0.01999930105099796,4.657219330894173,4.633720298304309,0.0234990325898643,0.005045721689330992,4.871551036834717,3.71327543258667,False,True
2V05_A_HIS168,19,minor_only,A,B,3,-60;170,-0.0019807791382975516,0.04590464463882128,0.012754536394567794,0.012754536394567794,4.657219330894173,4.647405468800047,0.009813862094126158,0.002107236399416457,4.728437423706055,3.8339014053344727,False,False
2V05_A_HIS168,19,minor_only,A,B,4,60;-170,-0.24372715052326233,-0.12391209127530883,-0.02621070820320506,0.0,4.657219330894173,4.657219330894173,0.0,0.0,2.1705262660980225,1.1721038818359375,False,False
2V05_A_HIS168,19,minor_only,A,B,5,60;-80,-0.1231798263577178,-0.029730048596957426,-0.006290640573235381,0.0,4.657219330894173,4.657219330894173,0.0,0.0,2.4604287147521973,0.5560234189033508,False,False
2V05_A_HIS168,19,minor_only,A,B,6,60;80,-0.1999139075168392,-0.08964157412155713,-0.018962879438026638,0.0,4.657219330894173,4.657219330894173,0.0,0.0,1.9714877605438232,1.6281830072402954,False,False
2V05_A_HIS168,19,minor_only,A,B,7,60;170,-0.24884356294388124,-0.1279000958248436,-0.0270541708225457,0.0,4.657219330894173,4.657219330894173,0.0,0.0,2.08064603805542,1.3366954326629639,False,False
2V05_A_HIS168,19,minor_only,A,B,8,-180;-170,-0.28774317122411713,-0.19981445682861934,-0.04880836429014218,0.0,4.657219330894173,4.657219330894173,0.0,0.0,2.9559524059295654,4.386022567749023,False,False
2V05_A_HIS168,19,minor_only,A,B,9,-180;-80,-0.20659245664871825,-0.12834824877616935,-0.03122909506517425,0.0,4.657219330894173,4.657219330894173,0.0,0.0,2.8451285362243652,4.46923303604126,False,False
2V05_A_HIS168,19,minor_only,A,B,10,-180;80,-0.25877178802978507,-0.17574021418464286,-0.04443923027895618,0.0,4.657219330894173,4.657219330894173,0.0,0.0,2.9022183418273926,4.403231620788574,False,False
2V05_A_HIS168,19,minor_only,A,B,11,-180;170,-0.3031928438536671,-0.2140248929579843,-0.05252205838850888,0.0,4.657219330894173,4.657219330894173,0.0,0.0,2.965721368789673,4.374234199523926,False,False
2V05_A_HIS168,23,major_only,B,A,0,-60;-170,0.009942110373241777,0.02835553350667417,0.006826775843630514,0.006826775843630514,3.4524044410483086,3.4496285826229256,0.002775858425382971,0.0008040362804480963,3.8688406944274902,4.689990520477295,False,False
2V05_A_HIS168,23,major_only,B,A,1,-60;-80,0.026290606911362046,0.043006350993331076,0.01076722199976321,0.01076722199976321,3.4524044410483086,3.4460190594445645,0.0063853816037440225,0.0018495462257617555,3.9134013652801514,4.656008720397949,False,False
2V05_A_HIS168,23,major_only,B,A,2,-60;80,0.049046184475808184,0.06353931557237551,0.015402570022749243,0.015402570022749243,3.4524044410483086,3.4384662397808636,0.013938201267444938,0.004037244623405901,3.71327543258667,4.871551036834717,False,False
2V05_A_HIS168,23,major_only,B,A,3,-60;170,0.017873649390444238,0.03556348687841027,0.008507655009642201,0.008507655009642201,3.4524044410483086,3.4480379724872234,0.004366468561085135,0.0012647615989508096,3.8339014053344727,4.728437423706055,False,False
2V05_A_HIS168,23,major_only,B,A,4,60;-170,-0.3841207968715893,-0.27539841342375115,-0.05015612665993429,0.0,3.4524044410483086,3.4524044410483086,0.0,0.0,1.1721038818359375,2.1705262660980225,False,False
2V05_A_HIS168,23,major_only,B,A,5,60;-80,-0.27200050933846814,-0.1874832893789664,-0.034155394413757256,0.0,3.4524044410483086,3.4524044410483086,0.0,0.0,0.5560234189033508,2.4604287147521973,True,False
2V05_A_HIS168,23,major_only,B,A,6,60;80,-0.40117943031743375,-0.2889931953339211,-0.05263564076162236,0.0,3.4524044410483086,3.4524044410483086,0.0,0.0,1.6281830072402954,1.9714877605438232,False,False
2V05_A_HIS168,23,major_only,B,A,7,60;170,-0.38918221714642964,-0.2793594034464818,-0.05087730989627832,0.0,3.4524044410483086,3.4524044410483086,0.0,0.0,1.3366954326629639,2.08064603805542,False,False
2V05_A_HIS168,23,major_only,B,A,8,-180;-170,0.023476947259482756,0.04189752111026695,0.00881156730226348,0.00881156730226348,3.4524044410483086,3.4463440824376326,0.006060358610675998,0.0017554022751852891,4.386022567749023,2.9559524059295654,False,False
2V05_A_HIS168,23,major_only,B,A,9,-180;-80,0.09948768169879865,0.10873433164040415,0.02277894621975815,0.02277894621975815,3.4524044410483086,3.4115861286427664,0.04081831240554212,0.011823154877285412,4.46923303604126,2.8451285362243652,False,True
2V05_A_HIS168,23,major_only,B,A,10,-180;80,0.04206825333211273,0.058133836187519196,0.012656739650905207,0.012656739650905207,3.4524044410483086,3.440736892097535,0.011667548950773377,0.0033795429098772024,4.403231620788574,2.9022183418273926,False,False
2V05_A_HIS168,23,major_only,B,A,11,-180;170,0.008219647678774563,0.028375297246973616,0.0059953612544643735,0.0059953612544643735,3.4524044410483086,3.4496247117407837,0.002779729307524903,0.0008051574938540078,4.374234199523926,2.965721368789673,False,False
2V05_A_HIS168,25,minor_only,A,B,0,-60;-170,-0.01894404074380603,0.02508186720920829,0.0069956694036944714,0.0069956694036944714,4.633453972588736,4.630539066404061,0.002914906184675381,0.0006291000627004841,4.689990520477295,3.8688406944274902,False,False
2V05_A_HIS168,25,minor_only,A,B,1,-60;-80,-0.006716520294591687,0.03583075207669509,0.010392465458149893,0.010392465458149893,4.633453972588736,4.627505346092929,0.0059486264958072965,0.0012838427943816968,4.656008720397949,3.9134013652801514,False,False
2V05_A_HIS168,25,minor_only,A,B,2,-60;80,0.01201701148572092,0.05273271493423294,0.014808885806242887,0.014808885806242887,4.633453972588736,4.620569545383008,0.012884427205728244,0.0027807392243349824,4.871551036834717,3.71327543258667,False,True
2V05_A_HIS168,25,minor_only,A,B,3,-60;170,-0.010820352809170016,0.03255546727797431,0.00902237890453153,0.00902237890453153,4.633453972588736,4.628543167244651,0.004910805344085389,0.0010598584496873066,4.728437423706055,3.8339014053344727,False,False
2V05_A_HIS168,25,minor_only,A,B,4,60;-170,-0.340740076526285,-0.20803710958307994,-0.043892969268840315,0.0,4.633453972588736,4.633453972588736,0.0,0.0,2.1705262660980225,1.1721038818359375,False,False
2V05_A_HIS168,25,minor_only,A,B,5,60;-80,-0.2277453974799584,-0.11979911328847288,-0.025283776174927268,0.0,4.633453972588736,4.633453972588736,0.0,0.0,2.4604287147521973,0.5560234189033508,False,False
2V05_A_HIS168,25,minor_only,A,B,6,60;80,-0.2680235620569482,-0.1510305306072446,-0.03186754727581252,0.0,4.633453972588736,4.633453972588736,0.0,0.0,1.9714877605438232,1.6281830072402954,False,False
2V05_A_HIS168,25,minor_only,A,B,7,60;170,-0.34401807238501625,-0.21058066243593995,-0.04442944891363994,0.0,4.633453972588736,4.633453972588736,0.0,0.0,2.08064603805542,1.3366954326629639,False,False
2V05_A_HIS168,25,minor_only,A,B,8,-180;-170,-0.22447463378975738,-0.15061872601017467,-0.03669740859300557,0.0,4.633453972588736,4.633453972588736,0.0,0.0,2.9559524059295654,4.386022567749023,False,False
2V05_A_HIS168,25,minor_only,A,B,9,-180;-80,-0.12809377661073032,-0.06582537443165169,-0.015975404794661592,0.0,4.633453972588736,4.633453972588736,0.0,0.0,2.8451285362243652,4.46923303604126,False,False
2V05_A_HIS168,25,minor_only,A,B,10,-180;80,-0.18703989363300738,-0.11883408130900966,-0.029972672655844596,0.0,4.633453972588736,4.633453972588736,0.0,0.0,2.9022183418273926,4.403231620788574,False,False
2V05_A_HIS168,25,minor_only,A,B,11,-180;170,-0.23954838122343922,-0.1643997646546401,-0.04024090340459375,0.0,4.633453972588736,4.633453972588736,0.0,0.0,2.965721368789673,4.374234199523926,False,False
2V05_A_HIS168,26,minor_only,A,B,0,-60;-170,0.07623742267881772,0.05017953630218202,0.008070641512034193,0.008070641512034193,1.5407382078869012,1.5368586508600846,0.003879557026816638,0.00251798586350201,4.689990520477295,3.8688406944274902,False,False
2V05_A_HIS168,26,minor_only,A,B,1,-60;-80,0.08983572631321314,0.06261432380141858,0.010472451559228768,0.010472451559228768,1.5407382078869012,1.5346976612438856,0.006040546643015565,0.003920553545108797,4.656008720397949,3.9134013652801514,False,False
2V05_A_HIS168,26,minor_only,A,B,2,-60;80,0.10349736981183484,0.07485573108818826,0.012122140370736112,0.012122140370736112,1.5407382078869012,1.5321048654930494,0.008633342393851828,0.005603380476747134,4.871551036834717,3.71327543258667,False,False
2V05_A_HIS168,26,minor_only,A,B,3,-60;170,0.08060105908894408,0.053961671234401175,0.008623717471775007,0.008623717471775007,1.5407382078869012,1.5362517909053244,0.004486416981576813,0.002911861962409477,4.728437423706055,3.8339014053344727,False,False
2V05_A_HIS168,26,minor_only,A,B,4,60;-170,-0.5108653274682861,-0.4290941375275401,-0.05220579702358472,0.0,1.5407382078869012,1.5407382078869012,0.0,0.0,2.1705262660980225,1.1721038818359375,False,False
2V05_A_HIS168,26,minor_only,A,B,5,60;-80,-0.44217042449185967,-0.3755051663090203,-0.04570000522107692,0.0,1.5407382078869012,1.5407382078869012,0.0,0.0,2.4604287147521973,0.5560234189033508,False,False
2V05_A_HIS168,26,minor_only,A,B,6,60;80,-0.5542896578753594,-0.46349610619067844,-0.05639517910141205,0.0,1.5407382078869012,1.5407382078869012,0.0,0.0,1.9714877605438232,1.6281830072402954,False,False
2V05_A_HIS168,26,minor_only,A,B,7,60;170,-0.5331344862321734,-0.4466242676170307,-0.05433838863714235,0.0,1.5407382078869012,1.5407382078869012,0.0,0.0,2.08064603805542,1.3366954326629639,False,False
2V05_A_HIS168,26,minor_only,A,B,8,-180;-170,0.20917249398731894,0.16375777944012584,0.023007549646985044,0.023007549646985044,1.5407382078869012,1.49942083174983,0.04131737613707109,0.026816610327160796,2.9559524059295654,4.386022567749023,False,False
2V05_A_HIS168,26,minor_only,A,B,9,-180;-80,0.29898231018590044,0.24234115718506352,0.03391545987251064,0.03391545987251064,1.5407382078869012,1.4502518293440252,0.090486378542876,0.05872923646579563,2.8451285362243652,4.46923303604126,False,True
2V05_A_HIS168,26,minor_only,A,B,10,-180;80,0.24321204582049236,0.19459317791709538,0.0283024523460734,0.0283024523460734,1.5407382078869012,1.482395837000854,0.0583423708860471,0.037866504891874375,2.9022183418273926,4.403231620788574,False,False
2V05_A_HIS168,26,minor_only,A,B,11,-180;170,0.21228332683211415,0.16689211813560736,0.023556694882862907,0.023556694882862907,1.5407382078869012,1.4978240587905431,0.042914149096358045,0.027852979095789505,2.965721368789673,4.374234199523926,False,False
2V05_A_HIS168,31,major_only,B,A,0,-60;-170,0.08666503905569994,0.05296523166255006,0.012970572137865337,0.012970572137865337,3.5719267222427735,3.5619063398971997,0.010020382345573786,0.0028053157650675706,3.8688406944274902,4.689990520477295,False,False
2V05_A_HIS168,31,major_only,B,A,1,-60;-80,0.10315231896316024,0.0680376616720035,0.01732650183147897,0.01732650183147897,3.5719267222427735,3.5553918326490583,0.016534889593715185,0.0046291234057940335,3.9134013652801514,4.656008720397949,False,False
2V05_A_HIS168,31,major_only,B,A,2,-60;80,0.11895851574482183,0.0821831984491872,0.020263951432202405,0.020263951432202405,3.5719267222427735,3.547801650167056,0.02412507207571757,0.00675407810733858,3.71327543258667,4.871551036834717,False,False
2V05_A_HIS168,31,major_only,B,A,3,-60;170,0.08974789681402,0.05555648761121927,0.013518569972854808,0.013518569972854808,3.5719267222427735,3.5609018871326152,0.011024835110158282,0.0030865233156955442,3.8339014053344727,4.728437423706055,False,False
2V05_A_HIS168,31,major_only,B,A,4,60;-170,-0.47919244472886785,-0.4131087091984416,-0.07652746801239044,0.0,3.5719267222427735,3.5719267222427735,0.0,0.0,1.1721038818359375,2.1705262660980225,False,False
2V05_A_HIS168,31,major_only,B,A,5,60;-80,-0.39122596542453825,-0.3442666538919528,-0.06379433809379334,0.0,3.5719267222427735,3.5719267222427735,0.0,0.0,0.5560234189033508,2.4604287147521973,True,False
2V05_A_HIS168,31,major_only,B,A,6,60;80,-0.5399930345183436,-0.46116735407730985,-0.08543607542597362,0.0,3.5719267222427735,3.5719267222427735,0.0,0.0,1.6281830072402954,1.9714877605438232,False,False
2V05_A_HIS168,31,major_only,B,A,7,60;170,-0.4911021391759225,-0.4224658886130152,-0.07826055634582067,0.0,3.5719267222427735,3.5719267222427735,0.0,0.0,1.3366954326629639,2.08064603805542,False,False
2V05_A_HIS168,31,major_only,B,A,8,-180;-170,0.23254255431459225,0.17699055180000164,0.03786215722446611,0.03786215722446611,3.5719267222427735,3.460033776533199,0.11189294570957431,0.0313256554264691,4.386022567749023,2.9559524059295654,False,False
2V05_A_HIS168,31,major_only,B,A,9,-180;-80,0.2734623468125652,0.21253900383799662,0.04528934270828095,0.04528934270828095,3.5719267222427735,3.410572690245764,0.1613540319970097,0.04517282815244801,4.46923303604126,2.8451285362243652,False,True
2V05_A_HIS168,31,major_only,B,A,10,-180;80,0.24190115568027676,0.1861837355132975,0.04123111134036862,0.04123111134036862,3.5719267222427735,3.4481080849745256,0.12381863726824793,0.03466438336968558,4.403231620788574,2.9022183418273926,False,False
2V05_A_HIS168,31,major_only,B,A,11,-180;170,0.22834065415292,0.1737553204985976,0.03734250829705347,0.03734250829705347,3.5719267222427735,3.4640869990386403,0.10783972320413326,0.03019091140157038,4.374234199523926,2.965721368789673,False,False
2V05_A_HIS168,36,minor_only,A,B,0,-60;-170,0.07714445872742545,0.05073728243183121,0.008169769859698976,0.008169769859698976,1.5442985643566955,1.540323120067575,0.0039754442891204445,0.00257427182856735,4.689990520477295,3.8688406944274902,False,False
2V05_A_HIS168,36,minor_only,A,B,1,-60;-80,0.09068646830581019,0.06312326112847409,0.010569764245570165,0.010569764245570165,1.5442985643566955,1.538145235541812,0.0061533288148836185,0.0039845460954934546,4.656008720397949,3.9134013652801514,False,False
2V05_A_HIS168,36,minor_only,A,B,2,-60;80,0.10425499113521697,0.07527960318950831,0.012204859413109836,0.012204859413109836,1.5442985643566955,1.5355469955814811,0.008751568775214436,0.0056670186563697635,4.871551036834717,3.71327543258667,False,False
2V05_A_HIS168,36,minor_only,A,B,3,-60;170,0.08155610629237078,0.0545606449801313,0.008729509288078986,0.008729509288078986,1.5442985643566955,1.5397013975850957,0.0045971667715998255,0.002976863980647975,4.728437423706055,3.8339014053344727,False,False
2V05_A_HIS168,36,minor_only,A,B,4,60;-170,-0.5103877022337159,-0.4290720236349952,-0.052263387514122135,0.0,1.5442985643566955,1.5442985643566955,0.0,0.0,2.1705262660980225,1.1721038818359375,False,False
2V05_A_HIS168,36,minor_only,A,B,5,60;-80,-0.4415855446472478,-0.375397786360767,-0.04573969329065214,0.0,1.5442985643566955,1.5442985643566955,0.0,0.0,2.4604287147521973,0.5560234189033508,False,False
2V05_A_HIS168,36,minor_only,A,B,6,60;80,-0.5539321819751719,-0.4635675158200271,-0.05646899952324272,0.0,1.5442985643566955,1.5442985643566955,0.0,0.0,1.9714877605438232,1.6281830072402954,False,False
2V05_A_HIS168,36,minor_only,A,B,7,60;170,-0.5326238536917679,-0.44657576127707377,-0.05439522698972327,0.0,1.5442985643566955,1.5442985643566955,0.0,0.0,2.08064603805542,1.3366954326629639,False,False
2V05_A_HIS168,36,minor_only,A,B,8,-180;-170,0.20945548373910294,0.1637201770108072,0.023028828223673543,0.023028828223673543,1.5442985643566955,1.5029047279686611,0.0413938363880344,0.026804296360450043,2.9559524059295654,4.386022567749023,False,False
2V05_A_HIS168,36,minor_only,A,B,9,-180;-80,0.29922995024100285,0.24226896429745112,0.03394450838173552,0.03394450838173552,1.5442985643566955,1.453657116706029,0.0906414476506665,0.058694251061759406,2.8451285362243652,4.46923303604126,False,True
2V05_A_HIS168,36,minor_only,A,B,10,-180;80,0.24348960406582576,0.19455385732629296,0.028329408744524182,0.028329408744524182,1.5442985643566955,1.4858450052860692,0.058453559070626326,0.037851203400539435,2.9022183418273926,4.403231620788574,False,False
2V05_A_HIS168,36,minor_only,A,B,11,-180;170,0.21257666095083932,0.16686544841966658,0.02358012796801935,0.02358012796801935,1.5442985643566955,1.5012989948664952,0.04299956949020034,0.02784407787629626,2.965721368789673,4.374234199523926,False,False
2V05_A_HIS168,45,minor_only,A,B,0,-60;-170,0.0030842095264443786,0.03511196169513397,0.0069067294647013975,0.0069067294647013975,2.304627439323147,2.3017861797208674,0.0028412596022797665,0.0012328498540806337,4.689990520477295,3.8688406944274902,False,False
2V05_A_HIS168,45,minor_only,A,B,1,-60;-80,0.015588411754485353,0.04620382735674663,0.00945123486759733,0.00945123486759733,2.304627439323147,2.299707535271459,0.004919904051688295,0.002134793662412193,4.656008720397949,3.9134013652801514,False,False
2V05_A_HIS168,45,minor_only,A,B,2,-60;80,0.03678116061547213,0.06532327482279421,0.012937731659174102,0.012937731659174102,2.304627439323147,2.2947932938996867,0.009834145423460505,0.004267130233574206,4.871551036834717,3.71327543258667,False,False
2V05_A_HIS168,45,minor_only,A,B,3,-60;170,0.01205422024779565,0.04329984795301772,0.00846313829028947,0.00846313829028947,2.304627439323147,2.30030654672903,0.004320892594117165,0.0018748768327544432,4.728437423706055,3.8339014053344727,False,False
2V05_A_HIS168,45,minor_only,A,B,4,60;-170,-0.3727316951329363,-0.24754816983962588,-0.036835096101544236,0.0,2.304627439323147,2.304627439323147,0.0,0.0,2.1705262660980225,1.1721038818359375,False,False
2V05_A_HIS168,45,minor_only,A,B,5,60;-80,-0.27170594191575553,-0.16858188457186474,-0.0250926873591338,0.0,2.304627439323147,2.304627439323147,0.0,0.0,2.4604287147521973,0.5560234189033508,False,False
2V05_A_HIS168,45,minor_only,A,B,6,60;80,-0.36046017549540543,-0.23803029182354932,-0.03542126419358446,0.0,2.304627439323147,2.304627439323147,0.0,0.0,1.9714877605438232,1.6281830072402954,False,False
2V05_A_HIS168,45,minor_only,A,B,7,60;170,-0.38854384268841097,-0.25996209291238903,-0.03868213187803981,0.0,2.304627439323147,2.304627439323147,0.0,0.0,2.08064603805542,1.3366954326629639,False,False
2V05_A_HIS168,45,minor_only,A,B,8,-180;-170,-0.058892827161977704,-0.016290096168314082,-0.0027991618680771047,0.0,2.304627439323147,2.304627439323147,0.0,0.0,2.9559524059295654,4.386022567749023,False,False
2V05_A_HIS168,45,minor_only,A,B,9,-180;-80,0.05886454836517317,0.08718502319987087,0.014922732644959476,0.014922732644959476,2.304627439323147,2.287109440078712,0.01751799924443498,0.007601228270361951,2.8451285362243652,4.46923303604126,False,True
2V05_A_HIS168,45,minor_only,A,B,10,-180;80,-0.02327101555642644,0.014534095568292908,0.002585356317729319,0.002585356317729319,2.304627439323147,2.304140609974997,0.0004868293481501418,0.00021123993398825458,2.9022183418273926,4.403231620788574,False,False
2V05_A_HIS168,45,minor_only,A,B,11,-180;170,-0.06937282687556919,-0.02577555685740628,-0.004449615913297304,0.0,2.304627439323147,2.304627439323147,0.0,0.0,2.965721368789673,4.374234199523926,False,False
2V05_A_HIS168,47,major_only,B,A,0,-60;-170,-0.009329409039048678,0.03827460391629818,0.01144223425614872,0.01144223425614872,5.323120355364276,5.3153222751920035,0.00779808017227257,0.0014649453049496051,3.8688406944274902,4.689990520477295,False,False
2V05_A_HIS168,47,major_only,B,A,1,-60;-80,0.005966184060652833,0.051751144708566184,0.016088418045266905,0.016088418045266905,5.323120355364276,5.30886407568149,0.014256279682785866,0.002678180978647113,3.9134013652801514,4.656008720397949,False,False
2V05_A_HIS168,47,major_only,B,A,2,-60;80,0.030397111563647473,0.07374799747963376,0.022198478117546383,0.022198478117546383,5.323120355364276,5.294169143334477,0.028951212029799223,0.00543876713225621,3.71327543258667,4.871551036834717,False,True
2V05_A_HIS168,47,major_only,B,A,3,-60;170,0.0013674792995742502,0.04805475015551953,0.014274607263726723,0.014274607263726723,5.323120355364276,5.310827891708978,0.01229246365529768,0.0023092590125094914,3.8339014053344727,4.728437423706055,False,False
2V05_A_HIS168,47,major_only,B,A,4,60;-170,-0.24597915850990587,-0.12691656919129363,-0.02870140716659031,0.0,5.323120355364276,5.323120355364276,0.0,0.0,1.1721038818359375,2.1705262660980225,False,False
2V05_A_HIS168,47,major_only,B,A,5,60;-80,-0.12414447929520014,-0.031701650562103695,-0.0071713500889217146,0.0,5.323120355364276,5.323120355364276,0.0,0.0,0.5560234189033508,2.4604287147521973,True,False
2V05_A_HIS168,47,major_only,B,A,6,60;80,-0.23031404562707264,-0.11473736538576028,-0.02594893153203375,0.0,5.323120355364276,5.323120355364276,0.0,0.0,1.6281830072402954,1.9714877605438232,False,False
2V05_A_HIS168,47,major_only,B,A,7,60;170,-0.25403560937531994,-0.1332125278632936,-0.030125081099689185,0.0,5.323120355364276,5.323120355364276,0.0,0.0,1.3366954326629639,2.08064603805542,False,False
2V05_A_HIS168,47,major_only,B,A,8,-180;-170,-0.20349647420444086,-0.12705050608719712,-0.03317901914910628,0.0,5.323120355364276,5.323120355364276,0.0,0.0,4.386022567749023,2.9559524059295654,False,False
2V05_A_HIS168,47,major_only,B,A,9,-180;-80,-0.1124670546261587,-0.047029103573517105,-0.012233647149132214,0.0,5.323120355364276,5.323120355364276,0.0,0.0,4.46923303604126,2.8451285362243652,False,False
2V05_A_HIS168,47,major_only,B,A,10,-180;80,-0.18133423658020548,-0.10870795021740916,-0.029388436424824856,0.0,5.323120355364276,5.323120355364276,0.0,0.0,4.403231620788574,2.9022183418273926,False,False
2V05_A_HIS168,47,major_only,B,A,11,-180;170,-0.2181994081813323,-0.14049002770627694,-0.036858931801723914,0.0,5.323120355364276,5.323120355364276,0.0,0.0,4.374234199523926,2.965721368789673,False,False
2VFP_A_TYR417,1,major_only,A,B,0,-60;-90,-0.0979856950686257,-0.08223889907513889,-0.023172805482924386,0.0,120.23412023323925,120.23412023323925,0.0,0.0,0.5577461123466492,0.37841054797172546,True,False
2VFP_A_TYR417,1,major_only,A,B,1,-60;90,-0.0600325140118007,-0.04567181299764123,-0.012526782061432163,0.0,120.23412023323925,120.23412023323925,0.0,0.0,0.5389745235443115,0.37680375576019287,True,False
2VFP_A_TYR417,1,major_only,A,B,2,60;-90,-0.007156817529404713,-0.0002314696066229163,-0.00010068591522990936,0.0,120.23412023323925,120.23412023323925,0.0,0.0,5.550609111785889,5.359290599822998,False,True
2VFP_A_TYR417,1,major_only,A,B,3,60;90,-0.00741369170983233,-0.00023180835635322128,-0.0001080633717265578,0.0,120.23412023323925,120.23412023323925,0.0,0.0,5.5365447998046875,5.344397068023682,False,False
2VFP_A_TYR417,1,major_only,A,B,4,-180;-90,-0.025481576711831978,-0.01769644967605639,-0.008100529311829493,0.0,120.23412023323925,120.23412023323925,0.0,0.0,5.062039375305176,5.288722991943359,False,False
2VFP_A_TYR417,1,major_only,A,B,5,-180;90,-0.024759756129285278,-0.017412114259520946,-0.0074350903189174325,0.0,120.23412023323925,120.23412023323925,0.0,0.0,5.065920352935791,5.291261196136475,False,False
2VFP_A_TYR417,2,major_only,A,B,0,-60;-90,-0.15799623205953853,-0.14288768069755534,-0.03294695883135377,0.0,80.51302905343795,80.51302905343795,0.0,0.0,0.5577461123466492,0.37841054797172546,True,False
2VFP_A_TYR417,2,major_only,A,B,1,-60;90,-0.18992964194544235,-0.17449590228736345,-0.03916478265181444,0.0,80.51302905343795,80.51302905343795,0.0,0.0,0.5389745235443115,0.37680375576019287,True,False
2VFP_A_TYR417,2,major_only,A,B,2,60;-90,-0.011953273432800464,-0.006102413007376434,-0.0021721787643319565,0.0,80.51302905343795,80.51302905343795,0.0,0.0,5.550609111785889,5.359290599822998,False,False
2VFP_A_TYR417,2,major_only,A,B,3,60;90,-0.01296710241548134,-0.006891672723805571,-0.002629016365717823,0.0,80.51302905343795,80.51302905343795,0.0,0.0,5.5365447998046875,5.344397068023682,False,False
2VFP_A_TYR417,2,major_only,A,B,4,-180;-90,-0.009073976234936169,-0.002669740761792144,-0.00100003583533996,0.0,80.51302905343795,80.51302905343795,0.0,0.0,5.062039375305176,5.288722991943359,False,False
2VFP_A_TYR417,2,major_only,A,B,5,-180;90,-0.009044131292992613,-0.0029913228299624254,-0.0010452429421638134,0.0,80.51302905343795,80.51302905343795,0.0,0.0,5.065920352935791,5.291261196136475,False,True
2VFP_A_TYR417,3,major_only,A,B,0,-60;-90,-0.24165351259036624,-0.22731148727307177,-0.049042791436470876,0.0,70.4908373455421,70.4908373455421,0.0,0.0,0.5577461123466492,0.37841054797172546,True,False
2VFP_A_TYR417,3,major_only,A,B,1,-60;90,-0.25218781559044046,-0.2380820127070048,-0.05000003692151183,0.0,70.4908373455421,70.4908373455421,0.0,0.0,0.5389745235443115,0.37680375576019287,True,False
2VFP_A_TYR417,3,major_only,A,B,2,60;-90,-0.00470540769617738,-0.0003633019664647289,-0.00012100267376957891,0.0,70.4908373455421,70.4908373455421,0.0,0.0,5.550609111785889,5.359290599822998,False,True
2VFP_A_TYR417,3,major_only,A,B,3,60;90,-0.004787293328606168,-0.00028490331490021244,-0.00010169495267340291,0.0,70.4908373455421,70.4908373455421,0.0,0.0,5.5365447998046875,5.344397068023682,False,False
2VFP_A_TYR417,3,major_only,A,B,4,-180;-90,-0.00782234618471112,-0.003025236598619843,-0.0010603251630359012,0.0,70.4908373455421,70.4908373455421,0.0,0.0,5.062039375305176,5.288722991943359,False,False
2VFP_A_TYR417,3,major_only,A,B,5,-180;90,-0.007727776956483397,-0.003195043189308888,-0.0010446334859026784,0.0,70.4908373455421,70.4908373455421,0.0,0.0,5.065920352935791,5.291261196136475,False,False
2VFP_A_TYR417,4,major_only,A,B,0,-60;-90,-0.15247037229725793,-0.13490400821095944,-0.02935222083300042,0.0,71.68978846836005,71.68978846836005,0.0,0.0,0.5577461123466492,0.37841054797172546,True,False
2VFP_A_TYR417,4,major_only,A,B,1,-60;90,-0.17536612101696814,-0.15773581208133017,-0.033406914106640984,0.0,71.68978846836005,71.68978846836005,0.0,0.0,0.5389745235443115,0.37680375576019287,True,False
2VFP_A_TYR417,4,major_only,A,B,2,60;-90,-0.03167012552347475,-0.024340209333365753,-0.008175490948309253,0.0,71.68978846836005,71.68978846836005,0.0,0.0,5.550609111785889,5.359290599822998,False,False
2VFP_A_TYR417,4,major_only,A,B,3,60;90,-0.03475349170006391,-0.02712253673375638,-0.009763252402529761,0.0,71.68978846836005,71.68978846836005,0.0,0.0,5.5365447998046875,5.344397068023682,False,False
2VFP_A_TYR417,4,major_only,A,B,4,-180;-90,-0.010163582259502172,-0.0023105857841902657,-0.0008167029681721704,0.0,71.68978846836005,71.68978846836005,0.0,0.0,5.062039375305176,5.288722991943359,False,False
2VFP_A_TYR417,4,major_only,A,B,5,-180;90,-0.01007994001283258,-0.0026576312983605417,-0.0008762827336653102,0.0,71.68978846836005,71.68978846836005,0.0,0.0,5.065920352935791,5.291261196136475,False,True
2VFP_A_TYR417,5,major_only,A,B,0,-60;-90,-0.12484969536017512,-0.10962780413298777,-0.028997066118753627,0.0,105.94775551835986,105.94775551835986,0.0,0.0,0.5577461123466492,0.37841054797172546,True,False
2VFP_A_TYR417,5,major_only,A,B,1,-60;90,-0.06879757654386028,-0.05540026781489244,-0.01426379700294819,0.0,105.94775551835986,105.94775551835986,0.0,0.0,0.5389745235443115,0.37680375576019287,True,False
2VFP_A_TYR417,5,major_only,A,B,2,60;-90,-0.006588102356968187,-0.0002897382011443368,-0.00011830756706108519,0.0,105.94775551835986,105.94775551835986,0.0,0.0,5.550609111785889,5.359290599822998,False,True
2VFP_A_TYR417,5,major_only,A,B,3,60;90,-0.006849326009988795,-0.000317398199784557,-0.00013889477257211208,0.0,105.94775551835986,105.94775551835986,0.0,0.0,5.5365447998046875,5.344397068023682,False,False
2VFP_A_TYR417,5,major_only,A,B,4,-180;-90,-0.028562596190744752,-0.02143726856309217,-0.009211465218292659,0.0,105.94775551835986,105.94775551835986,0.0,0.0,5.062039375305176,5.288722991943359,False,False
2VFP_A_TYR417,5,major_only,A,B,5,-180;90,-0.027281441993594564,-0.020563751777160917,-0.008242692690008642,0.0,105.94775551835986,105.94775551835986,0.0,0.0,5.065920352935791,5.291261196136475,False,False
2VFP_A_TYR417,6,major_only,A,B,0,-60;-90,-0.14943813015147858,-0.1345952102789419,-0.031457113718732325,0.0,82.71868228830976,82.71868228830976,0.0,0.0,0.5577461123466492,0.37841054797172546,True,False
2VFP_A_TYR417,6,major_only,A,B,1,-60;90,-0.19963939061814626,-0.18401329749591291,-0.04186281385771302,0.0,82.71868228830976,82.71868228830976,0.0,0.0,0.5389745235443115,0.37680375576019287,True,False
2VFP_A_TYR417,6,major_only,A,B,2,60;-90,-0.0064542628839132435,-0.0006696752872551028,-0.00024161670641695051,0.0,82.71868228830976,82.71868228830976,0.0,0.0,5.550609111785889,5.359290599822998,False,True
2VFP_A_TYR417,6,major_only,A,B,3,60;90,-0.0065426084976484625,-0.0005446901930464742,-0.00021061384715729292,0.0,82.71868228830976,82.71868228830976,0.0,0.0,5.5365447998046875,5.344397068023682,False,False
2VFP_A_TYR417,6,major_only,A,B,4,-180;-90,-0.008999473686425797,-0.002621440857933696,-0.000995302867502277,0.0,82.71868228830976,82.71868228830976,0.0,0.0,5.062039375305176,5.288722991943359,False,False
2VFP_A_TYR417,6,major_only,A,B,5,-180;90,-0.009047191265589467,-0.0030184943984528675,-0.0010690870113311932,0.0,82.71868228830976,82.71868228830976,0.0,0.0,5.065920352935791,5.291261196136475,False,False
2VFP_A_TYR417,9,major_only,A,B,0,-60;-90,-0.049262466329070734,-0.03405342642982709,-0.009451405091451879,0.0,116.65307597410609,116.65307597410609,0.0,0.0,0.5577461123466492,0.37841054797172546,True,False
2VFP_A_TYR417,9,major_only,A,B,1,-60;90,-0.012254348625243357,0.001624928298545378,0.00043899513215369854,0.00043899513215369854,116.65307597410609,116.65276796426036,0.00030800984572465495,2.640391975544863e-06,0.5389745235443115,0.37680375576019287,True,True
2VFP_A_TYR417,9,major_only,A,B,2,60;-90,-0.009052853291503736,-0.0017303239615586428,-0.0007413723813283473,0.0,116.65307597410609,116.65307597410609,0.0,0.0,5.550609111785889,5.359290599822998,False,False
2VFP_A_TYR417,9,major_only,A,B,3,60;90,-0.009155832765408599,-0.0015633209517054334,-0.0007178468637416643,0.0,116.65307597410609,116.65307597410609,0.0,0.0,5.5365447998046875,5.344397068023682,False,False
2VFP_A_TYR417,9,major_only,A,B,4,-180;-90,-0.022123863023361452,-0.013950209025229358,-0.006289877682825864,0.0,116.65307597410609,116.65307597410609,0.0,0.0,5.062039375305176,5.288722991943359,False,False
2VFP_A_TYR417,9,major_only,A,B,5,-180;90,-0.021026481540213554,-0.01331369051420332,-0.0055997344183433264,0.0,116.65307597410609,116.65307597410609,0.0,0.0,5.065920352935791,5.291261196136475,False,False
2VFP_A_TYR417,10,major_only,A,B,0,-60;-90,-0.06551943576155092,-0.04818056744267149,-0.013470401827658728,0.0,118.37019266649422,118.37019266649422,0.0,0.0,0.5577461123466492,0.37841054797172546,True,False
2VFP_A_TYR417,10,major_only,A,B,1,-60;90,-0.028231377020607,-0.01230777560236794,-0.0033494858829159874,0.0,118.37019266649422,118.37019266649422,0.0,0.0,0.5389745235443115,0.37680375576019287,True,False
2VFP_A_TYR417,10,major_only,A,B,2,60;-90,-0.009534802988443065,-0.0013343916489428707,-0.0005759242642743431,0.0,118.37019266649422,118.37019266649422,0.0,0.0,5.550609111785889,5.359290599822998,False,True
2VFP_A_TYR417,10,major_only,A,B,3,60;90,-0.009676572300438533,-0.0011737852789170283,-0.0005429319472115792,0.0,118.37019266649422,118.37019266649422,0.0,0.0,5.5365447998046875,5.344397068023682,False,False
2VFP_A_TYR417,10,major_only,A,B,4,-180;-90,-0.010818751188227045,-0.0017977225900873077,-0.0008165019767337923,0.0,118.37019266649422,118.37019266649422,0.0,0.0,5.062039375305176,5.288722991943359,False,False
2VFP_A_TYR417,10,major_only,A,B,5,-180;90,-0.010813780499258132,-0.0022860601185111422,-0.0009685670703661607,0.0,118.37019266649422,118.37019266649422,0.0,0.0,5.065920352935791,5.291261196136475,False,False
2VFP_A_TYR417,12,major_only,A,B,0,-60;-90,-0.0402033575922171,-0.025771705611104822,-0.006118896339458407,0.0,85.36600185379447,85.36600185379447,0.0,0.0,0.5577461123466492,0.37841054797172546,True,False
2VFP_A_TYR417,12,major_only,A,B,1,-60;90,-0.09960655691220026,-0.08405967802551566,-0.019427083101572772,0.0,85.36600185379447,85.36600185379447,0.0,0.0,0.5389745235443115,0.37680375576019287,True,False
2VFP_A_TYR417,12,major_only,A,B,2,60;-90,-0.007428278990146565,-0.0003980905790405885,-0.00014591006614600205,0.0,85.36600185379447,85.36600185379447,0.0,0.0,5.550609111785889,5.359290599822998,False,True
2VFP_A_TYR417,12,major_only,A,B,3,60;90,-0.007819455041580995,-0.0005276572771019356,-0.00020726690588886352,0.0,85.36600185379447,85.36600185379447,0.0,0.0,5.5365447998046875,5.344397068023682,False,False
2VFP_A_TYR417,12,major_only,A,B,4,-180;-90,-0.03632332225749008,-0.02831877848591242,-0.010922709281238582,0.0,85.36600185379447,85.36600185379447,0.0,0.0,5.062039375305176,5.288722991943359,False,False
2VFP_A_TYR417,12,major_only,A,B,5,-180;90,-0.03467528470386008,-0.02713172986078229,-0.009762045562667786,0.0,85.36600185379447,85.36600185379447,0.0,0.0,5.065920352935791,5.291261196136475,False,False
2VFP_A_TYR417,14,major_only,A,B,0,-60;-90,-0.273914074456423,-0.2657042151734804,-0.08325421976530559,0.0,148.67594076159486,148.67594076159486,0.0,0.0,0.5577461123466492,0.37841054797172546,True,False
2VFP_A_TYR417,14,major_only,A,B,1,-60;90,-0.23069761566009894,-0.22385577163261167,-0.0682756822823537,0.0,148.67594076159486,148.67594076159486,0.0,0.0,0.5389745235443115,0.37680375576019287,True,False
2VFP_A_TYR417,14,major_only,A,B,2,60;-90,-0.004324886482465484,-0.003509535505177514,-0.0016975824300070504,0.0,148.67594076159486,148.67594076159486,0.0,0.0,5.550609111785889,5.359290599822998,False,False
2VFP_A_TYR417,14,major_only,A,B,3,60;90,-0.004494418361925379,-0.00364700669684569,-0.0018905687276050724,0.0,148.67594076159486,148.67594076159486,0.0,0.0,5.5365447998046875,5.344397068023682,False,False
2VFP_A_TYR417,14,major_only,A,B,4,-180;-90,-0.0011023137113321865,-0.00022968757302167634,-0.0001169152691835576,0.0,148.67594076159486,148.67594076159486,0.0,0.0,5.062039375305176,5.288722991943359,False,True
2VFP_A_TYR417,14,major_only,A,B,5,-180;90,-0.0011564130135142555,-0.00033128234908595303,-0.00015730391077110355,0.0,148.67594076159486,148.67594076159486,0.0,0.0,5.065920352935791,5.291261196136475,False,False
2VFP_A_TYR417,15,major_only,A,B,0,-60;-90,-0.2615800513309102,-0.25369334811965905,-0.07828140382909038,0.0,144.1863419630337,144.1863419630337,0.0,0.0,0.5577461123466492,0.37841054797172546,True,False
2VFP_A_TYR417,15,major_only,A,B,1,-60;90,-0.2218458093004528,-0.2152308859776144,-0.0646463576057529,0.0,144.1863419630337,144.1863419630337,0.0,0.0,0.5389745235443115,0.37680375576019287,True,False
2VFP_A_TYR417,15,major_only,A,B,2,60;-90,-0.0008603877822000997,-7.898978814819277e-05,-3.762650625737514e-05,0.0,144.1863419630337,144.1863419630337,0.0,0.0,5.550609111785889,5.359290599822998,False,True
2VFP_A_TYR417,15,major_only,A,B,3,60;90,-0.0009523523846321949,-0.00014154812932747318,-7.226063231602028e-05,0.0,144.1863419630337,144.1863419630337,0.0,0.0,5.5365447998046875,5.344397068023682,False,False
2VFP_A_TYR417,15,major_only,A,B,4,-180;-90,-0.0012389942187633679,-0.00037747818467398416,-0.00018922011722512022,0.0,144.1863419630337,144.1863419630337,0.0,0.0,5.062039375305176,5.288722991943359,False,False
2VFP_A_TYR417,15,major_only,A,B,5,-180;90,-0.001308584592384921,-0.000493906068458851,-0.00023095496305156955,0.0,144.1863419630337,144.1863419630337,0.0,0.0,5.065920352935791,5.291261196136475,False,False
2VFP_A_TYR417,16,major_only,A,B,0,-60;-90,-0.17452943850571737,-0.1632001258521143,-0.03823425934943878,0.0,83.11692319188867,83.11692319188867,0.0,0.0,0.5577461123466492,0.37841054797172546,True,False
2VFP_A_TYR417,16,major_only,A,B,1,-60;90,-0.21582416569985088,-0.2038918296415216,-0.04649668139510158,0.0,83.11692319188867,83.11692319188867,0.0,0.0,0.5389745235443115,0.37680375576019287,True,False
2VFP_A_TYR417,16,major_only,A,B,2,60;-90,-0.018065854178083245,-0.014302900006479805,-0.005172847975350041,0.0,83.11692319188867,83.11692319188867,0.0,0.0,5.550609111785889,5.359290599822998,False,False
2VFP_A_TYR417,16,major_only,A,B,3,60;90,-0.019041023856799025,-0.015129066375883599,-0.005863979168240441,0.0,83.11692319188867,83.11692319188867,0.0,0.0,5.5365447998046875,5.344397068023682,False,False
2VFP_A_TYR417,16,major_only,A,B,4,-180;-90,-0.004615883004155542,-0.0005859063015822385,-0.00022299046109898642,0.0,83.11692319188867,83.11692319188867,0.0,0.0,5.062039375305176,5.288722991943359,False,False
2VFP_A_TYR417,16,major_only,A,B,5,-180;90,-0.004548115212435816,-0.0007394568898474094,-0.0002625297132043642,0.0,83.11692319188867,83.11692319188867,0.0,0.0,5.065920352935791,5.291261196136475,False,True
2VFP_A_TYR417,17,major_only,A,B,0,-60;-90,-0.2883161056562942,-0.2759974774450213,-0.056736097323969725,0.0,63.993190866808085,63.993190866808085,0.0,0.0,0.5577461123466492,0.37841054797172546,True,False
2VFP_A_TYR417,17,major_only,A,B,1,-60;90,-0.30533932011420284,-0.29308945966482786,-0.058646822658890714,0.0,63.993190866808085,63.993190866808085,0.0,0.0,0.5389745235443115,0.37680375576019287,True,False
2VFP_A_TYR417,17,major_only,A,B,2,60;-90,-0.0028458601997637606,-0.00012030363765059002,-3.817741561400031e-05,0.0,63.993190866808085,63.993190866808085,0.0,0.0,5.550609111785889,5.359290599822998,False,True
2VFP_A_TYR417,17,major_only,A,B,3,60;90,-0.0029124008282397835,-8.612326336272115e-05,-2.929023944175667e-05,0.0,63.993190866808085,63.993190866808085,0.0,0.0,5.5365447998046875,5.344397068023682,False,False
2VFP_A_TYR417,17,major_only,A,B,4,-180;-90,-0.004831494793802769,-0.001820873317054649,-0.0006080789956085171,0.0,63.993190866808085,63.993190866808085,0.0,0.0,5.062039375305176,5.288722991943359,False,False
2VFP_A_TYR417,17,major_only,A,B,5,-180;90,-0.004796632753843381,-0.0019518101786149301,-0.0006080304603931767,0.0,63.993190866808085,63.993190866808085,0.0,0.0,5.065920352935791,5.291261196136475,False,False
2VFP_A_TYR417,18,major_only,A,B,0,-60;-90,-0.13227750653558046,-0.115397197912667,-0.02647562943269701,0.0,79.71262928377809,79.71262928377809,0.0,0.0,0.5577461123466492,0.37841054797172546,True,False
2VFP_A_TYR417,18,major_only,A,B,1,-60;90,-0.16473257870786107,-0.14752204803987248,-0.03294563670963686,0.0,79.71262928377809,79.71262928377809,0.0,0.0,0.5389745235443115,0.37680375576019287,True,False
2VFP_A_TYR417,18,major_only,A,B,2,60;-90,-0.007299049187921619,-0.0002536790615455737,-8.984813632296467e-05,0.0,79.71262928377809,79.71262928377809,0.0,0.0,5.550609111785889,5.359290599822998,False,True
2VFP_A_TYR417,18,major_only,A,B,3,60;90,-0.007494115619300082,-0.0001883517536153812,-7.149386840518881e-05,0.0,79.71262928377809,79.71262928377809,0.0,0.0,5.5365447998046875,5.344397068023682,False,False
2VFP_A_TYR417,18,major_only,A,B,4,-180;-90,-0.034430506089887625,-0.02642635843957093,-0.009849502074121538,0.0,79.71262928377809,79.71262928377809,0.0,0.0,5.062039375305176,5.288722991943359,False,False
2VFP_A_TYR417,18,major_only,A,B,5,-180;90,-0.032887954415309395,-0.025343245150901,-0.008811435510213909,0.0,79.71262928377809,79.71262928377809,0.0,0.0,5.065920352935791,5.291261196136475,False,False
2VFP_A_TYR417,19,major_only,A,B,0,-60;-90,-0.0676281886801848,-0.050197543516658706,-0.01404286403154087,0.0,118.5145100270551,118.5145100270551,0.0,0.0,0.5577461123466492,0.37841054797172546,True,False
2VFP_A_TYR417,19,major_only,A,B,1,-60;90,-0.03029811499008139,-0.014287557908677116,-0.003890641108810281,0.0,118.5145100270551,118.5145100270551,0.0,0.0,0.5389745235443115,0.37680375576019287,True,False
2VFP_A_TYR417,19,major_only,A,B,2,60;-90,-0.009184416733018825,-0.00096919489844611,-0.00041856004186044204,0.0,118.5145100270551,118.5145100270551,0.0,0.0,5.550609111785889,5.359290599822998,False,True
2VFP_A_TYR417,19,major_only,A,B,3,60;90,-0.009372932294983044,-0.0008544039784677121,-0.0003954436317835478,0.0,118.5145100270551,118.5145100270551,0.0,0.0,5.5365447998046875,5.344397068023682,False,False
2VFP_A_TYR417,19,major_only,A,B,4,-180;-90,-0.011350676329952864,-0.0023043406926379277,-0.0010472390771425425,0.0,118.5145100270551,118.5145100270551,0.0,0.0,5.062039375305176,5.288722991943359,False,False
2VFP_A_TYR417,19,major_only,A,B,5,-180;90,-0.011405780273315966,-0.0028536901059420293,-0.001209799630107256,0.0,118.5145100270551,118.5145100270551,0.0,0.0,5.065920352935791,5.291261196136475,False,False
2VFP_A_TYR417,20,major_only,A,B,0,-60;-90,-0.0506572592392475,-0.037014813980583705,-0.008807556306087391,0.0,85.74025832423828,85.74025832423828,0.0,0.0,0.5577461123466492,0.37841054797172546,True,False
2VFP_A_TYR417,20,major_only,A,B,1,-60;90,-0.10990807350711562,-0.09515729535990976,-0.022040015136171633,0.0,85.74025832423828,85.74025832423828,0.0,0.0,0.5389745235443115,0.37680375576019287,True,False
2VFP_A_TYR417,20,major_only,A,B,2,60;-90,-0.01041515392371319,-0.003909524488273759,-0.0014360753087570902,0.0,85.74025832423828,85.74025832423828,0.0,0.0,5.550609111785889,5.359290599822998,False,False
2VFP_A_TYR417,20,major_only,A,B,3,60;90,-0.01031509883192967,-0.0035707131003371514,-0.0014056684981882514,0.0,85.74025832423828,85.74025832423828,0.0,0.0,5.5365447998046875,5.344397068023682,False,True
2VFP_A_TYR417,20,major_only,A,B,4,-180;-90,-0.010345727064245348,-0.0031980637603151807,-0.001236211841679709,0.0,85.74025832423828,85.74025832423828,0.0,0.0,5.062039375305176,5.288722991943359,False,False
2VFP_A_TYR417,20,major_only,A,B,5,-180;90,-0.010330315608104827,-0.0035746291572718684,-0.001288974312370172,0.0,85.74025832423828,85.74025832423828,0.0,0.0,5.065920352935791,5.291261196136475,False,False
2VFP_A_TYR417,21,major_only,A,B,0,-60;-90,-0.25169687758926357,-0.24560202223145972,-0.06311278095697635,0.0,99.99904000310366,99.99904000310366,0.0,0.0,0.5577461123466492,0.37841054797172546,True,False
2VFP_A_TYR417,21,major_only,A,B,1,-60;90,-0.19354963821864402,-0.18910436135203898,-0.0473017126523042,0.0,99.99904000310366,99.99904000310366,0.0,0.0,0.5389745235443115,0.37680375576019287,True,False
2VFP_A_TYR417,21,major_only,A,B,2,60;-90,-0.0001570137593800899,-0.00018477081108705273,-7.32980066678142e-05,0.0,99.99904000310366,99.99904000310366,0.0,0.0,5.550609111785889,5.359290599822998,False,False
2VFP_A_TYR417,21,major_only,A,B,3,60;90,-0.0004362929669705891,-0.00046305256236260054,-0.00019686285020702546,0.0,99.99904000310366,99.99904000310366,0.0,0.0,5.5365447998046875,5.344397068023682,False,False
2VFP_A_TYR417,21,major_only,A,B,4,-180;-90,0.00013484764229468505,0.00010217186177339189,4.2652315202740195e-05,4.2652315202740195e-05,99.99904000310366,99.99903895920474,1.0438989193062298e-06,1.0439089407996622e-08,5.062039375305176,5.288722991943359,False,True
2VFP_A_TYR417,21,major_only,A,B,5,-180;90,5.469167237763559e-05,2.441505463768488e-05,9.50772235843829e-06,9.50772235843829e-06,99.99904000310366,99.99903994349475,5.960890803180519e-08,5.960948028096581e-10,5.065920352935791,5.291261196136475,False,False
2VFP_A_TYR417,22,major_only,A,B,0,-60;-90,-0.21826168841309387,-0.20847243726936154,-0.062240253158131496,0.0,134.9803303537673,134.9803303537673,0.0,0.0,0.5577461123466492,0.37841054797172546,True,False
2VFP_A_TYR417,22,major_only,A,B,1,-60;90,-0.17875366986094368,-0.17025745051898464,-0.04947875624485954,0.0,134.9803303537673,134.9803303537673,0.0,0.0,0.5389745235443115,0.37680375576019287,True,False
2VFP_A_TYR417,22,major_only,A,B,2,60;-90,-0.016288425377359625,-0.013879377950474114,-0.0063968494421816815,0.0,134.9803303537673,134.9803303537673,0.0,0.0,5.550609111785889,5.359290599822998,False,False
2VFP_A_TYR417,22,major_only,A,B,3,60;90,-0.016591463217225797,-0.01408826749914712,-0.006958704488458765,0.0,134.9803303537673,134.9803303537673,0.0,0.0,5.5365447998046875,5.344397068023682,False,False
2VFP_A_TYR417,22,major_only,A,B,4,-180;-90,-0.004658890904635726,-0.002097225247666583,-0.0010171703873968964,0.0,134.9803303537673,134.9803303537673,0.0,0.0,5.062039375305176,5.288722991943359,False,False
2VFP_A_TYR417,22,major_only,A,B,5,-180;90,-0.004589310218268848,-0.0021692436377830173,-0.000981441574295154,0.0,134.9803303537673,134.9803303537673,0.0,0.0,5.065920352935791,5.291261196136475,False,True
2VFP_A_TYR417,23,major_only,A,B,0,-60;-90,-0.1700459177774668,-0.16517612497481396,-0.05153656608280649,0.0,147.4217228714274,147.4217228714274,0.0,0.0,0.5577461123466492,0.37841054797172546,True,False
2VFP_A_TYR417,23,major_only,A,B,1,-60;90,-0.1361458743543884,-0.13228383300236027,-0.040175835438863064,0.0,147.4217228714274,147.4217228714274,0.0,0.0,0.5389745235443115,0.37680375576019287,True,False
2VFP_A_TYR417,23,major_only,A,B,2,60;-90,-0.00143154181668483,-0.001050260369564457,-0.0005058696250009473,0.0,147.4217228714274,147.4217228714274,0.0,0.0,5.550609111785889,5.359290599822998,False,False
2VFP_A_TYR417,23,major_only,A,B,3,60;90,-0.0015909520819195235,-0.0011942598963364964,-0.0006164745487754959,0.0,147.4217228714274,147.4217228714274,0.0,0.0,5.5365447998046875,5.344397068023682,False,False
2VFP_A_TYR417,23,major_only,A,B,4,-180;-90,-0.0004866111522249574,-7.447810632171524e-05,-3.775050401803223e-05,0.0,147.4217228714274,147.4217228714274,0.0,0.0,5.062039375305176,5.288722991943359,False,True
2VFP_A_TYR417,23,major_only,A,B,5,-180;90,-0.000546536328879409,-0.00015657829992260654,-7.403433669503646e-05,0.0,147.4217228714274,147.4217228714274,0.0,0.0,5.065920352935791,5.291261196136475,False,False
2VFP_A_TYR417,24,major_only,A,B,0,-60;-90,-0.077641205883785,-0.06136250550363296,-0.014801233531154418,0.0,88.10787502202042,88.10787502202042,0.0,0.0,0.5577461123466492,0.37841054797172546,True,False
2VFP_A_TYR417,24,major_only,A,B,1,-60;90,-0.1364709475164233,-0.11914246287105047,-0.027973792037901842,0.0,88.10787502202042,88.10787502202042,0.0,0.0,0.5389745235443115,0.37680375576019287,True,False
2VFP_A_TYR417,24,major_only,A,B,2,60;-90,-0.009068189131541749,-0.0015812662461481527,-0.0005888073840013591,0.0,88.10787502202042,88.10787502202042,0.0,0.0,5.550609111785889,5.359290599822998,False,True
2VFP_A_TYR417,24,major_only,A,B,3,60;90,-0.009262221472725138,-0.0014984976780263203,-0.0005979969918239639,0.0,88.10787502202042,88.10787502202042,0.0,0.0,5.5365447998046875,5.344397068023682,False,False
2VFP_A_TYR417,24,major_only,A,B,4,-180;-90,-0.01695089939412676,-0.0086475577866106,-0.0033885525401349454,0.0,88.10787502202042,88.10787502202042,0.0,0.0,5.062039375305176,5.288722991943359,False,False
2VFP_A_TYR417,24,major_only,A,B,5,-180;90,-0.016658956259838483,-0.008814603640004198,-0.0032220407386159677,0.0,88.10787502202042,88.10787502202042,0.0,0.0,5.065920352935791,5.291261196136475,False,False
2VFP_A_TYR417,25,major_only,A,B,0,-60;-90,-0.2463049166886467,-0.23169493574535752,-0.0490343296800804,0.0,67.82541755896656,67.82541755896656,0.0,0.0,0.5577461123466492,0.37841054797172546,True,False
2VFP_A_TYR417,25,major_only,A,B,1,-60;90,-0.25945365462108566,-0.24502603918441035,-0.05047611054159837,0.0,67.82541755896656,67.82541755896656,0.0,0.0,0.5389745235443115,0.37680375576019287,True,False
2VFP_A_TYR417,25,major_only,A,B,2,60;-90,-0.004671279956118942,-0.0002537478870072579,-8.290095931523456e-05,0.0,67.82541755896656,67.82541755896656,0.0,0.0,5.550609111785889,5.359290599822998,False,True
2VFP_A_TYR417,25,major_only,A,B,3,60;90,-0.004840867298957366,-0.00025962283584885827,-9.090226170737058e-05,0.0,67.82541755896656,67.82541755896656,0.0,0.0,5.5365447998046875,5.344397068023682,False,False
2VFP_A_TYR417,25,major_only,A,B,4,-180;-90,-0.008186116449284726,-0.003302709132233376,-0.0011354812124530216,0.0,67.82541755896656,67.82541755896656,0.0,0.0,5.062039375305176,5.288722991943359,False,False
2VFP_A_TYR417,25,major_only,A,B,5,-180;90,-0.008246613631541585,-0.003631187375862208,-0.0011645704690216592,0.0,67.82541755896656,67.82541755896656,0.0,0.0,5.065920352935791,5.291261196136475,False,False
2VFP_A_TYR417,26,major_only,A,B,0,-60;-90,-0.14924865813297156,-0.13424950846435774,-0.03566207546713217,0.0,106.85944009625322,106.85944009625322,0.0,0.0,0.5577461123466492,0.37841054797172546,True,False
2VFP_A_TYR417,26,major_only,A,B,1,-60;90,-0.09304092556880322,-0.07986822604220307,-0.020651799048257518,0.0,106.85944009625322,106.85944009625322,0.0,0.0,0.5389745235443115,0.37680375576019287,True,False
2VFP_A_TYR417,26,major_only,A,B,2,60;-90,-0.006337498846945052,-0.00047240606363441255,-0.00019372371738146825,0.0,106.85944009625322,106.85944009625322,0.0,0.0,5.550609111785889,5.359290599822998,False,True
2VFP_A_TYR417,26,major_only,A,B,3,60;90,-0.006539483179421182,-0.00045720020879030216,-0.0002009316861200783,0.0,106.85944009625322,106.85944009625322,0.0,0.0,5.5365447998046875,5.344397068023682,False,False
2VFP_A_TYR417,26,major_only,A,B,4,-180;-90,-0.008991427804339465,-0.002524007937141634,-0.0010892073188838302,0.0,106.85944009625322,106.85944009625322,0.0,0.0,5.062039375305176,5.288722991943359,False,False
2VFP_A_TYR417,26,major_only,A,B,5,-180;90,-0.009125408744668847,-0.0030114393761034065,-0.0012122758318906682,0.0,106.85944009625322,106.85944009625322,0.0,0.0,5.065920352935791,5.291261196136475,False,False
2VFP_A_TYR417,27,major_only,A,B,0,-60;-90,-0.01811006979846353,-5.14553222564665e-05,-1.1447110841816967e-05,0.0,74.9473436270647,74.9473436270647,0.0,0.0,0.5577461123466492,0.37841054797172546,True,False
2VFP_A_TYR417,27,major_only,A,B,1,-60;90,-0.07868044727653067,-0.05947341979031448,-0.012878890150674107,0.0,74.9473436270647,74.9473436270647,0.0,0.0,0.5389745235443115,0.37680375576019287,True,False
2VFP_A_TYR417,27,major_only,A,B,2,60;-90,-0.01013031821579135,-0.0008849710234486934,-0.00030392614168458316,0.0,74.9473436270647,74.9473436270647,0.0,0.0,5.550609111785889,5.359290599822998,False,True
2VFP_A_TYR417,27,major_only,A,B,3,60;90,-0.010346454156960174,-0.0007598685105363304,-0.00027967402402299046,0.0,74.9473436270647,74.9473436270647,0.0,0.0,5.5365447998046875,5.344397068023682,False,False
2VFP_A_TYR417,27,major_only,A,B,4,-180;-90,-0.014766449541123933,-0.004560517956963448,-0.0016481839470633792,0.0,74.9473436270647,74.9473436270647,0.0,0.0,5.062039375305176,5.288722991943359,False,False
2VFP_A_TYR417,27,major_only,A,B,5,-180;90,-0.01483272664630856,-0.005184301647540138,-0.001747790041387356,0.0,74.9473436270647,74.9473436270647,0.0,0.0,5.065920352935791,5.291261196136475,False,False
2VFP_A_TYR417,28,major_only,A,B,0,-60;-90,-0.03277598722859007,-0.0164514959653913,-0.004549377140754298,0.0,115.80256126164367,115.80256126164367,0.0,0.0,0.5577461123466492,0.37841054797172546,True,False
2VFP_A_TYR417,28,major_only,A,B,1,-60;90,0.0039745750459772855,0.018941203903648764,0.005098519289942131,0.005098519289942131,115.80256126164367,115.76101486876586,0.04154639287781947,0.00035876920531964556,0.5389745235443115,0.37680375576019287,True,True
2VFP_A_TYR417,28,major_only,A,B,2,60;-90,-0.008378894668048448,-0.00025836888407074215,-0.00011029610487436607,0.0,115.80256126164367,115.80256126164367,0.0,0.0,5.550609111785889,5.359290599822998,False,False
2VFP_A_TYR417,28,major_only,A,B,3,60;90,-0.008674678850949549,-0.00025340479331829527,-0.00011593363940906408,0.0,115.80256126164367,115.80256126164367,0.0,0.0,5.5365447998046875,5.344397068023682,False,False
2VFP_A_TYR417,28,major_only,A,B,4,-180;-90,-0.04441475560277755,-0.03512128737457113,-0.01577767102910564,0.0,115.80256126164367,115.80256126164367,0.0,0.0,5.062039375305176,5.288722991943359,False,False
2VFP_A_TYR417,28,major_only,A,B,5,-180;90,-0.04200963025217017,-0.033256435338855486,-0.013936562100223714,0.0,115.80256126164367,115.80256126164367,0.0,0.0,5.065920352935791,5.291261196136475,False,False
2VFP_A_TYR417,29,major_only,A,B,0,-60;-90,-0.05767465497755325,-0.04050958911785415,-0.011300980023341,0.0,117.85326302254923,117.85326302254923,0.0,0.0,0.5577461123466492,0.37841054797172546,True,False
2VFP_A_TYR417,29,major_only,A,B,1,-60;90,-0.020251403000051613,-0.004497094400770095,-0.0012211814954373997,0.0,117.85326302254923,117.85326302254923,0.0,0.0,0.5389745235443115,0.37680375576019287,True,False
2VFP_A_TYR417,29,major_only,A,B,2,60;-90,-0.04162210419362158,-0.03311116454869972,-0.014259560653838132,0.0,117.85326302254923,117.85326302254923,0.0,0.0,5.550609111785889,5.359290599822998,False,False
2VFP_A_TYR417,29,major_only,A,B,3,60;90,-0.04209319003077021,-0.03326032959146568,-0.015350867236299614,0.0,117.85326302254923,117.85326302254923,0.0,0.0,5.5365447998046875,5.344397068023682,False,False
2VFP_A_TYR417,29,major_only,A,B,4,-180;-90,-0.01226453428707063,-0.003207434553002916,-0.0014535902344569639,0.0,117.85326302254923,117.85326302254923,0.0,0.0,5.062039375305176,5.288722991943359,False,False
2VFP_A_TYR417,29,major_only,A,B,5,-180;90,-0.01226113318805234,-0.003699673282737323,-0.0015640659239778928,0.0,117.85326302254923,117.85326302254923,0.0,0.0,5.065920352935791,5.291261196136475,False,True
2VFP_A_TYR417,30,major_only,A,B,0,-60;-90,-0.26385696544022336,-0.25416582705481783,-0.06987881840358551,0.0,114.4674114074112,114.4674114074112,0.0,0.0,0.5577461123466492,0.37841054797172546,True,False
2VFP_A_TYR417,30,major_only,A,B,1,-60;90,-0.20412505101087197,-0.19622062779401656,-0.052512536531325045,0.0,114.4674114074112,114.4674114074112,0.0,0.0,0.5389745235443115,0.37680375576019287,True,False
2VFP_A_TYR417,30,major_only,A,B,2,60;-90,-0.001815423744249754,-0.00012796070441410229,-5.430982915488585e-05,0.0,114.4674114074112,114.4674114074112,0.0,0.0,5.550609111785889,5.359290599822998,False,True
2VFP_A_TYR417,30,major_only,A,B,3,60;90,-0.0019602743118662916,-0.00020969207035047516,-9.538025955172107e-05,0.0,114.4674114074112,114.4674114074112,0.0,0.0,5.5365447998046875,5.344397068023682,False,False
2VFP_A_TYR417,30,major_only,A,B,4,-180;-90,-0.0034428170808519175,-0.0015758089853979565,-0.000703813982887344,0.0,114.4674114074112,114.4674114074112,0.0,0.0,5.062039375305176,5.288722991943359,False,False
2VFP_A_TYR417,30,major_only,A,B,5,-180;90,-0.0034744217448237284,-0.0017100547738243242,-0.0007124786047707016,0.0,114.4674114074112,114.4674114074112,0.0,0.0,5.065920352935791,5.291261196136475,False,False
2VFP_A_TYR417,31,major_only,A,B,0,-60;-90,-0.0885004888710276,-0.07351108527169803,-0.020661511523282054,0.0,119.63095897824539,119.63095897824539,0.0,0.0,0.5577461123466492,0.37841054797172546,True,False
2VFP_A_TYR417,31,major_only,A,B,1,-60;90,-0.05100534366398106,-0.03736234330862374,-0.010221939441322261,0.0,119.63095897824539,119.63095897824539,0.0,0.0,0.5389745235443115,0.37680375576019287,True,False
2VFP_A_TYR417,31,major_only,A,B,2,60;-90,-0.03675827557936684,-0.02984945641728823,-0.012951471145683159,0.0,119.63095897824539,119.63095897824539,0.0,0.0,5.550609111785889,5.359290599822998,False,False
2VFP_A_TYR417,31,major_only,A,B,3,60;90,-0.03732024740803187,-0.030147236768011378,-0.014018607143617407,0.0,119.63095897824539,119.63095897824539,0.0,0.0,5.5365447998046875,5.344397068023682,False,False
2VFP_A_TYR417,31,major_only,A,B,4,-180;-90,-0.009928764768727297,-0.002580474448996607,-0.0011782426593380895,0.0,119.63095897824539,119.63095897824539,0.0,0.0,5.062039375305176,5.288722991943359,False,False
2VFP_A_TYR417,31,major_only,A,B,5,-180;90,-0.009910423809964734,-0.0029648565002165696,-0.0012628342308207495,0.0,119.63095897824539,119.63095897824539,0.0,0.0,5.065920352935791,5.291261196136475,False,True
2VFP_A_TYR417,32,major_only,A,B,0,-60;-90,-0.18228610022218447,-0.1640427435389862,-0.03564832620759483,0.0,71.51371046914382,71.51371046914382,0.0,0.0,0.5577461123466492,0.37841054797172546,True,False
2VFP_A_TYR417,32,major_only,A,B,1,-60;90,-0.20360348729594296,-0.1853693158952982,-0.03921117965179571,0.0,71.51371046914382,71.51371046914382,0.0,0.0,0.5389745235443115,0.37680375576019287,True,False
2VFP_A_TYR417,32,major_only,A,B,2,60;-90,-0.007211302178022364,-0.00014167085540385172,-4.752652440641341e-05,0.0,71.51371046914382,71.51371046914382,0.0,0.0,5.550609111785889,5.359290599822998,False,True
2VFP_A_TYR417,32,major_only,A,B,3,60;90,-0.007424718058302217,-9.366002901073963e-05,-3.367320895723716e-05,0.0,71.51371046914382,71.51371046914382,0.0,0.0,5.5365447998046875,5.344397068023682,False,False
2VFP_A_TYR417,32,major_only,A,B,4,-180;-90,-0.04263620619755355,-0.03452394856855901,-0.012187889395225974,0.0,71.51371046914382,71.51371046914382,0.0,0.0,5.062039375305176,5.288722991943359,False,False
2VFP_A_TYR417,32,major_only,A,B,5,-180;90,-0.04067789269750118,-0.033037188450138984,-0.010879742377680138,0.0,71.51371046914382,71.51371046914382,0.0,0.0,5.065920352935791,5.291261196136475,False,False
2VFP_A_TYR417,33,major_only,A,B,0,-60;-90,0.03465333225609052,0.04142576598067584,0.010130777588048638,0.010130777588048638,90.56690786919125,90.4114865341113,0.15542133507995004,0.0017160940870856512,0.5577461123466492,0.37841054797172546,True,True
2VFP_A_TYR417,33,major_only,A,B,1,-60;90,-0.002108494239694141,0.005395444056618552,0.0012843676817384678,0.0012843676817384678,90.56690786919125,90.56427139254914,0.002636476642109642,2.91108165679852e-05,0.5389745235443115,0.37680375576019287,True,False
2VFP_A_TYR417,33,major_only,A,B,2,60;-90,-0.004532427712814979,-0.0005205325490497226,-0.00019651402230827844,0.0,90.56690786919125,90.56690786919125,0.0,0.0,5.550609111785889,5.359290599822998,False,False
2VFP_A_TYR417,33,major_only,A,B,3,60;90,-0.004854025050675344,-0.0006920997826978573,-0.0002800199956271961,0.0,90.56690786919125,90.56690786919125,0.0,0.0,5.5365447998046875,5.344397068023682,False,False
2VFP_A_TYR417,33,major_only,A,B,4,-180;-90,-0.005787859575518151,-0.0013695436005926054,-0.0005440941050258766,0.0,90.56690786919125,90.56690786919125,0.0,0.0,5.062039375305176,5.288722991943359,False,False
2VFP_A_TYR417,33,major_only,A,B,5,-180;90,-0.00580842841412758,-0.0016322825844041018,-0.0006049242466947074,0.0,90.56690786919125,90.56690786919125,0.0,0.0,5.065920352935791,5.291261196136475,False,False
2VFP_A_TYR417,34,major_only,A,B,0,-60;-90,-0.1316332106847294,-0.11843725933279675,-0.027037114440619466,0.0,78.916724947901,78.916724947901,0.0,0.0,0.5577461123466492,0.37841054797172546,True,False
2VFP_A_TYR417,34,major_only,A,B,1,-60;90,-0.16473549399432455,-0.151133636468704,-0.0335832764085311,0.0,78.916724947901,78.916724947901,0.0,0.0,0.5389745235443115,0.37680375576019287,True,False
2VFP_A_TYR417,34,major_only,A,B,2,60;-90,-0.0057800081273088255,-0.0006052843458817606,-0.00021330687468336737,0.0,78.916724947901,78.916724947901,0.0,0.0,5.550609111785889,5.359290599822998,False,True
2VFP_A_TYR417,34,major_only,A,B,3,60;90,-0.006151671515655821,-0.0007837150529084603,-0.0002959908437328096,0.0,78.916724947901,78.916724947901,0.0,0.0,5.5365447998046875,5.344397068023682,False,False
2VFP_A_TYR417,34,major_only,A,B,4,-180;-90,-0.007941608224653096,-0.0022374534740784,-0.0008297589157791204,0.0,78.916724947901,78.916724947901,0.0,0.0,5.062039375305176,5.288722991943359,False,False
2VFP_A_TYR417,34,major_only,A,B,5,-180;90,-0.007974034654843901,-0.0025824722185675123,-0.0008933899450761188,0.0,78.916724947901,78.916724947901,0.0,0.0,5.065920352935791,5.291261196136475,False,False
2VFP_A_TYR417,35,major_only,A,B,0,-60;-90,-0.0788211311464984,-0.06195262925856704,-0.0173878535494837,0.0,119.28821384796804,119.28821384796804,0.0,0.0,0.5577461123466492,0.37841054797172546,True,False
2VFP_A_TYR417,35,major_only,A,B,1,-60;90,-0.04127102815072345,-0.025811308233752203,-0.007051575983121189,0.0,119.28821384796804,119.28821384796804,0.0,0.0,0.5389745235443115,0.37680375576019287,True,False
2VFP_A_TYR417,35,major_only,A,B,2,60;-90,-0.00825659998194536,-0.0004909878282631329,-0.0002127308020178034,0.0,119.28821384796804,119.28821384796804,0.0,0.0,5.550609111785889,5.359290599822998,False,True
2VFP_A_TYR417,35,major_only,A,B,3,60;90,-0.008484987657021612,-0.00043223484178354313,-0.00020070310950176916,0.0,119.28821384796804,119.28821384796804,0.0,0.0,5.5365447998046875,5.344397068023682,False,False
2VFP_A_TYR417,35,major_only,A,B,4,-180;-90,-0.01261561989615949,-0.0040413963213999145,-0.0018426531637746881,0.0,119.28821384796804,119.28821384796804,0.0,0.0,5.062039375305176,5.288722991943359,False,False
2VFP_A_TYR417,35,major_only,A,B,5,-180;90,-0.012724356135875931,-0.004618759506017508,-0.001964468153140191,0.0,119.28821384796804,119.28821384796804,0.0,0.0,5.065920352935791,5.291261196136475,False,False
2VFP_A_TYR417,36,major_only,A,B,0,-60;-90,-0.1371782419481247,-0.12225578366991473,-0.03238845295246399,0.0,106.28369738861795,106.28369738861795,0.0,0.0,0.5577461123466492,0.37841054797172546,True,False
2VFP_A_TYR417,36,major_only,A,B,1,-60;90,-0.08129619953548571,-0.06818626856714857,-0.01758359437668738,0.0,106.28369738861795,106.28369738861795,0.0,0.0,0.5389745235443115,0.37680375576019287,True,False
2VFP_A_TYR417,36,major_only,A,B,2,60;-90,-0.006301483856548154,-0.0003184288090788797,-0.0001302286574247096,0.0,106.28369738861795,106.28369738861795,0.0,0.0,5.550609111785889,5.359290599822998,False,True
2VFP_A_TYR417,36,major_only,A,B,3,60;90,-0.006536267356007145,-0.0003314472048768813,-0.00014527244617126037,0.0,106.28369738861795,106.28369738861795,0.0,0.0,5.5365447998046875,5.344397068023682,False,False
2VFP_A_TYR417,36,major_only,A,B,4,-180;-90,-0.01451942962168575,-0.007870894743640573,-0.003387433820390085,0.0,106.28369738861795,106.28369738861795,0.0,0.0,5.062039375305176,5.288722991943359,False,False
2VFP_A_TYR417,36,major_only,A,B,5,-180;90,-0.013982660860861452,-0.0077048958023488824,-0.003093292383254073,0.0,106.28369738861795,106.28369738861795,0.0,0.0,5.065920352935791,5.291261196136475,False,False
2VFP_A_TYR417,37,major_only,A,B,0,-60;-90,-0.06300960106468341,-0.04793764436123106,-0.011489237418889724,0.0,86.98694990959076,86.98694990959076,0.0,0.0,0.5577461123466492,0.37841054797172546,True,False
2VFP_A_TYR417,37,major_only,A,B,1,-60;90,-0.12220558286533091,-0.10605099475287241,-0.024741111302182105,0.0,86.98694990959076,86.98694990959076,0.0,0.0,0.5389745235443115,0.37680375576019287,True,False
2VFP_A_TYR417,37,major_only,A,B,2,60;-90,-0.012018440764312336,-0.004928106493002531,-0.0018233415100880276,0.0,86.98694990959076,86.98694990959076,0.0,0.0,5.550609111785889,5.359290599822998,False,False
2VFP_A_TYR417,37,major_only,A,B,3,60;90,-0.012355255381809233,-0.005000763569535951,-0.0019828914268158744,0.0,86.98694990959076,86.98694990959076,0.0,0.0,5.5365447998046875,5.344397068023682,False,False
2VFP_A_TYR417,37,major_only,A,B,4,-180;-90,-0.011108902066734157,-0.0033269786998917734,-0.0012953599322578972,0.0,86.98694990959076,86.98694990959076,0.0,0.0,5.062039375305176,5.288722991943359,False,False
2VFP_A_TYR417,37,major_only,A,B,5,-180;90,-0.011073056744663584,-0.003717840775194833,-0.0013503262582579424,0.0,86.98694990959076,86.98694990959076,0.0,0.0,5.065920352935791,5.291261196136475,False,True
2VFP_A_TYR417,38,major_only,A,B,0,-60;-90,-0.29718725227646475,-0.2897931349019773,-0.06391935728785528,0.0,73.67390443725901,73.67390443725901,0.0,0.0,0.5577461123466492,0.37841054797172546,True,False
2VFP_A_TYR417,38,major_only,A,B,1,-60;90,-0.3144597813926078,-0.30702070593332875,-0.06591768004691645,0.0,73.67390443725901,73.67390443725901,0.0,0.0,0.5389745235443115,0.37680375576019287,True,False
2VFP_A_TYR417,38,major_only,A,B,2,60;-90,-7.065457671228148e-05,-1.2199305601838473e-06,-4.1538693971291706e-07,0.0,73.67390443725901,73.67390443725901,0.0,0.0,5.550609111785889,5.359290599822998,False,False
2VFP_A_TYR417,38,major_only,A,B,3,60;90,-7.047142891440902e-05,1.5156751644122112e-06,5.530934801447728e-07,5.530934801447728e-07,73.67390443725901,73.67390443708977,1.6923706880334066e-10,2.2971100839030953e-12,5.5365447998046875,5.344397068023682,False,True
2VFP_A_TYR417,38,major_only,A,B,4,-180;-90,-0.003610878536763596,-0.003506538578598341,-0.0012564605347189612,0.0,73.67390443725901,73.67390443725901,0.0,0.0,5.062039375305176,5.288722991943359,False,False
2VFP_A_TYR417,38,major_only,A,B,5,-180;90,-0.0027437770185409016,-0.002652732525975838,-0.0008866887143535321,0.0,73.67390443725901,73.67390443725901,0.0,0.0,5.065920352935791,5.291261196136475,False,False
2VFP_A_TYR417,40,major_only,A,B,0,-60;-90,-0.05523554414516838,-0.03812144200704884,-0.01062577629334027,0.0,117.65429065537387,117.65429065537387,0.0,0.0,0.5577461123466492,0.37841054797172546,True,False
2VFP_A_TYR417,40,major_only,A,B,1,-60;90,-0.018140026618807766,-0.0024258808052587733,-0.000658189194208129,0.0,117.65429065537387,117.65429065537387,0.0,0.0,0.5389745235443115,0.37680375576019287,True,False
2VFP_A_TYR417,40,major_only,A,B,2,60;-90,-0.044422338535979766,-0.03587826056468584,-0.015438181700615387,0.0,117.65429065537387,117.65429065537387,0.0,0.0,5.550609111785889,5.359290599822998,False,False
2VFP_A_TYR417,40,major_only,A,B,3,60;90,-0.04275541236553461,-0.03390824091895968,-0.015636685687128858,0.0,117.65429065537387,117.65429065537387,0.0,0.0,5.5365447998046875,5.344397068023682,False,False
2VFP_A_TYR417,40,major_only,A,B,4,-180;-90,-0.012494272768285486,-0.003426483413133287,-0.0015515504663808851,0.0,117.65429065537387,117.65429065537387,0.0,0.0,5.062039375305176,5.288722991943359,False,False
2VFP_A_TYR417,40,major_only,A,B,5,-180;90,-0.012486757394656626,-0.003915287644338411,-0.0016538207400339574,0.0,117.65429065537387,117.65429065537387,0.0,0.0,5.065920352935791,5.291261196136475,False,True
2VFP_A_TYR417,41,major_only,A,B,0,-60;-90,-0.1317100167531523,-0.11865315648224135,-0.027084200145958758,0.0,78.90390736139685,78.90390736139685,0.0,0.0,0.5577461123466492,0.37841054797172546,True,False
2VFP_A_TYR417,41,major_only,A,B,1,-60;90,-0.1647104803902705,-0.15124782953505866,-0.033605921697451364,0.0,78.90390736139685,78.90390736139685,0.0,0.0,0.5389745235443115,0.37680375576019287,True,False
2VFP_A_TYR417,41,major_only,A,B,2,60;-90,-0.005711120708568683,-0.0006086782246937488,-0.00021448548337265035,0.0,78.90390736139685,78.90390736139685,0.0,0.0,5.550609111785889,5.359290599822998,False,True
2VFP_A_TYR417,41,major_only,A,B,3,60;90,-0.006090211079856747,-0.0007971354319032772,-0.00030103495706763136,0.0,78.90390736139685,78.90390736139685,0.0,0.0,5.5365447998046875,5.344397068023682,False,False
2VFP_A_TYR417,41,major_only,A,B,4,-180;-90,-0.007799514900097635,-0.002175455211393042,-0.0008067013597481735,0.0,78.90390736139685,78.90390736139685,0.0,0.0,5.062039375305176,5.288722991943359,False,False
2VFP_A_TYR417,41,major_only,A,B,5,-180;90,-0.00783028114427576,-0.002514436130287964,-0.0008697826469839108,0.0,78.90390736139685,78.90390736139685,0.0,0.0,5.065920352935791,5.291261196136475,False,False
2VFP_A_TYR417,42,major_only,A,B,0,-60;-90,-0.1957631242508356,-0.1857422884922733,-0.04551662832338553,0.0,90.93763534376117,90.93763534376117,0.0,0.0,0.5577461123466492,0.37841054797172546,True,False
2VFP_A_TYR417,42,major_only,A,B,1,-60;90,-0.25048349144600085,-0.2395346234586196,-0.05713701274444303,0.0,90.93763534376117,90.93763534376117,0.0,0.0,0.5389745235443115,0.37680375576019287,True,False
2VFP_A_TYR417,42,major_only,A,B,2,60;-90,-0.0028285422978988526,-0.00010874838962301001,-4.1139172012930525e-05,0.0,90.93763534376117,90.93763534376117,0.0,0.0,5.550609111785889,5.359290599822998,False,True
2VFP_A_TYR417,42,major_only,A,B,3,60;90,-0.0028992170468122216,-7.888639537293832e-05,-3.198228594419097e-05,0.0,90.93763534376117,90.93763534376117,0.0,0.0,5.5365447998046875,5.344397068023682,False,False
2VFP_A_TYR417,42,major_only,A,B,4,-180;-90,-0.005461093714060174,-0.002451507271627704,-0.0009759294008696296,0.0,90.93763534376117,90.93763534376117,0.0,0.0,5.062039375305176,5.288722991943359,False,False
2VFP_A_TYR417,42,major_only,A,B,5,-180;90,-0.005471650745530521,-0.0026277216501941676,-0.0009758252758339406,0.0,90.93763534376117,90.93763534376117,0.0,0.0,5.065920352935791,5.291261196136475,False,False
2VFP_A_TYR417,43,major_only,A,B,0,-60;-90,-0.06296606206332957,-0.04606229142955981,-0.012852563412648841,0.0,117.89991895454155,117.89991895454155,0.0,0.0,0.5577461123466492,0.37841054797172546,True,False
2VFP_A_TYR417,43,major_only,A,B,1,-60;90,-0.025556700219573014,-0.010055349131358153,-0.002731060446927429,0.0,117.89991895454155,117.89991895454155,0.0,0.0,0.5389745235443115,0.37680375576019287,True,False
2VFP_A_TYR417,43,major_only,A,B,2,60;-90,-0.04482524402158583,-0.03649705351849643,-0.01572082890882901,0.0,117.89991895454155,117.89991895454155,0.0,0.0,5.550609111785889,5.359290599822998,False,False
2VFP_A_TYR417,43,major_only,A,B,3,60;90,-0.04571923274409856,-0.03707114763753107,-0.017113086506546242,0.0,117.89991895454155,117.89991895454155,0.0,0.0,5.5365447998046875,5.344397068023682,False,False
2VFP_A_TYR417,43,major_only,A,B,4,-180;-90,-0.011421847356343308,-0.0026013590264497254,-0.0011791537492170157,0.0,117.89991895454155,117.89991895454155,0.0,0.0,5.062039375305176,5.288722991943359,False,False
2VFP_A_TYR417,43,major_only,A,B,5,-180;90,-0.011387115253324791,-0.0030495528113612985,-0.0012894775554611825,0.0,117.89991895454155,117.89991895454155,0.0,0.0,5.065920352935791,5.291261196136475,False,True
2VFP_A_TYR417,44,major_only,A,B,0,-60;-90,-0.1550642907940917,-0.13519105713929053,-0.02920178705015923,0.0,70.65583033357234,70.65583033357234,0.0,0.0,0.5577461123466492,0.37841054797172546,True,False
2VFP_A_TYR417,44,major_only,A,B,1,-60;90,-0.17663877284310775,-0.15677612076495082,-0.03296334845155767,0.0,70.65583033357234,70.65583033357234,0.0,0.0,0.5389745235443115,0.37680375576019287,True,False
2VFP_A_TYR417,44,major_only,A,B,2,60;-90,-0.027688627150886463,-0.019259651643615715,-0.006422192417289632,0.0,70.65583033357234,70.65583033357234,0.0,0.0,5.550609111785889,5.359290599822998,False,False
2VFP_A_TYR417,44,major_only,A,B,3,60;90,-0.028721520258806935,-0.01997043481142756,-0.007136694140274649,0.0,70.65583033357234,70.65583033357234,0.0,0.0,5.5365447998046875,5.344397068023682,False,False
2VFP_A_TYR417,44,major_only,A,B,4,-180;-90,-0.00974640800131581,-0.0006671986238739783,-0.00023412216504280353,0.0,70.65583033357234,70.65583033357234,0.0,0.0,5.062039375305176,5.288722991943359,False,False
2VFP_A_TYR417,44,major_only,A,B,5,-180;90,-0.009494994442321176,-0.0009143137597374315,-0.0002992885712961728,0.0,70.65583033357234,70.65583033357234,0.0,0.0,5.065920352935791,5.291261196136475,False,True
2VFP_A_TYR417,45,major_only,A,B,0,-60;-90,-0.14067613035197887,-0.12554620037595374,-0.03329358161971935,0.0,106.49738941331186,106.49738941331186,0.0,0.0,0.5577461123466492,0.37841054797172546,True,False
2VFP_A_TYR417,45,major_only,A,B,1,-60;90,-0.08457415818058173,-0.07127055256998599,-0.018397423761353518,0.0,106.49738941331186,106.49738941331186,0.0,0.0,0.5389745235443115,0.37680375576019287,True,False
2VFP_A_TYR417,45,major_only,A,B,2,60;-90,-0.0061631133580661536,-0.00012175802702792278,-4.9845730692253e-05,0.0,106.49738941331186,106.49738941331186,0.0,0.0,5.550609111785889,5.359290599822998,False,True
2VFP_A_TYR417,45,major_only,A,B,3,60;90,-0.0064556349079754275,-0.00018992641399985264,-8.332789497335946e-05,0.0,106.49738941331186,106.49738941331186,0.0,0.0,5.5365447998046875,5.344397068023682,False,False
2VFP_A_TYR417,45,major_only,A,B,4,-180;-90,-0.027267749109870752,-0.020435416050612568,-0.00880372265636144,0.0,106.49738941331186,106.49738941331186,0.0,0.0,5.062039375305176,5.288722991943359,False,False
2VFP_A_TYR417,45,major_only,A,B,5,-180;90,-0.026375021826950812,-0.019930721099820414,-0.008009646847914909,0.0,106.49738941331186,106.49738941331186,0.0,0.0,5.065920352935791,5.291261196136475,False,False
2VFP_A_TYR417,46,major_only,A,B,0,-60;-90,-0.07808530546974447,-0.061791158245851165,-0.014905714287736493,0.0,88.12070974632012,88.12070974632012,0.0,0.0,0.5577461123466492,0.37841054797172546,True,False
2VFP_A_TYR417,46,major_only,A,B,1,-60;90,-0.13671935508157088,-0.11938092707653407,-0.028031823198353838,0.0,88.12070974632012,88.12070974632012,0.0,0.0,0.5389745235443115,0.37680375576019287,True,False
2VFP_A_TYR417,46,major_only,A,B,2,60;-90,-0.009060877815040851,-0.0015721304920115766,-0.0005854481902873414,0.0,88.12070974632012,88.12070974632012,0.0,0.0,5.550609111785889,5.359290599822998,False,True
2VFP_A_TYR417,46,major_only,A,B,3,60;90,-0.00923357038499872,-0.0014681520743385838,-0.0005859298151190264,0.0,88.12070974632012,88.12070974632012,0.0,0.0,5.5365447998046875,5.344397068023682,False,False
2VFP_A_TYR417,46,major_only,A,B,4,-180;-90,-0.011781723211672125,-0.003528029800835028,-0.0013825620303669081,0.0,88.12070974632012,88.12070974632012,0.0,0.0,5.062039375305176,5.288722991943359,False,False
2VFP_A_TYR417,46,major_only,A,B,5,-180;90,-0.01184329299846982,-0.004041121491529009,-0.0014772764534876264,0.0,88.12070974632012,88.12070974632012,0.0,0.0,5.065920352935791,5.291261196136475,False,False
2VFP_A_TYR417,47,major_only,A,B,0,-60;-90,-0.02620120786586832,-0.006699779897110249,-0.0015974673757946781,0.0,86.09303097498619,86.09303097498619,0.0,0.0,0.5577461123466492,0.37841054797172546,True,False
2VFP_A_TYR417,47,major_only,A,B,1,-60;90,-0.08485242105198505,-0.06426603600824843,-0.014915675171271682,0.0,86.09303097498619,86.09303097498619,0.0,0.0,0.5389745235443115,0.37680375576019287,True,False
2VFP_A_TYR417,47,major_only,A,B,2,60;-90,-0.027789433338778837,-0.017730010708137237,-0.006526102346263028,0.0,86.09303097498619,86.09303097498619,0.0,0.0,5.550609111785889,5.359290599822998,False,False
2VFP_A_TYR417,47,major_only,A,B,3,60;90,-0.028788635362346476,-0.01834789216892046,-0.007237786021274888,0.0,86.09303097498619,86.09303097498619,0.0,0.0,5.5365447998046875,5.344397068023682,False,False
2VFP_A_TYR417,47,major_only,A,B,4,-180;-90,-0.014057699675588424,-0.003162322635157755,-0.0012249082592526064,0.0,86.09303097498619,86.09303097498619,0.0,0.0,5.062039375305176,5.288722991943359,False,False
2VFP_A_TYR417,47,major_only,A,B,5,-180;90,-0.013874485693573003,-0.0035762130675386066,-0.0012921956058202335,0.0,86.09303097498619,86.09303097498619,0.0,0.0,5.065920352935791,5.291261196136475,False,True
2VFP_A_TYR417,48,major_only,A,B,0,-60;-90,-0.03922024632516802,-0.023463177755077856,-0.006496155987241454,0.0,116.08184477457581,116.08184477457581,0.0,0.0,0.5577461123466492,0.37841054797172546,True,False
2VFP_A_TYR417,48,major_only,A,B,1,-60;90,-0.0037080542956811286,0.010741031745167984,0.002894713294778207,0.002894713294778207,116.08184477457581,116.06845243966127,0.013392334914541948,0.00011536976295086526,0.5389745235443115,0.37680375576019287,True,True
2VFP_A_TYR417,48,major_only,A,B,2,60;-90,-0.04339098265071435,-0.03534536873423284,-0.015106906836922795,0.0,116.08184477457581,116.08184477457581,0.0,0.0,5.550609111785889,5.359290599822998,False,False
2VFP_A_TYR417,48,major_only,A,B,3,60;90,-0.04012291425864007,-0.031806512031996206,-0.014569134684911765,0.0,116.08184477457581,116.08184477457581,0.0,0.0,5.5365447998046875,5.344397068023682,False,False
2VFP_A_TYR417,48,major_only,A,B,4,-180;-90,-0.011460240722418025,-0.0029298537251615867,-0.001317775644633613,0.0,116.08184477457581,116.08184477457581,0.0,0.0,5.062039375305176,5.288722991943359,False,False
2VFP_A_TYR417,48,major_only,A,B,5,-180;90,-0.011422863187652102,-0.0033597628332747874,-0.0014096511414573324,0.0,116.08184477457581,116.08184477457581,0.0,0.0,5.065920352935791,5.291261196136475,False,False
2VFP_A_TYR417,49,major_only,A,B,0,-60;-90,-0.04845989659603358,-0.031043132095541433,-0.008638181477040914,0.0,117.25696665030522,117.25696665030522,0.0,0.0,0.5577461123466492,0.37841054797172546,True,False
2VFP_A_TYR417,49,major_only,A,B,1,-60;90,-0.011575087039844612,0.004437892918299609,0.0012020528195237953,0.0012020528195237953,117.25696665030522,117.25465728682855,0.002309363476669546,1.969489355422904e-05,0.5389745235443115,0.37680375576019287,True,True
2VFP_A_TYR417,49,major_only,A,B,2,60;-90,-0.0494059535344178,-0.04056012933145274,-0.017423265007528978,0.0,117.25696665030522,117.25696665030522,0.0,0.0,5.550609111785889,5.359290599822998,False,False
2VFP_A_TYR417,49,major_only,A,B,3,60;90,-0.05039077692689439,-0.04120479339627202,-0.01896935787091436,0.0,117.25696665030522,117.25696665030522,0.0,0.0,5.5365447998046875,5.344397068023682,False,False
2VFP_A_TYR417,49,major_only,A,B,4,-180;-90,-0.012128590637943363,-0.0027896353421555577,-0.0012610437428086398,0.0,117.25696665030522,117.25696665030522,0.0,0.0,5.062039375305176,5.288722991943359,False,False
2VFP_A_TYR417,49,major_only,A,B,5,-180;90,-0.012067583232892922,-0.003240005150467089,-0.0013662680211180614,0.0,117.25696665030522,117.25696665030522,0.0,0.0,5.065920352935791,5.291261196136475,False,False
3A1C_B_ARG447,21,minor_only,B,A,0,-60;-60;-60;-90,0.1584249909041443,0.1275879158297849,0.023554073078725906,0.023554073078725906,3.038442142675766,2.988980326682819,0.04946181599294697,0.016278676265788307,2.128148078918457,5.801382064819336,False,False
3A1C_B_ARG447,21,minor_only,B,A,1,-60;-60;-60;90,-0.19714749541784676,-0.17629761799126162,-0.033451627192646945,0.0,3.038442142675766,3.038442142675766,0.0,0.0,2.9830753803253174,5.97296667098999,False,False
3A1C_B_ARG447,21,minor_only,B,A,2,-60;-60;-60;-180,-0.0150500593905102,-0.019685024392095282,-0.004313927791069544,0.0,3.038442142675766,3.038442142675766,0.0,0.0,2.7754483222961426,6.312279224395752,False,False
3A1C_B_ARG447,21,minor_only,B,A,3,-60;-60;60;-90,-0.04163260695975696,-0.04280434189018372,-0.009247222361267316,0.0,3.038442142675766,3.038442142675766,0.0,0.0,4.382632732391357,5.694414138793945,False,False
3A1C_B_ARG447,21,minor_only,B,A,4,-60;-60;60;90,0.021154202421922126,0.01204505166729483,0.0028258344867450537,0.0028258344867450537,3.038442142675766,3.0380013155550105,0.0004408271207556602,0.00014508326966774208,4.94216775894165,5.190611362457275,False,False
3A1C_B_ARG447,21,minor_only,B,A,5,-60;-60;60;-180,0.018893967331337025,0.010028430317537643,0.002476775582012961,0.002476775582012961,3.038442142675766,3.038136568328079,0.0003055743476871875,0.00010056941463367384,4.463052272796631,6.0418925285339355,False,False
3A1C_B_ARG447,21,minor_only,B,A,6,-60;-60;-180;-90,0.06263417032440957,0.04770352079031442,0.011018221840446525,0.011018221840446525,3.038442142675766,3.0315277850530276,0.0069143576227386205,0.0022756258957919726,4.48018741607666,5.009440898895264,False,False
3A1C_B_ARG447,21,minor_only,B,A,7,-60;-60;-180;90,0.16851590960091406,0.1376864297683274,0.028142841921861533,0.028142841921861533,3.038442142675766,2.9808407148937275,0.057601427782038694,0.018957552942348514,3.2503557205200195,5.340888023376465,False,False
3A1C_B_ARG447,21,minor_only,B,A,8,-60;-60;-180;-180,0.07259913037622277,0.05638439841974529,0.01361268915893291,0.01361268915893291,3.038442142675766,3.028782326245495,0.009659816430271029,0.003179200385156662,3.8595337867736816,5.8103790283203125,False,False
3A1C_B_ARG447,21,minor_only,B,A,9,-60;60;-60;-90,0.06993326456038601,0.054223964757893796,0.01235506808908449,0.01235506808908449,3.038442142675766,3.0295083985512625,0.00893374412450365,0.0029402383540653044,5.464684963226318,4.472074031829834,False,False
3A1C_B_ARG447,21,minor_only,B,A,10,-60;60;-60;90,0.08074804562232325,0.06305617401984591,0.012724144025286786,0.012724144025286786,3.038442142675766,3.0263610503534575,0.012081092322308695,0.003976081082021075,5.8360676765441895,3.6350200176239014,False,False
3A1C_B_ARG447,21,minor_only,B,A,11,-60;60;-60;-180,0.0799628217444325,0.06272497746894283,0.014768493643636693,0.014768493643636693,3.038442142675766,3.026487626637762,0.011954516038004126,0.003934422798479398,6.118161678314209,3.6930644512176514,False,False
3A1C_B_ARG447,21,minor_only,B,A,12,-60;60;60;-90,0.17205109006693603,0.1372085840340755,0.023675090161668928,0.023675090161668928,3.038442142675766,2.9812398367831507,0.057202305892615435,0.01882619553263599,5.724428176879883,2.172981023788452,False,False
3A1C_B_ARG447,21,minor_only,B,A,13,-60;60;60;90,0.1346113597340745,0.10374305271435795,0.017503250949343886,0.017503250949343886,3.038442142675766,3.005740541504756,0.032701601171010175,0.010762620986494059,5.263510227203369,1.9187182188034058,False,False
3A1C_B_ARG447,21,minor_only,B,A,14,-60;60;60;-180,0.18115175670370984,0.14685851410767842,0.029223780367264213,0.029223780367264213,3.038442142675766,2.9729107752195274,0.06553136745623878,0.021567423165915346,5.9800286293029785,1.8930057287216187,False,False
3A1C_B_ARG447,21,minor_only,B,A,15,-60;60;-180;-90,0.07198082682181546,0.05388421322614302,0.010342450297530977,0.010342450297530977,3.038442142675766,3.029620000285246,0.008822142390520149,0.002903508435000523,4.937659740447998,3.268249273300171,False,False
3A1C_B_ARG447,21,minor_only,B,A,16,-60;60;-180;90,0.0718597702620509,0.05522703406769772,0.01237612490987238,0.01237612490987238,3.038442142675766,3.029174817292586,0.009267325383180314,0.0030500252919146123,5.021071910858154,4.280749797821045,False,False
3A1C_B_ARG447,21,minor_only,B,A,17,-60;60;-180;-180,0.07969084888140901,0.06192548713639175,0.014193382834470986,0.014193382834470986,3.038442142675766,3.0267904281844777,0.011651714491288434,0.0038347659570794057,5.615644454956055,3.4918932914733887,False,False
3A1C_B_ARG447,21,minor_only,B,A,18,-60;-180;-60;-90,0.037550979078114666,0.021818803018864283,0.0035337132822064582,0.0035337132822064582,3.038442142675766,3.0369956614074463,0.0014464812683199213,0.00047606016517599234,4.486062526702881,2.064906120300293,False,False
3A1C_B_ARG447,21,minor_only,B,A,19,-60;-180;-60;90,-0.03263491746462079,-0.03349740176802612,-0.005221695707009004,0.0,3.038442142675766,3.038442142675766,0.0,0.0,3.8766956329345703,3.062633514404297,False,False
3A1C_B_ARG447,21,minor_only,B,A,20,-60;-180;-60;-180,-0.02553825476835291,-0.02830699235721087,-0.004596115960849579,0.0,3.038442142675766,3.038442142675766,0.0,0.0,3.910501718521118,3.0734126567840576,False,False
3A1C_B_ARG447,21,minor_only,B,A,21,-60;-180;60;-90,0.4289654322673888,0.32524137572651546,0.051109443023025745,0.051109443023025745,3.038442142675766,2.7170298003124076,0.3214123423633586,0.1057819524844764,2.466658353805542,4.575314521789551,False,True
3A1C_B_ARG447,21,minor_only,B,A,22,-60;-180;60;90,0.3687705096780376,0.29330214977622826,0.049675351631240774,0.049675351631240774,3.038442142675766,2.7770566599126703,0.2613854827630959,0.0860261510633571,1.5671641826629639,5.197774410247803,False,False
3A1C_B_ARG447,21,minor_only,B,A,23,-60;-180;60;-180,0.188654376047968,0.1436069802172126,0.023874596590092553,0.023874596590092553,3.038442142675766,2.975780457420471,0.06266168525529503,0.020622964767106868,2.1622049808502197,4.808013439178467,False,False
3A1C_B_ARG447,21,minor_only,B,A,24,-60;-180;-180;-90,0.19109822719605613,0.15159133296877797,0.028012621051398876,0.028012621051398876,3.038442142675766,2.9686189481485004,0.06982319452726582,0.022979932231250878,2.940511465072632,4.753252029418945,False,False
3A1C_B_ARG447,21,minor_only,B,A,25,-60;-180;-180;90,0.09760035147854176,0.07304342356304688,0.01305640142441475,0.01305640142441475,3.038442142675766,3.022231015530487,0.01621112714527939,0.005335341725810604,4.169613361358643,3.3617734909057617,False,False
3A1C_B_ARG447,21,minor_only,B,A,26,-60;-180;-180;-180,0.07518717996830064,0.05470071937309368,0.009997269295475064,0.009997269295475064,3.038442142675766,3.0293506111998916,0.009091531475874604,0.002992168699933927,3.442338466644287,4.1824212074279785,False,False
3A1C_B_ARG447,21,minor_only,B,A,27,60;-60;-60;-90,0.11123484545531226,0.08460206552443078,0.014290936245539879,0.014290936245539879,3.038442142675766,3.01669446420171,0.02174767847405601,0.007157509490999946,5.247949123382568,1.5492297410964966,False,False
3A1C_B_ARG447,21,minor_only,B,A,28,60;-60;-60;90,0.14092814568819237,0.11105985417685062,0.01904293657492951,0.01904293657492951,3.038442142675766,3.000965112463925,0.03747703021184101,0.012334291209783356,5.1698760986328125,2.5678751468658447,False,False
3A1C_B_ARG447,21,minor_only,B,A,29,60;-60;-60;-180,0.1682644640555672,0.1360888698644219,0.027103451520562143,0.027103451520562143,3.038442142675766,2.98216964575164,0.05627249692412617,0.018520180500975574,5.9279279708862305,1.7069495916366577,False,False
3A1C_B_ARG447,21,minor_only,B,A,30,60;-60;60;-90,0.07373902332704806,0.057144899478375366,0.011584406303572827,0.011584406303572827,3.038442142675766,3.028519989729814,0.009922152945952334,0.003265539536393645,5.889894962310791,3.3690595626831055,False,False
3A1C_B_ARG447,21,minor_only,B,A,31,60;-60;60;90,0.06708531120366167,0.05191289586999994,0.01201797910326553,0.01201797910326553,3.038442142675766,3.030253696798294,0.008188445877472361,0.002694948757609486,6.590674877166748,3.339371681213379,False,False
3A1C_B_ARG447,21,minor_only,B,A,32,60;-60;60;-180,0.07933786345968712,0.06238659323729503,0.014825726038019278,0.014825726038019278,3.038442142675766,3.0266162614641328,0.011825881211633416,0.0038920870157557455,6.688555717468262,2.8729519844055176,False,False
3A1C_B_ARG447,21,minor_only,B,A,33,60;-60;-180;-90,0.05318730152474448,0.03937285894558473,0.009004524916914275,0.009004524916914275,3.038442142675766,3.0337318827549877,0.004710259920778448,0.0015502220215489824,6.65478515625,2.5558438301086426,False,False
3A1C_B_ARG447,21,minor_only,B,A,34,60;-60;-180;90,0.003625263725112838,-0.0039027622115707897,-0.0007624680177927592,0.0,3.038442142675766,3.038442142675766,0.0,0.0,6.026442527770996,1.5688310861587524,False,False
3A1C_B_ARG447,21,minor_only,B,A,35,60;-60;-180;-180,0.0699880856416433,0.05374959963379258,0.01256641383547867,0.01256641383547867,3.038442142675766,3.0296640241950827,0.008778118480683439,0.0028890194607928583,6.7356133460998535,1.6528754234313965,False,False
3A1C_B_ARG447,21,minor_only,B,A,36,60;60;-60;-90,-3.383349662626198e-05,-0.006411181557289429,-0.0015451460217123533,0.0,3.038442142675766,3.038442142675766,0.0,0.0,6.393630504608154,3.987924575805664,False,False
3A1C_B_ARG447,21,minor_only,B,A,37,60;60;-60;90,-0.014983002233413624,-0.019529479240591625,-0.004314921493035066,0.0,3.038442142675766,3.038442142675766,0.0,0.0,5.439661026000977,4.962656021118164,False,False
3A1C_B_ARG447,21,minor_only,B,A,38,60;60;-60;-180,-0.001876569847077545,-0.008037565221880622,-0.002024992003530744,0.0,3.038442142675766,3.038442142675766,0.0,0.0,6.246480464935303,4.897966384887695,False,False
3A1C_B_ARG447,21,minor_only,B,A,39,60;60;60;-90,-0.021442148850624503,-0.02520403335233002,-0.004889175671407164,0.0,3.038442142675766,3.038442142675766,0.0,0.0,4.321002960205078,5.261200904846191,False,False
3A1C_B_ARG447,21,minor_only,B,A,40,60;60;60;90,-0.02185719542340404,-0.025566181513192062,-0.004833645145022227,0.0,3.038442142675766,3.038442142675766,0.0,0.0,4.450706958770752,4.81477165222168,False,False
3A1C_B_ARG447,21,minor_only,B,A,41,60;60;60;-180,-0.0027273096504910367,-0.00898351526339385,-0.002022257765106347,0.0,3.038442142675766,3.038442142675766,0.0,0.0,5.116137981414795,5.307898998260498,False,False
3A1C_B_ARG447,21,minor_only,B,A,42,60;60;-180;-90,-0.05262214533114635,-0.05209666894094996,-0.011058546099610322,0.0,3.038442142675766,3.038442142675766,0.0,0.0,5.610131740570068,3.8418381214141846,False,False
3A1C_B_ARG447,21,minor_only,B,A,43,60;60;-180;90,-0.013243187877125192,-0.018046716011487295,-0.004280276537682939,0.0,3.038442142675766,3.038442142675766,0.0,0.0,6.44555139541626,3.2748677730560303,False,False
3A1C_B_ARG447,21,minor_only,B,A,44,60;60;-180;-180,-0.014261752905121348,-0.018946007088672445,-0.004726264955322197,0.0,3.038442142675766,3.038442142675766,0.0,0.0,6.336371421813965,4.242743492126465,False,False
3A1C_B_ARG447,21,minor_only,B,A,45,60;-180;-60;-90,0.00739041809199802,-0.001520990962673089,-0.0002611647635186468,0.0,3.038442142675766,3.038442142675766,0.0,0.0,3.8271870613098145,4.406795501708984,False,False
3A1C_B_ARG447,21,minor_only,B,A,46,60;-180;-60;90,0.35365367773903883,0.26710119239670654,0.0419808736348936,0.0419808736348936,3.038442142675766,2.82167042214562,0.21677172053014626,0.07134304697974238,2.2756948471069336,4.420001029968262,False,False
3A1C_B_ARG447,21,minor_only,B,A,47,60;-180;-60;-180,-0.045670679454493275,-0.044664404898952986,-0.0074611120309554975,0.0,3.038442142675766,3.038442142675766,0.0,0.0,3.1937174797058105,4.323214530944824,False,False
3A1C_B_ARG447,21,minor_only,B,A,48,60;-180;60;-90,0.12885544346909286,0.08958591876103898,0.013947842485417753,0.013947842485417753,3.038442142675766,3.0140567094785107,0.0243854331972555,0.008025636840259455,2.8419501781463623,3.4294683933258057,False,False
3A1C_B_ARG447,21,minor_only,B,A,49,60;-180;60;90,-0.021032231826739408,-0.02476966325786976,-0.004012100741203855,0.0,3.038442142675766,3.038442142675766,0.0,0.0,4.44354248046875,1.8515939712524414,False,False
3A1C_B_ARG447,21,minor_only,B,A,50,60;-180;60;-180,-0.06335160137199884,-0.058169540153965235,-0.009443551989947287,0.0,3.038442142675766,3.038442142675766,0.0,0.0,3.676521062850952,3.0199036598205566,False,False
3A1C_B_ARG447,21,minor_only,B,A,51,60;-180;-180;-90,-0.15962156306261713,-0.1398636488185784,-0.02527891161398631,0.0,3.038442142675766,3.038442142675766,0.0,0.0,5.389605522155762,1.7704799175262451,False,False
3A1C_B_ARG447,21,minor_only,B,A,52,60;-180;-180;90,-0.1532921184361504,-0.13557064588276632,-0.025566193926643548,0.0,3.038442142675766,3.038442142675766,0.0,0.0,5.184552192687988,3.353832721710205,False,False
3A1C_B_ARG447,21,minor_only,B,A,53,60;-180;-180;-180,-0.19843177864014752,-0.1721015127015038,-0.032028654766476775,0.0,3.038442142675766,3.038442142675766,0.0,0.0,4.966411113739014,2.9870851039886475,False,False
3A1C_B_ARG447,21,minor_only,B,A,54,-180;-60;-60;-90,-0.031600735434172494,-0.033956913459284414,-0.00648845555899891,0.0,3.038442142675766,3.038442142675766,0.0,0.0,4.270064830780029,5.011472702026367,False,False
3A1C_B_ARG447,21,minor_only,B,A,55,-180;-60;-60;90,-0.044719918679851395,-0.04534224514966645,-0.008589081223992039,0.0,3.038442142675766,3.038442142675766,0.0,0.0,5.007823467254639,4.400936126708984,False,False
3A1C_B_ARG447,21,minor_only,B,A,56,-180;-60;-60;-180,-0.04343303164426813,-0.04435303647136058,-0.010079971623768402,0.0,3.038442142675766,3.038442142675766,0.0,0.0,5.045354843139648,5.3835577964782715,False,False
3A1C_B_ARG447,21,minor_only,B,A,57,-180;-60;60;-90,-0.06843742198901205,-0.06652529236467598,-0.015103818147418801,0.0,3.038442142675766,3.038442142675766,0.0,0.0,5.124550819396973,5.354158878326416,False,False
3A1C_B_ARG447,21,minor_only,B,A,58,-180;-60;60;90,-0.08775533145975536,-0.08378457348974985,-0.02159432512587361,0.0,3.038442142675766,3.038442142675766,0.0,0.0,4.472715377807617,6.549036979675293,False,False
3A1C_B_ARG447,21,minor_only,B,A,59,-180;-60;60;-180,-0.07258609582930466,-0.0703187158227392,-0.018536772953997964,0.0,3.038442142675766,3.038442142675766,0.0,0.0,5.167666435241699,6.309057712554932,False,False
3A1C_B_ARG447,21,minor_only,B,A,60,-180;-60;-180;-90,-0.07709376421501625,-0.07421004770731558,-0.019263247666773793,0.0,3.038442142675766,3.038442142675766,0.0,0.0,3.568673849105835,6.912996292114258,False,False
3A1C_B_ARG447,21,minor_only,B,A,61,-180;-60;-180;90,-0.007879865915212067,-0.013354574112559995,-0.0030945340692060752,0.0,3.038442142675766,3.038442142675766,0.0,0.0,3.486623764038086,6.290804386138916,False,False
3A1C_B_ARG447,21,minor_only,B,A,62,-180;-60;-180;-180,-0.05514342856621676,-0.05482045045765058,-0.014587606635151637,0.0,3.038442142675766,3.038442142675766,0.0,0.0,4.259322166442871,6.807778835296631,False,False
3A1C_B_ARG447,21,minor_only,B,A,63,-180;60;-60;-90,-0.28922409721338077,-0.2617434736179591,-0.06681065867315289,0.0,3.038442142675766,3.038442142675766,0.0,0.0,4.141026020050049,6.712882041931152,False,False
3A1C_B_ARG447,21,minor_only,B,A,64,-180;60;-60;90,-0.26459524089020975,-0.23888736478961162,-0.05306357987117373,0.0,3.038442142675766,3.038442142675766,0.0,0.0,4.05928897857666,5.888300895690918,False,False
3A1C_B_ARG447,21,minor_only,B,A,65,-180;60;-60;-180,-0.28911744617412527,-0.2612890652656007,-0.0680528340390851,0.0,3.038442142675766,3.038442142675766,0.0,0.0,3.8624444007873535,6.85097074508667,False,False
3A1C_B_ARG447,21,minor_only,B,A,66,-180;60;60;-90,-0.17466468365387366,-0.1571154259615527,-0.02899400105327861,0.0,3.038442142675766,3.038442142675766,0.0,0.0,3.050909996032715,5.397755146026611,False,False
3A1C_B_ARG447,21,minor_only,B,A,67,-180;60;60;90,-0.011826651583568909,-0.01697283462386008,-0.0031707061733108766,0.0,3.038442142675766,3.038442142675766,0.0,0.0,1.6793491840362549,5.852832794189453,False,False
3A1C_B_ARG447,21,minor_only,B,A,68,-180;60;60;-180,-0.19876282556872982,-0.17936514236189188,-0.03970882772760725,0.0,3.038442142675766,3.038442142675766,0.0,0.0,2.515536069869995,6.330870628356934,False,False
3A1C_B_ARG447,21,minor_only,B,A,69,-180;60;-180;-90,-0.2510250948424061,-0.22515361997600852,-0.05146121430872783,0.0,3.038442142675766,3.038442142675766,0.0,0.0,1.7771700620651245,6.723423004150391,False,False
3A1C_B_ARG447,21,minor_only,B,A,70,-180;60;-180;90,-0.3380810305082105,-0.3036715030578092,-0.07863366597649561,0.0,3.038442142675766,3.038442142675766,0.0,0.0,3.20855712890625,7.10244083404541,False,False
3A1C_B_ARG447,21,minor_only,B,A,71,-180;60;-180;-180,-0.34050307018313947,-0.3052901964263867,-0.08084174881570831,0.0,3.038442142675766,3.038442142675766,0.0,0.0,2.5977535247802734,7.250709056854248,False,False
3A1C_B_ARG447,21,minor_only,B,A,72,-180;-180;-60;-90,0.3709179936412917,0.2965700751709586,0.05016194192650217,0.05016194192650217,3.038442142675766,2.7711995813218695,0.2672425613538967,0.08795380948690794,1.0212411880493164,5.240447521209717,False,False
3A1C_B_ARG447,21,minor_only,B,A,73,-180;-180;-60;90,0.24412792341564332,0.1789135261717767,0.02787599022304559,0.02787599022304559,3.038442142675766,2.941181458230824,0.09726068444494196,0.032010049847218926,2.6263039112091064,3.628183126449585,False,False
3A1C_B_ARG447,21,minor_only,B,A,74,-180;-180;-60;-180,0.17466932509850147,0.13269677805509428,0.02189230457850625,0.02189230457850625,3.038442142675766,2.9849399319901964,0.05350221068556982,0.017608434906202876,1.9351181983947754,4.650317192077637,False,False
3A1C_B_ARG447,21,minor_only,B,A,75,-180;-180;60;-90,0.00878120735755522,-0.001686703666331284,-0.00026325623038890404,0.0,3.038442142675766,3.038442142675766,0.0,0.0,3.5941731929779053,3.0803585052490234,False,False
3A1C_B_ARG447,21,minor_only,B,A,76,-180;-180;60;90,0.09103896294886556,0.06745491970902467,0.011582403906086619,0.011582403906086619,3.038442142675766,3.024616725958926,0.013825416716840344,0.004550166192950827,3.693002462387085,4.538464546203613,False,False
3A1C_B_ARG447,21,minor_only,B,A,77,-180;-180;60;-180,-0.025166724951425065,-0.028149874796299736,-0.004665370043286046,0.0,3.038442142675766,3.038442142675766,0.0,0.0,3.322307586669922,4.185196399688721,False,False
3A1C_B_ARG447,21,minor_only,B,A,78,-180;-180;-180;-90,0.30198017407405325,0.24985057947161057,0.050327440229918884,0.050327440229918884,3.038442142675766,2.848766443735989,0.18967569893977698,0.062425312062299614,2.829516887664795,5.958963871002197,False,False
3A1C_B_ARG447,21,minor_only,B,A,79,-180;-180;-180;90,0.3019786550049903,0.2495476172517906,0.04988556181566755,0.04988556181566755,3.038442142675766,2.849226156344278,0.1892159863314884,0.06227401327604602,1.206573486328125,6.2115254402160645,False,False
3A1C_B_ARG447,21,minor_only,B,A,80,-180;-180;-180;-180,0.2797353782581342,0.22967439160884331,0.045754276120893736,0.045754276120893736,3.038442142675766,2.878163328628619,0.1602788140471474,0.05275032616089239,2.061415433883667,5.927065849304199,False,False
3A1C_B_ARG447,40,major_only,A,B,0,-60;-60;-60;-90,0.027813121479703773,0.02797463131065555,0.004915835254907329,0.004915835254907329,2.752985461746478,2.750831030392174,0.002154431354304265,0.0007825799969671855,5.801382064819336,2.128148078918457,False,False
3A1C_B_ARG447,40,major_only,A,B,1,-60;-60;-60;90,-0.10035337450859547,-0.08209418936412731,-0.014827218783764726,0.0,2.752985461746478,2.752985461746478,0.0,0.0,5.97296667098999,2.9830753803253174,False,False
3A1C_B_ARG447,40,major_only,A,B,2,-60;-60;-60;-180,-0.06001946522465274,-0.04767061228998089,-0.009944068737532223,0.0,2.752985461746478,2.752985461746478,0.0,0.0,6.312279224395752,2.7754483222961426,False,False
3A1C_B_ARG447,40,major_only,A,B,3,-60;-60;60;-90,-0.08902820867262434,-0.0736561592942699,-0.015146385967267256,0.0,2.752985461746478,2.752985461746478,0.0,0.0,5.694414138793945,4.382632732391357,False,False
3A1C_B_ARG447,40,major_only,A,B,4,-60;-60;60;90,-0.08293733173515537,-0.06848998033766902,-0.01529472133672612,0.0,2.752985461746478,2.752985461746478,0.0,0.0,5.190611362457275,4.94216775894165,False,False
3A1C_B_ARG447,40,major_only,A,B,5,-60;-60;60;-180,-0.08415731384483591,-0.06946098915411944,-0.016329434056100073,0.0,2.752985461746478,2.752985461746478,0.0,0.0,6.0418925285339355,4.463052272796631,False,False
3A1C_B_ARG447,40,major_only,A,B,6,-60;-60;-180;-90,-0.06894463492400807,-0.05568182198357599,-0.012241960942303258,0.0,2.752985461746478,2.752985461746478,0.0,0.0,5.009440898895264,4.48018741607666,False,False
3A1C_B_ARG447,40,major_only,A,B,7,-60;-60;-180;90,-0.0397982670569953,-0.02989308455220016,-0.005815994892829107,0.0,2.752985461746478,2.752985461746478,0.0,0.0,5.340888023376465,3.2503557205200195,False,False
3A1C_B_ARG447,40,major_only,A,B,8,-60;-60;-180;-180,-0.06666193420060966,-0.05373649436910197,-0.012348971282974491,0.0,2.752985461746478,2.752985461746478,0.0,0.0,5.8103790283203125,3.8595337867736816,False,False
3A1C_B_ARG447,40,major_only,A,B,9,-60;60;-60;-90,-0.06926607817554756,-0.05613253998797934,-0.012174329218910535,0.0,2.752985461746478,2.752985461746478,0.0,0.0,4.472074031829834,5.464684963226318,False,False
3A1C_B_ARG447,40,major_only,A,B,10,-60;60;-60;90,-0.11558187921862643,-0.09567992407408166,-0.018378000358511466,0.0,2.752985461746478,2.752985461746478,0.0,0.0,3.6350200176239014,5.8360676765441895,False,False
3A1C_B_ARG447,40,major_only,A,B,11,-60;60;-60;-180,-0.057329331996345365,-0.04560678036745931,-0.010221192649770774,0.0,2.752985461746478,2.752985461746478,0.0,0.0,3.6930644512176514,6.118161678314209,False,False
3A1C_B_ARG447,40,major_only,A,B,12,-60;60;60;-90,-0.0058896246476121605,-0.000466655588910846,-7.664490743684093e-05,0.0,2.752985461746478,2.752985461746478,0.0,0.0,2.172981023788452,5.724428176879883,False,False
3A1C_B_ARG447,40,major_only,A,B,13,-60;60;60;90,0.24380605676474407,0.20608326085696552,0.03309625752609203,0.03309625752609203,2.752985461746478,2.6360653146444415,0.11692014710203669,0.04247031040544007,1.9187182188034058,5.263510227203369,False,True
3A1C_B_ARG447,40,major_only,A,B,14,-60;60;60;-180,0.2206524667621907,0.19176680017481285,0.0363234558144635,0.0363234558144635,2.752985461746478,2.651745782331078,0.10123967941540002,0.0367745056492867,1.8930057287216187,5.9800286293029785,False,False
3A1C_B_ARG447,40,major_only,A,B,15,-60;60;-180;-90,0.02811622821204732,0.028189250219237887,0.005150173910999308,0.005150173910999308,2.752985461746478,2.7507978463707947,0.0021876153756834604,0.0007946338279228143,3.268249273300171,4.937659740447998,False,False
3A1C_B_ARG447,40,major_only,A,B,16,-60;60;-180;90,-0.03280323103998788,-0.024105834811426544,-0.005141994564772769,0.0,2.752985461746478,2.752985461746478,0.0,0.0,4.280749797821045,5.021071910858154,False,False
3A1C_B_ARG447,40,major_only,A,B,17,-60;60;-180;-180,-0.00768271838341727,-0.0024378671882512187,-0.0005318669459799412,0.0,2.752985461746478,2.752985461746478,0.0,0.0,3.4918932914733887,5.615644454956055,False,False
3A1C_B_ARG447,40,major_only,A,B,18,-60;-180;-60;-90,0.10377293044985772,0.08752080945194067,0.013492368267318906,0.013492368267318906,2.752985461746478,2.731897890192082,0.021087571554396334,0.007659892087122937,2.064906120300293,4.486062526702881,False,False
3A1C_B_ARG447,40,major_only,A,B,19,-60;-180;-60;90,0.13245984820487608,0.10656466251170832,0.015812120850083707,0.015812120850083707,2.752985461746478,2.7217224836967486,0.03126297804972955,0.011356027296234429,3.062633514404297,3.8766956329345703,False,False
3A1C_B_ARG447,40,major_only,A,B,20,-60;-180;-60;-180,0.00782119152956746,0.011229885216758488,0.0017355975985605438,0.0017355975985605438,2.752985461746478,2.752638281863487,0.00034717988299126645,0.00012611032198151076,3.0734126567840576,3.910501718521118,False,False
3A1C_B_ARG447,40,major_only,A,B,21,-60;-180;60;-90,0.09850757456918567,0.08178683648387051,0.012233627207429971,0.012233627207429971,2.752985461746478,2.734570503523641,0.018414958222837008,0.006689086622039284,4.575314521789551,2.466658353805542,False,False
3A1C_B_ARG447,40,major_only,A,B,22,-60;-180;60;90,0.03947730142878183,0.03698076207252278,0.0059618086633843265,0.0059618086633843265,2.752985461746478,2.749220542798838,0.0037649189476400835,0.0013675767634645046,5.197774410247803,1.5671641826629639,False,False
3A1C_B_ARG447,40,major_only,A,B,23,-60;-180;60;-180,-0.09464234540750585,-0.07110380828743823,-0.011252002695738613,0.0,2.752985461746478,2.752985461746478,0.0,0.0,4.808013439178467,2.1622049808502197,False,False
3A1C_B_ARG447,40,major_only,A,B,24,-60;-180;-180;-90,-0.013304725322025446,-0.006494795944404345,-0.0011424083236635056,0.0,2.752985461746478,2.752985461746478,0.0,0.0,4.753252029418945,2.940511465072632,False,False
3A1C_B_ARG447,40,major_only,A,B,25,-60;-180;-180;90,0.017859617704535542,0.01939121032233267,0.0032993148669468305,0.0032993148669468305,2.752985461746478,2.7519502868021712,0.001035174944306938,0.00037601903776499746,3.3617734909057617,4.169613361358643,False,False
3A1C_B_ARG447,40,major_only,A,B,26,-60;-180;-180;-180,-0.04046873802796467,-0.0288258142936947,-0.005014716789409081,0.0,2.752985461746478,2.752985461746478,0.0,0.0,4.1824212074279785,3.442338466644287,False,False
3A1C_B_ARG447,40,major_only,A,B,27,60;-60;-60;-90,0.23834459781105338,0.20186942416530565,0.03245837198488286,0.03245837198488286,2.752985461746478,2.640797823270165,0.11218763847631319,0.04075126441283202,1.5492297410964966,5.247949123382568,False,False
3A1C_B_ARG447,40,major_only,A,B,28,60;-60;-60;90,0.0969032031904437,0.08580816512711043,0.014004961228422874,0.014004961228422874,2.752985461746478,2.732715116361806,0.020270345384671984,0.007363041202481539,2.5678751468658447,5.1698760986328125,False,False
3A1C_B_ARG447,40,major_only,A,B,29,60;-60;-60;-180,0.22834042271607008,0.19849644164289404,0.037629737765277,0.037629737765277,2.752985461746478,2.6445155293553557,0.10846993239112246,0.039400837344890936,1.7069495916366577,5.9279279708862305,False,False
3A1C_B_ARG447,40,major_only,A,B,30,60;-60;60;-90,-0.12610993606414908,-0.1049800890380956,-0.02025721410872732,0.0,2.752985461746478,2.752985461746478,0.0,0.0,3.3690595626831055,5.889894962310791,False,False
3A1C_B_ARG447,40,major_only,A,B,31,60;-60;60;90,-0.1328237645008955,-0.11164426545096294,-0.024601924577708167,0.0,2.752985461746478,2.752985461746478,0.0,0.0,3.339371681213379,6.590674877166748,False,False
3A1C_B_ARG447,40,major_only,A,B,32,60;-60;60;-180,-0.11450546238568528,-0.09544025538165636,-0.021589011923536506,0.0,2.752985461746478,2.752985461746478,0.0,0.0,2.8729519844055176,6.688555717468262,False,False
3A1C_B_ARG447,40,major_only,A,B,33,60;-60;-180;-90,-0.10335962915960269,-0.08530946668715167,-0.018571096796185786,0.0,2.752985461746478,2.752985461746478,0.0,0.0,2.5558438301086426,6.65478515625,False,False
3A1C_B_ARG447,40,major_only,A,B,34,60;-60;-180;90,-0.025769675480792318,-0.01756978645267332,-0.0032673262114620316,0.0,2.752985461746478,2.752985461746478,0.0,0.0,1.5688310861587524,6.026442527770996,False,False
3A1C_B_ARG447,40,major_only,A,B,35,60;-60;-180;-180,-0.06508831987168602,-0.05205566283232701,-0.011584587610154339,0.0,2.752985461746478,2.752985461746478,0.0,0.0,1.6528754234313965,6.7356133460998535,False,False
3A1C_B_ARG447,40,major_only,A,B,36,60;60;-60;-90,-0.026901599287039127,-0.019620132906744473,-0.004501008889682409,0.0,2.752985461746478,2.752985461746478,0.0,0.0,3.987924575805664,6.393630504608154,False,False
3A1C_B_ARG447,40,major_only,A,B,37,60;60;-60;90,-0.015039941730726349,-0.009176495936060666,-0.0019299034640620195,0.0,2.752985461746478,2.752985461746478,0.0,0.0,4.962656021118164,5.439661026000977,False,False
3A1C_B_ARG447,40,major_only,A,B,38,60;60;-60;-180,-0.006241814157183841,-0.0014980004953983684,-0.0003592421053550202,0.0,2.752985461746478,2.752985461746478,0.0,0.0,4.897966384887695,6.246480464935303,False,False
3A1C_B_ARG447,40,major_only,A,B,39,60;60;60;-90,-0.044283737987589875,-0.0340901604375003,-0.006294643156741282,0.0,2.752985461746478,2.752985461746478,0.0,0.0,5.261200904846191,4.321002960205078,False,False
3A1C_B_ARG447,40,major_only,A,B,40,60;60;60;90,-0.09514410423471137,-0.07715401501987405,-0.013884936594252387,0.0,2.752985461746478,2.752985461746478,0.0,0.0,4.81477165222168,4.450706958770752,False,False
3A1C_B_ARG447,40,major_only,A,B,41,60;60;60;-180,-0.029141744122060304,-0.021140744844422903,-0.004529882736382898,0.0,2.752985461746478,2.752985461746478,0.0,0.0,5.307898998260498,5.116137981414795,False,False
3A1C_B_ARG447,40,major_only,A,B,42,60;60;-180;-90,-0.04838785088638664,-0.037565453896082755,-0.0075901995081014235,0.0,2.752985461746478,2.752985461746478,0.0,0.0,3.8418381214141846,5.610131740570068,False,False
3A1C_B_ARG447,40,major_only,A,B,43,60;60;-180;90,-0.03423944851589938,-0.02579420752844992,-0.005823342145706691,0.0,2.752985461746478,2.752985461746478,0.0,0.0,3.2748677730560303,6.44555139541626,False,False
3A1C_B_ARG447,40,major_only,A,B,44,60;60;-180;-180,-0.010471028123720525,-0.005050743724275701,-0.001199311989917452,0.0,2.752985461746478,2.752985461746478,0.0,0.0,4.242743492126465,6.336371421813965,False,False
3A1C_B_ARG447,40,major_only,A,B,45,60;-180;-60;-90,0.00379029680005259,0.007819982733457197,0.0012781158344718226,0.0012781158344718226,2.752985461746478,2.7528171108217667,0.00016835092471145785,6.11521299515534e-05,4.406795501708984,3.8271870613098145,False,False
3A1C_B_ARG447,40,major_only,A,B,46,60;-180;-60;90,0.19608835717325107,0.1578871983657661,0.023621041206783273,0.023621041206783273,2.752985461746478,2.6843580286877557,0.06862743305872243,0.024928367407790662,4.420001029968262,2.2756948471069336,False,False
3A1C_B_ARG447,40,major_only,A,B,47,60;-180;-60;-180,0.0644639253336896,0.056842464149096064,0.009038396291718077,0.009038396291718077,2.752985461746478,2.744090384764351,0.008895076982127215,0.00323106573054121,4.323214530944824,3.1937174797058105,False,False
3A1C_B_ARG447,40,major_only,A,B,48,60;-180;60;-90,0.16125251408560015,0.12820282324778437,0.018999463813167503,0.018999463813167503,2.752985461746478,2.70773749211109,0.04524796963538824,0.016435963888702554,3.4294683933258057,2.8419501781463623,False,False
3A1C_B_ARG447,40,major_only,A,B,49,60;-180;60;90,0.21940891842702112,0.17961896562699758,0.027693662261470527,0.027693662261470527,2.752985461746478,2.664165966639808,0.08881949510667031,0.03226297281291261,1.8515939712524414,4.44354248046875,False,False
3A1C_B_ARG447,40,major_only,A,B,50,60;-180;60;-180,0.13821677605606952,0.11421937295444957,0.01765045844698668,0.01765045844698668,2.752985461746478,2.7170698340332105,0.03591562771326773,0.013046065158107686,3.0199036598205566,3.676521062850952,False,False
3A1C_B_ARG447,40,major_only,A,B,51,60;-180;-180;-90,0.12032095393057195,0.10445095981909773,0.017969766169782842,0.017969766169782842,2.752985461746478,2.7229503820802368,0.030035079666241415,0.010910003007130787,1.7704799175262451,5.389605522155762,False,False
3A1C_B_ARG447,40,major_only,A,B,52,60;-180;-180;90,0.07782450575634216,0.06965388691361905,0.012503230675334214,0.012503230675334214,2.752985461746478,2.7396289013933304,0.013356560353147806,0.0048516639621752605,3.353832721710205,5.184552192687988,False,False
3A1C_B_ARG447,40,major_only,A,B,53,60;-180;-180;-180,0.08115668977103611,0.07196036239433375,0.01274746493205512,0.01274746493205512,2.752985461746478,2.738729694319767,0.014255767426710975,0.005178293755923868,2.9870851039886475,4.966411113739014,False,False
3A1C_B_ARG447,40,major_only,A,B,54,-180;-60;-60;-90,-0.13895742448019777,-0.11551619104131504,-0.02101031000042718,0.0,2.752985461746478,2.752985461746478,0.0,0.0,5.011472702026367,4.270064830780029,False,False
3A1C_B_ARG447,40,major_only,A,B,55,-180;-60;-60;90,-0.07230099397559632,-0.05843011672797465,-0.010535542816546777,0.0,2.752985461746478,2.752985461746478,0.0,0.0,4.400936126708984,5.007823467254639,False,False
3A1C_B_ARG447,40,major_only,A,B,56,-180;-60;-60;-180,-0.08683858872063542,-0.07163195787924147,-0.015495987131207579,0.0,2.752985461746478,2.752985461746478,0.0,0.0,5.3835577964782715,5.045354843139648,False,False
3A1C_B_ARG447,40,major_only,A,B,57,-180;-60;60;-90,-0.07194952325475086,-0.05940963871805738,-0.012839063326596322,0.0,2.752985461746478,2.752985461746478,0.0,0.0,5.354158878326416,5.124550819396973,False,False
3A1C_B_ARG447,40,major_only,A,B,58,-180;-60;60;90,-0.08255439103218362,-0.06914610339372926,-0.016963667732785005,0.0,2.752985461746478,2.752985461746478,0.0,0.0,6.549036979675293,4.472715377807617,False,False
3A1C_B_ARG447,40,major_only,A,B,59,-180;-60;60;-180,-0.0790688178429953,-0.06595668030107885,-0.016550017673301883,0.0,2.752985461746478,2.752985461746478,0.0,0.0,6.309057712554932,5.167666435241699,False,False
3A1C_B_ARG447,40,major_only,A,B,60,-180;-60;-180;-90,-0.08149552744739436,-0.0679344439859996,-0.016785461887843495,0.0,2.752985461746478,2.752985461746478,0.0,0.0,6.912996292114258,3.568673849105835,False,False
3A1C_B_ARG447,40,major_only,A,B,61,-180;-60;-180;90,-0.09174014593048449,-0.0760270123468651,-0.016769094938687584,0.0,2.752985461746478,2.752985461746478,0.0,0.0,6.290804386138916,3.486623764038086,False,False
3A1C_B_ARG447,40,major_only,A,B,62,-180;-60;-180;-180,-0.07769624749743284,-0.06444987236473855,-0.01632450341294075,0.0,2.752985461746478,2.752985461746478,0.0,0.0,6.807778835296631,4.259322166442871,False,False
3A1C_B_ARG447,40,major_only,A,B,63,-180;60;-60;-90,-0.10376378422794717,-0.08782286554191693,-0.021338012667973878,0.0,2.752985461746478,2.752985461746478,0.0,0.0,6.712882041931152,4.141026020050049,False,False
3A1C_B_ARG447,40,major_only,A,B,64,-180;60;-60;90,-0.09608968194115036,-0.08053289077166642,-0.017027587793539224,0.0,2.752985461746478,2.752985461746478,0.0,0.0,5.888300895690918,4.05928897857666,False,False
3A1C_B_ARG447,40,major_only,A,B,65,-180;60;-60;-180,-0.10175502070312872,-0.08588814461430626,-0.021292893173879893,0.0,2.752985461746478,2.752985461746478,0.0,0.0,6.85097074508667,3.8624444007873535,False,False
3A1C_B_ARG447,40,major_only,A,B,66,-180;60;60;-90,-0.07379329911354766,-0.05934076446298248,-0.010423628711829266,0.0,2.752985461746478,2.752985461746478,0.0,0.0,5.397755146026611,3.050909996032715,False,False
3A1C_B_ARG447,40,major_only,A,B,67,-180;60;60;90,0.0503381151358834,0.04737595436860108,0.008424343441038205,0.008424343441038205,2.752985461746478,2.7468064380402324,0.00617902370624579,0.0022444810523357625,5.852832794189453,1.6793491840362549,False,False
3A1C_B_ARG447,40,major_only,A,B,68,-180;60;60;-180,-0.0627835220704413,-0.05052049868668989,-0.010646163260143131,0.0,2.752985461746478,2.752985461746478,0.0,0.0,6.330870628356934,2.515536069869995,False,False
3A1C_B_ARG447,40,major_only,A,B,69,-180;60;-180;-90,0.04800691307278652,0.045862201856892604,0.009977746617725696,0.009977746617725696,2.752985461746478,2.747194993013017,0.005790468733461118,0.0021033415591623496,6.723423004150391,1.7771700620651245,False,False
3A1C_B_ARG447,40,major_only,A,B,70,-180;60;-180;90,-0.0872749833128888,-0.07284859146381815,-0.017955690743915086,0.0,2.752985461746478,2.752985461746478,0.0,0.0,7.10244083404541,3.20855712890625,False,False
3A1C_B_ARG447,40,major_only,A,B,71,-180;60;-180;-180,-0.07838568547338573,-0.06487806150245352,-0.01635299033457013,0.0,2.752985461746478,2.752985461746478,0.0,0.0,7.250709056854248,2.5977535247802734,False,False
3A1C_B_ARG447,40,major_only,A,B,72,-180;-180;-60;-90,0.08330246818521753,0.07302821998420132,0.011757478746666541,0.011757478746666541,2.752985461746478,2.7383034574043323,0.014682004342145838,0.005333120914060933,5.240447521209717,1.0212411880493164,False,False
3A1C_B_ARG447,40,major_only,A,B,73,-180;-180;-60;90,0.10533868216176738,0.08615050880167506,0.012776780930295911,0.012776780930295911,2.752985461746478,2.7325530509589235,0.020432410787554645,0.007421910166787601,3.628183126449585,2.6263039112091064,False,False
3A1C_B_ARG447,40,major_only,A,B,74,-180;-180;-60;-180,-0.07406579893991705,-0.05471987168116144,-0.008593155035796659,0.0,2.752985461746478,2.752985461746478,0.0,0.0,4.650317192077637,1.9351181983947754,False,False
3A1C_B_ARG447,40,major_only,A,B,75,-180;-180;60;-90,0.18271835435824674,0.14605987104408788,0.02169937652190375,0.02169937652190375,2.752985461746478,2.694254685134424,0.05873077661205439,0.02133348592941567,3.0803585052490234,3.5941731929779053,False,False
3A1C_B_ARG447,40,major_only,A,B,76,-180;-180;60;90,-0.057126539756149244,-0.042378450701303194,-0.006926384952356896,0.0,2.752985461746478,2.752985461746478,0.0,0.0,4.538464546203613,3.693002462387085,False,False
3A1C_B_ARG447,40,major_only,A,B,77,-180;-180;60;-180,-0.011781834387208676,-0.004668502747824736,-0.000736484686390283,0.0,2.752985461746478,2.752985461746478,0.0,0.0,4.185196399688721,3.322307586669922,False,False
3A1C_B_ARG447,40,major_only,A,B,78,-180;-180;-180;-90,0.09728982072662326,0.08708001161290356,0.016696268971158466,0.016696268971158466,2.752985461746478,2.7321097700418617,0.02087569170461645,0.007582928422503557,5.958963871002197,2.829516887664795,False,False
3A1C_B_ARG447,40,major_only,A,B,79,-180;-180;-180;90,0.2327997505737977,0.20212942740812836,0.03846160996029889,0.03846160996029889,2.752985461746478,2.6405086468926022,0.11247681485387595,0.04085630542433788,6.2115254402160645,1.206573486328125,False,False
3A1C_B_ARG447,40,major_only,A,B,80,-180;-180;-180;-180,0.11004792926680064,0.09752647360025822,0.018493457291852596,0.018493457291852596,2.752985461746478,2.7268006798911735,0.026184781855304706,0.009511413052901933,5.927065849304199,2.061415433883667,False,False
3A1C_B_ARG447,45,minor_only,B,A,0,-60;-60;-60;-90,0.1296859584740166,0.06603691678172104,0.012784686794745223,0.012784686794745223,3.3415243538851795,3.3269523859467394,0.014571967938440178,0.004360874378035701,2.128148078918457,5.801382064819336,False,False
3A1C_B_ARG447,45,minor_only,B,A,1,-60;-60;-60;90,-0.20505050699677607,-0.21807464530749304,-0.0433933129256807,0.0,3.3415243538851795,3.3415243538851795,0.0,0.0,2.9830753803253174,5.97296667098999,False,False
3A1C_B_ARG447,45,minor_only,B,A,2,-60;-60;-60;-180,-0.030306915096916565,-0.06792572789573628,-0.01561054426078667,0.0,3.3415243538851795,3.3415243538851795,0.0,0.0,2.7754483222961426,6.312279224395752,False,False
3A1C_B_ARG447,45,minor_only,B,A,3,-60;-60;60;-90,-0.04421135309541803,-0.07897574900840997,-0.017892213014551125,0.0,3.3415243538851795,3.3415243538851795,0.0,0.0,4.382632732391357,5.694414138793945,False,False
3A1C_B_ARG447,45,minor_only,B,A,4,-60;-60;60;90,0.015652995139762163,-0.026670372240390313,-0.006561663590559934,0.0,3.3415243538851795,3.3415243538851795,0.0,0.0,4.94216775894165,5.190611362457275,False,False
3A1C_B_ARG447,45,minor_only,B,A,5,-60;-60;60;-180,0.011053349366009511,-0.03083113685088646,-0.007985278455432995,0.0,3.3415243538851795,3.3415243538851795,0.0,0.0,4.463052272796631,6.0418925285339355,False,False
3A1C_B_ARG447,45,minor_only,B,A,6,-60;-60;-180;-90,0.05510226228707254,0.006297382198096613,0.0015253445706169145,0.0015253445706169145,3.3415243538851795,3.341391838978531,0.00013251490664867305,3.9657022548585764e-05,4.48018741607666,5.009440898895264,False,False
3A1C_B_ARG447,45,minor_only,B,A,7,-60;-60;-180;90,0.15591496868939078,0.09058126743415315,0.019416101582161185,0.019416101582161185,3.3415243538851795,3.31410726014004,0.027417093745139454,0.008204966009977359,3.2503557205200195,5.340888023376465,False,False
3A1C_B_ARG447,45,minor_only,B,A,8,-60;-60;-180;-180,0.06279089496407289,0.013028983278233312,0.0032986962975953666,0.0032986962975953666,3.3415243538851795,3.3409571154058098,0.0005672384793697915,0.0001697544052642517,3.8595337867736816,5.8103790283203125,False,False
3A1C_B_ARG447,45,minor_only,B,A,9,-60;60;-60;-90,0.0536986886645596,0.005492788854316076,0.0013124827634018413,0.0013124827634018413,3.3415243538851795,3.341423537658122,0.00010081622705770954,3.0170729397944036e-05,5.464684963226318,4.472074031829834,False,False
3A1C_B_ARG447,45,minor_only,B,A,10,-60;60;-60;90,0.08007263622376687,0.0271146682445126,0.005737888241756223,0.005737888241756223,3.3415243538851795,3.339067647690632,0.002456706194547742,0.0007352052340098427,5.8360676765441895,3.6350200176239014,False,False
3A1C_B_ARG447,45,minor_only,B,A,11,-60;60;-60;-180,0.06520023190754497,0.015015405682111491,0.0037074865708937683,0.0037074865708937683,3.3415243538851795,3.340770965758636,0.0007533881265433529,0.00022546240779822266,6.118161678314209,3.6930644512176514,False,False
3A1C_B_ARG447,45,minor_only,B,A,12,-60;60;60;-90,0.14046165559595233,0.07241622934348799,0.013103674503032398,0.013103674503032398,3.3415243538851795,3.3240010316957345,0.01752332218944508,0.005244110272328487,5.724428176879883,2.172981023788452,False,False
3A1C_B_ARG447,45,minor_only,B,A,13,-60;60;60;90,0.006496938771959593,-0.04138708400540319,-0.007322701896158047,0.0,3.3415243538851795,3.3415243538851795,0.0,0.0,5.263510227203369,1.9187182188034058,False,False
3A1C_B_ARG447,45,minor_only,B,A,14,-60;60;60;-180,0.13551172144537912,0.07092136834206586,0.014799982488435897,0.014799982488435897,3.3415243538851795,3.3247170194000044,0.01680733448517513,0.005029840487510826,5.9800286293029785,1.8930057287216187,False,False
3A1C_B_ARG447,45,minor_only,B,A,15,-60;60;-180;-90,-0.02923664979373883,-0.06881495278375638,-0.013851332115744358,0.0,3.3415243538851795,3.3415243538851795,0.0,0.0,4.937659740447998,3.268249273300171,False,False
3A1C_B_ARG447,45,minor_only,B,A,16,-60;60;-180;90,0.03615316362874956,-0.010977160090732234,-0.0025797034914979257,0.0,3.3415243538851795,3.3415243538851795,0.0,0.0,5.021071910858154,4.280749797821045,False,False
3A1C_B_ARG447,45,minor_only,B,A,17,-60;60;-180;-180,0.038208161956472135,-0.009303521371826714,-0.002236200163338853,0.0,3.3415243538851795,3.3415243538851795,0.0,0.0,5.615644454956055,3.4918932914733887,False,False
3A1C_B_ARG447,45,minor_only,B,A,18,-60;-180;-60;-90,-0.049584554343935223,-0.08959927442656443,-0.015217794321493467,0.0,3.3415243538851795,3.3415243538851795,0.0,0.0,4.486062526702881,2.064906120300293,False,False
3A1C_B_ARG447,45,minor_only,B,A,19,-60;-180;-60;90,-0.030973904750709196,-0.07708900446235256,-0.012602006655063985,0.0,3.3415243538851795,3.3415243538851795,0.0,0.0,3.8766956329345703,3.062633514404297,False,False
3A1C_B_ARG447,45,minor_only,B,A,20,-60;-180;-60;-180,-0.027814517523616834,-0.07276662655509321,-0.01239014307105699,0.0,3.3415243538851795,3.3415243538851795,0.0,0.0,3.910501718521118,3.0734126567840576,False,False
3A1C_B_ARG447,45,minor_only,B,A,21,-60;-180;60;-90,0.3649589989112233,0.23069387724727616,0.038017036243541115,0.038017036243541115,3.3415243538851795,3.1636895471841373,0.17783480670104224,0.05321966499938098,2.466658353805542,4.575314521789551,False,True
3A1C_B_ARG447,45,minor_only,B,A,22,-60;-180;60;90,0.30022910708983386,0.19626559002787403,0.03485914235518184,0.03485914235518184,3.3415243538851795,3.2128082281875265,0.128716125697653,0.038520181828989274,1.5671641826629639,5.197774410247803,False,False
3A1C_B_ARG447,45,minor_only,B,A,23,-60;-180;60;-180,0.13948119107048626,0.06221183687410458,0.010846268382971655,0.010846268382971655,3.3415243538851795,3.3285916099172437,0.012932743967935867,0.0038703126472500516,2.1622049808502197,4.808013439178467,False,False
3A1C_B_ARG447,45,minor_only,B,A,24,-60;-180;-180;-90,0.14355234402815137,0.07295562928227287,0.014137903472378966,0.014137903472378966,3.3415243538851795,3.323739010836412,0.017785343048767555,0.0053225238439721665,2.940511465072632,4.753252029418945,False,False
3A1C_B_ARG447,45,minor_only,B,A,25,-60;-180;-180;90,-0.008353707534535987,-0.05373268165139619,-0.010072278349746729,0.0,3.3415243538851795,3.3415243538851795,0.0,0.0,4.169613361358643,3.3617734909057617,False,False
3A1C_B_ARG447,45,minor_only,B,A,26,-60;-180;-180;-180,0.033142611482197284,-0.019358732325819042,-0.0037103262396015195,0.0,3.3415243538851795,3.3415243538851795,0.0,0.0,3.442338466644287,4.1824212074279785,False,False
3A1C_B_ARG447,45,minor_only,B,A,27,60;-60;-60;-90,0.01871215490898504,-0.031143140846341573,-0.005516821790555789,0.0,3.3415243538851795,3.3415243538851795,0.0,0.0,5.247949123382568,1.5492297410964966,False,False
3A1C_B_ARG447,45,minor_only,B,A,28,60;-60;-60;90,0.1018629299446547,0.040090929405796824,0.007208912866196129,0.007208912866196129,3.3415243538851795,3.3361535798648,0.005370774020379443,0.0016072826206203947,5.1698760986328125,2.5678751468658447,False,False
3A1C_B_ARG447,45,minor_only,B,A,29,60;-60;-60;-180,0.11693312588604479,0.05542725052259721,0.011576363581789375,0.011576363581789375,3.3415243538851795,3.331258589259855,0.010265764625324358,0.00307218010049467,5.9279279708862305,1.7069495916366577,False,False
3A1C_B_ARG447,45,minor_only,B,A,30,60;-60;60;-90,0.07419251382555778,0.02237248663001332,0.0047561702847529795,0.0047561702847529795,3.3415243538851795,3.3398518268553845,0.0016725270297950345,0.0005005281580097996,5.889894962310791,3.3690595626831055,False,False
3A1C_B_ARG447,45,minor_only,B,A,31,60;-60;60;90,0.05071182651344842,0.0032630473309080135,0.0007921845932380933,0.0007921845932380933,3.3415243538851795,3.341488775078524,3.557880665550073e-05,1.0647477883599251e-05,6.590674877166748,3.339371681213379,False,False
3A1C_B_ARG447,45,minor_only,B,A,32,60;-60;60;-180,0.06750419177774479,0.017427882068480918,0.004343263140684313,0.004343263140684313,3.3415243538851795,3.3405094291064064,0.0010149247787731852,0.0003037310733926375,6.688555717468262,2.8729519844055176,False,False
3A1C_B_ARG447,45,minor_only,B,A,33,60;-60;-180;-90,0.03298386445555362,-0.013140148932965539,-0.003151453987869706,0.0,3.3415243538851795,3.3415243538851795,0.0,0.0,6.65478515625,2.5558438301086426,False,False
3A1C_B_ARG447,45,minor_only,B,A,34,60;-60;-180;90,0.08026342107886399,0.024315554573469754,0.00498173416847428,0.00498173416847428,3.3415243538851795,3.3395486903280673,0.001975663557112206,0.0005912461942152564,6.026442527770996,1.5688310861587524,False,False
3A1C_B_ARG447,45,minor_only,B,A,35,60;-60;-180;-180,0.05208281185000235,0.002993556076743808,0.0007339565522443079,0.0007339565522443079,3.3415243538851795,3.3414944092224004,2.994466277916885e-05,8.961377984377785e-06,6.7356133460998535,1.6528754234313965,False,False
3A1C_B_ARG447,45,minor_only,B,A,36,60;60;-60;-90,-0.05279036043732514,-0.08603578745626596,-0.0217449002677511,0.0,3.3415243538851795,3.3415243538851795,0.0,0.0,6.393630504608154,3.987924575805664,False,False
3A1C_B_ARG447,45,minor_only,B,A,37,60;60;-60;90,-0.06579519762813243,-0.09752528705201732,-0.022596766749008224,0.0,3.3415243538851795,3.3415243538851795,0.0,0.0,5.439661026000977,4.962656021118164,False,False
3A1C_B_ARG447,45,minor_only,B,A,38,60;60;-60;-180,-0.05791225862802306,-0.09055678388401193,-0.023925808509044962,0.0,3.3415243538851795,3.3415243538851795,0.0,0.0,6.246480464935303,4.897966384887695,False,False
3A1C_B_ARG447,45,minor_only,B,A,39,60;60;60;-90,-0.07851929152404427,-0.10940641856148882,-0.022256415875918475,0.0,3.3415243538851795,3.3415243538851795,0.0,0.0,4.321002960205078,5.261200904846191,False,False
3A1C_B_ARG447,45,minor_only,B,A,40,60;60;60;90,-0.07435648794410527,-0.10634052257340615,-0.02108407324178958,0.0,3.3415243538851795,3.3415243538851795,0.0,0.0,4.450706958770752,4.81477165222168,False,False
3A1C_B_ARG447,45,minor_only,B,A,41,60;60;60;-180,-0.06590419637278286,-0.0983218253554158,-0.023210631905137245,0.0,3.3415243538851795,3.3415243538851795,0.0,0.0,5.116137981414795,5.307898998260498,False,False
3A1C_B_ARG447,45,minor_only,B,A,42,60;60;-180;-90,-0.09101046011766126,-0.1202134853216723,-0.026760122420582833,0.0,3.3415243538851795,3.3415243538851795,0.0,0.0,5.610131740570068,3.8418381214141846,False,False
3A1C_B_ARG447,45,minor_only,B,A,43,60;60;-180;90,-0.06349963363421297,-0.09584568585862563,-0.02383927501080484,0.0,3.3415243538851795,3.3415243538851795,0.0,0.0,6.44555139541626,3.2748677730560303,False,False
3A1C_B_ARG447,45,minor_only,B,A,44,60;60;-180;-180,-0.06743228961734472,-0.09936254323016858,-0.025993807472606514,0.0,3.3415243538851795,3.3415243538851795,0.0,0.0,6.336371421813965,4.242743492126465,False,False
3A1C_B_ARG447,45,minor_only,B,A,45,60;-180;-60;-90,-0.019089065231791387,-0.06304363279458745,-0.01135209477748367,0.0,3.3415243538851795,3.3415243538851795,0.0,0.0,3.8271870613098145,4.406795501708984,False,False
3A1C_B_ARG447,45,minor_only,B,A,46,60;-180;-60;90,0.29947477944513773,0.180402976033944,0.029734878812231195,0.029734878812231195,3.3415243538851795,3.2327736626668924,0.10875069121828718,0.03254523376190364,2.2756948471069336,4.420001029968262,False,False
3A1C_B_ARG447,45,minor_only,B,A,47,60;-180;-60;-180,-0.0575667026646443,-0.09534191310242436,-0.01670216236229955,0.0,3.3415243538851795,3.3415243538851795,0.0,0.0,3.1937174797058105,4.323214530944824,False,False
3A1C_B_ARG447,45,minor_only,B,A,48,60;-180;60;-90,0.04692432879904162,-0.018101121884324018,-0.0029554227001147644,0.0,3.3415243538851795,3.3415243538851795,0.0,0.0,2.8419501781463623,3.4294683933258057,False,False
3A1C_B_ARG447,45,minor_only,B,A,49,60;-180;60;90,-0.10677979904903871,-0.13492708797584413,-0.022919107635236483,0.0,3.3415243538851795,3.3415243538851795,0.0,0.0,4.44354248046875,1.8515939712524414,False,False
3A1C_B_ARG447,45,minor_only,B,A,50,60;-180;60;-180,-0.10984948008319348,-0.13735279366122496,-0.023384283736171817,0.0,3.3415243538851795,3.3415243538851795,0.0,0.0,3.676521062850952,3.0199036598205566,False,False
3A1C_B_ARG447,45,minor_only,B,A,51,60;-180;-180;-90,0.002896129510826839,-0.04389259878858312,-0.008319393038517548,0.0,3.3415243538851795,3.3415243538851795,0.0,0.0,5.389605522155762,1.7704799175262451,False,False
3A1C_B_ARG447,45,minor_only,B,A,52,60;-180;-180;90,-0.09929425226270205,-0.12822213601612534,-0.02535772285638516,0.0,3.3415243538851795,3.3415243538851795,0.0,0.0,5.184552192687988,3.353832721710205,False,False
3A1C_B_ARG447,45,minor_only,B,A,53,60;-180;-180;-180,-0.10248195916287256,-0.13104383439631662,-0.0255751054318979,0.0,3.3415243538851795,3.3415243538851795,0.0,0.0,4.966411113739014,2.9870851039886475,False,False
3A1C_B_ARG447,45,minor_only,B,A,54,-180;-60;-60;-90,-0.06733790869106963,-0.09994566937869324,-0.020027370739895297,0.0,3.3415243538851795,3.3415243538851795,0.0,0.0,4.270064830780029,5.011472702026367,False,False
3A1C_B_ARG447,45,minor_only,B,A,55,-180;-60;-60;90,-0.0970716514739837,-0.1252970263510925,-0.024890366014761914,0.0,3.3415243538851795,3.3415243538851795,0.0,0.0,5.007823467254639,4.400936126708984,False,False
3A1C_B_ARG447,45,minor_only,B,A,56,-180;-60;-60;-180,-0.08768154671274954,-0.11684347908990844,-0.027847567266386333,0.0,3.3415243538851795,3.3415243538851795,0.0,0.0,5.045354843139648,5.3835577964782715,False,False
3A1C_B_ARG447,45,minor_only,B,A,57,-180;-60;60;-90,-0.09952725670181403,-0.12668601013466121,-0.030163063238542065,0.0,3.3415243538851795,3.3415243538851795,0.0,0.0,5.124550819396973,5.354158878326416,False,False
3A1C_B_ARG447,45,minor_only,B,A,58,-180;-60;60;90,-0.11595549655931672,-0.1409306555662882,-0.03809148242509707,0.0,3.3415243538851795,3.3415243538851795,0.0,0.0,4.472715377807617,6.549036979675293,False,False
3A1C_B_ARG447,45,minor_only,B,A,59,-180;-60;60;-180,-0.10270739547335841,-0.12931838941733548,-0.03574952835799609,0.0,3.3415243538851795,3.3415243538851795,0.0,0.0,5.167666435241699,6.309057712554932,False,False
3A1C_B_ARG447,45,minor_only,B,A,60,-180;-60;-180;-90,-0.10310957834921138,-0.1297621767246829,-0.035323339020672334,0.0,3.3415243538851795,3.3415243538851795,0.0,0.0,3.568673849105835,6.912996292114258,False,False
3A1C_B_ARG447,45,minor_only,B,A,61,-180;-60;-180;90,-0.028617117311660178,-0.06541043977083913,-0.015894948483265486,0.0,3.3415243538851795,3.3415243538851795,0.0,0.0,3.486623764038086,6.290804386138916,False,False
3A1C_B_ARG447,45,minor_only,B,A,62,-180;-60;-180;-180,-0.08288863332072505,-0.11210596410497246,-0.03128361926766745,0.0,3.3415243538851795,3.3415243538851795,0.0,0.0,4.259322166442871,6.807778835296631,False,False
3A1C_B_ARG447,45,minor_only,B,A,63,-180;60;-60;-90,-0.30389524772173704,-0.30644520477822357,-0.08202940313283823,0.0,3.3415243538851795,3.3415243538851795,0.0,0.0,4.141026020050049,6.712882041931152,False,False
3A1C_B_ARG447,45,minor_only,B,A,64,-180;60;-60;90,-0.27247659362515575,-0.27824601021550854,-0.06481553970096397,0.0,3.3415243538851795,3.3415243538851795,0.0,0.0,4.05928897857666,5.888300895690918,False,False
3A1C_B_ARG447,45,minor_only,B,A,65,-180;60;-60;-180,-0.30465335950495664,-0.30691150609657186,-0.08382720403848218,0.0,3.3415243538851795,3.3415243538851795,0.0,0.0,3.8624444007873535,6.85097074508667,False,False
3A1C_B_ARG447,45,minor_only,B,A,66,-180;60;60;-90,-0.1834392079604044,-0.1995957563153225,-0.03862668663756399,0.0,3.3415243538851795,3.3415243538851795,0.0,0.0,3.050909996032715,5.397755146026611,False,False
3A1C_B_ARG447,45,minor_only,B,A,67,-180;60;60;90,-0.04690608293880001,-0.08283738087419387,-0.01622836650808443,0.0,3.3415243538851795,3.3415243538851795,0.0,0.0,1.6793491840362549,5.852832794189453,False,False
3A1C_B_ARG447,45,minor_only,B,A,68,-180;60;60;-180,-0.21818694836217323,-0.23004400853172569,-0.05340805669523683,0.0,3.3415243538851795,3.3415243538851795,0.0,0.0,2.515536069869995,6.330870628356934,False,False
3A1C_B_ARG447,45,minor_only,B,A,69,-180;60;-180;-90,-0.28114376615469927,-0.2848025643185533,-0.06826401391539604,0.0,3.3415243538851795,3.3415243538851795,0.0,0.0,1.7771700620651245,6.723423004150391,False,False
3A1C_B_ARG447,45,minor_only,B,A,70,-180;60;-180;90,-0.3557460190264331,-0.35131364907484186,-0.09539955244788018,0.0,3.3415243538851795,3.3415243538851795,0.0,0.0,3.20855712890625,7.10244083404541,False,False
3A1C_B_ARG447,45,minor_only,B,A,71,-180;60;-180;-180,-0.35993825692435977,-0.35465528926117806,-0.0984863659255352,0.0,3.3415243538851795,3.3415243538851795,0.0,0.0,2.5977535247802734,7.250709056854248,False,False
3A1C_B_ARG447,45,minor_only,B,A,72,-180;-180;-60;-90,0.308796014847172,0.204889217218415,0.036342345001347566,0.036342345001347566,3.3415243538851795,3.201248527081902,0.14027582680327733,0.04197959133237472,1.0212411880493164,5.240447521209717,False,False
3A1C_B_ARG447,45,minor_only,B,A,73,-180;-180;-60;90,0.15595982791083,0.0661611161704249,0.010810275983539482,0.010810275983539482,3.3415243538851795,3.3268975217428016,0.014626832142377921,0.0043772932929162555,2.6263039112091064,3.628183126449585,False,False
3A1C_B_ARG447,45,minor_only,B,A,74,-180;-180;-60;-180,0.1355134174209731,0.059448471065628165,0.010285339299238264,0.010285339299238264,3.3415243538851795,3.329715003456326,0.011809350428853449,0.003534120712040526,1.9351181983947754,4.650317192077637,False,False
3A1C_B_ARG447,45,minor_only,B,A,75,-180;-180;60;-90,0.0076643781756815235,-0.04698765139429058,-0.007690780866862331,0.0,3.3415243538851795,3.3415243538851795,0.0,0.0,3.5941731929779053,3.0803585052490234,False,False
3A1C_B_ARG447,45,minor_only,B,A,76,-180;-180;60;90,0.06396930731405145,0.005453140533072075,0.0009819256298307787,0.0009819256298307787,3.3415243538851795,3.341424987838673,9.936604650651049e-05,2.9736741673295873e-05,3.693002462387085,4.538464546203613,False,False
3A1C_B_ARG447,45,minor_only,B,A,77,-180;-180;60;-180,-0.03223503496108485,-0.07483022973772945,-0.013005694167829231,0.0,3.3415243538851795,3.3415243538851795,0.0,0.0,3.322307586669922,4.185196399688721,False,False
3A1C_B_ARG447,45,minor_only,B,A,78,-180;-180;-180;-90,0.2695087449461456,0.18480555470248097,0.03903788957227327,0.03903788957227327,3.3415243538851795,3.227400961701802,0.11412339218337753,0.034153093048891484,2.829516887664795,5.958963871002197,False,False
3A1C_B_ARG447,45,minor_only,B,A,79,-180;-180;-180;90,0.25094099027811323,0.1687089474374478,0.03536766480634663,0.03536766480634663,3.3415243538851795,3.2464155187664083,0.09510883511877122,0.028462708945451342,1.206573486328125,6.2115254402160645,False,False
3A1C_B_ARG447,45,minor_only,B,A,80,-180;-180;-180;-180,0.24608452889803764,0.16337037042662772,0.034130231791140615,0.034130231791140615,3.3415243538851795,3.2523394767687237,0.08918487711645584,0.026689877933333293,2.061415433883667,5.927065849304199,False,False
3GMI_A_GLU5,0,major_only,B,A,0,-60;-60;0,-0.3558809882824823,-0.33441084085726197,-0.0754486240220062,0.0,15.912663163265178,15.912663163265178,0.0,0.0,4.461719512939453,0.7916179299354553,False,False
3GMI_A_GLU5,0,major_only,B,A,1,-60;-60;-180,-0.2988495246868804,-0.2804825911243984,-0.06279774794919166,0.0,15.912663163265178,15.912663163265178,0.0,0.0,4.453968048095703,0.7826123237609863,False,False
3GMI_A_GLU5,0,major_only,B,A,2,-60;60;0,-0.1264777585774545,-0.11733076101902766,-0.029554752947885288,0.0,15.912663163265178,15.912663163265178,0.0,0.0,4.504725456237793,2.9670803546905518,False,False
3GMI_A_GLU5,0,major_only,B,A,3,-60;60;-180,-0.12161927146805729,-0.1129845041734384,-0.027220901041796607,0.0,15.912663163265178,15.912663163265178,0.0,0.0,4.498462200164795,2.9700355529785156,False,False
3GMI_A_GLU5,0,major_only,B,A,4,-60;-180;0,-0.10855360945115142,-0.09863577368544078,-0.022031167257578137,0.0,15.912663163265178,15.912663163265178,0.0,0.0,3.711699962615967,2.3531343936920166,False,False
3GMI_A_GLU5,0,major_only,B,A,5,-60;-180;-180,-0.10915432143338351,-0.09937696793856417,-0.02213210376793307,0.0,15.912663163265178,15.912663163265178,0.0,0.0,3.6994333267211914,2.357830762863159,False,False
3GMI_A_GLU5,0,major_only,B,A,6,60;-60;0,-0.12667194100049206,-0.11786577313969207,-0.030721941443640863,0.0,15.912663163265178,15.912663163265178,0.0,0.0,3.4342503547668457,4.402633190155029,False,False
3GMI_A_GLU5,0,major_only,B,A,7,60;-60;-180,-0.12103509445035739,-0.11282276540101793,-0.027872846631341586,0.0,15.912663163265178,15.912663163265178,0.0,0.0,3.4384262561798096,4.393706321716309,False,False
3GMI_A_GLU5,0,major_only,B,A,8,60;60;0,-0.060185275198582876,-0.053064097413534114,-0.012434192702580471,0.0,15.912663163265178,15.912663163265178,0.0,0.0,1.5544521808624268,4.624378681182861,False,False
3GMI_A_GLU5,0,major_only,B,A,9,60;60;-180,-0.06346821706703396,-0.0563859065345692,-0.012901108011332438,0.0,15.912663163265178,15.912663163265178,0.0,0.0,1.5526992082595825,4.618330001831055,False,False
3GMI_A_GLU5,0,major_only,B,A,10,60;-180;0,-0.09777424493886903,-0.08849330502565868,-0.020003081164669145,0.0,15.912663163265178,15.912663163265178,0.0,0.0,2.5766735076904297,3.8602542877197266,False,False
3GMI_A_GLU5,0,major_only,B,A,11,60;-180;-180,-0.09574436778884758,-0.08677083718153981,-0.01944559174984904,0.0,15.912663163265178,15.912663163265178,0.0,0.0,2.575242042541504,3.8488330841064453,False,False
3GMI_A_GLU5,0,major_only,B,A,12,-180;-60;0,0.1637410658927812,0.1601215610525237,0.03520579690814829,0.03520579690814829,15.912663163265178,15.504679755916316,0.40798340734886196,0.025638914313897056,1.437272071838379,3.7659428119659424,False,False
3GMI_A_GLU5,0,major_only,B,A,13,-180;-60;-180,0.1671710942629963,0.16342095763660347,0.03595259346570736,0.03595259346570736,15.912663163265178,15.48769306626444,0.4249700970007382,0.026706409394864423,1.4288264513015747,3.7686338424682617,False,False
3GMI_A_GLU5,0,major_only,B,A,14,-180;60;0,0.22747706223912734,0.22042296655988108,0.04843394860333735,0.04843394860333735,15.912663163265178,15.13952598864184,0.7731371746233382,0.04858628418705844,3.324247121810913,1.9336397647857666,False,False
3GMI_A_GLU5,0,major_only,B,A,15,-180;60;-180,0.24632710165399896,0.23837060763886012,0.05240383036903368,0.05240383036903368,15.912663163265178,15.008496944687643,0.9041662185775348,0.056820546586119375,3.326728105545044,1.9284820556640625,False,True
3GMI_A_GLU5,0,major_only,B,A,16,-180;-180;0,0.1502112576710229,0.14717031768853614,0.032334829240170546,0.032334829240170546,15.912663163265178,15.56800916221934,0.34465400104583743,0.021659102408544705,2.33705472946167,2.875267744064331,False,False
3GMI_A_GLU5,0,major_only,B,A,17,-180;-180;-180,0.15009098582547856,0.14709666528351673,0.03233251115483323,0.03233251115483323,15.912663163265178,15.568354044863161,0.34430911840201617,0.021637428937530914,2.3398044109344482,2.8719780445098877,False,False
3GMI_A_GLU5,1,major_only,B,A,0,-60;-60;0,-0.5562470616647337,-0.5281920506310308,-0.1791176040267497,0.0,35.949573215477734,35.949573215477734,0.0,0.0,4.461719512939453,0.7916179299354553,False,False
3GMI_A_GLU5,1,major_only,B,A,1,-60;-60;-180,-0.5047318184409355,-0.47971795446419074,-0.16143569445348066,0.0,35.949573215477734,35.949573215477734,0.0,0.0,4.453968048095703,0.7826123237609863,False,False
3GMI_A_GLU5,1,major_only,B,A,2,-60;60;0,-0.1944715416403602,-0.18528183503501588,-0.07014936170546937,0.0,35.949573215477734,35.949573215477734,0.0,0.0,4.504725456237793,2.9670803546905518,False,False
3GMI_A_GLU5,1,major_only,B,A,3,-60;60;-180,-0.18594952630457376,-0.17747214664692101,-0.06426718086649677,0.0,35.949573215477734,35.949573215477734,0.0,0.0,4.498462200164795,2.9700355529785156,False,False
3GMI_A_GLU5,1,major_only,B,A,4,-60;-180;0,-0.17893317611597068,-0.16850954369878599,-0.0565721897349048,0.0,35.949573215477734,35.949573215477734,0.0,0.0,3.711699962615967,2.3531343936920166,False,False
3GMI_A_GLU5,1,major_only,B,A,5,-60;-180;-180,-0.17936021484918635,-0.16912985571428826,-0.05661515083581417,0.0,35.949573215477734,35.949573215477734,0.0,0.0,3.6994333267211914,2.357830762863159,False,False
3GMI_A_GLU5,1,major_only,B,A,6,60;-60;0,0.009340254953788709,0.01055370025988919,0.0041346727111766434,0.0041346727111766434,35.949573215477734,35.94556913083238,0.0040040846453521795,0.00011138058917562504,3.4342503547668457,4.402633190155029,False,False
3GMI_A_GLU5,1,major_only,B,A,7,60;-60;-180,0.008970143226689986,0.010171136833776032,0.0037768480802379562,0.0037768480802379562,35.949573215477734,35.94585415934898,0.0037190561287516744,0.00010345202449164185,3.4384262561798096,4.393706321716309,False,False
3GMI_A_GLU5,1,major_only,B,A,8,60;60;0,0.13582721307455542,0.1315306143471357,0.04632539118280017,0.04632539118280017,35.949573215477734,35.32763472372534,0.6219384917523954,0.017300302510535114,1.5544521808624268,4.624378681182861,False,False
3GMI_A_GLU5,1,major_only,B,A,9,60;60;-180,0.12854219666590316,0.12474503815446761,0.042899789272344946,0.042899789272344946,35.949573215477734,35.39015023944765,0.5594229760300848,0.01556132454415984,1.5526992082595825,4.618330001831055,False,False
3GMI_A_GLU5,1,major_only,B,A,10,60;-180;0,0.01881182649284879,0.019678814499719473,0.006685914958695643,0.006685914958695643,35.949573215477734,35.93565153689538,0.013921678582356378,0.0003872557401143927,2.5766735076904297,3.8602542877197266,False,False
3GMI_A_GLU5,1,major_only,B,A,11,60;-180;-180,0.019462096024487414,0.020299975211526718,0.006837830298272345,0.006837830298272345,35.949573215477734,35.934758792031424,0.014814423446310343,0.0004120889935887233,2.575242042541504,3.8488330841064453,False,False
3GMI_A_GLU5,1,major_only,B,A,12,-180;-60;0,0.24648139320187396,0.23565933187952215,0.07787973059035602,0.07787973059035602,35.949573215477734,33.95310213785964,1.9964710776180965,0.05553532070190295,1.437272071838379,3.7659428119659424,False,False
3GMI_A_GLU5,1,major_only,B,A,13,-180;-60;-180,0.24937567621255186,0.23849237214119323,0.0788628378069161,0.0788628378069161,35.949573215477734,33.90481140446407,2.0447618110136645,0.05687861156953353,1.4288264513015747,3.7686338424682617,False,True
3GMI_A_GLU5,1,major_only,B,A,14,-180;60;0,0.06739656584480666,0.06572247941906517,0.02170613037326531,0.02170613037326531,35.949573215477734,35.79429103632913,0.15528217914860676,0.004319444300989686,3.324247121810913,1.9336397647857666,False,False
3GMI_A_GLU5,1,major_only,B,A,15,-180;60;-180,0.07448331864739928,0.07246305224581644,0.02394431329646463,0.02394431329646463,35.949573215477734,35.76080581930695,0.18876739617078186,0.005250893940780079,3.326728105545044,1.9284820556640625,False,False
3GMI_A_GLU5,1,major_only,B,A,16,-180;-180;0,0.10779618370463576,0.10399091377164751,0.03434165123781183,0.03434165123781183,35.949573215477734,35.56081057098567,0.3887626444920613,0.010814110147062425,2.33705472946167,2.875267744064331,False,False
3GMI_A_GLU5,1,major_only,B,A,17,-180;-180;-180,0.10783370322184391,0.1040612692260758,0.03437962711703633,0.03437962711703633,35.949573215477734,35.560284355301405,0.3892888601763289,0.010828747752942014,2.3398044109344482,2.8719780445098877,False,False
3GMI_A_GLU5,5,major_only,B,A,0,-60;-60;0,-0.47853485117022765,-0.45110213330658755,-0.17200104293478508,0.0,45.44784724437975,45.44784724437975,0.0,0.0,4.461719512939453,0.7916179299354553,False,False
3GMI_A_GLU5,5,major_only,B,A,1,-60;-60;-180,-0.4475577280163936,-0.4221681611318917,-0.15973822663591042,0.0,45.44784724437975,45.44784724437975,0.0,0.0,4.453968048095703,0.7826123237609863,False,False
3GMI_A_GLU5,5,major_only,B,A,2,-60;60;0,-0.18921366042160578,-0.1774752880595979,-0.0755507115477779,0.0,45.44784724437975,45.44784724437975,0.0,0.0,4.504725456237793,2.9670803546905518,False,False
3GMI_A_GLU5,5,major_only,B,A,3,-60;60;-180,-0.1811743678661974,-0.17018550887473186,-0.06929332698143044,0.0,45.44784724437975,45.44784724437975,0.0,0.0,4.498462200164795,2.9700355529785156,False,False
3GMI_A_GLU5,5,major_only,B,A,4,-60;-180;0,-0.17332391067570851,-0.16011796831932051,-0.060440541463175866,0.0,45.44784724437975,45.44784724437975,0.0,0.0,3.711699962615967,2.3531343936920166,False,False
3GMI_A_GLU5,5,major_only,B,A,5,-60;-180;-180,-0.17411740372966825,-0.16111464966445488,-0.0606397232328181,0.0,45.44784724437975,45.44784724437975,0.0,0.0,3.6994333267211914,2.357830762863159,False,False
3GMI_A_GLU5,5,major_only,B,A,6,60;-60;0,0.005966450844691621,0.009971699492162913,0.004392536239640729,0.004392536239640729,45.44784724437975,45.44332814719842,0.004519097181329812,9.943479076203461e-05,3.4342503547668457,4.402633190155029,False,False
3GMI_A_GLU5,5,major_only,B,A,7,60;-60;-180,0.005721488378192565,0.00962434312181445,0.004018286569576538,0.004018286569576538,45.44784724437975,45.44363750207023,0.0042097423095199815,9.262798052641698e-05,3.4384262561798096,4.393706321716309,False,False
3GMI_A_GLU5,5,major_only,B,A,8,60;60;0,0.11818771098467368,0.11756201311383203,0.0465552914461872,0.0465552914461872,45.44784724437975,44.81972041339332,0.6281268309864316,0.01382082692737681,1.5544521808624268,4.624378681182861,False,False
3GMI_A_GLU5,5,major_only,B,A,9,60;60;-180,0.11175663081661082,0.11151328620440042,0.04311896043855446,0.04311896043855446,45.44784724437975,44.88269358349969,0.565153660880064,0.012435213000104268,1.5526992082595825,4.618330001831055,False,False
3GMI_A_GLU5,5,major_only,B,A,10,60;-180;0,0.013945586611065439,0.018054038028910546,0.006896775004805909,0.006896775004805909,45.44784724437975,45.433033596324925,0.01481364805482599,0.000325948289149337,2.5766735076904297,3.8602542877197266,False,False
3GMI_A_GLU5,5,major_only,B,A,11,60;-180;-180,0.01456413724058707,0.018591988652449133,0.007041390745042446,0.007041390745042446,45.44784724437975,45.43213764869436,0.01570959568539365,0.0003456620420527478,2.575242042541504,3.8488330841064453,False,False
3GMI_A_GLU5,5,major_only,B,A,12,-180;-60;0,0.2209008865201426,0.21449561777472675,0.07970177822777842,0.07970177822777842,45.44784724437975,43.356865870631616,2.0909813737481358,0.04600837004456167,1.437272071838379,3.7659428119659424,False,False
3GMI_A_GLU5,5,major_only,B,A,13,-180;-60;-180,0.22350247828072506,0.2170297968395317,0.08069136461719573,0.08069136461719573,45.44784724437975,43.30716580137846,2.1406814430012915,0.04710193271620838,1.4288264513015747,3.7686338424682617,False,True
3GMI_A_GLU5,5,major_only,B,A,14,-180;60;0,0.026501304329752458,0.030110470695066453,0.011181390150076527,0.011181390150076527,45.44784724437975,45.40664238790807,0.04120485647167982,0.0009066404454784239,3.324247121810913,1.9336397647857666,False,False
3GMI_A_GLU5,5,major_only,B,A,15,-180;60;-180,0.022604329163844708,0.026407308104719206,0.009811144780946194,0.009811144780946194,45.44784724437975,45.416154373470306,0.0316928709094455,0.000697345921337666,3.326728105545044,1.9284820556640625,False,False
3GMI_A_GLU5,5,major_only,B,A,16,-180;-180;0,0.09878122875012865,0.09859781675742454,0.036610264478127694,0.036610264478127694,45.44784724437975,45.00602465807587,0.4418225863038785,0.009721529469330715,2.33705472946167,2.875267744064331,False,False
3GMI_A_GLU5,5,major_only,B,A,17,-180;-180;-180,0.09889348063499266,0.09872425927909181,0.03667293900343159,0.03667293900343159,45.44784724437975,45.004890738792156,0.4429565055875955,0.009746479370205442,2.3398044109344482,2.8719780445098877,False,False
3GMI_A_GLU5,18,major_only,B,A,0,-60;-60;0,-0.3695352422895043,-0.34788453787433743,-0.07015553365498584,0.0,12.713189777380899,12.713189777380899,0.0,0.0,4.461719512939453,0.7916179299354553,False,False
3GMI_A_GLU5,18,major_only,B,A,1,-60;-60;-180,-0.33981967800211804,-0.3200194833976041,-0.06404281431904253,0.0,12.713189777380899,12.713189777380899,0.0,0.0,4.453968048095703,0.7826123237609863,False,False
3GMI_A_GLU5,18,major_only,B,A,2,-60;60;0,-0.12530365585151498,-0.11662277248397018,-0.026257576391304056,0.0,12.713189777380899,12.713189777380899,0.0,0.0,4.504725456237793,2.9670803546905518,False,False
3GMI_A_GLU5,18,major_only,B,A,3,-60;60;-180,-0.11975598749572386,-0.11160098109898657,-0.024032970608189846,0.0,12.713189777380899,12.713189777380899,0.0,0.0,4.498462200164795,2.9700355529785156,False,False
3GMI_A_GLU5,18,major_only,B,A,4,-60;-180;0,-0.10812634460556059,-0.09869500386934009,-0.01970398420226701,0.0,12.713189777380899,12.713189777380899,0.0,0.0,3.711699962615967,2.3531343936920166,False,False
3GMI_A_GLU5,18,major_only,B,A,5,-60;-180;-180,-0.1087399309413668,-0.0994429141146879,-0.01979550696017003,0.0,12.713189777380899,12.713189777380899,0.0,0.0,3.6994333267211914,2.357830762863159,False,False
3GMI_A_GLU5,18,major_only,B,A,6,60;-60;0,-0.13202814284844513,-0.12343281172206745,-0.0287572531096728,0.0,12.713189777380899,12.713189777380899,0.0,0.0,3.4342503547668457,4.402633190155029,False,False
3GMI_A_GLU5,18,major_only,B,A,7,60;-60;-180,-0.12477754503266164,-0.11683214351591069,-0.025798993284152253,0.0,12.713189777380899,12.713189777380899,0.0,0.0,3.4384262561798096,4.393706321716309,False,False
3GMI_A_GLU5,18,major_only,B,A,8,60;60;0,-0.07120963885902011,-0.06404577673267152,-0.013414149409357578,0.0,12.713189777380899,12.713189777380899,0.0,0.0,1.5544521808624268,4.624378681182861,False,False
3GMI_A_GLU5,18,major_only,B,A,9,60;60;-180,-0.07475839628769192,-0.06763199649755003,-0.013831347166880118,0.0,12.713189777380899,12.713189777380899,0.0,0.0,1.5526992082595825,4.618330001831055,False,False
3GMI_A_GLU5,18,major_only,B,A,10,60;-180;0,-0.10956735075215095,-0.10018678463263464,-0.02024196877718866,0.0,12.713189777380899,12.713189777380899,0.0,0.0,2.5766735076904297,3.8602542877197266,False,False
3GMI_A_GLU5,18,major_only,B,A,11,60;-180;-180,-0.10736482963728104,-0.09830991938905467,-0.01969248603668315,0.0,12.713189777380899,12.713189777380899,0.0,0.0,2.575242042541504,3.8488330841064453,False,False
3GMI_A_GLU5,18,major_only,B,A,12,-180;-60;0,0.18335923848336602,0.1782574719349511,0.03503224238132928,0.03503224238132928,12.713189777380899,12.309218938606747,0.40397083877415163,0.03177572630064014,1.437272071838379,3.7659428119659424,False,False
3GMI_A_GLU5,18,major_only,B,A,13,-180;-60;-180,0.18699619511382914,0.18176240139477165,0.035742288405749695,0.035742288405749695,12.713189777380899,12.293176873057911,0.4200129043229879,0.033037570560794115,1.4288264513015747,3.7686338424682617,False,True
3GMI_A_GLU5,18,major_only,B,A,14,-180;60;0,0.17929740630744473,0.17428469324272283,0.03423009543779606,0.03423009543779606,12.713189777380899,12.32702467626417,0.3861651011167293,0.030375154298710145,3.324247121810913,1.9336397647857666,False,False
3GMI_A_GLU5,18,major_only,B,A,15,-180;60;-180,0.17617586888583936,0.17138227231285696,0.03367689597678998,0.03367689597678998,12.713189777380899,12.339779451337797,0.37341032604310165,0.029371883263118376,3.326728105545044,1.9284820556640625,False,False
3GMI_A_GLU5,18,major_only,B,A,16,-180;-180;0,0.17093402356743195,0.16632561385163397,0.032663694835197765,0.032663694835197765,12.713189777380899,12.361489427858254,0.35170034952264473,0.027664209823122777,2.33705472946167,2.875267744064331,False,False
3GMI_A_GLU5,18,major_only,B,A,17,-180;-180;-180,0.1708514803459663,0.16629739959423734,0.03267216375172694,0.03267216375172694,12.713189777380899,12.361608737474238,0.35158103990666056,0.027654825111805368,2.3398044109344482,2.8719780445098877,False,False
3GMI_A_GLU5,24,major_only,B,A,0,-60;-60;0,-0.5565119235257734,-0.5284252747108893,-0.18010657035941574,0.0,36.31557014301809,36.31557014301809,0.0,0.0,4.461719512939453,0.7916179299354553,False,False
3GMI_A_GLU5,24,major_only,B,A,1,-60;-60;-180,-0.5039663213609981,-0.47896889250956426,-0.16200203326980098,0.0,36.31557014301809,36.31557014301809,0.0,0.0,4.453968048095703,0.7826123237609863,False,False
3GMI_A_GLU5,24,major_only,B,A,2,-60;60;0,-0.1945037638459139,-0.1852955023312196,-0.07051074805535076,0.0,36.31557014301809,36.31557014301809,0.0,0.0,4.504725456237793,2.9670803546905518,False,False
3GMI_A_GLU5,24,major_only,B,A,3,-60;60;-180,-0.18598388504094726,-0.17748833660713792,-0.0645993919949121,0.0,36.31557014301809,36.31557014301809,0.0,0.0,4.498462200164795,2.9700355529785156,False,False
3GMI_A_GLU5,24,major_only,B,A,4,-60;-180;0,-0.17885735879549952,-0.16841820105223174,-0.05682861539806141,0.0,36.31557014301809,36.31557014301809,0.0,0.0,3.711699962615967,2.3531343936920166,False,False
3GMI_A_GLU5,24,major_only,B,A,5,-60;-180;-180,-0.17928755766715382,-0.16904165200416743,-0.05687294043203175,0.0,36.31557014301809,36.31557014301809,0.0,0.0,3.6994333267211914,2.357830762863159,False,False
3GMI_A_GLU5,24,major_only,B,A,6,60;-60;0,0.009263022254012989,0.010496134621518147,0.004132999364677458,0.004132999364677458,36.31557014301809,36.31156929870912,0.00400084430897607,0.0001101688419931157,3.4342503547668457,4.402633190155029,False,False
3GMI_A_GLU5,24,major_only,B,A,7,60;-60;-180,0.008897545653737165,0.010117383160480452,0.0037759634411600844,0.0037759634411600844,36.31557014301809,36.311852828890615,0.0037173141274777777,0.00010236144201614457,3.4384262561798096,4.393706321716309,False,False
3GMI_A_GLU5,24,major_only,B,A,8,60;60;0,0.13511295018234684,0.13086612975168174,0.046325388419432664,0.046325388419432664,36.31557014301809,35.69363172546451,0.6219384175535794,0.017125943916184147,1.5544521808624268,4.624378681182861,False,False
3GMI_A_GLU5,24,major_only,B,A,9,60;60;-180,0.1278652914436421,0.1241148329885618,0.04289978640737289,0.04289978640737289,36.31557014301809,35.75614724170778,0.5594229013103131,0.015404491767778727,1.5526992082595825,4.618330001831055,False,False
3GMI_A_GLU5,24,major_only,B,A,10,60;-180;0,0.01868254990937735,0.019574651553568276,0.006684293642766801,0.006684293642766801,36.31557014301809,36.301655215554355,0.01391492746373757,0.0003831669834436788,2.5766735076904297,3.8602542877197266,False,False
3GMI_A_GLU5,24,major_only,B,A,11,60;-180;-180,0.019331795155646047,0.020194357000216233,0.006836792580420385,0.006836792580420385,36.31557014301809,36.3007602157422,0.014809927275891255,0.0004078120546522264,2.575242042541504,3.8488330841064453,False,False
3GMI_A_GLU5,24,major_only,B,A,12,-180;-60;0,0.2452348519380081,0.23449637999928036,0.07788888828026475,0.07788888828026475,36.31557014301809,34.318629517346025,1.9969406256720674,0.05498855223276709,1.437272071838379,3.7659428119659424,False,False
3GMI_A_GLU5,24,major_only,B,A,13,-180;-60;-180,0.24811472430491624,0.23731520321500502,0.07887203255811735,0.07887203255811735,36.31557014301809,34.27033149975579,2.0452386432623015,0.05631850567697922,1.4288264513015747,3.7686338424682617,False,True
3GMI_A_GLU5,24,major_only,B,A,14,-180;60;0,0.07042920667568742,0.06861668460117264,0.022777065053417613,0.022777065053417613,36.31557014301809,36.144587381476136,0.17098276154195702,0.004708249405656917,3.324247121810913,1.9336397647857666,False,False
3GMI_A_GLU5,24,major_only,B,A,15,-180;60;-180,0.07819077286017309,0.07599830646806306,0.025239993677238726,0.025239993677238726,36.31557014301809,36.105820758007695,0.2097493850103973,0.005775742586013702,3.326728105545044,1.9284820556640625,False,False
3GMI_A_GLU5,24,major_only,B,A,16,-180;-180;0,0.10722087684278071,0.1034656429182769,0.03434167735685432,0.03434167735685432,36.31557014301809,35.926806907167645,0.3887632358504476,0.010705139264492309,2.33705472946167,2.875267744064331,False,False
3GMI_A_GLU5,24,major_only,B,A,17,-180;-180;-180,0.10725699061907845,0.10353437384647264,0.03437923183508935,0.03437923183508935,36.31557014301809,35.926290234537106,0.3892799084809866,0.010719366567781347,2.3398044109344482,2.8719780445098877,False,False
3GMI_A_GLU5,29,major_only,B,A,0,-60;-60;0,-0.4497075018659005,-0.4223831232966473,-0.14523946922877345,0.0,36.96214016857839,36.96214016857839,0.0,0.0,4.461719512939453,0.7916179299354553,False,False
3GMI_A_GLU5,29,major_only,B,A,1,-60;-60;-180,-0.41841126749555047,-0.3931282719718264,-0.1341465648126107,0.0,36.96214016857839,36.96214016857839,0.0,0.0,4.453968048095703,0.7826123237609863,False,False
3GMI_A_GLU5,29,major_only,B,A,2,-60;60;0,-0.17832195572946638,-0.16588051633298823,-0.06368218326732487,0.0,36.96214016857839,36.96214016857839,0.0,0.0,4.504725456237793,2.9670803546905518,False,False
3GMI_A_GLU5,29,major_only,B,A,3,-60;60;-180,-0.17108244906030545,-0.15936728311763673,-0.05851805751623156,0.0,36.96214016857839,36.96214016857839,0.0,0.0,4.498462200164795,2.9700355529785156,False,False
3GMI_A_GLU5,29,major_only,B,A,4,-60;-180;0,-0.1544461419861069,-0.14090386163394136,-0.04796595190575233,0.0,36.96214016857839,36.96214016857839,0.0,0.0,3.711699962615967,2.3531343936920166,False,False
3GMI_A_GLU5,29,major_only,B,A,5,-60;-180;-180,-0.1549104019492676,-0.14158004596409937,-0.048055834657528246,0.0,36.96214016857839,36.96214016857839,0.0,0.0,3.6994333267211914,2.357830762863159,False,False
3GMI_A_GLU5,29,major_only,B,A,6,60;-60;0,-0.006894053422284981,-0.001320404080763902,-0.0005245355476232869,0.0,36.96214016857839,36.96214016857839,0.0,0.0,3.4342503547668457,4.402633190155029,False,False
3GMI_A_GLU5,29,major_only,B,A,7,60;-60;-180,-0.006416672765660966,-0.0010307605525693426,-0.00038810522907309716,0.0,36.96214016857839,36.96214016857839,0.0,0.0,3.4384262561798096,4.393706321716309,False,False
3GMI_A_GLU5,29,major_only,B,A,8,60;60;0,0.11836808174938948,0.11891268792027296,0.04246705338657487,0.04246705338657487,36.96214016857839,36.439487103310356,0.522653065268031,0.014140227348424477,1.5544521808624268,4.624378681182861,False,False
3GMI_A_GLU5,29,major_only,B,A,9,60;60;-180,0.11154494237681775,0.11246780046036639,0.03921857104179556,0.03921857104179556,36.96214016857839,36.494605830623975,0.4675343379544117,0.012649006140392917,1.5526992082595825,4.618330001831055,False,False
3GMI_A_GLU5,29,major_only,B,A,10,60;-180;0,-0.017315005757040623,-0.010485951231288823,-0.003612446594271268,0.0,36.96214016857839,36.96214016857839,0.0,0.0,2.5766735076904297,3.8602542877197266,False,False
3GMI_A_GLU5,29,major_only,B,A,11,60;-180;-180,-0.015358836972971756,-0.008736830288177141,-0.002984065802736939,0.0,36.96214016857839,36.96214016857839,0.0,0.0,2.575242042541504,3.8488330841064453,False,False
3GMI_A_GLU5,29,major_only,B,A,12,-180;-60;0,0.2408010873347657,0.23463311964631967,0.07862502539825722,0.07862502539825722,36.96214016857839,34.927274523657616,2.034865644920771,0.05505270083496452,1.437272071838379,3.7659428119659424,False,False
3GMI_A_GLU5,29,major_only,B,A,13,-180;-60;-180,0.24370489835869708,0.23745680603005306,0.07961854096246082,0.07961854096246082,36.96214016857839,34.878002737980054,2.0841374305983322,0.056385734729994426,1.4288264513015747,3.7686338424682617,False,True
3GMI_A_GLU5,29,major_only,B,A,14,-180;60;0,0.0836163411166541,0.08552076837937496,0.028639916515737857,0.028639916515737857,36.96214016857839,36.691806400387144,0.270333768191243,0.0073138018241988715,3.324247121810913,1.9336397647857666,False,False
3GMI_A_GLU5,29,major_only,B,A,15,-180;60;-180,0.08549774907222206,0.08731473399226095,0.029255328818505906,0.029255328818505906,36.96214016857839,36.68034588416856,0.2817942844098269,0.007623862772139503,3.326728105545044,1.9284820556640625,False,False
3GMI_A_GLU5,29,major_only,B,A,16,-180;-180;0,0.09780424528529659,0.09895596612714501,0.03313595163080289,0.03313595163080289,36.96214016857839,36.60019642318098,0.36194374539740437,0.009792283232156933,2.33705472946167,2.875267744064331,False,False
3GMI_A_GLU5,29,major_only,B,A,17,-180;-180;-180,0.09790790999575409,0.09906927741973552,0.03318812553213068,0.03318812553213068,36.96214016857839,36.59936704833514,0.36277312024324715,0.009814721728468569,2.3398044109344482,2.8719780445098877,False,False
3GMI_A_GLU5,35,major_only,B,A,0,-60;-60;0,-0.2477587793143314,-0.22888846573525476,-0.06298276763939435,0.0,23.66990873758771,23.66990873758771,0.0,0.0,4.461719512939453,0.7916179299354553,False,False
3GMI_A_GLU5,35,major_only,B,A,1,-60;-60;-180,-0.21785142039604868,-0.20073996480859124,-0.05481492939490271,0.0,23.66990873758771,23.66990873758771,0.0,0.0,4.453968048095703,0.7826123237609863,False,False
3GMI_A_GLU5,35,major_only,B,A,2,-60;60;0,-0.12611974547842847,-0.11470515361402486,-0.035239134518803825,0.0,23.66990873758771,23.66990873758771,0.0,0.0,4.504725456237793,2.9670803546905518,False,False
3GMI_A_GLU5,35,major_only,B,A,3,-60;60;-180,-0.12084131210356602,-0.1100076918792841,-0.0323246269969712,0.0,23.66990873758771,23.66990873758771,0.0,0.0,4.498462200164795,2.9700355529785156,False,False
3GMI_A_GLU5,35,major_only,B,A,4,-60;-180;0,-0.12692442363786444,-0.11358614348925986,-0.030942490298501605,0.0,23.66990873758771,23.66990873758771,0.0,0.0,3.711699962615967,2.3531343936920166,False,False
3GMI_A_GLU5,35,major_only,B,A,5,-60;-180;-180,-0.1258477287534333,-0.1127770289000464,-0.03063264243567261,0.0,23.66990873758771,23.66990873758771,0.0,0.0,3.6994333267211914,2.357830762863159,False,False
3GMI_A_GLU5,35,major_only,B,A,6,60;-60;0,-0.10188569501807655,-0.09177911319267189,-0.02917639712668978,0.0,23.66990873758771,23.66990873758771,0.0,0.0,3.4342503547668457,4.402633190155029,False,False
3GMI_A_GLU5,35,major_only,B,A,7,60;-60;-180,-0.09634375051324459,-0.08683914064720256,-0.026165374704757615,0.0,23.66990873758771,23.66990873758771,0.0,0.0,3.4384262561798096,4.393706321716309,False,False
3GMI_A_GLU5,35,major_only,B,A,8,60;60;0,-0.05560477776270904,-0.04627492757204963,-0.01322480925010969,0.0,23.66990873758771,23.66990873758771,0.0,0.0,1.5544521808624268,4.624378681182861,False,False
3GMI_A_GLU5,35,major_only,B,A,9,60;60;-180,-0.058065212940184824,-0.04884511047390688,-0.013630268065969732,0.0,23.66990873758771,23.66990873758771,0.0,0.0,1.5526992082595825,4.618330001831055,False,False
3GMI_A_GLU5,35,major_only,B,A,10,60;-180;0,-0.08786143903078089,-0.07654786387168347,-0.021103107658920567,0.0,23.66990873758771,23.66990873758771,0.0,0.0,2.5766735076904297,3.8602542877197266,False,False
3GMI_A_GLU5,35,major_only,B,A,11,60;-180;-180,-0.08583547750613711,-0.07485271939453057,-0.02045887815100042,0.0,23.66990873758771,23.66990873758771,0.0,0.0,2.575242042541504,3.8488330841064453,False,False
3GMI_A_GLU5,35,major_only,B,A,12,-180;-60;0,0.1384124878646004,0.1386610341150506,0.037183105211826446,0.037183105211826446,23.66990873758771,23.214810186300866,0.45509855128684507,0.019226882381855177,1.437272071838379,3.7659428119659424,False,False
3GMI_A_GLU5,35,major_only,B,A,13,-180;-60;-180,0.141238998703875,0.14136850171553084,0.03793167185895106,0.03793167185895106,23.66990873758771,23.196864350398332,0.473044387189379,0.01998505327729408,1.4288264513015747,3.7686338424682617,False,False
3GMI_A_GLU5,35,major_only,B,A,14,-180;60;0,0.17402939547478433,0.17235118385140477,0.04618853219516521,0.04618853219516521,23.66990873758771,22.966795741821535,0.7031129957661761,0.029704930574980873,3.324247121810913,1.9336397647857666,False,False
3GMI_A_GLU5,35,major_only,B,A,15,-180;60;-180,0.18129111432856196,0.17927831029381944,0.04806898321241687,0.04806898321241687,23.66990873758771,22.9091410049621,0.760767732625613,0.032140712541807025,3.326728105545044,1.9284820556640625,False,True
3GMI_A_GLU5,35,major_only,B,A,16,-180;-180;0,0.11980190679976846,0.12095422949802888,0.032411435066127155,0.032411435066127155,23.66990873758771,23.323619733005973,0.34628900458173817,0.014629925633461896,2.33705472946167,2.875267744064331,False,False
3GMI_A_GLU5,35,major_only,B,A,17,-180;-180;-180,0.12010407640094915,0.1212599309028953,0.032507291227933534,0.032507291227933534,23.66990873758771,23.32186708966381,0.3480416479238997,0.014703970842574948,2.3398044109344482,2.8719780445098877,False,False
3GMI_A_GLU5,39,major_only,B,A,0,-60;-60;0,-0.4210181453108738,-0.3971782936630517,-0.12922044833517832,0.0,33.08966676127121,33.08966676127121,0.0,0.0,4.461719512939453,0.7916179299354553,False,False
3GMI_A_GLU5,39,major_only,B,A,1,-60;-60;-180,-0.4019050586179623,-0.37948243036379126,-0.12251932450444138,0.0,33.08966676127121,33.08966676127121,0.0,0.0,4.453968048095703,0.7826123237609863,False,False
3GMI_A_GLU5,39,major_only,B,A,2,-60;60;0,-0.16723471952217425,-0.15713834300850307,-0.05707847705853035,0.0,33.08966676127121,33.08966676127121,0.0,0.0,4.504725456237793,2.9670803546905518,False,False
3GMI_A_GLU5,39,major_only,B,A,3,-60;60;-180,-0.16018873369703446,-0.15074596066974905,-0.05237259078871537,0.0,33.08966676127121,33.08966676127121,0.0,0.0,4.498462200164795,2.9700355529785156,False,False
3GMI_A_GLU5,39,major_only,B,A,4,-60;-180;0,-0.18810641743497614,-0.17505260351172713,-0.05638276740094166,0.0,33.08966676127121,33.08966676127121,0.0,0.0,3.711699962615967,2.3531343936920166,False,False
3GMI_A_GLU5,39,major_only,B,A,5,-60;-180;-180,-0.19531667161144514,-0.18216904810128468,-0.058504100522220395,0.0,33.08966676127121,33.08966676127121,0.0,0.0,3.6994333267211914,2.357830762863159,False,False
3GMI_A_GLU5,39,major_only,B,A,6,60;-60;0,0.008029865113757917,0.011202294206941157,0.0042105873755966285,0.0042105873755966285,33.08966676127121,33.085514292812746,0.004152468458464398,0.00012549139549886695,3.4342503547668457,4.402633190155029,False,False
3GMI_A_GLU5,39,major_only,B,A,7,60;-60;-180,0.007704502983471476,0.010804029212819246,0.0038489750531048167,0.0038489750531048167,33.08966676127121,33.08580430217629,0.0038624590949183357,0.00011672704723152525,3.4384262561798096,4.393706321716309,False,False
3GMI_A_GLU5,39,major_only,B,A,8,60;60;0,0.13942207423096487,0.13703871386357605,0.046305742034174945,0.046305742034174945,33.08966676127121,32.46825575433187,0.6214110069393399,0.018779609097382976,1.5544521808624268,4.624378681182861,False,False
3GMI_A_GLU5,39,major_only,B,A,9,60;60;-180,0.13195607592983927,0.13004834082690964,0.04290777768581368,0.04290777768581368,33.08966676127121,32.53003542439873,0.5596313368724779,0.01691257095183205,1.5526992082595825,4.618330001831055,False,False
3GMI_A_GLU5,39,major_only,B,A,10,60;-180;0,-0.04454353586177442,-0.038504360776791875,-0.012550792849025171,0.0,33.08966676127121,33.08966676127121,0.0,0.0,2.5766735076904297,3.8602542877197266,False,False
3GMI_A_GLU5,39,major_only,B,A,11,60;-180;-180,-0.05406409346539016,-0.04771058051120975,-0.01541831232238467,0.0,33.08966676127121,33.08966676127121,0.0,0.0,2.575242042541504,3.8488330841064453,False,False
3GMI_A_GLU5,39,major_only,B,A,12,-180;-60;0,0.2085513630516768,0.2019025775896533,0.06401488787102733,0.06401488787102733,33.08966676127121,31.740778049423852,1.3488887118473585,0.040764650837346116,1.437272071838379,3.7659428119659424,False,False
3GMI_A_GLU5,39,major_only,B,A,13,-180;-60;-180,0.21138115299130747,0.20465194123102282,0.06492517116330526,0.06492517116330526,33.08966676127121,31.7037915379425,1.3858752233287106,0.04188241704962607,1.4288264513015747,3.7686338424682617,False,True
3GMI_A_GLU5,39,major_only,B,A,14,-180;60;0,0.0729775419131218,0.07326554455027147,0.023214940625989215,0.023214940625989215,33.08966676127121,32.91204672383957,0.17762003743163746,0.005367840018247853,3.324247121810913,1.9336397647857666,False,False
3GMI_A_GLU5,39,major_only,B,A,15,-180;60;-180,0.07901667224560456,0.07900593847005745,0.02504637200149795,0.02504637200149795,33.08966676127121,32.88312310253194,0.20654365873927105,0.006241938313534597,3.326728105545044,1.9284820556640625,False,False
3GMI_A_GLU5,39,major_only,B,A,16,-180;-180;0,-0.06796453292310739,-0.060285465938763105,-0.01910019179015458,0.0,33.08966676127121,33.08966676127121,0.0,0.0,2.33705472946167,2.875267744064331,False,False
3GMI_A_GLU5,39,major_only,B,A,17,-180;-180;-180,-0.06786025284962023,-0.06022738876421407,-0.019089976986178408,0.0,33.08966676127121,33.08966676127121,0.0,0.0,2.3398044109344482,2.8719780445098877,False,False
3GMI_A_GLU5,43,major_only,B,A,0,-60;-60;0,-0.26884519018188385,-0.25235094814564957,-0.054193073746510174,0.0,14.417123032095796,14.417123032095796,0.0,0.0,4.461719512939453,0.7916179299354553,False,False
3GMI_A_GLU5,43,major_only,B,A,1,-60;-60;-180,-0.21131888001612667,-0.1978377148633947,-0.04216140868728342,0.0,14.417123032095796,14.417123032095796,0.0,0.0,4.453968048095703,0.7826123237609863,False,False
3GMI_A_GLU5,43,major_only,B,A,2,-60;60;0,-0.09528638808188489,-0.08813083234951083,-0.021130568671474503,0.0,14.417123032095796,14.417123032095796,0.0,0.0,4.504725456237793,2.9670803546905518,False,False
3GMI_A_GLU5,43,major_only,B,A,3,-60;60;-180,-0.09154281993681103,-0.08478241563460742,-0.0194427309526563,0.0,14.417123032095796,14.417123032095796,0.0,0.0,4.498462200164795,2.9700355529785156,False,False
3GMI_A_GLU5,43,major_only,B,A,4,-60;-180;0,-0.12608651590650025,-0.11617637514685758,-0.0246995329609582,0.0,14.417123032095796,14.417123032095796,0.0,0.0,3.711699962615967,2.3531343936920166,False,False
3GMI_A_GLU5,43,major_only,B,A,5,-60;-180;-180,-0.13456586394742404,-0.12443315498980907,-0.026377943637866653,0.0,14.417123032095796,14.417123032095796,0.0,0.0,3.6994333267211914,2.357830762863159,False,False
3GMI_A_GLU5,43,major_only,B,A,6,60;-60;0,-0.11446264784560489,-0.10686343261246833,-0.0265129428346727,0.0,14.417123032095796,14.417123032095796,0.0,0.0,3.4342503547668457,4.402633190155029,False,False
3GMI_A_GLU5,43,major_only,B,A,7,60;-60;-180,-0.10813682640892265,-0.10110674807070084,-0.023775660695884885,0.0,14.417123032095796,14.417123032095796,0.0,0.0,3.4384262561798096,4.393706321716309,False,False
3GMI_A_GLU5,43,major_only,B,A,8,60;60;0,-0.04594379535860178,-0.04026942497919323,-0.008981732319989942,0.0,14.417123032095796,14.417123032095796,0.0,0.0,1.5544521808624268,4.624378681182861,False,False
3GMI_A_GLU5,43,major_only,B,A,9,60;60;-180,-0.04902461697582042,-0.043359904335350495,-0.00944305734235183,0.0,14.417123032095796,14.417123032095796,0.0,0.0,1.5526992082595825,4.618330001831055,False,False
3GMI_A_GLU5,43,major_only,B,A,10,60;-180;0,-0.1371316739628673,-0.12682631768121233,-0.027287498976195503,0.0,14.417123032095796,14.417123032095796,0.0,0.0,2.5766735076904297,3.8602542877197266,False,False
3GMI_A_GLU5,43,major_only,B,A,11,60;-180;-180,-0.1421421370625275,-0.13186426766888698,-0.028128227806629415,0.0,14.417123032095796,14.417123032095796,0.0,0.0,2.575242042541504,3.8488330841064453,False,False
3GMI_A_GLU5,43,major_only,B,A,12,-180;-60;0,0.11327691263516942,0.11137879439969495,0.023309595865013112,0.023309595865013112,14.417123032095796,14.238275220720535,0.1788478113752614,0.012405235841929452,1.437272071838379,3.7659428119659424,False,False
3GMI_A_GLU5,43,major_only,B,A,13,-180;-60;-180,0.11689878986012113,0.11484453164543673,0.024049201505206817,0.024049201505206817,14.417123032095796,14.226971754999493,0.19015127709630342,0.013189266448859694,1.4288264513015747,3.7686338424682617,False,False
3GMI_A_GLU5,43,major_only,B,A,14,-180;60;0,0.23076588501051007,0.2226635952110206,0.046570416069654695,0.046570416069654695,14.417123032095796,13.70233538447026,0.7147876476255366,0.049579076632297346,3.324247121810913,1.9336397647857666,False,False
3GMI_A_GLU5,43,major_only,B,A,15,-180;60;-180,0.2539992682149572,0.24477284691345194,0.051220219481331486,0.051220219481331486,14.417123032095796,13.553339176249949,0.8637838558458473,0.059913746586116236,3.326728105545044,1.9284820556640625,False,True
3GMI_A_GLU5,43,major_only,B,A,16,-180;-180;0,-0.012690572776463016,-0.008060906222511412,-0.0016857845940076001,0.0,14.417123032095796,14.417123032095796,0.0,0.0,2.33705472946167,2.875267744064331,False,False
3GMI_A_GLU5,43,major_only,B,A,17,-180;-180;-180,-0.017979927144233514,-0.013093638690766126,-0.002739459151162747,0.0,14.417123032095796,14.417123032095796,0.0,0.0,2.3398044109344482,2.8719780445098877,False,False
3NY7_B_LYS19,3,major_only,A,B,0,-60;-60;-60;-60,-0.26492876187792436,-0.2676939168092945,-0.05826855971798545,0.0,5.973435967276709,5.973435967276709,0.0,0.0,1.4064940214157104,3.2157678604125977,False,False
3NY7_B_LYS19,3,major_only,A,B,1,-60;-60;-60;60,-0.22098498238806044,-0.22943656598817086,-0.04986220294184242,0.0,5.973435967276709,5.973435967276709,0.0,0.0,2.123621702194214,3.484121561050415,False,False
3NY7_B_LYS19,3,major_only,A,B,2,-60;-60;-60;-180,-0.2508043710294256,-0.25698457067036146,-0.05794926642258923,0.0,5.973435967276709,5.973435967276709,0.0,0.0,1.793673038482666,3.7629101276397705,False,False
3NY7_B_LYS19,3,major_only,A,B,3,-60;-60;60;-60,-0.19125055548542316,-0.20352108457666157,-0.045766449020298236,0.0,5.973435967276709,5.973435967276709,0.0,0.0,3.0385820865631104,3.7181882858276367,False,False
3NY7_B_LYS19,3,major_only,A,B,4,-60;-60;60;60,-0.19420333928761277,-0.20620250592892442,-0.04694441130922134,0.0,5.973435967276709,5.973435967276709,0.0,0.0,3.0967581272125244,3.5170862674713135,False,False
3NY7_B_LYS19,3,major_only,A,B,5,-60;-60;60;-180,-0.20288254986911647,-0.21430786263487464,-0.050566482515283014,0.0,5.973435967276709,5.973435967276709,0.0,0.0,2.790505886077881,3.9783267974853516,False,False
3NY7_B_LYS19,3,major_only,A,B,6,-60;-60;-180;-60,-0.15715902863445733,-0.1724999751414191,-0.03801211529431819,0.0,5.973435967276709,5.973435967276709,0.0,0.0,2.2324917316436768,2.997743844985962,False,False
3NY7_B_LYS19,3,major_only,A,B,7,-60;-60;-180;60,-0.06949728400003823,-0.09471523841625397,-0.020691061699903483,0.0,5.973435967276709,5.973435967276709,0.0,0.0,1.4476028680801392,2.939985513687134,False,False
3NY7_B_LYS19,3,major_only,A,B,8,-60;-60;-180;-180,-0.16044581314623432,-0.17552677750993897,-0.04003737625309833,0.0,5.973435967276709,5.973435967276709,0.0,0.0,1.8208820819854736,3.541074275970459,False,False
3NY7_B_LYS19,3,major_only,A,B,9,-60;60;-60;-60,-0.06272049696180897,-0.08652514344935659,-0.01985787919438307,0.0,5.973435967276709,5.973435967276709,0.0,0.0,3.632540225982666,3.285095453262329,False,False
3NY7_B_LYS19,3,major_only,A,B,10,-60;60;-60;60,-0.05306275838666117,-0.07751577827259093,-0.017731684846114877,0.0,5.973435967276709,5.973435967276709,0.0,0.0,3.978027582168579,3.1301369667053223,False,False
3NY7_B_LYS19,3,major_only,A,B,11,-60;60;-60;-180,-0.058218035575518384,-0.08165432023178928,-0.01973542800514144,0.0,5.973435967276709,5.973435967276709,0.0,0.0,4.139329433441162,3.0887153148651123,False,False
3NY7_B_LYS19,3,major_only,A,B,12,-60;60;60;-60,-0.077375857778807,-0.10062328146417668,-0.022135371184276005,0.0,5.973435967276709,5.973435967276709,0.0,0.0,3.981718063354492,2.0982096195220947,False,False
3NY7_B_LYS19,3,major_only,A,B,13,-60;60;60;60,0.047294773441033,0.0100386872794768,0.0021968316361599726,0.0021968316361599726,5.973435967276709,5.972833992819773,0.0006019744569361052,0.00010077524229502128,3.634579658508301,1.6421496868133545,False,True
3NY7_B_LYS19,3,major_only,A,B,14,-60;60;60;-180,-0.04341446186244534,-0.06903029133918952,-0.016124950651844116,0.0,5.973435967276709,5.973435967276709,0.0,0.0,4.142969608306885,2.0708470344543457,False,False
3NY7_B_LYS19,3,major_only,A,B,15,-60;60;-180;-60,-0.04477568966363494,-0.07237325419401384,-0.015857192683034364,0.0,5.973435967276709,5.973435967276709,0.0,0.0,2.8964011669158936,2.203059673309326,False,False
3NY7_B_LYS19,3,major_only,A,B,16,-60;60;-180;60,-0.057708972226670346,-0.08333710866666354,-0.01842055287391957,0.0,5.973435967276709,5.973435967276709,0.0,0.0,2.8989102840423584,2.7483437061309814,False,False
3NY7_B_LYS19,3,major_only,A,B,17,-60;60;-180;-180,-0.05382274613007057,-0.07866813163651343,-0.018294061853784047,0.0,5.973435967276709,5.973435967276709,0.0,0.0,3.533118724822998,2.5283169746398926,False,False
3NY7_B_LYS19,3,major_only,A,B,18,-60;-180;-60;-60,-0.04790055180917699,-0.07562267634745759,-0.016477321147662906,0.0,5.973435967276709,5.973435967276709,0.0,0.0,3.104257345199585,0.22980496287345886,False,False
3NY7_B_LYS19,3,major_only,A,B,19,-60;-180;-60;60,-0.21867911794557982,-0.2268546693897048,-0.049071582081376304,0.0,5.973435967276709,5.973435967276709,0.0,0.0,3.046133279800415,1.1841784715652466,False,False
3NY7_B_LYS19,3,major_only,A,B,20,-60;-180;-60;-180,-0.08515222470266579,-0.1084887631190161,-0.023793175269934554,0.0,5.973435967276709,5.973435967276709,0.0,0.0,2.796370029449463,0.9794979095458984,False,False
3NY7_B_LYS19,3,major_only,A,B,21,-60;-180;60;-60,-0.2563778794937004,-0.25998156264254285,-0.056198406756081294,0.0,5.973435967276709,5.973435967276709,0.0,0.0,2.1275196075439453,2.2609143257141113,False,False
3NY7_B_LYS19,3,major_only,A,B,22,-60;-180;60;60,-0.29887739640536154,-0.2972036678686591,-0.06464961615236722,0.0,5.973435967276709,5.973435967276709,0.0,0.0,1.4177082777023315,2.473708391189575,False,False
3NY7_B_LYS19,3,major_only,A,B,23,-60;-180;60;-180,-0.28406990119020803,-0.28465305422883475,-0.06228294586732491,0.0,5.973435967276709,5.973435967276709,0.0,0.0,1.7944053411483765,2.1315643787384033,False,False
3NY7_B_LYS19,3,major_only,A,B,24,-60;-180;-180;-60,-0.09048658599608217,-0.1134925232564524,-0.024763373385820558,0.0,5.973435967276709,5.973435967276709,0.0,0.0,1.4581092596054077,2.152322769165039,False,False
3NY7_B_LYS19,3,major_only,A,B,25,-60;-180;-180;60,-0.1651497236302392,-0.17941518505412374,-0.03918683002160857,0.0,5.973435967276709,5.973435967276709,0.0,0.0,2.2360706329345703,1.508482813835144,False,False
3NY7_B_LYS19,3,major_only,A,B,26,-60;-180;-180;-180,-0.17820740950256128,-0.19104754369351828,-0.04197449282256842,0.0,5.973435967276709,5.973435967276709,0.0,0.0,1.8212776184082031,1.7687783241271973,False,False
3NY7_B_LYS19,3,major_only,A,B,27,60;-60;-60;-60,0.040409352778657356,0.0058079536249454385,0.0012853381899861677,0.0012853381899861677,5.973435967276709,5.9732344693914445,0.00020149788526424572,3.373232530960044e-05,4.023284912109375,2.216552734375,False,False
3NY7_B_LYS19,3,major_only,A,B,28,60;-60;-60;60,-0.06878246490246039,-0.0928399046680928,-0.020373173838173744,0.0,5.973435967276709,5.973435967276709,0.0,0.0,3.956786632537842,2.5605247020721436,False,False
3NY7_B_LYS19,3,major_only,A,B,29,60;-60;-60;-180,-0.06560463762718406,-0.08811226898422811,-0.020998060031781562,0.0,5.973435967276709,5.973435967276709,0.0,0.0,4.566709518432617,2.553222179412842,False,False
3NY7_B_LYS19,3,major_only,A,B,30,60;-60;60;-60,-0.07878659134131732,-0.09924694287040751,-0.024722213317441285,0.0,5.973435967276709,5.973435967276709,0.0,0.0,4.820678234100342,3.4580347537994385,False,False
3NY7_B_LYS19,3,major_only,A,B,31,60;-60;60;60,-0.08771874129776934,-0.10675131856614882,-0.028517451192449993,0.0,5.973435967276709,5.973435967276709,0.0,0.0,5.267641067504883,3.6184194087982178,False,False
3NY7_B_LYS19,3,major_only,A,B,32,60;-60;60;-180,-0.08810596676240467,-0.1071289111677667,-0.028741419020122533,0.0,5.973435967276709,5.973435967276709,0.0,0.0,5.312829971313477,3.431180238723755,False,False
3NY7_B_LYS19,3,major_only,A,B,33,60;-60;-180;-60,-0.11455299641706652,-0.13183249593875854,-0.035865273070878965,0.0,5.973435967276709,5.973435967276709,0.0,0.0,5.390059947967529,3.140009641647339,False,False
3NY7_B_LYS19,3,major_only,A,B,34,60;-60;-180;60,-0.14858731166484368,-0.16409720006186582,-0.043058491735779934,0.0,5.973435967276709,5.973435967276709,0.0,0.0,5.007424831390381,2.6611123085021973,False,False
3NY7_B_LYS19,3,major_only,A,B,35,60;-60;-180;-180,-0.11350210916587913,-0.13085641261128234,-0.03574278477273004,0.0,5.973435967276709,5.973435967276709,0.0,0.0,5.431633949279785,2.937181234359741,False,False
3NY7_B_LYS19,3,major_only,A,B,36,60;60;-60;-60,-0.05420207161666558,-0.07373748802695688,-0.021461004961786368,0.0,5.973435967276709,5.973435967276709,0.0,0.0,5.445505142211914,3.965021848678589,False,False
3NY7_B_LYS19,3,major_only,A,B,37,60;60;-60;60,-0.051364870850306325,-0.0714725986981119,-0.02016891252804079,0.0,5.973435967276709,5.973435967276709,0.0,0.0,5.087047100067139,4.136295318603516,False,False
3NY7_B_LYS19,3,major_only,A,B,38,60;60;-60;-180,-0.054907350339428486,-0.07427986209484588,-0.021843336403790364,0.0,5.973435967276709,5.973435967276709,0.0,0.0,5.616241931915283,4.387646198272705,False,False
3NY7_B_LYS19,3,major_only,A,B,39,60;60;60;-60,-0.047234972702092155,-0.06894242544736943,-0.017980975891711118,0.0,5.973435967276709,5.973435967276709,0.0,0.0,4.518579006195068,3.927147626876831,False,False
3NY7_B_LYS19,3,major_only,A,B,40,60;60;60;60,-0.048169253797082215,-0.06976836792866349,-0.01866730856406712,0.0,5.973435967276709,5.973435967276709,0.0,0.0,4.573908805847168,3.699247121810913,False,False
3NY7_B_LYS19,3,major_only,A,B,41,60;60;60;-180,-0.05281949166638856,-0.07294713309397798,-0.020802169106743016,0.0,5.973435967276709,5.973435967276709,0.0,0.0,5.124025821685791,4.1932830810546875,False,False
3NY7_B_LYS19,3,major_only,A,B,42,60;60;-180;-60,-0.06489018658531663,-0.08414641037439538,-0.024554098527027376,0.0,5.973435967276709,5.973435967276709,0.0,0.0,5.25383996963501,3.4629976749420166,False,False
3NY7_B_LYS19,3,major_only,A,B,43,60;60;-180;60,-0.061180928512365965,-0.08031277863662126,-0.023695288388358614,0.0,5.973435967276709,5.973435967276709,0.0,0.0,5.556548118591309,3.513240337371826,False,False
3NY7_B_LYS19,3,major_only,A,B,44,60;60;-180;-180,-0.05918845301524322,-0.07832906857258173,-0.02329376041433722,0.0,5.973435967276709,5.973435967276709,0.0,0.0,5.721640110015869,3.9956610202789307,False,False
3NY7_B_LYS19,3,major_only,A,B,45,60;-180;-60;-60,-0.10144077026519216,-0.12176771646120543,-0.02790431502706379,0.0,5.973435967276709,5.973435967276709,0.0,0.0,3.8536226749420166,2.880885124206543,False,False
3NY7_B_LYS19,3,major_only,A,B,46,60;-180;-60;60,-0.12171161233477734,-0.1408419500427483,-0.030533304125651254,0.0,5.973435967276709,5.973435967276709,0.0,0.0,3.195840358734131,2.674105405807495,False,False
3NY7_B_LYS19,3,major_only,A,B,47,60;-180;-60;-180,-0.09295585423898303,-0.11447760092299257,-0.0257057167926313,0.0,5.973435967276709,5.973435967276709,0.0,0.0,3.4981577396392822,2.5784494876861572,False,False
3NY7_B_LYS19,3,major_only,A,B,48,60;-180;60;-60,-0.2024440254322033,-0.21247681431211382,-0.04595440738970143,0.0,5.973435967276709,5.973435967276709,0.0,0.0,2.844489574432373,1.8535295724868774,False,False
3NY7_B_LYS19,3,major_only,A,B,49,60;-180;60;60,0.01601704933943583,-0.018528964813848622,-0.004038097379399619,0.0,5.973435967276709,5.973435967276709,0.0,0.0,3.46728777885437,1.4685395956039429,False,False
3NY7_B_LYS19,3,major_only,A,B,50,60;-180;60;-180,-0.03907768110044165,-0.06730238929538372,-0.014753704715430629,0.0,5.973435967276709,5.973435967276709,0.0,0.0,3.186274528503418,1.7499072551727295,False,False
3NY7_B_LYS19,3,major_only,A,B,51,60;-180;-180;-60,-0.19499376910766383,-0.2073323391914462,-0.050709669829185455,0.0,5.973435967276709,5.973435967276709,0.0,0.0,4.595973491668701,2.0954556465148926,False,False
3NY7_B_LYS19,3,major_only,A,B,52,60;-180;-180;60,-0.16585618374144515,-0.18038017571207607,-0.045256574674963725,0.0,5.973435967276709,5.973435967276709,0.0,0.0,4.672152042388916,2.611236810684204,False,False
3NY7_B_LYS19,3,major_only,A,B,53,60;-180;-180;-180,-0.15658243389056223,-0.17186242261139886,-0.04249445378886376,0.0,5.973435967276709,5.973435967276709,0.0,0.0,4.3596720695495605,2.2881081104278564,False,False
3NY7_B_LYS19,3,major_only,A,B,54,-180;-60;-60;-60,0.006667553116760984,-0.018761632949611168,-0.004944882667227614,0.0,5.973435967276709,5.973435967276709,0.0,0.0,4.394294261932373,3.705411195755005,False,False
3NY7_B_LYS19,3,major_only,A,B,55,-180;-60;-60;60,0.004199852682714531,-0.020873419163369773,-0.005410669063054764,0.0,5.973435967276709,5.973435967276709,0.0,0.0,4.621171951293945,3.657611131668091,False,False
3NY7_B_LYS19,3,major_only,A,B,56,-180;-60;-60;-180,0.005627780722098254,-0.01818807652759468,-0.005096645556458091,0.0,5.973435967276709,5.973435967276709,0.0,0.0,4.906282424926758,4.254332065582275,False,False
3NY7_B_LYS19,3,major_only,A,B,57,-180;-60;60;-60,0.006402601310484452,-0.01750308682529507,-0.004835349610014261,0.0,5.973435967276709,5.973435967276709,0.0,0.0,4.642566680908203,4.378567695617676,False,False
3NY7_B_LYS19,3,major_only,A,B,58,-180;-60;60;60,0.005548192836718935,-0.01794898091904514,-0.005074276639102256,0.0,5.973435967276709,5.973435967276709,0.0,0.0,4.426997661590576,4.741738319396973,False,False
3NY7_B_LYS19,3,major_only,A,B,59,-180;-60;60;-180,0.005135003780765077,-0.017974727212092537,-0.0051738666950168054,0.0,5.973435967276709,5.973435967276709,0.0,0.0,4.9259538650512695,4.87192964553833,False,False
3NY7_B_LYS19,3,major_only,A,B,60,-180;-60;-180;-60,0.005102228541433556,-0.018366199454397297,-0.005221449778214411,0.0,5.973435967276709,5.973435967276709,0.0,0.0,4.0749993324279785,4.7323222160339355,False,False
3NY7_B_LYS19,3,major_only,A,B,61,-180;-60;-180;60,0.005639958910231641,-0.01836271105353952,-0.005149628412618225,0.0,5.973435967276709,5.973435967276709,0.0,0.0,4.063913822174072,4.408474445343018,False,False
3NY7_B_LYS19,3,major_only,A,B,62,-180;-60;-180;-180,0.004963430286158059,-0.018157631678592107,-0.005238494437184857,0.0,5.973435967276709,5.973435967276709,0.0,0.0,4.623969554901123,4.860845565795898,False,False
3NY7_B_LYS19,3,major_only,A,B,63,-180;60;-60;-60,-0.00660836780787498,-0.03207156574204663,-0.008154103790319514,0.0,5.973435967276709,5.973435967276709,0.0,0.0,3.75331711769104,4.629652500152588,False,False
3NY7_B_LYS19,3,major_only,A,B,64,-180;60;-60;60,-0.010182152833833611,-0.036824798886920966,-0.008691962957038613,0.0,5.973435967276709,5.973435967276709,0.0,0.0,3.510359764099121,4.248300552368164,False,False
3NY7_B_LYS19,3,major_only,A,B,65,-180;60;-60;-180,-0.008344602461874066,-0.03378072240235243,-0.00864077569556195,0.0,5.973435967276709,5.973435967276709,0.0,0.0,3.406157970428467,4.748075008392334,False,False
3NY7_B_LYS19,3,major_only,A,B,66,-180;60;60;-60,-0.16512624595722863,-0.17957651962373924,-0.038960603394331036,0.0,5.973435967276709,5.973435967276709,0.0,0.0,2.2911794185638428,3.4997904300689697,False,False
3NY7_B_LYS19,3,major_only,A,B,67,-180;60;60;60,-0.11252103401060777,-0.13268945352828446,-0.028978853799450414,0.0,5.973435967276709,5.973435967276709,0.0,0.0,1.8286712169647217,3.5501089096069336,False,False
3NY7_B_LYS19,3,major_only,A,B,68,-180;60;60;-180,-0.10205512644863696,-0.12249095334853727,-0.02787465006682673,0.0,5.973435967276709,5.973435967276709,0.0,0.0,2.173452138900757,4.111667156219482,False,False
3NY7_B_LYS19,3,major_only,A,B,69,-180;60;-180;-60,-0.016781420621890003,-0.04287041643997851,-0.010414974363801049,0.0,5.973435967276709,5.973435967276709,0.0,0.0,2.773667812347412,4.279469013214111,False,False
3NY7_B_LYS19,3,major_only,A,B,70,-180;60;-180;60,-0.008829913900832553,-0.03409200298219363,-0.008802048563723842,0.0,5.973435967276709,5.973435967276709,0.0,0.0,3.3709728717803955,4.620036602020264,False,False
3NY7_B_LYS19,3,major_only,A,B,71,-180;60;-180;-180,-0.010912566930014814,-0.03612601146535245,-0.009346217770438155,0.0,5.973435967276709,5.973435967276709,0.0,0.0,2.9965436458587646,4.736709117889404,False,False
3NY7_B_LYS19,3,major_only,A,B,72,-180;-180;-60;-60,-0.15905561401592053,-0.17400701679660133,-0.03785659423443496,0.0,5.973435967276709,5.973435967276709,0.0,0.0,1.7808321714401245,2.845959424972534,False,False
3NY7_B_LYS19,3,major_only,A,B,73,-180;-180;-60;60,-0.21042674005445533,-0.2193744357302518,-0.047415386333814986,0.0,5.973435967276709,5.973435967276709,0.0,0.0,2.2322709560394287,2.1607351303100586,False,False
3NY7_B_LYS19,3,major_only,A,B,74,-180;-180;-60;-180,-0.15502117394147552,-0.17048941338039214,-0.03728591487756977,0.0,5.973435967276709,5.973435967276709,0.0,0.0,2.0906639099121094,2.547135591506958,False,False
3NY7_B_LYS19,3,major_only,A,B,75,-180;-180;60;-60,-0.09225389086084754,-0.1145625080419052,-0.024840471812408244,0.0,5.973435967276709,5.973435967276709,0.0,0.0,3.4435362815856934,2.162075996398926,False,False
3NY7_B_LYS19,3,major_only,A,B,76,-180;-180;60;60,-0.016202167853592478,-0.04430670017352703,-0.01015618355422127,0.0,5.973435967276709,5.973435967276709,0.0,0.0,3.691371440887451,2.859355926513672,False,False
3NY7_B_LYS19,3,major_only,A,B,77,-180;-180;60;-180,-0.0055220808861781235,-0.03559337434172187,-0.007990429892094902,0.0,5.973435967276709,5.973435967276709,0.0,0.0,3.3249759674072266,2.54753041267395,False,False
3NY7_B_LYS19,3,major_only,A,B,78,-180;-180;-180;-60,-0.02472994488909007,-0.05052539637451051,-0.012299734677643132,0.0,5.973435967276709,5.973435967276709,0.0,0.0,3.3329057693481445,3.7559521198272705,False,False
3NY7_B_LYS19,3,major_only,A,B,79,-180;-180;-180;60,-0.032829590323236006,-0.0588488953454261,-0.013715175848950172,0.0,5.973435967276709,5.973435967276709,0.0,0.0,2.743774652481079,3.746537208557129,False,False
3NY7_B_LYS19,3,major_only,A,B,80,-180;-180;-180;-180,-0.028257854758900938,-0.054377227714818004,-0.012934477500933317,0.0,5.973435967276709,5.973435967276709,0.0,0.0,2.9383366107940674,3.498401641845703,False,False
3NY7_B_LYS19,46,minor_only,B,A,0,-60;-60;-60;-60,-0.1267280992085462,-0.13369110007556997,-0.030819234023716287,0.0,6.699946546495209,6.699946546495209,0.0,0.0,3.2157678604125977,1.4064940214157104,False,False
3NY7_B_LYS19,46,minor_only,B,A,1,-60;-60;-60;60,-0.03464693595204787,-0.051668755971055205,-0.011892150476151662,0.0,6.699946546495209,6.699946546495209,0.0,0.0,3.484121561050415,2.123621702194214,False,False
3NY7_B_LYS19,46,minor_only,B,A,2,-60;-60;-60;-180,-0.05179476194036839,-0.06659317452100717,-0.015903553510451224,0.0,6.699946546495209,6.699946546495209,0.0,0.0,3.7629101276397705,1.793673038482666,False,False
3NY7_B_LYS19,46,minor_only,B,A,3,-60;-60;60;-60,-0.03786910255305547,-0.05360932963874094,-0.01276737892450294,0.0,6.699946546495209,6.699946546495209,0.0,0.0,3.7181882858276367,3.0385820865631104,False,False
3NY7_B_LYS19,46,minor_only,B,A,4,-60;-60;60;60,-0.04616495859881183,-0.061155259168838655,-0.014745086752622805,0.0,6.699946546495209,6.699946546495209,0.0,0.0,3.5170862674713135,3.0967581272125244,False,False
3NY7_B_LYS19,46,minor_only,B,A,5,-60;-60;60;-180,-0.04264735295095657,-0.057617797784709004,-0.014398089113134154,0.0,6.699946546495209,6.699946546495209,0.0,0.0,3.9783267974853516,2.790505886077881,False,False
3NY7_B_LYS19,46,minor_only,B,A,6,-60;-60;-180;-60,-0.018225278181995354,-0.03683980702489918,-0.008597534163753771,0.0,6.699946546495209,6.699946546495209,0.0,0.0,2.997743844985962,2.2324917316436768,False,False
3NY7_B_LYS19,46,minor_only,B,A,7,-60;-60;-180;60,0.06660267247202567,0.037809550519219734,0.008747581472299417,0.008747581472299417,6.699946546495209,6.690368556770196,0.009577989725013225,0.001429562110465425,2.939985513687134,1.4476028680801392,False,False
3NY7_B_LYS19,46,minor_only,B,A,8,-60;-60;-180;-180,0.0010846572978825827,-0.01869531198448583,-0.004516255560218324,0.0,6.699946546495209,6.699946546495209,0.0,0.0,3.541074275970459,1.8208820819854736,False,False
3NY7_B_LYS19,46,minor_only,B,A,9,-60;60;-60;-60,-0.3056727147046011,-0.2977501676147976,-0.07237125662465067,0.0,6.699946546495209,6.699946546495209,0.0,0.0,3.285095453262329,3.632540225982666,False,False
3NY7_B_LYS19,46,minor_only,B,A,10,-60;60;-60;60,-0.30716617462493134,-0.29950269150022013,-0.07255781303053474,0.0,6.699946546495209,6.699946546495209,0.0,0.0,3.1301369667053223,3.978027582168579,False,False
3NY7_B_LYS19,46,minor_only,B,A,11,-60;60;-60;-180,-0.3216689398521141,-0.31387829588104416,-0.08034377444032574,0.0,6.699946546495209,6.699946546495209,0.0,0.0,3.0887153148651123,4.139329433441162,False,False
3NY7_B_LYS19,46,minor_only,B,A,12,-60;60;60;-60,-0.4160105897472817,-0.3954642482324941,-0.09213382951280012,0.0,6.699946546495209,6.699946546495209,0.0,0.0,2.0982096195220947,3.981718063354492,False,False
3NY7_B_LYS19,46,minor_only,B,A,13,-60;60;60;60,-0.31294761978501684,-0.3004766997203296,-0.06963927029694583,0.0,6.699946546495209,6.699946546495209,0.0,0.0,1.6421496868133545,3.634579658508301,False,False
3NY7_B_LYS19,46,minor_only,B,A,14,-60;60;60;-180,-0.41847684785613815,-0.4004197551936046,-0.09905986830929293,0.0,6.699946546495209,6.699946546495209,0.0,0.0,2.0708470344543457,4.142969608306885,False,False
3NY7_B_LYS19,46,minor_only,B,A,15,-60;60;-180;-60,-0.34088772808862633,-0.32491035848737004,-0.07539374609064087,0.0,6.699946546495209,6.699946546495209,0.0,0.0,2.203059673309326,2.8964011669158936,False,False
3NY7_B_LYS19,46,minor_only,B,A,16,-60;60;-180;60,-0.33762900991926276,-0.32353576449996235,-0.07573734740770847,0.0,6.699946546495209,6.699946546495209,0.0,0.0,2.7483437061309814,2.8989102840423584,False,False
3NY7_B_LYS19,46,minor_only,B,A,17,-60;60;-180;-180,-0.3582411788998434,-0.34511797868724303,-0.0849967762384798,0.0,6.699946546495209,6.699946546495209,0.0,0.0,2.5283169746398926,3.533118724822998,False,False
3NY7_B_LYS19,46,minor_only,B,A,18,-60;-180;-60;-60,0.18231528029766683,0.14036274437391907,0.032389927547747215,0.032389927547747215,6.699946546495209,6.567946209565331,0.13200033692987745,0.019701700008178093,0.22980496287345886,3.104257345199585,True,False
3NY7_B_LYS19,46,minor_only,B,A,19,-60;-180;-60;60,0.15802152568002348,0.11882408603693567,0.027221395297910587,0.027221395297910587,6.699946546495209,6.60534890628314,0.09459764021206851,0.014119163422513159,1.1841784715652466,3.046133279800415,False,False
3NY7_B_LYS19,46,minor_only,B,A,20,-60;-180;-60;-180,0.14530566750812304,0.10805706395060506,0.025098303784199385,0.025098303784199385,6.699946546495209,6.621715765869432,0.07823078062577693,0.011676329069625194,0.9794979095458984,2.796370029449463,True,False
3NY7_B_LYS19,46,minor_only,B,A,21,-60;-180;60;-60,-0.09053015484895924,-0.1016181816749168,-0.023263573956054162,0.0,6.699946546495209,6.699946546495209,0.0,0.0,2.2609143257141113,2.1275196075439453,False,False
3NY7_B_LYS19,46,minor_only,B,A,22,-60;-180;60;60,-0.17654532920331054,-0.17754215810779866,-0.0409012746916622,0.0,6.699946546495209,6.699946546495209,0.0,0.0,2.473708391189575,1.4177082777023315,False,False
3NY7_B_LYS19,46,minor_only,B,A,23,-60;-180;60;-180,-0.1600465073634687,-0.16322357655819167,-0.037823328984305765,0.0,6.699946546495209,6.699946546495209,0.0,0.0,2.1315643787384033,1.7944053411483765,False,False
3NY7_B_LYS19,46,minor_only,B,A,24,-60;-180;-180;-60,0.06276938608776911,0.033836056932915554,0.007818903695505409,0.007818903695505409,6.699946546495209,6.6922759200762485,0.007670626418960325,0.0011448787487674638,2.152322769165039,1.4581092596054077,False,False
3NY7_B_LYS19,46,minor_only,B,A,25,-60;-180;-180;60,-0.02111328060983473,-0.040148519708033355,-0.009286969850060401,0.0,6.699946546495209,6.699946546495209,0.0,0.0,1.508482813835144,2.2360706329345703,False,False
3NY7_B_LYS19,46,minor_only,B,A,26,-60;-180;-180;-180,-0.013258528043535325,-0.033021583291638124,-0.007683612496135914,0.0,6.699946546495209,6.699946546495209,0.0,0.0,1.7687783241271973,1.8212776184082031,False,False
3NY7_B_LYS19,46,minor_only,B,A,27,60;-60;-60;-60,-0.09160157091941702,-0.10253016397760177,-0.024030869559754267,0.0,6.699946546495209,6.699946546495209,0.0,0.0,2.216552734375,4.023284912109375,False,False
3NY7_B_LYS19,46,minor_only,B,A,28,60;-60;-60;60,-0.33215604639158414,-0.3198473069926791,-0.07433447288572669,0.0,6.699946546495209,6.699946546495209,0.0,0.0,2.5605247020721436,3.956786632537842,False,False
3NY7_B_LYS19,46,minor_only,B,A,29,60;-60;-60;-180,-0.17677059327182937,-0.18085321998891538,-0.0456449353420136,0.0,6.699946546495209,6.699946546495209,0.0,0.0,2.553222179412842,4.566709518432617,False,False
3NY7_B_LYS19,46,minor_only,B,A,30,60;-60;60;-60,-0.04871543625658976,-0.06205985236787764,-0.016372104659354927,0.0,6.699946546495209,6.699946546495209,0.0,0.0,3.4580347537994385,4.820678234100342,False,False
3NY7_B_LYS19,46,minor_only,B,A,31,60;-60;60;60,-0.04601798202504494,-0.05894605373357066,-0.016676916610583525,0.0,6.699946546495209,6.699946546495209,0.0,0.0,3.6184194087982178,5.267641067504883,False,False
3NY7_B_LYS19,46,minor_only,B,A,32,60;-60;60;-180,-0.047192463351009,-0.0600603005047278,-0.01706524701066066,0.0,6.699946546495209,6.699946546495209,0.0,0.0,3.431180238723755,5.312829971313477,False,False
3NY7_B_LYS19,46,minor_only,B,A,33,60;-60;-180;-60,-0.045985289644377106,-0.05881645529828029,-0.016946268266280415,0.0,6.699946546495209,6.699946546495209,0.0,0.0,3.140009641647339,5.390059947967529,False,False
3NY7_B_LYS19,46,minor_only,B,A,34,60;-60;-180;60,-0.02955193429010052,-0.043907450138993054,-0.012201674118884611,0.0,6.699946546495209,6.699946546495209,0.0,0.0,2.6611123085021973,5.007424831390381,False,False
3NY7_B_LYS19,46,minor_only,B,A,35,60;-60;-180;-180,-0.04700651487885015,-0.05978821558866063,-0.017295476453746822,0.0,6.699946546495209,6.699946546495209,0.0,0.0,2.937181234359741,5.431633949279785,False,False
3NY7_B_LYS19,46,minor_only,B,A,36,60;60;-60;-60,0.0018808676690360668,-0.012558190394712817,-0.0038709034763983957,0.0,6.699946546495209,6.699946546495209,0.0,0.0,3.965021848678589,5.445505142211914,False,False
3NY7_B_LYS19,46,minor_only,B,A,37,60;60;-60;60,0.0027867284601174602,-0.01206217687715966,-0.0036048912238734066,0.0,6.699946546495209,6.699946546495209,0.0,0.0,4.136295318603516,5.087047100067139,False,False
3NY7_B_LYS19,46,minor_only,B,A,38,60;60;-60;-180,0.0017902678175870826,-0.012535102614370583,-0.0039039059069993507,0.0,6.699946546495209,6.699946546495209,0.0,0.0,4.387646198272705,5.616241931915283,False,False
3NY7_B_LYS19,46,minor_only,B,A,39,60;60;60;-60,0.005759346363027499,-0.010440697512173589,-0.002883897209321601,0.0,6.699946546495209,6.699946546495209,0.0,0.0,3.927147626876831,4.518579006195068,False,False
3NY7_B_LYS19,46,minor_only,B,A,40,60;60;60;60,0.005664152078736621,-0.010486027129314993,-0.002971376484974666,0.0,6.699946546495209,6.699946546495209,0.0,0.0,3.699247121810913,4.573908805847168,False,False
3NY7_B_LYS19,46,minor_only,B,A,41,60;60;60;-180,0.003080265167143032,-0.01186984834270752,-0.003584834636229223,0.0,6.699946546495209,6.699946546495209,0.0,0.0,4.1932830810546875,5.124025821685791,False,False
3NY7_B_LYS19,46,minor_only,B,A,42,60;60;-180;-60,0.0038789197682550956,-0.010914662157717574,-0.003373045971694713,0.0,6.699946546495209,6.699946546495209,0.0,0.0,3.4629976749420166,5.25383996963501,False,False
3NY7_B_LYS19,46,minor_only,B,A,43,60;60;-180;60,0.0018066404989364217,-0.012589466677097629,-0.0039337634627961415,0.0,6.699946546495209,6.699946546495209,0.0,0.0,3.513240337371826,5.556548118591309,False,False
3NY7_B_LYS19,46,minor_only,B,A,44,60;60;-180;-180,0.0018318250573777764,-0.012482886419308694,-0.003931472330907418,0.0,6.699946546495209,6.699946546495209,0.0,0.0,3.9956610202789307,5.721640110015869,False,False
3NY7_B_LYS19,46,minor_only,B,A,45,60;-180;-60;-60,0.09009447517713626,0.06340240916841303,0.015387516361994749,0.015387516361994749,6.699946546495209,6.673013662599104,0.026932883896105153,0.00401986548835885,2.880885124206543,3.8536226749420166,False,False
3NY7_B_LYS19,46,minor_only,B,A,46,60;-180;-60;60,0.07765597130952548,0.04871573404644636,0.011184963919223027,0.011184963919223027,6.699946546495209,6.684046080969599,0.01590046552560942,0.002373222743683988,2.674105405807495,3.195840358734131,False,False
3NY7_B_LYS19,46,minor_only,B,A,47,60;-180;-60;-180,0.08244495857425549,0.05518521265115929,0.013123675460711987,0.013123675460711987,6.699946546495209,6.679542477724055,0.020404068771154193,0.0030454076953535863,2.5784494876861572,3.4981577396392822,False,False
3NY7_B_LYS19,46,minor_only,B,A,48,60;-180;60;-60,0.2133784733906242,0.16791788108067374,0.03846237799277286,0.03846237799277286,6.699946546495209,6.511032074622026,0.18891447187318278,0.028196414786623235,1.8535295724868774,2.844489574432373,False,False
3NY7_B_LYS19,46,minor_only,B,A,49,60;-180;60;60,0.2752121900091909,0.22390245200525183,0.05167827914558392,0.05167827914558392,6.699946546495209,6.364062762549216,0.3358837839459925,0.050132308013964046,1.4685395956039429,3.46728777885437,False,True
3NY7_B_LYS19,46,minor_only,B,A,50,60;-180;60;-180,0.24030051473023348,0.19343197004883586,0.04490786644539328,0.04490786644539328,6.699946546495209,6.44926183535992,0.250684711135289,0.03741592703697375,1.7499072551727295,3.186274528503418,False,False
3NY7_B_LYS19,46,minor_only,B,A,51,60;-180;-180;-60,0.1175531180806208,0.09117830879770479,0.02361776681786242,0.02361776681786242,6.699946546495209,6.644246648112162,0.055699898383046786,0.008313483995209456,2.0954556465148926,4.595973491668701,False,False
3NY7_B_LYS19,46,minor_only,B,A,52,60;-180;-180;60,0.10570407775068671,0.08100195741299963,0.021523453243563462,0.021523453243563462,6.699946546495209,6.655986072618864,0.04396047387634461,0.006561317104737299,2.611236810684204,4.672152042388916,False,False
3NY7_B_LYS19,46,minor_only,B,A,53,60;-180;-180;-180,0.11629423807201542,0.0900513463451389,0.023581156187421185,0.023581156187421185,6.699946546495209,6.645615038606341,0.0543315078888682,0.008109244978572168,2.2881081104278564,4.3596720695495605,False,False
3NY7_B_LYS19,46,minor_only,B,A,54,-180;-60;-60;-60,0.030111260144864704,0.012156226443648508,0.00339318626106187,0.00339318626106187,6.699946546495209,6.698956469657198,0.0009900768380104452,0.00014777384134928088,3.705411195755005,4.394294261932373,False,False
3NY7_B_LYS19,46,minor_only,B,A,55,-180;-60;-60;60,0.028844447546287056,0.011121414723505342,0.0030530996260236705,0.0030530996260236705,6.699946546495209,6.6991178578081225,0.0008286886870862986,0.00012368586545213436,3.657611131668091,4.621171951293945,False,False
3NY7_B_LYS19,46,minor_only,B,A,56,-180;-60;-60;-180,0.02859941184471932,0.011918629805844886,0.0035371017437306577,0.0035371017437306577,6.699946546495209,6.698994794054272,0.000951752440936815,0.00014205373644879057,4.254332065582275,4.906282424926758,False,False
3NY7_B_LYS19,46,minor_only,B,A,57,-180;-60;60;-60,0.028357058222870872,0.011655236488197739,0.0034100275341730764,0.0034100275341730764,6.699946546495209,6.699036395354684,0.0009101511405251728,0.00013584453759579314,4.378567695617676,4.642566680908203,False,False
3NY7_B_LYS19,46,minor_only,B,A,58,-180;-60;60;60,0.02840694379715783,0.011974649740418078,0.003585260581299141,0.003585260581299141,6.699946546495209,6.698985826176108,0.0009607203191004388,0.0001433922364056768,4.741738319396973,4.426997661590576,False,False
3NY7_B_LYS19,46,minor_only,B,A,59,-180;-60;60;-180,0.02826471904896407,0.01211567511552626,0.00369338098096289,0.00369338098096289,6.699946546495209,6.698963064132142,0.0009834823630665568,0.00014678958350511373,4.87192964553833,4.9259538650512695,False,False
3NY7_B_LYS19,46,minor_only,B,A,60,-180;-60;-180;-60,0.028287994893759938,0.01186515313406204,0.003572471057867132,0.003572471057867132,6.699946546495209,6.699003315565898,0.0009432309293107011,0.00014078185889469702,4.7323222160339355,4.0749993324279785,False,False
3NY7_B_LYS19,46,minor_only,B,A,61,-180;-60;-180;60,0.028036713947862404,0.01124641480965486,0.003340232923178025,0.003340232923178025,6.699946546495209,6.699099124887432,0.0008474216077765107,0.00012648184607081726,4.408474445343018,4.063913822174072,False,False
3NY7_B_LYS19,46,minor_only,B,A,62,-180;-60;-180;-180,0.028217508966136885,0.012055398767434304,0.0036834300587258186,0.0036834300587258186,6.699946546495209,6.698972825579487,0.0009737209157218985,0.000145332639441916,4.860845565795898,4.623969554901123,False,False
3NY7_B_LYS19,46,minor_only,B,A,63,-180;60;-60;-60,0.03924053230591497,0.019931238535014113,0.005366781594475484,0.005366781594475484,6.699946546495209,6.697284964123925,0.002661582371283444,0.0003972542695397678,4.629652500152588,3.75331711769104,False,False
3NY7_B_LYS19,46,minor_only,B,A,64,-180;60;-60;60,0.04093269575745345,0.02019724411007608,0.005048858046368072,0.005048858046368072,6.699946546495209,6.697213446213825,0.002733100281384182,0.00040792866964198195,4.248300552368164,3.510359764099121,False,False
3NY7_B_LYS19,46,minor_only,B,A,65,-180;60;-60;-180,0.039316375944608364,0.019918975370423763,0.005396030005664014,0.005396030005664014,6.699946546495209,6.697288238319009,0.0026583081761994976,0.00039676557980751026,4.748075008392334,3.406157970428467,False,False
3NY7_B_LYS19,46,minor_only,B,A,66,-180;60;60;-60,0.055401027204375744,0.02873705335285302,0.006603009482661705,0.006603009482661705,6.699946546495209,6.694413608460875,0.005532938034333412,0.0008258182354048381,3.4997904300689697,2.2911794185638428,False,False
3NY7_B_LYS19,46,minor_only,B,A,67,-180;60;60;60,-0.04219964351285715,-0.05849547070138224,-0.013529775829163065,0.0,6.699946546495209,6.699946546495209,0.0,0.0,3.5501089096069336,1.8286712169647217,False,False
3NY7_B_LYS19,46,minor_only,B,A,68,-180;60;60;-180,0.026095963372737896,0.004628397978379933,0.001115474552484153,0.001115474552484153,6.699946546495209,6.6998030197857235,0.00014352670948536428,2.142206784626426e-05,4.111667156219482,2.173452138900757,False,False
3NY7_B_LYS19,46,minor_only,B,A,69,-180;60;-180;-60,0.025270041768339014,0.005762713556289296,0.0014826925266951906,0.0014826925266951906,6.699946546495209,6.699724048857877,0.0002224976373321752,3.320886753172163e-05,4.279469013214111,2.773667812347412,False,False
3NY7_B_LYS19,46,minor_only,B,A,70,-180;60;-180;60,0.035463870169604284,0.016451779715009655,0.004498499649904179,0.004498499649904179,6.699946546495209,6.69813313188919,0.001813414606019137,0.0002706610557912208,4.620036602020264,3.3709728717803955,False,False
3NY7_B_LYS19,46,minor_only,B,A,71,-180;60;-180;-180,0.03457720865296649,0.015541699946974194,0.004258316754908724,0.004258316754908724,6.699946546495209,6.698328211677087,0.0016183348181222357,0.00024154443724163716,4.736709117889404,2.9965436458587646,False,False
3NY7_B_LYS19,46,minor_only,B,A,72,-180;-180;-60;-60,-0.11406991903174127,-0.12244064019931118,-0.028211354156301646,0.0,6.699946546495209,6.699946546495209,0.0,0.0,2.845959424972534,1.7808321714401245,False,False
3NY7_B_LYS19,46,minor_only,B,A,73,-180;-180;-60;60,-0.0036448142070179502,-0.024766466636410852,-0.005669188412386227,0.0,6.699946546495209,6.699946546495209,0.0,0.0,2.1607351303100586,2.2322709560394287,False,False
3NY7_B_LYS19,46,minor_only,B,A,74,-180;-180;-60;-180,-0.10188446598154492,-0.11169799532550545,-0.025871185427528736,0.0,6.699946546495209,6.699946546495209,0.0,0.0,2.547135591506958,2.0906639099121094,False,False
3NY7_B_LYS19,46,minor_only,B,A,75,-180;-180;60;-60,0.11040686977466005,0.07794824380902014,0.017899760706835,0.017899760706835,6.699946546495209,6.659238148898394,0.04070839759681455,0.006075928712910315,2.162075996398926,3.4435362815856934,False,False
3NY7_B_LYS19,46,minor_only,B,A,76,-180;-180;60;60,0.0420873172308119,0.019358887586404208,0.0046996454544372766,0.0046996454544372766,6.699946546495209,6.697435630786287,0.0025109157089220346,0.0003747665285830546,2.859355926513672,3.691371440887451,False,False
3NY7_B_LYS19,46,minor_only,B,A,77,-180;-180;60;-180,0.04052266432033762,0.016997177972037737,0.004041116470698258,0.004041116470698258,6.699946546495209,6.698010904742755,0.0019356417524534208,0.00028890405901312293,2.54753041267395,3.3249759674072266,False,False
3NY7_B_LYS19,46,minor_only,B,A,78,-180;-180;-180;-60,0.010418325557674635,-0.008225070834742635,-0.002120553448712016,0.0,6.699946546495209,6.699946546495209,0.0,0.0,3.7559521198272705,3.3329057693481445,False,False
3NY7_B_LYS19,46,minor_only,B,A,79,-180;-180;-180;60,0.001490868114959023,-0.017156382668518814,-0.004234599601287307,0.0,6.699946546495209,6.699946546495209,0.0,0.0,3.746537208557129,2.743774652481079,False,False
3NY7_B_LYS19,46,minor_only,B,A,80,-180;-180;-180;-180,-0.00047061229871840854,-0.01872813642893161,-0.0047179132851363345,0.0,6.699946546495209,6.699946546495209,0.0,0.0,3.498401641845703,2.9383366107940674,False,False
4C16_A_MET258,2,minor_only,B,A,0,-60;-60;-90,0.38105250371258687,0.36079611464854094,0.09984337449162765,0.09984337449162765,22.098644245569837,19.221978946089976,2.8766652994798605,0.13017383634548313,0.39867904782295227,2.1092395782470703,True,True
4C16_A_MET258,2,minor_only,B,A,1,-60;-60;90,0.2323987954378331,0.2219879854445356,0.061670816531095664,0.061670816531095664,22.098644245569837,21.009652543773058,1.088991701796779,0.0492786656817235,1.6134138107299805,3.285290479660034,False,False
4C16_A_MET258,2,minor_only,B,A,2,-60;-60;-180,0.2137939356360077,0.20421986792341368,0.05661296094840002,0.05661296094840002,22.098644245569837,21.17700361488329,0.9216406306865466,0.04170575445465664,1.342873215675354,2.9283454418182373,False,False
4C16_A_MET258,2,minor_only,B,A,3,-60;60;-90,0.14806095279976522,0.14365049889804934,0.04115715608380501,0.04115715608380501,22.098644245569837,21.64262842727021,0.4560158182996261,0.020635465833658308,2.480013608932495,3.9793035984039307,False,False
4C16_A_MET258,2,minor_only,B,A,4,-60;60;90,0.14376184500757996,0.13966567121264628,0.040218909145696875,0.040218909145696875,22.098644245569837,21.667577047885576,0.4310671976842606,0.01950649971527903,2.839181661605835,3.921316385269165,False,False
4C16_A_MET258,2,minor_only,B,A,5,-60;60;-180,0.09637016544835003,0.09440533812507773,0.027091024013541774,0.027091024013541774,22.098644245569837,21.90169299870218,0.19695124686765553,0.008912367866510127,2.4557745456695557,3.812650442123413,False,False
4C16_A_MET258,2,minor_only,B,A,6,-60;-180;-90,0.008099743378541035,0.01039098666888938,0.0028929760976058178,0.0028929760976058178,22.098644245569837,22.09625819740681,0.002386048163025123,0.00010797260395299858,2.6670432090759277,2.9952616691589355,False,False
4C16_A_MET258,2,minor_only,B,A,7,-60;-180;90,0.06940218368651291,0.06806262193614936,0.018835085593997394,0.018835085593997394,22.098644245569837,21.99627182297344,0.102372422596396,0.004632520504823223,1.6608686447143555,1.7565711736679077,False,False
4C16_A_MET258,2,minor_only,B,A,8,-60;-180;-180,-0.016609499089051905,-0.01286721910183252,-0.00356854970075867,0.0,22.098644245569837,22.098644245569837,0.0,0.0,2.1682376861572266,2.672133445739746,False,False
4C16_A_MET258,2,minor_only,B,A,9,60;-60;-90,0.0002455514728875227,0.002490878953759116,0.0009210651633045151,0.0009210651633045151,22.098644245569837,22.098507135018618,0.0001371105512184556,6.204477962304971e-06,3.76198410987854,4.277372360229492,False,False
4C16_A_MET258,2,minor_only,B,A,10,60;-60;90,0.005314519357240675,0.0072853454937674604,0.002791010865401802,0.002791010865401802,22.098644245569837,22.097471332205117,0.0011729133647193635,5.30762589634656e-05,4.169821739196777,4.711546421051025,False,False
4C16_A_MET258,2,minor_only,B,A,11,60;-60;-180,0.005322314254175719,0.0072870996074969815,0.0028031071788132194,0.0028031071788132194,22.098644245569837,22.097470767325625,0.0011734782442118785,5.310182068961666e-05,4.316339015960693,4.670394420623779,False,False
4C16_A_MET258,2,minor_only,B,A,12,60;60;-90,0.003458472480562532,0.005493395353316203,0.0021794177194033944,0.0021794177194033944,22.098644245569837,22.097977366108548,0.0006668794612885165,3.0177392507787316e-05,4.469391822814941,4.513481616973877,False,False
4C16_A_MET258,2,minor_only,B,A,13,60;60;90,0.003102612649169143,0.005231883859402663,0.001997028131721034,0.001997028131721034,22.098644245569837,22.0980393480277,0.0006048975421357738,2.7372608718158763e-05,4.135365962982178,3.7066688537597656,False,False
4C16_A_MET258,2,minor_only,B,A,14,60;60;-180,0.003480233604709655,0.005506285513478731,0.0021902893779435256,0.0021902893779435256,22.098644245569837,22.097974232793756,0.0006700127760801422,3.0319180155789926e-05,4.612502098083496,4.422573089599609,False,False
4C16_A_MET258,2,minor_only,B,A,15,60;-180;-90,-0.03566946406003096,-0.031515742604959145,-0.009011313649619011,0.0,22.098644245569837,22.098644245569837,0.0,0.0,3.6063456535339355,2.9779553413391113,False,False
4C16_A_MET258,2,minor_only,B,A,16,60;-180;90,-0.06108195855369398,-0.05569948314148823,-0.015847230396854525,0.0,22.098644245569837,22.098644245569837,0.0,0.0,3.5559897422790527,3.4055240154266357,False,False
4C16_A_MET258,2,minor_only,B,A,17,60;-180;-180,-0.03529921102049142,-0.03152227775636385,-0.009339011102634959,0.0,22.098644245569837,22.098644245569837,0.0,0.0,4.083432674407959,3.752124547958374,False,False
4C16_A_MET258,2,minor_only,B,A,18,-180;-60;-90,-0.04494114044662419,-0.04048788732189105,-0.011810565670895345,0.0,22.098644245569837,22.098644245569837,0.0,0.0,3.86810564994812,2.9215381145477295,False,False
4C16_A_MET258,2,minor_only,B,A,19,-180;-60;90,-0.044658364761477824,-0.04014963662564479,-0.011620841983003224,0.0,22.098644245569837,22.098644245569837,0.0,0.0,3.6172702312469482,2.9571261405944824,False,False
4C16_A_MET258,2,minor_only,B,A,20,-180;-60;-180,-0.04491124117036524,-0.0404369627978623,-0.011776802695714843,0.0,22.098644245569837,22.098644245569837,0.0,0.0,3.6229264736175537,2.496154308319092,False,False
4C16_A_MET258,2,minor_only,B,A,21,-180;60;-90,-0.019420305826200468,-0.01557737463169334,-0.00433351736454363,0.0,22.098644245569837,22.098644245569837,0.0,0.0,2.636122941970825,2.351581573486328,False,False
4C16_A_MET258,2,minor_only,B,A,22,-180;60;90,0.0969053075006898,0.09389377030481343,0.025983302394614004,0.025983302394614004,22.098644245569837,21.903821711699887,0.1948225338699494,0.008816040102053134,2.0276618003845215,1.4710540771484375,False,False
4C16_A_MET258,2,minor_only,B,A,23,-180;60;-180,-0.01834602942316401,-0.01451225206637667,-0.004027582854362042,0.0,22.098644245569837,22.098644245569837,0.0,0.0,2.500725030899048,1.588424563407898,False,False
4C16_A_MET258,2,minor_only,B,A,24,-180;-180;-90,-0.08109913917278695,-0.07332782019844837,-0.020292244559405016,0.0,22.098644245569837,22.098644245569837,0.0,0.0,2.5445845127105713,0.9834959506988525,False,False
4C16_A_MET258,2,minor_only,B,A,25,-180;-180;90,-0.10768403404854286,-0.0991059586560332,-0.027675180392680587,0.0,22.098644245569837,22.098644245569837,0.0,0.0,3.3451850414276123,2.0307700634002686,False,False
4C16_A_MET258,2,minor_only,B,A,26,-180;-180;-180,-0.10913665838271881,-0.1002092006930542,-0.027840859497854663,0.0,22.098644245569837,22.098644245569837,0.0,0.0,2.9850289821624756,1.1374062299728394,False,False
4C16_A_MET258,6,minor_only,B,A,0,-60;-60;-90,0.3331982139893524,0.31527340270055104,0.08403407821416883,0.08403407821416883,20.50156648874206,18.46376575572885,2.03780073301321,0.09939731845038373,0.39867904782295227,2.1092395782470703,True,True
4C16_A_MET258,6,minor_only,B,A,1,-60;-60;90,0.22060272307550519,0.21030601732422693,0.05627462833428787,0.05627462833428787,20.50156648874206,19.59481047618836,0.9067560125537,0.044228620922777934,1.6134138107299805,3.285290479660034,False,False
4C16_A_MET258,6,minor_only,B,A,2,-60;-60;-180,0.20989512295090282,0.19998598290013064,0.05339838759868009,0.05339838759868009,20.50156648874206,19.681618774166232,0.8199477145758287,0.039994393356531224,1.342873215675354,2.9283454418182373,False,False
4C16_A_MET258,6,minor_only,B,A,3,-60;60;-90,0.1276347612847518,0.12367487282945229,0.034129537214545855,0.034129537214545855,20.50156648874206,20.187985308081657,0.3135811806604032,0.015295474169381092,2.480013608932495,3.9793035984039307,False,False
4C16_A_MET258,6,minor_only,B,A,4,-60;60;90,0.13088234791099695,0.1268758562308724,0.03519089466387705,0.03519089466387705,20.50156648874206,20.171542872882835,0.33002361585922557,0.016097482894316884,2.839181661605835,3.921316385269165,False,False
4C16_A_MET258,6,minor_only,B,A,5,-60;60;-180,0.07337854143058352,0.07197796895474826,0.019894781084702245,0.019894781084702245,20.50156648874206,20.395351398728863,0.10621509001319751,0.005180828014850619,2.4557745456695557,3.812650442123413,False,False
4C16_A_MET258,6,minor_only,B,A,6,-60;-180;-90,-0.04424348998697638,-0.03961290341881731,-0.010622712818487647,0.0,20.50156648874206,20.50156648874206,0.0,0.0,2.6670432090759277,2.9952616691589355,False,False
4C16_A_MET258,6,minor_only,B,A,7,-60;-180;90,-0.058393613670350925,-0.052568745060800566,-0.014011906810273984,0.0,20.50156648874206,20.50156648874206,0.0,0.0,1.6608686447143555,1.7565711736679077,False,False
4C16_A_MET258,6,minor_only,B,A,8,-60;-180;-180,-0.10089497384024727,-0.09288007699601433,-0.02481077487526744,0.0,20.50156648874206,20.50156648874206,0.0,0.0,2.1682376861572266,2.672133445739746,False,False
4C16_A_MET258,6,minor_only,B,A,9,60;-60;-90,0.014919792962260967,0.01616785880294784,0.0057583883276831685,0.0057583883276831685,20.50156648874206,20.496207386267862,0.005359102474198352,0.0002613996582720239,3.76198410987854,4.277372360229492,False,False
4C16_A_MET258,6,minor_only,B,A,10,60;-60;90,0.013352213259259442,0.014620428086471831,0.005394884754587491,0.005394884754587491,20.50156648874206,20.497184137086908,0.004382351655152661,0.00021375691743160815,4.169821739196777,4.711546421051025,False,False
4C16_A_MET258,6,minor_only,B,A,11,60;-60;-180,0.01340627845130498,0.014670080112294618,0.00543535846023275,0.00543535846023275,20.50156648874206,20.497154320980787,0.004412167761273622,0.00021521125050109988,4.316339015960693,4.670394420623779,False,False
4C16_A_MET258,6,minor_only,B,A,12,60;60;-90,0.0085182233465391,0.009950088585306256,0.0038022203047512163,0.0038022203047512163,20.50156648874206,20.49953674626446,0.002029742477599683,9.900426285543923e-05,4.469391822814941,4.513481616973877,False,False
4C16_A_MET258,6,minor_only,B,A,13,60;60;90,0.008024678263638868,0.009522416829049531,0.003500934487323182,0.003500934487323182,20.50156648874206,20.499707480042012,0.0018590087000482924,9.067642226603133e-05,4.135365962982178,3.7066688537597656,False,False
4C16_A_MET258,6,minor_only,B,A,14,60;60;-180,0.008549287491730456,0.009975282100621567,0.0038218942338476432,0.0038218942338476432,20.50156648874206,20.4995264546804,0.002040034061661089,9.950625298712293e-05,4.612502098083496,4.422573089599609,False,False
4C16_A_MET258,6,minor_only,B,A,15,60;-180;-90,0.0047802055358617595,0.006564027488506155,0.001807763694227987,0.001807763694227987,20.50156648874206,20.50068314888178,0.00088333986028033,4.3086456869790643e-05,3.6063456535339355,2.9779553413391113,False,False
4C16_A_MET258,6,minor_only,B,A,16,60;-180;90,0.006722236956722916,0.008425841517413825,0.0023090120573628003,0.0023090120573628003,20.50156648874206,20.500110984021326,0.001455504720734524,7.099480527664943e-05,3.5559897422790527,3.4055240154266357,False,False
4C16_A_MET258,6,minor_only,B,A,17,60;-180;-180,0.005920342188055753,0.007559598993652091,0.002157211697227399,0.002157211697227399,20.50156648874206,20.50039487471372,0.0011716140283404286,5.714753694473991e-05,4.083432674407959,3.752124547958374,False,False
4C16_A_MET258,6,minor_only,B,A,18,-180;-60;-90,-0.026177335001047772,-0.023051005526572712,-0.0064765864327160985,0.0,20.50156648874206,20.50156648874206,0.0,0.0,3.86810564994812,2.9215381145477295,False,False
4C16_A_MET258,6,minor_only,B,A,19,-180;-60;90,-0.025897025669635226,-0.02273806836907878,-0.006338992712749248,0.0,20.50156648874206,20.50156648874206,0.0,0.0,3.6172702312469482,2.9571261405944824,False,False
4C16_A_MET258,6,minor_only,B,A,20,-180;-60;-180,-0.026276007325600256,-0.023130428249035734,-0.006488484208325072,0.0,20.50156648874206,20.50156648874206,0.0,0.0,3.6229264736175537,2.496154308319092,False,False
4C16_A_MET258,6,minor_only,B,A,21,-180;60;-90,0.013788774129928943,0.015219521782312397,0.004078101124307509,0.004078101124307509,20.50156648874206,20.496817632102967,0.004748856639093191,0.00023163384328221508,2.636122941970825,2.351581573486328,False,False
4C16_A_MET258,6,minor_only,B,A,22,-180;60;90,0.10422881836724164,0.10019815351804928,0.02670717764856078,0.02670717764856078,20.50156648874206,20.295737527359336,0.20582896138272488,0.010039669968426602,2.0276618003845215,1.4710540771484375,False,False
4C16_A_MET258,6,minor_only,B,A,23,-180;60;-180,0.01475547091627477,0.016137283082324844,0.004313708513156242,0.004313708513156242,20.50156648874206,20.496227636751524,0.0053388519905368526,0.0002604119052789724,2.500725030899048,1.588424563407898,False,False
4C16_A_MET258,6,minor_only,B,A,24,-180;-180;-90,-0.09476548838973768,-0.08674374343356574,-0.02312118990202878,0.0,20.50156648874206,20.50156648874206,0.0,0.0,2.5445845127105713,0.9834959506988525,False,False
4C16_A_MET258,6,minor_only,B,A,25,-180;-180;90,-0.1211405003934019,-0.11237826178732248,-0.030226211136580538,0.0,20.50156648874206,20.50156648874206,0.0,0.0,3.3451850414276123,2.0307700634002686,False,False
4C16_A_MET258,6,minor_only,B,A,26,-180;-180;-180,-0.12944651351664982,-0.11993068649945669,-0.03209342504651024,0.0,20.50156648874206,20.50156648874206,0.0,0.0,2.9850289821624756,1.1374062299728394,False,False
4C16_A_MET258,11,minor_only,B,A,0,-60;-60;-90,0.22943929666452131,0.21659677153714457,0.05562544634074225,0.05562544634074225,19.032414723314194,18.139524946385624,0.8928897769285697,0.04691416144031393,0.39867904782295227,2.1092395782470703,True,True
4C16_A_MET258,11,minor_only,B,A,1,-60;-60;90,0.19868527808637904,0.18845756489696022,0.04858787828294005,0.04858787828294005,19.032414723314194,18.35645465220424,0.6759600711099552,0.035516253766891825,1.6134138107299805,3.285290479660034,False,False
4C16_A_MET258,11,minor_only,B,A,2,-60;-60;-180,0.18019030508497832,0.17081423771419102,0.043944656796620275,0.043944656796620275,19.032414723314194,18.47709637028961,0.5553183530245853,0.029177503805879943,1.342873215675354,2.9283454418182373,False,False
4C16_A_MET258,11,minor_only,B,A,3,-60;60;-90,0.18550428161891577,0.17776343348636572,0.04726555700964762,0.04726555700964762,19.032414723314194,18.43099349588705,0.6014212274271422,0.03159983828486133,2.480013608932495,3.9793035984039307,False,False
4C16_A_MET258,11,minor_only,B,A,4,-60;60;90,0.1932274865396361,0.18530127401874752,0.04952028671703004,0.04952028671703004,19.032414723314194,18.378907032245998,0.6535076910681958,0.03433656215297088,2.839181661605835,3.921316385269165,False,False
4C16_A_MET258,11,minor_only,B,A,5,-60;60;-180,0.18832274874539087,0.18050922982303577,0.048072024620921854,0.048072024620921854,19.032414723314194,18.412270476542613,0.6201442467715808,0.03258358205130539,2.4557745456695557,3.812650442123413,False,False
4C16_A_MET258,11,minor_only,B,A,6,-60;-180;-90,0.039964725367061534,0.03878490312661065,0.01002108855306316,0.01002108855306316,19.032414723314194,19.003784857359882,0.028629865954311384,0.0015042687105404746,2.6670432090759277,2.9952616691589355,False,False
4C16_A_MET258,11,minor_only,B,A,7,-60;-180;90,0.016052868951222578,0.016153962567108222,0.004148605379975585,0.004148605379975585,19.032414723314194,19.027448205049957,0.004966518264236441,0.0002609505066192463,1.6608686447143555,1.7565711736679077,False,False
4C16_A_MET258,11,minor_only,B,A,8,-60;-180;-180,0.03400442452134952,0.03309991254861939,0.008519184639831387,0.008519184639831387,19.032414723314194,19.011562729603046,0.020851993711147543,0.0010956042107260523,2.1682376861572266,2.672133445739746,False,False
4C16_A_MET258,11,minor_only,B,A,9,60;-60;-90,0.01682175859850599,0.017042882596320457,0.005848505690433016,0.005848505690433016,19.032414723314194,19.02688657104197,0.005528152272223252,0.00029045984719171844,3.76198410987854,4.277372360229492,False,False
4C16_A_MET258,11,minor_only,B,A,10,60;-60;90,0.014791272409330869,0.0150990152583559,0.005368143663992503,0.005368143663992503,19.032414723314194,19.02807570842342,0.004339014890774706,0.00022798026177201416,4.169821739196777,4.711546421051025,False,False
4C16_A_MET258,11,minor_only,B,A,11,60;-60;-180,0.014843424496739706,0.015150088492899784,0.005408343888365274,0.005408343888365274,19.032414723314194,19.028046304873442,0.0043684184407517535,0.0002295251813423632,4.316339015960693,4.670394420623779,False,False
4C16_A_MET258,11,minor_only,B,A,12,60;60;-90,0.009343832407699619,0.009834968467114723,0.0036210683675075126,0.0036210683675075126,19.032414723314194,19.030573782457836,0.0018409408563577756,9.672660474882743e-05,4.469391822814941,4.513481616973877,False,False
4C16_A_MET258,11,minor_only,B,A,13,60;60;90,0.008737485377462929,0.009257282532833163,0.0032792440386624055,0.0032792440386624055,19.032414723314194,19.030783697142617,0.0016310261715766217,8.569727989263804e-05,4.135365962982178,3.7066688537597656,False,False
4C16_A_MET258,11,minor_only,B,A,14,60;60;-180,0.009370866738273616,0.009860390183624381,0.0036399968004983164,0.0036399968004983164,19.032414723314194,19.03056425312145,0.0018504701927426481,9.722729457318267e-05,4.612502098083496,4.422573089599609,False,False
4C16_A_MET258,11,minor_only,B,A,15,60;-180;-90,0.006523875645339861,0.007162876100864706,0.0019006936830360743,0.0019006936830360743,19.032414723314194,19.031438231131972,0.0009764921822217332,5.1306794036258396e-05,3.6063456535339355,2.9779553413391113,False,False
4C16_A_MET258,11,minor_only,B,A,16,60;-180;90,0.00900447455672248,0.009529721535974492,0.002516208055265471,0.002516208055265471,19.032414723314194,19.03068628329338,0.0017284400208126272,9.08155925530214e-05,3.5559897422790527,3.4055240154266357,False,False
4C16_A_MET258,11,minor_only,B,A,17,60;-180;-180,0.007704335860521268,0.008274015502651886,0.0022749075997998457,0.0022749075997998457,19.032414723314194,19.031111776905647,0.001302946408547001,6.845933253813175e-05,4.083432674407959,3.752124547958374,False,False
4C16_A_MET258,11,minor_only,B,A,18,-180;-60;-90,-0.043377491453165454,-0.04053363883001376,-0.010972998191488658,0.0,19.032414723314194,19.032414723314194,0.0,0.0,3.86810564994812,2.9215381145477295,False,False
4C16_A_MET258,11,minor_only,B,A,19,-180;-60;90,-0.04281130552851581,-0.039942301440655595,-0.010728850475900824,0.0,19.032414723314194,19.032414723314194,0.0,0.0,3.6172702312469482,2.9571261405944824,False,False
4C16_A_MET258,11,minor_only,B,A,20,-180;-60;-180,-0.04314077772745861,-0.04029087133572704,-0.010889793922035705,0.0,19.032414723314194,19.032414723314194,0.0,0.0,3.6229264736175537,2.496154308319092,False,False
4C16_A_MET258,11,minor_only,B,A,21,-180;60;-90,0.010566794395967265,0.01100832233353824,0.0028420488935230683,0.0028420488935230683,19.032414723314194,19.03010831514419,0.0023064081700034933,0.00012118316059907027,2.636122941970825,2.351581573486328,False,False
4C16_A_MET258,11,minor_only,B,A,22,-180;60;90,0.04793014182972556,0.046098035555250744,0.0118387028173531,0.0118387028173531,19.032414723314194,18.991970292331942,0.04044443098225159,0.002125028882052904,2.0276618003845215,1.4710540771484375,False,False
4C16_A_MET258,11,minor_only,B,A,23,-180;60;-180,0.02032933674916566,0.02021105210119114,0.005205503261308696,0.005205503261308696,19.032414723314194,19.0246402364195,0.007774486894692956,0.00040848662703684254,2.500725030899048,1.588424563407898,False,False
4C16_A_MET258,11,minor_only,B,A,24,-180;-180;-90,-0.13439545050081653,-0.1251929396785519,-0.032151799215914496,0.0,19.032414723314194,19.032414723314194,0.0,0.0,2.5445845127105713,0.9834959506988525,False,False
4C16_A_MET258,11,minor_only,B,A,25,-180;-180;90,-0.15377912451473694,-0.14439773888482013,-0.03742098520846109,0.0,19.032414723314194,19.032414723314194,0.0,0.0,3.3451850414276123,2.0307700634002686,False,False
4C16_A_MET258,11,minor_only,B,A,26,-180;-180;-180,-0.14571071752282788,-0.13645406396260618,-0.035182414930542596,0.0,19.032414723314194,19.032414723314194,0.0,0.0,2.9850289821624756,1.1374062299728394,False,False
4C16_A_MET258,12,minor_only,B,A,0,-60;-60;-90,0.3144254537148782,0.30428865612418615,0.07197704369788349,0.07197704369788349,16.146088127136377,14.651096215779322,1.4949919113570544,0.09259158624586313,0.39867904782295227,2.1092395782470703,True,True
4C16_A_MET258,12,minor_only,B,A,1,-60;-60;90,0.1533963500617821,0.15339347725772245,0.03642570492795078,0.03642570492795078,16.146088127136377,15.766177796105966,0.37991033103041083,0.0235295588652154,1.6134138107299805,3.285290479660034,False,False
4C16_A_MET258,12,minor_only,B,A,2,-60;-60;-180,0.24634185858871926,0.2408404459301813,0.057068721796895365,0.057068721796895365,16.146088127136377,15.209548487487979,0.936539639648398,0.05800412039584848,1.342873215675354,2.9283454418182373,False,False
4C16_A_MET258,12,minor_only,B,A,3,-60;60;-90,0.06522331393227923,0.07011519575850185,0.017171222437771538,0.017171222437771538,16.146088127136377,16.066711686532194,0.07937644060418236,0.004916140676253099,2.480013608932495,3.9793035984039307,False,False
4C16_A_MET258,12,minor_only,B,A,4,-60;60;90,0.07830690422024719,0.08257674436237929,0.020325873333723456,0.020325873333723456,16.146088127136377,16.035989264721177,0.1100988624151995,0.006818918709489685,2.839181661605835,3.921316385269165,False,False
4C16_A_MET258,12,minor_only,B,A,5,-60;60;-180,0.08158505842420972,0.08570477514607144,0.021022518003189244,0.021022518003189244,16.146088127136377,16.02749012905146,0.11859799808491545,0.007345308482838663,2.4557745456695557,3.812650442123413,False,False
4C16_A_MET258,12,minor_only,B,A,6,-60;-180;-90,-0.04110281820309128,-0.030189907754585705,-0.0071845684673658245,0.0,16.146088127136377,16.146088127136377,0.0,0.0,2.6670432090759277,2.9952616691589355,False,False
4C16_A_MET258,12,minor_only,B,A,7,-60;-180;90,-0.02774668329492393,-0.01703028032730969,-0.004028390506151486,0.0,16.146088127136377,16.146088127136377,0.0,0.0,1.6608686447143555,1.7565711736679077,False,False
4C16_A_MET258,12,minor_only,B,A,8,-60;-180;-180,-0.04422710036900536,-0.032885207087197874,-0.007795760327489988,0.0,16.146088127136377,16.146088127136377,0.0,0.0,2.1682376861572266,2.672133445739746,False,False
4C16_A_MET258,12,minor_only,B,A,9,60;-60;-90,-0.0005544542170765409,0.006571703955508688,0.002077143823142131,0.002077143823142131,16.146088127136377,16.145390821299586,0.0006973058367911733,4.318729287865255e-05,3.76198410987854,4.277372360229492,False,False
4C16_A_MET258,12,minor_only,B,A,10,60;-60;90,-0.0011023199153878229,0.005710655554057834,0.001870028325774376,0.001870028325774376,16.146088127136377,16.14556157758102,0.0005265495553565813,3.261158685685736e-05,4.169821739196777,4.711546421051025,False,False
4C16_A_MET258,12,minor_only,B,A,11,60;-60;-180,-0.001060043305517642,0.005729342225436106,0.0018838252169120116,0.0018838252169120116,16.146088127136377,16.145558125943296,0.0005300011930806647,3.2825362335902484e-05,4.316339015960693,4.670394420623779,False,False
4C16_A_MET258,12,minor_only,B,A,12,60;60;-90,-0.0037006235805512287,0.0032065150893529175,0.0010873860414321356,0.0010873860414321356,16.146088127136377,16.14592211727209,0.00016600986428727538,1.0281739018150547e-05,4.469391822814941,4.513481616973877,False,False
4C16_A_MET258,12,minor_only,B,A,13,60;60;90,-0.004308763104584075,0.0029206644596893837,0.0009529247306091273,0.0009529247306091273,16.146088127136377,16.145950396469445,0.00013773066693190117,8.530280885833904e-06,4.135365962982178,3.7066688537597656,False,False
4C16_A_MET258,12,minor_only,B,A,14,60;60;-180,-0.003660800737341731,0.0032150818090172302,0.0010931648088590685,0.0010931648088590685,16.146088127136377,16.145921229043157,0.0001668980932194586,1.0336751038721052e-05,4.612502098083496,4.422573089599609,False,False
4C16_A_MET258,12,minor_only,B,A,15,60;-180;-90,-0.007166984414283783,0.00107193181055428,0.0002619862897754291,0.0002619862897754291,16.146088127136377,16.14606957467069,1.8552465686383357e-05,1.1490378065757385e-06,3.6063456535339355,2.9779553413391113,False,False
4C16_A_MET258,12,minor_only,B,A,16,60;-180;90,-0.006215142535771725,0.0020375756808691282,0.0004955264025132087,0.0004955264025132087,16.146088127136377,16.146021093185677,6.703395069962426e-05,4.151714655078698e-06,3.5559897422790527,3.4055240154266357,False,False
4C16_A_MET258,12,minor_only,B,A,17,60;-180;-180,-0.006051951917702051,0.0016039358312893934,0.0004061824302822929,0.0004061824302822929,16.146088127136377,16.146046589546167,4.153759021008341e-05,2.5726101507071606e-06,4.083432674407959,3.752124547958374,False,False
4C16_A_MET258,12,minor_only,B,A,18,-180;-60;-90,-0.03509536448744782,-0.025773601608553014,-0.006426455999530383,0.0,16.146088127136377,16.146088127136377,0.0,0.0,3.86810564994812,2.9215381145477295,False,False
4C16_A_MET258,12,minor_only,B,A,19,-180;-60;90,-0.03596409942367966,-0.02648868509393065,-0.006553408213824589,0.0,16.146088127136377,16.146088127136377,0.0,0.0,3.6172702312469482,2.9571261405944824,False,False
4C16_A_MET258,12,minor_only,B,A,20,-180;-60;-180,-0.03743693442650195,-0.02797252748328002,-0.00696356163452468,0.0,16.146088127136377,16.146088127136377,0.0,0.0,3.6229264736175537,2.496154308319092,False,False
4C16_A_MET258,12,minor_only,B,A,21,-180;60;-90,-0.1876927448068949,-0.16844772268217595,-0.040055509883961726,0.0,16.146088127136377,16.146088127136377,0.0,0.0,2.636122941970825,2.351581573486328,False,False
4C16_A_MET258,12,minor_only,B,A,22,-180;60;90,-0.06703673723691035,-0.05391754565279134,-0.01275376845082002,0.0,16.146088127136377,16.146088127136377,0.0,0.0,2.0276618003845215,1.4710540771484375,False,False
4C16_A_MET258,12,minor_only,B,A,23,-180;60;-180,-0.208923351537467,-0.1881408126132398,-0.044631710333465933,0.0,16.146088127136377,16.146088127136377,0.0,0.0,2.500725030899048,1.588424563407898,False,False
4C16_A_MET258,12,minor_only,B,A,24,-180;-180;-90,-0.027864425898069128,-0.01714601503922973,-0.004055789038312315,0.0,16.146088127136377,16.146088127136377,0.0,0.0,2.5445845127105713,0.9834959506988525,False,False
4C16_A_MET258,12,minor_only,B,A,25,-180;-180;90,-0.07139938580588565,-0.05892403834582249,-0.01406481554960611,0.0,16.146088127136377,16.146088127136377,0.0,0.0,3.3451850414276123,2.0307700634002686,False,False
4C16_A_MET258,12,minor_only,B,A,26,-180;-180;-180,-0.07708600174961806,-0.06398924045778051,-0.0151961243873262,0.0,16.146088127136377,16.146088127136377,0.0,0.0,2.9850289821624756,1.1374062299728394,False,False
4C16_A_MET258,13,minor_only,B,A,0,-60;-60;-90,0.24414466234833768,0.23878451372665885,0.0490988473808695,0.0490988473808695,12.200597844329966,11.5049436196684,0.6956542246615669,0.05701804399567691,0.39867904782295227,2.1092395782470703,True,True
4C16_A_MET258,13,minor_only,B,A,1,-60;-60;90,0.08010234914571025,0.08476079607370689,0.017496573134116657,0.017496573134116657,12.200597844329966,12.112943960058825,0.08765388427114118,0.007184392551048384,1.6134138107299805,3.285290479660034,False,False
4C16_A_MET258,13,minor_only,B,A,2,-60;-60;-180,0.18374667382694537,0.18236931126678402,0.03756447967565858,0.03756447967565858,12.200597844329966,11.794823459443606,0.4057743848863602,0.033258565691921184,1.342873215675354,2.9283454418182373,False,False
4C16_A_MET258,13,minor_only,B,A,3,-60;60;-90,0.06803510927146882,0.07323299519607117,0.015590238424369416,0.015590238424369416,12.200597844329966,12.135165164706297,0.06543267962366883,0.00536307158538773,2.480013608932495,3.9793035984039307,False,False
4C16_A_MET258,13,minor_only,B,A,4,-60;60;90,0.0846196487183634,0.08903138349053363,0.019049846350026232,0.019049846350026232,12.200597844329966,12.103888741060615,0.096709103269351,0.007926587246238513,2.839181661605835,3.921316385269165,False,False
4C16_A_MET258,13,minor_only,B,A,5,-60;60;-180,0.08751665630059709,0.0917949521239363,0.019572910475271245,0.019572910475271245,12.200597844329966,12.097791785234062,0.10280605909590435,0.008426313235435575,2.4557745456695557,3.812650442123413,False,False
4C16_A_MET258,13,minor_only,B,A,6,-60;-180;-90,0.030611697502022275,0.03802016452932947,0.007865200361968283,0.007865200361968283,12.200597844329966,12.182961478614097,0.017636365715869573,0.001445532910837299,2.6670432090759277,2.9952616691589355,False,False
4C16_A_MET258,13,minor_only,B,A,7,-60;-180;90,0.05671618939058774,0.06278943799857155,0.012910803156069479,0.012910803156069479,12.200597844329966,12.152496822325656,0.04810102200431032,0.003942513524176564,1.6608686447143555,1.7565711736679077,False,False
4C16_A_MET258,13,minor_only,B,A,8,-60;-180;-180,0.028357758437538245,0.03600060269539807,0.007418644596111411,0.007418644596111411,12.200597844329966,12.184785340085702,0.015812504244264503,0.001296043394431947,2.1682376861572266,2.672133445739746,False,False
4C16_A_MET258,13,minor_only,B,A,9,60;-60;-90,-0.0007156087110142144,0.006810023161097518,0.0018710873529024748,0.0018710873529024748,12.200597844329966,12.200032024335544,0.0005658199944225117,4.63764154545482e-05,3.76198410987854,4.277372360229492,False,False
4C16_A_MET258,13,minor_only,B,A,10,60;-60;90,-0.0011265494587489552,0.0060624469016918765,0.0017257070116842874,0.0017257070116842874,12.200597844329966,12.20014943255552,0.00044841177444610025,3.67532624357824e-05,4.169821739196777,4.711546421051025,False,False
4C16_A_MET258,13,minor_only,B,A,11,60;-60;-180,-0.001081100441557779,0.006082978167323526,0.0017386373147775412,0.0017386373147775412,12.200597844329966,12.200146390202871,0.000451454127095019,3.700262338413401e-05,4.316339015960693,4.670394420623779,False,False
4C16_A_MET258,13,minor_only,B,A,12,60;60;-90,-0.0031742671580053837,0.004090551001705879,0.0012058385792603982,0.0012058385792603982,12.200597844329966,12.200393696515,0.0002041478149656939,1.6732607497637368e-05,4.469391822814941,4.513481616973877,False,False
4C16_A_MET258,13,minor_only,B,A,13,60;60;90,-0.00367971037274756,0.003918030144638242,0.0011112239726257292,0.0011112239726257292,12.200597844329966,12.20041055343787,0.0001872908920965699,1.535096021410216e-05,4.135365962982178,3.7066688537597656,False,False
4C16_A_MET258,13,minor_only,B,A,14,60;60;-180,-0.003131073839730128,0.0041009292772037865,0.0012120842018955415,0.0012120842018955415,12.200597844329966,12.20039265930022,0.00020518502974553599,1.6817620936575044e-05,4.612502098083496,4.422573089599609,False,False
4C16_A_MET258,13,minor_only,B,A,15,60;-180;-90,-0.006152095303517898,0.002477699821633811,0.000526401346671051,0.000526401346671051,12.200597844329966,12.200522944903646,7.489942631977442e-05,6.1389964061951885e-06,3.6063456535339355,2.9779553413391113,False,False
4C16_A_MET258,13,minor_only,B,A,16,60;-180;90,-0.005363497339869169,0.0032900854667659483,0.0006955320186803565,0.0006955320186803565,12.200597844329966,12.200465776977484,0.00013206735248161294,1.0824662378572632e-05,3.5559897422790527,3.4055240154266357,False,False
4C16_A_MET258,13,minor_only,B,A,17,60;-180;-180,-0.0051950654146483595,0.002836409038715121,0.0006243956973753834,0.0006243956973753834,12.200597844329966,12.200499687882113,9.815644785327038e-05,8.04521623494762e-06,4.083432674407959,3.752124547958374,False,False
4C16_A_MET258,13,minor_only,B,A,18,-180;-60;-90,-0.02349262077321406,-0.014258492749379082,-0.003090487156526849,0.0,12.200597844329966,12.200597844329966,0.0,0.0,3.86810564994812,2.9215381145477295,False,False
4C16_A_MET258,13,minor_only,B,A,19,-180;-60;90,-0.02351813897761623,-0.01417533945056312,-0.0030485771149500627,0.0,12.200597844329966,12.200597844329966,0.0,0.0,3.6172702312469482,2.9571261405944824,False,False
4C16_A_MET258,13,minor_only,B,A,20,-180;-60;-180,-0.023577403055553166,-0.014304199344487496,-0.0030954241411069064,0.0,12.200597844329966,12.200597844329966,0.0,0.0,3.6229264736175537,2.496154308319092,False,False
4C16_A_MET258,13,minor_only,B,A,21,-180;60;-90,0.0002816052423416633,0.009433692026584306,0.0019500049391820019,0.0019500049391820019,12.200597844329966,12.199512057673003,0.00108578665696335,8.899454525238303e-05,2.636122941970825,2.351581573486328,False,False
4C16_A_MET258,13,minor_only,B,A,22,-180;60;90,0.09532736815587707,0.09904752563183442,0.02036615011963133,0.02036615011963133,12.200597844329966,12.080904948758352,0.11969289557161389,0.009810412333788975,2.0276618003845215,1.4710540771484375,False,False
4C16_A_MET258,13,minor_only,B,A,23,-180;60;-180,-0.002193058826970393,0.007196687187022172,0.0014840551385994008,0.0014840551385994008,12.200597844329966,12.199965947227323,0.0006318971026431086,5.179230646773369e-05,2.500725030899048,1.588424563407898,False,False
4C16_A_MET258,13,minor_only,B,A,24,-180;-180;-90,-0.05143611301651682,-0.038782655568268765,-0.007974557554623984,0.0,12.200597844329966,12.200597844329966,0.0,0.0,2.5445845127105713,0.9834959506988525,False,False
4C16_A_MET258,13,minor_only,B,A,25,-180;-180;90,-0.08005969694357215,-0.06663311015522795,-0.013825744255861366,0.0,12.200597844329966,12.200597844329966,0.0,0.0,3.3451850414276123,2.0307700634002686,False,False
4C16_A_MET258,13,minor_only,B,A,26,-180;-180;-180,-0.08462013758835173,-0.07060977265232343,-0.014576309950565304,0.0,12.200597844329966,12.200597844329966,0.0,0.0,2.9850289821624756,1.1374062299728394,False,False
4C16_A_MET258,17,minor_only,B,A,0,-60;-60;-90,0.2777490612678573,0.2620923127919142,0.06990301145414805,0.06990301145414805,20.52740439312546,19.117328121422982,1.4100762717024793,0.0686923804246146,0.39867904782295227,2.1092395782470703,True,True
4C16_A_MET258,17,minor_only,B,A,1,-60;-60;90,0.20699234801674896,0.19640586360671233,0.05258826972076132,0.05258826972076132,20.52740439312546,19.735554364634673,0.7918500284907886,0.03857526325909844,1.6134138107299805,3.285290479660034,False,False
4C16_A_MET258,17,minor_only,B,A,2,-60;-60;-180,0.19273516008192554,0.18274668297397123,0.048826049314553935,0.048826049314553935,20.52740439312546,19.84186400858855,0.6855403845369104,0.033396350137988945,1.342873215675354,2.9283454418182373,False,False
4C16_A_MET258,17,minor_only,B,A,3,-60;60;-90,0.1505725634050087,0.14457006697019037,0.03992094425843674,0.03992094425843674,20.52740439312546,20.09837129008291,0.4290331030425527,0.020900504263765274,2.480013608932495,3.9793035984039307,False,False
4C16_A_MET258,17,minor_only,B,A,4,-60;60;90,0.1545893127727571,0.14853683057172387,0.041224839250939414,0.041224839250939414,20.52740439312546,20.0745043690481,0.45290002407736196,0.022063190036292958,2.839181661605835,3.921316385269165,False,False
4C16_A_MET258,17,minor_only,B,A,5,-60;60;-180,0.09450688094362479,0.09115799866170592,0.025212032298576926,0.025212032298576926,20.52740439312546,20.35682616386767,0.1705782292577922,0.008309780720007548,2.4557745456695557,3.812650442123413,False,False
4C16_A_MET258,17,minor_only,B,A,6,-60;-180;-90,0.04041322572137705,0.039319665693992326,0.010550719528452861,0.010550719528452861,20.52740439312546,20.49566828468322,0.03173610844224228,0.001546036110287308,2.6670432090759277,2.9952616691589355,False,False
4C16_A_MET258,17,minor_only,B,A,7,-60;-180;90,0.03321037493872415,0.03238880446969503,0.008638494170014418,0.008638494170014418,20.52740439312546,20.505870434540363,0.0215339585850991,0.0010490346549761902,1.6608686447143555,1.7565711736679077,False,False
4C16_A_MET258,17,minor_only,B,A,8,-60;-180;-180,-0.016700693707463302,-0.014585068917167338,-0.00389851978828351,0.0,20.52740439312546,20.52740439312546,0.0,0.0,2.1682376861572266,2.672133445739746,False,False
4C16_A_MET258,17,minor_only,B,A,9,60;-60;-90,0.01504819446405911,0.015426457605322137,0.005497790003251915,0.005497790003251915,20.52740439312546,20.522519371866622,0.004885021258839828,0.00023797559424881796,3.76198410987854,4.277372360229492,False,False
4C16_A_MET258,17,minor_only,B,A,10,60;-60;90,0.01337979817563987,0.013822191296151006,0.00510355122287949,0.00510355122287949,20.52740439312546,20.523482571504044,0.003921821621418076,0.0001910529722272864,4.169821739196777,4.711546421051025,False,False
4C16_A_MET258,17,minor_only,B,A,11,60;-60;-180,0.013427366072757213,0.013868239461294802,0.005141508207901407,0.005141508207901407,20.52740439312546,20.523456397143548,0.0039479959819139765,0.00019232806575565604,4.316339015960693,4.670394420623779,False,False
4C16_A_MET258,17,minor_only,B,A,12,60;60;-90,0.008050101522129484,0.008672080111764333,0.0033159433827644053,0.0033159433827644053,20.52740439312546,20.525860630222777,0.0015437629026848754,7.520497346473453e-05,4.469391822814941,4.513481616973877,False,False
4C16_A_MET258,17,minor_only,B,A,13,60;60;90,0.00746137751470082,0.008118949615433283,0.0029868274782830066,0.0029868274782830066,20.52740439312546,20.526051281172094,0.001353111953367403,6.591734285804562e-05,4.135365962982178,3.7066688537597656,False,False
4C16_A_MET258,17,minor_only,B,A,14,60;60;-180,0.008074606845546162,0.008694309906536865,0.003333205505210783,0.003333205505210783,20.52740439312546,20.52585270559191,0.0015516875335528368,7.559102475091738e-05,4.612502098083496,4.422573089599609,False,False
4C16_A_MET258,17,minor_only,B,A,15,60;-180;-90,-0.008717013119172074,-0.007273741772232641,-0.0020044842305882043,0.0,20.52740439312546,20.52740439312546,0.0,0.0,3.6063456535339355,2.9779553413391113,False,False
4C16_A_MET258,17,minor_only,B,A,16,60;-180;90,-0.006126192359247089,-0.00479127611839719,-0.001313825268577234,0.0,20.52740439312546,20.52740439312546,0.0,0.0,3.5559897422790527,3.4055240154266357,False,False
4C16_A_MET258,17,minor_only,B,A,17,60;-180;-180,-0.006828321231908473,-0.005576632619423018,-0.0015923536905199465,0.0,20.52740439312546,20.52740439312546,0.0,0.0,4.083432674407959,3.752124547958374,False,False
4C16_A_MET258,17,minor_only,B,A,18,-180;-60;-90,-0.06641153422468954,-0.06244717003891894,-0.017556686282085055,0.0,20.52740439312546,20.52740439312546,0.0,0.0,3.86810564994812,2.9215381145477295,False,False
4C16_A_MET258,17,minor_only,B,A,19,-180;-60;90,-0.06583166742862427,-0.06181986553688134,-0.01724520004860656,0.0,20.52740439312546,20.52740439312546,0.0,0.0,3.6172702312469482,2.9571261405944824,False,False
4C16_A_MET258,17,minor_only,B,A,20,-180;-60;-180,-0.06619462574409535,-0.062215832668361275,-0.01746360872267301,0.0,20.52740439312546,20.52740439312546,0.0,0.0,3.6229264736175537,2.496154308319092,False,False
4C16_A_MET258,17,minor_only,B,A,21,-180;60;-90,-0.023698023814192767,-0.02122830307589202,-0.005691749258570711,0.0,20.52740439312546,20.52740439312546,0.0,0.0,2.636122941970825,2.351581573486328,False,False
4C16_A_MET258,17,minor_only,B,A,22,-180;60;90,0.03326169023053724,0.03243507331968875,0.008650807676696548,0.008650807676696548,20.52740439312546,20.50580886615696,0.021595526968500423,0.0010520339812535027,2.0276618003845215,1.4710540771484375,False,False
4C16_A_MET258,17,minor_only,B,A,23,-180;60;-180,-0.012256422087278044,-0.010399860894107453,-0.002781771186208101,0.0,20.52740439312546,20.52740439312546,0.0,0.0,2.500725030899048,1.588424563407898,False,False
4C16_A_MET258,17,minor_only,B,A,24,-180;-180;-90,-0.14802197742242884,-0.13787889310329174,-0.036774206016248756,0.0,20.52740439312546,20.52740439312546,0.0,0.0,2.5445845127105713,0.9834959506988525,False,False
4C16_A_MET258,17,minor_only,B,A,25,-180;-180;90,-0.16908835179826828,-0.15876397418389288,-0.04272940633860992,0.0,20.52740439312546,20.52740439312546,0.0,0.0,3.3451850414276123,2.0307700634002686,False,False
4C16_A_MET258,17,minor_only,B,A,26,-180;-180;-180,-0.15821893901305178,-0.1481442615139554,-0.0396683446405395,0.0,20.52740439312546,20.52740439312546,0.0,0.0,2.9850289821624756,1.1374062299728394,False,False
4C16_A_MET258,19,minor_only,B,A,0,-60;-60;-90,0.11135966422861655,0.11512499325230546,0.02054824415602123,0.02054824415602123,9.193079848451713,9.071236937051314,0.1218429114003996,0.01325376407134332,0.39867904782295227,2.1092395782470703,True,False
4C16_A_MET258,19,minor_only,B,A,1,-60;-60;90,0.029029339456574488,0.03760001955960223,0.0067373017721329125,0.0067373017721329125,9.193079848451713,9.180083026363226,0.012996822088487292,0.0014137614708824922,1.6134138107299805,3.285290479660034,False,False
4C16_A_MET258,19,minor_only,B,A,2,-60;-60;-180,-0.015189318098030665,-0.003973748527951971,-0.0007105030715281878,0.0,9.193079848451713,9.193079848451713,0.0,0.0,1.342873215675354,2.9283454418182373,False,False
4C16_A_MET258,19,minor_only,B,A,3,-60;60;-90,0.06328766755383637,0.06961534067809529,0.012864439619338842,0.012864439619338842,9.193079848451713,9.148527465501022,0.04455238295069108,0.004846295657727213,2.480013608932495,3.9793035984039307,False,False
4C16_A_MET258,19,minor_only,B,A,4,-60;60;90,0.0727481547855105,0.07860451226203549,0.01459942637840138,0.01459942637840138,9.193079848451713,9.136278847778804,0.05680100067290894,0.006178669347952557,2.839181661605835,3.921316385269165,False,False
4C16_A_MET258,19,minor_only,B,A,5,-60;60;-180,0.04206177258541872,0.04937467035342878,0.009138623371436951,0.009138623371436951,9.193079848451713,9.170668424531938,0.022411423919775686,0.002437858072509855,2.4557745456695557,3.812650442123413,False,False
4C16_A_MET258,19,minor_only,B,A,6,-60;-180;-90,0.08196535545899489,0.08750107912538418,0.015712640270747806,0.015712640270747806,9.193079848451713,9.122693594766279,0.0703862536854345,0.007656438848106912,2.6670432090759277,2.9952616691589355,False,False
4C16_A_MET258,19,minor_only,B,A,7,-60;-180;90,0.1038799910967707,0.10810442854286309,0.019295236643139185,0.019295236643139185,9.193079848451713,9.08564430054036,0.10743554791135246,0.011686567470579145,1.6608686447143555,1.7565711736679077,False,False
4C16_A_MET258,19,minor_only,B,A,8,-60;-180;-180,0.06522613303958945,0.07174185576075419,0.012832975376765162,0.012832975376765162,9.193079848451713,9.145764042151711,0.047315806300002095,0.005146893867996911,2.1682376861572266,2.672133445739746,False,False
4C16_A_MET258,19,minor_only,B,A,9,60;-60;-90,4.7844400836100116e-05,0.008357338654198129,0.0019932117344812856,0.0019932117344812856,9.193079848451713,9.19243775678415,0.0006420916675633492,6.9845109380997e-05,3.76198410987854,4.277372360229492,False,False
4C16_A_MET258,19,minor_only,B,A,10,60;-60;90,-0.000645755938471689,0.007301663832068534,0.0018041843450105,0.0018041843450105,9.193079848451713,9.19258972588332,0.0004901225683937582,5.331429471661818e-05,4.169821739196777,4.711546421051025,False,False
4C16_A_MET258,19,minor_only,B,A,11,60;-60;-180,-0.0005941231591534459,0.007325765457398788,0.0018175472452994525,0.0018175472452994525,9.193079848451713,9.192586484910638,0.0004933635410750981,5.366683953671845e-05,4.316339015960693,4.670394420623779,False,False
4C16_A_MET258,19,minor_only,B,A,12,60;60;-90,-0.003794356906896586,0.004267279163018227,0.001091939000152648,0.001091939000152648,9.193079848451713,9.192912445488012,0.00016740296370088004,1.820967145510803e-05,4.469391822814941,4.513481616973877,False,False
4C16_A_MET258,19,minor_only,B,A,13,60;60;90,-0.004508739575964204,0.003928485058651747,0.0009671612650948717,0.0009671612650948717,9.193079848451713,9.192937971697699,0.00014187675401444722,1.5432994856271363e-05,4.135365962982178,3.7066688537597656,False,False
4C16_A_MET258,19,minor_only,B,A,14,60;60;-180,-0.003746603282510632,0.00427858223961396,0.0010977169119001668,0.0010977169119001668,9.193079848451713,9.19291155748682,0.0001682909648934583,1.830626598134048e-05,4.612502098083496,4.422573089599609,False,False
4C16_A_MET258,19,minor_only,B,A,15,60;-180;-90,-0.005626471221478821,0.003883381176157004,0.000716173559625453,0.000716173559625453,9.193079848451713,9.192941210837985,0.000138637613728676,1.508064935953158e-05,3.6063456535339355,2.9779553413391113,False,False
4C16_A_MET258,19,minor_only,B,A,16,60;-180;90,-0.004410014283608709,0.005109199367359606,0.0009375679597711841,0.0009375679597711841,9.193079848451713,9.192839873047568,0.00023997540414555374,2.6103918175579656e-05,3.5559897422790527,3.4055240154266357,False,False
4C16_A_MET258,19,minor_only,B,A,17,60;-180;-180,-0.0044034299666952945,0.004443389850138536,0.0008490737605000621,0.0008490737605000621,9.193079848451713,9.192898342918287,0.00018150553342621834,1.9743713360304083e-05,4.083432674407959,3.752124547958374,False,False
4C16_A_MET258,19,minor_only,B,A,18,-180;-60;-90,-0.04736560226281028,-0.03617420498958591,-0.006806005243026737,0.0,9.193079848451713,9.193079848451713,0.0,0.0,3.86810564994812,2.9215381145477295,False,False
4C16_A_MET258,19,minor_only,B,A,19,-180;-60;90,-0.04719131800108335,-0.035868496604967805,-0.006696021688415221,0.0,9.193079848451713,9.193079848451713,0.0,0.0,3.6172702312469482,2.9571261405944824,False,False
4C16_A_MET258,19,minor_only,B,A,20,-180;-60;-180,-0.04722515873251919,-0.03599439216463764,-0.006761318830058957,0.0,9.193079848451713,9.193079848451713,0.0,0.0,3.6229264736175537,2.496154308319092,False,False
4C16_A_MET258,19,minor_only,B,A,21,-180;60;-90,0.061172617008732943,0.06788536968569865,0.01218064159789097,0.01218064159789097,9.193079848451713,9.150714244000412,0.042365604451301664,0.004608423417363967,2.636122941970825,2.351581573486328,False,False
4C16_A_MET258,19,minor_only,B,A,22,-180;60;90,0.12970890848414438,0.13235445652501174,0.023623478084199685,0.023623478084199685,9.193079848451713,9.032038213714763,0.1610416347369501,0.017517702162031426,2.0276618003845215,1.4710540771484375,False,True
4C16_A_MET258,19,minor_only,B,A,23,-180;60;-180,0.07859944834173033,0.08434088049369673,0.01509716848257156,0.01509716848257156,9.193079848451713,9.127685940221301,0.06539390823041202,0.007113384122452235,2.500725030899048,1.588424563407898,False,False
4C16_A_MET258,19,minor_only,B,A,24,-180;-180;-90,-0.07918271429386181,-0.06380247101072119,-0.011387975195020234,0.0,9.193079848451713,9.193079848451713,0.0,0.0,2.5445845127105713,0.9834959506988525,False,False
4C16_A_MET258,19,minor_only,B,A,25,-180;-180;90,-0.11905926030771899,-0.10250793898592918,-0.018462729047280024,0.0,9.193079848451713,9.193079848451713,0.0,0.0,3.3451850414276123,2.0307700634002686,False,False
4C16_A_MET258,19,minor_only,B,A,26,-180;-180;-180,-0.10246647578925358,-0.08643696659643021,-0.015488960024131021,0.0,9.193079848451713,9.193079848451713,0.0,0.0,2.9850289821624756,1.1374062299728394,False,False
4C16_A_MET258,20,minor_only,B,A,0,-60;-60;-90,0.09617033174093916,0.09812973965232209,0.021507463471453,0.021507463471453,13.862064894999627,13.728580892358474,0.13348400264115234,0.009629445804232467,0.39867904782295227,2.1092395782470703,True,False
4C16_A_MET258,20,minor_only,B,A,1,-60;-60;90,0.012288599734139868,0.019153531367877338,0.00421434644584832,0.00421434644584832,13.862064894999627,13.856979488869761,0.005085406129865078,0.0003668577638602387,1.6134138107299805,3.285290479660034,False,False
4C16_A_MET258,20,minor_only,B,A,2,-60;-60;-180,0.11289703794320612,0.11397663423164914,0.025024468106302922,0.025024468106302922,13.862064894999627,13.681987340753851,0.18007755424577532,0.012990673150775216,1.342873215675354,2.9283454418182373,False,True
4C16_A_MET258,20,minor_only,B,A,3,-60;60;-90,0.06366272266555978,0.06755771096327409,0.015330075504550376,0.015330075504550376,13.862064894999627,13.798797816582475,0.06326707841715162,0.004564044310597157,2.480013608932495,3.9793035984039307,False,False
4C16_A_MET258,20,minor_only,B,A,4,-60;60;90,0.08107542795188591,0.08415917877387598,0.019194343020957048,0.019194343020957048,13.862064894999627,13.763883114054256,0.09818178094537089,0.007082767371893301,2.839181661605835,3.921316385269165,False,False
4C16_A_MET258,20,minor_only,B,A,5,-60;60;-180,0.08387911893948966,0.0868263406073183,0.019733836032547185,0.019733836032547185,13.862064894999627,13.757561374095129,0.10450352090449755,0.007538813423258062,2.4557745456695557,3.812650442123413,False,False
4C16_A_MET258,20,minor_only,B,A,6,-60;-180;-90,0.059852169946731267,0.06400020441277414,0.01411238992389803,0.01411238992389803,13.862064894999627,13.805285514490487,0.05677938050913944,0.004096026164876858,2.6670432090759277,2.9952616691589355,False,False
4C16_A_MET258,20,minor_only,B,A,7,-60;-180;90,0.06951890826084077,0.07310199307391872,0.016022094518806013,0.016022094518806013,13.862064894999627,13.787987387119848,0.07407750787977818,0.005343901391379266,1.6608686447143555,1.7565711736679077,False,False
4C16_A_MET258,20,minor_only,B,A,8,-60;-180;-180,0.05818420116632516,0.06243940077828084,0.01371503526830527,0.01371503526830527,13.862064894999627,13.808021156891357,0.05404373810826968,0.0038986787695507417,2.1682376861572266,2.672133445739746,False,False
4C16_A_MET258,20,minor_only,B,A,9,60;-60;-90,-0.0006621431633147627,0.005508628093470367,0.00161328960207215,0.00161328960207215,13.862064894999627,13.861644250869496,0.00042064413013065405,3.0344983472295697e-05,3.76198410987854,4.277372360229492,False,False
4C16_A_MET258,20,minor_only,B,A,10,60;-60;90,-0.0011529834114082137,0.004746800295117621,0.001440268572684808,0.001440268572684808,13.862064894999627,13.86175255338642,0.0003123416132062573,2.2532113041753706e-05,4.169821739196777,4.711546421051025,False,False
4C16_A_MET258,20,minor_only,B,A,11,60;-60;-180,-0.0011172414192776885,0.004762124218449305,0.001450831131356424,0.001450831131356424,13.862064894999627,13.861750533489078,0.0003143615105489772,2.2677827071951944e-05,4.316339015960693,4.670394420623779,False,False
4C16_A_MET258,20,minor_only,B,A,12,60;60;-90,-0.0035724370881703837,0.0024144549994894546,0.0007586647149526669,0.0007586647149526669,13.862064894999627,13.861984084803915,8.081019571193337e-05,5.82959294477719e-06,4.469391822814941,4.513481616973877,False,False
4C16_A_MET258,20,minor_only,B,A,13,60;60;90,-0.004144825207154056,0.0021236185145260787,0.0006419980954053467,0.0006419980954053467,13.862064894999627,13.862002380474905,6.251452472127994e-05,4.509755595202155e-06,4.135365962982178,3.7066688537597656,False,False
4C16_A_MET258,20,minor_only,B,A,14,60;60;-180,-0.0035386149698503366,0.0024211569219025363,0.0007627757137782171,0.0007627757137782171,13.862064894999627,13.861983635563561,8.125943606529518e-05,5.862000840481375e-06,4.612502098083496,4.422573089599609,False,False
4C16_A_MET258,20,minor_only,B,A,15,60;-180;-90,-0.005525644411499835,0.0015691396352989744,0.0003553475310552561,0.0003553475310552561,13.862064894999627,13.8620307638346,3.413116502670732e-05,2.462199195086674e-06,3.6063456535339355,2.9779553413391113,False,False
4C16_A_MET258,20,minor_only,B,A,16,60;-180;90,-0.004463082887922614,0.002632032511583418,0.0005930954672046457,0.0005930954672046457,13.862064894999627,13.8619688642262,9.603077342745792e-05,6.927595142199809e-06,3.5559897422790527,3.4055240154266357,False,False
4C16_A_MET258,20,minor_only,B,A,17,60;-180;-180,-0.004444982719020158,0.0021447083230845087,0.0005032487281795067,0.0005032487281795067,13.862064894999627,13.86200113263683,6.376236279592717e-05,4.59977379119959e-06,4.083432674407959,3.752124547958374,False,False
4C16_A_MET258,20,minor_only,B,A,18,-180;-60;-90,-0.05675016080553957,-0.04751360584195071,-0.010977279502375325,0.0,13.862064894999627,13.862064894999627,0.0,0.0,3.86810564994812,2.9215381145477295,False,False
4C16_A_MET258,20,minor_only,B,A,19,-180;-60;90,-0.05681342812660288,-0.047450291772241006,-0.010877422873342374,0.0,13.862064894999627,13.862064894999627,0.0,0.0,3.6172702312469482,2.9571261405944824,False,False
4C16_A_MET258,20,minor_only,B,A,20,-180;-60;-180,-0.05687109558260935,-0.04758857660099836,-0.010976976494399904,0.0,13.862064894999627,13.862064894999627,0.0,0.0,3.6229264736175537,2.496154308319092,False,False
4C16_A_MET258,20,minor_only,B,A,21,-180;60;-90,-0.01916194539812096,-0.010571572289832104,-0.0023292548525519537,0.0,13.862064894999627,13.862064894999627,0.0,0.0,2.636122941970825,2.351581573486328,False,False
4C16_A_MET258,20,minor_only,B,A,22,-180;60;90,0.013451982750884576,0.020447022019717258,0.0044814523437645675,0.0044814523437645675,13.862064894999627,13.856269433073539,0.005795461926087597,0.00041808070947483135,2.0276618003845215,1.4710540771484375,False,False
4C16_A_MET258,20,minor_only,B,A,23,-180;60;-180,-0.009357358274303725,-0.0012279444543542351,-0.0002699103515865496,0.0,13.862064894999627,13.862064894999627,0.0,0.0,2.500725030899048,1.588424563407898,False,False
4C16_A_MET258,20,minor_only,B,A,24,-180;-180;-90,-0.11692720424926818,-0.10202048897032633,-0.02236041512463765,0.0,13.862064894999627,13.862064894999627,0.0,0.0,2.5445845127105713,0.9834959506988525,False,False
4C16_A_MET258,20,minor_only,B,A,25,-180;-180;90,-0.14257258141676452,-0.1273724532145894,-0.028170681637865094,0.0,13.862064894999627,13.862064894999627,0.0,0.0,3.3451850414276123,2.0307700634002686,False,False
4C16_A_MET258,20,minor_only,B,A,26,-180;-180;-180,-0.13103482892039517,-0.11606589993838791,-0.02553940835993718,0.0,13.862064894999627,13.862064894999627,0.0,0.0,2.9850289821624756,1.1374062299728394,False,False
4C16_A_MET258,21,minor_only,B,A,0,-60;-60;-90,0.30668887461158967,0.29088552081825597,0.0773623671722426,0.0773623671722426,20.41108656334862,18.684015001672726,1.727071561675892,0.08461438622170787,0.39867904782295227,2.1092395782470703,True,True
4C16_A_MET258,21,minor_only,B,A,1,-60;-60;90,0.21015101954769175,0.2009447435824877,0.05365091409969422,0.05365091409969422,20.41108656334862,19.58691158587763,0.8241749774709888,0.04037878997343175,1.6134138107299805,3.285290479660034,False,False
4C16_A_MET258,21,minor_only,B,A,2,-60;-60;-180,0.18291401261711218,0.17506917186811077,0.04664206858544368,0.04664206858544368,20.41108656334862,19.785502784138465,0.6255837792101531,0.030649214938585835,1.342873215675354,2.9283454418182373,False,False
4C16_A_MET258,21,minor_only,B,A,3,-60;60;-90,0.21878773133658325,0.2110102765899134,0.058102132575771,0.058102132575771,20.41108656334862,19.502276059119616,0.9088105042290024,0.04452533682655178,2.480013608932495,3.9793035984039307,False,False
4C16_A_MET258,21,minor_only,B,A,4,-60;60;90,0.22666282353708286,0.2187094301357409,0.060528285196101594,0.060528285196101594,20.41108656334862,19.43474642819217,0.9763401351564482,0.047833814830300296,2.839181661605835,3.921316385269165,False,False
4C16_A_MET258,21,minor_only,B,A,5,-60;60;-180,0.22101799238482464,0.2132009178653042,0.05879876255807973,0.05879876255807973,20.41108656334862,19.483308147574743,0.9277784157738758,0.04545463137860827,2.4557745456695557,3.812650442123413,False,False
4C16_A_MET258,21,minor_only,B,A,6,-60;-180;-90,0.17746764815351979,0.170349442199505,0.04558049325580456,0.04558049325580456,20.41108656334862,19.818778620978897,0.5923079423697217,0.029018932457682372,2.6670432090759277,2.9952616691589355,False,False
4C16_A_MET258,21,minor_only,B,A,7,-60;-180;90,0.20254715837708084,0.19308305007868093,0.05135152206471375,0.05135152206471375,20.41108656334862,19.650139534223552,0.7609470291250666,0.03728106422768639,1.6608686447143555,1.7565711736679077,False,False
4C16_A_MET258,21,minor_only,B,A,8,-60;-180;-180,0.17485822031353504,0.1675598894055439,0.044660889203344586,0.044660889203344586,20.41108656334862,19.838018436119732,0.5730681272288862,0.028076316537597856,2.1682376861572266,2.672133445739746,False,False
4C16_A_MET258,21,minor_only,B,A,9,60;-60;-90,0.016241770673834175,0.01784669297118742,0.00634228469285237,0.00634228469285237,20.41108656334862,20.404585541448697,0.006501021899921966,0.00031850445000784983,3.76198410987854,4.277372360229492,False,False
4C16_A_MET258,21,minor_only,B,A,10,60;-60;90,0.014335000655306221,0.01595717632606749,0.005875132506558028,0.005875132506558028,20.41108656334862,20.405889258244084,0.005197305104534422,0.00025463147630107145,4.169821739196777,4.711546421051025,False,False
4C16_A_MET258,21,minor_only,B,A,11,60;-60;-180,0.014395314653182651,0.016011832146421892,0.0059193807174486215,0.0059193807174486215,20.41108656334862,20.40585359410798,0.005232969240637431,0.000256378768685155,4.316339015960693,4.670394420623779,False,False
4C16_A_MET258,21,minor_only,B,A,12,60;60;-90,0.009259215417610534,0.011053516780623723,0.004214541587484125,0.004214541587484125,20.41108656334862,20.408592732032048,0.0024938313165705495,0.00012218023321936344,4.469391822814941,4.513481616973877,False,False
4C16_A_MET258,21,minor_only,B,A,13,60;60;90,0.008714901925585163,0.010591233412249405,0.0038852849365155983,0.0038852849365155983,20.41108656334862,20.408796965528033,0.002289597820585243,0.00011217422519272361,4.135365962982178,3.7066688537597656,False,False
4C16_A_MET258,21,minor_only,B,A,14,60;60;-180,0.009294785089868515,0.011081632467613366,0.004236398050680799,0.004236398050680799,20.41108656334862,20.40858002929585,0.0025065340527667956,0.00012280257814729372,4.612502098083496,4.422573089599609,False,False
4C16_A_MET258,21,minor_only,B,A,15,60;-180;-90,0.007626400088833717,0.00973070552336229,0.0026739614272896987,0.0026739614272896987,20.41108656334862,20.40915390634766,0.0019326570009567945,9.468662998211915e-05,3.6063456535339355,2.9779553413391113,False,False
4C16_A_MET258,21,minor_only,B,A,16,60;-180;90,0.009768340560261842,0.011784301407438035,0.0032222282121954116,0.0032222282121954116,20.41108656334862,20.408252080663143,0.0028344826854755922,0.00013886975966117163,3.5559897422790527,3.4055240154266357,False,False
4C16_A_MET258,21,minor_only,B,A,17,60;-180;-180,0.008454347834636205,0.010414605610010648,0.002965352834536358,0.002965352834536358,20.41108656334862,20.408872695051254,0.00221386829736403,0.00010846401001205814,4.083432674407959,3.752124547958374,False,False
4C16_A_MET258,21,minor_only,B,A,18,-180;-60;-90,-0.059783230794025484,-0.05472342748478964,-0.015341545796667168,0.0,20.41108656334862,20.41108656334862,0.0,0.0,3.86810564994812,2.9215381145477295,False,False
4C16_A_MET258,21,minor_only,B,A,19,-180;-60;90,-0.05949550096532561,-0.054366892454496725,-0.015123096861318385,0.0,20.41108656334862,20.41108656334862,0.0,0.0,3.6172702312469482,2.9571261405944824,False,False
4C16_A_MET258,21,minor_only,B,A,20,-180;-60;-180,-0.05985358976704613,-0.05476385323576033,-0.015328269077813334,0.0,20.41108656334862,20.41108656334862,0.0,0.0,3.6229264736175537,2.496154308319092,False,False
4C16_A_MET258,21,minor_only,B,A,21,-180;60;-90,-0.11595277464547922,-0.10676595486497817,-0.02854495166905033,0.0,20.41108656334862,20.41108656334862,0.0,0.0,2.636122941970825,2.351581573486328,False,False
4C16_A_MET258,21,minor_only,B,A,22,-180;60;90,-0.022238947552818977,-0.018083857345957077,-0.004809488478293389,0.0,20.41108656334862,20.41108656334862,0.0,0.0,2.0276618003845215,1.4710540771484375,False,False
4C16_A_MET258,21,minor_only,B,A,23,-180;60;-180,-0.12189588478363914,-0.11220093597939759,-0.029926532346347914,0.0,20.41108656334862,20.41108656334862,0.0,0.0,2.500725030899048,1.588424563407898,False,False
4C16_A_MET258,21,minor_only,B,A,24,-180;-180;-90,-0.09231453255325987,-0.08392444575621631,-0.022320300722867403,0.0,20.41108656334862,20.41108656334862,0.0,0.0,2.5445845127105713,0.9834959506988525,False,False
4C16_A_MET258,21,minor_only,B,A,25,-180;-180;90,-0.11771888868575053,-0.10865182992717322,-0.029159359868577997,0.0,20.41108656334862,20.41108656334862,0.0,0.0,3.3451850414276123,2.0307700634002686,False,False
4C16_A_MET258,21,minor_only,B,A,26,-180;-180;-180,-0.12150042398495053,-0.11193319740152044,-0.029887128942819557,0.0,20.41108656334862,20.41108656334862,0.0,0.0,2.9850289821624756,1.1374062299728394,False,False
4C16_A_MET258,25,minor_only,B,A,0,-60;-60;-90,0.11186060678675373,0.11629195613171635,0.020939973661724776,0.020939973661724776,9.356291490449653,9.22975869725139,0.1265327931982636,0.013523819060941054,0.39867904782295227,2.1092395782470703,True,False
4C16_A_MET258,25,minor_only,B,A,1,-60;-60;90,0.042442215131441245,0.05092462086288577,0.009205493792911915,0.009205493792911915,9.356291490449653,9.332027660576683,0.024263829872969822,0.0025933170100286957,1.6134138107299805,3.285290479660034,False,False
4C16_A_MET258,25,minor_only,B,A,2,-60;-60;-180,-0.009236029012928993,0.002320605989889545,0.00041858951353475,0.00041858951353475,9.356291490449653,9.356241104834943,5.038561470982472e-05,5.385212160315374e-06,1.342873215675354,2.9283454418182373,False,False
4C16_A_MET258,25,minor_only,B,A,3,-60;60;-90,0.060038843534955255,0.06713675044608927,0.012516058732470595,0.012516058732470595,9.356291490449653,9.314119473057271,0.04217201739238163,0.004507343260460443,2.480013608932495,3.9793035984039307,False,False
4C16_A_MET258,25,minor_only,B,A,4,-60;60;90,0.06419199050341759,0.07105477886855266,0.013313828641465214,0.013313828641465214,9.356291490449653,9.309053618127884,0.04723787232176946,0.005048781600058856,2.839181661605835,3.921316385269165,False,False
4C16_A_MET258,25,minor_only,B,A,5,-60;60;-180,0.02835784813035225,0.03693058187962283,0.006895790776381794,0.006895790776381794,9.356291490449653,9.343530745028927,0.012760745420726138,0.0013638678779676274,2.4557745456695557,3.812650442123413,False,False
4C16_A_MET258,25,minor_only,B,A,6,-60;-180;-90,0.0724268688014205,0.07916080278987804,0.014340599402469748,0.014340599402469748,9.356291490449653,9.297660919518716,0.058630570930937154,0.0062664326983381995,2.6670432090759277,2.9952616691589355,False,False
4C16_A_MET258,25,minor_only,B,A,7,-60;-180;90,0.09266185306846926,0.09826762395095277,0.017694505688687814,0.017694505688687814,9.356291490449653,9.265942219185439,0.09034927126421444,0.009656525916965884,1.6608686447143555,1.7565711736679077,False,False
4C16_A_MET258,25,minor_only,B,A,8,-60;-180;-180,0.054444492442679474,0.06226429871721529,0.011236090050225708,0.011236090050225708,9.356291490449653,9.320018618263726,0.03627287218592734,0.0038768428947465496,2.1682376861572266,2.672133445739746,False,False
4C16_A_MET258,25,minor_only,B,A,9,60;-60;-90,-0.00251719096984507,0.006441901358981567,0.001549961320647396,0.001549961320647396,9.356291490449653,9.355903222194133,0.0003882682555200745,4.1498093119094854e-05,3.76198410987854,4.277372360229492,False,False
4C16_A_MET258,25,minor_only,B,A,10,60;-60;90,-0.0029368663134070314,0.005616386490907301,0.0014000302441321071,0.0014000302441321071,9.356291490449653,9.355996357488191,0.0002951329614617748,3.154379721527798e-05,4.169821739196777,4.711546421051025,False,False
4C16_A_MET258,25,minor_only,B,A,11,60;-60;-180,-0.002888745591601946,0.005634879232466478,0.0014103882034796848,0.0014103882034796848,9.356291490449653,9.355994410755038,0.00029707969461512107,3.175186396430278e-05,4.316339015960693,4.670394420623779,False,False
4C16_A_MET258,25,minor_only,B,A,12,60;60;-90,-0.0054642109632165965,0.003182774542997546,0.0008216267191890715,0.0008216267191890715,9.356291490449653,9.356196710713565,9.477973608795764e-05,1.0130053791580048e-05,4.469391822814941,4.513481616973877,False,False
4C16_A_MET258,25,minor_only,B,A,13,60;60;90,-0.006159035670841714,0.0028903189108819122,0.0007178619081368583,0.0007178619081368583,9.356291490449653,9.356213328520045,7.816192960774515e-05,8.353943406693582e-06,4.135365962982178,3.7066688537597656,False,False
4C16_A_MET258,25,minor_only,B,A,14,60;60;-180,-0.005416462425492055,0.003191339117407936,0.000826009005674614,0.000826009005674614,9.356291490449653,9.356196199938914,9.529051073897676e-05,1.0184645362560975e-05,4.612502098083496,4.422573089599609,False,False
4C16_A_MET258,25,minor_only,B,A,15,60;-180;-90,-0.007438102133536078,0.0027720999818839024,0.0005157491344414353,0.0005157491344414353,9.356291490449653,9.356219591669259,7.18987803942639e-05,7.684538309612724e-06,3.6063456535339355,2.9779553413391113,False,False
4C16_A_MET258,25,minor_only,B,A,16,60;-180;90,-0.006434065373093923,0.0038008325261374523,0.0007036391532675943,0.0007036391532675943,9.356291490449653,9.356156326394931,0.00013516405472202564,1.4446327891771337e-05,3.5559897422790527,3.4055240154266357,False,False
4C16_A_MET258,25,minor_only,B,A,17,60;-180;-180,-0.0062123319137778734,0.003285616183778683,0.0006333870589137401,0.0006333870589137401,9.356291490449653,9.356190486722129,0.00010100372752397391,1.0795273707223906e-05,4.083432674407959,3.752124547958374,False,False
4C16_A_MET258,25,minor_only,B,A,18,-180;-60;-90,-0.04556057357346689,-0.03384331597040563,-0.0064237339904907355,0.0,9.356291490449653,9.356291490449653,0.0,0.0,3.86810564994812,2.9215381145477295,False,False
4C16_A_MET258,25,minor_only,B,A,19,-180;-60;90,-0.04541502977224614,-0.033560472547649225,-0.006320524230362833,0.0,9.356291490449653,9.356291490449653,0.0,0.0,3.6172702312469482,2.9571261405944824,False,False
4C16_A_MET258,25,minor_only,B,A,20,-180;-60;-180,-0.04542736106865388,-0.0336689140293767,-0.006380387211268352,0.0,9.356291490449653,9.356291490449653,0.0,0.0,3.6229264736175537,2.496154308319092,False,False
4C16_A_MET258,25,minor_only,B,A,21,-180;60;-90,0.06051046294045845,0.06793316310255254,0.01229694327462908,0.01229694327462908,9.356291490449653,9.313113003788958,0.043178486660695015,0.004614914649118088,2.636122941970825,2.351581573486328,False,False
4C16_A_MET258,25,minor_only,B,A,22,-180;60;90,0.1255917626456647,0.12918435803779033,0.023261437904412766,0.023261437904412766,9.356291490449653,9.200148099611145,0.15614339083850837,0.016688598361636154,2.0276618003845215,1.4710540771484375,False,True
4C16_A_MET258,25,minor_only,B,A,23,-180;60;-180,0.0778130145689803,0.08427835041234755,0.015219302644507212,0.015219302644507212,9.356291490449653,9.28983524574152,0.06645624470813338,0.007102840348226429,2.500725030899048,1.588424563407898,False,False
4C16_A_MET258,25,minor_only,B,A,24,-180;-180;-90,-0.07987437348315488,-0.063744495899974,-0.011478180773040157,0.0,9.356291490449653,9.356291490449653,0.0,0.0,2.5445845127105713,0.9834959506988525,False,False
4C16_A_MET258,25,minor_only,B,A,25,-180;-180;90,-0.11746544795453588,-0.10032705083106347,-0.018229627572563033,0.0,9.356291490449653,9.356291490449653,0.0,0.0,3.3451850414276123,2.0307700634002686,False,False
4C16_A_MET258,25,minor_only,B,A,26,-180;-180;-180,-0.10094681858750534,-0.08431830160024208,-0.015242841972663205,0.0,9.356291490449653,9.356291490449653,0.0,0.0,2.9850289821624756,1.1374062299728394,False,False
4C16_A_MET258,27,major_only,A,B,0,-60;-60;-90,-0.2888571548629078,-0.27198044156582596,-0.05541809561019516,0.0,11.980603051322941,11.980603051322941,0.0,0.0,2.1092395782470703,0.39867904782295227,False,False
4C16_A_MET258,27,major_only,A,B,1,-60;-60;90,-0.20068331938070888,-0.18992563430606607,-0.03884993875111834,0.0,11.980603051322941,11.980603051322941,0.0,0.0,3.285290479660034,1.6134138107299805,False,False
4C16_A_MET258,27,major_only,A,B,2,-60;-60;-180,-0.161836786000744,-0.1531017760238182,-0.03125033172392814,0.0,11.980603051322941,11.980603051322941,0.0,0.0,2.9283454418182373,1.342873215675354,False,False
4C16_A_MET258,27,major_only,A,B,3,-60;60;-90,-0.05673569258273904,-0.054645596338657836,-0.011527892374620832,0.0,11.980603051322941,11.980603051322941,0.0,0.0,3.9793035984039307,2.480013608932495,False,False
4C16_A_MET258,27,major_only,A,B,4,-60;60;90,-0.0533321952892226,-0.051447080321493886,-0.010908320049522078,0.0,11.980603051322941,11.980603051322941,0.0,0.0,3.921316385269165,2.839181661605835,False,False
4C16_A_MET258,27,major_only,A,B,5,-60;60;-180,-0.05212388505197625,-0.05026512701145553,-0.010620676429003054,0.0,11.980603051322941,11.980603051322941,0.0,0.0,3.812650442123413,2.4557745456695557,False,False
4C16_A_MET258,27,major_only,A,B,6,-60;-180;-90,-0.04310342526943339,-0.04133870224412087,-0.008474252900502716,0.0,11.980603051322941,11.980603051322941,0.0,0.0,2.9952616691589355,2.6670432090759277,False,False
4C16_A_MET258,27,major_only,A,B,7,-60;-180;90,-0.06928376469373991,-0.06573152026692718,-0.013393347104773521,0.0,11.980603051322941,11.980603051322941,0.0,0.0,1.7565711736679077,1.6608686447143555,False,False
4C16_A_MET258,27,major_only,A,B,8,-60;-180;-180,-0.042515420267454085,-0.04070360987686156,-0.00831182718570355,0.0,11.980603051322941,11.980603051322941,0.0,0.0,2.672133445739746,2.1682376861572266,False,False
4C16_A_MET258,27,major_only,A,B,9,60;-60;-90,0.004719981722984337,0.004039542347707175,0.0010998321814160693,0.0010998321814160693,11.980603051322941,11.980407553011908,0.00019549831103304882,1.6317902379000963e-05,4.277372360229492,3.76198410987854,False,False
4C16_A_MET258,27,major_only,A,B,10,60;-60;90,0.004342405219709762,0.003714278393455472,0.0010477130449133999,0.0010477130449133999,11.980603051322941,11.980437768552797,0.00016528277014415949,1.3795863984151313e-05,4.711546421051025,4.169821739196777,False,False
4C16_A_MET258,27,major_only,A,B,11,60;-60;-180,0.004353375288057771,0.003727401211452518,0.0010557173623411888,0.0010557173623411888,11.980603051322941,11.980436598577336,0.00016645274560467271,1.3893519791250609e-05,4.670394420623779,4.316339015960693,False,False
4C16_A_MET258,27,major_only,A,B,12,60;60;-90,0.0036179333389560046,0.0030135637215661865,0.0008803118034857293,0.0008803118034857293,11.980603051322941,11.980494248681968,0.00010880264097323789,9.08156630406209e-06,4.513481616973877,4.469391822814941,False,False
4C16_A_MET258,27,major_only,A,B,13,60;60;90,0.003613053992478009,0.002977517719665161,0.0008368294720181099,0.0008368294720181099,11.980603051322941,11.980496835947505,0.00010621537543542559,8.86561177099486e-06,3.7066688537597656,4.135365962982178,False,False
4C16_A_MET258,27,major_only,A,B,14,60;60;-180,0.003622306420878062,0.0030208947658876086,0.0008847791731724523,0.0008847791731724523,11.980603051322941,11.980493718673475,0.00010933264946544341,9.125805186690541e-06,4.422573089599609,4.612502098083496,False,False
4C16_A_MET258,27,major_only,A,B,15,60;-180;-90,0.00663218057674418,0.0057639846934332785,0.0012135003457161093,0.0012135003457161093,11.980603051322941,11.98020501352329,0.00039803779965019714,3.322351954614208e-05,2.9779553413391113,3.6063456535339355,False,False
4C16_A_MET258,27,major_only,A,B,16,60;-180;90,0.006309445344794041,0.005448203940711753,0.0011413322449156807,0.0011413322449156807,11.980603051322941,11.980247431966983,0.0003556193559575149,2.9682926179433526e-05,3.4055240154266357,3.5559897422790527,False,False
4C16_A_MET258,27,major_only,A,B,17,60;-180;-180,0.00615836045376994,0.005382604168130222,0.001174173482093465,0.001174173482093465,11.980603051322941,11.980255944168062,0.00034710715487840105,2.897242763085054e-05,3.752124547958374,4.083432674407959,False,False
4C16_A_MET258,27,major_only,A,B,18,-180;-60;-90,0.10605251026007476,0.10080181602335977,0.0216506262907162,0.0216506262907162,11.980603051322941,11.858868070473747,0.12173498084919387,0.010161006113607233,2.9215381145477295,3.86810564994812,False,False
4C16_A_MET258,27,major_only,A,B,19,-180;-60;90,0.10411357754796065,0.09884420845242224,0.021065109886869736,0.021065109886869736,11.980603051322941,11.863550432420308,0.1170526189026333,0.009770177544585949,2.9571261405944824,3.6172702312469482,False,False
4C16_A_MET258,27,major_only,A,B,20,-180;-60;-180,0.10527448108368345,0.10002369261914688,0.021449060710843803,0.021449060710843803,11.980603051322941,11.860740243711469,0.11986280761147228,0.010004739085169556,2.496154308319092,3.6229264736175537,False,False
4C16_A_MET258,27,major_only,A,B,21,-180;60;-90,0.031976978772054396,0.029570587186608193,0.00605707218230051,0.00605707218230051,11.980603051322941,11.97012697687683,0.010476074446110317,0.0008744196265607441,2.351581573486328,2.636122941970825,False,False
4C16_A_MET258,27,major_only,A,B,22,-180;60;90,-0.014294356185417759,-0.014070495667698083,-0.0028669722561444335,0.0,11.980603051322941,11.980603051322941,0.0,0.0,1.4710540771484375,2.0276618003845215,False,False
4C16_A_MET258,27,major_only,A,B,23,-180;60;-180,0.04811759598554191,0.04474388535341217,0.00914323512429841,0.00914323512429841,11.980603051322941,11.956617700992279,0.02398535033066196,0.0020020152765192743,1.588424563407898,2.500725030899048,False,False
4C16_A_MET258,27,major_only,A,B,24,-180;-180;-90,0.36890551148936146,0.3459484715626712,0.07049028284957468,0.07049028284957468,11.980603051322941,10.546760345113524,1.4338427062094166,0.11968034497654828,0.9834959506988525,2.5445845127105713,True,True
4C16_A_MET258,27,major_only,A,B,25,-180;-180;90,0.33207433835739725,0.31340671587999047,0.06443999772697237,0.06443999772697237,11.980603051322941,10.803823058035764,1.1767799932871768,0.09822376955868115,2.0307700634002686,3.3451850414276123,False,False
4C16_A_MET258,27,major_only,A,B,26,-180;-180;-180,0.3567717261039261,0.33602598131181843,0.06873919200566773,0.06873919200566773,11.980603051322941,10.627831706514925,1.3527713448080156,0.1129134601165705,1.1374062299728394,2.9850289821624756,False,False
4C16_A_MET258,28,minor_only,B,A,0,-60;-60;-90,0.29505280476404794,0.2887701097884362,0.06122658382988702,0.06122658382988702,12.972581680227835,11.890821751917114,1.0817599283107207,0.08338817630722538,0.39867904782295227,2.1092395782470703,True,True
4C16_A_MET258,28,minor_only,B,A,1,-60;-60;90,0.14137438427584756,0.14467692721791114,0.030794977885717164,0.030794977885717164,12.972581680227835,12.701047211910316,0.27153446831751893,0.020931413269216742,1.6134138107299805,3.285290479660034,False,False
4C16_A_MET258,28,minor_only,B,A,2,-60;-60;-180,-0.00659361074780573,0.005300880462242937,0.0011258908281111145,0.0011258908281111145,12.972581680227835,12.972217159326576,0.0003645209012592687,2.809933367502734e-05,1.342873215675354,2.9283454418182373,False,False
4C16_A_MET258,28,minor_only,B,A,3,-60;60;-90,0.011756646340230534,0.02158357570518616,0.00473796671971006,0.00473796671971006,12.972581680227835,12.966538393449516,0.006043286778318446,0.0004658507402215339,2.480013608932495,3.9793035984039307,False,False
4C16_A_MET258,28,minor_only,B,A,4,-60;60;90,0.009901787054129686,0.019721455126990667,0.004351209175942176,0.004351209175942176,12.972581680227835,12.967536178893525,0.005045501334310032,0.00038893579232575847,2.839181661605835,3.921316385269165,False,False
4C16_A_MET258,28,minor_only,B,A,5,-60;60;-180,-0.010929759035685311,-6.73743966791826e-05,-1.4813379535017337e-05,0.0,12.972581680227835,12.972581680227835,0.0,0.0,2.4557745456695557,3.812650442123413,False,False
4C16_A_MET258,28,minor_only,B,A,6,-60;-180;-90,0.018296078347700695,0.028524712438435535,0.006084707758429404,0.006084707758429404,12.972581680227835,12.962026419540466,0.010555260687368673,0.0008136592196953731,2.6670432090759277,2.9952616691589355,False,False
4C16_A_MET258,28,minor_only,B,A,7,-60;-180;90,0.04058026935616358,0.0498663031770468,0.010572957532255609,0.010572957532255609,12.972581680227835,12.940323433440053,0.032258246787781886,0.0024866481925450742,1.6608686447143555,1.7565711736679077,False,False
4C16_A_MET258,28,minor_only,B,A,8,-60;-180;-180,0.005060005937667459,0.016225366585381432,0.0034477198003051612,0.0034477198003051612,12.972581680227835,12.969166485673025,0.003415194554809986,0.00026326252083001,2.1682376861572266,2.672133445739746,False,False
4C16_A_MET258,28,minor_only,B,A,9,60;-60;-90,-0.009499144607352038,0.00011841902237633103,3.3549773811697336e-05,3.3549773811697336e-05,12.972581680227835,12.972581498312483,1.8191535211542487e-07,1.402306469133212e-08,3.76198410987854,4.277372360229492,False,False
4C16_A_MET258,28,minor_only,B,A,10,60;-60;90,-0.005976407214552471,0.003058253000375548,0.0008976668288905037,0.0008976668288905037,12.972581680227835,12.972460348820565,0.00012133140726966474,9.352911414278627e-06,4.169821739196777,4.711546421051025,False,False
4C16_A_MET258,28,minor_only,B,A,11,60;-60;-180,-0.0059164792244592035,0.003086257437926188,0.00090959389956511,0.00090959389956511,12.972581680227835,12.972458116582269,0.00012356364556609378,9.524984973070038e-06,4.316339015960693,4.670394420623779,False,False
4C16_A_MET258,28,minor_only,B,A,12,60;60;-90,-0.003870110359469931,0.005100131902708907,0.0015502845597122016,0.0015502845597122016,12.972581680227835,12.972244245924697,0.0003374343031374849,2.6011345424926908e-05,4.469391822814941,4.513481616973877,False,False
4C16_A_MET258,28,minor_only,B,A,13,60;60;90,-0.0044742896566938835,0.0049062986996848915,0.0014348630918389975,0.0014348630918389975,12.972581680227835,12.97226940726514,0.00031227296269520366,2.4071766930645317e-05,4.135365962982178,3.7066688537597656,False,False
4C16_A_MET258,28,minor_only,B,A,14,60;60;-180,-0.0038162417636183094,0.00511346408041483,0.0015584338454686707,0.0015584338454686707,12.972581680227835,12.972242479455037,0.0003392007727978097,2.6147514901741004e-05,4.612502098083496,4.422573089599609,False,False
4C16_A_MET258,28,minor_only,B,A,15,60;-180;-90,-0.006623498937923469,0.003989310631667497,0.0008739544686712489,0.0008739544686712489,12.972581680227835,12.972375226788301,0.000206453439533405,1.5914599315884138e-05,3.6063456535339355,2.9779553413391113,False,False
4C16_A_MET258,28,minor_only,B,A,16,60;-180;90,-0.007228766815122197,0.0034872888745678273,0.000760187147627279,0.000760187147627279,12.972581680227835,12.972423918279027,0.0001577619488077886,1.2161183694702923e-05,3.5559897422790527,3.4055240154266357,False,False
4C16_A_MET258,28,minor_only,B,A,17,60;-180;-180,-0.005646109927787221,0.0042415635043444476,0.0009628079453502234,0.0009628079453502234,12.972581680227835,12.972348292314518,0.00023338791331717346,1.7990860961229616e-05,4.083432674407959,3.752124547958374,False,False
4C16_A_MET258,28,minor_only,B,A,18,-180;-60;-90,-0.014198531581745878,-0.0034544727207986834,-0.0007720718928487365,0.0,12.972581680227835,12.972581680227835,0.0,0.0,3.86810564994812,2.9215381145477295,False,False
4C16_A_MET258,28,minor_only,B,A,19,-180;-60;90,-0.0142958569368088,-0.003428639328677404,-0.0007603405820214036,0.0,12.972581680227835,12.972581680227835,0.0,0.0,3.6172702312469482,2.9571261405944824,False,False
4C16_A_MET258,28,minor_only,B,A,20,-180;-60;-180,-0.01424381178285429,-0.003458760562482833,-0.000771791090361861,0.0,12.972581680227835,12.972581680227835,0.0,0.0,3.6229264736175537,2.496154308319092,False,False
4C16_A_MET258,28,minor_only,B,A,21,-180;60;-90,0.07093649775175513,0.07825124563592377,0.016678920079724397,0.016678920079724397,12.972581680227835,12.893147222892011,0.07943445733582344,0.006123257443573741,2.636122941970825,2.351581573486328,False,False
4C16_A_MET258,28,minor_only,B,A,22,-180;60;90,0.21702259676631644,0.21551910449792655,0.0456955316678518,0.0456955316678518,12.972581680227835,12.3700249223795,0.6025567578483351,0.046448484403588085,2.0276618003845215,1.4710540771484375,False,False
4C16_A_MET258,28,minor_only,B,A,23,-180;60;-180,0.07204765411255429,0.07933075846584199,0.01686870209014783,0.01686870209014783,12.972581680227835,12.890940433734116,0.08164124649371907,0.0062933692387655265,2.500725030899048,1.588424563407898,False,False
4C16_A_MET258,28,minor_only,B,A,24,-180;-180;-90,-0.03863018271351161,-0.024511738400011963,-0.0051971567710716446,0.0,12.972581680227835,12.972581680227835,0.0,0.0,2.5445845127105713,0.9834959506988525,False,False
4C16_A_MET258,28,minor_only,B,A,25,-180;-180;90,-0.05231271224557723,-0.03827081788851652,-0.008188207295880979,0.0,12.972581680227835,12.972581680227835,0.0,0.0,3.3451850414276123,2.0307700634002686,False,False
4C16_A_MET258,28,minor_only,B,A,26,-180;-180;-180,-0.054667479894363206,-0.04018474257222329,-0.008553948333947457,0.0,12.972581680227835,12.972581680227835,0.0,0.0,2.9850289821624756,1.1374062299728394,False,False
4C16_A_MET258,29,minor_only,B,A,0,-60;-60;-90,0.3243620257161066,0.3070940410017326,0.08570438403270736,0.08570438403270736,22.475746768852296,20.356132136836877,2.11961463201542,0.09430675001877395,0.39867904782295227,2.1092395782470703,True,True
4C16_A_MET258,29,minor_only,B,A,1,-60;-60;90,0.18031095171563025,0.17241696212968377,0.048306377107336575,0.048306377107336575,22.475746768852296,21.807596560745075,0.668150208107221,0.029727608830028632,1.6134138107299805,3.285290479660034,False,False
4C16_A_MET258,29,minor_only,B,A,2,-60;-60;-180,0.1648441710865353,0.15766074469146996,0.04407737294926615,0.04407737294926615,22.475746768852296,21.917069144871203,0.5586776239810938,0.024856910416668754,1.342873215675354,2.9283454418182373,False,False
4C16_A_MET258,29,minor_only,B,A,3,-60;60;-90,0.1372093193634094,0.13290765640661156,0.038402762741502505,0.038402762741502505,22.475746768852296,22.078725173264463,0.3970215955878338,0.017664445131497952,2.480013608932495,3.9793035984039307,False,False
4C16_A_MET258,29,minor_only,B,A,4,-60;60;90,0.1405433596428331,0.13619924918325663,0.03955392426190434,0.03955392426190434,22.475746768852296,22.058816373744328,0.41693039510796837,0.018550235478082783,2.839181661605835,3.921316385269165,False,False
4C16_A_MET258,29,minor_only,B,A,5,-60;60;-180,0.08285302208862291,0.08111826784817298,0.02347587495224582,0.02347587495224582,22.475746768852296,22.327852458297762,0.14789431055453406,0.006580173378687971,2.4557745456695557,3.812650442123413,False,False
4C16_A_MET258,29,minor_only,B,A,6,-60;-180;-90,0.010314255092173878,0.012048846337334308,0.0033830449904308016,0.0033830449904308016,22.475746768852296,22.472483859101445,0.003262909750851861,0.00014517469806047645,2.6670432090759277,2.9952616691589355,False,False
4C16_A_MET258,29,minor_only,B,A,7,-60;-180;90,0.014765897218015219,0.016281508941286917,0.004543890164101222,0.004543890164101222,22.475746768852296,22.4697887285799,0.0059580402723966586,0.00026508753340527606,1.6608686447143555,1.7565711736679077,False,False
4C16_A_MET258,29,minor_only,B,A,8,-60;-180;-180,-0.04528118480014695,-0.04033731118624981,-0.011282055947468745,0.0,22.475746768852296,22.475746768852296,0.0,0.0,2.1682376861572266,2.672133445739746,False,False
4C16_A_MET258,29,minor_only,B,A,9,60;-60;-90,0.014036475258445426,0.015412781077069114,0.005747685455177501,0.005747685455177501,22.475746768852296,22.4704075693381,0.00533919951419648,0.0002375538205295913,3.76198410987854,4.277372360229492,False,False
4C16_A_MET258,29,minor_only,B,A,10,60;-60;90,0.012535400275789917,0.013922164567849815,0.005378886594915236,0.005378886594915236,22.475746768852296,22.47139036978452,0.004356399067777517,0.00019382666625407846,4.169821739196777,4.711546421051025,False,False
4C16_A_MET258,29,minor_only,B,A,11,60;-60;-180,0.01258715000796066,0.01396910321006767,0.005419107592900658,0.005419107592900658,22.475746768852296,22.471360945025936,0.0043858238263609906,0.000195135844493453,4.316339015960693,4.670394420623779,False,False
4C16_A_MET258,29,minor_only,B,A,12,60;60;-90,0.007789203504303071,0.009336792744119386,0.003735696540186078,0.003735696540186078,22.475746768852296,22.473787429922872,0.001959338929424348,8.717569874651154e-05,4.469391822814941,4.513481616973877,False,False
4C16_A_MET258,29,minor_only,B,A,13,60;60;90,0.0072959892652420776,0.008915499296625948,0.0034319899548865508,0.0034319899548865508,22.475746768852296,22.47396025877429,0.0017865100780056764,7.94861277081786e-05,4.135365962982178,3.7066688537597656,False,False
4C16_A_MET258,29,minor_only,B,A,14,60;60;-180,0.00781911685853167,0.009360274134288478,0.0037549623622295473,0.0037549623622295473,22.475746768852296,22.473777562325587,0.0019692065267093994,8.761473186903837e-05,4.612502098083496,4.422573089599609,False,False
4C16_A_MET258,29,minor_only,B,A,15,60;-180;-90,-0.007946329665165926,-0.005469359182470084,-0.0015771436668625032,0.0,22.475746768852296,22.475746768852296,0.0,0.0,3.6063456535339355,2.9779553413391113,False,False
4C16_A_MET258,29,minor_only,B,A,16,60;-180;90,-0.005629670150242807,-0.003241481850511566,-0.0009300794547397823,0.0,22.475746768852296,22.475746768852296,0.0,0.0,3.5559897422790527,3.4055240154266357,False,False
4C16_A_MET258,29,minor_only,B,A,17,60;-180;-180,-0.006205500122553096,-0.003976913613731083,-0.0011882387400109393,0.0,22.475746768852296,22.475746768852296,0.0,0.0,4.083432674407959,3.752124547958374,False,False
4C16_A_MET258,29,minor_only,B,A,18,-180;-60;-90,-0.04066839477964615,-0.036795364670980005,-0.010824627108785729,0.0,22.475746768852296,22.475746768852296,0.0,0.0,3.86810564994812,2.9215381145477295,False,False
4C16_A_MET258,29,minor_only,B,A,19,-180;-60;90,-0.040365270282221304,-0.03644580392985619,-0.010638435408896535,0.0,22.475746768852296,22.475746768852296,0.0,0.0,3.6172702312469482,2.9571261405944824,False,False
4C16_A_MET258,29,minor_only,B,A,20,-180;-60;-180,-0.04070748281539675,-0.03681300796286025,-0.0108124577960026,0.0,22.475746768852296,22.475746768852296,0.0,0.0,3.6229264736175537,2.496154308319092,False,False
4C16_A_MET258,29,minor_only,B,A,21,-180;60;-90,-0.005732118057144513,-0.003092472555535375,-0.0008676136588200148,0.0,22.475746768852296,22.475746768852296,0.0,0.0,2.636122941970825,2.351581573486328,False,False
4C16_A_MET258,29,minor_only,B,A,22,-180;60;90,0.11329986690304496,0.1088402964784698,0.030375367094907832,0.030375367094907832,22.475746768852296,22.20949434963076,0.2662524192215372,0.01184621013752119,2.0276618003845215,1.4710540771484375,False,False
4C16_A_MET258,29,minor_only,B,A,23,-180;60;-180,-0.0057841351288168835,-0.003110375450792335,-0.0008705560452615308,0.0,22.475746768852296,22.475746768852296,0.0,0.0,2.500725030899048,1.588424563407898,False,False
4C16_A_MET258,29,minor_only,B,A,24,-180;-180;-90,-0.11411512975297633,-0.1048009824259025,-0.029248319385297344,0.0,22.475746768852296,22.475746768852296,0.0,0.0,2.5445845127105713,0.9834959506988525,False,False
4C16_A_MET258,29,minor_only,B,A,25,-180;-180;90,-0.13665956943105945,-0.12693759799111212,-0.035748285643952174,0.0,22.475746768852296,22.475746768852296,0.0,0.0,3.3451850414276123,2.0307700634002686,False,False
4C16_A_MET258,29,minor_only,B,A,26,-180;-180;-180,-0.14075736700994362,-0.13048569299637156,-0.03656050508262683,0.0,22.475746768852296,22.475746768852296,0.0,0.0,2.9850289821624756,1.1374062299728394,False,False
4C16_A_MET258,31,major_only,A,B,0,-60;-60;-90,-0.15921345687346536,-0.1501600460376548,-0.022662429619097212,0.0,6.572869112800049,6.572869112800049,0.0,0.0,2.1092395782470703,0.39867904782295227,False,False
4C16_A_MET258,31,major_only,A,B,1,-60;-60;90,-0.07983695550546481,-0.07589346294454101,-0.01149871407907138,0.0,6.572869112800049,6.572869112800049,0.0,0.0,3.285290479660034,1.6134138107299805,False,False
4C16_A_MET258,31,major_only,A,B,2,-60;-60;-180,-0.0618104617600239,-0.058823758549851925,-0.008893348803137701,0.0,6.572869112800049,6.572869112800049,0.0,0.0,2.9283454418182373,1.342873215675354,False,False
4C16_A_MET258,31,major_only,A,B,3,-60;60;-90,0.0188415100061294,0.01742734858641044,0.0027231039127366963,0.0027231039127366963,6.572869112800049,6.570872850429287,0.001996262370762558,0.00030371247875224285,3.9793035984039307,2.480013608932495,False,False
4C16_A_MET258,31,major_only,A,B,4,-60;60;90,0.03410660839117095,0.03201574465932176,0.005028042021993848,0.005028042021993848,6.572869112800049,6.566131869993727,0.00673724280632193,0.0010250079060910827,3.921316385269165,2.839181661605835,False,False
4C16_A_MET258,31,major_only,A,B,5,-60;60;-180,0.028773589554117497,0.026905715240718706,0.0042108336756574395,0.0042108336756574395,6.572869112800049,6.568110897741169,0.0047582150588798555,0.0007239175126146474,3.812650442123413,2.4557745456695557,False,False
4C16_A_MET258,31,major_only,A,B,6,-60;-180;-90,0.06719453328883672,0.0629101289673967,0.009552197870006985,0.009552197870006985,6.572869112800049,6.546855771730906,0.026013341069143436,0.003957684326694545,2.9952616691589355,2.6670432090759277,False,False
4C16_A_MET258,31,major_only,A,B,7,-60;-180;90,0.07038095920115954,0.06551748414021656,0.009888053603347175,0.009888053603347175,6.572869112800049,6.544654804433123,0.028214308366925955,0.004292540728063674,1.7565711736679077,1.6608686447143555,False,True
4C16_A_MET258,31,major_only,A,B,8,-60;-180;-180,0.06599471955680816,0.06162455446025612,0.00932085008300898,0.00932085008300898,6.572869112800049,6.547908078967639,0.024961033832409996,0.0037975857124251436,2.672133445739746,2.1682376861572266,False,False
4C16_A_MET258,31,major_only,A,B,9,60;-60;-90,0.008810184164651309,0.008009465584046737,0.0016152358676737593,0.0016152358676737593,6.572869112800049,6.572447453131198,0.00042165966885132633,6.41515389421316e-05,4.277372360229492,3.76198410987854,False,False
4C16_A_MET258,31,major_only,A,B,10,60;-60;90,0.007644457632818337,0.0069350968266272735,0.0014489672877432062,0.0014489672877432062,6.572869112800049,6.5725529869267145,0.00031612587333462727,4.809556799465269e-05,4.711546421051025,4.169821739196777,False,False
4C16_A_MET258,31,major_only,A,B,11,60;-60;-180,0.007664408472036327,0.006957533654029931,0.0014596038164410518,0.0014596038164410518,6.572869112800049,6.572550938120344,0.00031817467970540747,4.840727454709116e-05,4.670394420623779,4.316339015960693,False,False
4C16_A_MET258,31,major_only,A,B,12,60;60;-90,0.004604882176814223,0.003997120401465542,0.0008648514718318505,0.0008648514718318505,6.572869112800049,6.572764098257536,0.00010501454251343745,1.5976971503803634e-05,4.513481616973877,4.469391822814941,False,False
4C16_A_MET258,31,major_only,A,B,13,60;60;90,0.004358558507050193,0.003726810868424043,0.0007758149035466275,0.0007758149035466275,6.572869112800049,6.572777821437133,9.129136291630147e-05,1.3889119249084096e-05,3.7066688537597656,4.135365962982178,False,False
4C16_A_MET258,31,major_only,A,B,14,60;60;-180,0.004612083220840099,0.004007345048481054,0.0008693490534071726,0.0008693490534071726,6.572869112800049,6.5727635603153,0.00010555248474908296,1.6058814337794945e-05,4.422573089599609,4.612502098083496,False,False
4C16_A_MET258,31,major_only,A,B,15,60;-180;-90,0.0009051065303240655,0.00033569995297460094,5.234877441671238e-05,5.234877441671238e-05,6.572869112800049,6.572868372074124,7.407259250413745e-07,1.12694458436557e-07,2.9779553413391113,3.6063456535339355,False,False
4C16_A_MET258,31,major_only,A,B,16,60;-180;90,0.0028685445732878853,0.002203181722644712,0.0003418591462680859,0.0003418591462680859,6.572869112800049,6.572837208029599,3.19047704504527e-05,4.854009703056636e-06,3.4055240154266357,3.5559897422790527,False,False
4C16_A_MET258,31,major_only,A,B,17,60;-180;-180,0.0020415535320566737,0.0014646035200205105,0.0002366453911424089,0.0002366453911424089,6.572869112800049,6.572855013578617,1.4099221432140041e-05,2.1450634707882928e-06,3.752124547958374,4.083432674407959,False,False
4C16_A_MET258,31,major_only,A,B,18,-180;-60;-90,-0.017939232223434735,-0.017661999531918535,-0.002809830542280869,0.0,6.572869112800049,6.572869112800049,0.0,0.0,2.9215381145477295,3.86810564994812,False,False
4C16_A_MET258,31,major_only,A,B,19,-180;-60;90,-0.017758930652407363,-0.01747821633769336,-0.002758974993242648,0.0,6.572869112800049,6.572869112800049,0.0,0.0,2.9571261405944824,3.6172702312469482,False,False
4C16_A_MET258,31,major_only,A,B,20,-180;-60;-180,-0.017711931245441796,-0.01744104019225274,-0.0027702306521699034,0.0,6.572869112800049,6.572869112800049,0.0,0.0,2.496154308319092,3.6229264736175537,False,False
4C16_A_MET258,31,major_only,A,B,21,-180;60;-90,-0.004575412135410022,-0.004899326756105093,-0.0007433226363945765,0.0,6.572869112800049,6.572869112800049,0.0,0.0,2.351581573486328,2.636122941970825,False,False
4C16_A_MET258,31,major_only,A,B,22,-180;60;90,-0.023810927641094957,-0.02297036866575025,-0.0034667315389464016,0.0,6.572869112800049,6.572869112800049,0.0,0.0,1.4710540771484375,2.0276618003845215,False,False
4C16_A_MET258,31,major_only,A,B,23,-180;60;-180,0.014756359953018093,0.013327405379487872,0.002017204623576392,0.002017204623576392,6.572869112800049,6.571701641535636,0.001167471264412967,0.00017761973414919,1.588424563407898,2.500725030899048,False,False
4C16_A_MET258,31,major_only,A,B,24,-180;-180;-90,-0.12005967130668442,-0.1133995942276983,-0.017114629035243325,0.0,6.572869112800049,6.572869112800049,0.0,0.0,0.9834959506988525,2.5445845127105713,True,False
4C16_A_MET258,31,major_only,A,B,25,-180;-180;90,-0.18080292512688892,-0.17154299497232162,-0.026125123885242307,0.0,6.572869112800049,6.572869112800049,0.0,0.0,2.0307700634002686,3.3451850414276123,False,False
4C16_A_MET258,31,major_only,A,B,26,-180;-180;-180,-0.15987607315889835,-0.15143989274102715,-0.022946159642107257,0.0,6.572869112800049,6.572869112800049,0.0,0.0,1.1374062299728394,2.9850289821624756,False,False
4C16_A_MET258,35,minor_only,B,A,0,-60;-60;-90,0.28695143247037475,0.278832567960937,0.06221454608698325,0.06221454608698325,14.366391914692803,13.249439408936208,1.1169525057565952,0.07774760095569055,0.39867904782295227,2.1092395782470703,True,True
4C16_A_MET258,35,minor_only,B,A,1,-60;-60;90,0.10252245756333404,0.10575719281588475,0.023689242996304347,0.023689242996304347,14.366391914692803,14.205709799955297,0.16068211473750615,0.011184583832296351,1.6134138107299805,3.285290479660034,False,False
4C16_A_MET258,35,minor_only,B,A,2,-60;-60;-180,0.1992544838022169,0.19682972221990874,0.043994622750407865,0.043994622750407865,14.366391914692803,13.80981002759414,0.5565818870986643,0.03874193954916659,1.342873215675354,2.9283454418182373,False,False
4C16_A_MET258,35,minor_only,B,A,3,-60;60;-90,0.07436842152906119,0.07913578464646918,0.018281093575696232,0.018281093575696232,14.366391914692803,14.276422781672629,0.0899691330201744,0.006262472411612349,2.480013608932495,3.9793035984039307,False,False
4C16_A_MET258,35,minor_only,B,A,4,-60;60;90,0.08950995993199944,0.09356549200319432,0.021724378433728153,0.021724378433728153,14.366391914692803,14.240621318088387,0.1257705966044167,0.008754501293800048,2.839181661605835,3.921316385269165,False,False
4C16_A_MET258,35,minor_only,B,A,5,-60;60;-180,0.09255006503404331,0.09646153321757385,0.022318965938971154,0.022318965938971154,14.366391914692803,14.232715117699655,0.13367679699314827,0.009304827390684941,2.4557745456695557,3.812650442123413,False,False
4C16_A_MET258,35,minor_only,B,A,6,-60;-180;-90,0.03908263862858655,0.045877487094733015,0.010298612539365716,0.010298612539365716,14.366391914692803,14.336154340064091,0.030237574628712238,0.0021047438221275068,2.6670432090759277,2.9952616691589355,False,False
4C16_A_MET258,35,minor_only,B,A,7,-60;-180;90,0.06289212656958137,0.06843987731307266,0.015270708427547549,0.015270708427547549,14.366391914692803,14.299099493513772,0.06729242117903134,0.004684016806628392,1.6608686447143555,1.7565711736679077,False,False
4C16_A_MET258,35,minor_only,B,A,8,-60;-180;-180,0.037509585375862735,0.04447871408404384,0.009946042626770046,0.009946042626770046,14.366391914692803,14.33797007695563,0.02842183773717366,0.001978356006570172,2.1682376861572266,2.672133445739746,False,False
4C16_A_MET258,35,minor_only,B,A,9,60;-60;-90,-0.001075874293492138,0.00634510430626137,0.0018917665364171176,0.0018917665364171176,14.366391914692803,14.365813518745368,0.0005783959474356948,4.0260348657491195e-05,3.76198410987854,4.277372360229492,False,False
4C16_A_MET258,35,minor_only,B,A,10,60;-60;90,-0.0015116328847729983,0.0055778020417817905,0.0017229215836668487,0.0017229215836668487,14.366391914692803,14.365944949294484,0.0004469653983196764,3.1111875617325724e-05,4.169821739196777,4.711546421051025,False,False
4C16_A_MET258,35,minor_only,B,A,11,60;-60;-180,-0.0014685315352940614,0.00559634478210033,0.001735723327243509,0.001735723327243509,14.366391914692803,14.365941972588093,0.000449942104710388,3.131907492028134e-05,4.316339015960693,4.670394420623779,False,False
4C16_A_MET258,35,minor_only,B,A,12,60;60;-90,-0.0037992322792502146,0.0033740973441408304,0.0010793151406391982,0.0010793151406391982,14.366391914692803,14.366228360031572,0.00016355466123130213,1.1384532887762266e-05,4.469391822814941,4.513481616973877,False,False
4C16_A_MET258,35,minor_only,B,A,13,60;60;90,-0.004364409307532122,0.003141114811857006,0.0009667205227174757,0.0009667205227174757,14.366391914692803,14.366250167217853,0.00014174747495054874,9.866602261182969e-06,4.135365962982178,3.7066688537597656,False,False
4C16_A_MET258,35,minor_only,B,A,14,60;60;-180,-0.003757905410981391,0.0033829703509748966,0.001085005654270325,0.001085005654270325,14.366391914692803,14.366227498687248,0.000164416005555168,1.1444488395657395e-05,4.612502098083496,4.422573089599609,False,False
4C16_A_MET258,35,minor_only,B,A,15,60;-180;-90,-0.006100912100591602,0.002394997392633901,0.000552149452470461,0.000552149452470461,14.366391914692803,14.366309508889046,8.240580375762363e-05,5.736012510792325e-06,3.6063456535339355,2.9779553413391113,False,False
4C16_A_MET258,35,minor_only,B,A,16,60;-180;90,-0.0053386546990654956,0.0031813617934464225,0.0007298041146328055,0.0007298041146328055,14.366391914692803,14.366246511537152,0.000145403155650925,1.0121062860760342e-05,3.5559897422790527,3.4055240154266357,False,False
4C16_A_MET258,35,minor_only,B,A,17,60;-180;-180,-0.005185756212982168,0.0027220976376972467,0.0006502465229137317,0.0006502465229137317,14.366391914692803,14.36628546237861,0.00010645231419381673,7.409815549090358e-06,4.083432674407959,3.752124547958374,False,False
4C16_A_MET258,35,minor_only,B,A,18,-180;-60;-90,-0.04420958156634894,-0.03417935157971354,-0.008038970633882073,0.0,14.366391914692803,14.366391914692803,0.0,0.0,3.86810564994812,2.9215381145477295,False,False
4C16_A_MET258,35,minor_only,B,A,19,-180;-60;90,-0.04435345403966806,-0.03419083618447038,-0.007979152005746294,0.0,14.366391914692803,14.366391914692803,0.0,0.0,3.6172702312469482,2.9571261405944824,False,False
4C16_A_MET258,35,minor_only,B,A,20,-180;-60;-180,-0.04498621567005564,-0.03487980708971627,-0.008190567326766322,0.0,14.366391914692803,14.366391914692803,0.0,0.0,3.6229264736175537,2.496154308319092,False,False
4C16_A_MET258,35,minor_only,B,A,21,-180;60;-90,-0.15040815278409286,-0.13291999389418943,-0.029814506747508577,0.0,14.366391914692803,14.366391914692803,0.0,0.0,2.636122941970825,2.351581573486328,False,False
4C16_A_MET258,35,minor_only,B,A,22,-180;60;90,-0.0340194442826912,-0.022561697075758978,-0.00503408301118312,0.0,14.366391914692803,14.366391914692803,0.0,0.0,2.0276618003845215,1.4710540771484375,False,False
4C16_A_MET258,35,minor_only,B,A,23,-180;60;-180,-0.16973739609199073,-0.1508620386127005,-0.033758308835586594,0.0,14.366391914692803,14.366391914692803,0.0,0.0,2.500725030899048,1.588424563407898,False,False
4C16_A_MET258,35,minor_only,B,A,24,-180;-180;-90,-0.04622299947339567,-0.0340373097371995,-0.007594646763895088,0.0,14.366391914692803,14.366391914692803,0.0,0.0,2.5445845127105713,0.9834959506988525,False,False
4C16_A_MET258,35,minor_only,B,A,25,-180;-180;90,-0.07377660524912168,-0.060837280151540114,-0.013697822147950933,0.0,14.366391914692803,14.366391914692803,0.0,0.0,3.3451850414276123,2.0307700634002686,False,False
4C16_A_MET258,35,minor_only,B,A,26,-180;-180;-180,-0.07788346631833847,-0.06440146553273648,-0.014426528251987961,0.0,14.366391914692803,14.366391914692803,0.0,0.0,2.9850289821624756,1.1374062299728394,False,False
4C16_A_MET258,36,major_only,A,B,0,-60;-60;-90,-0.19641326303087994,-0.18493810727265686,-0.027583215691936693,0.0,6.419301984698513,6.419301984698513,0.0,0.0,2.1092395782470703,0.39867904782295227,False,False
4C16_A_MET258,36,major_only,A,B,1,-60;-60;90,-0.11770559922374943,-0.11145447009708523,-0.01668817357207873,0.0,6.419301984698513,6.419301984698513,0.0,0.0,3.285290479660034,1.6134138107299805,False,False
4C16_A_MET258,36,major_only,A,B,2,-60;-60;-180,-0.07206143344088389,-0.0683197705017017,-0.010207640485874782,0.0,6.419301984698513,6.419301984698513,0.0,0.0,2.9283454418182373,1.342873215675354,False,False
4C16_A_MET258,36,major_only,A,B,3,-60;60;-90,0.003928741155716013,0.003359051660100739,0.0005186996923630704,0.0005186996923630704,6.419301984698513,6.419229554250263,7.243044824978284e-05,1.1283228055391849e-05,3.9793035984039307,2.480013608932495,False,False
4C16_A_MET258,36,major_only,A,B,4,-60;60;90,0.008049316383950707,0.007298292493460669,0.0011327210385934734,0.0011327210385934734,6.419301984698513,6.418960060107633,0.00034192459088000504,5.326507332028309e-05,3.921316385269165,2.839181661605835,False,False
4C16_A_MET258,36,major_only,A,B,5,-60;60;-180,-0.001681498094930395,-0.0019876801153048524,-0.00030742306658769757,0.0,6.419301984698513,6.419301984698513,0.0,0.0,3.812650442123413,2.4557745456695557,False,False
4C16_A_MET258,36,major_only,A,B,6,-60;-180;-90,0.023230397540059986,0.021530558744673113,0.003230758133771937,0.003230758133771937,6.419301984698513,6.41632622123166,0.0029757634668525768,0.00046356495985791133,2.9952616691589355,2.6670432090759277,False,False
4C16_A_MET258,36,major_only,A,B,7,-60;-180;90,0.03187813881982554,0.02951121480744929,0.004401564784653573,0.004401564784653573,6.419301984698513,6.413711338856053,0.005590645842460162,0.0008709117994115884,1.7565711736679077,1.6608686447143555,False,False
4C16_A_MET258,36,major_only,A,B,8,-60;-180;-180,0.027111076647968548,0.025131262994422487,0.0037564919002294225,0.0037564919002294225,6.419301984698513,6.41524767951364,0.004054305184872931,0.0006315803796950276,2.672133445739746,2.1682376861572266,False,False
4C16_A_MET258,36,major_only,A,B,9,60;-60;-90,0.0020954761670798974,0.0016738661311863437,0.000333595008384172,0.000333595008384172,6.419301984698513,6.419283998919594,1.7985778918649942e-05,2.8018278251314668e-06,4.277372360229492,3.76198410987854,False,False
4C16_A_MET258,36,major_only,A,B,10,60;-60;90,0.004819591706185085,0.004329487423578702,0.0008939411836667125,0.0008939411836667125,6.419301984698513,6.419181658340559,0.00012032635795389268,1.8744461351204668e-05,4.711546421051025,4.169821739196777,False,False
4C16_A_MET258,36,major_only,A,B,11,60;-60;-180,0.004827563734227482,0.004339319436935402,0.0008996378262469762,0.0008996378262469762,6.419301984698513,6.419181111211737,0.00012087348677614074,1.8829693176028023e-05,4.670394420623779,4.316339015960693,False,False
4C16_A_MET258,36,major_only,A,B,12,60;60;-90,0.003101929872599667,0.002669148446486744,0.0005707335960476502,0.0005707335960476502,6.419301984698513,6.419256251322404,4.5733376109247104e-05,7.124353429432095e-06,4.513481616973877,4.469391822814941,False,False
4C16_A_MET258,36,major_only,A,B,13,60;60;90,0.00290559466712264,0.0024567754733215096,0.0005054202566734136,0.0005054202566734136,6.419301984698513,6.419263239423993,3.8745274520302075e-05,6.035745726351239e-06,3.7066688537597656,4.135365962982178,False,False
4C16_A_MET258,36,major_only,A,B,14,60;60;-180,0.0031065654698675914,0.0026759274277395064,0.0005736912015638282,0.0005736912015638282,6.419301984698513,6.4192560187243295,4.5965974183381775e-05,7.160587598612655e-06,4.422573089599609,4.612502098083496,False,False
4C16_A_MET258,36,major_only,A,B,15,60;-180;-90,-0.0028513935312136115,-0.0031026936336189617,-0.00047814601869356843,0.0,6.419301984698513,6.419301984698513,0.0,0.0,2.9779553413391113,3.6063456535339355,False,False
4C16_A_MET258,36,major_only,A,B,16,60;-180;90,-0.006477927787460994,-0.006560498691115906,-0.0010060050206448477,0.0,6.419301984698513,6.419301984698513,0.0,0.0,3.4055240154266357,3.5559897422790527,False,False
4C16_A_MET258,36,major_only,A,B,17,60;-180;-180,-0.0018186596660334916,-0.0021039341919009357,-0.0003359514655273415,0.0,6.419301984698513,6.419301984698513,0.0,0.0,3.752124547958374,4.083432674407959,False,False
4C16_A_MET258,36,major_only,A,B,18,-180;-60;-90,-0.010882238952765442,-0.01077549605822418,-0.001694119118730221,0.0,6.419301984698513,6.419301984698513,0.0,0.0,2.9215381145477295,3.86810564994812,False,False
4C16_A_MET258,36,major_only,A,B,19,-180;-60;90,-0.010660216794407902,-0.010557099325806053,-0.0016468789271563817,0.0,6.419301984698513,6.419301984698513,0.0,0.0,2.9571261405944824,3.6172702312469482,False,False
4C16_A_MET258,36,major_only,A,B,20,-180;-60;-180,-0.010597391877662253,-0.010501262797181355,-0.0016483577932214892,0.0,6.419301984698513,6.419301984698513,0.0,0.0,2.496154308319092,3.6229264736175537,False,False
4C16_A_MET258,36,major_only,A,B,21,-180;60;-90,0.05119250592416888,0.047909048643822755,0.0071833150023463115,0.0071833150023463115,6.419301984698513,6.404567908869581,0.01473407582893227,0.002295276941956216,2.351581573486328,2.636122941970825,False,False
4C16_A_MET258,36,major_only,A,B,22,-180;60;90,0.029977673063034043,0.027723070545557473,0.004134852172181975,0.004134852172181975,6.419301984698513,6.4143683104993405,0.004933674199172344,0.0007685686404740869,1.4710540771484375,2.0276618003845215,False,False
4C16_A_MET258,36,major_only,A,B,23,-180;60;-180,0.07272966762339665,0.06814940271154533,0.01019372262843743,0.01019372262843743,6.419301984698513,6.389488556722242,0.02981342797627118,0.0046443410899403865,1.588424563407898,2.500725030899048,False,True
4C16_A_MET258,36,major_only,A,B,24,-180;-180;-90,-0.12903090469727788,-0.12166279351438099,-0.018145969852581153,0.0,6.419301984698513,6.419301984698513,0.0,0.0,0.9834959506988525,2.5445845127105713,True,False
4C16_A_MET258,36,major_only,A,B,25,-180;-180;90,-0.18396029765453373,-0.1743716764413509,-0.026243860745911583,0.0,6.419301984698513,6.419301984698513,0.0,0.0,2.0307700634002686,3.3451850414276123,False,False
4C16_A_MET258,36,major_only,A,B,26,-180;-180;-180,-0.16298585548275335,-0.1542144230556613,-0.023091977312484697,0.0,6.419301984698513,6.419301984698513,0.0,0.0,1.1374062299728394,2.9850289821624756,False,False
4C16_A_MET258,38,major_only,A,B,0,-60;-60;-90,-0.13746928600378433,-0.12735973243885076,-0.019587023380062678,0.0,6.825326641906644,6.825326641906644,0.0,0.0,2.1092395782470703,0.39867904782295227,False,False
4C16_A_MET258,38,major_only,A,B,1,-60;-60;90,-0.11809003479052371,-0.10967880249101015,-0.016933698913656123,0.0,6.825326641906644,6.825326641906644,0.0,0.0,3.285290479660034,1.6134138107299805,False,False
4C16_A_MET258,38,major_only,A,B,2,-60;-60;-180,-0.09220891838803527,-0.08514267479480248,-0.013117288587108172,0.0,6.825326641906644,6.825326641906644,0.0,0.0,2.9283454418182373,1.342873215675354,False,False
4C16_A_MET258,38,major_only,A,B,3,-60;60;-90,0.028267244481205753,0.028504320657906517,0.0045386617660742295,0.0045386617660742295,6.825326641906644,6.819781089289951,0.0055455526166925395,0.0008124962961689697,3.9793035984039307,2.480013608932495,False,False
4C16_A_MET258,38,major_only,A,B,4,-60;60;90,0.02843401982219921,0.028674899425785567,0.004589035554611559,0.004589035554611559,6.825326641906644,6.819714518050818,0.005612123855826212,0.000822249857079144,3.921316385269165,2.839181661605835,False,False
4C16_A_MET258,38,major_only,A,B,5,-60;60;-180,0.030889584401543227,0.031008675925230277,0.004945281253687657,0.004945281253687657,6.825326641906644,6.818763831096552,0.00656281081009169,0.0009615379826361512,3.812650442123413,2.4557745456695557,False,False
4C16_A_MET258,38,major_only,A,B,6,-60;-180;-90,0.030019989987446965,0.03005404117298357,0.004650180811740236,0.004650180811740236,6.825326641906644,6.819161697076449,0.006164944830194585,0.0009032453908275396,2.9952616691589355,2.6670432090759277,False,False
4C16_A_MET258,38,major_only,A,B,7,-60;-180;90,0.06702728760241672,0.06473745025821585,0.009956195556021499,0.009956195556021499,6.825326641906644,6.796722124765832,0.02860451714081158,0.0041909374659351035,1.7565711736679077,1.6608686447143555,False,False
4C16_A_MET258,38,major_only,A,B,8,-60;-180;-180,0.03177752981369924,0.03167808992773777,0.004882530286302037,0.004882530286302037,6.825326641906644,6.818477417192507,0.006849224714136959,0.001003501381469948,2.672133445739746,2.1682376861572266,False,False
4C16_A_MET258,38,major_only,A,B,9,60;-60;-90,0.0023579572995769803,0.003662748613366513,0.0007527031803675246,0.0007527031803675246,6.825326641906644,6.825235075184967,9.156672167698332e-05,1.3415727404865169e-05,4.277372360229492,3.76198410987854,False,False
4C16_A_MET258,38,major_only,A,B,10,60;-60;90,0.001891617278617744,0.0031555249688085783,0.0006718338796671066,0.0006718338796671066,6.825326641906644,6.825258679823477,6.79620831665062e-05,9.957337828965956e-06,4.711546421051025,4.169821739196777,False,False
4C16_A_MET258,38,major_only,A,B,11,60;-60;-180,0.0019060383996424802,0.0031655873470433377,0.0006767343232759962,0.0006767343232759962,6.825326641906644,6.825258245695689,6.83962109544467e-05,1.0020943251932092e-05,4.670394420623779,4.316339015960693,False,False
4C16_A_MET258,38,major_only,A,B,12,60;60;-90,0.0004218335776317164,0.0017362867571801626,0.00038282472526632105,0.00038282472526632105,6.825326641906644,6.825306065651045,2.0576255598925286e-05,3.0146917031911226e-06,4.513481616973877,4.469391822814941,False,False
4C16_A_MET258,38,major_only,A,B,13,60;60;90,-0.000437016612024282,0.0009642626480283024,0.0002045504018918371,0.0002045504018918371,6.825326641906644,6.825320295701179,6.346205465135313e-06,9.298024546064086e-07,3.7066688537597656,4.135365962982178,False,False
4C16_A_MET258,38,major_only,A,B,14,60;60;-180,0.0004317267649161137,0.001740322008382491,0.0003847257788583088,0.0003847257788583088,6.825326641906644,6.825305969898608,2.0672008036015654e-05,3.028720692881149e-06,4.422573089599609,4.612502098083496,False,False
4C16_A_MET258,38,major_only,A,B,15,60;-180;-90,-0.0392765855039211,-0.0359167128763671,-0.005707370275354354,0.0,6.825326641906644,6.825326641906644,0.0,0.0,2.9779553413391113,3.6063456535339355,False,False
4C16_A_MET258,38,major_only,A,B,16,60;-180;90,-0.017986700901474126,-0.015586150115117861,-0.0024644497453428513,0.0,6.825326641906644,6.825326641906644,0.0,0.0,3.4055240154266357,3.5559897422790527,False,False
4C16_A_MET258,38,major_only,A,B,17,60;-180;-180,-0.01870104345934456,-0.01649416733649257,-0.002715767591876659,0.0,6.825326641906644,6.825326641906644,0.0,0.0,3.752124547958374,4.083432674407959,False,False
4C16_A_MET258,38,major_only,A,B,18,-180;-60;-90,-0.04176361485066998,-0.03839319996495894,-0.006224132063442085,0.0,6.825326641906644,6.825326641906644,0.0,0.0,2.9215381145477295,3.86810564994812,False,False
4C16_A_MET258,38,major_only,A,B,19,-180;-60;90,-0.046746248637201386,-0.04309481194577142,-0.006932021030540052,0.0,6.825326641906644,6.825326641906644,0.0,0.0,2.9571261405944824,3.6172702312469482,False,False
4C16_A_MET258,38,major_only,A,B,20,-180;-60;-180,-0.046331714921282977,-0.04273927189257128,-0.006917591220975547,0.0,6.825326641906644,6.825326641906644,0.0,0.0,2.496154308319092,3.6229264736175537,False,False
4C16_A_MET258,38,major_only,A,B,21,-180;60;-90,0.056812614871792406,0.05533677126650296,0.008555373952628998,0.008555373952628998,6.825326641906644,6.804426411592509,0.020900230314135015,0.0030621582542013797,2.351581573486328,2.636122941970825,False,False
4C16_A_MET258,38,major_only,A,B,22,-180;60;90,0.1070331923860733,0.10231332447852354,0.01573506968551018,0.01573506968551018,6.825326641906644,6.753879010916909,0.07144763098973517,0.010468016365847713,1.4710540771484375,2.0276618003845215,False,True
4C16_A_MET258,38,major_only,A,B,23,-180;60;-180,0.07346446003824862,0.0709860951845025,0.01094868250995517,0.01094868250995517,6.825326641906644,6.7909336454820455,0.034392996424598365,0.005039025709543293,1.588424563407898,2.500725030899048,False,False
4C16_A_MET258,38,major_only,A,B,24,-180;-180;-90,-0.2194162158116263,-0.20437330741531679,-0.03143144815720752,0.0,6.825326641906644,6.825326641906644,0.0,0.0,0.9834959506988525,2.5445845127105713,True,False
4C16_A_MET258,38,major_only,A,B,25,-180;-180;90,-0.33794172994306065,-0.3178819980675779,-0.04933277354022616,0.0,6.825326641906644,6.825326641906644,0.0,0.0,2.0307700634002686,3.3451850414276123,False,False
4C16_A_MET258,38,major_only,A,B,26,-180;-180;-180,-0.2894243517372346,-0.2713858850014142,-0.04190262221281693,0.0,6.825326641906644,6.825326641906644,0.0,0.0,1.1374062299728394,2.9850289821624756,False,False
4C16_A_MET258,40,major_only,A,B,0,-60;-60;-90,-0.13016891337123407,-0.12138928700186984,-0.018614920562220836,0.0,6.785978610120264,6.785978610120264,0.0,0.0,2.1092395782470703,0.39867904782295227,False,False
4C16_A_MET258,40,major_only,A,B,1,-60;-60;90,-0.09893434358756399,-0.09246791245439206,-0.014235237252214164,0.0,6.785978610120264,6.785978610120264,0.0,0.0,3.285290479660034,1.6134138107299805,False,False
4C16_A_MET258,40,major_only,A,B,2,-60;-60;-180,-0.07446499659433548,-0.06929207197458907,-0.010644489908238675,0.0,6.785978610120264,6.785978610120264,0.0,0.0,2.9283454418182373,1.342873215675354,False,False
4C16_A_MET258,40,major_only,A,B,3,-60;60;-90,0.03756115378836137,0.03658207309088493,0.005808044835666525,0.005808044835666525,6.785978610120264,6.776897287331168,0.009081322789096014,0.0013382480716270738,3.9793035984039307,2.480013608932495,False,False
4C16_A_MET258,40,major_only,A,B,4,-60;60;90,0.03769347619960946,0.03673659745567183,0.005862231592802599,0.005862231592802599,6.785978610120264,6.776820405444045,0.009158204676218418,0.001349577592620221,3.921316385269165,2.839181661605835,False,False
4C16_A_MET258,40,major_only,A,B,5,-60;60;-180,0.040257067709089545,0.03916240840911922,0.0062276140434301035,0.0062276140434301035,6.785978610120264,6.775570993864713,0.010407616255550423,0.0015336942324028302,3.812650442123413,2.4557745456695557,False,False
4C16_A_MET258,40,major_only,A,B,6,-60;-180;-90,0.042950275066778114,0.04142479175524967,0.006391044177912777,0.006391044177912777,6.785978610120264,6.774333780083422,0.01164483003684147,0.0017160133719659773,2.9952616691589355,2.6670432090759277,False,False
4C16_A_MET258,40,major_only,A,B,7,-60;-180;90,0.08156290484256978,0.07750860027957975,0.011885904733307128,0.011885904733307128,6.785978610120264,6.745211279587748,0.0407673305325158,0.006007583117299762,1.7565711736679077,1.6608686447143555,False,True
4C16_A_MET258,40,major_only,A,B,8,-60;-180;-180,0.04455662735317918,0.04286288744038589,0.006587367689676373,0.006587367689676373,6.785978610120264,6.77351122618386,0.012467383936403564,0.0018372271197274837,2.672133445739746,2.1682376861572266,False,False
4C16_A_MET258,40,major_only,A,B,9,60;-60;-90,0.0028680144705928623,0.0034573057899232964,0.0007084332801873875,0.0007084332801873875,6.785978610120264,6.785897497566811,8.111255345255586e-05,1.1952963325228982e-05,4.277372360229492,3.76198410987854,False,False
4C16_A_MET258,40,major_only,A,B,10,60;-60;90,0.002332026153437237,0.002916860020554058,0.0006192277219890615,0.0006192277219890615,6.785978610120264,6.785920874523082,5.773559718136312e-05,8.508072379606264e-06,4.711546421051025,4.169821739196777,False,False
4C16_A_MET258,40,major_only,A,B,11,60;-60;-180,0.0023430618428942535,0.002925896594685447,0.0006236880157801761,0.0006236880157801761,6.785978610120264,6.785920516233569,5.8093886694976504e-05,8.560870882843372e-06,4.670394420623779,4.316339015960693,False,False
4C16_A_MET258,40,major_only,A,B,12,60;60;-90,0.0004897063894970647,0.0011370421622381765,0.00024997675066768633,0.00024997675066768633,6.785978610120264,6.785969836766849,8.77335341442631e-06,1.29286487896413e-06,4.513481616973877,4.469391822814941,False,False
4C16_A_MET258,40,major_only,A,B,13,60;60;90,-0.0004065181456040219,0.00030049613121770725,6.356066041016092e-05,6.356066041016092e-05,6.785978610120264,6.785977997360476,6.127597877991775e-07,9.029792503108375e-08,3.7066688537597656,4.135365962982178,False,False
4C16_A_MET258,40,major_only,A,B,14,60;60;-180,0.0004955995829884312,0.0011400580308116967,0.0002513003863908448,0.0002513003863908448,6.785978610120264,6.785969790164583,8.819955680472447e-06,1.2997323138211506e-06,4.422573089599609,4.612502098083496,False,False
4C16_A_MET258,40,major_only,A,B,15,60;-180;-90,-0.03891403035291743,-0.03634637410739484,-0.0057589735194114875,0.0,6.785978610120264,6.785978610120264,0.0,0.0,2.9779553413391113,3.6063456535339355,False,False
4C16_A_MET258,40,major_only,A,B,16,60;-180;90,-0.017467898278880074,-0.01587218948559887,-0.002502433090921893,0.0,6.785978610120264,6.785978610120264,0.0,0.0,3.4055240154266357,3.5559897422790527,False,False
4C16_A_MET258,40,major_only,A,B,17,60;-180;-180,-0.018280682876237218,-0.01681739610324565,-0.0027609941185522046,0.0,6.785978610120264,6.785978610120264,0.0,0.0,3.752124547958374,4.083432674407959,False,False
4C16_A_MET258,40,major_only,A,B,18,-180;-60;-90,-0.02011019600028449,-0.018459947780701973,-0.0029840045378543836,0.0,6.785978610120264,6.785978610120264,0.0,0.0,2.9215381145477295,3.86810564994812,False,False
4C16_A_MET258,40,major_only,A,B,19,-180;-60;90,-0.019490370716469977,-0.017841179165325318,-0.0028615606773026263,0.0,6.785978610120264,6.785978610120264,0.0,0.0,2.9571261405944824,3.6172702312469482,False,False
4C16_A_MET258,40,major_only,A,B,20,-180;-60;-180,-0.019508382918750462,-0.0178761498097155,-0.0028850030999793327,0.0,6.785978610120264,6.785978610120264,0.0,0.0,2.496154308319092,3.6229264736175537,False,False
4C16_A_MET258,40,major_only,A,B,21,-180;60;-90,-0.01363524364618696,-0.012022264183697142,-0.0018533437232838119,0.0,6.785978610120264,6.785978610120264,0.0,0.0,2.351581573486328,2.636122941970825,False,False
4C16_A_MET258,40,major_only,A,B,22,-180;60;90,0.027035888978088993,0.026281172030807043,0.004030191903218996,0.004030191903218996,6.785978610120264,6.781291534671771,0.00468707544849245,0.0006907000033130644,1.4710540771484375,2.0276618003845215,False,False
4C16_A_MET258,40,major_only,A,B,23,-180;60;-180,0.008495440413797007,0.008869314061600849,0.0013640275173304546,0.0013640275173304546,6.785978610120264,6.7854447929320605,0.0005338171882032228,7.866473192342736e-05,1.588424563407898,2.500725030899048,False,False
4C16_A_MET258,40,major_only,A,B,24,-180;-180;-90,-0.21509458109525562,-0.20119985956808728,-0.030854066693003265,0.0,6.785978610120264,6.785978610120264,0.0,0.0,0.9834959506988525,2.5445845127105713,True,False
4C16_A_MET258,40,major_only,A,B,25,-180;-180;90,-0.33776599641899374,-0.3185591644282457,-0.04929515369783368,0.0,6.785978610120264,6.785978610120264,0.0,0.0,2.0307700634002686,3.3451850414276123,False,False
4C16_A_MET258,40,major_only,A,B,26,-180;-180;-180,-0.2879247529421625,-0.27082884781846234,-0.04169590366558971,0.0,6.785978610120264,6.785978610120264,0.0,0.0,1.1374062299728394,2.9850289821624756,False,False
4C16_A_MET258,43,major_only,A,B,0,-60;-60;-90,0.10031333214636909,0.09557391281524416,0.01423030541442947,0.01423030541442947,6.397356342677043,6.338920504839393,0.058435837837649274,0.009134372810815814,2.1092395782470703,0.39867904782295227,False,False
4C16_A_MET258,43,major_only,A,B,1,-60;-60;90,0.10324240036514397,0.09868948379825837,0.014751580782392188,0.014751580782392188,6.397356342677043,6.335048559920331,0.06230778275671156,0.009739614212366698,3.285290479660034,1.6134138107299805,False,False
4C16_A_MET258,43,major_only,A,B,2,-60;-60;-180,0.14091773083458722,0.13407878150265076,0.019998406374842678,0.019998406374842678,6.397356342677043,6.282350302265941,0.1150060404111013,0.017977119649235575,2.9283454418182373,1.342873215675354,False,True
4C16_A_MET258,43,major_only,A,B,3,-60;60;-90,0.027133249822288045,0.027048729442187117,0.004169678256384898,0.004169678256384898,6.397356342677043,6.392675820773608,0.004680521903434709,0.0007316337644365288,3.9793035984039307,2.480013608932495,False,False
4C16_A_MET258,43,major_only,A,B,4,-60;60;90,0.02682526377196653,0.026769015491611675,0.00414753891110785,0.00414753891110785,6.397356342677043,6.392772123851014,0.004584218826028774,0.0007165801903900915,3.921316385269165,2.839181661605835,False,False
4C16_A_MET258,43,major_only,A,B,5,-60;60;-180,0.030007324431394596,0.02979405117209694,0.004600191216561891,0.004600191216561891,6.397356342677043,6.391677502307704,0.0056788403693381895,0.0008876854852455846,3.812650442123413,2.4557745456695557,False,False
4C16_A_MET258,43,major_only,A,B,6,-60;-180;-90,-0.16175991122167907,-0.15154669785108207,-0.02270136603946946,0.0,6.397356342677043,6.397356342677043,0.0,0.0,2.9952616691589355,2.6670432090759277,False,False
4C16_A_MET258,43,major_only,A,B,7,-60;-180;90,-0.1616475976663346,-0.15051624336922695,-0.022410923308321392,0.0,6.397356342677043,6.397356342677043,0.0,0.0,1.7565711736679077,1.6608686447143555,False,False
4C16_A_MET258,43,major_only,A,B,8,-60;-180;-180,-0.16383720712601832,-0.15313475388593112,-0.022850635058935653,0.0,6.397356342677043,6.397356342677043,0.0,0.0,2.672133445739746,2.1682376861572266,False,False
4C16_A_MET258,43,major_only,A,B,9,60;-60;-90,0.004329550187904251,0.005226993782600143,0.0010399373414906525,0.0010399373414906525,6.397356342677043,6.39718155753601,0.00017478514103252962,2.732146400326809e-05,4.277372360229492,3.76198410987854,False,False
4C16_A_MET258,43,major_only,A,B,10,60;-60;90,0.003572005632948049,0.004460622884767784,0.0009194420014216078,0.0009194420014216078,6.397356342677043,6.397229053476577,0.00012728920046534142,1.98971565201378e-05,4.711546421051025,4.169821739196777,False,False
4C16_A_MET258,43,major_only,A,B,11,60;-60;-180,0.0035891622546120696,0.00447473208286131,0.0009261247517069828,0.0009261247517069828,6.397356342677043,6.397228246957429,0.0001280957196136967,2.0023227213273174e-05,4.670394420623779,4.316339015960693,False,False
4C16_A_MET258,43,major_only,A,B,12,60;60;-90,0.0013377286623205793,0.0023022833810571754,0.0004914460583812417,0.0004914460583812417,6.397356342677043,6.397322433433665,3.390924337765e-05,5.300508766635362e-06,4.513481616973877,4.469391822814941,False,False
4C16_A_MET258,43,major_only,A,B,13,60;60;90,-0.00019151758453010505,0.0008681342491686023,0.00017829141594563174,0.00017829141594563174,6.397356342677043,6.397351521264177,4.821412865396724e-06,7.5365707444384e-07,3.7066688537597656,4.135365962982178,False,False
4C16_A_MET258,43,major_only,A,B,14,60;60;-180,0.0013469973731356675,0.002307338159417778,0.0004938231833097571,0.0004938231833097571,6.397356342677043,6.3973222843713256,3.405830571701074e-05,5.3238093819796e-06,4.422573089599609,4.612502098083496,False,False
4C16_A_MET258,43,major_only,A,B,15,60;-180;-90,-0.044044521904353706,-0.040837031217710144,-0.006282495399272827,0.0,6.397356342677043,6.397356342677043,0.0,0.0,2.9779553413391113,3.6063456535339355,False,False
4C16_A_MET258,43,major_only,A,B,16,60;-180;90,-0.017694223970501115,-0.015681942853810804,-0.0024005984957725934,0.0,6.397356342677043,6.397356342677043,0.0,0.0,3.4055240154266357,3.5559897422790527,False,False
4C16_A_MET258,43,major_only,A,B,17,60;-180;-180,-0.01835812630472921,-0.01651379304969345,-0.0026323740075456423,0.0,6.397356342677043,6.397356342677043,0.0,0.0,3.752124547958374,4.083432674407959,False,False
4C16_A_MET258,43,major_only,A,B,18,-180;-60;-90,0.0174833870231609,0.017863290145869355,0.0028036544855472097,0.0028036544855472097,6.397356342677043,6.395314964597572,0.0020413780794701353,0.0003190971348355278,2.9215381145477295,3.86810564994812,False,False
4C16_A_MET258,43,major_only,A,B,19,-180;-60;90,0.019651741397990002,0.019928922958851108,0.0031035393836981113,0.0031035393836981113,6.397356342677043,6.394815556027275,0.0025407866497673126,0.00039716197029976495,2.9571261405944824,3.6172702312469482,False,False
4C16_A_MET258,43,major_only,A,B,20,-180;-60;-180,0.01956379256444108,0.01984937886656201,0.0031103785463547588,0.0031103785463547588,6.397356342677043,6.394835798087437,0.002520544589605933,0.0003939978413882107,2.496154308319092,3.6229264736175537,False,False
4C16_A_MET258,43,major_only,A,B,21,-180;60;-90,-0.07914725905055447,-0.07342706004803866,-0.010990561281075966,0.0,6.397356342677043,6.397356342677043,0.0,0.0,2.351581573486328,2.636122941970825,False,False
4C16_A_MET258,43,major_only,A,B,22,-180;60;90,-0.043673096203961315,-0.039680288221026545,-0.0059081272835420735,0.0,6.397356342677043,6.397356342677043,0.0,0.0,1.4710540771484375,2.0276618003845215,False,False
4C16_A_MET258,43,major_only,A,B,23,-180;60;-180,-0.07706372102661607,-0.0713533616794821,-0.010654708318284911,0.0,6.397356342677043,6.397356342677043,0.0,0.0,1.588424563407898,2.500725030899048,False,False
4C16_A_MET258,43,major_only,A,B,24,-180;-180;-90,-0.1295294741982688,-0.1203500021031213,-0.017919458048184643,0.0,6.397356342677043,6.397356342677043,0.0,0.0,0.9834959506988525,2.5445845127105713,True,False
4C16_A_MET258,43,major_only,A,B,25,-180;-180;90,-0.2605892231891095,-0.245141254365081,-0.03683193652103391,0.0,6.397356342677043,6.397356342677043,0.0,0.0,2.0307700634002686,3.3451850414276123,False,False
4C16_A_MET258,43,major_only,A,B,26,-180;-180;-180,-0.2053003277672089,-0.19241961873698896,-0.028763507649688744,0.0,6.397356342677043,6.397356342677043,0.0,0.0,1.1374062299728394,2.9850289821624756,False,False
4C16_A_MET258,44,minor_only,B,A,0,-60;-60;-90,0.4016482706926562,0.3796585716272669,0.10294186886464447,0.10294186886464447,21.215267439206215,18.15728540347192,3.0579820357342946,0.14414063101005675,0.39867904782295227,2.1092395782470703,True,True
4C16_A_MET258,44,minor_only,B,A,1,-60;-60;90,0.2738773933739673,0.26064405503315996,0.070947891381732,0.070947891381732,21.215267439206215,19.774001384194346,1.4412660550118694,0.0679353234241291,1.6134138107299805,3.285290479660034,False,False
4C16_A_MET258,44,minor_only,B,A,2,-60;-60;-180,0.2628561340792918,0.24996806643042538,0.0678959469457776,0.0678959469457776,21.215267439206215,19.8896519422309,1.3256154969753169,0.062484034234965825,1.342873215675354,2.9283454418182373,False,False
4C16_A_MET258,44,minor_only,B,A,3,-60;60;-90,0.15228824436328428,0.14725127630404516,0.041336978322912374,0.041336978322912374,21.215267439206215,20.755258102751576,0.4600093364546396,0.021682938373170525,2.480013608932495,3.9793035984039307,False,False
4C16_A_MET258,44,minor_only,B,A,4,-60;60;90,0.15545882641773853,0.150401711785857,0.04243603838505279,0.04243603838505279,21.215267439206215,20.73536377137519,0.47990366783102445,0.022620674908116097,2.839181661605835,3.921316385269165,False,False
4C16_A_MET258,44,minor_only,B,A,5,-60;60;-180,0.09990870339644012,0.09735176538816503,0.027372479603824613,0.027372479603824613,21.215267439206215,21.014202580140676,0.20106485906553928,0.009477366224192282,2.4557745456695557,3.812650442123413,False,False
4C16_A_MET258,44,minor_only,B,A,6,-60;-180;-90,0.035652377588015136,0.03595675628672859,0.009808667310675409,0.009808667310675409,21.215267439206215,21.187838467671888,0.027428971534327218,0.0012928883226632326,2.6670432090759277,2.9952616691589355,False,False
4C16_A_MET258,44,minor_only,B,A,7,-60;-180;90,0.041100083564884975,0.04098808854450336,0.011113683609661877,0.011113683609661877,21.215267439206215,21.179625293417367,0.03564214578884872,0.0016800234025323368,1.6608686447143555,1.7565711736679077,False,False
4C16_A_MET258,44,minor_only,B,A,8,-60;-180;-180,-0.018138138569882868,-0.014782832687253939,-0.004017039991374375,0.0,21.215267439206215,21.215267439206215,0.0,0.0,2.1682376861572266,2.672133445739746,False,False
4C16_A_MET258,44,minor_only,B,A,9,60;-60;-90,0.014237277348117848,0.015580363918810363,0.005644906738217837,0.005644906738217837,21.215267439206215,21.21011748098519,0.005149958221025486,0.00024274773984268828,3.76198410987854,4.277372360229492,False,False
4C16_A_MET258,44,minor_only,B,A,10,60;-60;90,0.012655870031159908,0.014014001766290595,0.00526035414207229,0.00526035414207229,21.215267439206215,21.211100925194824,0.004166514011391342,0.0001963922455057788,4.169821739196777,4.711546421051025,False,False
4C16_A_MET258,44,minor_only,B,A,11,60;-60;-180,0.01270774750479246,0.014061170078533998,0.005299658668649975,0.005299658668649975,21.215267439206215,21.211072830697187,0.004194608509028086,0.00019771650397752564,4.316339015960693,4.670394420623779,False,False
4C16_A_MET258,44,minor_only,B,A,12,60;60;-90,0.007643262349840056,0.00917117084606013,0.003565051809922804,0.003565051809922804,21.215267439206215,21.213483015112804,0.0017844240934117295,8.41103746877157e-05,4.469391822814941,4.513481616973877,False,False
4C16_A_MET258,44,minor_only,B,A,13,60;60;90,0.007093326500409753,0.008694625336808554,0.0032517593721198856,0.0032517593721198856,21.215267439206215,21.213663639034447,0.0016038001717681993,7.559650974770868e-05,4.135365962982178,3.7066688537597656,False,False
4C16_A_MET258,44,minor_only,B,A,14,60;60;-180,0.007673010956467147,0.009194555201403104,0.0035835621007329157,0.0035835621007329157,21.215267439206215,21.213473903777807,0.0017935354284084326,8.45398453518406e-05,4.612502098083496,4.422573089599609,False,False
4C16_A_MET258,44,minor_only,B,A,15,60;-180;-90,-0.004904935752792484,-0.0025969079389730277,-0.0007275428139408748,0.0,21.215267439206215,21.215267439206215,0.0,0.0,3.6063456535339355,2.9779553413391113,False,False
4C16_A_MET258,44,minor_only,B,A,16,60;-180;90,-0.0024579896212567386,-0.00024699789358070053,-6.885522417394552e-05,0.0,21.215267439206215,21.215267439206215,0.0,0.0,3.5559897422790527,3.4055240154266357,False,False
4C16_A_MET258,44,minor_only,B,A,17,60;-180;-180,-0.0031921820446511114,-0.00111218444158315,-0.000322850568758791,0.0,21.215267439206215,21.215267439206215,0.0,0.0,4.083432674407959,3.752124547958374,False,False
4C16_A_MET258,44,minor_only,B,A,18,-180;-60;-90,-0.05577970802152367,-0.05126497589369297,-0.01465236675826098,0.0,21.215267439206215,21.215267439206215,0.0,0.0,3.86810564994812,2.9215381145477295,False,False
4C16_A_MET258,44,minor_only,B,A,19,-180;-60;90,-0.05550352935912808,-0.050927088154091145,-0.014442629231887218,0.0,21.215267439206215,21.215267439206215,0.0,0.0,3.6172702312469482,2.9571261405944824,False,False
4C16_A_MET258,44,minor_only,B,A,20,-180;-60;-180,-0.0559616159572438,-0.051414468867272925,-0.014671538733653783,0.0,21.215267439206215,21.215267439206215,0.0,0.0,3.6229264736175537,2.496154308319092,False,False
4C16_A_MET258,44,minor_only,B,A,21,-180;60;-90,-0.14401825402344703,-0.13367345117991944,-0.03643618323358633,0.0,21.215267439206215,21.215267439206215,0.0,0.0,2.636122941970825,2.351581573486328,False,False
4C16_A_MET258,44,minor_only,B,A,22,-180;60;90,-0.04194354729084983,-0.03702125262057706,-0.010038067655465385,0.0,21.215267439206215,21.215267439206215,0.0,0.0,2.0276618003845215,1.4710540771484375,False,False
4C16_A_MET258,44,minor_only,B,A,23,-180;60;-180,-0.14519001115130742,-0.13458019660803688,-0.036595886235439856,0.0,21.215267439206215,21.215267439206215,0.0,0.0,2.500725030899048,1.588424563407898,False,False
4C16_A_MET258,44,minor_only,B,A,24,-180;-180;-90,-0.09216288230815364,-0.08420989762018767,-0.02283315328823599,0.0,21.215267439206215,21.215267439206215,0.0,0.0,2.5445845127105713,0.9834959506988525,False,False
4C16_A_MET258,44,minor_only,B,A,25,-180;-180;90,-0.1253643785411614,-0.11628805001220399,-0.031817585645292,0.0,21.215267439206215,21.215267439206215,0.0,0.0,3.3451850414276123,2.0307700634002686,False,False
4C16_A_MET258,44,minor_only,B,A,26,-180;-180;-180,-0.1319288060671104,-0.12218706960924308,-0.033261492285936736,0.0,21.215267439206215,21.215267439206215,0.0,0.0,2.9850289821624756,1.1374062299728394,False,False
4C16_A_MET258,45,major_only,A,B,0,-60;-60;-90,-0.6819083771186126,-0.6413175010910391,-0.30538759749969213,0.0,65.43459826220267,65.43459826220267,0.0,0.0,2.1092395782470703,0.39867904782295227,False,False
4C16_A_MET258,45,major_only,A,B,1,-60;-60;90,-0.6320022661248373,-0.59690721625578,-0.2853500564947978,0.0,65.43459826220267,65.43459826220267,0.0,0.0,3.285290479660034,1.6134138107299805,False,False
4C16_A_MET258,45,major_only,A,B,2,-60;-60;-180,-0.6471789471791,-0.6104857818425077,-0.2912153999573127,0.0,65.43459826220267,65.43459826220267,0.0,0.0,2.9283454418182373,1.342873215675354,False,False
4C16_A_MET258,45,major_only,A,B,3,-60;60;-90,-0.1254137887138922,-0.1202179186252992,-0.05926909948458353,0.0,65.43459826220267,65.43459826220267,0.0,0.0,3.9793035984039307,2.480013608932495,False,False
4C16_A_MET258,45,major_only,A,B,4,-60;60;90,-0.12473363700500195,-0.11968278776529495,-0.059305260215418286,0.0,65.43459826220267,65.43459826220267,0.0,0.0,3.921316385269165,2.839181661605835,False,False
4C16_A_MET258,45,major_only,A,B,5,-60;60;-180,-0.12500541347746946,-0.11986788043295592,-0.059190580616489366,0.0,65.43459826220267,65.43459826220267,0.0,0.0,3.812650442123413,2.4557745456695557,False,False
4C16_A_MET258,45,major_only,A,B,6,-60;-180;-90,-0.06066109187101919,-0.05804712750155021,-0.027809276872636762,0.0,65.43459826220267,65.43459826220267,0.0,0.0,2.9952616691589355,2.6670432090759277,False,False
4C16_A_MET258,45,major_only,A,B,7,-60;-180;90,0.011631179279219483,0.010159437127228499,0.004837817430580148,0.004837817430580148,65.43459826220267,65.4278444849287,0.006753777273971195,0.0001032141627416763,1.7565711736679077,1.6608686447143555,False,False
4C16_A_MET258,45,major_only,A,B,8,-60;-180;-180,-0.06177571907720529,-0.0589817155321373,-0.0281478584749573,0.0,65.43459826220267,65.43459826220267,0.0,0.0,2.672133445739746,2.1682376861572266,False,False
4C16_A_MET258,45,major_only,A,B,9,60;-60;-90,-0.002288779274391162,-0.002808098837476369,-0.0017867797758800348,0.0,65.43459826220267,65.43459826220267,0.0,0.0,4.277372360229492,3.76198410987854,False,False
4C16_A_MET258,45,major_only,A,B,10,60;-60;90,-0.001912368955609405,-0.0024241274319891635,-0.0015980402956159467,0.0,65.43459826220267,65.43459826220267,0.0,0.0,4.711546421051025,4.169821739196777,False,False
4C16_A_MET258,45,major_only,A,B,11,60;-60;-180,-0.0019221438341083228,-0.00243213465929398,-0.001609880053084129,0.0,65.43459826220267,65.43459826220267,0.0,0.0,4.670394420623779,4.316339015960693,False,False
4C16_A_MET258,45,major_only,A,B,12,60;60;-90,-0.0007852503171157954,-0.0013353610944740048,-0.0009116313373643402,0.0,65.43459826220267,65.43459826220267,0.0,0.0,4.513481616973877,4.469391822814941,False,False
4C16_A_MET258,45,major_only,A,B,13,60;60;90,-0.0006244667511297102,-0.0012026800336663054,-0.0007899454356805863,0.0,65.43459826220267,65.43459826220267,0.0,0.0,3.7066688537597656,4.135365962982178,False,False
4C16_A_MET258,45,major_only,A,B,14,60;60;-180,-0.0007913420943945753,-0.0013390259820461737,-0.0009165426502665959,0.0,65.43459826220267,65.43459826220267,0.0,0.0,4.422573089599609,4.612502098083496,False,False
4C16_A_MET258,45,major_only,A,B,15,60;-180;-90,0.0012437565432387651,0.0005142051229561174,0.00025299845283565064,0.00025299845283565064,65.43459826220267,65.43458096084285,1.7301359818588935e-05,2.644069082423451e-07,2.9779553413391113,3.6063456535339355,False,False
4C16_A_MET258,45,major_only,A,B,16,60;-180;90,0.00048180691288165947,-0.00021752444218804925,-0.0001064954800141428,0.0,65.43459826220267,65.43459826220267,0.0,0.0,3.4055240154266357,3.5559897422790527,False,False
4C16_A_MET258,45,major_only,A,B,17,60;-180;-180,0.0008161744671545423,0.0001532305498410497,7.811772107887005e-05,7.811772107887005e-05,65.43459826220267,65.43459672582439,1.5363782779331814e-06,2.3479601292526734e-08,3.752124547958374,4.083432674407959,False,False
4C16_A_MET258,45,major_only,A,B,18,-180;-60;-90,0.08417951602168834,0.07979027897645502,0.04005128657931652,0.04005128657931652,65.43459826220267,65.01800963706835,0.4165886251343238,0.006366488619140191,2.9215381145477295,3.86810564994812,False,False
4C16_A_MET258,45,major_only,A,B,19,-180;-60;90,0.08384834197203692,0.07938731260366898,0.03953920950002193,0.03953920950002193,65.43459826220267,65.02220682268485,0.412391439517819,0.006302345402432627,2.9571261405944824,3.6172702312469482,False,False
4C16_A_MET258,45,major_only,A,B,20,-180;-60;-180,0.08436751409269261,0.07994150283328985,0.04006287241213249,0.04006287241213249,65.43459826220267,65.01642904758921,0.4181692146134566,0.0063906438752449075,2.496154308319092,3.6229264736175537,False,False
4C16_A_MET258,45,major_only,A,B,21,-180;60;-90,0.13116458451452565,0.12309039493002764,0.05892388137135661,0.05892388137135661,65.43459826220267,64.4431826112527,0.9914156509499747,0.015151245324029923,2.351581573486328,2.636122941970825,False,False
4C16_A_MET258,45,major_only,A,B,22,-180;60;90,0.11847531828187835,0.110524838253344,0.052630604974733014,0.052630604974733014,65.43459826220267,64.63526623127295,0.7993320309297189,0.012215739870927599,1.4710540771484375,2.0276618003845215,False,False
4C16_A_MET258,45,major_only,A,B,23,-180;60;-180,0.13877164824215862,0.13009649354917804,0.062129257938985064,0.062129257938985064,65.43459826220267,64.327111297987,1.107486964215667,0.01692509763379094,1.588424563407898,2.500725030899048,False,False
4C16_A_MET258,45,major_only,A,B,24,-180;-180;-90,0.4120950547435619,0.38639996837622353,0.18400062571833506,0.18400062571833506,65.43459826220267,55.664889785195,9.769708477007669,0.14930493556114635,0.9834959506988525,2.5445845127105713,True,True
4C16_A_MET258,45,major_only,A,B,25,-180;-180;90,0.2914676893891963,0.2748890946449583,0.13208974732915554,0.13208974732915554,65.43459826220267,60.49009733982194,4.944500922380726,0.07556401435472469,2.0307700634002686,3.3451850414276123,False,False
4C16_A_MET258,45,major_only,A,B,26,-180;-180;-180,0.30553934244639286,0.28756228633171416,0.1374763121199904,0.1374763121199904,65.43459826220267,60.02367597910483,5.41092228309784,0.08269206852032251,1.1374062299728394,2.9850289821624756,False,False
4C16_A_MET258,46,minor_only,B,A,0,-60;-60;-90,0.2559524878931331,0.24181038486486323,0.07180465058222398,0.07180465058222398,25.445212536666315,23.95737339676262,1.487839139903695,0.05847226222849319,0.39867904782295227,2.1092395782470703,True,True
4C16_A_MET258,46,minor_only,B,A,1,-60;-60;90,0.16670405013664477,0.1585888548077691,0.047276260583956,0.047276260583956,25.445212536666315,24.805254630481052,0.6399579061852627,0.025150424869239716,1.6134138107299805,3.285290479660034,False,False
4C16_A_MET258,46,minor_only,B,A,2,-60;-60;-180,0.15625276097993449,0.148563577681427,0.044192691690027416,0.044192691690027416,25.445212536666315,24.883607774609878,0.5616047620564366,0.02207113661350517,1.342873215675354,2.9283454418182373,False,False
4C16_A_MET258,46,minor_only,B,A,3,-60;60;-90,0.0967558766325242,0.09344394845364408,0.02872828010102497,0.02872828010102497,25.445212536666315,25.223030754960863,0.22218178170545144,0.0087317715026074,2.480013608932495,3.9793035984039307,False,False
4C16_A_MET258,46,minor_only,B,A,4,-60;60;90,0.09218996714991051,0.0891682842739448,0.02755314962619783,0.02755314962619783,25.445212536666315,25.242898086382375,0.20231445028393935,0.00795098292035903,2.839181661605835,3.921316385269165,False,False
4C16_A_MET258,46,minor_only,B,A,5,-60;60;-180,0.05224117581497392,0.05102731718459947,0.015712736617150162,0.015712736617150162,25.445212536666315,25.37895862053056,0.0662539161357536,0.0026037870990577236,2.4557745456695557,3.812650442123413,False,False
4C16_A_MET258,46,minor_only,B,A,6,-60;-180;-90,-0.0910021171149383,-0.08465795238339076,-0.025291584819900112,0.0,25.445212536666315,25.445212536666315,0.0,0.0,2.6670432090759277,2.9952616691589355,False,False
4C16_A_MET258,46,minor_only,B,A,7,-60;-180;90,-0.0890347492855984,-0.08226186574862118,-0.024427425896836694,0.0,25.445212536666315,25.445212536666315,0.0,0.0,1.6608686447143555,1.7565711736679077,False,False
4C16_A_MET258,46,minor_only,B,A,8,-60;-180;-180,-0.1262991723146911,-0.1177118850360546,-0.03503060148031013,0.0,25.445212536666315,25.445212536666315,0.0,0.0,2.1682376861572266,2.672133445739746,False,False
4C16_A_MET258,46,minor_only,B,A,9,60;-60;-90,0.008953802614984147,0.00970974468934905,0.003852705121407798,0.003852705121407798,25.445212536666315,25.442813583862076,0.002398952804238519,9.427914193216701e-05,3.76198410987854,4.277372360229492,False,False
4C16_A_MET258,46,minor_only,B,A,10,60;-60;90,0.011740009199768576,0.0123823260477348,0.00509018816302569,0.00509018816302569,25.445212536666315,25.441311225831694,0.0039013108346210856,0.0001533219983523161,4.169821739196777,4.711546421051025,False,False
4C16_A_MET258,46,minor_only,B,A,11,60;-60;-180,0.011778592713283697,0.012418859173899953,0.005126098253418652,0.005126098253418652,25.445212536666315,25.44128817081955,0.003924365846764033,0.00015422806318119992,4.316339015960693,4.670394420623779,False,False
4C16_A_MET258,46,minor_only,B,A,12,60;60;-90,0.008311915443199615,0.009069958322572421,0.0038612252655676337,0.0038612252655676337,25.445212536666315,25.443119308038774,0.0020932286275403555,8.226414397301782e-05,4.469391822814941,4.513481616973877,False,False
4C16_A_MET258,46,minor_only,B,A,13,60;60;90,0.007981695324739482,0.008771237261328007,0.0035925859986072543,0.0035925859986072543,25.445212536666315,25.443254919339154,0.001957617327160932,7.693460309439443e-05,4.135365962982178,3.7066688537597656,False,False
4C16_A_MET258,46,minor_only,B,A,14,60;60;-180,0.008337031714873195,0.00909223856435183,0.0038809122098231704,0.0038809122098231704,25.445212536666315,25.443109011426447,0.0021035252398675652,8.266880211106136e-05,4.612502098083496,4.422573089599609,False,False
4C16_A_MET258,46,minor_only,B,A,15,60;-180;-90,-0.006693217563648381,-0.005174278324950657,-0.0015875615543055794,0.0,25.445212536666315,25.445212536666315,0.0,0.0,3.6063456535339355,2.9779553413391113,False,False
4C16_A_MET258,46,minor_only,B,A,16,60;-180;90,-0.016786224853723726,-0.014782895425525605,-0.004513172546372783,0.0,25.445212536666315,25.445212536666315,0.0,0.0,3.5559897422790527,3.4055240154266357,False,False
4C16_A_MET258,46,minor_only,B,A,17,60;-180;-180,-0.00691953889044471,-0.005505822191733018,-0.0017503532621607023,0.0,25.445212536666315,25.445212536666315,0.0,0.0,4.083432674407959,3.752124547958374,False,False
4C16_A_MET258,46,minor_only,B,A,18,-180;-60;-90,0.030115245965348234,0.02996800009670618,0.009380447792546145,0.009380447792546145,25.445212536666315,25.422360673988003,0.022851862678312074,0.0008980810297961847,3.86810564994812,2.9215381145477295,False,False
4C16_A_MET258,46,minor_only,B,A,19,-180;-60;90,0.029936018359757517,0.029780656494190625,0.009249334164753898,0.009249334164753898,25.445212536666315,25.422645495701534,0.02256704096478046,0.000886887501224899,3.6172702312469482,2.9571261405944824,False,False
4C16_A_MET258,46,minor_only,B,A,20,-180;-60;-180,0.03004387947848096,0.0298945270346058,0.009342450028384063,0.009342450028384063,25.445212536666315,25.422472589238147,0.02273994742816754,0.0008936827466227482,3.6229264736175537,2.496154308319092,False,False
4C16_A_MET258,46,minor_only,B,A,21,-180;60;-90,-0.12345497248364659,-0.1152199844587754,-0.03439492089028958,0.0,25.445212536666315,25.445212536666315,0.0,0.0,2.636122941970825,2.351581573486328,False,False
4C16_A_MET258,46,minor_only,B,A,22,-180;60;90,-0.06397067793528129,-0.058709229891916834,-0.01743348365683313,0.0,25.445212536666315,25.445212536666315,0.0,0.0,2.0276618003845215,1.4710540771484375,False,False
4C16_A_MET258,46,minor_only,B,A,23,-180;60;-180,-0.12718271601158718,-0.1185715423537485,-0.03531102834585392,0.0,25.445212536666315,25.445212536666315,0.0,0.0,2.500725030899048,1.588424563407898,False,False
4C16_A_MET258,46,minor_only,B,A,24,-180;-180;-90,0.19311601158271616,0.18281480513411832,0.05428663254238964,0.05428663254238964,25.445212536666315,24.594801651444563,0.850410885221752,0.0334212529762256,2.5445845127105713,0.9834959506988525,False,False
4C16_A_MET258,46,minor_only,B,A,25,-180;-180;90,0.15702151379581433,0.1497937856112303,0.044885360351010914,0.044885360351010914,25.445212536666315,24.874268323234695,0.5709442134316198,0.022438178207743187,3.3451850414276123,2.0307700634002686,False,False
4C16_A_MET258,46,minor_only,B,A,26,-180;-180;-180,0.1675807808341628,0.1594622074674282,0.047539328014023684,0.047539328014023684,25.445212536666315,24.798186694936142,0.6470258417301729,0.025428195610385042,2.9850289821624756,1.1374062299728394,False,False
4C16_A_MET258,47,minor_only,B,A,0,-60;-60;-90,0.2712498820865139,0.2558849114955486,0.06908314841753627,0.06908314841753627,21.033217893900005,19.656024036387446,1.3771938575125588,0.06547708793108489,0.39867904782295227,2.1092395782470703,True,True
4C16_A_MET258,47,minor_only,B,A,1,-60;-60;90,0.21013128695075295,0.19926760102267133,0.05400785963050142,0.05400785963050142,21.033217893900005,20.198039778662316,0.8351781152376887,0.039707576817330684,1.6134138107299805,3.285290479660034,False,False
4C16_A_MET258,47,minor_only,B,A,2,-60;-60;-180,0.1944365115396655,0.18424941158639316,0.049830361015744326,0.049830361015744326,21.033217893900005,20.31918545889583,0.7140324350041745,0.03394784566993223,1.342873215675354,2.9283454418182373,False,False
4C16_A_MET258,47,minor_only,B,A,3,-60;60;-90,0.1669876748069893,0.1601259841546364,0.04475793862475981,0.04475793862475981,21.033217893900005,20.493919229280564,0.5392986646194409,0.025640330801491234,2.480013608932495,3.9793035984039307,False,False
4C16_A_MET258,47,minor_only,B,A,4,-60;60;90,0.17276338583772027,0.16578773102728714,0.046576092143027985,0.046576092143027985,21.033217893900005,20.455107874150826,0.5781100197491789,0.027485571759176264,2.839181661605835,3.921316385269165,False,False
4C16_A_MET258,47,minor_only,B,A,5,-60;60;-180,0.16915420788089722,0.1622439637387449,0.04542212648529627,0.04542212648529627,21.033217893900005,20.47955831666902,0.5536595772309845,0.02632310376965929,2.4557745456695557,3.812650442123413,False,False
4C16_A_MET258,47,minor_only,B,A,6,-60;-180;-90,-0.022776672923509877,-0.020480750332302358,-0.005562934755863986,0.0,21.033217893900005,21.033217893900005,0.0,0.0,2.6670432090759277,2.9952616691589355,False,False
4C16_A_MET258,47,minor_only,B,A,7,-60;-180;90,-0.037718366952291735,-0.03434816332496199,-0.009273261088656622,0.0,21.033217893900005,21.033217893900005,0.0,0.0,1.6608686447143555,1.7565711736679077,False,False
4C16_A_MET258,47,minor_only,B,A,8,-60;-180;-180,-0.029359343943200278,-0.026617914485813698,-0.007201966954290073,0.0,21.033217893900005,21.033217893900005,0.0,0.0,2.1682376861572266,2.672133445739746,False,False
4C16_A_MET258,47,minor_only,B,A,9,60;-60;-90,0.015404918272669446,0.015689225119621925,0.005659906714793837,0.005659906714793837,21.033217893900005,21.028040529774188,0.005177364125817263,0.00024615178485450805,3.76198410987854,4.277372360229492,False,False
4C16_A_MET258,47,minor_only,B,A,10,60;-60;90,0.013473999063109027,0.013836234785955616,0.005171295357782329,0.005171295357782329,21.033217893900005,21.029191265366023,0.004026628533981835,0.00019144139305235015,4.169821739196777,4.711546421051025,False,False
4C16_A_MET258,47,minor_only,B,A,11,60;-60;-180,0.0135218195342016,0.013882797061358067,0.005209931558334085,0.005209931558334085,21.033217893900005,21.029164118607888,0.0040537752921174786,0.0001927320542470652,4.316339015960693,4.670394420623779,False,False
4C16_A_MET258,47,minor_only,B,A,12,60;60;-90,0.008099245572122955,0.008642509968951374,0.0033451034722714918,0.0033451034722714918,21.033217893900005,21.031646860206727,0.0015710336932777125,7.469297856384302e-05,4.469391822814941,4.513481616973877,False,False
4C16_A_MET258,47,minor_only,B,A,13,60;60;90,0.0073634415492031665,0.007944266263683959,0.0029583525291356173,0.0029583525291356173,21.033217893900005,21.03189045877749,0.0013274351225156522,6.311136646859115e-05,4.135365962982178,3.7066688537597656,False,False
4C16_A_MET258,47,minor_only,B,A,14,60;60;-180,0.008123870115411625,0.008665197037725733,0.0033627242672652287,0.0033627242672652287,21.033217893900005,21.031638601279433,0.0015792926205726587,7.508563970283789e-05,4.612502098083496,4.422573089599609,False,False
4C16_A_MET258,47,minor_only,B,A,15,60;-180;-90,0.0020248271435537417,0.002883091353181551,0.0008042461860834469,0.0008042461860834469,21.033217893900005,21.033043061254933,0.00017483264507234253,8.312215751021482e-06,3.6063456535339355,2.9779553413391113,False,False
4C16_A_MET258,47,minor_only,B,A,16,60;-180;90,0.005748700136128469,0.006438088666732954,0.0017870191464078567,0.0017870191464078567,21.033217893900005,21.032346088352696,0.0008718055473089237,4.1448985680967166e-05,3.5559897422790527,3.4055240154266357,False,False
4C16_A_MET258,47,minor_only,B,A,17,60;-180;-180,0.0045121516893329855,0.005221827891676383,0.0015093011366111863,0.0015093011366111863,21.033217893900005,21.03264437091439,0.0005735229856149715,2.726748653049912e-05,4.083432674407959,3.752124547958374,False,False
4C16_A_MET258,47,minor_only,B,A,18,-180;-60;-90,-0.028234459125088394,-0.026049947603907598,-0.007413486182849592,0.0,21.033217893900005,21.033217893900005,0.0,0.0,3.86810564994812,2.9215381145477295,False,False
4C16_A_MET258,47,minor_only,B,A,19,-180;-60;90,-0.027289909392608586,-0.02511162585995657,-0.007090891728458754,0.0,21.033217893900005,21.033217893900005,0.0,0.0,3.6172702312469482,2.9571261405944824,False,False
4C16_A_MET258,47,minor_only,B,A,20,-180;-60;-180,-0.02783670975865494,-0.025657991228355582,-0.007290235674678034,0.0,21.033217893900005,21.033217893900005,0.0,0.0,3.6229264736175537,2.496154308319092,False,False
4C16_A_MET258,47,minor_only,B,A,21,-180;60;-90,0.03981540011040303,0.03863413611532151,0.010485460951458426,0.010485460951458426,21.033217893900005,21.00182378704779,0.031394106852214776,0.0014925964733774571,2.636122941970825,2.351581573486328,False,False
4C16_A_MET258,47,minor_only,B,A,22,-180;60;90,0.09846703935331058,0.09358464792901812,0.02526575178541603,0.02526575178541603,21.033217893900005,20.849007155829625,0.18421073807038013,0.008758086327998552,2.0276618003845215,1.4710540771484375,False,False
4C16_A_MET258,47,minor_only,B,A,23,-180;60;-180,0.04222444931914368,0.040868303148238035,0.01106537971642842,0.01106537971642842,21.033217893900005,20.99808783052243,0.03513006337757574,0.0016702182022164122,2.500725030899048,1.588424563407898,False,False
4C16_A_MET258,47,minor_only,B,A,24,-180;-180;-90,-0.14508695735091318,-0.1352241117467528,-0.03650778593079216,0.0,21.033217893900005,21.033217893900005,0.0,0.0,2.5445845127105713,0.9834959506988525,False,False
4C16_A_MET258,47,minor_only,B,A,25,-180;-180;90,-0.187128178913149,-0.17592030104056733,-0.04792660859245416,0.0,21.033217893900005,21.033217893900005,0.0,0.0,3.3451850414276123,2.0307700634002686,False,False
4C16_A_MET258,47,minor_only,B,A,26,-180;-180;-180,-0.185047247337704,-0.17355841665434663,-0.04704254025990538,0.0,21.033217893900005,21.033217893900005,0.0,0.0,2.9850289821624756,1.1374062299728394,False,False
4C16_A_MET258,48,minor_only,B,A,0,-60;-60;-90,0.33901166179543024,0.31980426100613907,0.08487391464899627,0.08487391464899627,20.32501189719886,18.246276074520736,2.078735822678123,0.10227476535768272,0.39867904782295227,2.1092395782470703,True,True
4C16_A_MET258,48,minor_only,B,A,1,-60;-60;90,0.285808679915797,0.2709125521724347,0.07217918022633948,0.07217918022633948,20.32501189719886,18.833285881978348,1.491726015220511,0.07339361092458188,1.6134138107299805,3.285290479660034,False,False
4C16_A_MET258,48,minor_only,B,A,2,-60;-60;-180,0.2788722861865333,0.2640614619834151,0.07020297088712552,0.07020297088712552,20.32501189719886,18.90778020542512,1.4172316917737398,0.0697284557048185,1.342873215675354,2.9283454418182373,False,False
4C16_A_MET258,48,minor_only,B,A,3,-60;60;-90,0.16029637828748688,0.15398442003835605,0.04231044468903499,0.04231044468903499,20.32501189719886,19.843081442286277,0.48193045491258246,0.023711201614548667,2.480013608932495,3.9793035984039307,False,False
4C16_A_MET258,48,minor_only,B,A,4,-60;60;90,0.16464868732564344,0.15827922291053986,0.04371164117556466,0.04371164117556466,20.32501189719886,19.815823349511554,0.5091885476873053,0.025052312405164215,2.839181661605835,3.921316385269165,False,False
4C16_A_MET258,48,minor_only,B,A,5,-60;60;-180,0.10769764285522962,0.10388089255890438,0.028588879271167097,0.028588879271167097,20.32501189719886,20.105679819089026,0.2193320781098329,0.010791239838834274,2.4557745456695557,3.812650442123413,False,False
4C16_A_MET258,48,minor_only,B,A,6,-60;-180;-90,0.05129154405667719,0.04975589789433166,0.013285111835501988,0.013285111835501988,20.32501189719886,20.27469429419319,0.05031760300567001,0.0024756493752707055,2.6670432090759277,2.9952616691589355,False,False
4C16_A_MET258,48,minor_only,B,A,7,-60;-180;90,0.05809238054495728,0.05592989875185496,0.014843473625314726,0.014843473625314726,20.32501189719886,20.261432138583064,0.0635797586157949,0.0031281535743926084,1.6608686447143555,1.7565711736679077,False,False
4C16_A_MET258,48,minor_only,B,A,8,-60;-180;-180,-0.002850575778582546,-0.0013676529582328741,-0.00036376051142342696,0.0,20.32501189719886,20.32501189719886,0.0,0.0,2.1682376861572266,2.672133445739746,False,False
4C16_A_MET258,48,minor_only,B,A,9,60;-60;-90,0.015027516046478166,0.015536919806229796,0.0055097925391012015,0.0055097925391012015,20.32501189719886,20.320105523125576,0.004906374073282649,0.0002413958770650871,3.76198410987854,4.277372360229492,False,False
4C16_A_MET258,48,minor_only,B,A,10,60;-60;90,0.013342115320242483,0.013910098861990525,0.0051106269479584635,0.0051106269479584635,20.32501189719886,20.32107919336349,0.00393270383536759,0.00019349085035023203,4.169821739196777,4.711546421051025,False,False
4C16_A_MET258,48,minor_only,B,A,11,60;-60;-180,0.013390457436825778,0.013956484681905716,0.005148653082473,0.005148653082473,20.32501189719886,20.32105292096194,0.0039589762369196535,0.00019478346467611513,4.316339015960693,4.670394420623779,False,False
4C16_A_MET258,48,minor_only,B,A,12,60;60;-90,0.008058316481907466,0.00880445441554047,0.0033499217299994863,0.0033499217299994863,20.32501189719886,20.323436334439798,0.0015755627590614552,7.751841755519932e-05,4.469391822814941,4.513481616973877,False,False
4C16_A_MET258,48,minor_only,B,A,13,60;60;90,0.0074780058128399345,0.008264704023716115,0.0030254221504671806,0.0030254221504671806,20.32501189719886,20.323623590501136,0.001388306697723607,6.83053325993349e-05,4.135365962982178,3.7066688537597656,False,False
4C16_A_MET258,48,minor_only,B,A,14,60;60;-180,0.008083621867353391,0.00882693067204239,0.003367325310991991,0.003367325310991991,20.32501189719886,20.323428279890962,0.0015836173078973559,7.791470508883717e-05,4.612502098083496,4.422573089599609,False,False
4C16_A_MET258,48,minor_only,B,A,15,60;-180;-90,-0.009822539511431567,-0.00818319437074114,-0.0022439646812388264,0.0,20.32501189719886,20.32501189719886,0.0,0.0,3.6063456535339355,2.9779553413391113,False,False
4C16_A_MET258,48,minor_only,B,A,16,60;-180;90,-0.006961554450836855,-0.005441492058199174,-0.00148474815909146,0.0,20.32501189719886,20.32501189719886,0.0,0.0,3.5559897422790527,3.4055240154266357,False,False
4C16_A_MET258,48,minor_only,B,A,17,60;-180;-180,-0.007682453412459668,-0.006260288331641324,-0.0017787308002660896,0.0,20.32501189719886,20.32501189719886,0.0,0.0,4.083432674407959,3.752124547958374,False,False
4C16_A_MET258,48,minor_only,B,A,18,-180;-60;-90,-0.0668222917625872,-0.06269728683821553,-0.017539892193572455,0.0,20.32501189719886,20.32501189719886,0.0,0.0,3.86810564994812,2.9215381145477295,False,False
4C16_A_MET258,48,minor_only,B,A,19,-180;-60;90,-0.06626730041811776,-0.062091861210725414,-0.017235474484316917,0.0,20.32501189719886,20.32501189719886,0.0,0.0,3.6172702312469482,2.9571261405944824,False,False
4C16_A_MET258,48,minor_only,B,A,20,-180;-60;-180,-0.0666001169269652,-0.06246030460602604,-0.01744558581659276,0.0,20.32501189719886,20.32501189719886,0.0,0.0,3.6229264736175537,2.496154308319092,False,False
4C16_A_MET258,48,minor_only,B,A,21,-180;60;-90,-0.07927481757472916,-0.07353713439375771,-0.01961939304224994,0.0,20.32501189719886,20.32501189719886,0.0,0.0,2.636122941970825,2.351581573486328,False,False
4C16_A_MET258,48,minor_only,B,A,22,-180;60;90,-0.040083874039518755,-0.03629791791747439,-0.009633228733400334,0.0,20.32501189719886,20.32501189719886,0.0,0.0,2.0276618003845215,1.4710540771484375,False,False
4C16_A_MET258,48,minor_only,B,A,23,-180;60;-180,-0.06685065402985019,-0.06171342093646159,-0.016425624123135207,0.0,20.32501189719886,20.32501189719886,0.0,0.0,2.500725030899048,1.588424563407898,False,False
4C16_A_MET258,48,minor_only,B,A,24,-180;-180;-90,-0.11637492988696947,-0.10798049189337564,-0.02865755953109743,0.0,20.32501189719886,20.32501189719886,0.0,0.0,2.5445845127105713,0.9834959506988525,False,False
4C16_A_MET258,48,minor_only,B,A,25,-180;-180;90,-0.16415690547437034,-0.15394317006252684,-0.04122718746188212,0.0,20.32501189719886,20.32501189719886,0.0,0.0,3.3451850414276123,2.0307700634002686,False,False
4C16_A_MET258,48,minor_only,B,A,26,-180;-180;-180,-0.15192831448885638,-0.14204816050800811,-0.037848026893417416,0.0,20.32501189719886,20.32501189719886,0.0,0.0,2.9850289821624756,1.1374062299728394,False,False
5DBA_A_TRP325,1,minor_only,A,B,0,-60;0,0.04270064200974468,0.0316932535134548,0.01573896167289004,0.01573896167289004,63.17402883458152,63.110572903124,0.06345593145751849,0.0010044623182680831,1.7612786293029785,3.7681643962860107,False,False
5DBA_A_TRP325,1,minor_only,A,B,1,-60;-105,-0.15755120740822867,-0.14408490655199355,-0.08679803002847045,0.0,63.17402883458152,63.17402883458152,0.0,0.0,3.889108180999756,4.824881553649902,False,False
5DBA_A_TRP325,1,minor_only,A,B,2,-60;105,-0.24386929885805958,-0.20564579672447253,-0.09925014115182305,0.0,63.17402883458152,63.17402883458152,0.0,0.0,2.9843642711639404,2.226015090942383,False,False
5DBA_A_TRP325,1,minor_only,A,B,3,60;0,0.07010909467359255,0.06338816087033697,0.06612862795742588,0.06612862795742588,63.17402883458152,62.92019186334018,0.2538369712413413,0.0040180589385236535,4.741283416748047,6.075785160064697,False,False
5DBA_A_TRP325,1,minor_only,A,B,4,60;-105,0.004390732873260876,0.0018240103006144919,0.0023850499766315206,0.0023850499766315206,63.17402883458152,63.173818653729896,0.00021018085162438638,3.3270135766508717e-06,5.925676345825195,6.342606544494629,False,False
5DBA_A_TRP325,1,minor_only,A,B,5,60;105,0.004439558211078016,0.0018615313100988596,0.0024314993848075558,0.0024314993848075558,63.17402883458152,63.173809917694044,0.00021891688747643911,3.4652988184379307e-06,5.876623153686523,6.760800838470459,False,False
5DBA_A_TRP325,1,minor_only,A,B,6,-180;0,0.15012943196639897,0.12706439088465937,0.0669367101061362,0.0669367101061362,63.17402883458152,62.15406143234983,1.0199674022316927,0.016145359430889447,2.9983744621276855,4.138230800628662,False,True
5DBA_A_TRP325,1,minor_only,A,B,7,-180;-105,-0.3297586685192173,-0.2849438799523073,-0.1425613033842221,0.0,63.17402883458152,63.17402883458152,0.0,0.0,3.803581476211548,2.773879051208496,False,False
5DBA_A_TRP325,1,minor_only,A,B,8,-180;105,-0.025101316208213067,-0.026256092069424725,-0.017028947854193174,0.0,63.17402883458152,63.17402883458152,0.0,0.0,4.6705121994018555,4.5471296310424805,False,False
5DBA_A_TRP325,4,major_only,B,A,0,-60;0,0.04584522428079641,0.04254047253484531,0.012263783061127012,0.012263783061127012,21.28944635394408,21.250919017376553,0.03852733656752605,0.0018096918034878103,3.7681643962860107,1.7612786293029785,False,False
5DBA_A_TRP325,4,major_only,B,A,1,-60;-105,0.21651397185924168,0.19602809081593028,0.06855238772075242,0.06855238772075242,21.28944635394408,20.47135653514743,0.8180898187966505,0.03842701238893849,4.824881553649902,3.889108180999756,False,True
5DBA_A_TRP325,4,major_only,B,A,2,-60;105,0.219353169822768,0.1847381266283254,0.051758386309914146,0.051758386309914146,21.28944635394408,20.562876393966057,0.726569959978022,0.03412817543014301,2.226015090942383,2.9843642711639404,False,False
5DBA_A_TRP325,4,major_only,B,A,3,60;0,-0.05027113144710663,-0.04508831710686674,-0.02730601239392525,0.0,21.28944635394408,21.28944635394408,0.0,0.0,6.075785160064697,4.741283416748047,False,False
5DBA_A_TRP325,4,major_only,B,A,4,60;-105,-0.010243519028713309,-0.007789485063919924,-0.005912781666345801,0.0,21.28944635394408,21.28944635394408,0.0,0.0,6.342606544494629,5.925676345825195,False,False
5DBA_A_TRP325,4,major_only,B,A,5,60;105,-0.010026297455860861,-0.007571745314098601,-0.005741332681877788,0.0,21.28944635394408,21.28944635394408,0.0,0.0,6.760800838470459,5.876623153686523,False,False
5DBA_A_TRP325,4,major_only,B,A,6,-180;0,-0.2885570385103492,-0.24856495944714482,-0.07601395098162522,0.0,21.28944635394408,21.28944635394408,0.0,0.0,4.138230800628662,2.9983744621276855,False,False
5DBA_A_TRP325,4,major_only,B,A,7,-180;-105,0.09182021803165277,0.08183183341233652,0.023767171598551455,0.023767171598551455,21.28944635394408,21.146882663056232,0.14256369088784737,0.006696448959624356,2.773879051208496,3.803581476211548,False,False
5DBA_A_TRP325,4,major_only,B,A,8,-180;105,-0.29142732461889,-0.2611032900813418,-0.098306666515516,0.0,21.28944635394408,21.28944635394408,0.0,0.0,4.5471296310424805,4.6705121994018555,False,False
5DBA_A_TRP325,7,minor_only,A,B,0,-60;0,0.05972364195442973,0.10666300739118331,0.04894371402228558,0.04894371402228558,53.93693488518623,53.32329453094796,0.6136403542382709,0.011376997145731526,1.7612786293029785,3.7681643962860107,False,False
5DBA_A_TRP325,7,minor_only,A,B,1,-60;-105,-0.11718657541726327,-0.05566166194438692,-0.030982852034981523,0.0,53.93693488518623,53.93693488518623,0.0,0.0,3.889108180999756,4.824881553649902,False,False
5DBA_A_TRP325,7,minor_only,A,B,2,-60;105,-0.18349359134904464,-0.09040514172267103,-0.04031607750882844,0.0,53.93693488518623,53.93693488518623,0.0,0.0,2.9843642711639404,2.226015090942383,False,False
5DBA_A_TRP325,7,minor_only,A,B,3,60;0,0.004615520860568268,0.03941174237452406,0.03799101004982103,0.03799101004982103,53.93693488518623,53.853155429712885,0.08377945547334775,0.001553285436995749,4.741283416748047,6.075785160064697,False,False
5DBA_A_TRP325,7,minor_only,A,B,4,60;-105,-0.05919907194699989,-0.026031740987357176,-0.03145192677414101,0.0,53.93693488518623,53.93693488518623,0.0,0.0,5.925676345825195,6.342606544494629,False,False
5DBA_A_TRP325,7,minor_only,A,B,5,60;105,-0.05863165655416783,-0.02537285139765663,-0.030622943915365453,0.0,53.93693488518623,53.93693488518623,0.0,0.0,5.876623153686523,6.760800838470459,False,False
5DBA_A_TRP325,7,minor_only,A,B,6,-180;0,0.11805128653772475,0.15405850312053643,0.07498942480888633,0.07498942480888633,53.93693488518623,52.65679446531088,1.2801404198753517,0.023734022383740273,2.9983744621276855,4.138230800628662,False,True
5DBA_A_TRP325,7,minor_only,A,B,7,-180;-105,-0.3248273507970902,-0.2192650601449434,-0.10136443416408197,0.0,53.93693488518623,53.93693488518623,0.0,0.0,3.803581476211548,2.773879051208496,False,False
5DBA_A_TRP325,7,minor_only,A,B,8,-180;105,-0.046986158417320324,0.0023990106243152736,0.001437685009871408,0.001437685009871408,53.93693488518623,53.936624464535186,0.00031042065104713856,5.755251975439849e-06,4.6705121994018555,4.5471296310424805,False,False
5DBA_A_TRP325,11,major_only,B,A,0,-60;0,0.014103307988487588,0.01720586750139036,0.0052318150276517,0.0052318150276517,23.684906872370323,23.677895148095683,0.007011724274640585,0.0002960418764753568,3.7681643962860107,1.7612786293029785,False,False
5DBA_A_TRP325,11,major_only,B,A,1,-60;-105,0.20569462223538346,0.18768127430795575,0.06922753636799164,0.06922753636799164,23.684906872370323,22.85062353743028,0.8342833349400429,0.0352242607258582,4.824881553649902,3.889108180999756,False,False
5DBA_A_TRP325,11,major_only,B,A,2,-60;105,0.11712687410445698,0.10211376740452917,0.030176033199647526,0.030176033199647526,23.684906872370323,23.4379391023581,0.2469677700122226,0.010427221493546312,2.226015090942383,2.9843642711639404,False,False
5DBA_A_TRP325,11,major_only,B,A,3,60;0,-0.04170167557586737,-0.03606019906184867,-0.023034353842568116,0.0,23.684906872370323,23.684906872370323,0.0,0.0,6.075785160064697,4.741283416748047,False,False
5DBA_A_TRP325,11,major_only,B,A,4,60;-105,-0.004646665208992375,-0.0016122085982983145,-0.001290797108176227,0.0,23.684906872370323,23.684906872370323,0.0,0.0,6.342606544494629,5.925676345825195,False,False
5DBA_A_TRP325,11,major_only,B,A,5,60;105,-0.005027462190979373,-0.001966026370082337,-0.0015723879647841306,0.0,23.684906872370323,23.684906872370323,0.0,0.0,6.760800838470459,5.876623153686523,False,False
5DBA_A_TRP325,11,major_only,B,A,6,-180;0,-0.15628625242288086,-0.1316635185717406,-0.04246904693527247,0.0,23.684906872370323,23.684906872370323,0.0,0.0,4.138230800628662,2.9983744621276855,False,False
5DBA_A_TRP325,11,major_only,B,A,7,-180;-105,0.27515205445377056,0.23931358409132203,0.0733121959552603,0.0733121959552603,23.684906872370323,22.32844877147894,1.356458100891384,0.05727099153063435,2.773879051208496,3.803581476211548,False,True
5DBA_A_TRP325,11,major_only,B,A,8,-180;105,-0.09327810751234267,-0.080340958055255,-0.031905186594398616,0.0,23.684906872370323,23.684906872370323,0.0,0.0,4.5471296310424805,4.6705121994018555,False,False
5DBA_A_TRP325,13,major_only,B,A,0,-60;0,0.030311712397563785,0.01932696335656063,0.005563122606132818,0.005563122606132818,21.224139151603183,21.216211266802553,0.00792788480062967,0.00037353151258579225,3.7681643962860107,1.7612786293029785,False,False
5DBA_A_TRP325,13,major_only,B,A,1,-60;-105,0.19439161209466074,0.16772895876299918,0.05856594904728011,0.05856594904728011,21.224139151603183,20.627040368280383,0.5970987833227994,0.028133003607719802,4.824881553649902,3.889108180999756,False,True
5DBA_A_TRP325,13,major_only,B,A,2,-60;105,0.19750174800513112,0.1560245013646979,0.043646543285068534,0.043646543285068534,21.224139151603183,20.70746624211195,0.5166729094912341,0.024343645026102593,2.226015090942383,2.9843642711639404,False,False
5DBA_A_TRP325,13,major_only,B,A,3,60;0,-0.03773386878287245,-0.0395215081487632,-0.023897948704401758,0.0,21.224139151603183,21.224139151603183,0.0,0.0,6.075785160064697,4.741283416748047,False,False
5DBA_A_TRP325,13,major_only,B,A,4,60;-105,0.0013261627733892507,-0.0021262090071330073,-0.0016114688160610731,0.0,21.224139151603183,21.224139151603183,0.0,0.0,6.342606544494629,5.925676345825195,False,False
5DBA_A_TRP325,13,major_only,B,A,5,60;105,0.0014426650187431334,-0.0020263947666043715,-0.001534170504826568,0.0,21.224139151603183,21.224139151603183,0.0,0.0,6.760800838470459,5.876623153686523,False,False
5DBA_A_TRP325,13,major_only,B,A,6,-180;0,-0.2596086348020363,-0.23247421640318527,-0.07098409535433299,0.0,21.224139151603183,21.224139151603183,0.0,0.0,4.138230800628662,2.9983744621276855,False,False
5DBA_A_TRP325,13,major_only,B,A,7,-180;-105,0.11039436493743152,0.087710258895455,0.025435394135368564,0.025435394135368564,21.224139151603183,21.060859949220305,0.16327920238287774,0.007693089515507832,2.773879051208496,3.803581476211548,False,False
5DBA_A_TRP325,13,major_only,B,A,8,-180;105,-0.2696348918693172,-0.24933086702181426,-0.09373019731105083,0.0,21.224139151603183,21.224139151603183,0.0,0.0,4.5471296310424805,4.6705121994018555,False,False
5DBA_A_TRP325,15,minor_only,A,B,0,-60;0,0.042701016127725096,0.03169360704637948,0.015739138022909178,0.015739138022909178,63.174035132604864,63.11057777913264,0.06345735347222359,0.0010044847276103866,1.7612786293029785,3.7681643962860107,False,False
5DBA_A_TRP325,15,minor_only,A,B,1,-60;-105,-0.15755087597308032,-0.1440845798742601,-0.08679783756147479,0.0,63.174035132604864,63.174035132604864,0.0,0.0,3.889108180999756,4.824881553649902,False,False
5DBA_A_TRP325,15,minor_only,A,B,2,-60;105,-0.24386832034452194,-0.20564495120841195,-0.09924973803050594,0.0,63.174035132604864,63.174035132604864,0.0,0.0,2.9843642711639404,2.226015090942383,False,False
5DBA_A_TRP325,15,minor_only,A,B,3,60;0,0.07010910816061897,0.06338819666633459,0.0661286685972859,0.0661286685972859,63.174035132604864,62.92019784936848,0.2538372832363862,0.0040180634766098355,4.741283416748047,6.075785160064697,False,False
5DBA_A_TRP325,15,minor_only,A,B,4,60;-105,0.004390746742192566,0.0018240435219733398,0.002385093535297599,0.002385093535297599,63.174035132604864,63.17382494407601,0.00021018852885390515,3.3271347700477087e-06,5.925676345825195,6.342606544494629,False,False
5DBA_A_TRP325,15,minor_only,A,B,5,60;105,0.004439569658537726,0.0018615622753250856,0.0024315399522442747,0.0024315399522442747,63.174035132604864,63.17381620841245,0.0002189241924170915,3.465414104980958e-06,5.876623153686523,6.760800838470459,False,False
5DBA_A_TRP325,15,minor_only,A,B,6,-180;0,0.15012898634659372,0.12706403564059637,0.06693652630239043,0.06693652630239043,63.174035132604864,62.15407333189053,1.0199618007143343,0.01614526915327465,2.9983744621276855,4.138230800628662,False,True
5DBA_A_TRP325,15,minor_only,A,B,7,-180;-105,-0.32975997350630104,-0.2849449540007498,-0.14256184785150927,0.0,63.174035132604864,63.174035132604864,0.0,0.0,3.803581476211548,2.773879051208496,False,False
5DBA_A_TRP325,15,minor_only,A,B,8,-180;105,-0.0251020078365447,-0.026256689438641612,-0.017029336139579496,0.0,63.174035132604864,63.174035132604864,0.0,0.0,4.6705121994018555,4.5471296310424805,False,False
5DBA_A_TRP325,19,minor_only,A,B,0,-60;0,0.04270199938108537,0.03169514824526722,0.01573989282996752,0.01573989282996752,63.1739503904445,63.11048695033567,0.06346344010883342,0.001004582422289563,1.7612786293029785,3.7681643962860107,False,False
5DBA_A_TRP325,19,minor_only,A,B,1,-60;-105,-0.15754741699799585,-0.14408089629213922,-0.08679556032452054,0.0,63.1739503904445,63.1739503904445,0.0,0.0,3.889108180999756,4.824881553649902,False,False
5DBA_A_TRP325,19,minor_only,A,B,2,-60;105,-0.24387093746034205,-0.20564635655075805,-0.09925034971852595,0.0,63.1739503904445,63.1739503904445,0.0,0.0,2.9843642711639404,2.226015090942383,False,False
5DBA_A_TRP325,19,minor_only,A,B,3,60;0,0.07010831589983056,0.06338789084111593,0.06612830519771154,0.06612830519771154,63.1739503904445,62.92011589704523,0.25383449339927466,0.004018024705285311,4.741283416748047,6.075785160064697,False,False
5DBA_A_TRP325,19,minor_only,A,B,4,60;-105,0.0043902299541194005,0.0018239300470782962,0.002384943557535385,0.002384943557535385,63.1739503904445,63.17374022834866,0.0002101620958399053,3.326720816744963e-06,5.925676345825195,6.342606544494629,False,False
5DBA_A_TRP325,19,minor_only,A,B,5,60;105,0.004439105225581204,0.0018615003630588147,0.002431457452739381,0.002431457452739381,63.1739503904445,63.17373148110755,0.00021890933695090098,3.4651836017526066e-06,5.876623153686523,6.760800838470459,False,False
5DBA_A_TRP325,19,minor_only,A,B,6,-180;0,0.1501320475036076,0.12706735807357242,0.06693823164317626,0.06693823164317626,63.1739503904445,62.1539366179679,1.0200137724766023,0.016146113487797438,2.9983744621276855,4.138230800628662,False,True
5DBA_A_TRP325,19,minor_only,A,B,7,-180;-105,-0.3297476528692455,-0.2849337753256017,-0.14255615939474012,0.0,63.1739503904445,63.1739503904445,0.0,0.0,3.803581476211548,2.773879051208496,False,False
5DBA_A_TRP325,19,minor_only,A,B,8,-180;105,-0.025095000882110443,-0.02624977799940422,-0.01702484215956008,0.0,63.1739503904445,63.1739503904445,0.0,0.0,4.6705121994018555,4.5471296310424805,False,False
5DBA_A_TRP325,30,minor_only,A,B,0,-60;0,0.031670340462527126,0.03972009143980075,0.0172351126537277,0.0172351126537277,48.23117491059553,48.15508127738187,0.07609363321365947,0.0015776856639862418,1.7612786293029785,3.7681643962860107,False,False
5DBA_A_TRP325,30,minor_only,A,B,1,-60;-105,-0.16886013274739084,-0.139309156522454,-0.07332729689077315,0.0,48.23117491059553,48.23117491059553,0.0,0.0,3.889108180999756,4.824881553649902,False,False
5DBA_A_TRP325,30,minor_only,A,B,2,-60;105,-0.3056586286848294,-0.23804553550858765,-0.10038434052342296,0.0,48.23117491059553,48.23117491059553,0.0,0.0,2.9843642711639404,2.226015090942383,False,False
5DBA_A_TRP325,30,minor_only,A,B,3,60;0,0.0585247475875606,0.06324128935583398,0.05764699982777278,0.05764699982777278,48.23117491059553,48.03827622301989,0.1928986875756351,0.003999460679388482,4.741283416748047,6.075785160064697,False,False
5DBA_A_TRP325,30,minor_only,A,B,4,60;-105,-0.01261066900747465,-0.005115864627649444,-0.00584499137601068,0.0,48.23117491059553,48.23117491059553,0.0,0.0,5.925676345825195,6.342606544494629,False,False
5DBA_A_TRP325,30,minor_only,A,B,5,60;105,-0.012116378762082365,-0.00461571767259133,-0.0052679020236183075,0.0,48.23117491059553,48.23117491059553,0.0,0.0,5.876623153686523,6.760800838470459,False,False
5DBA_A_TRP325,30,minor_only,A,B,6,-180;0,0.15485974361628932,0.14702101583701513,0.06767286405578979,0.06767286405578979,48.23117491059553,47.1886494268082,1.0425254837873297,0.021615179097747947,2.9983744621276855,4.138230800628662,False,True
5DBA_A_TRP325,30,minor_only,A,B,7,-180;-105,-0.2793511871909413,-0.22488734505678093,-0.09831096852267554,0.0,48.23117491059553,48.23117491059553,0.0,0.0,3.803581476211548,2.773879051208496,False,False
5DBA_A_TRP325,30,minor_only,A,B,8,-180;105,-0.031434348479677944,-0.01821951814378251,-0.010324980722319282,0.0,48.23117491059553,48.23117491059553,0.0,0.0,4.6705121994018555,4.5471296310424805,False,False
5DBA_A_TRP325,35,minor_only,A,B,0,-60;0,0.05154149016126037,0.09065854077700645,0.03808257384233617,0.03808257384233617,45.201745383897844,44.83023354872327,0.371511835174573,0.008218971015816486,1.7612786293029785,3.7681643962860107,False,False
5DBA_A_TRP325,35,minor_only,A,B,1,-60;-105,-0.13134550257638042,-0.07623930081467625,-0.03884888863414453,0.0,45.201745383897844,45.201745383897844,0.0,0.0,3.889108180999756,4.824881553649902,False,False
5DBA_A_TRP325,35,minor_only,A,B,2,-60;105,-0.25320669976373406,-0.15764697366406363,-0.06435840154380973,0.0,45.201745383897844,45.201745383897844,0.0,0.0,2.9843642711639404,2.226015090942383,False,False
5DBA_A_TRP325,35,minor_only,A,B,3,60;0,0.02195696833501786,0.04999812022452343,0.04412079733587757,0.04412079733587757,45.201745383897844,45.08874951719161,0.1129958667062354,0.0024998120259862302,4.741283416748047,6.075785160064697,False,False
5DBA_A_TRP325,35,minor_only,A,B,4,60;-105,-0.04663486799010982,-0.01908618667841318,-0.021110459166470755,0.0,45.201745383897844,45.201745383897844,0.0,0.0,5.925676345825195,6.342606544494629,False,False
5DBA_A_TRP325,35,minor_only,A,B,5,60;105,-0.04595793549445212,-0.018342046679083825,-0.020265621556261437,0.0,45.201745383897844,45.201745383897844,0.0,0.0,5.876623153686523,6.760800838470459,False,False
5DBA_A_TRP325,35,minor_only,A,B,6,-180;0,0.12467718147807656,0.15159685767696937,0.06755212555135101,0.06755212555135101,45.201745383897844,44.16293662413017,1.0388087597676758,0.02298160725753146,2.9983744621276855,4.138230800628662,False,True
5DBA_A_TRP325,35,minor_only,A,B,7,-180;-105,-0.28391560387286785,-0.19411284873996654,-0.0821494995500523,0.0,45.201745383897844,45.201745383897844,0.0,0.0,3.803581476211548,2.773879051208496,False,False
5DBA_A_TRP325,35,minor_only,A,B,8,-180;105,-0.05046005166022706,-0.008099171105822622,-0.004443310042973467,0.0,45.201745383897844,45.201745383897844,0.0,0.0,4.6705121994018555,4.5471296310424805,False,False
5DBA_A_TRP325,36,minor_only,A,B,0,-60;0,0.1055741579402064,0.14538768593149828,0.06474045403713066,0.06474045403713066,50.79445457543233,49.72078276788123,1.0736718075511007,0.021137579220515967,1.7612786293029785,3.7681643962860107,False,True
5DBA_A_TRP325,36,minor_only,A,B,1,-60;-105,-0.06096853604570209,-0.005737622914005589,-0.0030992902151208623,0.0,50.79445457543233,50.79445457543233,0.0,0.0,3.889108180999756,4.824881553649902,False,False
5DBA_A_TRP325,36,minor_only,A,B,2,-60;105,-0.1261569944296259,-0.04325223591804574,-0.018717968950403525,0.0,50.79445457543233,50.79445457543233,0.0,0.0,2.9843642711639404,2.226015090942383,False,False
5DBA_A_TRP325,36,minor_only,A,B,3,60;0,0.013199634894533586,0.04756336725805566,0.04449311550686196,0.04449311550686196,50.79445457543233,50.67954360633146,0.11491096910087606,0.0022622739049245515,4.741283416748047,6.075785160064697,False,False
5DBA_A_TRP325,36,minor_only,A,B,4,60;-105,-0.05205126020096763,-0.019135702206731137,-0.022436415001133414,0.0,50.79445457543233,50.79445457543233,0.0,0.0,5.925676345825195,6.342606544494629,False,False
5DBA_A_TRP325,36,minor_only,A,B,5,60;105,-0.05155793714666466,-0.01854914637625367,-0.021725341439888288,0.0,50.79445457543233,50.79445457543233,0.0,0.0,5.876623153686523,6.760800838470459,False,False
5DBA_A_TRP325,36,minor_only,A,B,6,-180;0,0.0817751178788302,0.12269839948753784,0.05795865059235098,0.05795865059235098,50.79445457543233,50.02974928159972,0.7647052938326127,0.015054897236803411,2.9983744621276855,4.138230800628662,False,False
5DBA_A_TRP325,36,minor_only,A,B,7,-180;-105,-0.36375100184147785,-0.25203277040663274,-0.11306760695052266,0.0,50.79445457543233,50.79445457543233,0.0,0.0,3.803581476211548,2.773879051208496,False,False
5DBA_A_TRP325,36,minor_only,A,B,8,-180;105,-0.08654111717857023,-0.03311572183875649,-0.019258870747669566,0.0,50.79445457543233,50.79445457543233,0.0,0.0,4.6705121994018555,4.5471296310424805,False,False
5DBA_A_TRP325,37,major_only,B,A,0,-60;0,-0.11768337565422882,-0.09774782130076927,-0.039336480243440414,0.0,41.4855536439685,41.4855536439685,0.0,0.0,3.7681643962860107,1.7612786293029785,False,False
5DBA_A_TRP325,37,major_only,B,A,1,-60;-105,0.11917885470153573,0.10767693372556224,0.05256458223953666,0.05256458223953666,41.4855536439685,41.004556774326495,0.4809968696420057,0.011594322056539237,4.824881553649902,3.889108180999756,False,False
5DBA_A_TRP325,37,major_only,B,A,2,-60;105,0.16552027996262864,0.13830394652087183,0.05409100203468093,0.05409100203468093,41.4855536439685,40.69201873623639,0.7935349077321092,0.019127981623248257,2.226015090942383,2.9843642711639404,False,False
5DBA_A_TRP325,37,major_only,B,A,3,60;0,-0.08074818537748536,-0.07505883184089727,-0.06345448441477282,0.0,41.4855536439685,41.4855536439685,0.0,0.0,6.075785160064697,4.741283416748047,False,False
5DBA_A_TRP325,37,major_only,B,A,4,60;-105,-0.00542653889777281,-0.00422835984851561,-0.004480446495106573,0.0,41.4855536439685,41.4855536439685,0.0,0.0,6.342606544494629,5.925676345825195,False,False
5DBA_A_TRP325,37,major_only,B,A,5,60;105,-0.005135332725084286,-0.003944676130230691,-0.004175363870310919,0.0,41.4855536439685,41.4855536439685,0.0,0.0,6.760800838470459,5.876623153686523,False,False
5DBA_A_TRP325,37,major_only,B,A,6,-180;0,-0.1001931239178348,-0.08585456304775901,-0.03665076505573293,0.0,41.4855536439685,41.4855536439685,0.0,0.0,4.138230800628662,2.9983744621276855,False,False
5DBA_A_TRP325,37,major_only,B,A,7,-180;-105,0.38841444703318584,0.3322770959294904,0.13471684019743016,0.13471684019743016,41.4855536439685,36.90521379634207,4.580339847626433,0.1104080684793358,2.773879051208496,3.803581476211548,False,True
5DBA_A_TRP325,37,major_only,B,A,8,-180;105,0.06027603657086363,0.05605109566507661,0.02945920302265621,0.02945920302265621,41.4855536439685,41.355217429453,0.13033621451550204,0.0031417253252555145,4.5471296310424805,4.6705121994018555,False,False
5DBA_A_TRP325,39,major_only,B,A,0,-60;0,-0.03742314206662179,-0.030851499981961066,-0.00853989104292941,0.0,19.627824188762077,19.627824188762077,0.0,0.0,3.7681643962860107,1.7612786293029785,False,False
5DBA_A_TRP325,39,major_only,B,A,1,-60;-105,0.18200111795221433,0.16277627097016564,0.054657437501735,0.054657437501735,19.627824188762077,19.107763113811124,0.5200610749509522,0.026496114390952896,4.824881553649902,3.889108180999756,False,True
5DBA_A_TRP325,39,major_only,B,A,2,-60;105,0.18701773119864917,0.15495919981696868,0.04168650193440949,0.04168650193440949,19.627824188762077,19.15651393378753,0.47131025497454715,0.024012353607915243,2.226015090942383,2.9843642711639404,False,False
5DBA_A_TRP325,39,major_only,B,A,3,60;0,-0.04483040514066901,-0.041793347931377,-0.024302744189574378,0.0,19.627824188762077,19.627824188762077,0.0,0.0,6.075785160064697,4.741283416748047,False,False
5DBA_A_TRP325,39,major_only,B,A,4,60;-105,-0.006285325856392588,-0.0055875657036233,-0.004072486305992826,0.0,19.627824188762077,19.627824188762077,0.0,0.0,6.342606544494629,5.925676345825195,False,False
5DBA_A_TRP325,39,major_only,B,A,5,60;105,-0.005297182088434957,-0.004638000834370855,-0.0033767696336928213,0.0,19.627824188762077,19.627824188762077,0.0,0.0,6.760800838470459,5.876623153686523,False,False
5DBA_A_TRP325,39,major_only,B,A,6,-180;0,-0.2714022094546296,-0.23628765459620774,-0.0693822418268471,0.0,19.627824188762077,19.627824188762077,0.0,0.0,4.138230800628662,2.9983744621276855,False,False
5DBA_A_TRP325,39,major_only,B,A,7,-180;-105,0.12868701218516745,0.11029362982425395,0.03075810293472978,0.03075810293472978,19.627824188762077,19.389057894592263,0.23876629416981388,0.012164684779809658,2.773879051208496,3.803581476211548,False,False
5DBA_A_TRP325,39,major_only,B,A,8,-180;105,-0.27361784881857226,-0.24731311030941777,-0.0894070284474299,0.0,19.627824188762077,19.627824188762077,0.0,0.0,4.5471296310424805,4.6705121994018555,False,False
5DBA_A_TRP325,44,minor_only,A,B,0,-60;0,0.04270411319216516,0.03169712715558108,0.015740876474559,0.015740876474559,63.17395771562023,63.11048634312954,0.0634713724906959,0.001004707869917134,1.7612786293029785,3.7681643962860107,False,False
5DBA_A_TRP325,44,minor_only,A,B,1,-60;-105,-0.15754537792217221,-0.14407891811528994,-0.08679437368593178,0.0,63.17395771562023,63.17395771562023,0.0,0.0,3.889108180999756,4.824881553649902,False,False
5DBA_A_TRP325,44,minor_only,A,B,2,-60;105,-0.24386893991001166,-0.20564450856743283,-0.09924946358719526,0.0,63.17395771562023,63.17395771562023,0.0,0.0,2.9843642711639404,2.226015090942383,False,False
5DBA_A_TRP325,44,minor_only,A,B,3,60;0,0.07010834916822245,0.06338804101559073,0.06612846569847729,0.06612846569847729,63.17395771562023,62.920121990050255,0.2538357255699779,0.00401804374379437,4.741283416748047,6.075785160064697,False,False
5DBA_A_TRP325,44,minor_only,A,B,4,60;-105,0.004390282045799746,0.0018240825883918338,0.002385143156549365,0.002385143156549365,63.17395771562023,63.17374751834544,0.0002101972747894365,3.3272772894116724e-06,5.925676345825195,6.342606544494629,False,False
5DBA_A_TRP325,44,minor_only,A,B,5,60;105,0.00443915246667302,0.0018616485878639112,0.002431651202224869,0.002431651202224869,63.17395771562023,63.173738771394525,0.00021894422570767347,3.465735464813816e-06,5.876623153686523,6.760800838470459,False,False
5DBA_A_TRP325,44,minor_only,A,B,6,-180;0,0.15013128391836547,0.12706686585119323,0.06693797622454119,0.06693797622454119,63.17395771562023,62.153951727335766,1.020005988284467,0.01614598839724526,2.9983744621276855,4.138230800628662,False,True
5DBA_A_TRP325,44,minor_only,A,B,7,-180;-105,-0.3297497177648867,-0.2849353452375084,-0.14255695310747263,0.0,63.17395771562023,63.17395771562023,0.0,0.0,3.803581476211548,2.773879051208496,False,False
5DBA_A_TRP325,44,minor_only,A,B,8,-180;105,-0.0250958240105575,-0.02625037272085735,-0.01702522886564719,0.0,63.17395771562023,63.17395771562023,0.0,0.0,4.6705121994018555,4.5471296310424805,False,False
5KWB_A_PHE591,13,major_only,A,B,0,-60;-90,-0.029371629164009753,-0.021108491869884075,-0.006672353716006184,0.0,27.90224530780673,27.90224530780673,0.0,0.0,4.584831237792969,4.824713230133057,False,False
5KWB_A_PHE591,13,major_only,A,B,1,-60;90,-0.029514865546203972,-0.02113805479584957,-0.006786917333230487,0.0,27.90224530780673,27.90224530780673,0.0,0.0,4.589500904083252,4.830708026885986,False,False
5KWB_A_PHE591,13,major_only,A,B,2,60;-90,-0.023095562799155155,-0.01398902112686591,-0.004180831124480362,0.0,27.90224530780673,27.90224530780673,0.0,0.0,4.554845333099365,4.273870468139648,False,False
5KWB_A_PHE591,13,major_only,A,B,3,60;90,-0.022979532753532293,-0.01407795046847106,-0.004142883191711285,0.0,27.90224530780673,27.90224530780673,0.0,0.0,4.566667556762695,4.285733222961426,False,False
5KWB_A_PHE591,13,major_only,A,B,4,-180;-90,0.07449896156377729,0.0834310531239409,0.01721936981537519,0.01721936981537519,27.90224530780673,27.70802501535364,0.19422029245308892,0.006960740625369969,0.15999114513397217,0.6674374341964722,True,True
5KWB_A_PHE591,13,major_only,A,B,5,-180;90,0.05356887548553763,0.06336608421990603,0.013079658000965933,0.013079658000965933,27.90224530780673,27.790210520751433,0.1120347870552969,0.004015260629364148,0.157786026597023,0.6560741662979126,True,False
5Z8H_A_MET730,0,major_only,A,B,0,-60;-60;-90,0.1610349434732051,0.15281214621980352,0.021639900454134386,0.021639900454134386,6.4338326091320335,6.283592632192761,0.1502399769392726,0.023351552032302714,0.8813758492469788,0.40928998589515686,True,False
5Z8H_A_MET730,0,major_only,A,B,1,-60;-60;90,0.24451255474183745,0.2318366408267366,0.032832151864275474,0.032832151864275474,6.4338326091320335,6.088025506950679,0.3458071021813547,0.053748228029825346,1.658141016960144,1.8830368518829346,False,False
5Z8H_A_MET730,0,major_only,A,B,2,-60;-60;-180,0.3281750471631416,0.3109325858271099,0.04403342438807163,0.04403342438807163,6.4338326091320335,5.811815637099922,0.6220169720321111,0.09667907292913319,0.6287176609039307,1.577333927154541,True,True
5Z8H_A_MET730,0,major_only,A,B,3,-60;60;-90,0.1231675422611299,0.11743443224059895,0.016669952912210684,0.016669952912210684,6.4338326091320335,6.345104615229622,0.08872799390241148,0.013790845875671838,2.5709877014160156,2.885263204574585,False,False
5Z8H_A_MET730,0,major_only,A,B,4,-60;60;90,0.12400102175034419,0.11870724662003826,0.017052173924157237,0.017052173924157237,6.4338326091320335,6.34317083339114,0.09066177574089362,0.014091410400110565,2.755124568939209,3.1597540378570557,False,False
5Z8H_A_MET730,0,major_only,A,B,5,-60;60;-180,0.12413882031266871,0.11843784692612887,0.016831699974365757,0.016831699974365757,6.4338326091320335,6.343581870468727,0.09025073866330668,0.014027523584497189,2.1748244762420654,2.841738700866699,False,False
5Z8H_A_MET730,0,major_only,A,B,6,-60;-180;-90,0.13451994202190903,0.12837044303788156,0.018293624230232185,0.018293624230232185,6.4338326091320335,6.327809670426529,0.10602293870550472,0.016478970645742042,2.4384799003601074,2.8505029678344727,False,False
5Z8H_A_MET730,0,major_only,A,B,7,-60;-180;90,0.1174142743031759,0.1115951668466213,0.015803279375806858,0.015803279375806858,6.4338326091320335,6.35370899528155,0.08012361385048372,0.012453481263525277,1.7299764156341553,1.7571865320205688,False,False
5Z8H_A_MET730,0,major_only,A,B,8,-60;-180;-180,0.1515327923409901,0.14401795025015046,0.020401939942011373,0.020401939942011373,6.4338326091320335,6.300387393271446,0.13344521586058722,0.020741169994254773,1.6639395952224731,2.382124185562134,False,False
5Z8H_A_MET730,0,major_only,A,B,9,60;-60;-90,-0.0005087507711514503,-6.131169670343082e-05,-1.1445870548493723e-05,0.0,6.4338326091320335,6.4338326091320335,0.0,0.0,3.730977773666382,4.0023512840271,False,False
5Z8H_A_MET730,0,major_only,A,B,10,60;-60;90,-0.0006370769150581619,-0.0002176237433653286,-4.254276112591298e-05,0.0,6.4338326091320335,6.4338326091320335,0.0,0.0,4.501371383666992,4.407451629638672,False,False
5Z8H_A_MET730,0,major_only,A,B,11,60;-60;-180,-0.0006294662399570251,-0.00021115451139184564,-4.14408027302979e-05,0.0,6.4338326091320335,6.4338326091320335,0.0,0.0,4.473294258117676,4.505861282348633,False,False
5Z8H_A_MET730,0,major_only,A,B,12,60;60;-90,-0.0014877927174882196,-0.0010599641496977566,-0.00025554134076347,0.0,6.4338326091320335,6.4338326091320335,0.0,0.0,4.8216471672058105,4.5441107749938965,False,False
5Z8H_A_MET730,0,major_only,A,B,13,60;60;90,-0.001486710164429003,-0.0010526057875087937,-0.0002525230844916837,0.0,6.4338326091320335,6.4338326091320335,0.0,0.0,4.517237186431885,4.0827155113220215,False,False
5Z8H_A_MET730,0,major_only,A,B,14,60;60;-180,-0.0014712769335760737,-0.0010448467452992343,-0.00025234423883152454,0.0,6.4338326091320335,6.4338326091320335,0.0,0.0,4.853653907775879,4.629685878753662,False,False
5Z8H_A_MET730,0,major_only,A,B,15,60;-180;-90,-0.00059568273507428,-0.00013908926496733495,-2.2042089612217173e-05,0.0,6.4338326091320335,6.4338326091320335,0.0,0.0,3.8537869453430176,3.5745136737823486,False,False
5Z8H_A_MET730,0,major_only,A,B,16,60;-180;90,-0.00040855567107273493,6.785844115277336e-05,1.0429434865480768e-05,1.0429434865480768e-05,6.4338326091320335,6.433832579505726,2.962630762937124e-08,4.604768173066913e-09,3.36932373046875,3.6538548469543457,False,False
5Z8H_A_MET730,0,major_only,A,B,17,60;-180;-180,-0.0005609344881629365,-0.000119210806918919,-1.937386622305094e-05,0.0,6.4338326091320335,6.4338326091320335,0.0,0.0,4.121427536010742,4.122584342956543,False,False
5Z8H_A_MET730,0,major_only,A,B,18,-180;-60;-90,-0.06889499655307524,-0.06636434816615891,-0.011626027157529216,0.0,6.4338326091320335,6.4338326091320335,0.0,0.0,4.171090602874756,3.6339290142059326,False,False
5Z8H_A_MET730,0,major_only,A,B,19,-180;-60;90,-0.06803933352114351,-0.06541904904568552,-0.01128054743392743,0.0,6.4338326091320335,6.4338326091320335,0.0,0.0,4.109641075134277,3.3865549564361572,False,False
5Z8H_A_MET730,0,major_only,A,B,20,-180;-60;-180,-0.06872245446528734,-0.06618350159561577,-0.011558084194752178,0.0,6.4338326091320335,6.4338326091320335,0.0,0.0,4.056313514709473,3.3140265941619873,False,False
5Z8H_A_MET730,0,major_only,A,B,21,-180;60;-90,-0.16195526029252574,-0.1536024917141224,-0.02195149496399534,0.0,6.4338326091320335,6.4338326091320335,0.0,0.0,3.1690080165863037,2.338050127029419,False,False
5Z8H_A_MET730,0,major_only,A,B,22,-180;60;90,-0.305488900085682,-0.28841296002282973,-0.04084369455025694,0.0,6.4338326091320335,6.4338326091320335,0.0,0.0,2.024536609649658,1.6550021171569824,False,False
5Z8H_A_MET730,0,major_only,A,B,23,-180;60;-180,-0.16234111571613152,-0.15411249879875538,-0.022109354356019142,0.0,6.4338326091320335,6.4338326091320335,0.0,0.0,2.9276862144470215,2.0649256706237793,False,False
5Z8H_A_MET730,0,major_only,A,B,24,-180;-180;-90,-0.1019625768862352,-0.09610080968808306,-0.013625739158858995,0.0,6.4338326091320335,6.4338326091320335,0.0,0.0,2.4314799308776855,2.3439927101135254,False,False
5Z8H_A_MET730,0,major_only,A,B,25,-180;-180;90,-0.07338460558738452,-0.06978626781771642,-0.010220956351445959,0.0,6.4338326091320335,6.4338326091320335,0.0,0.0,3.516366720199585,3.1557016372680664,False,False
5Z8H_A_MET730,0,major_only,A,B,26,-180;-180;-180,-0.07343888892432476,-0.0697239398146106,-0.01015093254825968,0.0,6.4338326091320335,6.4338326091320335,0.0,0.0,3.235177993774414,2.701474189758301,False,False
5Z8H_A_MET730,3,major_only,A,B,0,-60;-60;-90,-0.15107047672798146,-0.14216797934594524,-0.015671784536913178,0.0,3.898596725873989,3.898596725873989,0.0,0.0,0.8813758492469788,0.40928998589515686,True,False
5Z8H_A_MET730,3,major_only,A,B,1,-60;-60;90,-0.0618633300768489,-0.05784469432597018,-0.006376760132658092,0.0,3.898596725873989,3.898596725873989,0.0,0.0,1.658141016960144,1.8830368518829346,False,False
5Z8H_A_MET730,3,major_only,A,B,2,-60;-60;-180,0.032668793946701705,0.0315727426805002,0.003480549467021706,0.003480549467021706,3.898596725873989,3.894710456197635,0.0038862696763537485,0.0009968380803691676,0.6287176609039307,1.577333927154541,True,False
5Z8H_A_MET730,3,major_only,A,B,3,-60;60;-90,0.007328864767003241,0.007610217542993564,0.0008409211397366362,0.0008409211397366362,3.898596725873989,3.898370937042085,0.00022578883190371712,5.791541105167775e-05,2.5709877014160156,2.885263204574585,False,False
5Z8H_A_MET730,3,major_only,A,B,4,-60;60;90,0.007868936680835513,0.008128770056419706,0.0009089639066220596,0.0009089639066220596,3.898596725873989,3.898339118677739,0.0002576071962496762,6.607690263011897e-05,2.755124568939209,3.1597540378570557,False,False
5Z8H_A_MET730,3,major_only,A,B,5,-60;60;-180,0.008747667485491106,0.00895857945487758,0.0009910507748119711,0.0009910507748119711,3.898596725873989,3.8982838395265498,0.0003128863474390897,8.025614584923419e-05,2.1748244762420654,2.841738700866699,False,False
5Z8H_A_MET730,3,major_only,A,B,6,-60;-180;-90,0.020713958913551985,0.020332766080869546,0.0022555396001184536,0.0022555396001184536,3.898596725873989,3.896984962649162,0.0016117632248269231,0.0004134213764994115,2.4384799003601074,2.8505029678344727,False,False
5Z8H_A_MET730,3,major_only,A,B,7,-60;-180;90,-0.01618187416592481,-0.01463016222669352,-0.0016127618880055466,0.0,3.898596725873989,3.898596725873989,0.0,0.0,1.7299764156341553,1.7571865320205688,False,False
5Z8H_A_MET730,3,major_only,A,B,8,-60;-180;-180,0.04212571993887855,0.040554830803757186,0.0044721535986870925,0.0044721535986870925,3.898596725873989,3.892184726055014,0.006411999818974667,0.0016446943015213308,1.6639395952224731,2.382124185562134,False,True
5Z8H_A_MET730,3,major_only,A,B,9,60;-60;-90,-0.0035641064223413503,-0.0029118073915759546,-0.00042314324993581804,0.0,3.898596725873989,3.898596725873989,0.0,0.0,3.730977773666382,4.0023512840271,False,False
5Z8H_A_MET730,3,major_only,A,B,10,60;-60;90,-0.0036420869354121476,-0.003039952730753981,-0.000462599869174036,0.0,3.898596725873989,3.898596725873989,0.0,0.0,4.501371383666992,4.407451629638672,False,False
5Z8H_A_MET730,3,major_only,A,B,11,60;-60;-180,-0.003638328184913502,-0.0030377964868442365,-0.0004640937804044244,0.0,3.898596725873989,3.898596725873989,0.0,0.0,4.473294258117676,4.505861282348633,False,False
5Z8H_A_MET730,3,major_only,A,B,12,60;60;-90,-0.005128531288913261,-0.004509824950072227,-0.0008463479671860183,0.0,3.898596725873989,3.898596725873989,0.0,0.0,4.8216471672058105,4.5441107749938965,False,False
5Z8H_A_MET730,3,major_only,A,B,13,60;60;90,-0.0050971600692048865,-0.004469079881847265,-0.0008345891366312746,0.0,3.898596725873989,3.898596725873989,0.0,0.0,4.517237186431885,4.0827155113220215,False,False
5Z8H_A_MET730,3,major_only,A,B,14,60;60;-180,-0.005101004883747951,-0.004484586825175267,-0.0008431066495225373,0.0,3.898596725873989,3.898596725873989,0.0,0.0,4.853653907775879,4.629685878753662,False,False
5Z8H_A_MET730,3,major_only,A,B,15,60;-180;-90,-0.0031608587902372536,-0.002512123446997191,-0.0003098984519232448,0.0,3.898596725873989,3.898596725873989,0.0,0.0,3.8537869453430176,3.5745136737823486,False,False
5Z8H_A_MET730,3,major_only,A,B,16,60;-180;90,-0.003132603959939435,-0.002441646582002039,-0.0002921184431103074,0.0,3.898596725873989,3.898596725873989,0.0,0.0,3.36932373046875,3.6538548469543457,False,False
5Z8H_A_MET730,3,major_only,A,B,17,60;-180;-180,-0.003196072678417891,-0.002568025784359626,-0.00032487726996491175,0.0,3.898596725873989,3.898596725873989,0.0,0.0,4.121427536010742,4.122584342956543,False,False
5Z8H_A_MET730,3,major_only,A,B,18,-180;-60;-90,-0.005872301992320978,-0.005180654495235087,-0.000706480871791216,0.0,3.898596725873989,3.898596725873989,0.0,0.0,4.171090602874756,3.6339290142059326,False,False
5Z8H_A_MET730,3,major_only,A,B,19,-180;-60;90,-0.005815074726401803,-0.005103583454254742,-0.0006850471251887312,0.0,3.898596725873989,3.898596725873989,0.0,0.0,4.109641075134277,3.3865549564361572,False,False
5Z8H_A_MET730,3,major_only,A,B,20,-180;-60;-180,-0.005853036993591006,-0.005159447877007452,-0.0007013884669218397,0.0,3.898596725873989,3.898596725873989,0.0,0.0,4.056313514709473,3.3140265941619873,False,False
5Z8H_A_MET730,3,major_only,A,B,21,-180;60;-90,-0.023386097681156657,-0.0216159874876682,-0.0024046961050179674,0.0,3.898596725873989,3.898596725873989,0.0,0.0,3.1690080165863037,2.338050127029419,False,False
5Z8H_A_MET730,3,major_only,A,B,22,-180;60;90,-0.1879009213270495,-0.17705838927183595,-0.019518481843241092,0.0,3.898596725873989,3.898596725873989,0.0,0.0,2.024536609649658,1.6550021171569824,False,False
5Z8H_A_MET730,3,major_only,A,B,23,-180;60;-180,-0.023568814606169886,-0.021815461169366855,-0.002436250125323694,0.0,3.898596725873989,3.898596725873989,0.0,0.0,2.9276862144470215,2.0649256706237793,False,False
5Z8H_A_MET730,3,major_only,A,B,24,-180;-180;-90,-0.06634725495013115,-0.06221848651693084,-0.0068670742739120015,0.0,3.898596725873989,3.898596725873989,0.0,0.0,2.4314799308776855,2.3439927101135254,False,False
5Z8H_A_MET730,3,major_only,A,B,25,-180;-180;90,-0.01259407023547733,-0.011460704617962737,-0.0013066285950744053,0.0,3.898596725873989,3.898596725873989,0.0,0.0,3.516366720199585,3.1557016372680664,False,False
5Z8H_A_MET730,3,major_only,A,B,26,-180;-180;-180,-0.013081256830577504,-0.011898374673800255,-0.001348437870998021,0.0,3.898596725873989,3.898596725873989,0.0,0.0,3.235177993774414,2.701474189758301,False,False
5Z8H_A_MET730,4,major_only,A,B,0,-60;-60;-90,-0.056830029383422125,-0.05330392200223724,-0.005570073736529279,0.0,3.5033098505279927,3.5033098505279927,0.0,0.0,0.8813758492469788,0.40928998589515686,True,False
5Z8H_A_MET730,4,major_only,A,B,1,-60;-60;90,-0.08602948641844194,-0.08094808980854336,-0.008459180142840696,0.0,3.5033098505279927,3.5033098505279927,0.0,0.0,1.658141016960144,1.8830368518829346,False,False
5Z8H_A_MET730,4,major_only,A,B,2,-60;-60;-180,0.08883150583549564,0.08444743893602122,0.008824845317772978,0.008824845317772978,3.5033098505279927,3.4783264519594366,0.024983398568556137,0.007131369942852992,0.6287176609039307,1.577333927154541,True,True
5Z8H_A_MET730,4,major_only,A,B,3,-60;60;-90,0.005711849000974062,0.005838869324771671,0.0006116064723710583,0.0006116064723710583,3.5033098505279927,3.50319041430479,0.00011943622320265135,3.409239499173926e-05,2.5709877014160156,2.885263204574585,False,False
5Z8H_A_MET730,4,major_only,A,B,4,-60;60;90,0.016837115301550843,0.016450274841045102,0.001743733360651272,0.001743733360651272,3.5033098505279927,3.502361814446026,0.0009480360819669187,0.0002706115423458869,2.755124568939209,3.1597540378570557,False,False
5Z8H_A_MET730,4,major_only,A,B,5,-60;60;-180,0.017590650326066975,0.017123118085877593,0.0017956625513081304,0.0017956625513081304,3.5033098505279927,3.502282675970495,0.0010271745574979008,0.00029320117298305566,2.1748244762420654,2.841738700866699,False,False
5Z8H_A_MET730,4,major_only,A,B,6,-60;-180;-90,0.03125511893183022,0.030117481093210514,0.003167070686893554,0.003167070686893554,3.5033098505279927,3.500132128950244,0.003177721577748649,0.0009070626674000093,2.4384799003601074,2.8505029678344727,False,False
5Z8H_A_MET730,4,major_only,A,B,7,-60;-180;90,-0.003288988424457619,-0.0026801245140500177,-0.00028006652277933586,0.0,3.5033098505279927,3.5033098505279927,0.0,0.0,1.7299764156341553,1.7571865320205688,False,False
5Z8H_A_MET730,4,major_only,A,B,8,-60;-180;-180,0.05384830780312746,0.05141264745681989,0.005374390313525591,0.005374390313525591,3.5033098505279927,3.494049690616614,0.00926015991137863,0.0026432603185193586,1.6639395952224731,2.382124185562134,False,False
5Z8H_A_MET730,4,major_only,A,B,9,60;-60;-90,-0.00045270751120925874,-9.7360742702323e-05,-1.3412006943804547e-05,0.0,3.5033098505279927,3.5033098505279927,0.0,0.0,3.730977773666382,4.0023512840271,False,False
5Z8H_A_MET730,4,major_only,A,B,10,60;-60;90,-0.0004193851757037509,-9.029140478423916e-05,-1.3024774204412057e-05,0.0,3.5033098505279927,3.5033098505279927,0.0,0.0,4.501371383666992,4.407451629638672,False,False
5Z8H_A_MET730,4,major_only,A,B,11,60;-60;-180,-0.00041900030678155843,-9.063580479658986e-05,-1.3125987500513328e-05,0.0,3.5033098505279927,3.5033098505279927,0.0,0.0,4.473294258117676,4.505861282348633,False,False
5Z8H_A_MET730,4,major_only,A,B,12,60;60;-90,-0.0004194539624495503,-0.00010176767239591036,-1.810440391382093e-05,0.0,3.5033098505279927,3.5033098505279927,0.0,0.0,4.8216471672058105,4.5441107749938965,False,False
5Z8H_A_MET730,4,major_only,A,B,13,60;60;90,-0.00042926807644329897,-0.00010688586795992041,-1.8921694072561463e-05,0.0,3.5033098505279927,3.5033098505279927,0.0,0.0,4.517237186431885,4.0827155113220215,False,False
5Z8H_A_MET730,4,major_only,A,B,14,60;60;-180,-0.00041894240779281216,-0.00010193919689023625,-1.8167133343755858e-05,0.0,3.5033098505279927,3.5033098505279927,0.0,0.0,4.853653907775879,4.629685878753662,False,False
5Z8H_A_MET730,4,major_only,A,B,15,60;-180;-90,-0.00044233602259521545,-8.242675193545991e-05,-9.638994546878329e-06,0.0,3.5033098505279927,3.5033098505279927,0.0,0.0,3.8537869453430176,3.5745136737823486,False,False
5Z8H_A_MET730,4,major_only,A,B,16,60;-180;90,-0.00044929616348757533,-6.788217004253582e-05,-7.69869316591084e-06,0.0,3.5033098505279927,3.5033098505279927,0.0,0.0,3.36932373046875,3.6538548469543457,False,False
5Z8H_A_MET730,4,major_only,A,B,17,60;-180;-180,-0.0004219019651367821,-7.346135753416622e-05,-8.809758734993826e-06,0.0,3.5033098505279927,3.5033098505279927,0.0,0.0,4.121427536010742,4.122584342956543,False,False
5Z8H_A_MET730,4,major_only,A,B,18,-180;-60;-90,-0.02200622493706202,-0.021003508483577325,-0.0027151432195622327,0.0,3.5033098505279927,3.5033098505279927,0.0,0.0,4.171090602874756,3.6339290142059326,False,False
5Z8H_A_MET730,4,major_only,A,B,19,-180;-60;90,-0.021746627226624897,-0.020710059051487553,-0.002635188477319908,0.0,3.5033098505279927,3.5033098505279927,0.0,0.0,4.109641075134277,3.3865549564361572,False,False
5Z8H_A_MET730,4,major_only,A,B,20,-180;-60;-180,-0.021968486887111574,-0.02096201905502026,-0.002701304989219418,0.0,3.5033098505279927,3.5033098505279927,0.0,0.0,4.056313514709473,3.3140265941619873,False,False
5Z8H_A_MET730,4,major_only,A,B,21,-180;60;-90,-0.03379539659821951,-0.03175253113733465,-0.00334848677862905,0.0,3.5033098505279927,3.5033098505279927,0.0,0.0,3.1690080165863037,2.338050127029419,False,False
5Z8H_A_MET730,4,major_only,A,B,22,-180;60;90,-0.14781229407425084,-0.13938321827260436,-0.014565491097397232,0.0,3.5033098505279927,3.5033098505279927,0.0,0.0,2.024536609649658,1.6550021171569824,False,False
5Z8H_A_MET730,4,major_only,A,B,23,-180;60;-180,-0.036623699743567134,-0.03447870382857158,-0.003650005554510299,0.0,3.5033098505279927,3.5033098505279927,0.0,0.0,2.9276862144470215,2.0649256706237793,False,False
5Z8H_A_MET730,4,major_only,A,B,24,-180;-180;-90,-0.0791240021066924,-0.07456755300793799,-0.007801665252688544,0.0,3.5033098505279927,3.5033098505279927,0.0,0.0,2.4314799308776855,2.3439927101135254,False,False
5Z8H_A_MET730,4,major_only,A,B,25,-180;-180;90,-0.027590796428427974,-0.026037529050578434,-0.00281401057184617,0.0,3.5033098505279927,3.5033098505279927,0.0,0.0,3.516366720199585,3.1557016372680664,False,False
5Z8H_A_MET730,4,major_only,A,B,26,-180;-180;-180,-0.028094005518986435,-0.02647239077307376,-0.0028439475593316395,0.0,3.5033098505279927,3.5033098505279927,0.0,0.0,3.235177993774414,2.701474189758301,False,False
5Z8H_A_MET730,6,major_only,A,B,0,-60;-60;-90,0.3793011218522072,0.35918573948696136,0.15671295805359695,0.15671295805359695,61.07263185920429,53.19338318130008,7.879248677904215,0.12901439545079518,0.8813758492469788,0.40928998589515686,True,False
5Z8H_A_MET730,6,major_only,A,B,1,-60;-60;90,0.34115897187980926,0.3232503470884013,0.14104078336226597,0.14104078336226597,61.07263185920429,54.69110449862346,6.381527360580833,0.10449078689277198,1.658141016960144,1.8830368518829346,False,False
5Z8H_A_MET730,6,major_only,A,B,2,-60;-60;-180,0.39329859193104194,0.3725190629310321,0.16253734571285913,0.16253734571285913,61.07263185920429,52.59755511618711,8.475076743017183,0.13877045224701415,0.6287176609039307,1.577333927154541,True,True
5Z8H_A_MET730,6,major_only,A,B,3,-60;60;-90,0.1209599472901351,0.11533193713967717,0.050440217009083146,0.050440217009083146,61.07263185920429,60.26027695055709,0.8123549086472011,0.013301455724390409,2.5709877014160156,2.885263204574585,False,False
5Z8H_A_MET730,6,major_only,A,B,4,-60;60;90,0.14955772758539557,0.14306155033506912,0.06331606089242434,0.06331606089242434,61.07263185920429,59.822682293232205,1.2499495659720878,0.020466607184273608,2.755124568939209,3.1597540378570557,False,False
5Z8H_A_MET730,6,major_only,A,B,5,-60;60;-180,0.1389743949342373,0.13252234305961386,0.05802498307055369,0.05802498307055369,61.07263185920429,60.00006383003251,1.0725680291717836,0.017562171410010003,2.1748244762420654,2.841738700866699,False,False
5Z8H_A_MET730,6,major_only,A,B,6,-60;-180;-90,0.23053959805570928,0.2196211703930788,0.09642671121337705,0.09642671121337705,61.07263185920429,58.12688760586432,2.9457442533399743,0.04823345848482571,2.4384799003601074,2.8505029678344727,False,False
5Z8H_A_MET730,6,major_only,A,B,7,-60;-180;90,0.23956149705955224,0.2271146180263899,0.09909126192484355,0.09909126192484355,61.07263185920429,57.922441398665676,3.1501904605386173,0.05158104972127299,1.7299764156341553,1.7571865320205688,False,False
5Z8H_A_MET730,6,major_only,A,B,8,-60;-180;-180,0.23530367148645215,0.22332884259852626,0.09747384406934248,0.09747384406934248,61.07263185920429,58.026587201039064,3.046044658165229,0.04987577193639737,1.6639395952224731,2.382124185562134,False,False
5Z8H_A_MET730,6,major_only,A,B,9,60;-60;-90,0.002667582757863919,0.0030028883877505396,0.0017271622004427377,0.0017271622004427377,61.07263185920429,61.072081146599395,0.0005507126048982514,9.01733866927258e-06,3.730977773666382,4.0023512840271,False,False
5Z8H_A_MET730,6,major_only,A,B,10,60;-60;90,0.002606460585926744,0.0029264789316155023,0.001762597857489907,0.001762597857489907,61.07263185920429,61.07210881614962,0.0005230430546703246,8.564278937186437e-06,4.501371383666992,4.407451629638672,False,False
5Z8H_A_MET730,6,major_only,A,B,11,60;-60;-180,0.0026185391125276435,0.0029376992212195763,0.0017763296373626183,0.0017763296373626183,61.07263185920429,61.072104797706196,0.0005270614980972255,8.630076714432469e-06,4.473294258117676,4.505861282348633,False,False
5Z8H_A_MET730,6,major_only,A,B,12,60;60;-90,0.002585147973874484,0.002897552222341967,0.0021522350683941915,0.0021522350683941915,61.07263185920429,61.07211910505933,0.0005127541449638784,8.395808881234596e-06,4.8216471672058105,4.5441107749938965,False,False
5Z8H_A_MET730,6,major_only,A,B,13,60;60;90,0.002561987415744944,0.0028782505709974014,0.002127415751947253,0.002127415751947253,61.07263185920429,61.07212591359095,0.0005059456133409412,8.284326349441414e-06,4.517237186431885,4.0827155113220215,False,False
5Z8H_A_MET730,6,major_only,A,B,14,60;60;-180,0.0025909132775426167,0.002902673051242796,0.0021598687444512542,0.0021598687444512542,61.07263185920429,61.07211729108238,0.0005145681219147491,8.425510842582072e-06,4.853653907775879,4.629685878753662,False,False
5Z8H_A_MET730,6,major_only,A,B,15,60;-180;-90,0.0023171636537820017,0.002667719449623031,0.0013025300333040697,0.0013025300333040697,61.07263185920429,61.0721972219524,0.0004346372518924113,7.116727061876356e-06,3.8537869453430176,3.5745136737823486,False,False
5Z8H_A_MET730,6,major_only,A,B,16,60;-180;90,0.0026313173624650118,0.0029846325639097866,0.0014133060224069535,0.0014133060224069535,61.07263185920429,61.07208782227336,0.0005440369309326343,8.908031541637945e-06,3.36932373046875,3.6538548469543457,False,False
5Z8H_A_MET730,6,major_only,A,B,17,60;-180;-180,0.002422305854102292,0.0027616622517553564,0.0013828009583166999,0.0013828009583166999,61.07263185920429,61.072166071775236,0.0004657874290572295,7.626778392833097e-06,4.121427536010742,4.122584342956543,False,False
5Z8H_A_MET730,6,major_only,A,B,18,-180;-60;-90,-0.09903928728414514,-0.09558754833610252,-0.05159246306986034,0.0,61.07263185920429,61.07263185920429,0.0,0.0,4.171090602874756,3.6339290142059326,False,False
5Z8H_A_MET730,6,major_only,A,B,19,-180;-60;90,-0.0977043464511807,-0.09413171463278557,-0.05000925190890997,0.0,61.07263185920429,61.07263185920429,0.0,0.0,4.109641075134277,3.3865549564361572,False,False
5Z8H_A_MET730,6,major_only,A,B,20,-180;-60;-180,-0.09876255895126745,-0.09530030691297395,-0.05127655639614632,0.0,61.07263185920429,61.07263185920429,0.0,0.0,4.056313514709473,3.3140265941619873,False,False
5Z8H_A_MET730,6,major_only,A,B,21,-180;60;-90,-0.0987150388275643,-0.09342951004453354,-0.04113754326681634,0.0,61.07263185920429,61.07263185920429,0.0,0.0,3.1690080165863037,2.338050127029419,False,False
5Z8H_A_MET730,6,major_only,A,B,22,-180;60;90,-0.051934131748034594,-0.04858668368158392,-0.021199027782260845,0.0,61.07263185920429,61.07263185920429,0.0,0.0,2.024536609649658,1.6550021171569824,False,False
5Z8H_A_MET730,6,major_only,A,B,23,-180;60;-180,-0.09615783486255255,-0.09108240356168755,-0.04025882727978183,0.0,61.07263185920429,61.07263185920429,0.0,0.0,2.9276862144470215,2.0649256706237793,False,False
5Z8H_A_MET730,6,major_only,A,B,24,-180;-180;-90,-0.09145277206828316,-0.08614727446210242,-0.03763249433869401,0.0,61.07263185920429,61.07263185920429,0.0,0.0,2.4314799308776855,2.3439927101135254,False,False
5Z8H_A_MET730,6,major_only,A,B,25,-180;-180;90,-0.1037753626958583,-0.09889363091275616,-0.044625009589097486,0.0,61.07263185920429,61.07263185920429,0.0,0.0,3.516366720199585,3.1557016372680664,False,False
5Z8H_A_MET730,6,major_only,A,B,26,-180;-180;-180,-0.10330581037021146,-0.09828657306203037,-0.04408660484420636,0.0,61.07263185920429,61.07263185920429,0.0,0.0,3.235177993774414,2.701474189758301,False,False
5Z8H_A_MET730,10,major_only,A,B,0,-60;-60;-90,-0.11301706668342631,-0.10149826610811816,-0.011166061934905741,0.0,3.8829143355548696,3.8829143355548696,0.0,0.0,0.8813758492469788,0.40928998589515686,True,False
5Z8H_A_MET730,10,major_only,A,B,1,-60;-60;90,-0.024703720998604517,-0.018033004151664297,-0.001983943870372755,0.0,3.8829143355548696,3.8829143355548696,0.0,0.0,1.658141016960144,1.8830368518829346,False,False
5Z8H_A_MET730,10,major_only,A,B,2,-60;-60;-180,0.06986661935923312,0.07140931139360672,0.007856246351880194,0.007856246351880194,3.8829143355548696,3.863114230269045,0.019800105285824543,0.00509928975370895,0.6287176609039307,1.577333927154541,True,True
5Z8H_A_MET730,10,major_only,A,B,3,-60;60;-90,0.010141352296771372,0.014798917799500934,0.0016319727559846312,0.0016319727559846312,3.8829143355548696,3.8820639463761806,0.0008503891786890705,0.00021900796803634597,2.5709877014160156,2.885263204574585,False,False
5Z8H_A_MET730,10,major_only,A,B,4,-60;60;90,0.010906384554498235,0.015363722609894274,0.00171452177484327,0.00171452177484327,3.8829143355548696,3.8819977970304853,0.000916538524384336,0.0002360439724337525,2.755124568939209,3.1597540378570557,False,False
5Z8H_A_MET730,10,major_only,A,B,5,-60;60;-180,0.011583234399717429,0.016141188894645633,0.0017820382569020857,0.0017820382569020857,3.8829143355548696,3.8819026889015156,0.0010116466533540702,0.00026053797893264765,2.1748244762420654,2.841738700866699,False,False
5Z8H_A_MET730,10,major_only,A,B,6,-60;-180;-90,0.023786369833514936,0.027716136901188754,0.0030683962098120945,0.0030683962098120945,3.8829143355548696,3.879931541938678,0.0029827936161916924,0.0007681842447254119,2.4384799003601074,2.8505029678344727,False,False
5Z8H_A_MET730,10,major_only,A,B,7,-60;-180;90,-0.011953118292986164,-0.005965414289125336,-0.0006562759177307968,0.0,3.8829143355548696,3.8829143355548696,0.0,0.0,1.7299764156341553,1.7571865320205688,False,False
5Z8H_A_MET730,10,major_only,A,B,8,-60;-180;-180,0.04510862498402343,0.047993174782222786,0.005281756128845135,0.005281756128845135,3.8829143355548696,3.8739706449115228,0.00894369064334688,0.0023033448256768777,1.6639395952224731,2.382124185562134,False,False
5Z8H_A_MET730,10,major_only,A,B,9,60;-60;-90,-0.01834473781719649,-0.013510788998996189,-0.0019594321631571784,0.0,3.8829143355548696,3.8829143355548696,0.0,0.0,3.730977773666382,4.0023512840271,False,False
5Z8H_A_MET730,10,major_only,A,B,10,60;-60;90,-0.01870439836249762,-0.014230579346866355,-0.002161155437483838,0.0,3.8829143355548696,3.8829143355548696,0.0,0.0,4.501371383666992,4.407451629638672,False,False
5Z8H_A_MET730,10,major_only,A,B,11,60;-60;-180,-0.018662530160131224,-0.014200496846110506,-0.002165087039123317,0.0,3.8829143355548696,3.8829143355548696,0.0,0.0,4.473294258117676,4.505861282348633,False,False
5Z8H_A_MET730,10,major_only,A,B,12,60;60;-90,-0.029019327398471472,-0.024432639093899044,-0.00457598295525192,0.0,3.8829143355548696,3.8829143355548696,0.0,0.0,4.8216471672058105,4.5441107749938965,False,False
5Z8H_A_MET730,10,major_only,A,B,13,60;60;90,-0.028950773047720736,-0.02429350219216316,-0.004527614954648982,0.0,3.8829143355548696,3.8829143355548696,0.0,0.0,4.517237186431885,4.0827155113220215,False,False
5Z8H_A_MET730,10,major_only,A,B,14,60;60;-180,-0.028850053457486778,-0.0242788979561101,-0.004555266557896268,0.0,3.8829143355548696,3.8829143355548696,0.0,0.0,4.853653907775879,4.629685878753662,False,False
5Z8H_A_MET730,10,major_only,A,B,15,60;-180;-90,-0.01724768701468486,-0.012379046535958914,-0.0015240189707480614,0.0,3.8829143355548696,3.8829143355548696,0.0,0.0,3.8537869453430176,3.5745136737823486,False,False
5Z8H_A_MET730,10,major_only,A,B,16,60;-180;90,-0.01708238673859248,-0.01190900947753454,-0.0014219245880228192,0.0,3.8829143355548696,3.8829143355548696,0.0,0.0,3.36932373046875,3.6538548469543457,False,False
5Z8H_A_MET730,10,major_only,A,B,17,60;-180;-180,-0.01731513872562437,-0.012601623065816279,-0.0015910036642082924,0.0,3.8829143355548696,3.8829143355548696,0.0,0.0,4.121427536010742,4.122584342956543,False,False
5Z8H_A_MET730,10,major_only,A,B,18,-180;-60;-90,-0.01144109271012561,-0.007043436388931403,-0.0009585728466064598,0.0,3.8829143355548696,3.8829143355548696,0.0,0.0,4.171090602874756,3.6339290142059326,False,False
5Z8H_A_MET730,10,major_only,A,B,19,-180;-60;90,-0.011398230814100983,-0.006884782682469033,-0.0009222745223044233,0.0,3.8829143355548696,3.8829143355548696,0.0,0.0,4.109641075134277,3.3865549564361572,False,False
5Z8H_A_MET730,10,major_only,A,B,20,-180;-60;-180,-0.011360306703534724,-0.00695140972034569,-0.000943089752005975,0.0,3.8829143355548696,3.8829143355548696,0.0,0.0,4.056313514709473,3.3140265941619873,False,False
5Z8H_A_MET730,10,major_only,A,B,21,-180;60;-90,-0.034727612171486656,-0.027991013264620716,-0.003107624147905009,0.0,3.8829143355548696,3.8829143355548696,0.0,0.0,3.1690080165863037,2.338050127029419,False,False
5Z8H_A_MET730,10,major_only,A,B,22,-180;60;90,-0.19779240823862032,-0.18172959111214257,-0.019993090100489504,0.0,3.8829143355548696,3.8829143355548696,0.0,0.0,2.024536609649658,1.6550021171569824,False,False
5Z8H_A_MET730,10,major_only,A,B,23,-180;60;-180,-0.034919809133211493,-0.028247241634639157,-0.003148170674170358,0.0,3.8829143355548696,3.8829143355548696,0.0,0.0,2.9276862144470215,2.0649256706237793,False,False
5Z8H_A_MET730,10,major_only,A,B,24,-180;-180;-90,-0.07109527860069083,-0.0621285784410907,-0.006843345497546742,0.0,3.8829143355548696,3.8829143355548696,0.0,0.0,2.4314799308776855,2.3439927101135254,False,False
5Z8H_A_MET730,10,major_only,A,B,25,-180;-180;90,-0.01824986750677942,-0.012734631033827463,-0.0014489451756040008,0.0,3.8829143355548696,3.8829143355548696,0.0,0.0,3.516366720199585,3.1557016372680664,False,False
5Z8H_A_MET730,10,major_only,A,B,26,-180;-180;-180,-0.018747164984334673,-0.013105276282134093,-0.001482225325991841,0.0,3.8829143355548696,3.8829143355548696,0.0,0.0,3.235177993774414,2.701474189758301,False,False
5Z8H_A_MET730,13,major_only,A,B,0,-60;-60;-90,-0.17999251531233232,-0.17017084015463563,-0.01901958015722077,0.0,4.007804761469303,4.007804761469303,0.0,0.0,0.8813758492469788,0.40928998589515686,True,False
5Z8H_A_MET730,13,major_only,A,B,1,-60;-60;90,-0.08538650635395093,-0.08074930429326535,-0.009025566312119383,0.0,4.007804761469303,4.007804761469303,0.0,0.0,1.658141016960144,1.8830368518829346,False,False
5Z8H_A_MET730,13,major_only,A,B,2,-60;-60;-180,0.007855132902439712,0.007450141468112941,0.0008327202798927709,0.0008327202798927709,4.007804761469303,4.007582309837498,0.00022245163180478755,5.550460789493011e-05,0.6287176609039307,1.577333927154541,True,False
5Z8H_A_MET730,13,major_only,A,B,3,-60;60;-90,0.001132604405940443,0.0010951434796789821,0.00012269541731287447,0.00012269541731287447,4.007804761469303,4.007799954751782,4.806717520899895e-06,1.19933924105068e-06,2.5709877014160156,2.885263204574585,False,False
5Z8H_A_MET730,13,major_only,A,B,4,-60;60;90,0.001604711064414127,0.0015489579704793005,0.00017561457428812974,0.00017561457428812974,4.007804761469303,4.00779514566039,9.615808912677437e-06,2.3992707941072913e-06,2.755124568939209,3.1597540378570557,False,False
5Z8H_A_MET730,13,major_only,A,B,5,-60;60;-180,0.0025436289423091474,0.002436050056692554,0.0002732386212220246,0.0002732386212220246,4.007804761469303,4.007780977793681,2.3783675621835698e-05,5.934339878651263e-06,2.1748244762420654,2.841738700866699,False,False
5Z8H_A_MET730,13,major_only,A,B,6,-60;-180;-90,0.013367120193232428,0.01272409565899404,0.001431133141588705,0.001431133141588705,4.007804761469303,4.007155887416692,0.0006488740526107151,0.00016190261033894053,2.4384799003601074,2.8505029678344727,False,False
5Z8H_A_MET730,13,major_only,A,B,7,-60;-180;90,-0.023090051689708808,-0.021817842158453102,-0.00243855203453673,0.0,4.007804761469303,4.007804761469303,0.0,0.0,1.7299764156341553,1.7571865320205688,False,False
5Z8H_A_MET730,13,major_only,A,B,8,-60;-180;-180,0.034536953152290564,0.03272179495179067,0.003658561482672876,0.003658561482672876,4.007804761469303,4.003513541327909,0.00429122014139427,0.0010707158648668963,1.6639395952224731,2.382124185562134,False,True
5Z8H_A_MET730,13,major_only,A,B,9,60;-60;-90,-0.0007800644995369772,-0.0007375600125970628,-0.00010867290029994731,0.0,4.007804761469303,4.007804761469303,0.0,0.0,3.730977773666382,4.0023512840271,False,False
5Z8H_A_MET730,13,major_only,A,B,10,60;-60;90,-0.0007971447360499968,-0.0007587653664130116,-0.0001170699130986229,0.0,4.007804761469303,4.007804761469303,0.0,0.0,4.501371383666992,4.407451629638672,False,False
5Z8H_A_MET730,13,major_only,A,B,11,60;-60;-180,-0.0007971050200341754,-0.0007588574067832958,-0.00011754559852497841,0.0,4.007804761469303,4.007804761469303,0.0,0.0,4.473294258117676,4.505861282348633,False,False
5Z8H_A_MET730,13,major_only,A,B,12,60;60;-90,-0.0011604565846948724,-0.00111429974800176,-0.00021202663670271473,0.0,4.007804761469303,4.007804761469303,0.0,0.0,4.8216471672058105,4.5441107749938965,False,False
5Z8H_A_MET730,13,major_only,A,B,13,60;60;90,-0.0011532840349238543,-0.0011062677884510412,-0.00020946622149978109,0.0,4.007804761469303,4.007804761469303,0.0,0.0,4.517237186431885,4.0827155113220215,False,False
5Z8H_A_MET730,13,major_only,A,B,14,60;60;-180,-0.0011549392367497492,-0.0011090902958373289,-0.00021141028165504421,0.0,4.007804761469303,4.007804761469303,0.0,0.0,4.853653907775879,4.629685878753662,False,False
5Z8H_A_MET730,13,major_only,A,B,15,60;-180;-90,-0.0006803457754991295,-0.0006403436149055605,-8.009227588977234e-05,0.0,4.007804761469303,4.007804761469303,0.0,0.0,3.8537869453430176,3.5745136737823486,False,False
5Z8H_A_MET730,13,major_only,A,B,16,60;-180;90,-0.000673137403649354,-0.0006297090095937169,-7.638625249524593e-05,0.0,4.007804761469303,4.007804761469303,0.0,0.0,3.36932373046875,3.6538548469543457,False,False
5Z8H_A_MET730,13,major_only,A,B,17,60;-180;-180,-0.0006916576948415372,-0.0006531178881766151,-8.377426908541984e-05,0.0,4.007804761469303,4.007804761469303,0.0,0.0,4.121427536010742,4.122584342956543,False,False
5Z8H_A_MET730,13,major_only,A,B,18,-180;-60;-90,-0.0053860647760411925,-0.005204778285502821,-0.0007196430470463533,0.0,4.007804761469303,4.007804761469303,0.0,0.0,4.171090602874756,3.6339290142059326,False,False
5Z8H_A_MET730,13,major_only,A,B,19,-180;-60;90,-0.005350163809760141,-0.005161275398879326,-0.0007024272997300981,0.0,4.007804761469303,4.007804761469303,0.0,0.0,4.109641075134277,3.3865549564361572,False,False
5Z8H_A_MET730,13,major_only,A,B,20,-180;-60;-180,-0.00537184824508557,-0.005189982799509118,-0.0007153530466690943,0.0,4.007804761469303,4.007804761469303,0.0,0.0,4.056313514709473,3.3140265941619873,False,False
5Z8H_A_MET730,13,major_only,A,B,21,-180;60;-90,-0.03168786488167159,-0.03013485319747452,-0.003399016880138542,0.0,4.007804761469303,4.007804761469303,0.0,0.0,3.1690080165863037,2.338050127029419,False,False
5Z8H_A_MET730,13,major_only,A,B,22,-180;60;90,-0.20068310625341676,-0.18980265086058934,-0.021214408203805116,0.0,4.007804761469303,4.007804761469303,0.0,0.0,2.024536609649658,1.6550021171569824,False,False
5Z8H_A_MET730,13,major_only,A,B,23,-180;60;-180,-0.0317014779503773,-0.03017499840137267,-0.003416676444992303,0.0,4.007804761469303,4.007804761469303,0.0,0.0,2.9276862144470215,2.0649256706237793,False,False
5Z8H_A_MET730,13,major_only,A,B,24,-180;-180;-90,-0.06482673001523816,-0.06141981095055865,-0.006873214523450084,0.0,4.007804761469303,4.007804761469303,0.0,0.0,2.4314799308776855,2.3439927101135254,False,False
5Z8H_A_MET730,13,major_only,A,B,25,-180;-180;90,-0.0116558964507314,-0.011142764240832041,-0.0012880505348964847,0.0,4.007804761469303,4.007804761469303,0.0,0.0,3.516366720199585,3.1557016372680664,False,False
5Z8H_A_MET730,13,major_only,A,B,26,-180;-180;-180,-0.012137566146699417,-0.011586115115550985,-0.0013313132717432858,0.0,4.007804761469303,4.007804761469303,0.0,0.0,3.235177993774414,2.701474189758301,False,False
5Z8H_A_MET730,15,major_only,A,B,0,-60;-60;-90,-0.15205936481670276,-0.1439944811760414,-0.015015307522908779,0.0,3.4886046774403865,3.4886046774403865,0.0,0.0,0.8813758492469788,0.40928998589515686,True,False
5Z8H_A_MET730,15,major_only,A,B,1,-60;-60;90,-0.0528191511101713,-0.050177717699135115,-0.005232619759136091,0.0,3.4886046774403865,3.4886046774403865,0.0,0.0,1.658141016960144,1.8830368518829346,False,False
5Z8H_A_MET730,15,major_only,A,B,2,-60;-60;-180,0.039590212724396945,0.03722991158679714,0.003882390608909296,0.003882390608909296,3.4886046774403865,3.483769240004493,0.0048354374358936525,0.0013860663167606158,0.6287176609039307,1.577333927154541,True,False
5Z8H_A_MET730,15,major_only,A,B,3,-60;60;-90,0.03888611230095727,0.03670144939865199,0.003836305079144244,0.003836305079144244,3.4886046774403865,3.4839055395408476,0.004699137899538908,0.0013469963879618192,2.5709877014160156,2.885263204574585,False,False
5Z8H_A_MET730,15,major_only,A,B,4,-60;60;90,0.039755223532096394,0.03769579562261592,0.003987369077737668,0.003987369077737668,3.4886046774403865,3.4836474643594793,0.004957213080907241,0.0014209730076221714,2.755124568939209,3.1597540378570557,False,False
5Z8H_A_MET730,15,major_only,A,B,5,-60;60;-180,0.03986634338266153,0.037660513760893834,0.003941075169295465,0.003941075169295465,3.4886046774403865,3.483656739550718,0.00494793788966863,0.0014183142967345232,2.1748244762420654,2.841738700866699,False,False
5Z8H_A_MET730,15,major_only,A,B,6,-60;-180;-90,0.04101875235931342,0.03877910156198833,0.004069335129701305,0.004069335129701305,3.4886046774403865,3.4833584484269062,0.005246229013480264,0.001503818717955013,2.4384799003601074,2.8505029678344727,False,False
5Z8H_A_MET730,15,major_only,A,B,7,-60;-180;90,0.0014371829200497525,0.0011447528789143564,0.00011937257905384704,0.00011937257905384704,3.4886046774403865,3.4886001057664524,4.571673934083975e-06,1.3104591539555706e-06,1.7299764156341553,1.7571865320205688,False,False
5Z8H_A_MET730,15,major_only,A,B,8,-60;-180;-180,0.05647535756817484,0.05326104964974203,0.005555914592655453,0.005555914592655453,3.4886046774403865,3.4787084150667056,0.009896262373680909,0.0028367394097923025,1.6639395952224731,2.382124185562134,False,True
5Z8H_A_MET730,15,major_only,A,B,9,60;-60;-90,6.985550979838842e-06,-0.00016274059799688064,-2.237136085703018e-05,0.0,3.4886046774403865,3.4886046774403865,0.0,0.0,3.730977773666382,4.0023512840271,False,False
5Z8H_A_MET730,15,major_only,A,B,10,60;-60;90,-2.8609222958305355e-05,-0.00018568549174835395,-2.672934826459314e-05,0.0,3.4886046774403865,3.4886046774403865,0.0,0.0,4.501371383666992,4.407451629638672,False,False
5Z8H_A_MET730,15,major_only,A,B,11,60;-60;-180,-2.790816597074627e-05,-0.00018467621876147274,-2.6688844359428285e-05,0.0,3.4886046774403865,3.4886046774403865,0.0,0.0,4.473294258117676,4.505861282348633,False,False
5Z8H_A_MET730,15,major_only,A,B,12,60;60;-90,-0.0002854996349560763,-0.00043040075277366756,-7.640715254972966e-05,0.0,3.4886046774403865,3.4886046774403865,0.0,0.0,4.8216471672058105,4.5441107749938965,False,False
5Z8H_A_MET730,15,major_only,A,B,13,60;60;90,-0.0002873637851633853,-0.00043405007704636945,-7.667718669958126e-05,0.0,3.4886046774403865,3.4886046774403865,0.0,0.0,4.517237186431885,4.0827155113220215,False,False
5Z8H_A_MET730,15,major_only,A,B,14,60;60;-180,-0.00028245853217112756,-0.00042716319766722047,-7.596711425225497e-05,0.0,3.4886046774403865,3.4886046774403865,0.0,0.0,4.853653907775879,4.629685878753662,False,False
5Z8H_A_MET730,15,major_only,A,B,15,60;-180;-90,-6.596895930556374e-05,-0.00023543898436306532,-2.7474419675322392e-05,0.0,3.4886046774403865,3.4886046774403865,0.0,0.0,3.8537869453430176,3.5745136737823486,False,False
5Z8H_A_MET730,15,major_only,A,B,16,60;-180;90,-3.635916792682063e-05,-0.00021638401393841124,-2.4489113874864537e-05,0.0,3.4886046774403865,3.4886046774403865,0.0,0.0,3.36932373046875,3.6538548469543457,False,False
5Z8H_A_MET730,15,major_only,A,B,17,60;-180;-180,-6.045565692787868e-05,-0.00022528852114864288,-2.6960673296148025e-05,0.0,3.4886046774403865,3.4886046774403865,0.0,0.0,4.121427536010742,4.122584342956543,False,False
5Z8H_A_MET730,15,major_only,A,B,18,-180;-60;-90,-0.03374613500934073,-0.03287132328399595,-0.004240379128553142,0.0,3.4886046774403865,3.4886046774403865,0.0,0.0,4.171090602874756,3.6339290142059326,False,False
5Z8H_A_MET730,15,major_only,A,B,19,-180;-60;90,-0.03328734284633349,-0.03237886910607042,-0.00411129486667011,0.0,3.4886046774403865,3.4886046774403865,0.0,0.0,4.109641075134277,3.3865549564361572,False,False
5Z8H_A_MET730,15,major_only,A,B,20,-180;-60;-180,-0.033657405392697806,-0.03277970965388222,-0.004215336179894784,0.0,3.4886046774403865,3.4886046774403865,0.0,0.0,4.056313514709473,3.3140265941619873,False,False
5Z8H_A_MET730,15,major_only,A,B,21,-180;60;-90,-0.04472833969264344,-0.04276694168729508,-0.004500544255520921,0.0,3.4886046774403865,3.4886046774403865,0.0,0.0,3.1690080165863037,2.338050127029419,False,False
5Z8H_A_MET730,15,major_only,A,B,22,-180;60;90,-0.21081672217431463,-0.19962296147180394,-0.020816693253669492,0.0,3.4886046774403865,3.4886046774403865,0.0,0.0,2.024536609649658,1.6550021171569824,False,False
5Z8H_A_MET730,15,major_only,A,B,23,-180;60;-180,-0.04499378204465172,-0.04305613858030504,-0.004548458923398545,0.0,3.4886046774403865,3.4886046774403865,0.0,0.0,2.9276862144470215,2.0649256706237793,False,False
5Z8H_A_MET730,15,major_only,A,B,24,-180;-180;-90,-0.09494579837672566,-0.09019655553391895,-0.009417030510525982,0.0,3.4886046774403865,3.4886046774403865,0.0,0.0,2.4314799308776855,2.3439927101135254,False,False
5Z8H_A_MET730,15,major_only,A,B,25,-180;-180;90,-0.04220001189722108,-0.040599318552905314,-0.004378560002997098,0.0,3.4886046774403865,3.4886046774403865,0.0,0.0,3.516366720199585,3.1557016372680664,False,False
5Z8H_A_MET730,15,major_only,A,B,26,-180;-180;-180,-0.042577010670996354,-0.04090182916684528,-0.004384880414663106,0.0,3.4886046774403865,3.4886046774403865,0.0,0.0,3.235177993774414,2.701474189758301,False,False
5Z8H_A_MET730,16,major_only,A,B,0,-60;-60;-90,-0.18914224787419234,-0.17877691024264827,-0.019956849975110155,0.0,3.997938615576811,3.997938615576811,0.0,0.0,0.8813758492469788,0.40928998589515686,True,False
5Z8H_A_MET730,16,major_only,A,B,1,-60;-60;90,-0.0964996155503505,-0.0912162895102008,-0.010182932302621983,0.0,3.997938615576811,3.997938615576811,0.0,0.0,1.658141016960144,1.8830368518829346,False,False
5Z8H_A_MET730,16,major_only,A,B,2,-60;-60;-180,-0.0033795822887725006,-0.0031303221336642048,-0.00034945272901874656,0.0,3.997938615576811,3.997938615576811,0.0,0.0,0.6287176609039307,1.577333927154541,True,False
5Z8H_A_MET730,16,major_only,A,B,3,-60;60;-90,-0.0016816898110403918,-0.001532144232977778,-0.0001714437879092062,0.0,3.997938615576811,3.997938615576811,0.0,0.0,2.5709877014160156,2.885263204574585,False,False
5Z8H_A_MET730,16,major_only,A,B,4,-60;60;90,-0.0012155748225383656,-0.001097194516340085,-0.00012424225700864605,0.0,3.997938615576811,3.997938615576811,0.0,0.0,2.755124568939209,3.1597540378570557,False,False
5Z8H_A_MET730,16,major_only,A,B,5,-60;60;-180,-0.0002647589454472785,-0.0001878435227277934,-2.1043447156969928e-05,0.0,3.997938615576811,3.997938615576811,0.0,0.0,2.1748244762420654,2.841738700866699,False,False
5Z8H_A_MET730,16,major_only,A,B,6,-60;-180;-90,0.010706405796205532,0.010238750641851299,0.0011501774855920625,0.0011501774855920625,3.997938615576811,3.9975195036170694,0.000419111959741425,0.00010483201470589782,2.4384799003601074,2.8505029678344727,False,False
5Z8H_A_MET730,16,major_only,A,B,7,-60;-180;90,-0.024750515139734672,-0.023342970466407775,-0.0026058003288843157,0.0,3.997938615576811,3.997938615576811,0.0,0.0,1.7299764156341553,1.7571865320205688,False,False
5Z8H_A_MET730,16,major_only,A,B,8,-60;-180;-180,0.03189887192833201,0.030268843984841604,0.0033801335229120487,0.0033801335229120487,3.997938615576811,3.9942756925585154,0.0036629230182954053,0.0009162029161788242,1.6639395952224731,2.382124185562134,False,True
5Z8H_A_MET730,16,major_only,A,B,9,60;-60;-90,-0.0004892472726288152,-0.00042065738379676,-6.19037835185359e-05,0.0,3.997938615576811,3.997938615576811,0.0,0.0,3.730977773666382,4.0023512840271,False,False
5Z8H_A_MET730,16,major_only,A,B,10,60;-60;90,-0.00048398937299342997,-0.00042131614493860303,-6.492480899468411e-05,0.0,3.997938615576811,3.997938615576811,0.0,0.0,4.501371383666992,4.407451629638672,False,False
5Z8H_A_MET730,16,major_only,A,B,11,60;-60;-180,-0.0004843384242242571,-0.0004218171968742004,-6.525822515534363e-05,0.0,3.997938615576811,3.997938615576811,0.0,0.0,4.473294258117676,4.505861282348633,False,False
5Z8H_A_MET730,16,major_only,A,B,12,60;60;-90,-0.000609107731151113,-0.0005456117561477344,-0.00010369000461558495,0.0,3.997938615576811,3.997938615576811,0.0,0.0,4.8216471672058105,4.5441107749938965,False,False
5Z8H_A_MET730,16,major_only,A,B,13,60;60;90,-0.0006078286883610396,-0.0005432854140129466,-0.0001027416554992894,0.0,3.997938615576811,3.997938615576811,0.0,0.0,4.517237186431885,4.0827155113220215,False,False
5Z8H_A_MET730,16,major_only,A,B,14,60;60;-180,-0.0006075404476148178,-0.0005442500920330117,-0.00010361496698897761,0.0,3.997938615576811,3.997938615576811,0.0,0.0,4.853653907775879,4.629685878753662,False,False
5Z8H_A_MET730,16,major_only,A,B,15,60;-180;-90,-0.00042248779655008857,-0.00035505672045068904,-4.4354743388097786e-05,0.0,3.997938615576811,3.997938615576811,0.0,0.0,3.8537869453430176,3.5745136737823486,False,False
5Z8H_A_MET730,16,major_only,A,B,16,60;-180;90,-0.0004304846258289689,-0.0003580445858629689,-4.337876569737118e-05,0.0,3.997938615576811,3.997938615576811,0.0,0.0,3.36932373046875,3.6538548469543457,False,False
5Z8H_A_MET730,16,major_only,A,B,17,60;-180;-180,-0.00042615131200035095,-0.00036096398808671933,-4.624318380615339e-05,0.0,3.997938615576811,3.997938615576811,0.0,0.0,4.121427536010742,4.122584342956543,False,False
5Z8H_A_MET730,16,major_only,A,B,18,-180;-60;-90,-0.007224579292548523,-0.0069524272975767356,-0.0009600992670740334,0.0,3.997938615576811,3.997938615576811,0.0,0.0,4.171090602874756,3.6339290142059326,False,False
5Z8H_A_MET730,16,major_only,A,B,19,-180;-60;90,-0.007841317522773929,-0.007536783980414397,-0.0010244604551626637,0.0,3.997938615576811,3.997938615576811,0.0,0.0,4.109641075134277,3.3865549564361572,False,False
5Z8H_A_MET730,16,major_only,A,B,20,-180;-60;-180,-0.007296859897563723,-0.007021023038542838,-0.0009665396911372462,0.0,3.997938615576811,3.997938615576811,0.0,0.0,4.056313514709473,3.3140265941619873,False,False
5Z8H_A_MET730,16,major_only,A,B,21,-180;60;-90,-0.041319583288876485,-0.039257587593218395,-0.004422548781979359,0.0,3.997938615576811,3.997938615576811,0.0,0.0,3.1690080165863037,2.338050127029419,False,False
5Z8H_A_MET730,16,major_only,A,B,22,-180;60;90,-0.20609840587987133,-0.1948796000854315,-0.02175503616868809,0.0,3.997938615576811,3.997938615576811,0.0,0.0,2.024536609649658,1.6550021171569824,False,False
5Z8H_A_MET730,16,major_only,A,B,23,-180;60;-180,-0.039076600637401634,-0.0371569903789569,-0.004202056719464029,0.0,3.997938615576811,3.997938615576811,0.0,0.0,2.9276862144470215,2.0649256706237793,False,False
5Z8H_A_MET730,16,major_only,A,B,24,-180;-180;-90,-0.06523957507534903,-0.06176655338591134,-0.006903503895267093,0.0,3.997938615576811,3.997938615576811,0.0,0.0,2.4314799308776855,2.3439927101135254,False,False
5Z8H_A_MET730,16,major_only,A,B,25,-180;-180;90,-0.01281968784594008,-0.012216917362137474,-0.0014104782030158406,0.0,3.997938615576811,3.997938615576811,0.0,0.0,3.516366720199585,3.1557016372680664,False,False
5Z8H_A_MET730,16,major_only,A,B,26,-180;-180;-180,-0.013346927016001257,-0.01270148748177597,-0.0014576786375597307,0.0,3.997938615576811,3.997938615576811,0.0,0.0,3.235177993774414,2.701474189758301,False,False
5Z8H_A_MET730,18,major_only,A,B,0,-60;-60;-90,-0.18101325269044,-0.1705700318326236,-0.019075073413144523,0.0,4.012379160632856,4.012379160632856,0.0,0.0,0.8813758492469788,0.40928998589515686,True,False
5Z8H_A_MET730,18,major_only,A,B,1,-60;-60;90,-0.08628877934366025,-0.08103892793726378,-0.00906310609142985,0.0,4.012379160632856,4.012379160632856,0.0,0.0,1.658141016960144,1.8830368518829346,False,False
5Z8H_A_MET730,18,major_only,A,B,2,-60;-60;-180,0.007376603174716972,0.0075619477517840945,0.0008456993542182017,0.0008456993542182017,4.012379160632856,4.012149720539444,0.00022944009341152594,5.718305380076227e-05,0.6287176609039307,1.577333927154541,True,False
5Z8H_A_MET730,18,major_only,A,B,3,-60;60;-90,0.0010427514412197406,0.0015569337298673735,0.00017453203494391408,0.00017453203494391408,4.012379160632856,4.012369434454685,9.726178170410549e-06,2.4240426392994424e-06,2.5709877014160156,2.885263204574585,False,False
5Z8H_A_MET730,18,major_only,A,B,4,-60;60;90,0.0015159166713257974,0.001989670869612014,0.0002257095150630496,0.0002257095150630496,4.012379160632856,4.0123632764656785,1.588416717712704e-05,3.958790169426984e-06,2.755124568939209,3.1597540378570557,False,False
5Z8H_A_MET730,18,major_only,A,B,5,-60;60;-180,0.002443358096810547,0.0028842801534991265,0.0003236987507713924,0.0003236987507713924,4.012379160632856,4.012345781361711,3.337927114444028e-05,8.319072003946784e-06,2.1748244762420654,2.841738700866699,False,False
5Z8H_A_MET730,18,major_only,A,B,6,-60;-180;-90,0.012716956208886642,0.012646681291754402,0.0014232375461937636,0.0014232375461937636,4.012379160632856,4.011737426537101,0.0006417340957547424,0.00015993854769535897,2.4384799003601074,2.8505029678344727,False,False
5Z8H_A_MET730,18,major_only,A,B,7,-60;-180;90,-0.02331346870834593,-0.02146470360380608,-0.0024004509275357055,0.0,4.012379160632856,4.012379160632856,0.0,0.0,1.7299764156341553,1.7571865320205688,False,False
5Z8H_A_MET730,18,major_only,A,B,8,-60;-180;-180,0.03387066822380882,0.03264995586598142,0.003652612004728003,0.003652612004728003,4.012379160632856,4.0081018857325645,0.0042772749002910615,0.00106601961805036,1.6639395952224731,2.382124185562134,False,True
5Z8H_A_MET730,18,major_only,A,B,9,60;-60;-90,-0.000995849129715262,-0.0005002117981739956,-7.374380294915531e-05,0.0,4.012379160632856,4.012379160632856,0.0,0.0,3.730977773666382,4.0023512840271,False,False
5Z8H_A_MET730,18,major_only,A,B,10,60;-60;90,-0.0009750183702024348,-0.000516056150037565,-7.96677330032414e-05,0.0,4.012379160632856,4.012379160632856,0.0,0.0,4.501371383666992,4.407451629638672,False,False
5Z8H_A_MET730,18,major_only,A,B,11,60;-60;-180,-0.0009739678502811892,-0.0005160619458130111,-7.998263992634521e-05,0.0,4.012379160632856,4.012379160632856,0.0,0.0,4.473294258117676,4.505861282348633,False,False
5Z8H_A_MET730,18,major_only,A,B,12,60;60;-90,-0.001134500225634168,-0.00068751076489261,-0.0001308927521590299,0.0,4.012379160632856,4.012379160632856,0.0,0.0,4.8216471672058105,4.5441107749938965,False,False
5Z8H_A_MET730,18,major_only,A,B,13,60;60;90,-0.0011379323720567948,-0.0006844181140708458,-0.00012966504987143557,0.0,4.012379160632856,4.012379160632856,0.0,0.0,4.517237186431885,4.0827155113220215,False,False
5Z8H_A_MET730,18,major_only,A,B,14,60;60;-180,-0.0011307913503285703,-0.0006848742234732798,-0.0001306224198610215,0.0,4.012379160632856,4.012379160632856,0.0,0.0,4.853653907775879,4.629685878753662,False,False
5Z8H_A_MET730,18,major_only,A,B,15,60;-180;-90,-0.0009280069596643174,-0.0004276715541744317,-5.352240510024797e-05,0.0,4.012379160632856,4.012379160632856,0.0,0.0,3.8537869453430176,3.5745136737823486,False,False
5Z8H_A_MET730,18,major_only,A,B,16,60;-180;90,-0.000948555774164922,-0.00041724095889840673,-5.0641893605623924e-05,0.0,4.012379160632856,4.012379160632856,0.0,0.0,3.36932373046875,3.6538548469543457,False,False
5Z8H_A_MET730,18,major_only,A,B,17,60;-180;-180,-0.0009187710794139252,-0.00043406932641098893,-5.5709065149538804e-05,0.0,4.012379160632856,4.012379160632856,0.0,0.0,4.121427536010742,4.122584342956543,False,False
5Z8H_A_MET730,18,major_only,A,B,18,-180;-60;-90,-0.011823408863291087,-0.011016609357052209,-0.0015240897915429444,0.0,4.012379160632856,4.012379160632856,0.0,0.0,4.171090602874756,3.6339290142059326,False,False
5Z8H_A_MET730,18,major_only,A,B,19,-180;-60;90,-0.013550299051994515,-0.012658448056347787,-0.0017237430072718826,0.0,4.012379160632856,4.012379160632856,0.0,0.0,4.109641075134277,3.3865549564361572,False,False
5Z8H_A_MET730,18,major_only,A,B,20,-180;-60;-180,-0.012184700679769607,-0.011363312618446031,-0.0015671377492553129,0.0,4.012379160632856,4.012379160632856,0.0,0.0,4.056313514709473,3.3140265941619873,False,False
5Z8H_A_MET730,18,major_only,A,B,21,-180;60;-90,-0.02975598277568668,-0.027762306530551013,-0.0031331954768413803,0.0,4.012379160632856,4.012379160632856,0.0,0.0,3.1690080165863037,2.338050127029419,False,False
5Z8H_A_MET730,18,major_only,A,B,22,-180;60;90,-0.19678938819481923,-0.18555535585842284,-0.020751516808583798,0.0,4.012379160632856,4.012379160632856,0.0,0.0,2.024536609649658,1.6550021171569824,False,False
5Z8H_A_MET730,18,major_only,A,B,23,-180;60;-180,-0.028516865885564603,-0.026612238086211732,-0.003014988796378362,0.0,4.012379160632856,4.012379160632856,0.0,0.0,2.9276862144470215,2.0649256706237793,False,False
5Z8H_A_MET730,18,major_only,A,B,24,-180;-180;-90,-0.06748896375444048,-0.06338847196386398,-0.007097565534205243,0.0,4.012379160632856,4.012379160632856,0.0,0.0,2.4314799308776855,2.3439927101135254,False,False
5Z8H_A_MET730,18,major_only,A,B,25,-180;-180;90,-0.014572576476787715,-0.01343465814172142,-0.0015538685794771045,0.0,4.012379160632856,4.012379160632856,0.0,0.0,3.516366720199585,3.1557016372680664,False,False
5Z8H_A_MET730,18,major_only,A,B,26,-180;-180;-180,-0.015135591834753676,-0.013943277905696667,-0.0016030793150861268,0.0,4.012379160632856,4.012379160632856,0.0,0.0,3.235177993774414,2.701474189758301,False,False
5Z8H_A_MET730,22,major_only,A,B,0,-60;-60;-90,-0.020395059041158205,-0.019114521568859677,-0.002166559300880593,0.0,4.121822520264839,4.121822520264839,0.0,0.0,0.8813758492469788,0.40928998589515686,True,False
5Z8H_A_MET730,22,major_only,A,B,1,-60;-60;90,0.11378646674129211,0.10780391835008328,0.012219729264496043,0.012219729264496043,4.121822520264839,4.073919998084836,0.047902522180002904,0.011621684811631585,1.658141016960144,1.8830368518829346,False,False
5Z8H_A_MET730,22,major_only,A,B,2,-60;-60;-180,0.19257305656992293,0.18230533855164682,0.020664522480167383,0.020664522480167383,4.121822520264839,3.984832774139422,0.13698974612541726,0.033235236464430606,0.6287176609039307,1.577333927154541,True,True
5Z8H_A_MET730,22,major_only,A,B,3,-60;60;-90,0.05497055058068425,0.0523406106215098,0.005946856660852785,0.005946856660852785,4.121822520264839,4.110530624575189,0.011291895689650389,0.0027395395202326304,2.5709877014160156,2.885263204574585,False,False
5Z8H_A_MET730,22,major_only,A,B,4,-60;60;90,0.055395692232647745,0.05296217485425974,0.006089450404651274,0.006089450404651274,4.121822520264839,4.110260841213131,0.011561679051707685,0.002804991965293259,2.755124568939209,3.1597540378570557,False,False
5Z8H_A_MET730,22,major_only,A,B,5,-60;60;-180,0.05573160266635183,0.05310004834418796,0.006040072603877091,0.006040072603877091,4.121822520264839,4.110200567106398,0.011621953158440945,0.0028196151341553155,2.1748244762420654,2.841738700866699,False,False
5Z8H_A_MET730,22,major_only,A,B,6,-60;-180;-90,0.04472119983998937,0.042665829344530164,0.004866589009072934,0.004866589009072934,4.121822520264839,4.114319265864303,0.007503254400536008,0.0018203729936566754,2.4384799003601074,2.8505029678344727,False,False
5Z8H_A_MET730,22,major_only,A,B,7,-60;-180;90,-0.014912053834850489,-0.013934224605729814,-0.001579408255358638,0.0,4.121822520264839,4.121822520264839,0.0,0.0,1.7299764156341553,1.7571865320205688,False,False
5Z8H_A_MET730,22,major_only,A,B,8,-60;-180;-180,0.059382144588971814,0.05639385656095783,0.006394349936551223,0.006394349936551223,4.121822520264839,4.108714023885469,0.013108496379370393,0.003180267057817942,1.6639395952224731,2.382124185562134,False,False
5Z8H_A_MET730,22,major_only,A,B,9,60;-60;-90,-9.093234583455524e-05,4.610885974000575e-05,6.889689384073452e-06,6.889689384073452e-06,4.121822520264839,4.121822511501733,8.763105796560922e-09,2.1260269585789604e-09,3.730977773666382,4.0023512840271,False,False
5Z8H_A_MET730,22,major_only,A,B,10,60;-60;90,-0.00010762934709402862,2.0327629449207604e-05,3.180650113902041e-06,3.180650113902041e-06,4.121822520264839,4.12182251856165,1.7031887011853541e-09,4.1321252742243724e-10,4.501371383666992,4.407451629638672,False,False
5Z8H_A_MET730,22,major_only,A,B,11,60;-60;-180,-0.00010725563619620999,2.0414792844035306e-05,3.2068787294342323e-06,3.2068787294342323e-06,4.121822520264839,4.121822518547012,1.717826769720432e-09,4.1676388570220547e-10,4.473294258117676,4.505861282348633,False,False
5Z8H_A_MET730,22,major_only,A,B,12,60;60;-90,-0.0005630511187911942,-0.0004271559649284584,-8.242638112064425e-05,0.0,4.121822520264839,4.121822520264839,0.0,0.0,4.8216471672058105,4.5441107749938965,False,False
5Z8H_A_MET730,22,major_only,A,B,13,60;60;90,-0.0006777518017434406,-0.0005366312393332807,-0.00010304360591265331,0.0,4.121822520264839,4.121822520264839,0.0,0.0,4.517237186431885,4.0827155113220215,False,False
5Z8H_A_MET730,22,major_only,A,B,14,60;60;-180,-0.0005629842278802691,-0.00042739881105349526,-8.261974962965299e-05,0.0,4.121822520264839,4.121822520264839,0.0,0.0,4.853653907775879,4.629685878753662,False,False
5Z8H_A_MET730,22,major_only,A,B,15,60;-180;-90,-0.0005758749468491295,-0.00042030246155676926,-5.33127211755032e-05,0.0,4.121822520264839,4.121822520264839,0.0,0.0,3.8537869453430176,3.5745136737823486,False,False
5Z8H_A_MET730,22,major_only,A,B,16,60;-180;90,-0.0002801348244827477,-0.0001259346938431565,-1.549216283723018e-05,0.0,4.121822520264839,4.121822520264839,0.0,0.0,3.36932373046875,3.6538548469543457,False,False
5Z8H_A_MET730,22,major_only,A,B,17,60;-180;-180,-0.0002995713963709157,-0.00015800405779851305,-2.055316338005754e-05,0.0,4.121822520264839,4.121822520264839,0.0,0.0,4.121427536010742,4.122584342956543,False,False
5Z8H_A_MET730,22,major_only,A,B,18,-180;-60;-90,-0.043568922378875316,-0.04210112570421468,-0.005903369583659742,0.0,4.121822520264839,4.121822520264839,0.0,0.0,4.171090602874756,3.6339290142059326,False,False
5Z8H_A_MET730,22,major_only,A,B,19,-180;-60;90,-0.04283087340571929,-0.041316007055032064,-0.005702352458930048,0.0,4.121822520264839,4.121822520264839,0.0,0.0,4.109641075134277,3.3865549564361572,False,False
5Z8H_A_MET730,22,major_only,A,B,20,-180;-60;-180,-0.04346125695239986,-0.04198854637765796,-0.005869170390382255,0.0,4.121822520264839,4.121822520264839,0.0,0.0,4.056313514709473,3.3140265941619873,False,False
5Z8H_A_MET730,22,major_only,A,B,21,-180;60;-90,-0.04040868032856991,-0.03829279914435211,-0.004380187691099705,0.0,4.121822520264839,4.121822520264839,0.0,0.0,3.1690080165863037,2.338050127029419,False,False
5Z8H_A_MET730,22,major_only,A,B,22,-180;60;90,-0.21320487388131643,-0.20149804750981562,-0.022839724195159224,0.0,4.121822520264839,4.121822520264839,0.0,0.0,2.024536609649658,1.6550021171569824,False,False
5Z8H_A_MET730,22,major_only,A,B,23,-180;60;-180,-0.040188406132036836,-0.038118824578729074,-0.004377110027856152,0.0,4.121822520264839,4.121822520264839,0.0,0.0,2.9276862144470215,2.0649256706237793,False,False
5Z8H_A_MET730,22,major_only,A,B,24,-180;-180;-90,-0.12080160917310574,-0.11432434094037672,-0.012974227102581764,0.0,4.121822520264839,4.121822520264839,0.0,0.0,2.4314799308776855,2.3439927101135254,False,False
5Z8H_A_MET730,22,major_only,A,B,25,-180;-180;90,-0.05405739801913101,-0.051612474988916204,-0.006050426804092041,0.0,4.121822520264839,4.121822520264839,0.0,0.0,3.516366720199585,3.1557016372680664,False,False
5Z8H_A_MET730,22,major_only,A,B,26,-180;-180;-180,-0.054218719606256516,-0.05168597195071436,-0.006022911410322849,0.0,4.121822520264839,4.121822520264839,0.0,0.0,3.235177993774414,2.701474189758301,False,False
5Z8H_A_MET730,23,major_only,A,B,0,-60;-60;-90,-0.05225251349726638,-0.04719651195665316,-0.00495605559245466,0.0,3.537753119851098,3.537753119851098,0.0,0.0,0.8813758492469788,0.40928998589515686,True,False
5Z8H_A_MET730,23,major_only,A,B,1,-60;-60;90,-0.06800845762572066,-0.062128049478586536,-0.006524299271285463,0.0,3.537753119851098,3.537753119851098,0.0,0.0,1.658141016960144,1.8830368518829346,False,False
5Z8H_A_MET730,23,major_only,A,B,2,-60;-60;-180,0.09734743995522041,0.09427381366870383,0.009900022482781583,0.009900022482781583,3.537753119851098,3.5063111552346413,0.03144196461645654,0.008887551943641539,0.6287176609039307,1.577333927154541,True,True
5Z8H_A_MET730,23,major_only,A,B,3,-60;60;-90,0.006219984215520648,0.008040604020394124,0.0008463626270166797,0.0008463626270166797,3.537753119851098,3.5375243994667844,0.00022872038431343,6.465131301277934e-05,2.5709877014160156,2.885263204574585,False,False
5Z8H_A_MET730,23,major_only,A,B,4,-60;60;90,0.016082181064356448,0.017381603533728484,0.0018514894597308595,0.0018514894597308595,3.537753119851098,3.5366842933782774,0.0010688264728204722,0.0003021201414036089,2.755124568939209,3.1597540378570557,False,False
5Z8H_A_MET730,23,major_only,A,B,5,-60;60;-180,0.016792833070482675,0.018073199613852085,0.0019045895857204734,0.0019045895857204734,3.537753119851098,3.536597546246494,0.0011555736046040543,0.00032664054428215494,2.1748244762420654,2.841738700866699,False,False
5Z8H_A_MET730,23,major_only,A,B,6,-60;-180;-90,0.029462157487578057,0.030111787057105224,0.0031819996460605566,0.0031819996460605566,3.537753119851098,3.534545369333643,0.0032077505174550325,0.0009067197197723184,2.4384799003601074,2.8505029678344727,False,False
5Z8H_A_MET730,23,major_only,A,B,7,-60;-180;90,-0.0049945155441465175,-0.002519064258821053,-0.0002645269719257949,0.0,3.537753119851098,3.537753119851098,0.0,0.0,1.7299764156341553,1.7571865320205688,False,False
5Z8H_A_MET730,23,major_only,A,B,8,-60;-180;-180,0.0519110016420994,0.051334523555118895,0.005392538537452803,0.005392538537452803,3.537753119851098,3.5284303149919527,0.009322804859145162,0.0026352333086310875,1.6639395952224731,2.382124185562134,False,False
5Z8H_A_MET730,23,major_only,A,B,9,60;-60;-90,-0.002379736080069777,-0.0005582647273777569,-7.728132623874577e-05,0.0,3.537753119851098,3.537753119851098,0.0,0.0,3.730977773666382,4.0023512840271,False,False
5Z8H_A_MET730,23,major_only,A,B,10,60;-60;90,-0.002272833677920008,-0.0005842087959790442,-8.468692638233874e-05,0.0,3.537753119851098,3.537753119851098,0.0,0.0,4.501371383666992,4.407451629638672,False,False
5Z8H_A_MET730,23,major_only,A,B,11,60;-60;-180,-0.0022713510066783432,-0.0005864613921672686,-8.534854153537795e-05,0.0,3.537753119851098,3.537753119851098,0.0,0.0,4.473294258117676,4.505861282348633,False,False
5Z8H_A_MET730,23,major_only,A,B,12,60;60;-90,-0.003164976288870691,-0.0015108532760405285,-0.0002700978738485676,0.0,3.537753119851098,3.537753119851098,0.0,0.0,4.8216471672058105,4.5441107749938965,False,False
5Z8H_A_MET730,23,major_only,A,B,13,60;60;90,-0.0033684879104124363,-0.0016853031398496394,-0.00029980732836577665,0.0,3.537753119851098,3.537753119851098,0.0,0.0,4.517237186431885,4.0827155113220215,False,False
5Z8H_A_MET730,23,major_only,A,B,14,60;60;-180,-0.003162496030462377,-0.0015119799461381503,-0.0002707794571957177,0.0,3.537753119851098,3.537753119851098,0.0,0.0,4.853653907775879,4.629685878753662,False,False
5Z8H_A_MET730,23,major_only,A,B,15,60;-180;-90,-0.00255356310998258,-0.0007008698308697048,-8.236171859872074e-05,0.0,3.537753119851098,3.537753119851098,0.0,0.0,3.8537869453430176,3.5745136737823486,False,False
5Z8H_A_MET730,23,major_only,A,B,16,60;-180;90,-0.002552261350911505,-0.0005897114294532618,-6.72086736900263e-05,0.0,3.537753119851098,3.537753119851098,0.0,0.0,3.36932373046875,3.6538548469543457,False,False
5Z8H_A_MET730,23,major_only,A,B,17,60;-180;-180,-0.002427694948943814,-0.0006349845805061208,-7.652313093343692e-05,0.0,3.537753119851098,3.537753119851098,0.0,0.0,4.121427536010742,4.122584342956543,False,False
5Z8H_A_MET730,23,major_only,A,B,18,-180;-60;-90,-0.03544461648096642,-0.03268397274021613,-0.004245806740309172,0.0,3.537753119851098,3.537753119851098,0.0,0.0,4.171090602874756,3.6339290142059326,False,False
5Z8H_A_MET730,23,major_only,A,B,19,-180;-60;90,-0.035512112169145765,-0.03265312631680173,-0.004175222268709718,0.0,3.537753119851098,3.537753119851098,0.0,0.0,4.109641075134277,3.3865549564361572,False,False
5Z8H_A_MET730,23,major_only,A,B,20,-180;-60;-180,-0.03528946390675507,-0.032522392585103095,-0.004211603553616763,0.0,3.537753119851098,3.537753119851098,0.0,0.0,4.056313514709473,3.3140265941619873,False,False
5Z8H_A_MET730,23,major_only,A,B,21,-180;60;-90,-0.04652340649397871,-0.04218486219299663,-0.0044704512040385355,0.0,3.537753119851098,3.537753119851098,0.0,0.0,3.1690080165863037,2.338050127029419,False,False
5Z8H_A_MET730,23,major_only,A,B,22,-180;60;90,-0.1662372048626794,-0.15503490122080157,-0.01628053256401838,0.0,3.537753119851098,3.537753119851098,0.0,0.0,2.024536609649658,1.6550021171569824,False,False
5Z8H_A_MET730,23,major_only,A,B,23,-180;60;-180,-0.05265160850525938,-0.04807926823752107,-0.005114756110064599,0.0,3.537753119851098,3.537753119851098,0.0,0.0,2.9276862144470215,2.0649256706237793,False,False
5Z8H_A_MET730,23,major_only,A,B,24,-180;-180;-90,-0.08181661323589591,-0.07537522177678407,-0.007924840125626867,0.0,3.537753119851098,3.537753119851098,0.0,0.0,2.4314799308776855,2.3439927101135254,False,False
5Z8H_A_MET730,23,major_only,A,B,25,-180;-180;90,-0.030110712622203707,-0.02687521280882536,-0.0029187866771257435,0.0,3.537753119851098,3.537753119851098,0.0,0.0,3.516366720199585,3.1557016372680664,False,False
5Z8H_A_MET730,23,major_only,A,B,26,-180;-180;-180,-0.030728544901834496,-0.027389970687083483,-0.0029569533475206824,0.0,3.537753119851098,3.537753119851098,0.0,0.0,3.235177993774414,2.701474189758301,False,False
5Z8H_A_MET730,25,major_only,A,B,0,-60;-60;-90,-0.15894240129441242,-0.15057957447288803,-0.0165342011744535,0.0,3.868203333539404,3.868203333539404,0.0,0.0,0.8813758492469788,0.40928998589515686,True,False
5Z8H_A_MET730,25,major_only,A,B,1,-60;-60;90,-0.06185257013052241,-0.05879933926564503,-0.006456683332006354,0.0,3.868203333539404,3.868203333539404,0.0,0.0,1.658141016960144,1.8830368518829346,False,False
5Z8H_A_MET730,25,major_only,A,B,2,-60;-60;-180,0.03200715904466488,0.029981144469252746,0.003292184744511227,0.003292184744511227,3.868203333539404,3.8647263253855657,0.0034770081538382236,0.0008988690236861885,0.6287176609039307,1.577333927154541,True,True
5Z8H_A_MET730,25,major_only,A,B,3,-60;60;-90,0.009736074322619326,0.008958858092249753,0.0009860781752786703,0.0009860781752786703,3.868203333539404,3.8678928671366126,0.00031046640279130955,8.026113831695423e-05,2.5709877014160156,2.885263204574585,False,False
5Z8H_A_MET730,25,major_only,A,B,4,-60;60;90,0.0102355766213864,0.009485669951157657,0.001056550597645508,0.001056550597645508,3.868203333539404,3.867855280593526,0.0003480529458781412,8.997793442250951e-05,2.755124568939209,3.1597540378570557,False,False
5Z8H_A_MET730,25,major_only,A,B,5,-60;60;-180,0.011066082754157639,0.010230691514961886,0.0011273589986018422,0.0011273589986018422,3.868203333539404,3.867798460112037,0.0004048734273669474,0.00010466704887420912,2.1748244762420654,2.841738700866699,False,False
5Z8H_A_MET730,25,major_only,A,B,6,-60;-180;-90,0.009665496409928169,0.00890724947040261,0.0009842333996609753,0.0009842333996609753,3.868203333539404,3.8678964337948862,0.00030689974451769686,7.93390931279933e-05,2.4384799003601074,2.8505029678344727,False,False
5Z8H_A_MET730,25,major_only,A,B,7,-60;-180;90,-0.027974291967817578,-0.02674934129964306,-0.0029372079337163736,0.0,3.868203333539404,3.868203333539404,0.0,0.0,1.7299764156341553,1.7571865320205688,False,False
5Z8H_A_MET730,25,major_only,A,B,8,-60;-180;-180,0.028529964603807967,0.02672503399350116,0.002935572929888009,0.002935572929888009,3.868203333539404,3.8654405565675334,0.002762776971870551,0.0007142274419536812,1.6639395952224731,2.382124185562134,False,False
5Z8H_A_MET730,25,major_only,A,B,9,60;-60;-90,6.084234107653511e-05,-0.00017128645914499135,-2.4794096970042293e-05,0.0,3.868203333539404,3.868203333539404,0.0,0.0,3.730977773666382,4.0023512840271,False,False
5Z8H_A_MET730,25,major_only,A,B,10,60;-60;90,4.8494127589014414e-05,-0.00016727431434251027,-2.5355280761350726e-05,0.0,3.868203333539404,3.868203333539404,0.0,0.0,4.501371383666992,4.407451629638672,False,False
5Z8H_A_MET730,25,major_only,A,B,11,60;-60;-180,4.7350952723272946e-05,-0.00016792781786323594,-2.5554665927225224e-05,0.0,3.868203333539404,3.868203333539404,0.0,0.0,4.473294258117676,4.505861282348633,False,False
5Z8H_A_MET730,25,major_only,A,B,12,60;60;-90,-1.0258003030064463e-05,-0.0002171746790561317,-4.0597468116881546e-05,0.0,3.868203333539404,3.868203333539404,0.0,0.0,4.8216471672058105,4.5441107749938965,False,False
5Z8H_A_MET730,25,major_only,A,B,13,60;60;90,-1.5801539170618925e-05,-0.00022533773727294532,-4.1916887747611774e-05,0.0,3.868203333539404,3.868203333539404,0.0,0.0,4.517237186431885,4.0827155113220215,False,False
5Z8H_A_MET730,25,major_only,A,B,14,60;60;-180,-1.1072529805065137e-05,-0.00021754731567674064,-4.0739368929081665e-05,0.0,3.868203333539404,3.868203333539404,0.0,0.0,4.853653907775879,4.629685878753662,False,False
5Z8H_A_MET730,25,major_only,A,B,15,60;-180;-90,1.5179421758777948e-05,-0.0002184834933212851,-2.684711056610987e-05,0.0,3.868203333539404,3.868203333539404,0.0,0.0,3.8537869453430176,3.5745136737823486,False,False
5Z8H_A_MET730,25,major_only,A,B,16,60;-180;90,-7.078375157061523e-05,-0.00031435050879539847,-3.746198914225143e-05,0.0,3.868203333539404,3.868203333539404,0.0,0.0,3.36932373046875,3.6538548469543457,False,False
5Z8H_A_MET730,25,major_only,A,B,17,60;-180;-180,1.5916722614458672e-05,-0.00021102460282475624,-2.6592154731905378e-05,0.0,3.868203333539404,3.868203333539404,0.0,0.0,4.121427536010742,4.122584342956543,False,False
5Z8H_A_MET730,25,major_only,A,B,18,-180;-60;-90,-0.017797312039798084,-0.01747087449493913,-0.002373181272697554,0.0,3.868203333539404,3.868203333539404,0.0,0.0,4.171090602874756,3.6339290142059326,False,False
5Z8H_A_MET730,25,major_only,A,B,19,-180;-60;90,-0.017586842337897864,-0.01724495083445542,-0.0023057259024791394,0.0,3.868203333539404,3.868203333539404,0.0,0.0,4.109641075134277,3.3865549564361572,False,False
5Z8H_A_MET730,25,major_only,A,B,20,-180;-60;-180,-0.017766141937872147,-0.017438090021477577,-0.002361319735613169,0.0,3.868203333539404,3.868203333539404,0.0,0.0,4.056313514709473,3.3140265941619873,False,False
5Z8H_A_MET730,25,major_only,A,B,21,-180;60;-90,-0.0615068433691687,-0.0588061050726869,-0.00651640436293154,0.0,3.868203333539404,3.868203333539404,0.0,0.0,3.1690080165863037,2.338050127029419,False,False
5Z8H_A_MET730,25,major_only,A,B,22,-180;60;90,-0.23358022493815706,-0.22123124575242464,-0.02429273884479456,0.0,3.868203333539404,3.868203333539404,0.0,0.0,2.024536609649658,1.6550021171569824,False,False
5Z8H_A_MET730,25,major_only,A,B,23,-180;60;-180,-0.06280336128310472,-0.06009103728233692,-0.006684480606522672,0.0,3.868203333539404,3.868203333539404,0.0,0.0,2.9276862144470215,2.0649256706237793,False,False
5Z8H_A_MET730,25,major_only,A,B,24,-180;-180;-90,-0.0760543483091415,-0.07236732549326991,-0.007956009907459795,0.0,3.868203333539404,3.868203333539404,0.0,0.0,2.4314799308776855,2.3439927101135254,False,False
5Z8H_A_MET730,25,major_only,A,B,25,-180;-180;90,-0.023009512386059625,-0.022291409273709446,-0.002531505382666565,0.0,3.868203333539404,3.868203333539404,0.0,0.0,3.516366720199585,3.1557016372680664,False,False
5Z8H_A_MET730,25,major_only,A,B,26,-180;-180;-180,-0.02345879234500563,-0.022691934880267547,-0.0025616236244665335,0.0,3.868203333539404,3.868203333539404,0.0,0.0,3.235177993774414,2.701474189758301,False,False
5Z8H_A_MET730,26,major_only,A,B,0,-60;-60;-90,0.18703598870640673,0.17721755088597893,0.08429834449053449,0.08429834449053449,72.59381522049954,70.31392947922674,2.2798857412727926,0.0314060603420246,0.8813758492469788,0.40928998589515686,True,False
5Z8H_A_MET730,26,major_only,A,B,1,-60;-60;90,0.2116716162295782,0.20059214380203022,0.09542147474598177,0.09542147474598177,72.59381522049954,69.67284276669983,2.920972453799706,0.04023720815509449,1.658141016960144,1.8830368518829346,False,False
5Z8H_A_MET730,26,major_only,A,B,2,-60;-60;-180,0.2239480031445599,0.21217532570420328,0.10093133832131533,0.10093133832131533,72.59381522049954,69.32576007156834,3.2680551489311966,0.04501836883768496,0.6287176609039307,1.577333927154541,True,False
5Z8H_A_MET730,26,major_only,A,B,3,-60;60;-90,0.24113484064526156,0.22923106365556217,0.10930180206953141,0.10930180206953141,72.59381522049954,68.77923668382678,3.814578536672755,0.05254688054466062,2.5709877014160156,2.885263204574585,False,False
5Z8H_A_MET730,26,major_only,A,B,4,-60;60;90,0.24275448595643054,0.2317383894935848,0.11181895733314157,0.11181895733314157,72.59381522049954,68.69533270715627,3.898482513343268,0.05370268116508068,2.755124568939209,3.1597540378570557,False,False
5Z8H_A_MET730,26,major_only,A,B,5,-60;60;-180,0.24136374537880906,0.22961124274098438,0.109608834209908,0.109608834209908,72.59381522049954,68.76657325547987,3.8272419650196667,0.05272132279305943,2.1748244762420654,2.841738700866699,False,False
5Z8H_A_MET730,26,major_only,A,B,6,-60;-180;-90,0.24728852727209422,0.23537474511119086,0.11267031505229064,0.11267031505229064,72.59381522049954,68.57202561695738,4.02178960354216,0.055401270636158274,2.4384799003601074,2.8505029678344727,False,False
5Z8H_A_MET730,26,major_only,A,B,7,-60;-180;90,0.25386431599263604,0.2404702096379601,0.11438736241399323,0.11438736241399323,72.59381522049954,68.39601094396144,4.197804276538093,0.05782592172332456,1.7299764156341553,1.7571865320205688,False,True
5Z8H_A_MET730,26,major_only,A,B,8,-60;-180;-180,0.2517684288529065,0.23874805630720008,0.11360818351492237,0.11360818351492237,72.59381522049954,68.45592170010679,4.137893520392751,0.057000634390466154,1.6639395952224731,2.382124185562134,False,False
5Z8H_A_MET730,26,major_only,A,B,9,60;-60;-90,0.002872176985122641,0.00306460158862007,0.0019217392020238475,0.0019217392020238475,72.59381522049954,72.59313343514731,0.0006817853522278483,9.391782897165063e-06,3.730977773666382,4.0023512840271,False,False
5Z8H_A_MET730,26,major_only,A,B,10,60;-60;90,0.002737005640038423,0.0029265067800284196,0.0019216923599379991,0.0019216923599379991,72.59381522049954,72.59319349498432,0.0006217255152165535,8.564441933904397e-06,4.501371383666992,4.407451629638672,False,False
5Z8H_A_MET730,26,major_only,A,B,11,60;-60;-180,0.0027487417783721192,0.0029376771553937153,0.0019366306133252159,0.0019366306133252159,72.59381522049954,72.59318873971661,0.0006264807829268193,8.629947069511637e-06,4.473294258117676,4.505861282348633,False,False
5Z8H_A_MET730,26,major_only,A,B,12,60;60;-90,0.0026731852344410254,0.002860712773145494,0.0023166433540722903,0.0023166433540722903,72.59381522049954,72.59322113612214,0.0005940843773970528,8.183677570775907e-06,4.8216471672058105,4.5441107749938965,False,False
5Z8H_A_MET730,26,major_only,A,B,13,60;60;90,0.002652731936147236,0.0028423335198214904,0.0022904736541052443,0.0022904736541052443,72.59381522049954,72.59322874524125,0.0005864752582880328,8.07885983821966e-06,4.517237186431885,4.0827155113220215,False,False
5Z8H_A_MET730,26,major_only,A,B,14,60;60;-180,0.0026786177626651544,0.0028657685558051687,0.002324860211883779,0.002324860211883779,72.59381522049954,72.59321903439726,0.0005961861022711901,8.21262941560943e-06,4.853653907775879,4.629685878753662,False,False
5Z8H_A_MET730,26,major_only,A,B,15,60;-180;-90,0.0024459293287084015,0.0026542225537970012,0.0014128999796843632,0.0014128999796843632,72.59381522049954,72.59330380452195,0.0005114159775843063,7.044897365304603e-06,3.8537869453430176,3.5745136737823486,False,False
5Z8H_A_MET730,26,major_only,A,B,16,60;-180;90,0.00275986714551643,0.002962631770005174,0.0015295000839209716,0.0015295000839209716,72.59381522049954,72.59317805100795,0.0006371694915827675,8.777187004807528e-06,3.36932373046875,3.6538548469543457,False,False
5Z8H_A_MET730,26,major_only,A,B,17,60;-180;-180,0.002538605584079093,0.0027403291586282678,0.0014959543221316869,0.0014959543221316869,72.59381522049954,72.59327008422056,0.0005451362789727909,7.509403897797228e-06,4.121427536010742,4.122584342956543,False,False
5Z8H_A_MET730,26,major_only,A,B,18,-180;-60;-90,-0.10205881827744444,-0.09864478210393965,-0.05804777128879654,0.0,72.59381522049954,72.59381522049954,0.0,0.0,4.171090602874756,3.6339290142059326,False,False
5Z8H_A_MET730,26,major_only,A,B,19,-180;-60;90,-0.10067550946789114,-0.09714065216233643,-0.05626546289393153,0.0,72.59381522049954,72.59381522049954,0.0,0.0,4.109641075134277,3.3865549564361572,False,False
5Z8H_A_MET730,26,major_only,A,B,20,-180;-60;-180,-0.10177031744986716,-0.09834596324991221,-0.057690935761974274,0.0,72.59381522049954,72.59381522049954,0.0,0.0,4.056313514709473,3.3140265941619873,False,False
5Z8H_A_MET730,26,major_only,A,B,21,-180;60;-90,-0.11438316593903661,-0.1085024564418778,-0.05208592054767386,0.0,72.59381522049954,72.59381522049954,0.0,0.0,3.1690080165863037,2.338050127029419,False,False
5Z8H_A_MET730,26,major_only,A,B,22,-180;60;90,-0.08444132429212746,-0.07950686063361902,-0.03782071939624254,0.0,72.59381522049954,72.59381522049954,0.0,0.0,2.024536609649658,1.6550021171569824,False,False
5Z8H_A_MET730,26,major_only,A,B,23,-180;60;-180,-0.11206965332531557,-0.10639940379288067,-0.051273424515023196,0.0,72.59381522049954,72.59381522049954,0.0,0.0,2.9276862144470215,2.0649256706237793,False,False
5Z8H_A_MET730,26,major_only,A,B,24,-180;-180;-90,-0.09573834728956321,-0.09037816389506885,-0.043043885768675245,0.0,72.59381522049954,72.59381522049954,0.0,0.0,2.4314799308776855,2.3439927101135254,False,False
5Z8H_A_MET730,26,major_only,A,B,25,-180;-180;90,-0.10623450083621715,-0.10140129924959224,-0.0498861527893741,0.0,72.59381522049954,72.59381522049954,0.0,0.0,3.516366720199585,3.1557016372680664,False,False
5Z8H_A_MET730,26,major_only,A,B,26,-180;-180;-180,-0.10567441711286338,-0.10070665022872237,-0.049248964676658444,0.0,72.59381522049954,72.59381522049954,0.0,0.0,3.235177993774414,2.701474189758301,False,False
5Z8H_A_MET730,27,major_only,A,B,0,-60;-60;-90,0.38176176291302655,0.3615417141855407,0.15770689314410422,0.15770689314410422,61.04632403840171,53.06681183478115,7.979512203620558,0.13071241109621898,0.8813758492469788,0.40928998589515686,True,False
5Z8H_A_MET730,27,major_only,A,B,1,-60;-60;90,0.34379924948373536,0.3257770996848498,0.14211263924048514,0.14211263924048514,61.04632403840171,54.56743379549059,6.47889024291112,0.10613071867907263,1.658141016960144,1.8830368518829346,False,False
5Z8H_A_MET730,27,major_only,A,B,2,-60;-60;-180,0.39538226352481726,0.3745190529073419,0.16337478115154547,0.16337478115154547,61.04632403840171,52.483690638917594,8.562633399484113,0.14026452099061223,0.6287176609039307,1.577333927154541,True,True
5Z8H_A_MET730,27,major_only,A,B,3,-60;60;-90,0.12172507196812568,0.1160865608502331,0.050759314196343594,0.050759314196343594,61.04632403840171,60.22365830529699,0.8226657331047136,0.013476089610034648,2.5709877014160156,2.885263204574585,False,False
5Z8H_A_MET730,27,major_only,A,B,4,-60;60;90,0.15003503811933347,0.14354379342775306,0.06351580708947886,0.06351580708947886,61.04632403840171,59.78847548137012,1.2578485570315863,0.020604820631629286,2.755124568939209,3.1597540378570557,False,False
5Z8H_A_MET730,27,major_only,A,B,5,-60;60;-180,0.13936703772077777,0.13292349903975706,0.05818809275931859,0.05818809275931859,61.04632403840171,59.967717502459706,1.0786065359420007,0.017668656596972067,2.1748244762420654,2.841738700866699,False,False
5Z8H_A_MET730,27,major_only,A,B,6,-60;-180;-90,0.2309582397817272,0.22004708811482834,0.09659290329752436,0.09659290329752436,61.04632403840171,58.09041701480652,2.955907023595188,0.04842072098781492,2.4384799003601074,2.8505029678344727,False,False
5Z8H_A_MET730,27,major_only,A,B,7,-60;-180;90,0.24015673076040311,0.227706866713546,0.09932826265981085,0.09932826265981085,61.04632403840171,57.88104667162804,3.1652773667736653,0.051850417148500555,1.7299764156341553,1.7571865320205688,False,False
5Z8H_A_MET730,27,major_only,A,B,8,-60;-180;-180,0.2357125633772088,0.22374500128626756,0.0976344447589825,0.0976344447589825,61.04632403840171,57.990233610834025,3.056090427567682,0.05006182560059181,1.6639395952224731,2.382124185562134,False,False
5Z8H_A_MET730,27,major_only,A,B,9,60;-60;-90,0.0025693305591549345,0.0029310822025086706,0.0016854985124088145,0.0016854985124088145,61.04632403840171,61.0457995746051,0.000524463796608643,8.591242877764836e-06,3.730977773666382,4.0023512840271,False,False
5Z8H_A_MET730,27,major_only,A,B,10,60;-60;90,0.0025077126279265064,0.0028521675042370233,0.0017174705720612675,0.0017174705720612675,61.04632403840171,61.04582743513436,0.0004966032673436871,8.13485947214929e-06,4.501371383666992,4.407451629638672,False,False
5Z8H_A_MET730,27,major_only,A,B,11,60;-60;-180,0.002519553289689189,0.00286309923238269,0.0017308485762948798,0.0017308485762948798,61.04632403840171,61.04582362109787,0.000500417303840095,8.19733721436369e-06,4.473294258117676,4.505861282348633,False,False
5Z8H_A_MET730,27,major_only,A,B,12,60;60;-90,0.002382888401402621,0.00272161737513211,0.002021119262932397,0.002021119262932397,61.04632403840171,61.045871856000915,0.00045218240079236693,7.407201136433993e-06,4.8216471672058105,4.5441107749938965,False,False
5Z8H_A_MET730,27,major_only,A,B,13,60;60;90,0.0023368437777134886,0.0026804976792934687,0.0019808228968895927,0.0019808228968895927,61.04632403840171,61.04588541642403,0.00043862197767907674,7.185067808557283e-06,4.517237186431885,4.0827155113220215,False,False
5Z8H_A_MET730,27,major_only,A,B,14,60;60;-180,0.002388492533323492,0.002726516467617412,0.0020283542430033024,0.0020283542430033024,61.04632403840171,61.045870226618874,0.00045381178283321333,7.433892048073839e-06,4.853653907775879,4.629685878753662,False,False
5Z8H_A_MET730,27,major_only,A,B,15,60;-180;-90,0.0022241029865383024,0.0026013224852844156,0.0012698377290920719,0.0012698377290920719,61.04632403840171,61.04591094533356,0.00041309306814696356,6.766878672122893e-06,3.8537869453430176,3.5745136737823486,False,False
5Z8H_A_MET730,27,major_only,A,B,16,60;-180;90,0.002542435711423549,0.0029239555244880825,0.001384275523370963,0.001384275523370963,61.04632403840171,61.04580212188315,0.00052191651855793,8.549515909092477e-06,3.36932373046875,3.6538548469543457,False,False
5Z8H_A_MET730,27,major_only,A,B,17,60;-180;-180,0.002332063421128304,0.0026971316286020374,0.0013501987167700773,0.0013501987167700773,61.04632403840171,61.045879955756284,0.0004440826454228386,7.274519021710212e-06,4.121427536010742,4.122584342956543,False,False
5Z8H_A_MET730,27,major_only,A,B,18,-180;-60;-90,-0.10088179706881803,-0.0973511952952012,-0.05253305631140281,0.0,61.04632403840171,61.04632403840171,0.0,0.0,4.171090602874756,3.6339290142059326,False,False
5Z8H_A_MET730,27,major_only,A,B,19,-180;-60;90,-0.09958619680353424,-0.09593002110821701,-0.05095365818264767,0.0,61.04632403840171,61.04632403840171,0.0,0.0,4.109641075134277,3.3865549564361572,False,False
5Z8H_A_MET730,27,major_only,A,B,20,-180;-60;-180,-0.10072707656611429,-0.097181792010927,-0.05227763065061622,0.0,61.04632403840171,61.04632403840171,0.0,0.0,4.056313514709473,3.3140265941619873,False,False
5Z8H_A_MET730,27,major_only,A,B,21,-180;60;-90,-0.10125650594057721,-0.09582023977593579,-0.04218110716626958,0.0,61.04632403840171,61.04632403840171,0.0,0.0,3.1690080165863037,2.338050127029419,False,False
5Z8H_A_MET730,27,major_only,A,B,22,-180;60;90,-0.05410927507988508,-0.050614821832565195,-0.022079174930322187,0.0,61.04632403840171,61.04632403840171,0.0,0.0,2.024536609649658,1.6550021171569824,False,False
5Z8H_A_MET730,27,major_only,A,B,23,-180;60;-180,-0.0986849220977019,-0.09346184302780308,-0.04130165161808529,0.0,61.04632403840171,61.04632403840171,0.0,0.0,2.9276862144470215,2.0649256706237793,False,False
5Z8H_A_MET730,27,major_only,A,B,24,-180;-180;-90,-0.09071617570172286,-0.08542035398740803,-0.03730690927021044,0.0,61.04632403840171,61.04632403840171,0.0,0.0,2.4314799308776855,2.3439927101135254,False,False
5Z8H_A_MET730,27,major_only,A,B,25,-180;-180;90,-0.10326412524733705,-0.09837806051221738,-0.04438279999076805,0.0,61.04632403840171,61.04632403840171,0.0,0.0,3.516366720199585,3.1557016372680664,False,False
5Z8H_A_MET730,27,major_only,A,B,26,-180;-180;-180,-0.10275509015843615,-0.09773356287937285,-0.04382910818587278,0.0,61.04632403840171,61.04632403840171,0.0,0.0,3.235177993774414,2.701474189758301,False,False
5Z8H_A_MET730,28,major_only,A,B,0,-60;-60;-90,-0.02568035313991548,-0.024491743668740032,-0.0025499792105827105,0.0,3.477834085331422,3.477834085331422,0.0,0.0,0.8813758492469788,0.40928998589515686,True,False
5Z8H_A_MET730,28,major_only,A,B,1,-60;-60;90,0.03569372851974106,0.033554909479227304,0.003493758605800277,0.003493758605800277,3.477834085331422,3.4739182808173945,0.00391580451402751,0.0011259319501592472,1.658141016960144,1.8830368518829346,False,False
5Z8H_A_MET730,28,major_only,A,B,2,-60;-60;-180,0.11899457412666785,0.11233588431366517,0.01169645574056554,0.01169645574056554,3.477834085331422,3.4339460766208783,0.04388800871054377,0.012619350904533285,0.6287176609039307,1.577333927154541,True,True
5Z8H_A_MET730,28,major_only,A,B,3,-60;60;-90,0.022525103924657567,0.02117724346357422,0.002210181305314852,0.002210181305314852,3.477834085331422,3.476274361461701,0.0015597238697209193,0.0004484756407154151,2.5709877014160156,2.885263204574585,False,False
5Z8H_A_MET730,28,major_only,A,B,4,-60;60;90,0.021295044707137164,0.02010409091990884,0.0021232763015628445,0.0021232763015628445,3.477834085331422,3.4764284335772673,0.0014056517541547464,0.000404174471716006,2.755124568939209,3.1597540378570557,False,False
5Z8H_A_MET730,28,major_only,A,B,5,-60;60;-180,0.016666273519492188,0.015628982693478004,0.0016330058431997124,0.0016330058431997124,3.477834085331422,3.4769845718406702,0.0008495134907517965,0.00024426510003304014,2.1748244762420654,2.841738700866699,False,False
5Z8H_A_MET730,28,major_only,A,B,6,-60;-180;-90,-0.04472780615113263,-0.04271007734849474,-0.004474913273795376,0.0,3.477834085331422,3.477834085331422,0.0,0.0,2.4384799003601074,2.8505029678344727,False,False
5Z8H_A_MET730,28,major_only,A,B,7,-60;-180;90,-0.075669235570682,-0.0717772771638243,-0.0074732302404002015,0.0,3.477834085331422,3.477834085331422,0.0,0.0,1.7299764156341553,1.7571865320205688,False,False
5Z8H_A_MET730,28,major_only,A,B,8,-60;-180;-180,-0.039509347656877296,-0.037616616957116523,-0.00391790702006428,0.0,3.477834085331422,3.477834085331422,0.0,0.0,1.6639395952224731,2.382124185562134,False,False
5Z8H_A_MET730,28,major_only,A,B,9,60;-60;-90,0.0004093926597400961,0.00023036630356123306,3.161869925841294e-05,3.161869925841294e-05,3.477834085331422,3.477833900767518,1.8456390415977353e-07,5.3068633992120244e-08,3.730977773666382,4.0023512840271,False,False
5Z8H_A_MET730,28,major_only,A,B,10,60;-60;90,0.0009053663167824212,0.0007251016582049919,0.00010421682693327582,0.00010421682693327582,3.477834085331422,3.4778322567821967,1.8285492253689029e-06,5.257724148145067e-07,4.501371383666992,4.407451629638672,False,False
5Z8H_A_MET730,28,major_only,A,B,11,60;-60;-180,0.0009076857853104737,0.0007277898707468322,0.00010501548742753916,0.00010501548742753916,3.477834085331422,3.4778322431988853,1.8421325367334873e-06,5.296780960607384e-07,4.473294258117676,4.505861282348633,False,False
5Z8H_A_MET730,28,major_only,A,B,12,60;60;-90,0.0008427881763172598,0.0006711170454767398,0.00011895640007267524,0.00011895640007267524,3.477834085331422,3.4778325189215966,1.5664098254042358e-06,4.503980888596541e-07,4.8216471672058105,4.5441107749938965,False,False
5Z8H_A_MET730,28,major_only,A,B,13,60;60;90,0.0008413790639283025,0.0006671237498599393,0.00011766878927114384,0.00011766878927114384,3.477834085331422,3.477832537507111,1.5478243109434686e-06,4.4505409774197663e-07,4.517237186431885,4.0827155113220215,False,False
5Z8H_A_MET730,28,major_only,A,B,14,60;60;-180,0.0008435932869186213,0.0006722968822993308,0.00011937721642813655,0.00011937721642813655,3.477834085331422,3.4778325134091976,1.5719222243859576e-06,4.5198309804826713e-07,4.853653907775879,4.629685878753662,False,False
5Z8H_A_MET730,28,major_only,A,B,15,60;-180;-90,-0.0009410144589090571,-0.00107617413790172,-0.00012538952399841137,0.0,3.477834085331422,3.477834085331422,0.0,0.0,3.8537869453430176,3.5745136737823486,False,False
5Z8H_A_MET730,28,major_only,A,B,16,60;-180;90,-0.00313027815794339,-0.0031868841288326846,-0.00036011625222414105,0.0,3.477834085331422,3.477834085331422,0.0,0.0,3.36932373046875,3.6538548469543457,False,False
5Z8H_A_MET730,28,major_only,A,B,17,60;-180;-180,-0.0009562004018180445,-0.0010879108303253847,-0.00012999107048117887,0.0,3.477834085331422,3.477834085331422,0.0,0.0,4.121427536010742,4.122584342956543,False,False
5Z8H_A_MET730,28,major_only,A,B,18,-180;-60;-90,-0.019076634240075076,-0.01864876196536561,-0.0024019615809030667,0.0,3.477834085331422,3.477834085331422,0.0,0.0,4.171090602874756,3.6339290142059326,False,False
5Z8H_A_MET730,28,major_only,A,B,19,-180;-60;90,-0.01880477825816103,-0.018359918751908722,-0.002327642376555018,0.0,3.477834085331422,3.477834085331422,0.0,0.0,4.109641075134277,3.3865549564361572,False,False
5Z8H_A_MET730,28,major_only,A,B,20,-180;-60;-180,-0.019019844481383354,-0.01859073945093487,-0.0023869995010645773,0.0,3.477834085331422,3.477834085331422,0.0,0.0,4.056313514709473,3.3140265941619873,False,False
5Z8H_A_MET730,28,major_only,A,B,21,-180;60;-90,-0.0147528830277812,-0.014237009367682288,-0.0014959055152092408,0.0,3.477834085331422,3.477834085331422,0.0,0.0,3.1690080165863037,2.338050127029419,False,False
5Z8H_A_MET730,28,major_only,A,B,22,-180;60;90,-0.15370972865541396,-0.1456009827514765,-0.01515982211030934,0.0,3.477834085331422,3.477834085331422,0.0,0.0,2.024536609649658,1.6550021171569824,False,False
5Z8H_A_MET730,28,major_only,A,B,23,-180;60;-180,-0.015144696380566636,-0.014621062765467973,-0.0015421857669109655,0.0,3.477834085331422,3.477834085331422,0.0,0.0,2.9276862144470215,2.0649256706237793,False,False
5Z8H_A_MET730,28,major_only,A,B,24,-180;-180;-90,-0.07486759712819833,-0.07116205692289468,-0.007418243212112361,0.0,3.477834085331422,3.477834085331422,0.0,0.0,2.4314799308776855,2.3439927101135254,False,False
5Z8H_A_MET730,28,major_only,A,B,25,-180;-180;90,-0.026994276125532214,-0.026034282852150377,-0.0028034107271816392,0.0,3.477834085331422,3.477834085331422,0.0,0.0,3.516366720199585,3.1557016372680664,False,False
5Z8H_A_MET730,28,major_only,A,B,26,-180;-180;-180,-0.0272720205919348,-0.02626383029841408,-0.002811264038677697,0.0,3.477834085331422,3.477834085331422,0.0,0.0,3.235177993774414,2.701474189758301,False,False
5Z8H_A_MET730,29,minor_only,B,A,0,-60;-60;-90,0.45005360212240364,0.42650510437552086,0.09993064177939892,0.09993064177939892,17.612616461570735,14.408765212463788,3.203851249106947,0.18190660405837394,0.40928998589515686,0.8813758492469788,True,True
5Z8H_A_MET730,29,minor_only,B,A,1,-60;-60;90,0.3440999987199288,0.3264507677557348,0.07649129734019285,0.07649129734019285,17.612616461570735,15.735638097629723,1.8769783639410118,0.10657010376830851,1.8830368518829346,1.658141016960144,False,False
5Z8H_A_MET730,29,minor_only,B,A,2,-60;-60;-180,0.21797780839020672,0.20712001315746,0.04853056500424265,0.04853056500424265,17.612616461570735,16.85705811440654,0.7555583471641931,0.0428986998503464,1.577333927154541,0.6287176609039307,False,False
5Z8H_A_MET730,29,minor_only,B,A,3,-60;60;-90,0.1060556966301336,0.10159202052881003,0.02386028235813955,0.02386028235813955,17.612616461570735,17.43083772786685,0.18177873370388298,0.01032093863512608,2.885263204574585,2.5709877014160156,False,False
5Z8H_A_MET730,29,minor_only,B,A,4,-60;60;90,0.1070806542910092,0.10296210797816696,0.024471298097633886,0.024471298097633886,17.612616461570735,17.425901668037028,0.18671479353370657,0.010601195679307656,3.1597540378570557,2.755124568939209,False,False
5Z8H_A_MET730,29,minor_only,B,A,5,-60;60;-180,0.10388227691612095,0.0995941028495302,0.02341791155447938,0.02341791155447938,17.612616461570735,17.437917177399306,0.1746992841714281,0.00991898532240269,2.841738700866699,2.1748244762420654,False,False
5Z8H_A_MET730,29,minor_only,B,A,6,-60;-180;-90,0.11744282448376431,0.1125349698806002,0.026533789113671814,0.026533789113671814,17.612616461570735,17.38956818294433,0.22304827862640408,0.012664119446027619,2.8505029678344727,2.4384799003601074,False,False
5Z8H_A_MET730,29,minor_only,B,A,7,-60;-180;90,0.13840120124940453,0.1318567344880626,0.0308945026409357,0.0308945026409357,17.612616461570735,17.306400016900927,0.3062164446698077,0.01738619842985547,1.7571865320205688,1.7299764156341553,False,False
5Z8H_A_MET730,29,minor_only,B,A,8,-60;-180;-180,0.1124121646914656,0.10738503783536263,0.025169562921521723,0.025169562921521723,17.612616461570735,17.40951575848347,0.2031007030872658,0.011531546350902188,2.382124185562134,1.6639395952224731,False,False
5Z8H_A_MET730,29,minor_only,B,A,9,60;-60;-90,0.00024791939973602,0.0009959411014097625,0.00030762116378057835,0.00030762116378057835,17.612616461570735,17.61259899163976,1.746993097384575e-05,9.918986774034218e-07,4.0023512840271,3.730977773666382,False,False
5Z8H_A_MET730,29,minor_only,B,A,10,60;-60;90,0.0002442452812889991,0.0009417823779163522,0.000304612006191244,0.000304612006191244,17.612616461570735,17.61260083998928,1.5621581454183797e-05,8.869540473028973e-07,4.407451629638672,4.501371383666992,False,False
5Z8H_A_MET730,29,minor_only,B,A,11,60;-60;-180,0.00024941813001091783,0.0009453546694139196,0.00030697261118284644,0.00030697261118284644,17.612616461570735,17.612600721255525,1.5740315209455957e-05,8.93695450860468e-07,4.505861282348633,4.473294258117676,False,False
5Z8H_A_MET730,29,minor_only,B,A,12,60;60;-90,0.00013149706236624892,0.0008089936903034184,0.0003226949633115821,0.0003226949633115821,17.612616461570735,17.61260493462771,1.152694302319901e-05,6.544707907737525e-07,4.5441107749938965,4.8216471672058105,False,False
5Z8H_A_MET730,29,minor_only,B,A,13,60;60;90,9.013018683053582e-05,0.0007778212313336876,0.0003087394921830179,0.0003087394921830179,17.612616461570735,17.61260580583443,1.0655736303988306e-05,6.050058676539194e-07,4.0827155113220215,4.517237186431885,False,False
5Z8H_A_MET730,29,minor_only,B,A,14,60;60;-180,0.00013440911789961018,0.0008104577930953706,0.0003238532521048204,0.0003238532521048204,17.612616461570735,17.61260489286743,1.1568703303765915e-05,6.568418343184764e-07,4.629685878753662,4.853653907775879,False,False
5Z8H_A_MET730,29,minor_only,B,A,15,60;-180;-90,-5.1305600916903596e-05,0.0007168013646581195,0.00018794684305203563,0.00018794684305203563,17.612616461570735,17.612607412134487,9.049436247465792e-06,5.138041963958569e-07,3.5745136737823486,3.8537869453430176,False,False
5Z8H_A_MET730,29,minor_only,B,A,16,60;-180;90,7.810295719370745e-05,0.0008846580379283094,0.00022496211445213035,0.00022496211445213035,17.612616461570735,17.61260267758759,1.378398314599849e-05,7.82619843909847e-07,3.6538548469543457,3.36932373046875,False,False
5Z8H_A_MET730,29,minor_only,B,A,17,60;-180;-180,4.212119168927907e-05,0.000785025627533868,0.00021108703700787706,0.00021108703700787706,17.612616461570735,17.612605607527495,1.085404323930561e-05,6.162652359453935e-07,4.122584342956543,4.121427536010742,False,False
5Z8H_A_MET730,29,minor_only,B,A,18,-180;-60;-90,-0.0955930856524589,-0.09192889985115756,-0.02664560729511519,0.0,17.612616461570735,17.612616461570735,0.0,0.0,3.6339290142059326,4.171090602874756,False,False
5Z8H_A_MET730,29,minor_only,B,A,19,-180;-60;90,-0.09441374541698765,-0.09062118627707823,-0.025854298130888204,0.0,17.612616461570735,17.612616461570735,0.0,0.0,3.3865549564361572,4.109641075134277,False,False
5Z8H_A_MET730,29,minor_only,B,A,20,-180;-60;-180,-0.09541064719849318,-0.0917327370754865,-0.026505593004398864,0.0,17.612616461570735,17.612616461570735,0.0,0.0,3.3140265941619873,4.056313514709473,False,False
5Z8H_A_MET730,29,minor_only,B,A,21,-180;60;-90,-0.12588357401905984,-0.11888563777144898,-0.028110740991841902,0.0,17.612616461570735,17.612616461570735,0.0,0.0,2.338050127029419,3.1690080165863037,False,False
5Z8H_A_MET730,29,minor_only,B,A,22,-180;60;90,0.03271111878997854,0.03189744718643174,0.007473830342559252,0.007473830342559252,17.612616461570735,17.594696555376636,0.017919906194098445,0.0010174471370110278,1.6550021171569824,2.024536609649658,False,False
5Z8H_A_MET730,29,minor_only,B,A,23,-180;60;-180,-0.12711295208952614,-0.12017168606985855,-0.028524458779338513,0.0,17.612616461570735,17.612616461570735,0.0,0.0,2.0649256706237793,2.9276862144470215,False,False
5Z8H_A_MET730,29,minor_only,B,A,24,-180;-180;-90,-0.06347456542994763,-0.05921807569490155,-0.013891987216981443,0.0,17.612616461570735,17.612616461570735,0.0,0.0,2.3439927101135254,2.4314799308776855,False,False
5Z8H_A_MET730,29,minor_only,B,A,25,-180;-180;90,-0.09060519135307536,-0.0859095212073982,-0.02081804388068299,0.0,17.612616461570735,17.612616461570735,0.0,0.0,3.1557016372680664,3.516366720199585,False,False
5Z8H_A_MET730,29,minor_only,B,A,26,-180;-180;-180,-0.09028734181165128,-0.08546041216621758,-0.020585720211107886,0.0,17.612616461570735,17.612616461570735,0.0,0.0,2.701474189758301,3.235177993774414,False,False
5Z8H_A_MET730,32,major_only,A,B,0,-60;-60;-90,-0.061414636699997756,-0.047555536566048655,-0.005055113344181441,0.0,3.6252220592191873,3.6252220592191873,0.0,0.0,0.8813758492469788,0.40928998589515686,True,False
5Z8H_A_MET730,32,major_only,A,B,1,-60;-60;90,0.02027653919021685,0.029618972107744633,0.003148615893824969,0.003148615893824969,3.6252220592191873,3.622041711691189,0.0031803475279983395,0.0008772835087192793,1.658141016960144,1.8830368518829346,False,False
5Z8H_A_MET730,32,major_only,A,B,2,-60;-60;-180,0.11449605231404614,0.11869544714772089,0.012617773041773436,0.012617773041773436,3.6252220592191873,3.5741477224593443,0.051074336759842964,0.014088609173597362,0.6287176609039307,1.577333927154541,True,True
5Z8H_A_MET730,32,major_only,A,B,3,-60;60;-90,0.010723231608753806,0.02031275808555397,0.002164413555292936,0.002164413555292936,3.6252220592191873,3.6237262630844675,0.001495796134719729,0.00041260814104223417,2.5709877014160156,2.885263204574585,False,False
5Z8H_A_MET730,32,major_only,A,B,4,-60;60;90,0.01167686770674151,0.020862159045894606,0.00224954249713631,0.00224954249713631,3.6252220592191873,3.62364425498222,0.0015778042369674061,0.0004352296800564098,2.755124568939209,3.1597540378570557,False,False
5Z8H_A_MET730,32,major_only,A,B,5,-60;60;-180,0.011547571929849312,0.021035945770431583,0.0022440469976535726,0.0022440469976535726,3.6252220592191873,3.623617858528132,0.0016042006910552686,0.0004425110144565287,2.1748244762420654,2.841738700866699,False,False
5Z8H_A_MET730,32,major_only,A,B,6,-60;-180;-90,0.011101140171292464,0.020563630785115406,0.0021997176513115133,0.0021997176513115133,3.6252220592191873,3.623689087265963,0.0015329719532242159,0.0004228629110665824,2.4384799003601074,2.8505029678344727,False,False
5Z8H_A_MET730,32,major_only,A,B,7,-60;-180;90,-0.025105136628604606,-0.013270961743600249,-0.0014107064674091154,0.0,3.6252220592191873,3.6252220592191873,0.0,0.0,1.7299764156341553,1.7571865320205688,False,False
5Z8H_A_MET730,32,major_only,A,B,8,-60;-180;-180,0.02929004615958246,0.03808125914691861,0.004049473556222335,0.004049473556222335,3.6252220592191873,3.6199648263618105,0.005257232857376781,0.0014501822982146099,1.6639395952224731,2.382124185562134,False,False
5Z8H_A_MET730,32,major_only,A,B,9,60;-60;-90,-0.03666497059859236,-0.027154531655018403,-0.0038052241122138375,0.0,3.6252220592191873,3.6252220592191873,0.0,0.0,3.730977773666382,4.0023512840271,False,False
5Z8H_A_MET730,32,major_only,A,B,10,60;-60;90,-0.03742801791802659,-0.028624470121820074,-0.004200386762251116,0.0,3.6252220592191873,3.6252220592191873,0.0,0.0,4.501371383666992,4.407451629638672,False,False
5Z8H_A_MET730,32,major_only,A,B,11,60;-60;-180,-0.03734174200003247,-0.028561538552524773,-0.004207671449292818,0.0,3.6252220592191873,3.6252220592191873,0.0,0.0,4.473294258117676,4.505861282348633,False,False
5Z8H_A_MET730,32,major_only,A,B,12,60;60;-90,-0.05664567190076869,-0.047642304737127064,-0.008621745187144708,0.0,3.6252220592191873,3.6252220592191873,0.0,0.0,4.8216471672058105,4.5441107749938965,False,False
5Z8H_A_MET730,32,major_only,A,B,13,60;60;90,-0.05646077332307305,-0.047320751463425105,-0.008521565624017817,0.0,3.6252220592191873,3.6252220592191873,0.0,0.0,4.517237186431885,4.0827155113220215,False,False
5Z8H_A_MET730,32,major_only,A,B,14,60;60;-180,-0.0563147763049864,-0.04734192207587354,-0.008582604780909888,0.0,3.6252220592191873,3.6252220592191873,0.0,0.0,4.853653907775879,4.629685878753662,False,False
5Z8H_A_MET730,32,major_only,A,B,15,60;-180;-90,-0.03424368328244646,-0.024674889913609138,-0.002935261536218325,0.0,3.6252220592191873,3.6252220592191873,0.0,0.0,3.8537869453430176,3.5745136737823486,False,False
5Z8H_A_MET730,32,major_only,A,B,16,60;-180;90,-0.033956512930662396,-0.023787480650176464,-0.0027443391021457447,0.0,3.6252220592191873,3.6252220592191873,0.0,0.0,3.36932373046875,3.6538548469543457,False,False
5Z8H_A_MET730,32,major_only,A,B,17,60;-180;-180,-0.03441320502989393,-0.025147978214747,-0.0030678644903119317,0.0,3.6252220592191873,3.6252220592191873,0.0,0.0,4.121427536010742,4.122584342956543,False,False
5Z8H_A_MET730,32,major_only,A,B,18,-180;-60;-90,-0.011292458476384092,-0.003013979470377768,-0.0003963411982451351,0.0,3.6252220592191873,3.6252220592191873,0.0,0.0,4.171090602874756,3.6339290142059326,False,False
5Z8H_A_MET730,32,major_only,A,B,19,-180;-60;90,-0.01133602801687964,-0.0028437944092298195,-0.0003680921651368746,0.0,3.6252220592191873,3.6252220592191873,0.0,0.0,4.109641075134277,3.3865549564361572,False,False
5Z8H_A_MET730,32,major_only,A,B,20,-180;-60;-180,-0.011181892120942187,-0.0028819551555326352,-0.00037779461202859597,0.0,3.6252220592191873,3.6252220592191873,0.0,0.0,4.056313514709473,3.3140265941619873,False,False
5Z8H_A_MET730,32,major_only,A,B,21,-180;60;-90,-0.009038646636165472,0.0013026174784176506,0.00013973820845512969,0.00013973820845512969,3.6252220592191873,3.6252159078978248,6.15132136250196e-06,1.696812295086512e-06,3.1690080165863037,2.338050127029419,False,False
5Z8H_A_MET730,32,major_only,A,B,22,-180;60;90,-0.17000188198696115,-0.15026581252580196,-0.015973602030442596,0.0,3.6252220592191873,3.6252220592191873,0.0,0.0,2.024536609649658,1.6550021171569824,False,False
5Z8H_A_MET730,32,major_only,A,B,23,-180;60;-180,-0.010028627905773286,0.0002670545258066314,2.8758787300851972e-05,2.8758787300851972e-05,3.6252220592191873,3.625221800675166,2.5854402130320864e-07,7.131811985026229e-08,2.9276862144470215,2.0649256706237793,False,False
5Z8H_A_MET730,32,major_only,A,B,24,-180;-180;-90,-0.0721535336952619,-0.0580732300559739,-0.006180753658937226,0.0,3.6252220592191873,3.6252220592191873,0.0,0.0,2.4314799308776855,2.3439927101135254,False,False
5Z8H_A_MET730,32,major_only,A,B,25,-180;-180;90,-0.018897031918794823,-0.00880026650027312,-0.0009674974147923242,0.0,3.6252220592191873,3.6252220592191873,0.0,0.0,3.516366720199585,3.1557016372680664,False,False
5Z8H_A_MET730,32,major_only,A,B,26,-180;-180;-180,-0.01945535518173635,-0.009152936696036488,-0.0010002692303408569,0.0,3.6252220592191873,3.6252220592191873,0.0,0.0,3.235177993774414,2.701474189758301,False,False
5Z8H_A_MET730,33,major_only,A,B,0,-60;-60;-90,0.3784136113220278,0.35835339318052917,0.15640278519704603,0.15640278519704603,61.114028743795046,53.2659390783527,7.848089665442345,0.12841715440399873,0.8813758492469788,0.40928998589515686,True,False
5Z8H_A_MET730,33,major_only,A,B,1,-60;-60;90,0.34080935458046385,0.32292644684895155,0.14094720389427245,0.14094720389427245,61.114028743795046,54.74096676193696,6.373061981858086,0.1042814900744888,1.658141016960144,1.8830368518829346,False,False
5Z8H_A_MET730,33,major_only,A,B,2,-60;-60;-180,0.3925177625605463,0.3717873756812605,0.16227306513224676,0.16227306513224676,61.114028743795046,52.66649000777636,8.447538736018686,0.13822585271595877,0.6287176609039307,1.577333927154541,True,True
5Z8H_A_MET730,33,major_only,A,B,3,-60;60;-90,0.1217545917677467,0.11609280610107622,0.050790186511777136,0.050790186511777136,61.114028743795046,60.290361999548026,0.8236667442470207,0.01347753962842203,2.5709877014160156,2.885263204574585,False,False
5Z8H_A_MET730,33,major_only,A,B,4,-60;60;90,0.14991141854962606,0.14340505128046216,0.06348959390722958,0.06348959390722958,61.114028743795046,59.857218208985245,1.2568105348098015,0.020565008732751994,2.755124568939209,3.1597540378570557,False,False
5Z8H_A_MET730,33,major_only,A,B,5,-60;60;-180,0.13910719121795226,0.1326550553176767,0.058102773114906546,0.058102773114906546,61.114028743795046,60.0385829527366,1.0754457910584492,0.017597363701335758,2.1748244762420654,2.841738700866699,False,False
5Z8H_A_MET730,33,major_only,A,B,6,-60;-180;-90,0.23066773820854045,0.21974949263848223,0.09651574631719408,0.09651574631719408,61.114028743795046,58.16284210365002,2.951186640145025,0.04828983951487016,2.4384799003601074,2.8505029678344727,False,False
5Z8H_A_MET730,33,major_only,A,B,7,-60;-180;90,0.2398720285858802,0.22741514448505332,0.09925600542158683,0.09925600542158683,61.114028743795046,57.95335492095765,3.1606738228373956,0.051717647941157886,1.7299764156341553,1.7571865320205688,False,False
5Z8H_A_MET730,33,major_only,A,B,8,-60;-180;-180,0.23540643233850833,0.2234329028472354,0.09755230724304687,0.09755230724304687,61.114028743795046,58.06307818440399,3.0509505593910546,0.04992226207474205,1.6639395952224731,2.382124185562134,False,False
5Z8H_A_MET730,33,major_only,A,B,9,60;-60;-90,0.0026682652382102852,0.0030089469258957045,0.001731233314583842,0.001731233314583842,61.114028743795046,61.11347543194821,0.0005533118468363796,9.05376160285551e-06,3.730977773666382,4.0023512840271,False,False
5Z8H_A_MET730,33,major_only,A,B,10,60;-60;90,0.0026085650651541145,0.0029335522274897543,0.001767456767864993,0.001767456767864993,61.114028743795046,61.11350281304566,0.0005259307493830079,8.605728671363463e-06,4.501371383666992,4.407451629638672,False,False
5Z8H_A_MET730,33,major_only,A,B,11,60;-60;-180,0.0026206787012232192,0.002944796297722453,0.0017812243822547956,0.0017812243822547956,61.114028743795046,61.113498773618375,0.000529970176671668,8.671825234978905e-06,4.473294258117676,4.505861282348633,False,False
5Z8H_A_MET730,33,major_only,A,B,12,60;60;-90,0.002586668341915531,0.002903893072006709,0.002157675803058968,0.002157675803058968,61.114028743795046,61.11351339394345,0.0005153498515966248,8.432594973522322e-06,4.8216471672058105,4.5441107749938965,False,False
5Z8H_A_MET730,33,major_only,A,B,13,60;60;90,0.0025602955426486766,0.002881532602322272,0.0021305633295742236,0.0021305633295742236,61.114028743795046,61.11352129994971,0.0005074438453362973,8.303230138265405e-06,4.517237186431885,4.0827155113220215,False,False
5Z8H_A_MET730,33,major_only,A,B,14,60;60;-180,0.0025924538958684716,0.0029090238941088405,0.0021653278737821025,0.0021653278737821025,61.114028743795046,61.113511571214914,0.0005171725801318416,8.462420016522811e-06,4.853653907775879,4.629685878753662,False,False
5Z8H_A_MET730,33,major_only,A,B,15,60;-180;-90,0.002262732530103641,0.0026206302781950257,0.0012799720442714933,0.0012799720442714933,61.114028743795046,61.11360903079314,0.00041971300190368765,6.867703054943853e-06,3.8537869453430176,3.5745136737823486,False,False
5Z8H_A_MET730,33,major_only,A,B,16,60;-180;90,0.002605369134156367,0.002965460967220313,0.001404703574903341,0.001404703574903341,61.114028743795046,61.11349130954734,0.0005374342477040273,8.79395874811466e-06,3.36932373046875,3.6538548469543457,False,False
5Z8H_A_MET730,33,major_only,A,B,17,60;-180;-180,0.0023956876843196882,0.002741219336653695,0.0013730300235786654,0.0013730300235786654,61.114028743795046,61.1135695156602,0.00045922813484367,7.5142834514946905e-06,4.121427536010742,4.122584342956543,False,False
5Z8H_A_MET730,33,major_only,A,B,18,-180;-60;-90,-0.09894456549589255,-0.09549055754640978,-0.05155757798866333,0.0,61.114028743795046,61.114028743795046,0.0,0.0,4.171090602874756,3.6339290142059326,False,False
5Z8H_A_MET730,33,major_only,A,B,19,-180;-60;90,-0.09760451704655479,-0.09402980128039709,-0.04997203619170065,0.0,61.114028743795046,61.114028743795046,0.0,0.0,4.109641075134277,3.3865549564361572,False,False
5Z8H_A_MET730,33,major_only,A,B,20,-180;-60;-180,-0.09866124625524159,-0.09519693118596552,-0.05123829145266637,0.0,61.114028743795046,61.114028743795046,0.0,0.0,4.056313514709473,3.3140265941619873,False,False
5Z8H_A_MET730,33,major_only,A,B,21,-180;60;-90,-0.09888973954715322,-0.0935892866375984,-0.04122185742219506,0.0,61.114028743795046,61.114028743795046,0.0,0.0,3.1690080165863037,2.338050127029419,False,False
5Z8H_A_MET730,33,major_only,A,B,22,-180;60;90,-0.052313909801854276,-0.04893907971039866,-0.021360018496287228,0.0,61.114028743795046,61.114028743795046,0.0,0.0,2.024536609649658,1.6550021171569824,False,False
5Z8H_A_MET730,33,major_only,A,B,23,-180;60;-180,-0.09631017923368648,-0.09122109140472154,-0.04033379071166125,0.0,61.114028743795046,61.114028743795046,0.0,0.0,2.9276862144470215,2.0649256706237793,False,False
5Z8H_A_MET730,33,major_only,A,B,24,-180;-180;-90,-0.09065415453546624,-0.08538366206671806,-0.03731155764668117,0.0,61.114028743795046,61.114028743795046,0.0,0.0,2.4314799308776855,2.3439927101135254,False,False
5Z8H_A_MET730,33,major_only,A,B,25,-180;-180;90,-0.10329698972241437,-0.09842949313637082,-0.04443062145833808,0.0,61.114028743795046,61.114028743795046,0.0,0.0,3.516366720199585,3.1557016372680664,False,False
5Z8H_A_MET730,33,major_only,A,B,26,-180;-180;-180,-0.1027032900398854,-0.09770432926470357,-0.04384028901672321,0.0,61.114028743795046,61.114028743795046,0.0,0.0,3.235177993774414,2.701474189758301,False,False
5Z8H_A_MET730,34,major_only,A,B,0,-60;-60;-90,0.0738577995823587,0.07095964592145795,0.00799321126478508,0.00799321126478508,4.070939938512122,4.050441651275016,0.020498287237106005,0.005035271349298725,0.8813758492469788,0.40928998589515686,True,False
5Z8H_A_MET730,34,major_only,A,B,1,-60;-60;90,0.1604430862577076,0.1528877804235778,0.017222750766346228,0.017222750766346228,4.070939938512122,3.9757830470067916,0.09515689150533069,0.023374673402847927,1.658141016960144,1.8830368518829346,False,False
5Z8H_A_MET730,34,major_only,A,B,2,-60;-60;-180,0.23524280334693526,0.22361291196611058,0.02518984923729574,0.02518984923729574,4.070939938512122,3.8673818100166395,0.20355812849548283,0.05000273439796333,0.6287176609039307,1.577333927154541,True,True
5Z8H_A_MET730,34,major_only,A,B,3,-60;60;-90,0.11727196140263946,0.1123969436350594,0.012691293598708438,0.012691293598708438,4.070939938512122,4.019511457340635,0.05142848117148713,0.01263307293850265,2.5709877014160156,2.885263204574585,False,False
5Z8H_A_MET730,34,major_only,A,B,4,-60;60;90,0.11874730153075845,0.11423549318785044,0.013053171725115267,0.013053171725115267,4.070939938512122,4.0178151985827375,0.05312473992938482,0.013049747903871372,2.755124568939209,3.1597540378570557,False,False
5Z8H_A_MET730,34,major_only,A,B,5,-60;60;-180,0.11523857248866158,0.11053866871463705,0.012495803177080718,0.012495803177080718,4.070939938512122,4.021197948659485,0.049741989852637225,0.01221879728120413,2.1748244762420654,2.841738700866699,False,False
5Z8H_A_MET730,34,major_only,A,B,6,-60;-180;-90,0.12772749346067552,0.12246650644381293,0.013882398655027975,0.013882398655027975,4.070939938512122,4.009883797305584,0.06105614120653868,0.014998045200552366,2.4384799003601074,2.8505029678344727,False,False
5Z8H_A_MET730,34,major_only,A,B,7,-60;-180;90,0.10367235334576348,0.09917422474211761,0.011171541800809296,0.011171541800809296,4.070939938512122,4.030900099429122,0.04003983908300057,0.009835526853200058,1.7299764156341553,1.7571865320205688,False,False
5Z8H_A_MET730,34,major_only,A,B,8,-60;-180;-180,0.1421288709098507,0.1356844321717945,0.015289642449915741,0.015289642449915741,4.070939938512122,3.995992854900411,0.07494708361171121,0.018410265133782206,1.6639395952224731,2.382124185562134,False,False
5Z8H_A_MET730,34,major_only,A,B,9,60;-60;-90,-0.003925122450525127,-0.002907761618049465,-0.00043179415921064347,0.0,4.070939938512122,4.070939938512122,0.0,0.0,3.730977773666382,4.0023512840271,False,False
5Z8H_A_MET730,34,major_only,A,B,10,60;-60;90,-0.0041477430232619746,-0.0032021018731409096,-0.0004979285291845618,0.0,4.070939938512122,4.070939938512122,0.0,0.0,4.501371383666992,4.407451629638672,False,False
5Z8H_A_MET730,34,major_only,A,B,11,60;-60;-180,-0.004129559022701778,-0.0031866906615574523,-0.0004974852066856018,0.0,4.070939938512122,4.070939938512122,0.0,0.0,4.473294258117676,4.505861282348633,False,False
5Z8H_A_MET730,34,major_only,A,B,12,60;60;-90,-0.0064031110290026115,-0.005432059430369923,-0.00104171033730009,0.0,4.070939938512122,4.070939938512122,0.0,0.0,4.8216471672058105,4.5441107749938965,False,False
5Z8H_A_MET730,34,major_only,A,B,13,60;60;90,-0.0063754494532244545,-0.005389709359598428,-0.0010285209613417592,0.0,4.070939938512122,4.070939938512122,0.0,0.0,4.517237186431885,4.0827155113220215,False,False
5Z8H_A_MET730,34,major_only,A,B,14,60;60;-180,-0.006359203545673173,-0.0053916696692425424,-0.0010358015222672354,0.0,4.070939938512122,4.070939938512122,0.0,0.0,4.853653907775879,4.629685878753662,False,False
5Z8H_A_MET730,34,major_only,A,B,15,60;-180;-90,-0.0036160766932708754,-0.0025940367308303182,-0.0003269999916881093,0.0,4.070939938512122,4.070939938512122,0.0,0.0,3.8537869453430176,3.5745136737823486,False,False
5Z8H_A_MET730,34,major_only,A,B,16,60;-180;90,-0.003393689279260028,-0.002314873451819428,-0.0002830066368174941,0.0,4.070939938512122,4.070939938512122,0.0,0.0,3.36932373046875,3.6538548469543457,False,False
5Z8H_A_MET730,34,major_only,A,B,17,60;-180;-180,-0.0036108279330325115,-0.0026219922498904847,-0.00033895694857289944,0.0,4.070939938512122,4.070939938512122,0.0,0.0,4.121427536010742,4.122584342956543,False,False
5Z8H_A_MET730,34,major_only,A,B,18,-180;-60;-90,-0.08431947022418877,-0.08087743245940536,-0.011270322002553639,0.0,4.070939938512122,4.070939938512122,0.0,0.0,4.171090602874756,3.6339290142059326,False,False
5Z8H_A_MET730,34,major_only,A,B,19,-180;-60;90,-0.08322624253999276,-0.07966752664236217,-0.010927473255541055,0.0,4.070939938512122,4.070939938512122,0.0,0.0,4.109641075134277,3.3865549564361572,False,False
5Z8H_A_MET730,34,major_only,A,B,20,-180;-60;-180,-0.08409754983248406,-0.08064468684564795,-0.011202742186383204,0.0,4.070939938512122,4.070939938512122,0.0,0.0,4.056313514709473,3.3140265941619873,False,False
5Z8H_A_MET730,34,major_only,A,B,21,-180;60;-90,-0.15317604918191582,-0.14470180982084754,-0.016449483774089464,0.0,4.070939938512122,4.070939938512122,0.0,0.0,3.1690080165863037,2.338050127029419,False,False
5Z8H_A_MET730,34,major_only,A,B,22,-180;60;90,-0.29087156858762886,-0.27400922704014835,-0.030866536759608213,0.0,4.070939938512122,4.070939938512122,0.0,0.0,2.024536609649658,1.6550021171569824,False,False
5Z8H_A_MET730,34,major_only,A,B,23,-180;60;-180,-0.1530752110667208,-0.14474548590307906,-0.016517932816918927,0.0,4.070939938512122,4.070939938512122,0.0,0.0,2.9276862144470215,2.0649256706237793,False,False
5Z8H_A_MET730,34,major_only,A,B,24,-180;-180;-90,-0.12490325527690732,-0.11727612624672094,-0.01322680969750793,0.0,4.070939938512122,4.070939938512122,0.0,0.0,2.4314799308776855,2.3439927101135254,False,False
5Z8H_A_MET730,34,major_only,A,B,25,-180;-180;90,-0.0899847142377684,-0.08516960265178376,-0.00992244386578305,0.0,4.070939938512122,4.070939938512122,0.0,0.0,3.516366720199585,3.1557016372680664,False,False
5Z8H_A_MET730,34,major_only,A,B,26,-180;-180;-180,-0.08998742601214471,-0.08502547420065888,-0.009846583181488813,0.0,4.070939938512122,4.070939938512122,0.0,0.0,3.235177993774414,2.701474189758301,False,False
5Z8H_A_MET730,35,major_only,A,B,0,-60;-60;-90,-0.09920794173154915,-0.08872084888603946,-0.00972358656506491,0.0,3.853688293699732,3.853688293699732,0.0,0.0,0.8813758492469788,0.40928998589515686,True,False
5Z8H_A_MET730,35,major_only,A,B,1,-60;-60;90,-0.013121347536343574,-0.007354270824642071,-0.0008060468858854644,0.0,3.853688293699732,3.853688293699732,0.0,0.0,1.658141016960144,1.8830368518829346,False,False
5Z8H_A_MET730,35,major_only,A,B,2,-60;-60;-180,0.08085747336221917,0.08152799377380289,0.008935654964098766,0.008935654964098766,3.853688293699732,3.828073545288577,0.025614748411155297,0.006646813768781457,0.6287176609039307,1.577333927154541,True,True
5Z8H_A_MET730,35,major_only,A,B,3,-60;60;-90,0.005019561674850732,0.00967057302211389,0.0010624158527182792,0.0010624158527182792,3.853688293699732,3.853327896837651,0.00036039686208111377,9.351998257625422e-05,2.5709877014160156,2.885263204574585,False,False
5Z8H_A_MET730,35,major_only,A,B,4,-60;60;90,0.005491879653008794,0.00994626716844834,0.001105773188956127,0.001105773188956127,3.853688293699732,3.8533070551356055,0.00038123856412664026,9.892823058624503e-05,2.755124568939209,3.1597540378570557,False,False
5Z8H_A_MET730,35,major_only,A,B,5,-60;60;-180,0.005137874426980849,0.009754077094315632,0.0010728205265691398,0.0010728205265691398,3.853688293699732,3.8533216460111652,0.0003666476885668679,9.514201996209401e-05,2.1748244762420654,2.841738700866699,False,False
5Z8H_A_MET730,35,major_only,A,B,6,-60;-180;-90,0.021435932896954397,0.025218412590301376,0.0027813514710470287,0.0027813514710470287,3.853688293699732,3.8512374699774705,0.0024508237222615747,0.0006359683335749665,2.4384799003601074,2.8505029678344727,False,False
5Z8H_A_MET730,35,major_only,A,B,7,-60;-180;90,-0.014465817413778054,-0.008617905510406332,-0.0009445108975221995,0.0,3.853688293699732,3.853688293699732,0.0,0.0,1.7299764156341553,1.7571865320205688,False,False
5Z8H_A_MET730,35,major_only,A,B,8,-60;-180;-180,0.04184114279656222,0.044626817093745746,0.004892762839387244,0.004892762839387244,3.853688293699732,3.8460134699729855,0.007674823726746549,0.001991552803918746,1.6639395952224731,2.382124185562134,False,False
5Z8H_A_MET730,35,major_only,A,B,9,60;-60;-90,-0.016754470653878795,-0.012192321384947675,-0.0017615513604801293,0.0,3.853688293699732,3.853688293699732,0.0,0.0,3.730977773666382,4.0023512840271,False,False
5Z8H_A_MET730,35,major_only,A,B,10,60;-60;90,-0.01696910908760611,-0.012749270459383896,-0.0019288930317402327,0.0,3.853688293699732,3.853688293699732,0.0,0.0,4.501371383666992,4.407451629638672,False,False
5Z8H_A_MET730,35,major_only,A,B,11,60;-60;-180,-0.016938348624979633,-0.012729331593184762,-0.001933467193624713,0.0,3.853688293699732,3.853688293699732,0.0,0.0,4.473294258117676,4.505861282348633,False,False
5Z8H_A_MET730,35,major_only,A,B,12,60;60;-90,-0.0273345486970832,-0.02299045569512086,-0.0042896413694118365,0.0,3.853688293699732,3.853688293699732,0.0,0.0,4.8216471672058105,4.5441107749938965,False,False
5Z8H_A_MET730,35,major_only,A,B,13,60;60;90,-0.02729324880587089,-0.022881697353568427,-0.004248415474804116,0.0,3.853688293699732,3.853688293699732,0.0,0.0,4.517237186431885,4.0827155113220215,False,False
5Z8H_A_MET730,35,major_only,A,B,14,60;60;-180,-0.027174118017170776,-0.02284472948425129,-0.004270023179672263,0.0,3.853688293699732,3.853688293699732,0.0,0.0,4.853653907775879,4.629685878753662,False,False
5Z8H_A_MET730,35,major_only,A,B,15,60;-180;-90,-0.015887847218533552,-0.011287377680639196,-0.0013843809730195052,0.0,3.853688293699732,3.853688293699732,0.0,0.0,3.8537869453430176,3.5745136737823486,False,False
5Z8H_A_MET730,35,major_only,A,B,16,60;-180;90,-0.015792537687778073,-0.010902622628771194,-0.0012968546113609715,0.0,3.853688293699732,3.853688293699732,0.0,0.0,3.36932373046875,3.6538548469543457,False,False
5Z8H_A_MET730,35,major_only,A,B,17,60;-180;-180,-0.01593283021430776,-0.011479152147159154,-0.0014438227951566688,0.0,3.853688293699732,3.853688293699732,0.0,0.0,4.121427536010742,4.122584342956543,False,False
5Z8H_A_MET730,35,major_only,A,B,18,-180;-60;-90,-0.009000467444730278,-0.004887464026246255,-0.0006626489084928733,0.0,3.853688293699732,3.853688293699732,0.0,0.0,4.171090602874756,3.6339290142059326,False,False
5Z8H_A_MET730,35,major_only,A,B,19,-180;-60;90,-0.008965022230520417,-0.004744921276392568,-0.0006332254681662254,0.0,3.853688293699732,3.853688293699732,0.0,0.0,4.109641075134277,3.3865549564361572,False,False
5Z8H_A_MET730,35,major_only,A,B,20,-180;-60;-180,-0.008915021039672726,-0.004791965661587482,-0.0006476691683002312,0.0,3.853688293699732,3.853688293699732,0.0,0.0,4.056313514709473,3.3140265941619873,False,False
5Z8H_A_MET730,35,major_only,A,B,21,-180;60;-90,-0.025993004873766247,-0.019941819300390132,-0.0022056369633104813,0.0,3.853688293699732,3.853688293699732,0.0,0.0,3.1690080165863037,2.338050127029419,False,False
5Z8H_A_MET730,35,major_only,A,B,22,-180;60;90,-0.18808976874215932,-0.17283156231773222,-0.018942474738734102,0.0,3.853688293699732,3.853688293699732,0.0,0.0,2.024536609649658,1.6550021171569824,False,False
5Z8H_A_MET730,35,major_only,A,B,23,-180;60;-180,-0.026117738650697796,-0.020124103109224165,-0.0022343857096309688,0.0,3.853688293699732,3.853688293699732,0.0,0.0,2.9276862144470215,2.0649256706237793,False,False
5Z8H_A_MET730,35,major_only,A,B,24,-180;-180;-90,-0.06896019077027073,-0.06037740336913479,-0.006625381164586917,0.0,3.853688293699732,3.853688293699732,0.0,0.0,2.4314799308776855,2.3439927101135254,False,False
5Z8H_A_MET730,35,major_only,A,B,25,-180;-180;90,-0.01581700441430879,-0.010650624891109685,-0.0012072579202745464,0.0,3.853688293699732,3.853688293699732,0.0,0.0,3.516366720199585,3.1557016372680664,False,False
5Z8H_A_MET730,35,major_only,A,B,26,-180;-180;-180,-0.016304806231371576,-0.01101977217201512,-0.0012416524548686436,0.0,3.853688293699732,3.853688293699732,0.0,0.0,3.235177993774414,2.701474189758301,False,False
5Z8H_A_MET730,37,major_only,A,B,0,-60;-60;-90,0.1870287512824075,0.17721071131687208,0.0842947946071915,0.0842947946071915,72.59330461273193,70.3136108837236,2.2796937290083292,0.03140363620543182,0.8813758492469788,0.40928998589515686,True,False
5Z8H_A_MET730,37,major_only,A,B,1,-60;-60;90,0.21166293894318108,0.2005839394119694,0.09541723635320612,0.09541723635320612,72.59330461273193,69.6725916383341,2.92071297439783,0.04023391675002456,1.658141016960144,1.8830368518829346,False,False
5Z8H_A_MET730,37,major_only,A,B,2,-60;-60;-180,0.223938710591305,0.21216654055767029,0.10092680429679014,0.10092680429679014,72.59330461273193,69.32554307150728,3.267761541224644,0.04501464093220962,0.6287176609039307,1.577333927154541,True,False
5Z8H_A_MET730,37,major_only,A,B,3,-60;60;-90,0.241132989693665,0.22922931043183875,0.10930058169929237,0.10930058169929237,72.59330461273193,68.77881125621258,3.8144933565193497,0.052546076761056236,2.5709877014160156,2.885263204574585,False,False
5Z8H_A_MET730,37,major_only,A,B,4,-60;60;90,0.2427526811716846,0.23173667262914474,0.11181773565578089,0.11181773565578089,72.59330461273193,68.69490728461888,3.898397328113049,0.05370188544122732,2.755124568939209,3.1597540378570557,False,False
5Z8H_A_MET730,37,major_only,A,B,5,-60;60;-180,0.24136191696419207,0.22960950963287824,0.10960762140215285,0.10960762140215285,72.59330461273193,68.76614734313102,3.827157269600903,0.052720526913850804,2.1748244762420654,2.841738700866699,False,False
5Z8H_A_MET730,37,major_only,A,B,6,-60;-180;-90,0.24728647914836607,0.23537280215160636,0.11266898874142035,0.11266898874142035,72.59330461273193,68.57160969450013,4.021694918231802,0.0554003559926992,2.4384799003601074,2.8505029678344727,False,False
5Z8H_A_MET730,37,major_only,A,B,7,-60;-180;90,0.25386205746535895,0.2404680772741445,0.11438594580280217,0.11438594580280217,72.59330461273193,68.39560430956237,4.197700303169555,0.057824896187923816,1.7299764156341553,1.7571865320205688,False,True
5Z8H_A_MET730,37,major_only,A,B,8,-60;-180;-180,0.2517663361302864,0.2387460785351192,0.11360684284876163,0.11360684284876163,72.59330461273193,68.45550875257659,4.137795860155336,0.056999690015897414,1.6639395952224731,2.382124185562134,False,False
5Z8H_A_MET730,37,major_only,A,B,9,60;-60;-90,0.0028721369767401414,0.0030645658861570423,0.0019217100553901689,0.0019217100553901689,72.59330461273193,72.59262284806056,0.0006817646713699332,9.391564070639658e-06,3.730977773666382,4.0023512840271,False,False
5Z8H_A_MET730,37,major_only,A,B,10,60;-60;90,0.0027369634899812897,0.002926468615676832,0.0019216605410055185,0.0019216605410055185,72.59330461273193,72.59268290780534,0.0006217049265870855,8.56421855849839e-06,4.501371383666992,4.407451629638672,False,False
5Z8H_A_MET730,37,major_only,A,B,11,60;-60;-180,0.0027486991606423972,0.0029376385258487957,0.0019365983364085368,0.0019365983364085368,72.59330461273193,72.59267815283135,0.0006264599005731952,8.629720108696116e-06,4.473294258117676,4.505861282348633,False,False
5Z8H_A_MET730,37,major_only,A,B,12,60;60;-90,0.002673117330205041,0.002860649377480913,0.0023165838682225274,0.0023165838682225274,72.59330461273193,72.59271055886347,0.0005940538684541252,8.183314861105466e-06,4.8216471672058105,4.5441107749938965,False,False
5Z8H_A_MET730,37,major_only,A,B,13,60;60;90,0.0026526643101706933,0.002842270480901413,0.0022904147994919698,0.0022904147994919698,72.59330461273193,72.5927181676127,0.0005864451192252318,8.078501486518317e-06,4.517237186431885,4.0827155113220215,False,False
5Z8H_A_MET730,37,major_only,A,B,14,60;60;-180,0.0026785497117330745,0.002865705004404752,0.002324800479596719,0.002324800479596719,72.59330461273193,72.5927084572647,0.0005961554672211378,8.212265172407922e-06,4.853653907775879,4.629685878753662,False,False
5Z8H_A_MET730,37,major_only,A,B,15,60;-180;-90,0.002445888276643505,0.0026541859192115154,0.0014128755093607416,0.0014128755093607416,72.59330461273193,72.59279321446886,0.0005113982630717828,7.044702893744421e-06,3.8537869453430176,3.5745136737823486,False,False
5Z8H_A_MET730,37,major_only,A,B,16,60;-180;90,0.0027598278403005994,0.002962597151558394,0.0015294768326457246,0.0015294768326457246,72.59330461273193,72.59266746261255,0.0006371501193740414,8.776981882462664e-06,3.36932373046875,3.6538548469543457,False,False
5Z8H_A_MET730,37,major_only,A,B,17,60;-180;-180,0.0025385633821302343,0.002740291243343863,0.0014959283630271414,0.0014959283630271414,72.59330461273193,72.59275949537216,0.0005451173597634806,7.509196098339269e-06,4.121427536010742,4.122584342956543,False,False
5Z8H_A_MET730,37,major_only,A,B,18,-180;-60;-90,-0.10205875298939084,-0.09864471597654965,-0.0580475282285813,0.0,72.59330461273193,72.59330461273193,0.0,0.0,4.171090602874756,3.6339290142059326,False,False
5Z8H_A_MET730,37,major_only,A,B,19,-180;-60;90,-0.10067544486916104,-0.09714058673362902,-0.05626522711733874,0.0,72.59330461273193,72.59330461273193,0.0,0.0,4.109641075134277,3.3865549564361572,False,False
5Z8H_A_MET730,37,major_only,A,B,20,-180;-60;-180,-0.1017702522795448,-0.09834589724019507,-0.05769069414743746,0.0,72.59330461273193,72.59330461273193,0.0,0.0,4.056313514709473,3.3140265941619873,False,False
5Z8H_A_MET730,37,major_only,A,B,21,-180;60;-90,-0.11438162465762432,-0.1085009861890563,-0.05208503158419326,0.0,72.59330461273193,72.59330461273193,0.0,0.0,3.1690080165863037,2.338050127029419,False,False
5Z8H_A_MET730,37,major_only,A,B,22,-180;60;90,-0.08443836043175992,-0.07950405340736505,-0.037819251016678865,0.0,72.59330461273193,72.59330461273193,0.0,0.0,2.024536609649658,1.6550021171569824,False,False
5Z8H_A_MET730,37,major_only,A,B,23,-180;60;-180,-0.11206809509785684,-0.1063979161165497,-0.05127252728968486,0.0,72.59330461273193,72.59330461273193,0.0,0.0,2.9276862144470215,2.0649256706237793,False,False
5Z8H_A_MET730,37,major_only,A,B,24,-180;-180;-90,-0.09573837690992923,-0.09037818827834698,-0.04304374600098306,0.0,72.59330461273193,72.59330461273193,0.0,0.0,2.4314799308776855,2.3439927101135254,False,False
5Z8H_A_MET730,37,major_only,A,B,25,-180;-180;90,-0.10623444669608079,-0.10140124407296776,-0.04988595020033611,0.0,72.59330461273193,72.59330461273193,0.0,0.0,3.516366720199585,3.1557016372680664,False,False
5Z8H_A_MET730,37,major_only,A,B,26,-180;-180;-180,-0.10567436231409125,-0.10070659444564302,-0.049248764193835094,0.0,72.59330461273193,72.59330461273193,0.0,0.0,3.235177993774414,2.701474189758301,False,False
5Z8H_A_MET730,39,major_only,A,B,0,-60;-60;-90,-0.08864927996891594,-0.08341926057362616,-0.008723184947145267,0.0,3.5082657198312175,3.5082657198312175,0.0,0.0,0.8813758492469788,0.40928998589515686,True,False
5Z8H_A_MET730,39,major_only,A,B,1,-60;-60;90,-0.10913671775928716,-0.10283462072202948,-0.010753949288949507,0.0,3.5082657198312175,3.5082657198312175,0.0,0.0,1.658141016960144,1.8830368518829346,False,False
5Z8H_A_MET730,39,major_only,A,B,2,-60;-60;-180,0.05868611462792404,0.055907285697892196,0.0058465005011455054,0.0058465005011455054,3.5082657198312175,3.4973001982146554,0.010965521616562057,0.003125624594105605,0.6287176609039307,1.577333927154541,True,True
5Z8H_A_MET730,39,major_only,A,B,3,-60;60;-90,-0.001807756784540483,-0.0013262532730756076,-0.0001390198291687431,0.0,3.5082657198312175,3.5082657198312175,0.0,0.0,2.5709877014160156,2.885263204574585,False,False
5Z8H_A_MET730,39,major_only,A,B,4,-60;60;90,0.008313849309532767,0.008299064502256414,0.0008803249749469948,0.0008803249749469948,3.5082657198312175,3.508024089883488,0.00024162994772947144,6.887447161245706e-05,2.755124568939209,3.1597540378570557,False,False
5Z8H_A_MET730,39,major_only,A,B,5,-60;60;-180,0.00914244054416467,0.009070996434116458,0.0009519274158377891,0.0009519274158377891,3.5082657198312175,3.5079770492861115,0.00028867054510595125,8.228297630768947e-05,2.1748244762420654,2.841738700866699,False,False
5Z8H_A_MET730,39,major_only,A,B,6,-60;-180;-90,0.021278322835550947,0.020608024360536097,0.0021686148838565267,0.0021686148838565267,3.5082657198312175,3.5067757921189857,0.0014899277122317756,0.00042469066804422554,2.4384799003601074,2.8505029678344727,False,False
5Z8H_A_MET730,39,major_only,A,B,7,-60;-180;90,-0.011857680096247254,-0.010813044018366835,-0.001130735856093067,0.0,3.5082657198312175,3.5082657198312175,0.0,0.0,1.7299764156341553,1.7571865320205688,False,False
5Z8H_A_MET730,39,major_only,A,B,8,-60;-180;-180,0.043889236597869224,0.04195455673352702,0.004388795423709573,0.004388795423709573,3.5082657198312175,3.5020905237290822,0.006175196102135239,0.0017601848307067024,1.6639395952224731,2.382124185562134,False,False
5Z8H_A_MET730,39,major_only,A,B,9,60;-60;-90,-0.0004674063815435732,-0.00013420136674065482,-1.8500088035295043e-05,0.0,3.5082657198312175,3.5082657198312175,0.0,0.0,3.730977773666382,4.0023512840271,False,False
5Z8H_A_MET730,39,major_only,A,B,10,60;-60;90,-0.00044159790561085834,-0.00013294674306279437,-1.9191479676869358e-05,0.0,3.5082657198312175,3.5082657198312175,0.0,0.0,4.501371383666992,4.407451629638672,False,False
5Z8H_A_MET730,39,major_only,A,B,11,60;-60;-180,-0.00044142998183422646,-0.00013346023823379647,-1.9341540057215175e-05,0.0,3.5082657198312175,3.5082657198312175,0.0,0.0,4.473294258117676,4.505861282348633,False,False
5Z8H_A_MET730,39,major_only,A,B,12,60;60;-90,-0.0004720365545111128,-0.00017330900916507865,-3.0853361867663246e-05,0.0,3.5082657198312175,3.5082657198312175,0.0,0.0,4.8216471672058105,4.5441107749938965,False,False
5Z8H_A_MET730,39,major_only,A,B,13,60;60;90,-0.00048742362643864993,-0.0001840798439633577,-3.261016007070042e-05,0.0,3.5082657198312175,3.5082657198312175,0.0,0.0,4.517237186431885,4.0827155113220215,False,False
5Z8H_A_MET730,39,major_only,A,B,14,60;60;-180,-0.0004716845778483282,-0.00017360024685470412,-3.0960110304447e-05,0.0,3.5082657198312175,3.5082657198312175,0.0,0.0,4.853653907775879,4.629685878753662,False,False
5Z8H_A_MET730,39,major_only,A,B,15,60;-180;-90,-0.0004727140084095823,-0.00013469395272763004,-1.576226449104441e-05,0.0,3.5082657198312175,3.5082657198312175,0.0,0.0,3.8537869453430176,3.5745136737823486,False,False
5Z8H_A_MET730,39,major_only,A,B,16,60;-180;90,-0.00047432656645857266,-0.00011617713417665641,-1.3185266670166323e-05,0.0,3.5082657198312175,3.5082657198312175,0.0,0.0,3.36932373046875,3.6538548469543457,False,False
5Z8H_A_MET730,39,major_only,A,B,17,60;-180;-180,-0.0004508185100997358,-0.00012371418148890523,-1.4846754122487931e-05,0.0,3.5082657198312175,3.5082657198312175,0.0,0.0,4.121427536010742,4.122584342956543,False,False
5Z8H_A_MET730,39,major_only,A,B,18,-180;-60;-90,-0.01612722453968171,-0.015326938069863598,-0.0019827285663107197,0.0,3.5082657198312175,3.5082657198312175,0.0,0.0,4.171090602874756,3.6339290142059326,False,False
5Z8H_A_MET730,39,major_only,A,B,19,-180;-60;90,-0.016221088442134962,-0.015385209939261488,-0.0019590284235892186,0.0,3.5082657198312175,3.5082657198312175,0.0,0.0,4.109641075134277,3.3865549564361572,False,False
5Z8H_A_MET730,39,major_only,A,B,20,-180;-60;-180,-0.01616155103309741,-0.015356409750100206,-0.0019803281723919037,0.0,3.5082657198312175,3.5082657198312175,0.0,0.0,4.056313514709473,3.3140265941619873,False,False
5Z8H_A_MET730,39,major_only,A,B,21,-180;60;-90,-0.03991908554878719,-0.03760700432833881,-0.003968678722813141,0.0,3.5082657198312175,3.5082657198312175,0.0,0.0,3.1690080165863037,2.338050127029419,False,False
5Z8H_A_MET730,39,major_only,A,B,22,-180;60;90,-0.15498400618270755,-0.14619547940792502,-0.015288171742408528,0.0,3.5082657198312175,3.5082657198312175,0.0,0.0,2.024536609649658,1.6550021171569824,False,False
5Z8H_A_MET730,39,major_only,A,B,23,-180;60;-180,-0.041273816911187096,-0.03893464240674708,-0.004124637155079197,0.0,3.5082657198312175,3.5082657198312175,0.0,0.0,2.9276862144470215,2.0649256706237793,False,False
5Z8H_A_MET730,39,major_only,A,B,24,-180;-180;-90,-0.07189814233742652,-0.06774732493198544,-0.007093107413731874,0.0,3.5082657198312175,3.5082657198312175,0.0,0.0,2.4314799308776855,2.3439927101135254,False,False
5Z8H_A_MET730,39,major_only,A,B,25,-180;-180;90,-0.02086317127536945,-0.019620882754792703,-0.0021220297324190457,0.0,3.5082657198312175,3.5082657198312175,0.0,0.0,3.516366720199585,3.1557016372680664,False,False
5Z8H_A_MET730,39,major_only,A,B,26,-180;-180;-180,-0.021607771854661225,-0.020296700480791383,-0.002182030549554239,0.0,3.5082657198312175,3.5082657198312175,0.0,0.0,3.235177993774414,2.701474189758301,False,False
5Z8H_A_MET730,41,major_only,A,B,0,-60;-60;-90,-0.1968286656145192,-0.18612699092993013,-0.020907700523129985,0.0,4.048263939110824,4.048263939110824,0.0,0.0,0.8813758492469788,0.40928998589515686,True,False
5Z8H_A_MET730,41,major_only,A,B,1,-60;-60;90,-0.09906879316973824,-0.093728478062306,-0.010529030136249458,0.0,4.048263939110824,4.048263939110824,0.0,0.0,1.658141016960144,1.8830368518829346,False,False
5Z8H_A_MET730,41,major_only,A,B,2,-60;-60;-180,-0.006152881807175554,-0.00583532283545581,-0.0006555119927668862,0.0,4.048263939110824,4.048263939110824,0.0,0.0,0.6287176609039307,1.577333927154541,True,False
5Z8H_A_MET730,41,major_only,A,B,3,-60;60;-90,-0.0006526381295461611,-0.0006348955790413874,-7.148925229121295e-05,0.0,4.048263939110824,4.048263939110824,0.0,0.0,2.5709877014160156,2.885263204574585,False,False
5Z8H_A_MET730,41,major_only,A,B,4,-60;60;90,-0.00019478596945315276,-0.00020049438628293623,-2.284568951316033e-05,0.0,4.048263939110824,4.048263939110824,0.0,0.0,2.755124568939209,3.1597540378570557,False,False
5Z8H_A_MET730,41,major_only,A,B,5,-60;60;-180,0.0007536371057252112,0.0007005116441795291,7.896822336746243e-05,7.896822336746243e-05,4.048263939110824,4.0482619525606545,1.9865501696969545e-06,4.907165638348392e-07,2.1748244762420654,2.841738700866699,False,False
5Z8H_A_MET730,41,major_only,A,B,6,-60;-180;-90,0.011305477787743984,0.010729572806393962,0.0012128767643943812,0.0012128767643943812,4.048263939110824,4.047797887855571,0.00046605125525278623,0.00011512373260799578,2.4384799003601074,2.8505029678344727,False,False
5Z8H_A_MET730,41,major_only,A,B,7,-60;-180;90,-0.02519895382888728,-0.02384911624822432,-0.002679005798480761,0.0,4.048263939110824,4.048263939110824,0.0,0.0,1.7299764156341553,1.7571865320205688,False,False
5Z8H_A_MET730,41,major_only,A,B,8,-60;-180;-180,0.032372328506432735,0.03063589843709225,0.0034425875323406785,0.0034425875323406785,4.048263939110824,4.04446440749929,0.003799531611534235,0.0009385582730479719,1.6639395952224731,2.382124185562134,False,True
5Z8H_A_MET730,41,major_only,A,B,9,60;-60;-90,-0.0006488034167139262,-0.0006396653831410524,-9.472353013043529e-05,0.0,4.048263939110824,4.048263939110824,0.0,0.0,3.730977773666382,4.0023512840271,False,False
5Z8H_A_MET730,41,major_only,A,B,10,60;-60;90,-0.0006639653826213551,-0.0006564385816539311,-0.00010179185446147845,0.0,4.048263939110824,4.048263939110824,0.0,0.0,4.501371383666992,4.407451629638672,False,False
5Z8H_A_MET730,41,major_only,A,B,11,60;-60;-180,-0.0006635332390605423,-0.0006560763154799301,-0.00010213666798232723,0.0,4.048263939110824,4.048263939110824,0.0,0.0,4.473294258117676,4.505861282348633,False,False
5Z8H_A_MET730,41,major_only,A,B,12,60;60;-90,-0.000832304798208211,-0.0008211151987224115,-0.00015702674000524734,0.0,4.048263939110824,4.048263939110824,0.0,0.0,4.8216471672058105,4.5441107749938965,False,False
5Z8H_A_MET730,41,major_only,A,B,13,60;60;90,-0.0008271642379203098,-0.0008156523181606079,-0.00015521723327283055,0.0,4.048263939110824,4.048263939110824,0.0,0.0,4.517237186431885,4.0827155113220215,False,False
5Z8H_A_MET730,41,major_only,A,B,14,60;60;-180,-0.0008290568720400572,-0.0008180244549405307,-0.000156713575039813,0.0,4.048263939110824,4.048263939110824,0.0,0.0,4.853653907775879,4.629685878753662,False,False
5Z8H_A_MET730,41,major_only,A,B,15,60;-180;-90,-0.0005353416840603234,-0.0005296816734979807,-6.658457465897572e-05,0.0,4.048263939110824,4.048263939110824,0.0,0.0,3.8537869453430176,3.5745136737823486,False,False
5Z8H_A_MET730,41,major_only,A,B,16,60;-180;90,-0.000529818713380825,-0.0005229128158752767,-6.375081107506627e-05,0.0,4.048263939110824,4.048263939110824,0.0,0.0,3.36932373046875,3.6538548469543457,False,False
5Z8H_A_MET730,41,major_only,A,B,17,60;-180;-180,-0.0005444243904458241,-0.0005391655609552811,-6.950600769647336e-05,0.0,4.048263939110824,4.048263939110824,0.0,0.0,4.121427536010742,4.122584342956543,False,False
5Z8H_A_MET730,41,major_only,A,B,18,-180;-60;-90,-0.006535965145159258,-0.0063471152311560955,-0.0008820077763197936,0.0,4.048263939110824,4.048263939110824,0.0,0.0,4.171090602874756,3.6339290142059326,False,False
5Z8H_A_MET730,41,major_only,A,B,19,-180;-60;90,-0.00645296948563932,-0.006256933334199585,-0.0008558290189062328,0.0,4.048263939110824,4.048263939110824,0.0,0.0,4.109641075134277,3.3865549564361572,False,False
5Z8H_A_MET730,41,major_only,A,B,20,-180;-60;-180,-0.006524138401942314,-0.006334508135890816,-0.0008775028636288703,0.0,4.048263939110824,4.048263939110824,0.0,0.0,4.056313514709473,3.3140265941619873,False,False
5Z8H_A_MET730,41,major_only,A,B,21,-180;60;-90,-0.024956210883499957,-0.023763647103989437,-0.0026938813716796046,0.0,4.048263939110824,4.048263939110824,0.0,0.0,3.1690080165863037,2.338050127029419,False,False
5Z8H_A_MET730,41,major_only,A,B,22,-180;60;90,-0.19807497794171383,-0.18737230277522227,-0.02104821025175629,0.0,4.048263939110824,4.048263939110824,0.0,0.0,2.024536609649658,1.6550021171569824,False,False
5Z8H_A_MET730,41,major_only,A,B,23,-180;60;-180,-0.026843538453186027,-0.025582397518795656,-0.00291124645296611,0.0,4.048263939110824,4.048263939110824,0.0,0.0,2.9276862144470215,2.0649256706237793,False,False
5Z8H_A_MET730,41,major_only,A,B,24,-180;-180;-90,-0.06576278381650673,-0.06234298715837976,-0.0070116489274770965,0.0,4.048263939110824,4.048263939110824,0.0,0.0,2.4314799308776855,2.3439927101135254,False,False
5Z8H_A_MET730,41,major_only,A,B,25,-180;-180;90,-0.012591193912255392,-0.012070915045694661,-0.0014023657144564114,0.0,4.048263939110824,4.048263939110824,0.0,0.0,3.516366720199585,3.1557016372680664,False,False
5Z8H_A_MET730,41,major_only,A,B,26,-180;-180;-180,-0.01307977556235577,-0.012520058750278859,-0.0014458722434387552,0.0,4.048263939110824,4.048263939110824,0.0,0.0,3.235177993774414,2.701474189758301,False,False
5Z8H_A_MET730,43,major_only,A,B,0,-60;-60;-90,-0.15184376506068747,-0.13743163779586098,-0.015232709039995676,0.0,3.941448353792202,3.941448353792202,0.0,0.0,0.8813758492469788,0.40928998589515686,True,False
5Z8H_A_MET730,43,major_only,A,B,1,-60;-60;90,-0.062460741656115926,-0.052975815897335375,-0.0058720259732055885,0.0,3.941448353792202,3.941448353792202,0.0,0.0,1.658141016960144,1.8830368518829346,False,False
5Z8H_A_MET730,43,major_only,A,B,2,-60;-60;-180,0.03201849776299865,0.03638259080265148,0.004032764724636988,0.004032764724636988,3.941448353792202,3.936231086537309,0.00521726725489291,0.0013236929135131757,0.6287176609039307,1.577333927154541,True,False
5Z8H_A_MET730,43,major_only,A,B,3,-60;60;-90,0.0014061341878863173,0.007251750425600641,0.0008057026852705108,0.0008057026852705108,3.941448353792202,3.941241081362454,0.00020727242974816207,5.258788423517923e-05,2.5709877014160156,2.885263204574585,False,False
5Z8H_A_MET730,43,major_only,A,B,4,-60;60;90,0.002161337282686653,0.007742252884074916,0.0008704882547397322,0.0008704882547397322,3.941448353792202,3.941212093604184,0.0002362601880179227,5.994247972083884e-05,2.755124568939209,3.1597540378570557,False,False
5Z8H_A_MET730,43,major_only,A,B,5,-60;60;-180,0.002856735584143672,0.008591375328380554,0.0009556375607794954,0.0009556375607794954,3.941448353792202,3.9411574286703734,0.0002909251218286002,7.381173003286753e-05,2.1748244762420654,2.841738700866699,False,False
5Z8H_A_MET730,43,major_only,A,B,6,-60;-180;-90,0.01404586353106179,0.019193423701524735,0.0021408202587574797,0.0021408202587574797,3.941448353792202,3.939996373434008,0.0014519803581940494,0.00036838751338630365,2.4384799003601074,2.8505029678344727,False,False
5Z8H_A_MET730,43,major_only,A,B,7,-60;-180;90,-0.021237875006812155,-0.013978438102876313,-0.0015493642148437885,0.0,3.941448353792202,3.941448353792202,0.0,0.0,1.7299764156341553,1.7571865320205688,False,False
5Z8H_A_MET730,43,major_only,A,B,8,-60;-180;-180,0.03519275270908885,0.03936348591270622,0.004364569685544839,0.004364569685544839,3.941448353792202,3.935341142539734,0.006107211252468048,0.001549484023199769,1.6639395952224731,2.382124185562134,False,True
5Z8H_A_MET730,43,major_only,A,B,9,60;-60;-90,-0.02180197460961169,-0.0162454186629428,-0.002373719756807126,0.0,3.941448353792202,3.941448353792202,0.0,0.0,3.730977773666382,4.0023512840271,False,False
5Z8H_A_MET730,43,major_only,A,B,10,60;-60;90,-0.022249375469589973,-0.0171072769130495,-0.0026175399783532212,0.0,3.941448353792202,3.941448353792202,0.0,0.0,4.501371383666992,4.407451629638672,False,False
5Z8H_A_MET730,43,major_only,A,B,11,60;-60;-180,-0.022203341764764233,-0.01707477551577554,-0.002622864400760705,0.0,3.941448353792202,3.941448353792202,0.0,0.0,4.473294258117676,4.505861282348633,False,False
5Z8H_A_MET730,43,major_only,A,B,12,60;60;-90,-0.03385328781151201,-0.028588524364784845,-0.005394544412768054,0.0,3.941448353792202,3.941448353792202,0.0,0.0,4.8216471672058105,4.5441107749938965,False,False
5Z8H_A_MET730,43,major_only,A,B,13,60;60;90,-0.033741019638127506,-0.028395995934626436,-0.0053319427609958316,0.0,3.941448353792202,3.941448353792202,0.0,0.0,4.517237186431885,4.0827155113220215,False,False
5Z8H_A_MET730,43,major_only,A,B,14,60;60;-180,-0.03365659784016762,-0.028409763773836715,-0.005370336063134145,0.0,3.941448353792202,3.941448353792202,0.0,0.0,4.853653907775879,4.629685878753662,False,False
5Z8H_A_MET730,43,major_only,A,B,15,60;-180;-90,-0.02038719354947746,-0.014795803704678529,-0.001835231073236683,0.0,3.941448353792202,3.941448353792202,0.0,0.0,3.8537869453430176,3.5745136737823486,False,False
5Z8H_A_MET730,43,major_only,A,B,16,60;-180;90,-0.020200085043560953,-0.014257444465101,-0.001715108610766499,0.0,3.941448353792202,3.941448353792202,0.0,0.0,3.36932373046875,3.6538548469543457,False,False
5Z8H_A_MET730,43,major_only,A,B,17,60;-180;-180,-0.02049430841655873,-0.015080651221662909,-0.0019182879829440264,0.0,3.941448353792202,3.941448353792202,0.0,0.0,4.121427536010742,4.122584342956543,False,False
5Z8H_A_MET730,43,major_only,A,B,18,-180;-60;-90,-0.0056369652337138225,-0.0008375478528966906,-0.0001148415831858408,0.0,3.941448353792202,3.941448353792202,0.0,0.0,4.171090602874756,3.6339290142059326,False,False
5Z8H_A_MET730,43,major_only,A,B,19,-180;-60;90,-0.005673536396438315,-0.0007505031435244379,-0.00010129115101880639,0.0,3.941448353792202,3.941448353792202,0.0,0.0,4.109641075134277,3.3865549564361572,False,False
5Z8H_A_MET730,43,major_only,A,B,20,-180;-60;-180,-0.005574399110176169,-0.0007625490299091862,-0.00010423100546080973,0.0,3.941448353792202,3.941448353792202,0.0,0.0,4.056313514709473,3.3140265941619873,False,False
5Z8H_A_MET730,43,major_only,A,B,21,-180;60;-90,-0.007912072880383666,-0.00175088648301283,-0.00019584697721153653,0.0,3.941448353792202,3.941448353792202,0.0,0.0,3.1690080165863037,2.338050127029419,False,False
5Z8H_A_MET730,43,major_only,A,B,22,-180;60;90,-0.17525164637384885,-0.15963868218163127,-0.01769462744895691,0.0,3.941448353792202,3.941448353792202,0.0,0.0,2.024536609649658,1.6550021171569824,False,False
5Z8H_A_MET730,43,major_only,A,B,23,-180;60;-180,-0.009095071269482516,-0.0029340471597219656,-0.0003294566890638752,0.0,3.941448353792202,3.941448353792202,0.0,0.0,2.9276862144470215,2.0649256706237793,False,False
5Z8H_A_MET730,43,major_only,A,B,24,-180;-180;-90,-0.06522791080181442,-0.05581301792892314,-0.006193862667455273,0.0,3.941448353792202,3.941448353792202,0.0,0.0,2.4314799308776855,2.3439927101135254,False,False
5Z8H_A_MET730,43,major_only,A,B,25,-180;-180;90,-0.012510697113335812,-0.0065589625894885905,-0.0007518821177550075,0.0,3.941448353792202,3.941448353792202,0.0,0.0,3.516366720199585,3.1557016372680664,False,False
5Z8H_A_MET730,43,major_only,A,B,26,-180;-180;-180,-0.013056172721093138,-0.0069727022661731355,-0.0007945444258768278,0.0,3.941448353792202,3.941448353792202,0.0,0.0,3.235177993774414,2.701474189758301,False,False
5Z8H_A_MET730,45,minor_only,B,A,0,-60;-60;-90,0.4694447154024537,0.4458533462777306,0.09008213189826529,0.09008213189826529,13.096891853554759,10.493423503417002,2.6034683501377565,0.19878520638705,0.40928998589515686,0.8813758492469788,True,True
5Z8H_A_MET730,45,minor_only,B,A,1,-60;-60;90,0.2239049046780276,0.21376744072522025,0.04319247316714526,0.04319247316714526,13.096891853554759,12.498409489870802,0.5984823636839565,0.04569651871421053,1.8830368518829346,1.658141016960144,False,False
5Z8H_A_MET730,45,minor_only,B,A,2,-60;-60;-180,0.24423808126348867,0.23297068814558802,0.04707244392386415,0.04707244392386415,13.096891853554759,12.386053575155739,0.7108382783990201,0.05427534153502874,1.577333927154541,0.6287176609039307,False,False
5Z8H_A_MET730,45,minor_only,B,A,3,-60;60;-90,0.08518249623844816,0.08276464097268481,0.016762276413910794,0.016762276413910794,13.096891853554759,13.007178330394837,0.0897135231599222,0.006849985795337552,2.885263204574585,2.5709877014160156,False,False
5Z8H_A_MET730,45,minor_only,B,A,4,-60;60;90,0.09568369908907785,0.09304373765021906,0.019069482689570465,0.019069482689570465,13.096891853554759,12.983510264986123,0.113381588568636,0.008657137115922812,3.1597540378570557,2.755124568939209,False,False
5Z8H_A_MET730,45,minor_only,B,A,5,-60;60;-180,0.09412783132848566,0.09130694178480725,0.018513584652757625,0.018513584652757625,13.096891853554759,12.987703621242911,0.1091882323118476,0.008336957618094077,2.841738700866699,2.1748244762420654,False,False
5Z8H_A_MET730,45,minor_only,B,A,6,-60;-180;-90,0.10370435179528271,0.10045049393789245,0.020423775708628394,0.020423775708628394,13.096891853554759,12.964740262996218,0.1321515905585411,0.010090301732366561,2.8505029678344727,2.4384799003601074,False,False
5Z8H_A_MET730,45,minor_only,B,A,7,-60;-180;90,0.1322769524211473,0.12707973055107105,0.025675999536127838,0.025675999536127838,13.096891853554759,12.885386769101526,0.21150508445323268,0.01614925791693286,1.7571865320205688,1.7299764156341553,False,False
5Z8H_A_MET730,45,minor_only,B,A,8,-60;-180;-180,0.10468957114956313,0.10107900684403853,0.020429843853098175,0.020429843853098175,13.096891853554759,12.963081359698187,0.13381049385657207,0.010216965624577043,2.382124185562134,1.6639395952224731,False,False
5Z8H_A_MET730,45,minor_only,B,A,9,60;-60;-90,-0.0008041456873830307,0.0007826270661669411,0.00020845369625421551,0.00020845369625421551,13.096891853554759,13.09688383164138,8.021913378897239e-06,6.125051247727858e-07,4.0023512840271,3.730977773666382,False,False
5Z8H_A_MET730,45,minor_only,B,A,10,60;-60;90,-0.0007435080608428102,0.0007312651925274659,0.00020395931312206777,0.00020395931312206777,13.096891853554759,13.096884850007793,7.0035469654783356e-06,5.347487819086964e-07,4.407451629638672,4.501371383666992,False,False
5Z8H_A_MET730,45,minor_only,B,A,11,60;-60;-180,-0.0007374134087761753,0.000734036682423857,0.00020553926549893889,0.00020553926549893889,13.096891853554759,13.096884796820408,7.056734350641136e-06,5.388098511881502e-07,4.505861282348633,4.473294258117676,False,False
5Z8H_A_MET730,45,minor_only,B,A,12,60;60;-90,-0.0008337293688737184,0.0005934522563308972,0.00020412914648469414,0.00020412914648469414,13.096891853554759,13.096887241018297,4.612536461223726e-06,3.5218558057893647e-07,4.5441107749938965,4.8216471672058105,False,False
5Z8H_A_MET730,45,minor_only,B,A,13,60;60;90,-0.0008905435903482389,0.0005576909484522327,0.00019088779863606436,0.00019088779863606436,13.096891853554759,13.096887780170011,4.073384747727005e-06,3.110191939640554e-07,4.0827155113220215,4.517237186431885,False,False
5Z8H_A_MET730,45,minor_only,B,A,14,60;60;-180,-0.0008295792590071125,0.0005945429905752389,0.00020486761190316108,0.00020486761190316108,13.096891853554759,13.096887224047514,4.629507245113018e-06,3.5348136770759676e-07,4.629685878753662,4.853653907775879,False,False
5Z8H_A_MET730,45,minor_only,B,A,15,60;-180;-90,-0.0011052295538219064,0.0005132995211562203,0.00011605911449348026,0.00011605911449348026,13.096891853554759,13.09688840283286,3.450721898445863e-06,2.634763986013421e-07,3.5745136737823486,3.8537869453430176,False,False
5Z8H_A_MET730,45,minor_only,B,A,16,60;-180;90,-0.0010425703165945332,0.0006671708769902762,0.00014629962729136232,0.00014629962729136232,13.096891853554759,13.096886023905821,5.829648937805132e-06,4.451169791268337e-07,3.6538548469543457,3.36932373046875,False,False
5Z8H_A_MET730,45,minor_only,B,A,17,60;-180;-180,-0.0009858456237531947,0.000581095331843981,0.00013474023406662389,0.00013474023406662389,13.096891853554759,13.096887431103912,4.422450846419679e-06,3.3767178471580165e-07,4.122584342956543,4.121427536010742,False,False
5Z8H_A_MET730,45,minor_only,B,A,18,-180;-60;-90,-0.09022271515308011,-0.08595184654482572,-0.02148329802554889,0.0,13.096891853554759,13.096891853554759,0.0,0.0,3.6339290142059326,4.171090602874756,False,False
5Z8H_A_MET730,45,minor_only,B,A,19,-180;-60;90,-0.0891528676722109,-0.08473951985627047,-0.02084784598958162,0.0,13.096891853554759,13.096891853554759,0.0,0.0,3.3865549564361572,4.109641075134277,False,False
5Z8H_A_MET730,45,minor_only,B,A,20,-180;-60;-180,-0.09008464582511337,-0.08579742748834587,-0.021377633204326386,0.0,13.096891853554759,13.096891853554759,0.0,0.0,3.3140265941619873,4.056313514709473,False,False
5Z8H_A_MET730,45,minor_only,B,A,21,-180;60;-90,-0.12625475079666562,-0.11827470881739176,-0.024116094167065723,0.0,13.096891853554759,13.096891853554759,0.0,0.0,2.338050127029419,3.1690080165863037,False,False
5Z8H_A_MET730,45,minor_only,B,A,22,-180;60;90,0.0541482502157794,0.05319000384806315,0.010747055991379328,0.010747055991379328,13.096891853554759,13.059838434777093,0.037053418777665215,0.002829176509356926,1.6550021171569824,2.024536609649658,False,False
5Z8H_A_MET730,45,minor_only,B,A,23,-180;60;-180,-0.13399230363360162,-0.12576803836908498,-0.025742915270162908,0.0,13.096891853554759,13.096891853554759,0.0,0.0,2.0649256706237793,2.9276862144470215,False,False
5Z8H_A_MET730,45,minor_only,B,A,24,-180;-180;-90,-0.05121881516009412,-0.04660291754997749,-0.009427474628691035,0.0,13.096891853554759,13.096891853554759,0.0,0.0,2.3439927101135254,2.4314799308776855,False,False
5Z8H_A_MET730,45,minor_only,B,A,25,-180;-180;90,-0.08355131447780505,-0.07825119167914903,-0.016351656783985334,0.0,13.096891853554759,13.096891853554759,0.0,0.0,3.1557016372680664,3.516366720199585,False,False
5Z8H_A_MET730,45,minor_only,B,A,26,-180;-180;-180,-0.08361584784474856,-0.07816296654833403,-0.016235822641959517,0.0,13.096891853554759,13.096891853554759,0.0,0.0,2.701474189758301,3.235177993774414,False,False
5Z8H_A_MET730,47,major_only,A,B,0,-60;-60;-90,-0.17385426161636827,-0.16406458384250563,-0.018895279144102984,0.0,4.255513111506847,4.255513111506847,0.0,0.0,0.8813758492469788,0.40928998589515686,True,False
5Z8H_A_MET730,47,major_only,A,B,1,-60;-60;90,-0.13153508061652625,-0.12410164827653689,-0.014293411921017967,0.0,4.255513111506847,4.255513111506847,0.0,0.0,1.658141016960144,1.8830368518829346,False,False
5Z8H_A_MET730,47,major_only,A,B,2,-60;-60;-180,-0.030800791047953767,-0.02880917073993521,-0.003318089280577706,0.0,4.255513111506847,4.255513111506847,0.0,0.0,0.6287176609039307,1.577333927154541,True,False
5Z8H_A_MET730,47,major_only,A,B,3,-60;60;-90,0.016174345475039008,0.01566447549639171,0.0018084056949614561,0.0018084056949614561,4.255513111506847,4.254468911604288,0.0010441999025587734,0.00024537579257722687,2.5709877014160156,2.885263204574585,False,False
5Z8H_A_MET730,47,major_only,A,B,4,-60;60;90,0.01757528563683674,0.017053045793822972,0.0019922579467819357,0.0019922579467819357,4.255513111506847,4.254275581182801,0.0012375303240457214,0.00029080637084619875,2.755124568939209,3.1597540378570557,False,False
5Z8H_A_MET730,47,major_only,A,B,5,-60;60;-180,0.01821729574438691,0.017613990932940336,0.0020358057356009243,0.0020358057356009243,4.255513111506847,4.254192827173756,0.0013202843330910596,0.00031025267658582215,2.1748244762420654,2.841738700866699,False,False
5Z8H_A_MET730,47,major_only,A,B,6,-60;-180;-90,0.037278057207285616,0.03573795401876564,0.004141956059837865,0.004141956059837865,4.255513111506847,4.250077964384195,0.00543514712265214,0.0012772013574474906,2.4384799003601074,2.8505029678344727,False,False
5Z8H_A_MET730,47,major_only,A,B,7,-60;-180;90,0.019942523725013116,0.019183876418347123,0.0022094251214775907,0.0022094251214775907,4.255513111506847,4.253946992829059,0.0015661186777879976,0.00036802111443464596,1.7299764156341553,1.7571865320205688,False,False
5Z8H_A_MET730,47,major_only,A,B,8,-60;-180;-180,0.05793555471654925,0.05517531625240182,0.006356832353810589,0.006356832353810589,4.255513111506847,4.242557986880805,0.012955124626041759,0.0030443155235525617,1.6639395952224731,2.382124185562134,False,True
5Z8H_A_MET730,47,major_only,A,B,9,60;-60;-90,-0.0018206589837528647,-0.001505141934015183,-0.0002285199068470046,0.0,4.255513111506847,4.255513111506847,0.0,0.0,3.730977773666382,4.0023512840271,False,False
5Z8H_A_MET730,47,major_only,A,B,10,60;-60;90,-0.001809221274646473,-0.0015196066651486826,-0.00024159707627529315,0.0,4.255513111506847,4.255513111506847,0.0,0.0,4.501371383666992,4.407451629638672,False,False
5Z8H_A_MET730,47,major_only,A,B,11,60;-60;-180,-0.0017991821461100645,-0.001510579493429099,-0.00024110846993216387,0.0,4.255513111506847,4.255513111506847,0.0,0.0,4.473294258117676,4.505861282348633,False,False
5Z8H_A_MET730,47,major_only,A,B,12,60;60;-90,-0.0009717049042448538,-0.000716176762632144,-0.0001404207556153992,0.0,4.255513111506847,4.255513111506847,0.0,0.0,4.8216471672058105,4.5441107749938965,False,False
5Z8H_A_MET730,47,major_only,A,B,13,60;60;90,-0.0009754248447800361,-0.0007159955348136976,-0.0001396968886383506,0.0,4.255513111506847,4.255513111506847,0.0,0.0,4.517237186431885,4.0827155113220215,False,False
5Z8H_A_MET730,47,major_only,A,B,14,60;60;-180,-0.0009703886987223269,-0.0007154701316250948,-0.00014053140739358293,0.0,4.255513111506847,4.255513111506847,0.0,0.0,4.853653907775879,4.629685878753662,False,False
5Z8H_A_MET730,47,major_only,A,B,15,60;-180;-90,-0.0008299992915144125,-0.0005435152703602232,-7.005062099951712e-05,0.0,4.255513111506847,4.255513111506847,0.0,0.0,3.8537869453430176,3.5745136737823486,False,False
5Z8H_A_MET730,47,major_only,A,B,16,60;-180;90,-0.0008515381337401258,-0.0005463046154448407,-6.828618569521909e-05,0.0,4.255513111506847,4.255513111506847,0.0,0.0,3.36932373046875,3.6538548469543457,False,False
5Z8H_A_MET730,47,major_only,A,B,17,60;-180;-180,-0.0008247895842086277,-0.000547551599450184,-7.237137243221985e-05,0.0,4.255513111506847,4.255513111506847,0.0,0.0,4.121427536010742,4.122584342956543,False,False
5Z8H_A_MET730,47,major_only,A,B,18,-180;-60;-90,-0.024436242346982048,-0.023440941549117567,-0.003339739857824032,0.0,4.255513111506847,4.255513111506847,0.0,0.0,4.171090602874756,3.6339290142059326,False,False
5Z8H_A_MET730,47,major_only,A,B,19,-180;-60;90,-0.024182443711770904,-0.02315134307208559,-0.0032467079739709093,0.0,4.255513111506847,4.255513111506847,0.0,0.0,4.109641075134277,3.3865549564361572,False,False
5Z8H_A_MET730,47,major_only,A,B,20,-180;-60;-180,-0.024418145969466405,-0.023418284562206498,-0.003326076850513436,0.0,4.255513111506847,4.255513111506847,0.0,0.0,4.056313514709473,3.3140265941619873,False,False
5Z8H_A_MET730,47,major_only,A,B,21,-180;60;-90,-0.06930659118150176,-0.06564788847555221,-0.007630055396798001,0.0,4.255513111506847,4.255513111506847,0.0,0.0,3.1690080165863037,2.338050127029419,False,False
5Z8H_A_MET730,47,major_only,A,B,22,-180;60;90,-0.20548737801231304,-0.19404560294649936,-0.022348847995182348,0.0,4.255513111506847,4.255513111506847,0.0,0.0,2.024536609649658,1.6550021171569824,False,False
5Z8H_A_MET730,47,major_only,A,B,23,-180;60;-180,-0.07093186865627427,-0.06725760974562321,-0.007847308292459686,0.0,4.255513111506847,4.255513111506847,0.0,0.0,2.9276862144470215,2.0649256706237793,False,False
5Z8H_A_MET730,47,major_only,A,B,24,-180;-180;-90,-0.05835639386709757,-0.05499132936356796,-0.006341154434229997,0.0,4.255513111506847,4.255513111506847,0.0,0.0,2.4314799308776855,2.3439927101135254,False,False
5Z8H_A_MET730,47,major_only,A,B,25,-180;-180;90,-0.02750792496055181,-0.02605437685604237,-0.0031034398978002195,0.0,4.255513111506847,4.255513111506847,0.0,0.0,3.516366720199585,3.1557016372680664,False,False
5Z8H_A_MET730,47,major_only,A,B,26,-180;-180;-180,-0.027674743997663388,-0.026169323769450508,-0.0030985435938073484,0.0,4.255513111506847,4.255513111506847,0.0,0.0,3.235177993774414,2.701474189758301,False,False
5Z8H_A_MET730,48,major_only,A,B,0,-60;-60;-90,-0.1269419062763572,-0.11777191804690217,-0.011913511152929752,0.0,3.28300123627542,3.28300123627542,0.0,0.0,0.8813758492469788,0.40928998589515686,True,False
5Z8H_A_MET730,48,major_only,A,B,1,-60;-60;90,-0.15908790124791033,-0.14823596270573414,-0.014995864065554407,0.0,3.28300123627542,3.28300123627542,0.0,0.0,1.658141016960144,1.8830368518829346,False,False
5Z8H_A_MET730,48,major_only,A,B,2,-60;-60;-180,0.021757303310931442,0.02282741493108246,0.0023092640769700615,0.0023092640769700615,3.28300123627542,3.281290494297002,0.001710741978418362,0.000521090872435737,0.6287176609039307,1.577333927154541,True,False
5Z8H_A_MET730,48,major_only,A,B,3,-60;60;-90,-0.01048305974021694,-0.0077691959840674295,-0.0007877993932650471,0.0,3.28300123627542,3.28300123627542,0.0,0.0,2.5709877014160156,2.885263204574585,False,False
5Z8H_A_MET730,48,major_only,A,B,4,-60;60;90,-0.0006829141663134389,0.001443199717117298,0.00014809131900155994,0.00014809131900155994,3.28300123627542,3.28299439835698,6.837918440361079e-06,2.0828254235197087e-06,2.755124568939209,3.1597540378570557,False,False
5Z8H_A_MET730,48,major_only,A,B,5,-60;60;-180,0.0001816259054154608,0.002338896068825891,0.00023743735503350865,0.00023743735503350865,3.28300123627542,3.282983276831141,1.795944427929186e-05,5.470434820690756e-06,2.1748244762420654,2.841738700866699,False,False
5Z8H_A_MET730,48,major_only,A,B,6,-60;-180;-90,0.011025417586079467,0.012633022729335416,0.001286004936857331,0.001286004936857331,3.28300123627542,3.2824772913947706,0.0005239448806495517,0.0001595932632800253,2.4384799003601074,2.8505029678344727,False,False
5Z8H_A_MET730,48,major_only,A,B,7,-60;-180;90,-0.018531751622378807,-0.01527709629087213,-0.0015454084845722268,0.0,3.28300123627542,3.28300123627542,0.0,0.0,1.7299764156341553,1.7571865320205688,False,False
5Z8H_A_MET730,48,major_only,A,B,8,-60;-180;-180,0.03425950724588116,0.034666358081434576,0.003508033260346923,0.003508033260346923,3.28300123627542,3.2790558685855435,0.003945367689876633,0.001201756382630142,1.6639395952224731,2.382124185562134,False,True
5Z8H_A_MET730,48,major_only,A,B,9,60;-60;-90,-0.007868785973057405,-0.005827752310623921,-0.0007771542469814633,0.0,3.28300123627542,3.28300123627542,0.0,0.0,3.730977773666382,4.0023512840271,False,False
5Z8H_A_MET730,48,major_only,A,B,10,60;-60;90,-0.008013138684179341,-0.006124727535278209,-0.0008552770422570329,0.0,3.28300123627542,3.28300123627542,0.0,0.0,4.501371383666992,4.407451629638672,False,False
5Z8H_A_MET730,48,major_only,A,B,11,60;-60;-180,-0.008001686403563742,-0.006118077720567428,-0.0008577158363210124,0.0,3.28300123627542,3.28300123627542,0.0,0.0,4.473294258117676,4.505861282348633,False,False
5Z8H_A_MET730,48,major_only,A,B,12,60;60;-90,-0.012319817637914041,-0.010385658741968718,-0.0017885648230535082,0.0,3.28300123627542,3.28300123627542,0.0,0.0,4.8216471672058105,4.5441107749938965,False,False
5Z8H_A_MET730,48,major_only,A,B,13,60;60;90,-0.012278492757474465,-0.010314862183444623,-0.0017676627333111084,0.0,3.28300123627542,3.28300123627542,0.0,0.0,4.517237186431885,4.0827155113220215,False,False
5Z8H_A_MET730,48,major_only,A,B,14,60;60;-180,-0.012249519373615281,-0.01032188108084227,-0.0017807391026958151,0.0,3.28300123627542,3.28300123627542,0.0,0.0,4.853653907775879,4.629685878753662,False,False
5Z8H_A_MET730,48,major_only,A,B,15,60;-180;-90,-0.007398568174463763,-0.005343009151961208,-0.000604847255081207,0.0,3.28300123627542,3.28300123627542,0.0,0.0,3.8537869453430176,3.5745136737823486,False,False
5Z8H_A_MET730,48,major_only,A,B,16,60;-180;90,-0.007338504579055872,-0.005153607710528426,-0.0005658077593631847,0.0,3.28300123627542,3.28300123627542,0.0,0.0,3.36932373046875,3.6538548469543457,False,False
5Z8H_A_MET730,48,major_only,A,B,17,60;-180;-180,-0.0074376039235278385,-0.005447339914677851,-0.0006323911585670335,0.0,3.28300123627542,3.28300123627542,0.0,0.0,4.121427536010742,4.122584342956543,False,False
5Z8H_A_MET730,48,major_only,A,B,18,-180;-60;-90,-0.001929207990946149,-0.00016532664536926103,-2.0689023741061717e-05,0.0,3.28300123627542,3.28300123627542,0.0,0.0,4.171090602874756,3.6339290142059326,False,False
5Z8H_A_MET730,48,major_only,A,B,19,-180;-60;90,-0.0019445939624402103,-0.00013532624748357092,-1.6668964930474262e-05,0.0,3.28300123627542,3.28300123627542,0.0,0.0,4.109641075134277,3.3865549564361572,False,False
5Z8H_A_MET730,48,major_only,A,B,20,-180;-60;-180,-0.001907518836548101,-0.0001390365773871616,-1.7344661385753363e-05,0.0,3.28300123627542,3.28300123627542,0.0,0.0,4.056313514709473,3.3140265941619873,False,False
5Z8H_A_MET730,48,major_only,A,B,21,-180;60;-90,0.030566910883705188,0.031216097160114913,0.0031867286856113747,0.0031867286856113747,3.28300123627542,3.2798021330487086,0.003199103226711575,0.0009744447219096914,3.1690080165863037,2.338050127029419,False,False
5Z8H_A_MET730,48,major_only,A,B,22,-180;60;90,-0.07871694828908779,-0.07220738063988338,-0.007304533467635718,0.0,3.28300123627542,3.28300123627542,0.0,0.0,2.024536609649658,1.6550021171569824,False,False
5Z8H_A_MET730,48,major_only,A,B,23,-180;60;-180,0.030550367109066855,0.031208020487487803,0.003198195920216098,0.003198195920216098,3.28300123627542,3.279803788269522,0.0031974480058982735,0.0009739405427473407,2.9276862144470215,2.0649256706237793,False,False
5Z8H_A_MET730,48,major_only,A,B,24,-180;-180;-90,-0.05470723276897044,-0.04963818830387181,-0.005027471191356168,0.0,3.28300123627542,3.28300123627542,0.0,0.0,2.4314799308776855,2.3439927101135254,False,False
5Z8H_A_MET730,48,major_only,A,B,25,-180;-180;90,-0.00794304472179005,-0.005608787233640102,-0.0005868014398232115,0.0,3.28300123627542,3.28300123627542,0.0,0.0,3.516366720199585,3.1557016372680664,False,False
5Z8H_A_MET730,48,major_only,A,B,26,-180;-180;-180,-0.008457340900380446,-0.006055981710436309,-0.0006298095212423095,0.0,3.28300123627542,3.28300123627542,0.0,0.0,3.235177993774414,2.701474189758301,False,False
5Z8H_A_MET730,49,major_only,A,B,0,-60;-60;-90,-0.07227673712200836,-0.06762934468401358,-0.006947604957592994,0.0,3.3859057532733248,3.3859057532733248,0.0,0.0,0.8813758492469788,0.40928998589515686,True,False
5Z8H_A_MET730,49,major_only,A,B,1,-60;-60;90,-0.09014947020656959,-0.08456608711720613,-0.008687924987419127,0.0,3.3859057532733248,3.3859057532733248,0.0,0.0,1.658141016960144,1.8830368518829346,False,False
5Z8H_A_MET730,49,major_only,A,B,2,-60;-60;-180,0.07422103035013695,0.07090818475450213,0.007284758247838433,0.007284758247838433,3.3859057532733248,3.3688815184708067,0.017024234802518023,0.005027970665178688,0.6287176609039307,1.577333927154541,True,True
5Z8H_A_MET730,49,major_only,A,B,3,-60;60;-90,0.0004854631183762828,0.0011490186968916372,0.0001183228359216745,0.0001183228359216745,3.3859057532733248,3.385901283051685,4.470221639962801e-06,1.3202439659288254e-06,2.5709877014160156,2.885263204574585,False,False
5Z8H_A_MET730,49,major_only,A,B,4,-60;60;90,0.009735547697195989,0.009941009970594664,0.0010359423438915255,0.0010359423438915255,3.3859057532733248,3.3855711456092417,0.0003346076640831086,9.88236792354975e-05,2.755124568939209,3.1597540378570557,False,False
5Z8H_A_MET730,49,major_only,A,B,5,-60;60;-180,0.010594390150502385,0.010746775997118376,0.001107945066552436,0.001107945066552436,3.3859057532733248,3.3855147042021714,0.00039104907115339316,0.00011549319433222452,2.1748244762420654,2.841738700866699,False,False
5Z8H_A_MET730,49,major_only,A,B,6,-60;-180;-90,0.02332671018405506,0.02284984196203817,0.002362220687012096,0.002362220687012096,3.3859057532733248,3.384137920150722,0.0017678331226029798,0.0005221152776901504,2.4384799003601074,2.8505029678344727,False,False
5Z8H_A_MET730,49,major_only,A,B,7,-60;-180;90,-0.00911585935436686,-0.00791172742404634,-0.0008127850415963293,0.0,3.3859057532733248,3.3859057532733248,0.0,0.0,1.7299764156341553,1.7571865320205688,False,False
5Z8H_A_MET730,49,major_only,A,B,8,-60;-180;-180,0.046310501127276985,0.0445522328429908,0.004578538472564551,0.004578538472564551,3.3859057532733248,3.3791850640297003,0.006720689243624456,0.0019849014512962238,1.6639395952224731,2.382124185562134,False,False
5Z8H_A_MET730,49,major_only,A,B,9,60;-60;-90,-0.0007320330732782777,-0.0001465664500407731,-1.984918218874153e-05,0.0,3.3859057532733248,3.3859057532733248,0.0,0.0,3.730977773666382,4.0023512840271,False,False
5Z8H_A_MET730,49,major_only,A,B,10,60;-60;90,-0.0006821757857741189,-0.00013978674567945225,-1.9823847362796537e-05,0.0,3.3859057532733248,3.3859057532733248,0.0,0.0,4.501371383666992,4.407451629638672,False,False
5Z8H_A_MET730,49,major_only,A,B,11,60;-60;-180,-0.0006815076070013349,-0.00014032090735676558,-1.997803330621646e-05,0.0,3.3859057532733248,3.3859057532733248,0.0,0.0,4.473294258117676,4.505861282348633,False,False
5Z8H_A_MET730,49,major_only,A,B,12,60;60;-90,-0.0006699006262592409,-0.0001466390418047706,-2.5646148957146044e-05,0.0,3.3859057532733248,3.3859057532733248,0.0,0.0,4.8216471672058105,4.5441107749938965,False,False
5Z8H_A_MET730,49,major_only,A,B,13,60;60;90,-0.0006781948857307798,-0.00014742536173838072,-2.5657248935641854e-05,0.0,3.3859057532733248,3.3859057532733248,0.0,0.0,4.517237186431885,4.0827155113220215,False,False
5Z8H_A_MET730,49,major_only,A,B,14,60;60;-180,-0.0006690324559965375,-0.00014689547765826594,-2.573663595041216e-05,0.0,3.3859057532733248,3.3859057532733248,0.0,0.0,4.853653907775879,4.629685878753662,False,False
5Z8H_A_MET730,49,major_only,A,B,15,60;-180;-90,-0.0007003435474909899,-0.00010786831899693767,-1.2400968842692018e-05,0.0,3.3859057532733248,3.3859057532733248,0.0,0.0,3.8537869453430176,3.5745136737823486,False,False
5Z8H_A_MET730,49,major_only,A,B,16,60;-180;90,-0.0007331202060604768,-0.00010448386044510867,-1.1649536909875514e-05,0.0,3.3859057532733248,3.3859057532733248,0.0,0.0,3.36932373046875,3.6538548469543457,False,False
5Z8H_A_MET730,49,major_only,A,B,17,60;-180;-180,-0.0006805265921752371,-0.00010645539871247562,-1.255078568527724e-05,0.0,3.3859057532733248,3.3859057532733248,0.0,0.0,4.121427536010742,4.122584342956543,False,False
5Z8H_A_MET730,49,major_only,A,B,18,-180;-60;-90,-0.01460178780240918,-0.013614954962906083,-0.001730275518288674,0.0,3.3859057532733248,3.3859057532733248,0.0,0.0,4.171090602874756,3.6339290142059326,False,False
5Z8H_A_MET730,49,major_only,A,B,19,-180;-60;90,-0.015083469119067588,-0.01404515454493539,-0.0017569322933064229,0.0,3.3859057532733248,3.3859057532733248,0.0,0.0,4.109641075134277,3.3865549564361572,False,False
5Z8H_A_MET730,49,major_only,A,B,20,-180;-60;-180,-0.014697543120494885,-0.01370355727100385,-0.0017360890025891291,0.0,3.3859057532733248,3.3859057532733248,0.0,0.0,4.056313514709473,3.3140265941619873,False,False
5Z8H_A_MET730,49,major_only,A,B,21,-180;60;-90,-0.0558308894870074,-0.052457194398666626,-0.0054384288948785345,0.0,3.3859057532733248,3.3859057532733248,0.0,0.0,3.1690080165863037,2.338050127029419,False,False
5Z8H_A_MET730,49,major_only,A,B,22,-180;60;90,-0.17052551340183467,-0.16058785154359337,-0.016497779304185525,0.0,3.3859057532733248,3.3859057532733248,0.0,0.0,2.024536609649658,1.6550021171569824,False,False
5Z8H_A_MET730,49,major_only,A,B,23,-180;60;-180,-0.05258247644921312,-0.0494165977012239,-0.005142965290167944,0.0,3.3859057532733248,3.3859057532733248,0.0,0.0,2.9276862144470215,2.0649256706237793,False,False
5Z8H_A_MET730,49,major_only,A,B,24,-180;-180;-90,-0.07273293676462265,-0.06823577686958893,-0.007018555174772565,0.0,3.3859057532733248,3.3859057532733248,0.0,0.0,2.4314799308776855,2.3439927101135254,False,False
5Z8H_A_MET730,49,major_only,A,B,25,-180;-180;90,-0.02123936418697415,-0.019707617164574084,-0.002093911065215816,0.0,3.3859057532733248,3.3859057532733248,0.0,0.0,3.516366720199585,3.1557016372680664,False,False
5Z8H_A_MET730,49,major_only,A,B,26,-180;-180;-180,-0.021912232717750238,-0.020309784172731073,-0.0021450226618306106,0.0,3.3859057532733248,3.3859057532733248,0.0,0.0,3.235177993774414,2.701474189758301,False,False
7F72_A_MET103,4,major_only,A,B,0,-60;-60;-90,-0.05659438688285737,-0.04956273826818011,-0.006834069340269279,0.0,3.6126263630065374,3.6126263630065374,0.0,0.0,2.4885756969451904,1.865577220916748,False,False
7F72_A_MET103,4,major_only,A,B,1,-60;-60;90,-0.04181186070514498,-0.036480110369002616,-0.005102862728405557,0.0,3.6126263630065374,3.6126263630065374,0.0,0.0,2.868220567703247,2.7251338958740234,False,False
7F72_A_MET103,4,major_only,A,B,2,-60;-60;-180,-0.08174206927715999,-0.07268605584046761,-0.010046622469105131,0.0,3.6126263630065374,3.6126263630065374,0.0,0.0,2.4346656799316406,2.0887980461120605,False,False
7F72_A_MET103,4,major_only,A,B,3,-60;60;-90,-0.07778556540910639,-0.06952927031834635,-0.009726062516928228,0.0,3.6126263630065374,3.6126263630065374,0.0,0.0,2.796525716781616,2.778451681137085,False,False
7F72_A_MET103,4,major_only,A,B,4,-60;60;90,-0.06005301362101511,-0.05273230142226825,-0.007272784515990307,0.0,3.6126263630065374,3.6126263630065374,0.0,0.0,1.8751180171966553,2.4142777919769287,False,False
7F72_A_MET103,4,major_only,A,B,5,-60;60;-180,-0.08765111564500942,-0.07810825310431982,-0.01079846802094565,0.0,3.6126263630065374,3.6126263630065374,0.0,0.0,2.28025221824646,2.2243733406066895,False,False
7F72_A_MET103,4,major_only,A,B,6,-60;-180;-90,0.3354858960483101,0.30628268269150943,0.0421872419306398,0.0421872419306398,3.6126263630065374,3.273729201307324,0.33889716169921336,0.09380908171670785,0.4224196970462799,1.508715033531189,True,True
7F72_A_MET103,4,major_only,A,B,7,-60;-180;90,0.06321368803937118,0.05937877766320705,0.008178808153027987,0.008178808153027987,3.6126263630065374,3.599888823228036,0.01273753977850145,0.0035258392367764494,1.5650012493133545,0.4703880846500397,False,False
7F72_A_MET103,4,major_only,A,B,8,-60;-180;-180,0.09510913430074479,0.08834409716350448,0.012171855748474613,0.012171855748474613,3.6126263630065374,3.5844309720768903,0.02819539092964707,0.007804679503634582,1.2544316053390503,0.914280116558075,False,False
7F72_A_MET103,4,major_only,A,B,9,60;-60;-90,0.02803753425060002,0.02779534538528289,0.003941572752318109,0.003941572752318109,3.6126263630065374,3.6098353157052236,0.0027910473013137427,0.0007725812250871547,2.6705803871154785,3.0437116622924805,False,False
7F72_A_MET103,4,major_only,A,B,10,60;-60;90,0.006909087714479373,0.008175293599155555,0.0012574752303394312,0.0012574752303394312,3.6126263630065374,3.6123849115866378,0.0002414514198996187,6.683542543233712e-05,3.470223903656006,3.9303126335144043,False,False
7F72_A_MET103,4,major_only,A,B,11,60;-60;-180,0.0069710016956122155,0.008237154541582066,0.0012475899533254838,0.0012475899533254838,3.6126263630065374,3.6123812437249896,0.00024511928154780094,6.785071494185887e-05,3.093801736831665,3.706620931625366,False,False
7F72_A_MET103,4,major_only,A,B,12,60;60;-90,0.0029331422833266665,0.004336591886619622,0.0007841203685153619,0.0007841203685153619,3.6126263630065374,3.6125584238496984,6.793915683900309e-05,1.8806029191034873e-05,3.8287439346313477,4.274672031402588,False,False
7F72_A_MET103,4,major_only,A,B,13,60;60;90,0.0027087369603159377,0.004159128223730751,0.0007190782799592199,0.0007190782799592199,3.6126263630065374,3.612563870540028,6.249246650957829e-05,1.7298347581555642e-05,3.5450100898742676,3.729947566986084,False,False
7F72_A_MET103,4,major_only,A,B,14,60;60;-180,0.0029046147655810315,0.004311433176176972,0.0007741644144942415,0.0007741644144942415,3.6126263630065374,3.612559209860226,6.715314631122737e-05,1.858845603267438e-05,3.54795241355896,4.10157585144043,False,False
7F72_A_MET103,4,major_only,A,B,15,60;-180;-90,0.13743970140535133,0.12810278063543268,0.017864927153458873,0.017864927153458873,3.6126263630065374,3.553341999655271,0.0592843633512663,0.016410322406529763,2.5251641273498535,2.6835217475891113,False,False
7F72_A_MET103,4,major_only,A,B,16,60;-180;90,0.3204100218278739,0.2938388940727491,0.040505139839993376,0.040505139839993376,3.6126263630065374,3.300707522053328,0.3119188409532092,0.0863412956698962,1.886313557624817,2.3191442489624023,False,False
7F72_A_MET103,4,major_only,A,B,17,60;-180;-180,0.14126287304191573,0.13223130403555,0.0188224529886544,0.0188224529886544,3.6126263630065374,3.5494591656014087,0.06316719740512866,0.017485117766941997,2.3877153396606445,3.038935661315918,False,False
7F72_A_MET103,4,major_only,A,B,18,-180;-60;-90,0.0020565598526798893,0.0035380815529951503,0.000604593825931959,0.000604593825931959,3.6126263630065374,3.612581140073587,4.5222932950395034e-05,1.251802107560305e-05,3.4596190452575684,3.7903666496276855,False,False
7F72_A_MET103,4,major_only,A,B,19,-180;-60;90,0.0021723951705922622,0.0036098827016086627,0.0006447536799462909,0.0006447536799462909,3.6126263630065374,3.6125792859579757,4.707704856166117e-05,1.3031253119263135e-05,4.071188449859619,4.0561909675598145,False,False
7F72_A_MET103,4,major_only,A,B,20,-180;-60;-180,0.0021800526269065406,0.0036200237484346484,0.000643945989860358,0.000643945989860358,3.6126263630065374,3.612579021084474,4.734192206345966e-05,1.3104571939197242e-05,3.889228343963623,3.7998852729797363,False,False
7F72_A_MET103,4,major_only,A,B,21,-180;60;-90,-0.008432804423117734,-0.006200665249036266,-0.0009496791161219595,0.0,3.6126263630065374,3.6126263630065374,0.0,0.0,3.7899768352508545,3.6515538692474365,False,False
7F72_A_MET103,4,major_only,A,B,22,-180;60;90,-0.021450496450661737,-0.017993970052388276,-0.0025525903478619814,0.0,3.6126263630065374,3.6126263630065374,0.0,0.0,3.0349390506744385,2.714815855026245,False,False
7F72_A_MET103,4,major_only,A,B,23,-180;60;-180,-0.008746225586519031,-0.006470466220658417,-0.0009861702614764592,0.0,3.6126263630065374,3.6126263630065374,0.0,0.0,3.582993984222412,3.2818522453308105,False,False
7F72_A_MET103,4,major_only,A,B,24,-180;-180;-90,-0.03928134027744744,-0.033759724246844765,-0.004653770131583844,0.0,3.6126263630065374,3.6126263630065374,0.0,0.0,2.2776074409484863,1.9517271518707275,False,False
7F72_A_MET103,4,major_only,A,B,25,-180;-180;90,0.04034450309175096,0.038965574459566284,0.005431383212051093,0.005431383212051093,3.6126263630065374,3.607141254622981,0.005485108383556536,0.0015183159929640945,2.3947787284851074,2.772552967071533,False,False
7F72_A_MET103,4,major_only,A,B,26,-180;-180;-180,0.03911530868620437,0.03796687593978044,0.005391042852005718,0.005391042852005718,3.6126263630065374,3.6074188211034133,0.005207541903124113,0.0014414836686266772,2.8568453788757324,2.629422664642334,False,False
7F72_A_MET103,15,minor_only,B,A,0,-60;-60;-90,-0.056423122515236866,-0.05091941204388459,-0.008230324891832407,0.0,4.964117675153225,4.964117675153225,0.0,0.0,1.865577220916748,2.4885756969451904,False,False
7F72_A_MET103,15,minor_only,B,A,1,-60;-60;90,-0.08197564577352906,-0.07482567385772039,-0.01226924642329159,0.0,4.964117675153225,4.964117675153225,0.0,0.0,2.7251338958740234,2.868220567703247,False,False
7F72_A_MET103,15,minor_only,B,A,2,-60;-60;-180,-0.08418188700266487,-0.0764094666030437,-0.012380142905789954,0.0,4.964117675153225,4.964117675153225,0.0,0.0,2.0887980461120605,2.4346656799316406,False,False
7F72_A_MET103,15,minor_only,B,A,3,-60;60;-90,-0.005619712355778565,-0.004686311930634813,-0.0007684402213766493,0.0,4.964117675153225,4.964117675153225,0.0,0.0,2.778451681137085,2.796525716781616,False,False
7F72_A_MET103,15,minor_only,B,A,4,-60;60;90,-0.017013674866336342,-0.01501238373796835,-0.002427074804603046,0.0,4.964117675153225,4.964117675153225,0.0,0.0,2.4142777919769287,1.8751180171966553,False,False
7F72_A_MET103,15,minor_only,B,A,5,-60;60;-180,-0.003605126321165888,-0.002804485537595275,-0.00045449377252329234,0.0,4.964117675153225,4.964117675153225,0.0,0.0,2.2243733406066895,2.28025221824646,False,False
7F72_A_MET103,15,minor_only,B,A,6,-60;-180;-90,-0.16701996382609893,-0.1509516594603555,-0.02437283752625741,0.0,4.964117675153225,4.964117675153225,0.0,0.0,1.508715033531189,0.4224196970462799,False,False
7F72_A_MET103,15,minor_only,B,A,7,-60;-180;90,0.07833953469430581,0.07154828200789896,0.011552274202447317,0.011552274202447317,4.964117675153225,4.938705579103971,0.025412096049254096,0.005119156658281618,0.4703880846500397,1.5650012493133545,True,True
7F72_A_MET103,15,minor_only,B,A,8,-60;-180;-180,-0.03586533431010328,-0.03203469774803294,-0.0051737971976933295,0.0,4.964117675153225,4.964117675153225,0.0,0.0,0.914280116558075,1.2544316053390503,True,False
7F72_A_MET103,15,minor_only,B,A,9,60;-60;-90,0.012676732955758564,0.01218866157915203,0.0020261099138453842,0.0020261099138453842,4.964117675153225,4.9633801886005,0.0007374865527252084,0.0001485634710910524,3.0437116622924805,2.6705803871154785,False,False
7F72_A_MET103,15,minor_only,B,A,10,60;-60;90,0.029794257563707696,0.028347205776993435,0.00511111729369547,0.00511111729369547,4.964117675153225,4.9601286885235965,0.003988986629628322,0.0008035640753631401,3.9303126335144043,3.470223903656006,False,False
7F72_A_MET103,15,minor_only,B,A,11,60;-60;-180,0.029292084956080627,0.027860186256207013,0.004946388010154583,0.004946388010154583,4.964117675153225,4.960264576763014,0.003853098390210974,0.0007761899782305306,3.706620931625366,3.093801736831665,False,False
7F72_A_MET103,15,minor_only,B,A,12,60;60;-90,0.01764769058502149,0.01710893292578547,0.003626324103447222,0.003626324103447222,4.964117675153225,4.96266460053967,0.0014530746135550388,0.00029271558585890846,4.274672031402588,3.8287439346313477,False,False
7F72_A_MET103,15,minor_only,B,A,13,60;60;90,0.016280509478289844,0.01577440762615745,0.0031969543215212095,0.0031969543215212095,4.964117675153225,4.962882444141803,0.0012352310114218668,0.0002488319359560185,3.729947566986084,3.5450100898742676,False,False
7F72_A_MET103,15,minor_only,B,A,14,60;60;-180,0.01752838855664559,0.016993610122547808,0.0035768992366838255,0.0035768992366838255,4.964117675153225,4.962684123425941,0.0014335517272838771,0.0002887827849970596,4.10157585144043,3.54795241355896,False,False
7F72_A_MET103,15,minor_only,B,A,15,60;-180;-90,0.030348105107924198,0.02833762927640994,0.0046325030916731045,0.0046325030916731045,4.964117675153225,4.960131383256931,0.00398629189629407,0.000803021233007138,2.6835217475891113,2.5251641273498535,False,False
7F72_A_MET103,15,minor_only,B,A,16,60;-180;90,-0.08173340378191904,-0.07394501576222802,-0.01194866187302387,0.0,4.964117675153225,4.964117675153225,0.0,0.0,2.3191442489624023,1.886313557624817,False,False
7F72_A_MET103,15,minor_only,B,A,17,60;-180;-180,0.031135269714947764,0.029195192451307573,0.004871500968318566,0.004871500968318566,4.964117675153225,4.959886463473816,0.004231211679408986,0.0008523592622687744,3.038935661315918,2.3877153396606445,False,False
7F72_A_MET103,15,minor_only,B,A,18,-180;-60;-90,-0.005370076675737459,-0.004680847465297247,-0.0009376264891980006,0.0,4.964117675153225,4.964117675153225,0.0,0.0,3.7903666496276855,3.4596190452575684,False,False
7F72_A_MET103,15,minor_only,B,A,19,-180;-60;90,-0.004589304578444164,-0.003968195066553677,-0.0008308129601877768,0.0,4.964117675153225,4.964117675153225,0.0,0.0,4.0561909675598145,4.071188449859619,False,False
7F72_A_MET103,15,minor_only,B,A,20,-180;-60;-180,-0.004672600914846216,-0.004045243800980463,-0.0008435138832204848,0.0,4.964117675153225,4.964117675153225,0.0,0.0,3.7998852729797363,3.889228343963623,False,False
7F72_A_MET103,15,minor_only,B,A,21,-180;60;-90,0.004513132800520992,0.004649994527882359,0.0008348348188871476,0.0008348348188871476,4.964117675153225,4.964010338771422,0.00010733638180315808,2.1622449109215563e-05,3.6515538692474365,3.7899768352508545,False,False
7F72_A_MET103,15,minor_only,B,A,22,-180;60;90,0.015242889519875036,0.014559664395904748,0.002421112692132236,0.002421112692132236,4.964117675153225,4.963065362489172,0.0010523126640524794,0.00021198382732133726,2.714815855026245,3.0349390506744385,False,False
7F72_A_MET103,15,minor_only,B,A,23,-180;60;-180,0.004436143723863986,0.004576511524417436,0.0008176367411310913,0.0008176367411310913,4.964117675153225,4.964013704400396,0.00010397075282853052,2.0944457732928605e-05,3.2818522453308105,3.582993984222412,False,False
7F72_A_MET103,15,minor_only,B,A,24,-180;-180;-90,0.03440762246275136,0.031833559926296086,0.005143997585788391,0.005143997585788391,4.964117675153225,4.959087159735551,0.00503051541767352,0.0010133755375809552,1.9517271518707275,2.2776074409484863,False,False
7F72_A_MET103,15,minor_only,B,A,25,-180;-180;90,-0.031789953796794466,-0.0287000361893099,-0.004689443602413068,0.0,4.964117675153225,4.964117675153225,0.0,0.0,2.772552967071533,2.3947787284851074,False,False
7F72_A_MET103,15,minor_only,B,A,26,-180;-180;-180,-0.03019858572904145,-0.02739411353874094,-0.004559683338006729,0.0,4.964117675153225,4.964117675153225,0.0,0.0,2.629422664642334,2.8568453788757324,False,False
7F72_A_MET103,30,major_only,A,B,0,-60;-60;-90,0.10225665399527249,0.09461260552128589,0.014841485768071499,0.014841485768071499,4.6755383616599,4.633685069038723,0.04185329262117676,0.008951545123526288,2.4885756969451904,1.865577220916748,False,False
7F72_A_MET103,30,major_only,A,B,1,-60;-60;90,0.11707350285395135,0.10891549532003385,0.017332120579071998,0.017332120579071998,4.6755383616599,4.620074389859106,0.0554639718007941,0.011862585120808077,2.868220567703247,2.7251338958740234,False,False
7F72_A_MET103,30,major_only,A,B,2,-60;-60;-180,0.11117051351710497,0.10296724888313603,0.016190951708210766,0.016190951708210766,4.6755383616599,4.625967114761178,0.049571246898722165,0.01060225434256163,2.4346656799316406,2.0887980461120605,False,False
7F72_A_MET103,30,major_only,A,B,3,-60;60;-90,0.01003244644191877,0.010589291473976038,0.0016851578064951218,0.0016851578064951218,4.6755383616599,4.675014079077663,0.0005242825822371344,0.00011213309392054795,2.796525716781616,2.778451681137085,False,False
7F72_A_MET103,30,major_only,A,B,4,-60;60;90,0.010072804175424981,0.010610780187357362,0.0016648518802577386,0.0016648518802577386,4.6755383616599,4.675011949078822,0.0005264125810775511,0.00011258865618432552,1.8751180171966553,2.4142777919769287,False,False
7F72_A_MET103,30,major_only,A,B,5,-60;60;-180,0.0009840882958035814,0.0023112482891985155,0.00036350979122375126,0.00036350979122375126,4.6755383616599,4.675513385548085,2.4976111815178115e-05,5.341868654096798e-06,2.28025221824646,2.2243733406066895,False,False
7F72_A_MET103,30,major_only,A,B,6,-60;-180;-90,0.45421119224649015,0.41335752221715444,0.06477222641072236,0.06477222641072236,4.6755383616599,3.876655112309595,0.7988832493503049,0.17086444117350522,0.4224196970462799,1.508715033531189,True,True
7F72_A_MET103,30,major_only,A,B,7,-60;-180;90,0.2042827371848729,0.18671269548316557,0.029257479244318572,0.029257479244318572,4.6755383616599,4.512541470184349,0.16299689147555085,0.03486163065458927,1.5650012493133545,0.4703880846500397,False,False
7F72_A_MET103,30,major_only,A,B,8,-60;-180;-180,0.3033755639857263,0.27671915126633656,0.04337332993286625,0.04337332993286625,4.6755383616599,4.317516077861831,0.35802228379806866,0.07657348867756147,1.2544316053390503,0.914280116558075,False,False
7F72_A_MET103,30,major_only,A,B,9,60;-60;-90,-0.08889902026903189,-0.08095798737421339,-0.01306054993545826,0.0,4.6755383616599,4.6755383616599,0.0,0.0,2.6705803871154785,3.0437116622924805,False,False
7F72_A_MET103,30,major_only,A,B,10,60;-60;90,-0.09792941274777854,-0.09058151655250232,-0.01585039016739668,0.0,4.6755383616599,4.6755383616599,0.0,0.0,3.470223903656006,3.9303126335144043,False,False
7F72_A_MET103,30,major_only,A,B,11,60;-60;-180,-0.0987724772782293,-0.09130407384011206,-0.015732186966600406,0.0,4.6755383616599,4.6755383616599,0.0,0.0,3.093801736831665,3.706620931625366,False,False
7F72_A_MET103,30,major_only,A,B,12,60;60;-90,-0.08922423047202926,-0.08344497825301155,-0.017164797217761363,0.0,4.6755383616599,4.6755383616599,0.0,0.0,3.8287439346313477,4.274672031402588,False,False
7F72_A_MET103,30,major_only,A,B,13,60;60;90,-0.08620559393107127,-0.08029057328742767,-0.01579220267443028,0.0,4.6755383616599,4.6755383616599,0.0,0.0,3.5450100898742676,3.729947566986084,False,False
7F72_A_MET103,30,major_only,A,B,14,60;60;-180,-0.08929079885830463,-0.08349190261281159,-0.017055332556744022,0.0,4.6755383616599,4.6755383616599,0.0,0.0,3.54795241355896,4.10157585144043,False,False
7F72_A_MET103,30,major_only,A,B,15,60;-180;-90,-0.10359760323835196,-0.09372420828637583,-0.014869582070958056,0.0,4.6755383616599,4.6755383616599,0.0,0.0,2.5251641273498535,2.6835217475891113,False,False
7F72_A_MET103,30,major_only,A,B,16,60;-180;90,0.020601532062349083,0.020198577829151534,0.003167567920950688,0.003167567920950688,4.6755383616599,4.673630823613692,0.0019075380462076907,0.0004079825463201805,1.886313557624817,2.3191442489624023,False,False
7F72_A_MET103,30,major_only,A,B,17,60;-180;-180,-0.11373305437243336,-0.10360990816639538,-0.016778283097086844,0.0,4.6755383616599,4.6755383616599,0.0,0.0,2.3877153396606445,3.038935661315918,False,False
7F72_A_MET103,30,major_only,A,B,18,-180;-60;-90,-0.010531804174910885,-0.008816525227550873,-0.0017139478836261316,0.0,4.6755383616599,4.6755383616599,0.0,0.0,3.4596190452575684,3.7903666496276855,False,False
7F72_A_MET103,30,major_only,A,B,19,-180;-60;90,-0.010530746329748857,-0.008879825426344638,-0.0018043029365971098,0.0,4.6755383616599,4.6755383616599,0.0,0.0,4.071188449859619,4.0561909675598145,False,False
7F72_A_MET103,30,major_only,A,B,20,-180;-60;-180,-0.010476567435761015,-0.008823597436681383,-0.0017856157094334366,0.0,4.6755383616599,4.6755383616599,0.0,0.0,3.889228343963623,3.7998852729797363,False,False
7F72_A_MET103,30,major_only,A,B,21,-180;60;-90,-0.021964972166850803,-0.019371149322527644,-0.003375190418764166,0.0,4.6755383616599,4.6755383616599,0.0,0.0,3.7899768352508545,3.6515538692474365,False,False
7F72_A_MET103,30,major_only,A,B,22,-180;60;90,-0.03867890763890959,-0.03446508365425702,-0.0055620867126225946,0.0,4.6755383616599,4.6755383616599,0.0,0.0,3.0349390506744385,2.714815855026245,False,False
7F72_A_MET103,30,major_only,A,B,23,-180;60;-180,-0.022338721346852174,-0.019686675910987075,-0.003413445777078377,0.0,4.6755383616599,4.6755383616599,0.0,0.0,3.582993984222412,3.2818522453308105,False,False
7F72_A_MET103,30,major_only,A,B,24,-180;-180;-90,-0.08861522189735475,-0.07926797271137506,-0.012431057560711292,0.0,4.6755383616599,4.6755383616599,0.0,0.0,2.2776074409484863,1.9517271518707275,False,False
7F72_A_MET103,30,major_only,A,B,25,-180;-180;90,0.013649946094727368,0.01390803934030447,0.0022054619101718673,0.0022054619101718673,4.6755383616599,4.674633955637676,0.0009044060222240802,0.00019343355829145627,2.3947787284851074,2.772552967071533,False,False
7F72_A_MET103,30,major_only,A,B,26,-180;-180;-180,0.013786901990023645,0.014060049383056657,0.002271219225103736,0.002271219225103736,4.6755383616599,4.674614077911924,0.0009242837479757071,0.00019768498865392045,2.8568453788757324,2.629422664642334,False,False
7F72_A_MET103,34,minor_only,B,A,0,-60;-60;-90,-0.05531880869747051,-0.050071249511780325,-0.008169616784652287,0.0,5.058262719775101,5.058262719775101,0.0,0.0,1.865577220916748,2.4885756969451904,False,False
7F72_A_MET103,34,minor_only,B,A,1,-60;-60;90,-0.08037365420373804,-0.07350587096251085,-0.012166591806495224,0.0,5.058262719775101,5.058262719775101,0.0,0.0,2.7251338958740234,2.868220567703247,False,False
7F72_A_MET103,34,minor_only,B,A,2,-60;-60;-180,-0.08253176192823834,-0.07505832247388852,-0.012276003423769615,0.0,5.058262719775101,5.058262719775101,0.0,0.0,2.0887980461120605,2.4346656799316406,False,False
7F72_A_MET103,34,minor_only,B,A,3,-60;60;-90,-0.007366335587045652,-0.006442529029673465,-0.0010663872330143834,0.0,5.058262719775101,5.058262719775101,0.0,0.0,2.778451681137085,2.796525716781616,False,False
7F72_A_MET103,34,minor_only,B,A,4,-60;60;90,-0.014345466473994022,-0.012738212500702634,-0.0020788428090477095,0.0,5.058262719775101,5.058262719775101,0.0,0.0,2.4142777919769287,1.8751180171966553,False,False
7F72_A_MET103,34,minor_only,B,A,5,-60;60;-180,-0.005185774664885916,-0.004404789612991773,-0.000720575611970006,0.0,5.058262719775101,5.058262719775101,0.0,0.0,2.2243733406066895,2.28025221824646,False,False
7F72_A_MET103,34,minor_only,B,A,6,-60;-180;-90,-0.18102295749756106,-0.1638119648055402,-0.02669890673418683,0.0,5.058262719775101,5.058262719775101,0.0,0.0,1.508715033531189,0.4224196970462799,False,False
7F72_A_MET103,34,minor_only,B,A,7,-60;-180;90,0.06338060817828532,0.05782133403343259,0.009424016614142198,0.009424016614142198,5.058262719775101,5.041351396288471,0.016911323486629826,0.003343306669405604,0.4703880846500397,1.5650012493133545,True,True
7F72_A_MET103,34,minor_only,B,A,8,-60;-180;-180,-0.05007869099756125,-0.045092236856320723,-0.007351402594929185,0.0,5.058262719775101,5.058262719775101,0.0,0.0,0.914280116558075,1.2544316053390503,True,False
7F72_A_MET103,34,minor_only,B,A,9,60;-60;-90,0.015528990357207315,0.014682960888362222,0.002463770675141417,0.002463770675141417,5.058262719775101,5.057172212251526,0.0010905075235747574,0.00021558934044913413,3.0437116622924805,2.6705803871154785,False,False
7F72_A_MET103,34,minor_only,B,A,10,60;-60;90,0.03031240075374034,0.028699115598642445,0.005223405740322957,0.005223405740322957,5.058262719775101,5.054096536132368,0.00416618364273269,0.0008236392361442875,3.9303126335144043,3.470223903656006,False,False
7F72_A_MET103,34,minor_only,B,A,11,60;-60;-180,0.029803885136421234,0.028205185024330257,0.005054902409126786,0.005054902409126786,5.058262719775101,5.054238707578897,0.004024012196204296,0.0007955324622567669,3.706620931625366,3.093801736831665,False,False
7F72_A_MET103,34,minor_only,B,A,12,60;60;-90,0.01966074691938347,0.018894072079147135,0.004042489662014565,0.004042489662014565,5.058262719775101,5.056456991003505,0.0018057287715960157,0.00035698595973209977,4.274672031402588,3.8287439346313477,False,False
7F72_A_MET103,34,minor_only,B,A,13,60;60;90,0.01886500638541508,0.01808978308339591,0.0037008065852788146,0.0037008065852788146,5.058262719775101,5.056607452607978,0.0016552671671226094,0.00032724025200419113,3.729947566986084,3.5450100898742676,False,False
7F72_A_MET103,34,minor_only,B,A,14,60;60;-180,0.019529934891778327,0.018767332041404062,0.003987523456531043,0.003987523456531043,5.058262719775101,5.056481135142471,0.0017815846326296736,0.000352212751952292,4.10157585144043,3.54795241355896,False,False
7F72_A_MET103,34,minor_only,B,A,15,60;-180;-90,0.035014788684655004,0.032469410831411014,0.005358043916008039,0.005358043916008039,5.058262719775101,5.052929982367658,0.005332737407442778,0.0010542626397388628,2.6835217475891113,2.5251641273498535,False,False
7F72_A_MET103,34,minor_only,B,A,16,60;-180;90,-0.082732322224564,-0.07501337238810615,-0.01223569698920953,0.0,5.058262719775101,5.058262719775101,0.0,0.0,2.3191442489624023,1.886313557624817,False,False
7F72_A_MET103,34,minor_only,B,A,17,60;-180;-180,0.033860420803171566,0.031561945415921465,0.005316121184089067,0.005316121184089067,5.058262719775101,5.053223899001818,0.005038820773282993,0.0009961563984377283,3.038935661315918,2.3877153396606445,False,False
7F72_A_MET103,34,minor_only,B,A,18,-180;-60;-90,-0.00086655996904934,-0.0005504017016256053,-0.00011129221967149922,0.0,5.058262719775101,5.058262719775101,0.0,0.0,3.7903666496276855,3.4596190452575684,False,False
7F72_A_MET103,34,minor_only,B,A,19,-180;-60;90,-0.0008853143084801932,-0.0005783481793519082,-0.00012223041315492908,0.0,5.058262719775101,5.058262719775101,0.0,0.0,4.0561909675598145,4.071188449859619,False,False
7F72_A_MET103,34,minor_only,B,A,20,-180;-60;-180,-0.0008920882689156949,-0.000583991954117118,-0.00012292325583862921,0.0,5.058262719775101,5.058262719775101,0.0,0.0,3.7998852729797363,3.889228343963623,False,False
7F72_A_MET103,34,minor_only,B,A,21,-180;60;-90,0.0045213028233199405,0.004523664757232883,0.0008198193826232915,0.0008198193826232915,5.058262719775101,5.05815920979926,0.00010350997584129829,2.0463542835889022e-05,3.6515538692474365,3.7899768352508545,False,False
7F72_A_MET103,34,minor_only,B,A,22,-180;60;90,0.014478954975815285,0.013707170570080784,0.002300864874923899,0.002300864874923899,5.058262719775101,5.057312340369957,0.0009503794051441972,0.00018788652503728644,2.714815855026245,3.0349390506744385,False,False
7F72_A_MET103,34,minor_only,B,A,23,-180;60;-180,0.00444719949753565,0.004451747284467774,0.0008028529322556522,0.0008028529322556522,5.058262719775101,5.058162474851958,0.00010024492314286704,1.9818053884580377e-05,3.2818522453308105,3.582993984222412,False,False
7F72_A_MET103,34,minor_only,B,A,24,-180;-180;-90,0.03669669080947456,0.033759699008309184,0.005506729845706118,0.005506729845706118,5.058262719775101,5.052497730361102,0.005764989413998833,0.0011397172771316936,1.9517271518707275,2.2776074409484863,False,False
7F72_A_MET103,34,minor_only,B,A,25,-180;-180;90,-0.023778409572205207,-0.021499045424049856,-0.00354599163931776,0.0,5.058262719775101,5.058262719775101,0.0,0.0,2.772552967071533,2.3947787284851074,False,False
7F72_A_MET103,34,minor_only,B,A,26,-180;-180;-180,-0.024376114522520698,-0.02217086549247308,-0.0037251154374957516,0.0,5.058262719775101,5.058262719775101,0.0,0.0,2.629422664642334,2.8568453788757324,False,False
7F72_A_MET103,45,major_only,A,B,0,-60;-60;-90,0.08739376112691451,0.08026393005838675,0.012730208114392955,0.012730208114392955,4.77974838937601,4.748955823647711,0.030792565728298804,0.006442298468417651,2.4885756969451904,1.865577220916748,False,False
7F72_A_MET103,45,major_only,A,B,1,-60;-60;90,0.08941209464496755,0.08273379595591036,0.013311643775241133,0.013311643775241133,4.77974838937601,4.747031580472936,0.032716808903074046,0.006844880993274456,2.868220567703247,2.7251338958740234,False,False
7F72_A_MET103,45,major_only,A,B,2,-60;-60;-180,0.08903212977835012,0.08194893180419373,0.013028765594537842,0.013028765594537842,4.77974838937601,4.747649380013221,0.03209900936278931,0.006715627423848516,2.4346656799316406,2.0887980461120605,False,False
7F72_A_MET103,45,major_only,A,B,3,-60;60;-90,-0.07664868060060871,-0.06981187866807005,-0.011232843409481762,0.0,4.77974838937601,4.77974838937601,0.0,0.0,2.796525716781616,2.778451681137085,False,False
7F72_A_MET103,45,major_only,A,B,4,-60;60;90,-0.06933237965940699,-0.06257166020977567,-0.009926420457211727,0.0,4.77974838937601,4.77974838937601,0.0,0.0,1.8751180171966553,2.4142777919769287,False,False
7F72_A_MET103,45,major_only,A,B,5,-60;60;-180,-0.08556413005902708,-0.07756595712344524,-0.012334665365675125,0.0,4.77974838937601,4.77974838937601,0.0,0.0,2.28025221824646,2.2243733406066895,False,False
7F72_A_MET103,45,major_only,A,B,6,-60;-180;-90,0.22724050631140694,0.20671041485811906,0.03275005578296015,0.03275005578296015,4.77974838937601,4.575513585475882,0.20423480390012827,0.04272919561081558,0.4224196970462799,1.508715033531189,True,False
7F72_A_MET103,45,major_only,A,B,7,-60;-180;90,0.003084592072099365,0.0034379494345731817,0.0005446898056525407,0.0005446898056525407,4.77974838937601,4.779691895157537,5.6494218473090996e-05,1.1819496314630537e-05,1.5650012493133545,0.4703880846500397,False,False
7F72_A_MET103,45,major_only,A,B,8,-60;-180;-180,0.08490147403562598,0.07767210300353188,0.012309355608709459,0.012309355608709459,4.77974838937601,4.75091237963547,0.028836009740540014,0.006032955584991476,1.2544316053390503,0.914280116558075,False,False
7F72_A_MET103,45,major_only,A,B,9,60;-60;-90,0.015128951351267558,0.014577448532491087,0.0023777707658121207,0.0023777707658121207,4.77974838937601,4.778732683256443,0.001015706119567028,0.0002125020057174238,2.6705803871154785,3.0437116622924805,False,False
7F72_A_MET103,45,major_only,A,B,10,60;-60;90,-0.00033737128721708117,0.00021343171944927035,3.776122182813757e-05,3.776122182813757e-05,4.77974838937601,4.779748171643659,2.1773235125976953e-07,4.555309893376923e-08,3.470223903656006,3.9303126335144043,False,False
7F72_A_MET103,45,major_only,A,B,11,60;-60;-180,-0.00017062015062432184,0.00037239395787215534,6.48766288736068e-05,6.48766288736068e-05,4.77974838937601,4.779747726533601,6.628424094046181e-07,1.3867725984864054e-07,3.093801736831665,3.706620931625366,False,False
7F72_A_MET103,45,major_only,A,B,12,60;60;-90,-0.0017933932340743323,-0.0012142168889373187,-0.0002525349235615858,0.0,4.77974838937601,4.77974838937601,0.0,0.0,3.8287439346313477,4.274672031402588,False,False
7F72_A_MET103,45,major_only,A,B,13,60;60;90,-0.0017867526019535469,-0.0011889323254012868,-0.0002364405662059058,0.0,4.77974838937601,4.77974838937601,0.0,0.0,3.5450100898742676,3.729947566986084,False,False
7F72_A_MET103,45,major_only,A,B,14,60;60;-180,-0.0017790410552021789,-0.001199595586345548,-0.0002477635407248175,0.0,4.77974838937601,4.77974838937601,0.0,0.0,3.54795241355896,4.10157585144043,False,False
7F72_A_MET103,45,major_only,A,B,15,60;-180;-90,0.09023228727406979,0.08343639320167896,0.01338410112464629,0.01338410112464629,4.77974838937601,4.746473541420294,0.03327484795571589,0.006961631710505138,2.5251641273498535,2.6835217475891113,False,False
7F72_A_MET103,45,major_only,A,B,16,60;-180;90,0.22683378972252674,0.20722721396742536,0.032857811791962,0.032857811791962,4.77974838937601,4.574491089283187,0.20525730009282306,0.04294311820870118,1.886313557624817,2.3191442489624023,False,True
7F72_A_MET103,45,major_only,A,B,17,60;-180;-180,0.09354358166004959,0.08690518346808371,0.014229138785612981,0.014229138785612981,4.77974838937601,4.743649287500884,0.036099101875126216,0.007552510913621314,2.3877153396606445,3.038935661315918,False,False
7F72_A_MET103,45,major_only,A,B,18,-180;-60;-90,-0.012559273452384776,-0.011371912037068149,-0.0022352204118739408,0.0,4.77974838937601,4.77974838937601,0.0,0.0,3.4596190452575684,3.7903666496276855,False,False
7F72_A_MET103,45,major_only,A,B,19,-180;-60;90,-0.013128060720047494,-0.011963988488876061,-0.0024579198679509032,0.0,4.77974838937601,4.77974838937601,0.0,0.0,4.071188449859619,4.0561909675598145,False,False
7F72_A_MET103,45,major_only,A,B,20,-180;-60;-180,-0.01309452614785218,-0.011928082051326946,-0.0024406170201490243,0.0,4.77974838937601,4.77974838937601,0.0,0.0,3.889228343963623,3.7998852729797363,False,False
7F72_A_MET103,45,major_only,A,B,21,-180;60;-90,-0.02764432947164514,-0.02537589589091147,-0.0044704473041532865,0.0,4.77974838937601,4.77974838937601,0.0,0.0,3.7899768352508545,3.6515538692474365,False,False
7F72_A_MET103,45,major_only,A,B,22,-180;60;90,-0.037642087551785094,-0.034248174788045434,-0.0055883365751897415,0.0,4.77974838937601,4.77974838937601,0.0,0.0,3.0349390506744385,2.714815855026245,False,False
7F72_A_MET103,45,major_only,A,B,23,-180;60;-180,-0.028230388548631156,-0.025889655367894903,-0.0045387220905291825,0.0,4.77974838937601,4.77974838937601,0.0,0.0,3.582993984222412,3.2818522453308105,False,False
7F72_A_MET103,45,major_only,A,B,24,-180;-180;-90,-0.1085134515285191,-0.09819768124354292,-0.01557034603816835,0.0,4.77974838937601,4.77974838937601,0.0,0.0,2.2776074409484863,1.9517271518707275,False,False
7F72_A_MET103,45,major_only,A,B,25,-180;-180;90,-0.010048904078371104,-0.008619988491140642,-0.0013820604611807172,0.0,4.77974838937601,4.77974838937601,0.0,0.0,2.3947787284851074,2.772552967071533,False,False
7F72_A_MET103,45,major_only,A,B,26,-180;-180;-180,-0.014025931124519598,-0.012352736396534439,-0.002017539698217644,0.0,4.77974838937601,4.77974838937601,0.0,0.0,2.8568453788757324,2.629422664642334,False,False
7T7A_A_LEU396,3,major_only,A,B,0,-60;-60,-0.05605173534124254,-0.050833229775984,-0.01061699010305309,0.0,5.87622380463564,5.87622380463564,0.0,0.0,2.5045907497406006,1.3037045001983643,False,False
7T7A_A_LEU396,3,major_only,A,B,1,-60;60,-0.13349346223970443,-0.12341566725121954,-0.025782361820153782,0.0,5.87622380463564,5.87622380463564,0.0,0.0,2.491943359375,1.3622901439666748,False,False
7T7A_A_LEU396,3,major_only,A,B,2,-60;-180,-0.11983612038960889,-0.11041117643797559,-0.023053164333447968,0.0,5.87622380463564,5.87622380463564,0.0,0.0,1.8402976989746094,0.2492762804031372,False,False
7T7A_A_LEU396,3,major_only,A,B,3,60;-60,-0.06196085972580811,-0.05717611925500261,-0.012146972472510174,0.0,5.87622380463564,5.87622380463564,0.0,0.0,3.1911797523498535,3.259448289871216,False,False
7T7A_A_LEU396,3,major_only,A,B,4,60;60,-0.051285298738665844,-0.046783954953725664,-0.009849313293397072,0.0,5.87622380463564,5.87622380463564,0.0,0.0,2.8082528114318848,2.9816949367523193,False,False
7T7A_A_LEU396,3,major_only,A,B,5,60;-180,-0.010964605946250844,-0.008767599926968036,-0.0018540006401339668,0.0,5.87622380463564,5.87622380463564,0.0,0.0,2.9493134021759033,2.7826788425445557,False,False
7T7A_A_LEU396,3,major_only,A,B,6,-180;-60,0.11351218294716624,0.10796408823375778,0.022554019369590547,0.022554019369590547,5.87622380463564,5.8077291041244115,0.06849470051122886,0.011656244348146627,1.226690649986267,2.522368907928467,False,False
7T7A_A_LEU396,3,major_only,A,B,7,-180;60,0.4296692773427546,0.4034521584399096,0.08423826324030871,0.08423826324030871,5.87622380463564,4.919729442115166,0.9564943625204743,0.1627736441498219,0.35498034954071045,1.8765584230422974,True,True
7T7A_A_LEU396,3,major_only,A,B,8,-180;-180,-0.028951269326467816,-0.0254637897937577,-0.005318247805432159,0.0,5.87622380463564,5.87622380463564,0.0,0.0,1.4751781225204468,2.541557550430298,False,False
7T7A_A_LEU396,8,major_only,A,B,0,-60;-60,-0.10426520274509997,-0.09658227133736481,-0.021528955404179782,0.0,6.693326321514448,6.693326321514448,0.0,0.0,2.5045907497406006,1.3037045001983643,False,False
7T7A_A_LEU396,8,major_only,A,B,1,-60;60,-0.16723991954145942,-0.155638934743379,-0.034701039784049294,0.0,6.693326321514448,6.693326321514448,0.0,0.0,2.491943359375,1.3622901439666748,False,False
7T7A_A_LEU396,8,major_only,A,B,2,-60;-180,-0.17794581243711244,-0.1653709501945028,-0.0368509396184181,0.0,6.693326321514448,6.693326321514448,0.0,0.0,1.8402976989746094,0.2492762804031372,False,False
7T7A_A_LEU396,8,major_only,A,B,3,60;-60,-0.01696444968597609,-0.015127191427851405,-0.0034299162075567833,0.0,6.693326321514448,6.693326321514448,0.0,0.0,3.1911797523498535,3.259448289871216,False,False
7T7A_A_LEU396,8,major_only,A,B,4,60;60,-0.010089294922996631,-0.00853580616067527,-0.001917897524840167,0.0,6.693326321514448,6.693326321514448,0.0,0.0,2.8082528114318848,2.9816949367523193,False,False
7T7A_A_LEU396,8,major_only,A,B,5,60;-180,0.004863340707241324,0.005559948614874334,0.0012547920791074931,0.0012547920791074931,6.693326321514448,6.6931194105264415,0.00020691098800629248,3.0913028600027423e-05,2.9493134021759033,2.7826788425445557,False,False
7T7A_A_LEU396,8,major_only,A,B,6,-180;-60,0.11314407529922824,0.10700922364690807,0.023858200070949055,0.023858200070949055,6.693326321514448,6.616681216197963,0.0766451053164845,0.011450973945513924,1.226690649986267,2.522368907928467,False,False
7T7A_A_LEU396,8,major_only,A,B,7,-180;60,0.4275079298470892,0.4008154415503181,0.08931689993357465,0.08931689993357465,6.693326321514448,5.618023246264867,1.0753030752495807,0.16065301818517644,0.35498034954071045,1.8765584230422974,True,True
7T7A_A_LEU396,8,major_only,A,B,8,-180;-180,-0.03294716454355891,-0.029818267073768723,-0.006646603388979046,0.0,6.693326321514448,6.693326321514448,0.0,0.0,1.4751781225204468,2.541557550430298,False,False
7T7A_A_LEU396,38,major_only,A,B,0,-60;-60,-0.10186518967458334,-0.09450251465162329,-0.020676740976876586,0.0,6.448643316749016,6.448643316749016,0.0,0.0,2.5045907497406006,1.3037045001983643,False,False
7T7A_A_LEU396,38,major_only,A,B,1,-60;60,-0.17273272349274804,-0.1609506225486388,-0.03522330295176478,0.0,6.448643316749016,6.448643316749016,0.0,0.0,2.491943359375,1.3622901439666748,False,False
7T7A_A_LEU396,38,major_only,A,B,2,-60;-180,-0.17752980255158876,-0.16515030468494665,-0.036122841211795785,0.0,6.448643316749016,6.448643316749016,0.0,0.0,1.8402976989746094,0.2492762804031372,False,False
7T7A_A_LEU396,38,major_only,A,B,3,60;-60,-0.013045165999533283,-0.011568315734344742,-0.0025745926180278022,0.0,6.448643316749016,6.448643316749016,0.0,0.0,3.1911797523498535,3.259448289871216,False,False
7T7A_A_LEU396,38,major_only,A,B,4,60;60,-0.005717421614987521,-0.0045734192111023,-0.0010086373472838637,0.0,6.448643316749016,6.448643316749016,0.0,0.0,2.8082528114318848,2.9816949367523193,False,False
7T7A_A_LEU396,38,major_only,A,B,5,60;-180,0.007285227197200154,0.0076826664804337235,0.0017018690856346874,0.0017018690856346874,6.448643316749016,6.4482626961256155,0.00038062062340049607,5.9023364249641904e-05,2.9493134021759033,2.7826788425445557,False,False
7T7A_A_LEU396,38,major_only,A,B,6,-180;-60,0.09743868860819956,0.09213113300263212,0.020162113427090157,0.020162113427090157,6.448643316749016,6.393906292913227,0.05473702383578871,0.008488145668348662,1.226690649986267,2.522368907928467,False,False
7T7A_A_LEU396,38,major_only,A,B,7,-180;60,0.4229815481968142,0.39641495458569725,0.08670664952680164,0.08670664952680164,6.448643316749016,5.4352724478754455,1.0133708688735705,0.15714481621918047,0.35498034954071045,1.8765584230422974,True,True
7T7A_A_LEU396,38,major_only,A,B,8,-180;-180,-0.0329422510802243,-0.0299805894479128,-0.006559499606222486,0.0,6.448643316749016,6.448643316749016,0.0,0.0,1.4751781225204468,2.541557550430298,False,False
7T7A_A_LEU396,44,major_only,A,B,0,-60;-60,-0.0675616758531939,-0.06140577237058624,-0.013223969153401488,0.0,6.24735478269961,6.24735478269961,0.0,0.0,2.5045907497406006,1.3037045001983643,False,False
7T7A_A_LEU396,44,major_only,A,B,1,-60;60,-0.13930181996968952,-0.12865481349185234,-0.02771260576860681,0.0,6.24735478269961,6.24735478269961,0.0,0.0,2.491943359375,1.3622901439666748,False,False
7T7A_A_LEU396,44,major_only,A,B,2,-60;-180,-0.1321435764394214,-0.1217161626645768,-0.026203824470663946,0.0,6.24735478269961,6.24735478269961,0.0,0.0,1.8402976989746094,0.2492762804031372,False,False
7T7A_A_LEU396,44,major_only,A,B,3,60;-60,-0.05784952445947515,-0.053097840198631674,-0.0116313238886627,0.0,6.24735478269961,6.24735478269961,0.0,0.0,3.1911797523498535,3.259448289871216,False,False
7T7A_A_LEU396,44,major_only,A,B,4,60;60,-0.05416984319152989,-0.04931064667182048,-0.010704062545766483,0.0,6.24735478269961,6.24735478269961,0.0,0.0,2.8082528114318848,2.9816949367523193,False,False
7T7A_A_LEU396,44,major_only,A,B,5,60;-180,-0.024021582300052965,-0.020876420218399805,-0.00455180979852658,0.0,6.24735478269961,6.24735478269961,0.0,0.0,2.9493134021759033,2.7826788425445557,False,False
7T7A_A_LEU396,44,major_only,A,B,6,-180;-60,0.11696843749328012,0.11140275394642066,0.023996034379698668,0.023996034379698668,6.24735478269961,6.169821526445777,0.07753325625383223,0.012410573586846708,1.226690649986267,2.522368907928467,False,False
7T7A_A_LEU396,44,major_only,A,B,7,-180;60,0.44621708361508705,0.41912926347984164,0.09023276510238154,0.09023276510238154,6.24735478269961,5.149886094368401,1.097468688331209,0.1756693395051546,0.35498034954071045,1.8765584230422974,True,True
7T7A_A_LEU396,44,major_only,A,B,8,-180;-180,-0.014108616270446565,-0.011366413594884524,-0.0024477547657609463,0.0,6.24735478269961,6.24735478269961,0.0,0.0,1.4751781225204468,2.541557550430298,False,False
7T7A_A_LEU396,46,major_only,A,B,0,-60;-60,-0.10231883395522996,-0.09491804669951842,-0.02080659321334756,0.0,6.472846076815803,6.472846076815803,0.0,0.0,2.5045907497406006,1.3037045001983643,False,False
7T7A_A_LEU396,46,major_only,A,B,1,-60;60,-0.17166628077898327,-0.15994253031650432,-0.035068310350243916,0.0,6.472846076815803,6.472846076815803,0.0,0.0,2.491943359375,1.3622901439666748,False,False
7T7A_A_LEU396,46,major_only,A,B,2,-60;-180,-0.1780714595414281,-0.1656476087140989,-0.03629954282536357,0.0,6.472846076815803,6.472846076815803,0.0,0.0,1.8402976989746094,0.2492762804031372,False,False
7T7A_A_LEU396,46,major_only,A,B,3,60;-60,-0.011494619665972015,-0.010091643574714723,-0.0022501618200496563,0.0,6.472846076815803,6.472846076815803,0.0,0.0,3.1911797523498535,3.259448289871216,False,False
7T7A_A_LEU396,46,major_only,A,B,4,60;60,-0.004688812130484505,-0.003595171118411909,-0.0007943777313919895,0.0,6.472846076815803,6.472846076815803,0.0,0.0,2.8082528114318848,2.9816949367523193,False,False
7T7A_A_LEU396,46,major_only,A,B,5,60;-180,0.007278655041038098,0.0076851892028669475,0.0017056196669277203,0.0017056196669277203,6.472846076815803,6.472463776719383,0.00038230009641981866,5.9062133083795514e-05,2.9493134021759033,2.7826788425445557,False,False
7T7A_A_LEU396,46,major_only,A,B,6,-180;-60,0.09434252726536645,0.08923988617470116,0.019566002786783023,0.019566002786783023,6.472846076815803,6.421297901720286,0.051548175095517124,0.007963757284473431,1.226690649986267,2.522368907928467,False,False
7T7A_A_LEU396,46,major_only,A,B,7,-180;60,0.4196950232192926,0.3933507610816792,0.0861977305389769,0.0861977305389769,6.472846076815803,5.471336124643553,1.00150995217225,0.15472482124353623,0.35498034954071045,1.8765584230422974,True,True
7T7A_A_LEU396,46,major_only,A,B,8,-180;-180,-0.04412562168833432,-0.04044094928307387,-0.008864726605665072,0.0,6.472846076815803,6.472846076815803,0.0,0.0,1.4751781225204468,2.541557550430298,False,False
7UO8_A_GLN53,0,minor_only,B,A,0,-60;-60;0,-0.052530664177833385,-0.05041085022998958,-0.010741395352757461,0.0,13.663337861666117,13.663337861666117,0.0,0.0,2.7574665546417236,4.154024124145508,False,False
7UO8_A_GLN53,0,minor_only,B,A,1,-60;-60;-180,-0.0476017920625505,-0.045688119198645585,-0.009774104858506646,0.0,13.663337861666117,13.663337861666117,0.0,0.0,2.4405503273010254,4.036352157592773,False,False
7UO8_A_GLN53,0,minor_only,B,A,2,-60;60;0,-0.15661439381946599,-0.14982838726596728,-0.03172559503339924,0.0,13.663337861666117,13.663337861666117,0.0,0.0,4.228530406951904,2.6540865898132324,False,False
7UO8_A_GLN53,0,minor_only,B,A,3,-60;60;-180,-0.1485005833078747,-0.14203535968124759,-0.030173196373273134,0.0,13.663337861666117,13.663337861666117,0.0,0.0,4.140212059020996,2.2701499462127686,False,False
7UO8_A_GLN53,0,minor_only,B,A,4,-60;-180;0,-0.014123023704829468,-0.013686912506592057,-0.0028717623745583717,0.0,13.663337861666117,13.663337861666117,0.0,0.0,3.420463800430298,3.387688636779785,False,False
7UO8_A_GLN53,0,minor_only,B,A,5,-60;-180;-180,-0.014092361247619208,-0.01365302870076408,-0.0028639762913756127,0.0,13.663337861666117,13.663337861666117,0.0,0.0,3.1443111896514893,3.09061598777771,False,False
7UO8_A_GLN53,0,minor_only,B,A,6,60;-60;0,0.441876895505544,0.42173506636350067,0.08947929124361123,0.08947929124361123,13.663337861666117,11.233170219733513,2.430167641932604,0.1778604662006263,4.704549789428711,0.5605615973472595,False,False
7UO8_A_GLN53,0,minor_only,B,A,7,60;-60;-180,0.44979397478211,0.4291224679869977,0.0913274009073693,0.0913274009073693,13.663337861666117,11.147287583505992,2.516050278160124,0.18414609253125175,4.779751300811768,1.357365369796753,False,True
7UO8_A_GLN53,0,minor_only,B,A,8,60;60;0,0.09765253832296757,0.0929873881037493,0.019695331938733088,0.019695331938733088,13.663337861666117,13.545195701958793,0.11814215970732356,0.008646654346357299,4.223198890686035,2.6451447010040283,False,False
7UO8_A_GLN53,0,minor_only,B,A,9,60;60;-180,0.09773531232970399,0.09303070776759288,0.019779811944567835,0.019779811944567835,13.663337861666117,13.54508559948422,0.11825226218189577,0.00865471258773923,4.135636329650879,2.8137166500091553,False,False
7UO8_A_GLN53,0,minor_only,B,A,10,60;-180;0,0.08128587052017312,0.0771742487494794,0.016207839745890393,0.016207839745890393,13.663337861666117,13.581960870420911,0.08137699124520559,0.005955864670046476,3.881930112838745,2.288241147994995,False,False
7UO8_A_GLN53,0,minor_only,B,A,11,60;-180;-180,0.08127877333627165,0.07713952743954296,0.01619933805266395,0.01619933805266395,13.663337861666117,13.582034078263408,0.08130378340270816,0.00595050669359602,3.8316256999969482,2.664534330368042,False,False
7UO8_A_GLN53,0,minor_only,B,A,12,-180;-60;0,-0.049039366667767426,-0.047049582638866196,-0.00996108641595199,0.0,13.663337861666117,13.663337861666117,0.0,0.0,2.4818527698516846,4.334333896636963,False,False
7UO8_A_GLN53,0,minor_only,B,A,13,-180;-60;-180,-0.049051935926709825,-0.04704879686095588,-0.009992270419337555,0.0,13.663337861666117,13.663337861666117,0.0,0.0,2.7186219692230225,4.187150478363037,False,False
7UO8_A_GLN53,0,minor_only,B,A,14,-180;60;0,-0.171820508569177,-0.16426520960730856,-0.03484546782327572,0.0,13.663337861666117,13.663337861666117,0.0,0.0,0.383152037858963,4.7221879959106445,True,False
7UO8_A_GLN53,0,minor_only,B,A,15,-180;60;-180,-0.2181099318927934,-0.20837624485059478,-0.04439956150103817,0.0,13.663337861666117,13.663337861666117,0.0,0.0,1.407736897468567,4.755289077758789,False,False
7UO8_A_GLN53,0,minor_only,B,A,16,-180;-180;0,-0.04463367582832062,-0.04273725989344283,-0.008961660736074505,0.0,13.663337861666117,13.663337861666117,0.0,0.0,2.231703758239746,3.9251346588134766,False,False
7UO8_A_GLN53,0,minor_only,B,A,17,-180;-180;-180,-0.0446042337310463,-0.042692143007902014,-0.008950153870496823,0.0,13.663337861666117,13.663337861666117,0.0,0.0,2.59808611869812,3.8708224296569824,False,False
7UO8_A_GLN53,1,major_only,A,B,0,-60;-60;0,-0.05062890183661962,-0.048628616564782054,-0.009112096901149324,0.0,10.566624605867919,10.566624605867919,0.0,0.0,4.154024124145508,2.7574665546417236,False,False
7UO8_A_GLN53,1,major_only,A,B,1,-60;-60;-180,-0.049995792600986654,-0.048008912896760306,-0.009032028958023358,0.0,10.566624605867919,10.566624605867919,0.0,0.0,4.036352157592773,2.4405503273010254,False,False
7UO8_A_GLN53,1,major_only,A,B,2,-60;60;0,-0.12892225396307438,-0.1234112067110074,-0.02298052816542956,0.0,10.566624605867919,10.566624605867919,0.0,0.0,2.6540865898132324,4.228530406951904,False,False
7UO8_A_GLN53,1,major_only,A,B,3,-60;60;-180,-0.12975573516087854,-0.12417027064547347,-0.023197020548873282,0.0,10.566624605867919,10.566624605867919,0.0,0.0,2.2701499462127686,4.140212059020996,False,False
7UO8_A_GLN53,1,major_only,A,B,4,-60;-180;0,-0.02768161074110937,-0.02663544446993889,-0.004914651124135903,0.0,10.566624605867919,10.566624605867919,0.0,0.0,3.387688636779785,3.420463800430298,False,False
7UO8_A_GLN53,1,major_only,A,B,5,-60;-180;-180,-0.027958224620870466,-0.026888791885805244,-0.004960225728729387,0.0,10.566624605867919,10.566624605867919,0.0,0.0,3.09061598777771,3.1443111896514893,False,False
7UO8_A_GLN53,1,major_only,A,B,6,60;-60;0,0.4720102008753175,0.45047584984858247,0.08405122959525892,0.08405122959525892,10.566624605867919,8.422355416499473,2.144269189368446,0.20292849129680238,0.5605615973472595,4.704549789428711,True,False
7UO8_A_GLN53,1,major_only,A,B,7,60;-60;-180,0.4768630891967013,0.454926645295705,0.0851433932646954,0.0851433932646954,10.566624605867919,8.379774441557286,2.1868501643106324,0.2069582526000042,1.357365369796753,4.779751300811768,False,True
7UO8_A_GLN53,1,major_only,A,B,8,60;60;0,0.10195883645993012,0.09706338772864087,0.018079417600734102,0.018079417600734102,10.566624605867919,10.467073252393932,0.09955135347398603,0.009421301237360376,2.6451447010040283,4.223198890686035,False,False
7UO8_A_GLN53,1,major_only,A,B,9,60;60;-180,0.10205446100093571,0.09711730310102562,0.0181585924970725,0.0181585924970725,10.566624605867919,10.466962626974642,0.09966197889327688,0.009431770561616433,2.8137166500091553,4.135636329650879,False,False
7UO8_A_GLN53,1,major_only,A,B,10,60;-180;0,0.08355295246148822,0.07929766038073223,0.014645453795346723,0.014645453795346723,10.566624605867919,10.50018041353226,0.06644419233565912,0.006288118941857834,2.288241147994995,3.881930112838745,False,False
7UO8_A_GLN53,1,major_only,A,B,11,60;-180;-180,0.08354165816325194,0.07925806458999904,0.014637047868662085,0.014637047868662085,10.566624605867919,10.500246752273526,0.06637785359439263,0.006281840802552151,2.664534330368042,3.8316256999969482,False,False
7UO8_A_GLN53,1,major_only,A,B,12,-180;-60;0,-0.03990033055332368,-0.038359045619792746,-0.007141812784393416,0.0,10.566624605867919,10.566624605867919,0.0,0.0,4.334333896636963,2.4818527698516846,False,False
7UO8_A_GLN53,1,major_only,A,B,13,-180;-60;-180,-0.03986981579792642,-0.038319750303538194,-0.007156951313128454,0.0,10.566624605867919,10.566624605867919,0.0,0.0,4.187150478363037,2.7186219692230225,False,False
7UO8_A_GLN53,1,major_only,A,B,14,-180;60;0,-0.16172494469899745,-0.15466182529345907,-0.028851843936062778,0.0,10.566624605867919,10.566624605867919,0.0,0.0,4.7221879959106445,0.383152037858963,False,False
7UO8_A_GLN53,1,major_only,A,B,15,-180;60;-180,-0.15856523372573458,-0.15158695887190507,-0.028404166484033586,0.0,10.566624605867919,10.566624605867919,0.0,0.0,4.755289077758789,1.407736897468567,False,False
7UO8_A_GLN53,1,major_only,A,B,16,-180;-180;0,-0.04022656258021933,-0.0385764062967107,-0.0071136636614298554,0.0,10.566624605867919,10.566624605867919,0.0,0.0,3.9251346588134766,2.231703758239746,False,False
7UO8_A_GLN53,1,major_only,A,B,17,-180;-180;-180,-0.04027972556276779,-0.03861184411718573,-0.007118571082314175,0.0,10.566624605867919,10.566624605867919,0.0,0.0,3.8708224296569824,2.59808611869812,False,False
7UO8_A_GLN53,4,major_only,A,B,0,-60;-60;0,-0.05604551198059022,-0.05368474803488091,-0.010217021551730612,0.0,10.900093654095956,10.900093654095956,0.0,0.0,4.154024124145508,2.7574665546417236,False,False
7UO8_A_GLN53,4,major_only,A,B,1,-60;-60;-180,-0.05576071241462646,-0.053395546601210646,-0.010202708092354039,0.0,10.900093654095956,10.900093654095956,0.0,0.0,4.036352157592773,2.4405503273010254,False,False
7UO8_A_GLN53,4,major_only,A,B,2,-60;60;0,-0.12958457876785395,-0.12392552458290886,-0.023437600556994596,0.0,10.900093654095956,10.900093654095956,0.0,0.0,2.6540865898132324,4.228530406951904,False,False
7UO8_A_GLN53,4,major_only,A,B,3,-60;60;-180,-0.12725345239157865,-0.12166209184562857,-0.023084306618685116,0.0,10.900093654095956,10.900093654095956,0.0,0.0,2.2701499462127686,4.140212059020996,False,False
7UO8_A_GLN53,4,major_only,A,B,4,-60;-180;0,-0.02176387156682725,-0.020877538718323724,-0.003912542056021952,0.0,10.900093654095956,10.900093654095956,0.0,0.0,3.387688636779785,3.420463800430298,False,False
7UO8_A_GLN53,4,major_only,A,B,5,-60;-180;-180,-0.021718793352009214,-0.020826513833292783,-0.0039020578646047147,0.0,10.900093654095956,10.900093654095956,0.0,0.0,3.09061598777771,3.1443111896514893,False,False
7UO8_A_GLN53,4,major_only,A,B,6,60;-60;0,0.4654334876881795,0.4443143354848637,0.08419956714744851,0.08419956714744851,10.900093654095956,8.748249172332004,2.151844481763952,0.1974152287173558,0.5605615973472595,4.704549789428711,True,False
7UO8_A_GLN53,4,major_only,A,B,7,60;-60;-180,0.4680579132607663,0.44664094474437177,0.08490144633658699,0.08490144633658699,10.900093654095956,8.725654315823778,2.174439338272178,0.19948813352214484,1.357365369796753,4.779751300811768,False,True
7UO8_A_GLN53,4,major_only,A,B,8,60;60;0,0.10068781219913563,0.0959692663488581,0.018155496967972806,0.018155496967972806,10.900093654095956,10.799702700621795,0.10039095347416094,0.009210100083537977,2.6451447010040283,4.223198890686035,False,False
7UO8_A_GLN53,4,major_only,A,B,9,60;60;-180,0.10078714108374198,0.09602762484938226,0.018235964215321115,0.018235964215321115,10.900093654095956,10.799580568880069,0.10051308521588709,0.00922130473421364,2.8137166500091553,4.135636329650879,False,False
7UO8_A_GLN53,4,major_only,A,B,10,60;-180;0,0.08318417488542436,0.07906851186024,0.01483177059102991,0.01483177059102991,10.900093654095956,10.831948126297569,0.06814552779838756,0.006251829567792781,2.288241147994995,3.881930112838745,False,False
7UO8_A_GLN53,4,major_only,A,B,11,60;-180;-180,0.08316835316396036,0.0790251455664018,0.01482252904115745,0.01482252904115745,10.900093654095956,10.832022856642077,0.06807079745387945,0.006244973631790798,2.664534330368042,3.8316256999969482,False,False
7UO8_A_GLN53,4,major_only,A,B,12,-180;-60;0,-0.03721233406883489,-0.03567377167876987,-0.0067458498723798315,0.0,10.900093654095956,10.900093654095956,0.0,0.0,4.334333896636963,2.4818527698516846,False,False
7UO8_A_GLN53,4,major_only,A,B,13,-180;-60;-180,-0.037152367895555725,-0.035606752694059,-0.006754368266381943,0.0,10.900093654095956,10.900093654095956,0.0,0.0,4.187150478363037,2.7186219692230225,False,False
7UO8_A_GLN53,4,major_only,A,B,14,-180;60;0,-0.17168440564254656,-0.16405097578236338,-0.03108252103842456,0.0,10.900093654095956,10.900093654095956,0.0,0.0,4.7221879959106445,0.383152037858963,False,False
7UO8_A_GLN53,4,major_only,A,B,15,-180;60;-180,-0.16719129088987134,-0.1596994161439722,-0.03039278605495649,0.0,10.900093654095956,10.900093654095956,0.0,0.0,4.755289077758789,1.407736897468567,False,False
7UO8_A_GLN53,4,major_only,A,B,16,-180;-180;0,-0.04102815026442971,-0.039217515300867506,-0.007345115180349121,0.0,10.900093654095956,10.900093654095956,0.0,0.0,3.9251346588134766,2.231703758239746,False,False
7UO8_A_GLN53,4,major_only,A,B,17,-180;-180;-180,-0.041121301064231126,-0.03929018539648601,-0.007357043692391653,0.0,10.900093654095956,10.900093654095956,0.0,0.0,3.8708224296569824,2.59808611869812,False,False
7UO8_A_GLN53,7,major_only,A,B,0,-60;-60;0,-0.05372167733189348,-0.05150168359873459,-0.009759553785857302,0.0,10.806884739914917,10.806884739914917,0.0,0.0,4.154024124145508,2.7574665546417236,False,False
7UO8_A_GLN53,7,major_only,A,B,1,-60;-60;-180,-0.052269596706079814,-0.05009863080885045,-0.009531723298879325,0.0,10.806884739914917,10.806884739914917,0.0,0.0,4.036352157592773,2.4405503273010254,False,False
7UO8_A_GLN53,7,major_only,A,B,2,-60;60;0,-0.12474859399582731,-0.11934304369639644,-0.022474220486676803,0.0,10.806884739914917,10.806884739914917,0.0,0.0,2.6540865898132324,4.228530406951904,False,False
7UO8_A_GLN53,7,major_only,A,B,3,-60;60;-180,-0.12411593189645015,-0.1187030282777143,-0.022426344974017343,0.0,10.806884739914917,10.806884739914917,0.0,0.0,2.2701499462127686,4.140212059020996,False,False
7UO8_A_GLN53,7,major_only,A,B,4,-60;-180;0,-0.01908747135497424,-0.018366583585115073,-0.003427229960328423,0.0,10.806884739914917,10.806884739914917,0.0,0.0,3.387688636779785,3.420463800430298,False,False
7UO8_A_GLN53,7,major_only,A,B,5,-60;-180;-180,-0.019059136892750028,-0.018332727270304293,-0.0034201042871469787,0.0,10.806884739914917,10.806884739914917,0.0,0.0,3.09061598777771,3.1443111896514893,False,False
7UO8_A_GLN53,7,major_only,A,B,6,60;-60;0,0.45887199754990665,0.43801149040114906,0.08264949071992489,0.08264949071992489,10.806884739914917,8.733539964757686,2.0733447751572314,0.19185406572343575,0.5605615973472595,4.704549789428711,True,False
7UO8_A_GLN53,7,major_only,A,B,7,60;-60;-180,0.4603398739759753,0.4392364641515486,0.08313618416752155,0.08313618416752155,10.806884739914917,8.721926824634089,2.084957915280828,0.19292867144035472,1.357365369796753,4.779751300811768,False,True
7UO8_A_GLN53,7,major_only,A,B,8,60;60;0,0.10280257273631023,0.09795085990269471,0.018450976875334264,0.018450976875334264,10.806884739914917,10.703199478844926,0.10368526106999099,0.009594370955677214,2.6451447010040283,4.223198890686035,False,False
7UO8_A_GLN53,7,major_only,A,B,9,60;60;-180,0.10289189007316743,0.09799876978736372,0.018530550146038275,0.018530550146038275,10.806884739914917,10.703098024630588,0.10378671528432903,0.009603758879836647,2.8137166500091553,4.135636329650879,False,False
7UO8_A_GLN53,7,major_only,A,B,10,60;-180;0,0.08589477933485211,0.0816118629979788,0.015243260489640377,0.015243260489640377,10.806884739914917,10.73490552536539,0.07197921454952727,0.006660496182000916,2.288241147994995,3.881930112838745,False,False
7UO8_A_GLN53,7,major_only,A,B,11,60;-180;-180,0.08587672922442888,0.08156533992225873,0.01523343349577451,0.01523343349577451,10.806884739914917,10.734987565888897,0.07189717402602014,0.006652904676633591,2.664534330368042,3.8316256999969482,False,False
7UO8_A_GLN53,7,major_only,A,B,12,-180;-60;0,-0.05079192980313942,-0.048675585366129766,-0.00916503170082254,0.0,10.806884739914917,10.806884739914917,0.0,0.0,4.334333896636963,2.4818527698516846,False,False
7UO8_A_GLN53,7,major_only,A,B,13,-180;-60;-180,-0.050681739439849584,-0.048557011230037694,-0.009171480774524907,0.0,10.806884739914917,10.806884739914917,0.0,0.0,4.187150478363037,2.7186219692230225,False,False
7UO8_A_GLN53,7,major_only,A,B,14,-180;60;0,-0.17770660752844952,-0.16983736823557355,-0.03204098177101434,0.0,10.806884739914917,10.806884739914917,0.0,0.0,4.7221879959106445,0.383152037858963,False,False
7UO8_A_GLN53,7,major_only,A,B,15,-180;60;-180,-0.17907690994115397,-0.17107922284121924,-0.03241899880032353,0.0,10.806884739914917,10.806884739914917,0.0,0.0,4.755289077758789,1.407736897468567,False,False
7UO8_A_GLN53,7,major_only,A,B,16,-180;-180;0,-0.050342925136590874,-0.048125170918813374,-0.00897482451951776,0.0,10.806884739914917,10.806884739914917,0.0,0.0,3.9251346588134766,2.231703758239746,False,False
7UO8_A_GLN53,7,major_only,A,B,17,-180;-180;-180,-0.050326639641010584,-0.048090065257589694,-0.008966227801614251,0.0,10.806884739914917,10.806884739914917,0.0,0.0,3.8708224296569824,2.59808611869812,False,False
7UO8_A_GLN53,12,major_only,A,B,0,-60;-60;0,-0.04052722600592447,-0.04063488995441504,-0.007822348944534378,0.0,11.152176739588192,11.152176739588192,0.0,0.0,4.154024124145508,2.7574665546417236,False,False
7UO8_A_GLN53,12,major_only,A,B,1,-60;-60;-180,-0.03982855981463284,-0.03996150741710312,-0.007723550560130827,0.0,11.152176739588192,11.152176739588192,0.0,0.0,4.036352157592773,2.4405503273010254,False,False
7UO8_A_GLN53,12,major_only,A,B,2,-60;60;0,-0.029312722846695356,-0.029921460060629613,-0.0057240032434231185,0.0,11.152176739588192,11.152176739588192,0.0,0.0,2.6540865898132324,4.228530406951904,False,False
7UO8_A_GLN53,12,major_only,A,B,3,-60;60;-180,-0.035073106751686095,-0.03541956352636048,-0.006797816967467634,0.0,11.152176739588192,11.152176739588192,0.0,0.0,2.2701499462127686,4.140212059020996,False,False
7UO8_A_GLN53,12,major_only,A,B,4,-60;-180;0,-0.012960472372550843,-0.014323651237075102,-0.002715177124424408,0.0,11.152176739588192,11.152176739588192,0.0,0.0,3.387688636779785,3.420463800430298,False,False
7UO8_A_GLN53,12,major_only,A,B,5,-60;-180;-180,-0.013616803863288245,-0.014951374527131956,-0.00283349828313607,0.0,11.152176739588192,11.152176739588192,0.0,0.0,3.09061598777771,3.1443111896514893,False,False
7UO8_A_GLN53,12,major_only,A,B,6,60;-60;0,0.490555339569048,0.4665123774087098,0.08942262431453676,0.08942262431453676,11.152176739588192,8.725086156711637,2.4270905828765557,0.2176337982755265,0.5605615973472595,4.704549789428711,True,False
7UO8_A_GLN53,12,major_only,A,B,7,60;-60;-180,0.4960183864399529,0.4715315311664154,0.09066339995940345,0.09066339995940345,11.152176739588192,8.67257962752937,2.4795971120588227,0.22234198488414422,1.357365369796753,4.779751300811768,False,True
7UO8_A_GLN53,12,major_only,A,B,8,60;60;0,0.07001996033916248,0.06490394054845318,0.012419718107672284,0.012419718107672284,11.152176739588192,11.105197955315182,0.04697878427301028,0.004212521498717301,2.6451447010040283,4.223198890686035,False,False
7UO8_A_GLN53,12,major_only,A,B,9,60;60;-180,0.07047546743175367,0.06530625428790772,0.012544461594800153,0.012544461594800153,11.152176739588192,11.10461374462896,0.04756299495923244,0.004264906849116952,2.8137166500091553,4.135636329650879,False,False
7UO8_A_GLN53,12,major_only,A,B,10,60;-180;0,-0.07583100626016478,-0.07419614950515663,-0.014077823276570457,0.0,11.152176739588192,11.152176739588192,0.0,0.0,2.288241147994995,3.881930112838745,False,False
7UO8_A_GLN53,12,major_only,A,B,11,60;-180;-180,-0.09430838710515364,-0.09176755456293292,-0.01741048507333768,0.0,11.152176739588192,11.152176739588192,0.0,0.0,2.664534330368042,3.8316256999969482,False,False
7UO8_A_GLN53,12,major_only,A,B,12,-180;-60;0,-0.040507564641164014,-0.04060512474918632,-0.007766640436112235,0.0,11.152176739588192,11.152176739588192,0.0,0.0,4.334333896636963,2.4818527698516846,False,False
7UO8_A_GLN53,12,major_only,A,B,13,-180;-60;-180,-0.04071693376678407,-0.0407995448649593,-0.00782838891105608,0.0,11.152176739588192,11.152176739588192,0.0,0.0,4.187150478363037,2.7186219692230225,False,False
7UO8_A_GLN53,12,major_only,A,B,14,-180;60;0,-0.16031519737523778,-0.15498058824582997,-0.029701571640437283,0.0,11.152176739588192,11.152176739588192,0.0,0.0,4.7221879959106445,0.383152037858963,False,False
7UO8_A_GLN53,12,major_only,A,B,15,-180;60;-180,-0.15736721433089018,-0.15211508349068023,-0.02928223163335152,0.0,11.152176739588192,11.152176739588192,0.0,0.0,4.755289077758789,1.407736897468567,False,False
7UO8_A_GLN53,12,major_only,A,B,16,-180;-180;0,-0.04183180065111027,-0.041815823636508063,-0.007921800447861354,0.0,11.152176739588192,11.152176739588192,0.0,0.0,3.9251346588134766,2.231703758239746,False,False
7UO8_A_GLN53,12,major_only,A,B,17,-180;-180;-180,-0.042271924927818845,-0.04222596969309811,-0.007997672127993813,0.0,11.152176739588192,11.152176739588192,0.0,0.0,3.8708224296569824,2.59808611869812,False,False
7UO8_A_GLN53,14,minor_only,B,A,0,-60;-60;0,-0.04723041659889556,-0.046178110879548005,-0.009565712865444331,0.0,12.913554664507867,12.913554664507867,0.0,0.0,2.7574665546417236,4.154024124145508,False,False
7UO8_A_GLN53,14,minor_only,B,A,1,-60;-60;-180,-0.042034140757687015,-0.04120459144766032,-0.008569664602719945,0.0,12.913554664507867,12.913554664507867,0.0,0.0,2.4405503273010254,4.036352157592773,False,False
7UO8_A_GLN53,14,minor_only,B,A,2,-60;60;0,-0.12760195928798806,-0.12294626291529158,-0.025309030125871785,0.0,12.913554664507867,12.913554664507867,0.0,0.0,4.228530406951904,2.6540865898132324,False,False
7UO8_A_GLN53,14,minor_only,B,A,3,-60;60;-180,-0.1224451223638466,-0.11798804405938708,-0.02436729631106624,0.0,12.913554664507867,12.913554664507867,0.0,0.0,4.140212059020996,2.2701499462127686,False,False
7UO8_A_GLN53,14,minor_only,B,A,4,-60;-180;0,-0.011337976417938463,-0.011891053721961652,-0.0024255366999431536,0.0,12.913554664507867,12.913554664507867,0.0,0.0,3.420463800430298,3.387688636779785,False,False
7UO8_A_GLN53,14,minor_only,B,A,5,-60;-180;-180,-0.011305709162948797,-0.011860269605687751,-0.002418685915434151,0.0,12.913554664507867,12.913554664507867,0.0,0.0,3.1443111896514893,3.09061598777771,False,False
7UO8_A_GLN53,14,minor_only,B,A,6,60;-60;0,0.4511351744656097,0.4297396291755303,0.08864060791818261,0.08864060791818261,12.913554664507867,10.528729120664543,2.3848255438433235,0.18467614888392225,4.704549789428711,0.5605615973472595,False,False
7UO8_A_GLN53,14,minor_only,B,A,7,60;-60;-180,0.45679386761808494,0.4349642548879099,0.08999490265390857,0.08999490265390857,12.913554664507867,10.470388855535846,2.4431658089720205,0.18919390303019476,4.779751300811768,1.357365369796753,False,True
7UO8_A_GLN53,14,minor_only,B,A,8,60;60;0,0.0998748234292066,0.09427117459997744,0.019411659858738564,0.019411659858738564,12.913554664507867,12.798791202217622,0.11476346229024514,0.008887054360459376,4.223198890686035,2.6451447010040283,False,False
7UO8_A_GLN53,14,minor_only,B,A,9,60;60;-180,0.09996120804546706,0.09431394786334396,0.019494686535645837,0.019494686535645837,12.913554664507867,12.798687036305939,0.11486762820192808,0.008895120761569616,4.135636329650879,2.8137166500091553,False,False
7UO8_A_GLN53,14,minor_only,B,A,10,60;-180;0,0.08351230466790958,0.07843692795409622,0.016014662778682662,0.016014662778682662,12.913554664507867,12.834105934942388,0.07944872956547933,0.006152351666876,3.881930112838745,2.288241147994995,False,False
7UO8_A_GLN53,14,minor_only,B,A,11,60;-180;-180,0.08341363724325876,0.07831136460316848,0.015987832333785694,0.015987832333785694,12.913554664507867,12.834360097470306,0.07919456703756111,0.0061326698260102345,3.8316256999969482,2.664534330368042,False,False
7UO8_A_GLN53,14,minor_only,B,A,12,-180;-60;0,-0.05529374807844241,-0.05385629247710711,-0.011084902669879446,0.0,12.913554664507867,12.913554664507867,0.0,0.0,2.4818527698516846,4.334333896636963,False,False
7UO8_A_GLN53,14,minor_only,B,A,13,-180;-60;-180,-0.05537871828186425,-0.053925363461289066,-0.01113405177623095,0.0,12.913554664507867,12.913554664507867,0.0,0.0,2.7186219692230225,4.187150478363037,False,False
7UO8_A_GLN53,14,minor_only,B,A,14,-180;60;0,-0.13836487903655603,-0.1331609794537905,-0.02746136921259918,0.0,12.913554664507867,12.913554664507867,0.0,0.0,0.383152037858963,4.7221879959106445,True,False
7UO8_A_GLN53,14,minor_only,B,A,15,-180;60;-180,-0.17571750551250417,-0.16875922174199628,-0.0349576706506565,0.0,12.913554664507867,12.913554664507867,0.0,0.0,1.407736897468567,4.755289077758789,False,False
7UO8_A_GLN53,14,minor_only,B,A,16,-180;-180;0,-0.06324172710294962,-0.06131378039994587,-0.012499263332161122,0.0,12.913554664507867,12.913554664507867,0.0,0.0,2.231703758239746,3.9251346588134766,False,False
7UO8_A_GLN53,14,minor_only,B,A,17,-180;-180;-180,-0.06424031898643918,-0.06224314588443219,-0.01268582101679576,0.0,12.913554664507867,12.913554664507867,0.0,0.0,2.59808611869812,3.8708224296569824,False,False
7UO8_A_GLN53,16,major_only,A,B,0,-60;-60;0,-0.04723746166884241,-0.04522126229394538,-0.008646492982202757,0.0,11.002162964704361,11.002162964704361,0.0,0.0,4.154024124145508,2.7574665546417236,False,False
7UO8_A_GLN53,16,major_only,A,B,1,-60;-60;-180,-0.0465139500674976,-0.04451572194270411,-0.00854570245982353,0.0,11.002162964704361,11.002162964704361,0.0,0.0,4.036352157592773,2.4405503273010254,False,False
7UO8_A_GLN53,16,major_only,A,B,2,-60;60;0,-0.1269433439931385,-0.12135325484533643,-0.023058323801323912,0.0,11.002162964704361,11.002162964704361,0.0,0.0,2.6540865898132324,4.228530406951904,False,False
7UO8_A_GLN53,16,major_only,A,B,3,-60;60;-180,-0.12436242054865088,-0.11885190220259849,-0.02265643704861623,0.0,11.002162964704361,11.002162964704361,0.0,0.0,2.2701499462127686,4.140212059020996,False,False
7UO8_A_GLN53,16,major_only,A,B,4,-60;-180;0,-0.014610550894205111,-0.01401398673225709,-0.002638550101233013,0.0,11.002162964704361,11.002162964704361,0.0,0.0,3.387688636779785,3.420463800430298,False,False
7UO8_A_GLN53,16,major_only,A,B,5,-60;-180;-180,-0.014584370676478848,-0.013983612034069932,-0.0026322092713682087,0.0,11.002162964704361,11.002162964704361,0.0,0.0,3.09061598777771,3.1443111896514893,False,False
7UO8_A_GLN53,16,major_only,A,B,6,60;-60;0,0.4572939361605559,0.4365910932531934,0.08312244835604629,0.08312244835604629,11.002162964704361,8.905021068357922,2.0971418963464394,0.1906117827080188,0.5605615973472595,4.704549789428711,True,False
7UO8_A_GLN53,16,major_only,A,B,7,60;-60;-180,0.4597259344536215,0.4387373366860114,0.08378862659686621,0.08378862659686621,11.002162964704361,8.8843516580281,2.117811306676261,0.1924904506023347,1.357365369796753,4.779751300811768,False,True
7UO8_A_GLN53,16,major_only,A,B,8,60;60;0,0.09774432177363719,0.09320912334918734,0.017715699780119637,0.017715699780119637,11.002162964704361,10.90657682556456,0.09558613913980096,0.008687940675524202,2.6451447010040283,4.223198890686035,False,False
7UO8_A_GLN53,16,major_only,A,B,9,60;60;-180,0.09782647552570849,0.09325233112004787,0.01779164741091838,0.01779164741091838,11.002162964704361,10.906488185716665,0.09567477898769639,0.008695997259323204,2.8137166500091553,4.135636329650879,False,False
7UO8_A_GLN53,16,major_only,A,B,10,60;-180;0,0.08010538020724417,0.07618737448129687,0.014358079836618205,0.014358079836618205,11.002162964704361,10.938300733407173,0.06386223129718793,0.005804516030353489,2.288241147994995,3.881930112838745,False,False
7UO8_A_GLN53,16,major_only,A,B,11,60;-180;-180,0.08011605500893541,0.07617043494428008,0.014353815608573791,0.014353815608573791,11.002162964704361,10.938329128567783,0.06383383613657756,0.005801935159600941,2.664534330368042,3.8316256999969482,False,False
7UO8_A_GLN53,16,major_only,A,B,12,-180;-60;0,-0.04804677018112618,-0.04596803104253125,-0.008733080579231639,0.0,11.002162964704361,11.002162964704361,0.0,0.0,4.334333896636963,2.4818527698516846,False,False
7UO8_A_GLN53,16,major_only,A,B,13,-180;-60;-180,-0.04801833871104019,-0.04592798880121651,-0.00875293528751358,0.0,11.002162964704361,11.002162964704361,0.0,0.0,4.187150478363037,2.7186219692230225,False,False
7UO8_A_GLN53,16,major_only,A,B,14,-180;60;0,-0.18707901737930857,-0.1786983621353324,-0.03401589578901017,0.0,11.002162964704361,11.002162964704361,0.0,0.0,4.7221879959106445,0.383152037858963,False,False
7UO8_A_GLN53,16,major_only,A,B,15,-180;60;-180,-0.18392722007821535,-0.17562086807415558,-0.033578958834798084,0.0,11.002162964704361,11.002162964704361,0.0,0.0,4.755289077758789,1.407736897468567,False,False
7UO8_A_GLN53,16,major_only,A,B,16,-180;-180;0,-0.04812363989879444,-0.045922944637883364,-0.008641162765161959,0.0,11.002162964704361,11.002162964704361,0.0,0.0,3.9251346588134766,2.231703758239746,False,False
7UO8_A_GLN53,16,major_only,A,B,17,-180;-180;-180,-0.04809839615955454,-0.04587984403473759,-0.00863107940423277,0.0,11.002162964704361,11.002162964704361,0.0,0.0,3.8708224296569824,2.59808611869812,False,False
7UO8_A_GLN53,18,major_only,A,B,0,-60;-60;0,-0.05012651400322034,-0.04797060003544709,-0.00911993626575727,0.0,10.877190974357426,10.877190974357426,0.0,0.0,4.154024124145508,2.7574665546417236,False,False
7UO8_A_GLN53,18,major_only,A,B,1,-60;-60;-180,-0.04953895256207089,-0.04739393724653399,-0.009046414354318705,0.0,10.877190974357426,10.877190974357426,0.0,0.0,4.036352157592773,2.4405503273010254,False,False
7UO8_A_GLN53,18,major_only,A,B,2,-60;60;0,-0.12319596101992315,-0.11776320149881984,-0.022248731162365785,0.0,10.877190974357426,10.877190974357426,0.0,0.0,2.6540865898132324,4.228530406951904,False,False
7UO8_A_GLN53,18,major_only,A,B,3,-60;60;-180,-0.12207945754452024,-0.11666130509410708,-0.022112184404500784,0.0,10.877190974357426,10.877190974357426,0.0,0.0,2.2701499462127686,4.140212059020996,False,False
7UO8_A_GLN53,18,major_only,A,B,4,-60;-180;0,-0.016041411676354814,-0.015365863607290252,-0.0028766031856867613,0.0,10.877190974357426,10.877190974357426,0.0,0.0,3.387688636779785,3.420463800430298,False,False
7UO8_A_GLN53,18,major_only,A,B,5,-60;-180;-180,-0.01599727338971222,-0.015317774990432567,-0.0028669232986443037,0.0,10.877190974357426,10.877190974357426,0.0,0.0,3.09061598777771,3.1443111896514893,False,False
7UO8_A_GLN53,18,major_only,A,B,6,60;-60;0,0.4492368048045751,0.42890759581955545,0.08119448525018866,0.08119448525018866,10.877190974357426,8.876204151383694,2.000986822973731,0.18396172575171138,0.5605615973472595,4.704549789428711,True,False
7UO8_A_GLN53,18,major_only,A,B,7,60;-60;-180,0.44985064601148733,0.4293214302815508,0.08152341894282183,0.08152341894282183,10.877190974357426,8.872340956600112,2.004850017757313,0.18431689049899674,1.357365369796753,4.779751300811768,False,True
7UO8_A_GLN53,18,major_only,A,B,8,60;60;0,0.09647934086205098,0.09201218574208984,0.01738859835049945,0.01738859835049945,10.877190974357426,10.785102039752807,0.09208893460461809,0.008466242325037258,2.6451447010040283,4.223198890686035,False,False
7UO8_A_GLN53,18,major_only,A,B,9,60;60;-180,0.09655605016309385,0.09205068933439121,0.017462356546462714,0.017462356546462714,10.877190974357426,10.785024952209534,0.09216602214789127,0.008473329406936887,2.8137166500091553,4.135636329650879,False,False
7UO8_A_GLN53,18,major_only,A,B,10,60;-180;0,0.07919135405192067,0.07532778040152452,0.014115227013427023,0.014115227013427023,10.877190974357426,10.815470806977599,0.06172016737982666,0.005674274500220661,2.288241147994995,3.881930112838745,False,False
7UO8_A_GLN53,18,major_only,A,B,11,60;-180;-180,0.07919807251900586,0.07530741688517668,0.014110357548643988,0.014110357548643988,10.877190974357426,10.81550417235087,0.0616868020065553,0.005671207037918121,2.664534330368042,3.8316256999969482,False,False
7UO8_A_GLN53,18,major_only,A,B,12,-180;-60;0,-0.04629673300052213,-0.044286645077939904,-0.008365726983235476,0.0,10.877190974357426,10.877190974357426,0.0,0.0,4.334333896636963,2.4818527698516846,False,False
7UO8_A_GLN53,18,major_only,A,B,13,-180;-60;-180,-0.04627050843986472,-0.044249158405217336,-0.008384953236169695,0.0,10.877190974357426,10.877190974357426,0.0,0.0,4.187150478363037,2.7186219692230225,False,False
7UO8_A_GLN53,18,major_only,A,B,14,-180;60;0,-0.1815577676283304,-0.1734167159596511,-0.03282249856878211,0.0,10.877190974357426,10.877190974357426,0.0,0.0,4.7221879959106445,0.383152037858963,False,False
7UO8_A_GLN53,18,major_only,A,B,15,-180;60;-180,-0.17839468130492445,-0.17033047452071157,-0.03238193546919237,0.0,10.877190974357426,10.877190974357426,0.0,0.0,4.755289077758789,1.407736897468567,False,False
7UO8_A_GLN53,18,major_only,A,B,16,-180;-180;0,-0.04640986142002316,-0.04428020377062901,-0.008284597408636405,0.0,10.877190974357426,10.877190974357426,0.0,0.0,3.9251346588134766,2.231703758239746,False,False
7UO8_A_GLN53,18,major_only,A,B,17,-180;-180;-180,-0.04638479784678017,-0.044237923664041626,-0.008274795205587954,0.0,10.877190974357426,10.877190974357426,0.0,0.0,3.8708224296569824,2.59808611869812,False,False
7UO8_A_GLN53,19,major_only,A,B,0,-60;-60;0,-0.189802657814311,-0.18095772356885514,-0.05223261056179303,0.0,25.073367414872376,25.073367414872376,0.0,0.0,4.154024124145508,2.7574665546417236,False,False
7UO8_A_GLN53,19,major_only,A,B,1,-60;-60;-180,-0.18922263492785715,-0.1803425474967819,-0.05226366271383005,0.0,25.073367414872376,25.073367414872376,0.0,0.0,4.036352157592773,2.4405503273010254,False,False
7UO8_A_GLN53,19,major_only,A,B,2,-60;60;0,-0.2657325254207469,-0.2534715072978591,-0.07270641775076045,0.0,25.073367414872376,25.073367414872376,0.0,0.0,2.6540865898132324,4.228530406951904,False,False
7UO8_A_GLN53,19,major_only,A,B,3,-60;60;-180,-0.28748062475688,-0.2741602498899778,-0.0788964132017257,0.0,25.073367414872376,25.073367414872376,0.0,0.0,2.2701499462127686,4.140212059020996,False,False
7UO8_A_GLN53,19,major_only,A,B,4,-60;-180;0,-0.14426089505128756,-0.1370231689455669,-0.038946187103516196,0.0,25.073367414872376,25.073367414872376,0.0,0.0,3.387688636779785,3.420463800430298,False,False
7UO8_A_GLN53,19,major_only,A,B,5,-60;-180;-180,-0.14398126953394294,-0.1366976215505296,-0.03884447910658196,0.0,25.073367414872376,25.073367414872376,0.0,0.0,3.09061598777771,3.1443111896514893,False,False
7UO8_A_GLN53,19,major_only,A,B,6,60;-60;0,0.6166207412427871,0.5891931380005462,0.16934346081874008,0.16934346081874008,25.073367414872376,16.369184176225215,8.704183238647161,0.34714855386693044,0.5605615973472595,4.704549789428711,True,False
7UO8_A_GLN53,19,major_only,A,B,7,60;-60;-180,0.6448351679292518,0.6158911072045586,0.17756268611271547,0.17756268611271547,25.073367414872376,15.562491152556499,9.510876262315877,0.3793218559336573,1.357365369796753,4.779751300811768,False,True
7UO8_A_GLN53,19,major_only,A,B,8,60;60;0,0.2425373703033822,0.23188415994609657,0.06653317780801032,0.06653317780801032,25.073367414872376,23.72516583878487,1.3482015760875043,0.05377026363390714,2.6451447010040283,4.223198890686035,False,False
7UO8_A_GLN53,19,major_only,A,B,9,60;60;-180,0.2432945994670416,0.2325217207762574,0.06697107807293894,0.06697107807293894,25.073367414872376,23.71774194067607,1.3556254741963052,0.05406635063275187,2.8137166500091553,4.135636329650879,False,False
7UO8_A_GLN53,19,major_only,A,B,10,60;-180;0,0.24302144252255584,0.23180452028424806,0.0659481402152892,0.0659481402152892,25.073367414872376,23.726091748339893,1.3472756665324823,0.05373333562421057,2.288241147994995,3.881930112838745,False,False
7UO8_A_GLN53,19,major_only,A,B,11,60;-180;-180,0.24255261736663333,0.23127826586814523,0.06579350837824785,0.06579350837824785,25.073367414872376,23.73220211196288,1.341165302909495,0.05348963626297667,2.664534330368042,3.8316256999969482,False,False
7UO8_A_GLN53,19,major_only,A,B,12,-180;-60;0,-0.09285019510421512,-0.08828656993083255,-0.02532057158497429,0.0,25.073367414872376,25.073367414872376,0.0,0.0,4.334333896636963,2.4818527698516846,False,False
7UO8_A_GLN53,19,major_only,A,B,13,-180;-60;-180,-0.09278849898304274,-0.0882011279839796,-0.025375682077195285,0.0,25.073367414872376,25.073367414872376,0.0,0.0,4.187150478363037,2.7186219692230225,False,False
7UO8_A_GLN53,19,major_only,A,B,14,-180;60;0,-0.32040849438496166,-0.3055294631388172,-0.08779741573917868,0.0,25.073367414872376,25.073367414872376,0.0,0.0,4.7221879959106445,0.383152037858963,False,False
7UO8_A_GLN53,19,major_only,A,B,15,-180;60;-180,-0.3179366855025424,-0.30304909944037395,-0.08747247199325148,0.0,25.073367414872376,25.073367414872376,0.0,0.0,4.755289077758789,1.407736897468567,False,False
7UO8_A_GLN53,19,major_only,A,B,16,-180;-180;0,-0.09157566566996649,-0.08682976353232913,-0.024664843927077112,0.0,25.073367414872376,25.073367414872376,0.0,0.0,3.9251346588134766,2.231703758239746,False,False
7UO8_A_GLN53,19,major_only,A,B,17,-180;-180;-180,-0.09141835653380925,-0.08664144041461518,-0.02460572345367736,0.0,25.073367414872376,25.073367414872376,0.0,0.0,3.8708224296569824,2.59808611869812,False,False
7UO8_A_GLN53,24,major_only,A,B,0,-60;-60;0,-0.05194045924479585,-0.0496608578303048,-0.009440945284520072,0.0,10.876420147104097,10.876420147104097,0.0,0.0,4.154024124145508,2.7574665546417236,False,False
7UO8_A_GLN53,24,major_only,A,B,1,-60;-60;-180,-0.05126457836667698,-0.04899913227093433,-0.009352477819987161,0.0,10.876420147104097,10.876420147104097,0.0,0.0,4.036352157592773,2.4405503273010254,False,False
7UO8_A_GLN53,24,major_only,A,B,2,-60;60;0,-0.13194691524258237,-0.1260795590957816,-0.023819077469986096,0.0,10.876420147104097,10.876420147104097,0.0,0.0,2.6540865898132324,4.228530406951904,False,False
7UO8_A_GLN53,24,major_only,A,B,3,-60;60;-180,-0.13158856122492293,-0.12569893683447858,-0.02382434845006089,0.0,10.876420147104097,10.876420147104097,0.0,0.0,2.2701499462127686,4.140212059020996,False,False
7UO8_A_GLN53,24,major_only,A,B,4,-60;-180;0,-0.01985407957209379,-0.018953086292728457,-0.00354803204893547,0.0,10.876420147104097,10.876420147104097,0.0,0.0,3.387688636779785,3.420463800430298,False,False
7UO8_A_GLN53,24,major_only,A,B,5,-60;-180;-180,-0.0198208658484561,-0.018913689131209756,-0.00353982054837922,0.0,10.876420147104097,10.876420147104097,0.0,0.0,3.09061598777771,3.1443111896514893,False,False
7UO8_A_GLN53,24,major_only,A,B,6,60;-60;0,0.45199301889362004,0.43158235775804854,0.08169793691449051,0.08169793691449051,10.876420147104097,8.850541895406272,2.0258782516978258,0.186263331527996,0.5605615973472595,4.704549789428711,True,False
7UO8_A_GLN53,24,major_only,A,B,7,60;-60;-180,0.4533470326722503,0.43270185151235646,0.0821624123331231,0.0821624123331231,10.876420147104097,8.840018297907939,2.0364018491961584,0.18723089230222142,1.357365369796753,4.779751300811768,False,True
7UO8_A_GLN53,24,major_only,A,B,8,60;60;0,0.09993447019354892,0.09535332249017779,0.018019372775130858,0.018019372775130858,10.876420147104097,10.777528949567579,0.09889119753651876,0.009092256109915821,2.6451447010040283,4.223198890686035,False,False
7UO8_A_GLN53,24,major_only,A,B,9,60;60;-180,0.10002537030049431,0.09540430075165263,0.018097907746905065,0.018097907746905065,10.876420147104097,10.777423181906913,0.09899696519718404,0.009101980601911787,2.8137166500091553,4.135636329650879,False,False
7UO8_A_GLN53,24,major_only,A,B,10,60;-180;0,0.08284594663143996,0.07885207716396542,0.014775100571689636,0.014775100571689636,10.876420147104097,10.808794372581694,0.06762577452240315,0.006217650073071962,2.288241147994995,3.881930112838745,False,False
7UO8_A_GLN53,24,major_only,A,B,11,60;-180;-180,0.08284493163004053,0.07882328030413628,0.01476860187055107,0.01476860187055107,10.876420147104097,10.808843757567399,0.06757638953669876,0.006213109517904319,2.664534330368042,3.8316256999969482,False,False
7UO8_A_GLN53,24,major_only,A,B,12,-180;-60;0,-0.046290907271392165,-0.04423825087672207,-0.00835628923501531,0.0,10.876420147104097,10.876420147104097,0.0,0.0,4.334333896636963,2.4818527698516846,False,False
7UO8_A_GLN53,24,major_only,A,B,13,-180;-60;-180,-0.04626428587033806,-0.04420026038240345,-0.008375390568064127,0.0,10.876420147104097,10.876420147104097,0.0,0.0,4.187150478363037,2.7186219692230225,False,False
7UO8_A_GLN53,24,major_only,A,B,14,-180;60;0,-0.1813942014313405,-0.1732177166621336,-0.03278367237529103,0.0,10.876420147104097,10.876420147104097,0.0,0.0,4.7221879959106445,0.383152037858963,False,False
7UO8_A_GLN53,24,major_only,A,B,15,-180;60;-180,-0.17824004856112918,-0.17013988904466812,-0.03234455667485769,0.0,10.876420147104097,10.876420147104097,0.0,0.0,4.755289077758789,1.407736897468567,False,False
7UO8_A_GLN53,24,major_only,A,B,16,-180;-180;0,-0.04641020788389139,-0.04423655591719192,-0.008276137855117044,0.0,10.876420147104097,10.876420147104097,0.0,0.0,3.9251346588134766,2.231703758239746,False,False
7UO8_A_GLN53,24,major_only,A,B,17,-180;-180;-180,-0.04638597252720007,-0.0441948826693092,-0.008266451376066223,0.0,10.876420147104097,10.876420147104097,0.0,0.0,3.8708224296569824,2.59808611869812,False,False
7UO8_A_GLN53,25,major_only,A,B,0,-60;-60;0,-0.06865401491834001,-0.0654952071754386,-0.012375455517659398,0.0,10.744514472283893,10.744514472283893,0.0,0.0,4.154024124145508,2.7574665546417236,False,False
7UO8_A_GLN53,25,major_only,A,B,1,-60;-60;-180,-0.06731527872084186,-0.06419473545650708,-0.012178340737801958,0.0,10.744514472283893,10.744514472283893,0.0,0.0,4.036352157592773,2.4405503273010254,False,False
7UO8_A_GLN53,25,major_only,A,B,2,-60;60;0,-0.17841771358498748,-0.1703368098840974,-0.03198447118283138,0.0,10.744514472283893,10.744514472283893,0.0,0.0,2.6540865898132324,4.228530406951904,False,False
7UO8_A_GLN53,25,major_only,A,B,3,-60;60;-180,-0.17933502130486387,-0.17116033329022104,-0.03224355815100059,0.0,10.744514472283893,10.744514472283893,0.0,0.0,2.2701499462127686,4.140212059020996,False,False
7UO8_A_GLN53,25,major_only,A,B,4,-60;-180;0,-0.03594200964519055,-0.034139043715082314,-0.00635198341739933,0.0,10.744514472283893,10.744514472283893,0.0,0.0,3.387688636779785,3.420463800430298,False,False
7UO8_A_GLN53,25,major_only,A,B,5,-60;-180;-180,-0.03588765660260325,-0.034072515071922965,-0.006338107507098781,0.0,10.744514472283893,10.744514472283893,0.0,0.0,3.09061598777771,3.1443111896514893,False,False
7UO8_A_GLN53,25,major_only,A,B,6,60;-60;0,0.4566870198717308,0.43619713408488003,0.08206928011167117,0.08206928011167117,10.744514472283893,8.70017783966454,2.044336632619352,0.1902679397838626,0.5605615973472595,4.704549789428711,True,False
7UO8_A_GLN53,25,major_only,A,B,7,60;-60;-180,0.4617268074867141,0.440833658575725,0.08319736746264787,0.08319736746264787,10.744514472283893,8.656486617319924,2.0880278549639684,0.19433431453325872,1.357365369796753,4.779751300811768,False,True
7UO8_A_GLN53,25,major_only,A,B,8,60;60;0,0.11052192263813207,0.10559282559163821,0.019833011369291137,0.019833011369291137,10.744514472283893,10.624714803290086,0.11979966899380656,0.011149844816425801,2.6451447010040283,4.223198890686035,False,False
7UO8_A_GLN53,25,major_only,A,B,9,60;60;-180,0.11065942589120607,0.10568501078970745,0.01992618798299372,0.01992618798299372,10.744514472283893,10.624505535721163,0.12000893656272993,0.011169321505620384,2.8137166500091553,4.135636329650879,False,False
7UO8_A_GLN53,25,major_only,A,B,10,60;-180;0,0.09402797845537376,0.08963702993436092,0.016693798814280913,0.016693798814280913,10.744514472283893,10.65818447818015,0.08632999410374254,0.008034797135453244,2.288241147994995,3.881930112838745,False,False
7UO8_A_GLN53,25,major_only,A,B,11,60;-180;-180,0.0940045596939405,0.08958363294039068,0.016682608533998777,0.016682608533998777,10.744514472283893,10.658287301514541,0.0862271707693516,0.00802522729079845,2.664534330368042,3.8316256999969482,False,False
7UO8_A_GLN53,25,major_only,A,B,12,-180;-60;0,-0.038868644950806,-0.03701943464708566,-0.006950174494152741,0.0,10.744514472283893,10.744514472283893,0.0,0.0,4.334333896636963,2.4818527698516846,False,False
7UO8_A_GLN53,25,major_only,A,B,13,-180;-60;-180,-0.03890069259174998,-0.03703908639982407,-0.00697575013936832,0.0,10.744514472283893,10.744514472283893,0.0,0.0,4.187150478363037,2.7186219692230225,False,False
7UO8_A_GLN53,25,major_only,A,B,14,-180;60;0,-0.15972736681217212,-0.15240003033668198,-0.028668221722023886,0.0,10.744514472283893,10.744514472283893,0.0,0.0,4.7221879959106445,0.383152037858963,False,False
7UO8_A_GLN53,25,major_only,A,B,15,-180;60;-180,-0.1594859201578764,-0.15210941247641957,-0.02874097893061653,0.0,10.744514472283893,10.744514472283893,0.0,0.0,4.755289077758789,1.407736897468567,False,False
7UO8_A_GLN53,25,major_only,A,B,16,-180;-180;0,-0.03997942097741352,-0.037976953846674495,-0.007061824908838614,0.0,10.744514472283893,10.744514472283893,0.0,0.0,3.9251346588134766,2.231703758239746,False,False
7UO8_A_GLN53,25,major_only,A,B,17,-180;-180;-180,-0.039992384508528926,-0.037972728750899055,-0.007059425299883328,0.0,10.744514472283893,10.744514472283893,0.0,0.0,3.8708224296569824,2.59808611869812,False,False
7UO8_A_GLN53,27,major_only,A,B,0,-60;-60;0,-0.04639957447596654,-0.044395237157170836,-0.00844406908319211,0.0,10.887150927903239,10.887150927903239,0.0,0.0,4.154024124145508,2.7574665546417236,False,False
7UO8_A_GLN53,27,major_only,A,B,1,-60;-60;-180,-0.045961875814810475,-0.04396281517103146,-0.008395332989541888,0.0,10.887150927903239,10.887150927903239,0.0,0.0,4.036352157592773,2.4405503273010254,False,False
7UO8_A_GLN53,27,major_only,A,B,2,-60;60;0,-0.11802947470322685,-0.11281304856708038,-0.021323266012734463,0.0,10.887150927903239,10.887150927903239,0.0,0.0,2.6540865898132324,4.228530406951904,False,False
7UO8_A_GLN53,27,major_only,A,B,3,-60;60;-180,-0.11724409403755884,-0.1120288077339165,-0.021243852427750336,0.0,10.887150927903239,10.887150927903239,0.0,0.0,2.2701499462127686,4.140212059020996,False,False
7UO8_A_GLN53,27,major_only,A,B,4,-60;-180;0,-0.014515686588947255,-0.013897235123596518,-0.002602855948852358,0.0,10.887150927903239,10.887150927903239,0.0,0.0,3.387688636779785,3.420463800430298,False,False
7UO8_A_GLN53,27,major_only,A,B,5,-60;-180;-180,-0.014493751698405425,-0.013870831726912926,-0.002597297134899972,0.0,10.887150927903239,10.887150927903239,0.0,0.0,3.09061598777771,3.1443111896514893,False,False
7UO8_A_GLN53,27,major_only,A,B,6,60;-60;0,0.44792490640782456,0.4276699595080058,0.08099725218840674,0.08099725218840674,10.887150927903239,8.895873666179753,1.9912772617234857,0.1829015942655795,0.5605615973472595,4.704549789428711,True,False
7UO8_A_GLN53,27,major_only,A,B,7,60;-60;-180,0.4485628796137332,0.42810739350896937,0.08133009705628459,0.08133009705628459,10.887150927903239,8.89179810356497,1.9953528243382692,0.18327594037704362,1.357365369796753,4.779751300811768,False,True
7UO8_A_GLN53,27,major_only,A,B,8,60;60;0,0.09612727780077229,0.09169130718733653,0.01733588980796966,0.01733588980796966,10.887150927903239,10.795619429483711,0.09153149841952768,0.00840729581372266,2.6451447010040283,4.223198890686035,False,False
7UO8_A_GLN53,27,major_only,A,B,9,60;60;-180,0.09620075930488374,0.09172691420097642,0.017408900168135507,0.017408900168135507,10.887150927903239,10.795548325771973,0.0916026021312657,0.008413826788833494,2.8137166500091553,4.135636329650879,False,False
7UO8_A_GLN53,27,major_only,A,B,10,60;-180;0,0.07882517405540584,0.07499462036155868,0.014059230539009418,0.014059230539009418,10.887150927903239,10.82591948895905,0.06123143894418881,0.005624193083174369,2.288241147994995,3.881930112838745,False,False
7UO8_A_GLN53,27,major_only,A,B,11,60;-180;-180,0.07883089114663758,0.07497347898443202,0.014054217694310988,0.014054217694310988,10.887150927903239,10.825954007021036,0.06119692088220319,0.005621022551029255,2.664534330368042,3.8316256999969482,False,False
7UO8_A_GLN53,27,major_only,A,B,12,-180;-60;0,-0.04918914272885253,-0.04703291646481717,-0.008888563108534534,0.0,10.887150927903239,10.887150927903239,0.0,0.0,4.334333896636963,2.4818527698516846,False,False
7UO8_A_GLN53,27,major_only,A,B,13,-180;-60;-180,-0.04915641790637326,-0.04698838660746321,-0.008908096398375105,0.0,10.887150927903239,10.887150927903239,0.0,0.0,4.187150478363037,2.7186219692230225,False,False
7UO8_A_GLN53,27,major_only,A,B,14,-180;60;0,-0.19152363119976556,-0.18291580034774887,-0.03463623256512797,0.0,10.887150927903239,10.887150927903239,0.0,0.0,4.7221879959106445,0.383152037858963,False,False
7UO8_A_GLN53,27,major_only,A,B,15,-180;60;-180,-0.18977821494298858,-0.18117866161643625,-0.03446007662372533,0.0,10.887150927903239,10.887150927903239,0.0,0.0,4.755289077758789,1.407736897468567,False,False
7UO8_A_GLN53,27,major_only,A,B,16,-180;-180;0,-0.04896991997563293,-0.04670232617266047,-0.0087417635525827,0.0,10.887150927903239,10.887150927903239,0.0,0.0,3.9251346588134766,2.231703758239746,False,False
7UO8_A_GLN53,27,major_only,A,B,17,-180;-180;-180,-0.048939989749556954,-0.04665431329793584,-0.008730780417457083,0.0,10.887150927903239,10.887150927903239,0.0,0.0,3.8708224296569824,2.59808611869812,False,False
7UO8_A_GLN53,28,major_only,A,B,0,-60;-60;0,-0.04677286616739,-0.045965547301610454,-0.008463876302368169,0.0,10.203688523018911,10.203688523018911,0.0,0.0,4.154024124145508,2.7574665546417236,False,False
7UO8_A_GLN53,28,major_only,A,B,1,-60;-60;-180,-0.046584362016113316,-0.04577516969760501,-0.00846260108580497,0.0,10.203688523018911,10.203688523018911,0.0,0.0,4.036352157592773,2.4405503273010254,False,False
7UO8_A_GLN53,28,major_only,A,B,2,-60;60;0,-0.07688837262450775,-0.0747292804028473,-0.013674349143411165,0.0,10.203688523018911,10.203688523018911,0.0,0.0,2.6540865898132324,4.228530406951904,False,False
7UO8_A_GLN53,28,major_only,A,B,3,-60;60;-180,-0.07961915043293182,-0.07731853315001526,-0.014194125563675341,0.0,10.203688523018911,10.203688523018911,0.0,0.0,2.2701499462127686,4.140212059020996,False,False
7UO8_A_GLN53,28,major_only,A,B,4,-60;-180;0,-0.019523900357013367,-0.01991874002089155,-0.0036116450869746234,0.0,10.203688523018911,10.203688523018911,0.0,0.0,3.387688636779785,3.420463800430298,False,False
7UO8_A_GLN53,28,major_only,A,B,5,-60;-180;-180,-0.01978604987660366,-0.020165900331520575,-0.0036555962602245846,0.0,10.203688523018911,10.203688523018911,0.0,0.0,3.09061598777771,3.1443111896514893,False,False
7UO8_A_GLN53,28,major_only,A,B,6,60;-60;0,0.4533627185749786,0.43163997883061767,0.07914157292061443,0.07914157292061443,10.203688523018911,8.302607975452666,1.9010805475662451,0.186313071324896,0.5605615973472595,4.704549789428711,True,False
7UO8_A_GLN53,28,major_only,A,B,7,60;-60;-180,0.45633601661426504,0.4342994681604676,0.07987471738035017,0.07987471738035017,10.203688523018911,8.279109322404192,1.924579200614719,0.18861602804446484,1.357365369796753,4.779751300811768,False,True
7UO8_A_GLN53,28,major_only,A,B,8,60;60;0,0.07312273934596174,0.068507444868815,0.012539413332611897,0.012539413332611897,10.203688523018911,10.155799857759446,0.04788866525946567,0.004693270002453691,2.6451447010040283,4.223198890686035,False,False
7UO8_A_GLN53,28,major_only,A,B,9,60;60;-180,0.0732561078773076,0.06860371485095147,0.012605023481180632,0.012605023481180632,10.203688523018911,10.155665172245339,0.04802335077357256,0.004706469691350804,2.8137166500091553,4.135636329650879,False,False
7UO8_A_GLN53,28,major_only,A,B,10,60;-180;0,-0.005501242172295308,-0.006564367864860849,-0.0011913677148765525,0.0,10.203688523018911,10.203688523018911,0.0,0.0,2.288241147994995,3.881930112838745,False,False
7UO8_A_GLN53,28,major_only,A,B,11,60;-180;-180,-0.013155863106166973,-0.013854134179023212,-0.0025142003161794306,0.0,10.203688523018911,10.203688523018911,0.0,0.0,2.664534330368042,3.8316256999969482,False,False
7UO8_A_GLN53,28,major_only,A,B,12,-180;-60;0,-0.022821794586404525,-0.02308077318580246,-0.004222809387819844,0.0,10.203688523018911,10.203688523018911,0.0,0.0,4.334333896636963,2.4818527698516846,False,False
7UO8_A_GLN53,28,major_only,A,B,13,-180;-60;-180,-0.0228517457869872,-0.023106915652281335,-0.004240898012517934,0.0,10.203688523018911,10.203688523018911,0.0,0.0,4.187150478363037,2.7186219692230225,False,False
7UO8_A_GLN53,28,major_only,A,B,14,-180;60;0,-0.1258185175652297,-0.12140898536789223,-0.022256236610488023,0.0,10.203688523018911,10.203688523018911,0.0,0.0,4.7221879959106445,0.383152037858963,False,False
7UO8_A_GLN53,28,major_only,A,B,15,-180;60;-180,-0.12111143159326535,-0.11687507686710201,-0.02152051082467775,0.0,10.203688523018911,10.203688523018911,0.0,0.0,4.755289077758789,1.407736897468567,False,False
7UO8_A_GLN53,28,major_only,A,B,16,-180;-180;0,-0.027209956661208592,-0.027236323368939195,-0.004935492534284644,0.0,10.203688523018911,10.203688523018911,0.0,0.0,3.9251346588134766,2.231703758239746,False,False
7UO8_A_GLN53,28,major_only,A,B,17,-180;-180;-180,-0.027577215928114403,-0.027580332664657037,-0.004996688077427209,0.0,10.203688523018911,10.203688523018911,0.0,0.0,3.8708224296569824,2.59808611869812,False,False
7UO8_A_GLN53,30,major_only,A,B,0,-60;-60;0,-0.04578717689794522,-0.04390725277582085,-0.008314167203031343,0.0,10.790670412450662,10.790670412450662,0.0,0.0,4.154024124145508,2.7574665546417236,False,False
7UO8_A_GLN53,30,major_only,A,B,1,-60;-60;-180,-0.04493530240339369,-0.043079835485190475,-0.008190182137629362,0.0,10.790670412450662,10.790670412450662,0.0,0.0,4.036352157592773,2.4405503273010254,False,False
7UO8_A_GLN53,30,major_only,A,B,2,-60;60;0,-0.10992665131784828,-0.10517028514402038,-0.01979039821362371,0.0,10.790670412450662,10.790670412450662,0.0,0.0,2.6540865898132324,4.228530406951904,False,False
7UO8_A_GLN53,30,major_only,A,B,3,-60;60;-180,-0.10960346014840926,-0.10483007251792789,-0.019790489681207928,0.0,10.790670412450662,10.790670412450662,0.0,0.0,2.2701499462127686,4.140212059020996,False,False
7UO8_A_GLN53,30,major_only,A,B,4,-60;-180;0,-0.015062235095515297,-0.014517812676576772,-0.002707010925630716,0.0,10.790670412450662,10.790670412450662,0.0,0.0,3.387688636779785,3.420463800430298,False,False
7UO8_A_GLN53,30,major_only,A,B,5,-60;-180;-180,-0.015046308978942451,-0.014497320437734253,-0.0027025514071428868,0.0,10.790670412450662,10.790670412450662,0.0,0.0,3.09061598777771,3.1443111896514893,False,False
7UO8_A_GLN53,30,major_only,A,B,6,60;-60;0,0.4516258437209569,0.4311066724240298,0.08128555531892279,0.08128555531892279,10.790670412450662,8.785192343448342,2.0054780690023204,0.18585296300851964,0.5605615973472595,4.704549789428711,True,False
7UO8_A_GLN53,30,major_only,A,B,7,60;-60;-180,0.45206998760432177,0.4313572676767995,0.0815835828496862,0.0815835828496862,10.790670412450662,8.78286016266021,2.0078102497904524,0.18606909237759398,1.357365369796753,4.779751300811768,False,True
7UO8_A_GLN53,30,major_only,A,B,8,60;60;0,0.09857007763459087,0.09392541061608589,0.017679426301610273,0.017679426301610273,10.790670412450662,10.695475304109651,0.09519510834101119,0.008821982759400349,2.6451447010040283,4.223198890686035,False,False
7UO8_A_GLN53,30,major_only,A,B,9,60;60;-180,0.09871806021684283,0.09403086538406236,0.017766917116743636,0.017766917116743636,10.790670412450662,10.695261423467205,0.09540898898345773,0.008841803644875615,2.8137166500091553,4.135636329650879,False,False
7UO8_A_GLN53,30,major_only,A,B,10,60;-180;0,0.07818033210337987,0.07428039687501545,0.013863495603256826,0.013863495603256826,10.790670412450662,10.731132053684679,0.0595383587659839,0.005517577359909576,2.288241147994995,3.881930112838745,False,False
7UO8_A_GLN53,30,major_only,A,B,11,60;-180;-180,0.07810240460023145,0.07417950023257591,0.013843630773803291,0.013843630773803291,10.790670412450662,10.731293688271478,0.05937672417918449,0.005502598254754728,2.664534330368042,3.8316256999969482,False,False
7UO8_A_GLN53,30,major_only,A,B,12,-180;-60;0,-0.05723061442864808,-0.05480790390645535,-0.010311929511015432,0.0,10.790670412450662,10.790670412450662,0.0,0.0,4.334333896636963,2.4818527698516846,False,False
7UO8_A_GLN53,30,major_only,A,B,13,-180;-60;-180,-0.05780329757078083,-0.05533928470371887,-0.010444676857930995,0.0,10.790670412450662,10.790670412450662,0.0,0.0,4.187150478363037,2.7186219692230225,False,False
7UO8_A_GLN53,30,major_only,A,B,14,-180;60;0,-0.17116713721908572,-0.16357939722965129,-0.030837213033808118,0.0,10.790670412450662,10.790670412450662,0.0,0.0,4.7221879959106445,0.383152037858963,False,False
7UO8_A_GLN53,30,major_only,A,B,15,-180;60;-180,-0.16854438332566218,-0.16101302634641196,-0.030488586950954584,0.0,10.790670412450662,10.790670412450662,0.0,0.0,4.755289077758789,1.407736897468567,False,False
7UO8_A_GLN53,30,major_only,A,B,16,-180;-180;0,-0.04840769661178668,-0.04626720479380826,-0.008621858630158496,0.0,10.790670412450662,10.790670412450662,0.0,0.0,3.9251346588134766,2.231703758239746,False,False
7UO8_A_GLN53,30,major_only,A,B,17,-180;-180;-180,-0.04835288403158442,-0.04619614970275732,-0.008606649884362615,0.0,10.790670412450662,10.790670412450662,0.0,0.0,3.8708224296569824,2.59808611869812,False,False
7UO8_A_GLN53,35,minor_only,B,A,0,-60;-60;0,-0.04660123459129225,-0.044773771065776374,-0.009511342741236802,0.0,13.580625197575543,13.580625197575543,0.0,0.0,2.7574665546417236,4.154024124145508,False,False
7UO8_A_GLN53,35,minor_only,B,A,1,-60;-60;-180,-0.04159784061192228,-0.03998184410588985,-0.008527427057236057,0.0,13.580625197575543,13.580625197575543,0.0,0.0,2.4405503273010254,4.036352157592773,False,False
7UO8_A_GLN53,35,minor_only,B,A,2,-60;60;0,-0.1611354181707299,-0.15417410880403737,-0.03254682255604893,0.0,13.580625197575543,13.580625197575543,0.0,0.0,4.228530406951904,2.6540865898132324,False,False
7UO8_A_GLN53,35,minor_only,B,A,3,-60;60;-180,-0.15317768559502662,-0.14652888804125103,-0.03103341547525247,0.0,13.580625197575543,13.580625197575543,0.0,0.0,4.140212059020996,2.2701499462127686,False,False
7UO8_A_GLN53,35,minor_only,B,A,4,-60;-180;0,-0.015081045588525537,-0.0146273649084056,-0.003059782694207377,0.0,13.580625197575543,13.580625197575543,0.0,0.0,3.420463800430298,3.387688636779785,False,False
7UO8_A_GLN53,35,minor_only,B,A,5,-60;-180;-180,-0.015049359237040443,-0.014592237221808631,-0.0030517136099919764,0.0,13.580625197575543,13.580625197575543,0.0,0.0,3.1443111896514893,3.09061598777771,False,False
7UO8_A_GLN53,35,minor_only,B,A,6,60;-60;0,0.4386424287658602,0.41861901407860347,0.0885489163698585,0.0885489163698585,13.580625197575543,11.200730920661925,2.3798942769136175,0.1752418789481418,4.704549789428711,0.5605615973472595,False,False
7UO8_A_GLN53,35,minor_only,B,A,7,60;-60;-180,0.4465828239701489,0.4260297952210607,0.09039435197591678,0.09039435197591678,13.580625197575543,11.115722895818177,2.464902301757366,0.18150138641609875,4.779751300811768,1.357365369796753,False,True
7UO8_A_GLN53,35,minor_only,B,A,8,60;60;0,0.0975905722215107,0.09290082200290112,0.019617347730417917,0.019617347730417917,13.580625197575543,13.463416759911347,0.1172084376641962,0.008630562728814623,4.223198890686035,2.6451447010040283,False,False
7UO8_A_GLN53,35,minor_only,B,A,9,60;60;-180,0.09767233462279382,0.09294309364764371,0.019701279633675566,0.019701279633675566,13.580625197575543,13.463310071497872,0.11731512607767058,0.008638418656794539,4.135636329650879,2.8137166500091553,False,False
7UO8_A_GLN53,35,minor_only,B,A,10,60;-180;0,0.08125720173053758,0.07711887523960316,0.01614711314002687,0.01614711314002687,13.580625197575543,13.499856861255477,0.08076833632006597,0.005947320918221423,3.881930112838745,2.288241147994995,False,False
7UO8_A_GLN53,35,minor_only,B,A,11,60;-180;-180,0.08124959500399032,0.07708358266470154,0.016138518482325132,0.016138518482325132,13.580625197575543,13.499930769758313,0.08069442781722991,0.00594187871642579,3.8316256999969482,2.664534330368042,False,False
7UO8_A_GLN53,35,minor_only,B,A,12,-180;-60;0,-0.04958133581350565,-0.047594377231328616,-0.010045881685405947,0.0,13.580625197575543,13.580625197575543,0.0,0.0,2.4818527698516846,4.334333896636963,False,False
7UO8_A_GLN53,35,minor_only,B,A,13,-180;-60;-180,-0.0495985952528082,-0.047598000103462795,-0.01007826654905462,0.0,13.580625197575543,13.580625197575543,0.0,0.0,2.7186219692230225,4.187150478363037,False,False
7UO8_A_GLN53,35,minor_only,B,A,14,-180;60;0,-0.17306543359155477,-0.16548108778156723,-0.03499697864138971,0.0,13.580625197575543,13.580625197575543,0.0,0.0,0.383152037858963,4.7221879959106445,True,False
7UO8_A_GLN53,35,minor_only,B,A,15,-180;60;-180,-0.21952426415717824,-0.20975343067496982,-0.044557521406270804,0.0,13.580625197575543,13.580625197575543,0.0,0.0,1.407736897468567,4.755289077758789,False,False
7UO8_A_GLN53,35,minor_only,B,A,16,-180;-180;0,-0.045223785573076505,-0.043327263084152676,-0.009057838208944034,0.0,13.580625197575543,13.580625197575543,0.0,0.0,2.231703758239746,3.9251346588134766,False,False
7UO8_A_GLN53,35,minor_only,B,A,17,-180;-180;-180,-0.04519368506347364,-0.043281396456730806,-0.009046181330002847,0.0,13.580625197575543,13.580625197575543,0.0,0.0,2.59808611869812,3.8708224296569824,False,False
7UO8_A_GLN53,36,minor_only,B,A,0,-60;-60;0,-0.04803371855964706,-0.046151956888840384,-0.009785190556306278,0.0,13.52825507219232,13.52825507219232,0.0,0.0,2.7574665546417236,4.154024124145508,False,False
7UO8_A_GLN53,36,minor_only,B,A,1,-60;-60;-180,-0.042904910866662815,-0.04123984479414909,-0.008778760960997913,0.0,13.52825507219232,13.52825507219232,0.0,0.0,2.4405503273010254,4.036352157592773,False,False
7UO8_A_GLN53,36,minor_only,B,A,2,-60;60;0,-0.1525830804858217,-0.1460146330530853,-0.030764831490954752,0.0,13.52825507219232,13.52825507219232,0.0,0.0,4.228530406951904,2.6540865898132324,False,False
7UO8_A_GLN53,36,minor_only,B,A,3,-60;60;-180,-0.14390155530410173,-0.13768078389216865,-0.029103194495825373,0.0,13.52825507219232,13.52825507219232,0.0,0.0,4.140212059020996,2.2701499462127686,False,False
7UO8_A_GLN53,36,minor_only,B,A,4,-60;-180;0,-0.015768018085509136,-0.015291690296370154,-0.0031925741403622523,0.0,13.52825507219232,13.52825507219232,0.0,0.0,3.420463800430298,3.387688636779785,False,False
7UO8_A_GLN53,36,minor_only,B,A,5,-60;-180;-180,-0.01582987811607852,-0.01534538290889439,-0.003203027245345926,0.0,13.52825507219232,13.52825507219232,0.0,0.0,3.1443111896514893,3.09061598777771,False,False
7UO8_A_GLN53,36,minor_only,B,A,6,60;-60;0,0.4380592968737577,0.418052349457833,0.08825838548469518,0.08825838548469518,13.52825507219232,11.163952143344641,2.3643029288476782,0.17476776688721404,4.704549789428711,0.5605615973472595,False,False
7UO8_A_GLN53,36,minor_only,B,A,7,60;-60;-180,0.4453308426403924,0.4248248586625381,0.08996472437003915,0.08996472437003915,13.52825507219232,11.086727537989123,2.441527534203196,0.18047616053764537,4.779751300811768,1.357365369796753,False,True
7UO8_A_GLN53,36,minor_only,B,A,8,60;60;0,0.09638195732312514,0.09173725086668831,0.019334255999619354,0.019334255999619354,13.52825507219232,13.414405022172051,0.11385005002026816,0.00841572319657765,4.223198890686035,2.6451447010040283,False,False
7UO8_A_GLN53,36,minor_only,B,A,9,60;60;-180,0.09645872131653657,0.09177514575498869,0.019416162762466535,0.019416162762466535,13.52825507219232,13.414310944227225,0.11394412796509457,0.008422677378349385,4.135636329650879,2.8137166500091553,False,False
7UO8_A_GLN53,36,minor_only,B,A,10,60;-180;0,0.07994733658567482,0.0758613819843364,0.01585316432643291,0.01585316432643291,13.52825507219232,13.450400650451307,0.0778544217410122,0.005754949276573295,3.881930112838745,2.288241147994995,False,False
7UO8_A_GLN53,36,minor_only,B,A,11,60;-180;-180,0.07993750363170075,0.0758243733233096,0.015844247284769325,0.015844247284769325,13.52825507219232,13.45047659383689,0.0777784783554285,0.005749335589872503,3.8316256999969482,2.664534330368042,False,False
7UO8_A_GLN53,36,minor_only,B,A,12,-180;-60;0,-0.04901359603286527,-0.04706216299089552,-0.00991437414001503,0.0,13.52825507219232,13.52825507219232,0.0,0.0,2.4818527698516846,4.334333896636963,False,False
7UO8_A_GLN53,36,minor_only,B,A,13,-180;-60;-180,-0.04903126893671959,-0.04706636541267689,-0.009946466100103956,0.0,13.52825507219232,13.52825507219232,0.0,0.0,2.7186219692230225,4.187150478363037,False,False
7UO8_A_GLN53,36,minor_only,B,A,14,-180;60;0,-0.17128866780387536,-0.163794655692689,-0.03457346622327933,0.0,13.52825507219232,13.52825507219232,0.0,0.0,0.383152037858963,4.7221879959106445,True,False
7UO8_A_GLN53,36,minor_only,B,A,15,-180;60;-180,-0.21781971777925588,-0.2081366222820091,-0.04412873355226071,0.0,13.52825507219232,13.52825507219232,0.0,0.0,1.407736897468567,4.755289077758789,False,False
7UO8_A_GLN53,36,minor_only,B,A,16,-180;-180;0,-0.04472284391268526,-0.04286034539294055,-0.00894293304365072,0.0,13.52825507219232,13.52825507219232,0.0,0.0,2.231703758239746,3.9251346588134766,False,False
7UO8_A_GLN53,36,minor_only,B,A,17,-180;-180;-180,-0.044704487490164375,-0.04282590117366971,-0.008933703703747532,0.0,13.52825507219232,13.52825507219232,0.0,0.0,2.59808611869812,3.8708224296569824,False,False
7UO8_A_GLN53,38,major_only,A,B,0,-60;-60;0,-0.04814301492987609,-0.046114691089176145,-0.008742882595148037,0.0,10.817181932948408,10.817181932948408,0.0,0.0,4.154024124145508,2.7574665546417236,False,False
7UO8_A_GLN53,38,major_only,A,B,1,-60;-60;-180,-0.04719130268680164,-0.04519103831440215,-0.00860210415719365,0.0,10.817181932948408,10.817181932948408,0.0,0.0,4.036352157592773,2.4405503273010254,False,False
7UO8_A_GLN53,38,major_only,A,B,2,-60;60;0,-0.12175494905291069,-0.11642566042614906,-0.021935273051805433,0.0,10.817181932948408,10.817181932948408,0.0,0.0,2.6540865898132324,4.228530406951904,False,False
7UO8_A_GLN53,38,major_only,A,B,3,-60;60;-180,-0.12079598712793851,-0.11547474764725882,-0.02182682311797158,0.0,10.817181932948408,10.817181932948408,0.0,0.0,2.2701499462127686,4.140212059020996,False,False
7UO8_A_GLN53,38,major_only,A,B,4,-60;-180;0,-0.01599323852535986,-0.01536008976184788,-0.0028675792361145917,0.0,10.817181932948408,10.817181932948408,0.0,0.0,3.387688636779785,3.420463800430298,False,False
7UO8_A_GLN53,38,major_only,A,B,5,-60;-180;-180,-0.01595212952721976,-0.015315068649868755,-0.0028584988804256765,0.0,10.817181932948408,10.817181932948408,0.0,0.0,3.09061598777771,3.1443111896514893,False,False
7UO8_A_GLN53,38,major_only,A,B,6,60;-60;0,0.45354866179794007,0.4329860932188824,0.08174015056295215,0.08174015056295215,10.817181932948408,8.789209581698955,2.0279723512494527,0.1874769569209505,0.5605615973472595,4.704549789428711,True,False
7UO8_A_GLN53,38,major_only,A,B,7,60;-60;-180,0.45437535642863575,0.4336012982250908,0.08210868209206164,0.08210868209206164,10.817181932948408,8.783442629377355,2.0337393035710534,0.188010085822484,1.357365369796753,4.779751300811768,False,True
7UO8_A_GLN53,38,major_only,A,B,8,60;60;0,0.09808787026841363,0.09350848445680404,0.01762255753119155,0.01762255753119155,10.817181932948408,10.7225982609467,0.0945836720017077,0.008743836665408409,2.6451447010040283,4.223198890686035,False,False
7UO8_A_GLN53,38,major_only,A,B,9,60;60;-180,0.0981662596296245,0.0935478684583052,0.01769735622678996,0.01769735622678996,10.817181932948408,10.722518570467939,0.09466336248046936,0.008751203693092294,2.8137166500091553,4.135636329650879,False,False
7UO8_A_GLN53,38,major_only,A,B,10,60;-180;0,0.08111604681178868,0.07712058597500235,0.014411251834285332,0.014411251834285332,10.817181932948408,10.752845826309315,0.06433610663909306,0.005947584781127662,2.288241147994995,3.881930112838745,False,False
7UO8_A_GLN53,38,major_only,A,B,11,60;-180;-180,0.08111233110243118,0.07708950921909186,0.014404369009799403,0.014404369009799403,10.817181932948408,10.752897666025607,0.06428426692280098,0.005942792431640207,2.664534330368042,3.8316256999969482,False,False
7UO8_A_GLN53,38,major_only,A,B,12,-180;-60;0,-0.058921969935671614,-0.056379363504624254,-0.010620617409296481,0.0,10.817181932948408,10.817181932948408,0.0,0.0,4.334333896636963,2.4818527698516846,False,False
7UO8_A_GLN53,38,major_only,A,B,13,-180;-60;-180,-0.05936358328660279,-0.056785052673247634,-0.010730707402115002,0.0,10.817181932948408,10.817181932948408,0.0,0.0,4.187150478363037,2.7186219692230225,False,False
7UO8_A_GLN53,38,major_only,A,B,14,-180;60;0,-0.17511220384861323,-0.1673023707979583,-0.03157777063857336,0.0,10.817181932948408,10.817181932948408,0.0,0.0,4.7221879959106445,0.383152037858963,False,False
7UO8_A_GLN53,38,major_only,A,B,15,-180;60;-180,-0.1726529629994353,-0.16489038931782915,-0.03126111616888249,0.0,10.817181932948408,10.817181932948408,0.0,0.0,4.755289077758789,1.407736897468567,False,False
7UO8_A_GLN53,38,major_only,A,B,16,-180;-180;0,-0.049208417615069326,-0.0469851828556522,-0.008766402551518728,0.0,10.817181932948408,10.817181932948408,0.0,0.0,3.9251346588134766,2.231703758239746,False,False
7UO8_A_GLN53,38,major_only,A,B,17,-180;-180;-180,-0.04913414353248626,-0.04689509675494167,-0.008747594558319067,0.0,10.817181932948408,10.817181932948408,0.0,0.0,3.8708224296569824,2.59808611869812,False,False
7UO8_A_GLN53,39,minor_only,B,A,0,-60;-60;0,-0.12924085939033056,-0.12377285828061674,-0.025653553256763034,0.0,12.927890449121307,12.927890449121307,0.0,0.0,2.7574665546417236,4.154024124145508,False,False
7UO8_A_GLN53,39,minor_only,B,A,1,-60;-60;-180,-0.12939338617783522,-0.12387870657115195,-0.02577839082661814,0.0,12.927890449121307,12.927890449121307,0.0,0.0,2.4405503273010254,4.036352157592773,False,False
7UO8_A_GLN53,39,minor_only,B,A,2,-60;60;0,-0.18092061028406867,-0.17312800555637012,-0.03565893968026642,0.0,12.927890449121307,12.927890449121307,0.0,0.0,4.228530406951904,2.6540865898132324,False,False
7UO8_A_GLN53,39,minor_only,B,A,3,-60;60;-180,-0.17310196417444582,-0.16560999433624699,-0.034221324467870046,0.0,12.927890449121307,12.927890449121307,0.0,0.0,4.140212059020996,2.2701499462127686,False,False
7UO8_A_GLN53,39,minor_only,B,A,4,-60;-180;0,-0.050455074608824556,-0.0483736503226578,-0.00987273088183968,0.0,12.927890449121307,12.927890449121307,0.0,0.0,3.420463800430298,3.387688636779785,False,False
7UO8_A_GLN53,39,minor_only,B,A,5,-60;-180;-180,-0.050351391414806594,-0.04825603250111604,-0.009846399567580984,0.0,12.927890449121307,12.927890449121307,0.0,0.0,3.1443111896514893,3.09061598777771,False,False
7UO8_A_GLN53,39,minor_only,B,A,6,60;-60;0,0.4676487807955062,0.44626304657200305,0.09209990369956372,0.09209990369956372,12.927890449121307,10.353291929576763,2.574598519544544,0.19915070673572552,4.704549789428711,0.5605615973472595,False,False
7UO8_A_GLN53,39,minor_only,B,A,7,60;-60;-180,0.47601034463954073,0.4540645372723615,0.09399891846248344,0.09399891846248344,12.927890449121307,10.262487755110218,2.665402694011089,0.2061746040083634,4.779751300811768,1.357365369796753,False,True
7UO8_A_GLN53,39,minor_only,B,A,8,60;60;0,0.1065907636300659,0.10143694723190544,0.020898776137857178,0.020898776137857178,12.927890449121307,12.794869511618586,0.13302093750272093,0.010289454263728093,4.223198890686035,2.6451447010040283,False,False
7UO8_A_GLN53,39,minor_only,B,A,9,60;60;-180,0.10671088089197506,0.1015124009552084,0.02099424982323874,0.02099424982323874,12.927890449121307,12.794671543161098,0.13321890596020936,0.010304767547690975,4.135636329650879,2.8137166500091553,False,False
7UO8_A_GLN53,39,minor_only,B,A,10,60;-180;0,0.09035891448304918,0.08572997043387069,0.017513414449116103,0.017513414449116103,12.927890449121307,12.8328752656856,0.09501518343570758,0.0073496278305920865,3.881930112838745,2.288241147994995,False,False
7UO8_A_GLN53,39,minor_only,B,A,11,60;-180;-180,0.09034338771138306,0.08568390366461617,0.017502696680048082,0.017502696680048082,12.927890449121307,12.832977350557735,0.09491309856357155,0.007341731347206975,3.8316256999969482,2.664534330368042,False,False
7UO8_A_GLN53,39,minor_only,B,A,12,-180;-60;0,-0.01797049604704192,-0.017470118702474346,-0.0035977602252731844,0.0,12.927890449121307,12.927890449121307,0.0,0.0,2.4818527698516846,4.334333896636963,False,False
7UO8_A_GLN53,39,minor_only,B,A,13,-180;-60;-180,-0.017876688497472946,-0.017376576756827848,-0.0035897591210162965,0.0,12.927890449121307,12.927890449121307,0.0,0.0,2.7186219692230225,4.187150478363037,False,False
7UO8_A_GLN53,39,minor_only,B,A,14,-180;60;0,-0.11911072482795262,-0.11402662938417721,-0.02352840147201911,0.0,12.927890449121307,12.927890449121307,0.0,0.0,0.383152037858963,4.7221879959106445,True,False
7UO8_A_GLN53,39,minor_only,B,A,15,-180;60;-180,-0.15727279688337065,-0.15040172057297393,-0.03117228986569372,0.0,12.927890449121307,12.927890449121307,0.0,0.0,1.407736897468567,4.755289077758789,False,False
7UO8_A_GLN53,39,minor_only,B,A,16,-180;-180;0,-0.01306393065191888,-0.012761230653995051,-0.0026029139509454653,0.0,12.927890449121307,12.927890449121307,0.0,0.0,2.231703758239746,3.9251346588134766,False,False
7UO8_A_GLN53,39,minor_only,B,A,17,-180;-180;-180,-0.013086671675263424,-0.012778912690896578,-0.0026059247880444365,0.0,12.927890449121307,12.927890449121307,0.0,0.0,2.59808611869812,3.8708224296569824,False,False
7UO8_A_GLN53,40,major_only,A,B,0,-60;-60;0,-0.15251107965721628,-0.14578191397958726,-0.03516688527082776,0.0,17.512331203321164,17.512331203321164,0.0,0.0,4.154024124145508,2.7574665546417236,False,False
7UO8_A_GLN53,40,major_only,A,B,1,-60;-60;-180,-0.15239613440191738,-0.14562421321820523,-0.03526962832276447,0.0,17.512331203321164,17.512331203321164,0.0,0.0,4.036352157592773,2.4405503273010254,False,False
7UO8_A_GLN53,40,major_only,A,B,2,-60;60;0,-0.19643645488283187,-0.1877280960152474,-0.045002695193167803,0.0,17.512331203321164,17.512331203321164,0.0,0.0,2.6540865898132324,4.228530406951904,False,False
7UO8_A_GLN53,40,major_only,A,B,3,-60;60;-180,-0.2210675758834544,-0.2111915684231798,-0.05079196288713307,0.0,17.512331203321164,17.512331203321164,0.0,0.0,2.2701499462127686,4.140212059020996,False,False
7UO8_A_GLN53,40,major_only,A,B,4,-60;-180;0,-0.13051046479745207,-0.12438958891691171,-0.029547491747681152,0.0,17.512331203321164,17.512331203321164,0.0,0.0,3.387688636779785,3.420463800430298,False,False
7UO8_A_GLN53,40,major_only,A,B,5,-60;-180;-180,-0.13024816046228696,-0.12408793713971679,-0.029468875060286077,0.0,17.512331203321164,17.512331203321164,0.0,0.0,3.09061598777771,3.1443111896514893,False,False
7UO8_A_GLN53,40,major_only,A,B,6,60;-60;0,0.5638973959970038,0.5383962511375014,0.12932379094590768,0.12932379094590768,17.512331203321164,12.436022594281273,5.0763086090398915,0.28987052323891543,0.5605615973472595,4.704549789428711,True,False
7UO8_A_GLN53,40,major_only,A,B,7,60;-60;-180,0.5763073392669132,0.5500262687114986,0.132524707126567,0.132524707126567,17.512331203321164,12.214344973218559,5.297986230102605,0.3025288962726937,1.357365369796753,4.779751300811768,False,True
7UO8_A_GLN53,40,major_only,A,B,8,60;60;0,0.1793681367568708,0.17113202560021049,0.041035915212927196,0.041035915212927196,17.512331203321164,16.999462091346558,0.5128691119746058,0.029286170186031066,2.6451447010040283,4.223198890686035,False,False
7UO8_A_GLN53,40,major_only,A,B,9,60;60;-180,0.17917886845517741,0.17088717938973222,0.04113380568054408,0.04113380568054408,17.512331203321164,17.000928610846916,0.5114025924742478,0.029202428079778537,2.8137166500091553,4.135636329650879,False,False
7UO8_A_GLN53,40,major_only,A,B,10,60;-180;0,0.19457573619595384,0.18520621934636236,0.04403539205304937,0.04403539205304937,17.512331203321164,16.911634711997976,0.6006964913231876,0.0343013436845728,2.288241147994995,3.881930112838745,False,False
7UO8_A_GLN53,40,major_only,A,B,11,60;-180;-180,0.19495382650892662,0.18550083115072702,0.04410214691703375,0.04410214691703375,17.512331203321164,16.909722108471477,0.6026090948496865,0.03441055835761052,2.664534330368042,3.8316256999969482,False,False
7UO8_A_GLN53,40,major_only,A,B,12,-180;-60;0,-0.03999104473176435,-0.03827163890322115,-0.00917321495111116,0.0,17.512331203321164,17.512331203321164,0.0,0.0,4.334333896636963,2.4818527698516846,False,False
7UO8_A_GLN53,40,major_only,A,B,13,-180;-60;-180,-0.03993837364823709,-0.03821065703249278,-0.009187423576524502,0.0,17.512331203321164,17.512331203321164,0.0,0.0,4.187150478363037,2.7186219692230225,False,False
7UO8_A_GLN53,40,major_only,A,B,14,-180;60;0,-0.15446662134568762,-0.14755836939409678,-0.03543709657410697,0.0,17.512331203321164,17.512331203321164,0.0,0.0,4.7221879959106445,0.383152037858963,False,False
7UO8_A_GLN53,40,major_only,A,B,15,-180;60;-180,-0.15195424623455034,-0.14510327931872324,-0.03500267846169261,0.0,17.512331203321164,17.512331203321164,0.0,0.0,4.755289077758789,1.407736897468567,False,False
7UO8_A_GLN53,40,major_only,A,B,16,-180;-180;0,-0.03996525818642295,-0.03814892317892279,-0.009056443580869102,0.0,17.512331203321164,17.512331203321164,0.0,0.0,3.9251346588134766,2.231703758239746,False,False
7UO8_A_GLN53,40,major_only,A,B,17,-180;-180;-180,-0.04003098770042777,-0.03819569105720505,-0.009065473558137223,0.0,17.512331203321164,17.512331203321164,0.0,0.0,3.8708224296569824,2.59808611869812,False,False
7UO8_A_GLN53,45,minor_only,B,A,0,-60;-60;0,-0.08045128243084282,-0.07733286516107324,-0.016259450453198182,0.0,13.303532432145527,13.303532432145527,0.0,0.0,2.7574665546417236,4.154024124145508,False,False
7UO8_A_GLN53,45,minor_only,B,A,1,-60;-60;-180,-0.07690820249281242,-0.07392555189362458,-0.015605344903882526,0.0,13.303532432145527,13.303532432145527,0.0,0.0,2.4405503273010254,4.036352157592773,False,False
7UO8_A_GLN53,45,minor_only,B,A,2,-60;60;0,-0.16512132787967487,-0.1582043321068138,-0.033055149495528346,0.0,13.303532432145527,13.303532432145527,0.0,0.0,4.228530406951904,2.6540865898132324,False,False
7UO8_A_GLN53,45,minor_only,B,A,3,-60;60;-180,-0.15591008724244476,-0.1493616727953098,-0.0313089927005204,0.0,13.303532432145527,13.303532432145527,0.0,0.0,4.140212059020996,2.2701499462127686,False,False
7UO8_A_GLN53,45,minor_only,B,A,4,-60;-180;0,-0.03148668266663961,-0.030481548493166817,-0.006310810195689466,0.0,13.303532432145527,13.303532432145527,0.0,0.0,3.420463800430298,3.387688636779785,False,False
7UO8_A_GLN53,45,minor_only,B,A,5,-60;-180;-180,-0.031421144157017834,-0.030408558218271285,-0.006294211425874673,0.0,13.303532432145527,13.303532432145527,0.0,0.0,3.1443111896514893,3.09061598777771,False,False
7UO8_A_GLN53,45,minor_only,B,A,6,60;-60;0,0.4617298314728888,0.44044198685049435,0.09220970188429281,0.09220970188429281,13.303532432145527,10.722791566373367,2.58074086577216,0.19398914378081095,4.704549789428711,0.5605615973472595,False,False
7UO8_A_GLN53,45,minor_only,B,A,7,60;-60;-180,0.4704847362842916,0.44862050344574544,0.09421152749807053,0.09421152749807053,13.303532432145527,10.62605875730552,2.677473674840007,0.20126035611191406,4.779751300811768,1.357365369796753,False,True
7UO8_A_GLN53,45,minor_only,B,A,8,60;60;0,0.10238855649522498,0.0972563539014445,0.020326486793497307,0.020326486793497307,13.303532432145527,13.177697001205189,0.125835430940338,0.009458798374203227,4.223198890686035,2.6451447010040283,False,False
7UO8_A_GLN53,45,minor_only,B,A,9,60;60;-180,0.1024907346528367,0.09731553966687673,0.020416585472447905,0.020416585472447905,13.303532432145527,13.177543799236286,0.125988632909241,0.00947031426065552,4.135636329650879,2.8137166500091553,False,False
7UO8_A_GLN53,45,minor_only,B,A,10,60;-180;0,0.08581473577724998,0.08122917146563541,0.016833321941130117,0.016833321941130117,13.303532432145527,13.215753353178396,0.08777907896713089,0.006598178296993434,3.881930112838745,2.288241147994995,False,False
7UO8_A_GLN53,45,minor_only,B,A,11,60;-180;-180,0.08582469140665741,0.08120829104075947,0.016827738257534135,0.016827738257534135,13.303532432145527,13.215798475610566,0.08773395653496152,0.00659478653376066,3.8316256999969482,2.664534330368042,False,False
7UO8_A_GLN53,45,minor_only,B,A,12,-180;-60;0,-0.029401398901955568,-0.028552314223906087,-0.00596481982151672,0.0,13.303532432145527,13.303532432145527,0.0,0.0,2.4818527698516846,4.334333896636963,False,False
7UO8_A_GLN53,45,minor_only,B,A,13,-180;-60;-180,-0.029341763122768438,-0.028488748342667233,-0.005970271869888384,0.0,13.303532432145527,13.303532432145527,0.0,0.0,2.7186219692230225,4.187150478363037,False,False
7UO8_A_GLN53,45,minor_only,B,A,14,-180;60;0,-0.1542503345209882,-0.14774272701372196,-0.030925156128488274,0.0,13.303532432145527,13.303532432145527,0.0,0.0,0.383152037858963,4.7221879959106445,True,False
7UO8_A_GLN53,45,minor_only,B,A,15,-180;60;-180,-0.19234647946885505,-0.18404239125480387,-0.038694872821305425,0.0,13.303532432145527,13.303532432145527,0.0,0.0,1.407736897468567,4.755289077758789,False,False
7UO8_A_GLN53,45,minor_only,B,A,16,-180;-180;0,-0.02471710066580079,-0.024030834112751417,-0.004972282016827051,0.0,13.303532432145527,13.303532432145527,0.0,0.0,2.231703758239746,3.9251346588134766,False,False
7UO8_A_GLN53,45,minor_only,B,A,17,-180;-180;-180,-0.024713431629931212,-0.024019376067542078,-0.004968775223775683,0.0,13.303532432145527,13.303532432145527,0.0,0.0,2.59808611869812,3.8708224296569824,False,False
7UO8_A_GLN53,49,major_only,A,B,0,-60;-60;0,-0.05089297463575836,-0.048879907727193105,-0.009274435685066801,0.0,10.834220787313628,10.834220787313628,0.0,0.0,4.154024124145508,2.7574665546417236,False,False
7UO8_A_GLN53,49,major_only,A,B,1,-60;-60;-180,-0.05037686977405025,-0.0483718523320537,-0.009214820274665284,0.0,10.834220787313628,10.834220787313628,0.0,0.0,4.036352157592773,2.4405503273010254,False,False
7UO8_A_GLN53,49,major_only,A,B,2,-60;60;0,-0.1272251654996937,-0.12178916495684643,-0.022963853167553165,0.0,10.834220787313628,10.834220787313628,0.0,0.0,2.6540865898132324,4.228530406951904,False,False
7UO8_A_GLN53,49,major_only,A,B,3,-60;60;-180,-0.12701930741795067,-0.12155624288634646,-0.022994424742803547,0.0,10.834220787313628,10.834220787313628,0.0,0.0,2.2701499462127686,4.140212059020996,False,False
7UO8_A_GLN53,49,major_only,A,B,4,-60;-180;0,-0.026192624497898845,-0.02521635598732715,-0.00471135439900124,0.0,10.834220787313628,10.834220787313628,0.0,0.0,3.387688636779785,3.420463800430298,False,False
7UO8_A_GLN53,49,major_only,A,B,5,-60;-180;-180,-0.0255442049220852,-0.024589680965534468,-0.004593182975608974,0.0,10.834220787313628,10.834220787313628,0.0,0.0,3.09061598777771,3.1443111896514893,False,False
7UO8_A_GLN53,49,major_only,A,B,6,60;-60;0,0.45620329524343434,0.4353822096937205,0.08225720309335141,0.08225720309335141,10.834220787313628,8.78051115466352,2.053709632650108,0.18955766851778644,0.5605615973472595,4.704549789428711,True,False
7UO8_A_GLN53,49,major_only,A,B,7,60;-60;-180,0.4572471245919333,0.43620309299087556,0.08266639941685278,0.08266639941685278,10.834220787313628,8.772759596699268,2.0614611906143594,0.19027313833480625,1.357365369796753,4.779751300811768,False,True
7UO8_A_GLN53,49,major_only,A,B,8,60;60;0,0.10104813040255119,0.09619501547485311,0.018143132049895615,0.018143132049895615,10.834220787313628,10.733966531084501,0.10025425622912643,0.009253481002207332,2.6451447010040283,4.223198890686035,False,False
7UO8_A_GLN53,49,major_only,A,B,9,60;60;-180,0.1011464081651462,0.09625179078281841,0.018223218760364306,0.018223218760364306,10.834220787313628,10.733848153932147,0.10037263338148072,0.009264407228899419,2.8137166500091553,4.135636329650879,False,False
7UO8_A_GLN53,49,major_only,A,B,10,60;-180;0,0.08133015324376933,0.07718183194911873,0.014434051252630524,0.014434051252630524,10.834220787313628,10.769680952902974,0.06453983441065425,0.005957035183021876,2.288241147994995,3.881930112838745,False,False
7UO8_A_GLN53,49,major_only,A,B,11,60;-180;-180,0.08098218723882457,0.07682247302892778,0.014365773513213637,0.014365773513213637,10.834220787313628,10.770280549241882,0.06394023807174598,0.005901692362280179,2.664534330368042,3.8316256999969482,False,False
7UO8_A_GLN53,49,major_only,A,B,12,-180;-60;0,-0.040833926969064196,-0.03924939131708395,-0.007399532731679089,0.0,10.834220787313628,10.834220787313628,0.0,0.0,4.334333896636963,2.4818527698516846,False,False
7UO8_A_GLN53,49,major_only,A,B,13,-180;-60;-180,-0.04079413680807821,-0.03920098389178018,-0.007413666765279243,0.0,10.834220787313628,10.834220787313628,0.0,0.0,4.187150478363037,2.7186219692230225,False,False
7UO8_A_GLN53,49,major_only,A,B,14,-180;60;0,-0.16526127669280408,-0.1580369294959868,-0.029852432680418463,0.0,10.834220787313628,10.834220787313628,0.0,0.0,4.7221879959106445,0.383152037858963,False,False
7UO8_A_GLN53,49,major_only,A,B,15,-180;60;-180,-0.1621283461363331,-0.15498629104157724,-0.02940655814706446,0.0,10.834220787313628,10.834220787313628,0.0,0.0,4.755289077758789,1.407736897468567,False,False
7UO8_A_GLN53,49,major_only,A,B,16,-180;-180;0,-0.053698541636111576,-0.05140349768128943,-0.009598313547404695,0.0,10.834220787313628,10.834220787313628,0.0,0.0,3.9251346588134766,2.231703758239746,False,False
7UO8_A_GLN53,49,major_only,A,B,17,-180;-180;-180,-0.05301321095625495,-0.05073057822964302,-0.009470497543185035,0.0,10.834220787313628,10.834220787313628,0.0,0.0,3.8708224296569824,2.59808611869812,False,False
8FBE_B_ILE92,46,major_only,A,B,0,-60;-60,-0.24288188387200318,-0.2226252291315726,-0.06869178398494301,0.0,9.92709104027039,9.92709104027039,0.0,0.0,2.797635555267334,1.1871168613433838,False,False
8FBE_B_ILE92,46,major_only,A,B,1,-60;60,-0.3272148286154927,-0.2997315643722789,-0.09268731673466753,0.0,9.92709104027039,9.92709104027039,0.0,0.0,2.526820659637451,1.3996336460113525,False,False
8FBE_B_ILE92,46,major_only,A,B,2,-60;-180,-0.3837205227020951,-0.35125731531142296,-0.10831553286662006,0.0,9.92709104027039,9.92709104027039,0.0,0.0,2.1721270084381104,0.4139140844345093,False,False
8FBE_B_ILE92,46,major_only,A,B,3,60;-60,0.26675299154915244,0.244668763938479,0.07550075403936252,0.07550075403936252,9.92709104027039,9.332827534568136,0.594263505702255,0.059862804047183256,1.2623546123504639,2.707101583480835,False,False
8FBE_B_ILE92,46,major_only,A,B,4,60;60,0.2833664175008974,0.26004408947774865,0.08045830349901328,0.08045830349901328,9.92709104027039,9.255792072916062,0.6712989673543284,0.06762292847231144,1.1454335451126099,2.9193975925445557,False,False
8FBE_B_ILE92,46,major_only,A,B,5,60;-180,0.46244586296352674,0.4234732814892687,0.13058514651378508,0.13058514651378508,9.92709104027039,8.146869574970264,1.7802214653001265,0.17932962013528964,0.14059969782829285,2.3338208198547363,True,True
8FBE_B_ILE92,46,major_only,A,B,6,-180;-60,-0.00502650064148999,-0.00456120206173131,-0.0014086330536869237,0.0,9.92709104027039,9.92709104027039,0.0,0.0,2.461554765701294,2.5950305461883545,False,False
8FBE_B_ILE92,46,major_only,A,B,7,-180;60,-0.029446354610383897,-0.026960848247594454,-0.00834281697723353,0.0,9.92709104027039,9.92709104027039,0.0,0.0,2.7897539138793945,2.23382568359375,False,False
8FBE_B_ILE92,46,major_only,A,B,8,-180;-180,-0.00854112906417753,-0.007765023362923013,-0.002394493872914191,0.0,9.92709104027039,9.92709104027039,0.0,0.0,2.1654725074768066,1.9203287363052368,False,False
