experiment,site,start,rmsd_to_A,rmsd_to_B,chi_degrees,nearest_state,canonical_deviation_degrees,canonical_like_30deg,min_direct_distance,closest_direct_atom,min_symmetry_distance,closest_symmetry_atom,density_z_mean,polar_contacts,tmol_energy,tmol_A,tmol_B,tmol_dE_vs_best_deposited,random_tmol_mean,random_tmol_min,random_tmol_max,no_sub2A_clash,physical_valid,recovered_B_lt_0.50A,joint_success
probe4c2_B_soft_localized,A_MET112,0,0.6820010542869568,0.5483239889144897,-80.81;-147.73;92.54,g-/t/m+,20.81;32.27;2.54,False,3.0966901943556753,CE--B:ASP114:OD1,5.582899993481664,"CE--sym6[0,0,1]/A:HOH39:O",0.9654125571250916,,57.072723388671875,48.87937927246094,48.688716888427734,8.38400650024414,125.53506088256836,49.34319305419922,655.5672607421875,True,False,False,False
probe4c2_B_soft_localized,A_MET112,1,0.6820010542869568,0.5483239889144897,-80.81;-147.73;92.54,g-/t/m+,20.81;32.27;2.54,False,3.0966901943556753,CE--B:ASP114:OD1,5.582899993481664,"CE--sym6[0,0,1]/A:HOH39:O",0.9654125571250916,,57.072723388671875,48.87937927246094,48.688716888427734,8.38400650024414,125.53506088256836,49.34319305419922,655.5672607421875,True,False,False,False
probe4c2_B_soft_localized,A_MET112,2,0.6820010542869568,0.5483239889144897,-80.81;-147.73;92.54,g-/t/m+,20.81;32.27;2.54,False,3.0966901943556753,CE--B:ASP114:OD1,5.582899993481664,"CE--sym6[0,0,1]/A:HOH39:O",0.9654125571250916,,57.072723388671875,48.87937927246094,48.688716888427734,8.38400650024414,125.53506088256836,49.34319305419922,655.5672607421875,True,False,False,False
probe4c2_B_soft_localized,A_MET112,3,0.6820010542869568,0.5483239889144897,-80.81;-147.73;92.54,g-/t/m+,20.81;32.27;2.54,False,3.0966901943556753,CE--B:ASP114:OD1,5.582899993481664,"CE--sym6[0,0,1]/A:HOH39:O",0.9654125571250916,,57.072723388671875,48.87937927246094,48.688716888427734,8.38400650024414,125.53506088256836,49.34319305419922,655.5672607421875,True,False,False,False
probe4c2_B_soft_localized,A_MET112,4,0.6820010542869568,0.5483239889144897,-80.81;-147.73;92.54,g-/t/m+,20.81;32.27;2.54,False,3.0966901943556753,CE--B:ASP114:OD1,5.582899993481664,"CE--sym6[0,0,1]/A:HOH39:O",0.9654125571250916,,57.072723388671875,48.87937927246094,48.688716888427734,8.38400650024414,125.53506088256836,49.34319305419922,655.5672607421875,True,False,False,False
probe4c2_B_soft_localized,A_MET112,5,0.6820010542869568,0.5483239889144897,-80.81;-147.73;92.54,g-/t/m+,20.81;32.27;2.54,False,3.0966901943556753,CE--B:ASP114:OD1,5.582899993481664,"CE--sym6[0,0,1]/A:HOH39:O",0.9654125571250916,,57.072723388671875,48.87937927246094,48.688716888427734,8.38400650024414,125.53506088256836,49.34319305419922,655.5672607421875,True,False,False,False
probe4c2_B_soft_localized,A_MET112,6,0.6820010542869568,0.5483239889144897,-80.81;-147.73;92.54,g-/t/m+,20.81;32.27;2.54,False,3.0966901943556753,CE--B:ASP114:OD1,5.582899993481664,"CE--sym6[0,0,1]/A:HOH39:O",0.9654125571250916,,57.072723388671875,48.87937927246094,48.688716888427734,8.38400650024414,125.53506088256836,49.34319305419922,655.5672607421875,True,False,False,False
probe4c2_B_soft_localized,A_MET112,7,0.6820010542869568,0.5483239889144897,-80.81;-147.73;92.54,g-/t/m+,20.81;32.27;2.54,False,3.0966901943556753,CE--B:ASP114:OD1,5.582899993481664,"CE--sym6[0,0,1]/A:HOH39:O",0.9654125571250916,,57.072723388671875,48.87937927246094,48.688716888427734,8.38400650024414,125.53506088256836,49.34319305419922,655.5672607421875,True,False,False,False
probe4c2_B_soft_localized,A_MET112,8,0.6820010542869568,0.5483239889144897,-80.81;-147.73;92.54,g-/t/m+,20.81;32.27;2.54,False,3.0966901943556753,CE--B:ASP114:OD1,5.582899993481664,"CE--sym6[0,0,1]/A:HOH39:O",0.9654125571250916,,57.072723388671875,48.87937927246094,48.688716888427734,8.38400650024414,125.53506088256836,49.34319305419922,655.5672607421875,True,False,False,False
probe4c2_B_soft_localized,A_MET112,9,0.6820010542869568,0.5483239889144897,-80.81;-147.73;92.54,g-/t/m+,20.81;32.27;2.54,False,3.0966901943556753,CE--B:ASP114:OD1,5.582899993481664,"CE--sym6[0,0,1]/A:HOH39:O",0.9654125571250916,,57.072723388671875,48.87937927246094,48.688716888427734,8.38400650024414,125.53506088256836,49.34319305419922,655.5672607421875,True,False,False,False
probe4c2_B_soft_localized,A_MET112,10,0.6820010542869568,0.5483239889144897,-80.81;-147.73;92.54,g-/t/m+,20.81;32.27;2.54,False,3.0966901943556753,CE--B:ASP114:OD1,5.582899993481664,"CE--sym6[0,0,1]/A:HOH39:O",0.9654125571250916,,57.072723388671875,48.87937927246094,48.688716888427734,8.38400650024414,125.53506088256836,49.34319305419922,655.5672607421875,True,False,False,False
probe4c2_B_soft_localized,A_MET112,11,0.6820010542869568,0.5483239889144897,-80.81;-147.73;92.54,g-/t/m+,20.81;32.27;2.54,False,3.0966901943556753,CE--B:ASP114:OD1,5.582899993481664,"CE--sym6[0,0,1]/A:HOH39:O",0.9654125571250916,,57.072723388671875,48.87937927246094,48.688716888427734,8.38400650024414,125.53506088256836,49.34319305419922,655.5672607421875,True,False,False,False
probe4c2_B_soft_localized,A_MET112,12,0.6820010542869568,0.5483239889144897,-80.81;-147.73;92.54,g-/t/m+,20.81;32.27;2.54,False,3.0966901943556753,CE--B:ASP114:OD1,5.582899993481664,"CE--sym6[0,0,1]/A:HOH39:O",0.9654125571250916,,57.072723388671875,48.87937927246094,48.688716888427734,8.38400650024414,125.53506088256836,49.34319305419922,655.5672607421875,True,False,False,False
probe4c2_B_soft_localized,A_MET112,13,0.6820010542869568,0.5483239889144897,-80.81;-147.73;92.54,g-/t/m+,20.81;32.27;2.54,False,3.0966901943556753,CE--B:ASP114:OD1,5.582899993481664,"CE--sym6[0,0,1]/A:HOH39:O",0.9654125571250916,,57.072723388671875,48.87937927246094,48.688716888427734,8.38400650024414,125.53506088256836,49.34319305419922,655.5672607421875,True,False,False,False
probe4c2_B_soft_localized,A_MET112,14,0.6820010542869568,0.5483239889144897,-80.81;-147.73;92.54,g-/t/m+,20.81;32.27;2.54,False,3.0966901943556753,CE--B:ASP114:OD1,5.582899993481664,"CE--sym6[0,0,1]/A:HOH39:O",0.9654125571250916,,57.072723388671875,48.87937927246094,48.688716888427734,8.38400650024414,125.53506088256836,49.34319305419922,655.5672607421875,True,False,False,False
probe4c2_B_soft_localized,A_MET112,15,0.6820010542869568,0.5483239889144897,-80.81;-147.73;92.54,g-/t/m+,20.81;32.27;2.54,False,3.0966901943556753,CE--B:ASP114:OD1,5.582899993481664,"CE--sym6[0,0,1]/A:HOH39:O",0.9654125571250916,,57.072723388671875,48.87937927246094,48.688716888427734,8.38400650024414,125.53506088256836,49.34319305419922,655.5672607421875,True,False,False,False
probe4c2_B_soft_localized,A_MET112,16,0.6820010542869568,0.5483239889144897,-80.81;-147.73;92.54,g-/t/m+,20.81;32.27;2.54,False,3.0966901943556753,CE--B:ASP114:OD1,5.582899993481664,"CE--sym6[0,0,1]/A:HOH39:O",0.9654125571250916,,57.072723388671875,48.87937927246094,48.688716888427734,8.38400650024414,125.53506088256836,49.34319305419922,655.5672607421875,True,False,False,False
probe4c2_B_soft_localized,A_MET112,17,0.6820010542869568,0.5483239889144897,-80.81;-147.73;92.54,g-/t/m+,20.81;32.27;2.54,False,3.0966901943556753,CE--B:ASP114:OD1,5.582899993481664,"CE--sym6[0,0,1]/A:HOH39:O",0.9654125571250916,,57.072723388671875,48.87937927246094,48.688716888427734,8.38400650024414,125.53506088256836,49.34319305419922,655.5672607421875,True,False,False,False
probe4c2_B_soft_localized,A_MET112,18,0.6820010542869568,0.5483239889144897,-80.81;-147.73;92.54,g-/t/m+,20.81;32.27;2.54,False,3.0966901943556753,CE--B:ASP114:OD1,5.582899993481664,"CE--sym6[0,0,1]/A:HOH39:O",0.9654125571250916,,57.072723388671875,48.87937927246094,48.688716888427734,8.38400650024414,125.53506088256836,49.34319305419922,655.5672607421875,True,False,False,False
probe4c2_B_soft_localized,A_MET112,19,0.6820010542869568,0.5483239889144897,-80.81;-147.73;92.54,g-/t/m+,20.81;32.27;2.54,False,3.0966901943556753,CE--B:ASP114:OD1,5.582899993481664,"CE--sym6[0,0,1]/A:HOH39:O",0.9654125571250916,,57.072723388671875,48.87937927246094,48.688716888427734,8.38400650024414,125.53506088256836,49.34319305419922,655.5672607421875,True,False,False,False
probe4c2_B_soft_localized,A_MET112,20,0.6820010542869568,0.5483239889144897,-80.81;-147.73;92.54,g-/t/m+,20.81;32.27;2.54,False,3.0966901943556753,CE--B:ASP114:OD1,5.582899993481664,"CE--sym6[0,0,1]/A:HOH39:O",0.9654125571250916,,57.072723388671875,48.87937927246094,48.688716888427734,8.38400650024414,125.53506088256836,49.34319305419922,655.5672607421875,True,False,False,False
probe4c2_B_soft_localized,A_MET112,21,0.6820010542869568,0.5483239889144897,-80.81;-147.73;92.54,g-/t/m+,20.81;32.27;2.54,False,3.0966901943556753,CE--B:ASP114:OD1,5.582899993481664,"CE--sym6[0,0,1]/A:HOH39:O",0.9654125571250916,,57.072723388671875,48.87937927246094,48.688716888427734,8.38400650024414,125.53506088256836,49.34319305419922,655.5672607421875,True,False,False,False
probe4c2_B_soft_localized,A_MET112,22,0.6820010542869568,0.5483239889144897,-80.81;-147.73;92.54,g-/t/m+,20.81;32.27;2.54,False,3.0966901943556753,CE--B:ASP114:OD1,5.582899993481664,"CE--sym6[0,0,1]/A:HOH39:O",0.9654125571250916,,57.072723388671875,48.87937927246094,48.688716888427734,8.38400650024414,125.53506088256836,49.34319305419922,655.5672607421875,True,False,False,False
probe4c2_B_soft_localized,A_MET112,23,0.6820010542869568,0.5483239889144897,-80.81;-147.73;92.54,g-/t/m+,20.81;32.27;2.54,False,3.0966901943556753,CE--B:ASP114:OD1,5.582899993481664,"CE--sym6[0,0,1]/A:HOH39:O",0.9654125571250916,,57.072723388671875,48.87937927246094,48.688716888427734,8.38400650024414,125.53506088256836,49.34319305419922,655.5672607421875,True,False,False,False
probe4c2_B_soft_localized,A_MET112,24,0.6820010542869568,0.5483239889144897,-80.81;-147.73;92.54,g-/t/m+,20.81;32.27;2.54,False,3.0966901943556753,CE--B:ASP114:OD1,5.582899993481664,"CE--sym6[0,0,1]/A:HOH39:O",0.9654125571250916,,57.072723388671875,48.87937927246094,48.688716888427734,8.38400650024414,125.53506088256836,49.34319305419922,655.5672607421875,True,False,False,False
probe4c2_B_soft_localized,A_MET112,25,0.6820010542869568,0.5483239889144897,-80.81;-147.73;92.54,g-/t/m+,20.81;32.27;2.54,False,3.0966901943556753,CE--B:ASP114:OD1,5.582899993481664,"CE--sym6[0,0,1]/A:HOH39:O",0.9654125571250916,,57.072723388671875,48.87937927246094,48.688716888427734,8.38400650024414,125.53506088256836,49.34319305419922,655.5672607421875,True,False,False,False
probe4c2_B_soft_localized,A_MET112,26,0.6820010542869568,0.5483239889144897,-80.81;-147.73;92.54,g-/t/m+,20.81;32.27;2.54,False,3.0966901943556753,CE--B:ASP114:OD1,5.582899993481664,"CE--sym6[0,0,1]/A:HOH39:O",0.9654125571250916,,57.072723388671875,48.87937927246094,48.688716888427734,8.38400650024414,125.53506088256836,49.34319305419922,655.5672607421875,True,False,False,False
probe4c2_B_soft_localized,A_MET112,27,0.6820010542869568,0.5483239889144897,-80.81;-147.73;92.54,g-/t/m+,20.81;32.27;2.54,False,3.0966901943556753,CE--B:ASP114:OD1,5.582899993481664,"CE--sym6[0,0,1]/A:HOH39:O",0.9654125571250916,,57.072723388671875,48.87937927246094,48.688716888427734,8.38400650024414,125.53506088256836,49.34319305419922,655.5672607421875,True,False,False,False
probe4c2_B_soft_localized,A_MET112,28,0.6820010542869568,0.5483239889144897,-80.81;-147.73;92.54,g-/t/m+,20.81;32.27;2.54,False,3.0966901943556753,CE--B:ASP114:OD1,5.582899993481664,"CE--sym6[0,0,1]/A:HOH39:O",0.9654125571250916,,57.072723388671875,48.87937927246094,48.688716888427734,8.38400650024414,125.53506088256836,49.34319305419922,655.5672607421875,True,False,False,False
probe4c2_B_soft_localized,A_MET112,29,0.6820010542869568,0.5483239889144897,-80.81;-147.73;92.54,g-/t/m+,20.81;32.27;2.54,False,3.0966901943556753,CE--B:ASP114:OD1,5.582899993481664,"CE--sym6[0,0,1]/A:HOH39:O",0.9654125571250916,,57.072723388671875,48.87937927246094,48.688716888427734,8.38400650024414,125.53506088256836,49.34319305419922,655.5672607421875,True,False,False,False
probe4c2_B_soft_localized,A_MET112,30,0.6820010542869568,0.5483239889144897,-80.81;-147.73;92.54,g-/t/m+,20.81;32.27;2.54,False,3.0966901943556753,CE--B:ASP114:OD1,5.582899993481664,"CE--sym6[0,0,1]/A:HOH39:O",0.9654125571250916,,57.072723388671875,48.87937927246094,48.688716888427734,8.38400650024414,125.53506088256836,49.34319305419922,655.5672607421875,True,False,False,False
probe4c2_B_soft_localized,A_MET112,31,0.6820010542869568,0.5483239889144897,-80.81;-147.73;92.54,g-/t/m+,20.81;32.27;2.54,False,3.0966901943556753,CE--B:ASP114:OD1,5.582899993481664,"CE--sym6[0,0,1]/A:HOH39:O",0.9654125571250916,,57.072723388671875,48.87937927246094,48.688716888427734,8.38400650024414,125.53506088256836,49.34319305419922,655.5672607421875,True,False,False,False
probe4c2_B_soft_localized,A_MET112,32,0.6820010542869568,0.5483239889144897,-80.81;-147.73;92.54,g-/t/m+,20.81;32.27;2.54,False,3.0966901943556753,CE--B:ASP114:OD1,5.582899993481664,"CE--sym6[0,0,1]/A:HOH39:O",0.9654125571250916,,57.072723388671875,48.87937927246094,48.688716888427734,8.38400650024414,125.53506088256836,49.34319305419922,655.5672607421875,True,False,False,False
probe4c2_B_soft_localized,A_MET112,33,0.6820010542869568,0.5483239889144897,-80.81;-147.73;92.54,g-/t/m+,20.81;32.27;2.54,False,3.0966901943556753,CE--B:ASP114:OD1,5.582899993481664,"CE--sym6[0,0,1]/A:HOH39:O",0.9654125571250916,,57.072723388671875,48.87937927246094,48.688716888427734,8.38400650024414,125.53506088256836,49.34319305419922,655.5672607421875,True,False,False,False
probe4c2_B_soft_localized,A_MET112,34,0.6820010542869568,0.5483239889144897,-80.81;-147.73;92.54,g-/t/m+,20.81;32.27;2.54,False,3.0966901943556753,CE--B:ASP114:OD1,5.582899993481664,"CE--sym6[0,0,1]/A:HOH39:O",0.9654125571250916,,57.072723388671875,48.87937927246094,48.688716888427734,8.38400650024414,125.53506088256836,49.34319305419922,655.5672607421875,True,False,False,False
probe4c2_B_soft_localized,A_MET112,35,0.6820010542869568,0.5483239889144897,-80.81;-147.73;92.54,g-/t/m+,20.81;32.27;2.54,False,3.0966901943556753,CE--B:ASP114:OD1,5.582899993481664,"CE--sym6[0,0,1]/A:HOH39:O",0.9654125571250916,,57.072723388671875,48.87937927246094,48.688716888427734,8.38400650024414,125.53506088256836,49.34319305419922,655.5672607421875,True,False,False,False
probe4c2_B_soft_localized,A_MET112,36,0.6820010542869568,0.5483239889144897,-80.81;-147.73;92.54,g-/t/m+,20.81;32.27;2.54,False,3.0966901943556753,CE--B:ASP114:OD1,5.582899993481664,"CE--sym6[0,0,1]/A:HOH39:O",0.9654125571250916,,57.072723388671875,48.87937927246094,48.688716888427734,8.38400650024414,125.53506088256836,49.34319305419922,655.5672607421875,True,False,False,False
probe4c2_B_soft_localized,A_MET112,37,0.6820010542869568,0.5483239889144897,-80.81;-147.73;92.54,g-/t/m+,20.81;32.27;2.54,False,3.0966901943556753,CE--B:ASP114:OD1,5.582899993481664,"CE--sym6[0,0,1]/A:HOH39:O",0.9654125571250916,,57.072723388671875,48.87937927246094,48.688716888427734,8.38400650024414,125.53506088256836,49.34319305419922,655.5672607421875,True,False,False,False
probe4c2_B_soft_localized,A_MET112,38,0.6820010542869568,0.5483239889144897,-80.81;-147.73;92.54,g-/t/m+,20.81;32.27;2.54,False,3.0966901943556753,CE--B:ASP114:OD1,5.582899993481664,"CE--sym6[0,0,1]/A:HOH39:O",0.9654125571250916,,57.072723388671875,48.87937927246094,48.688716888427734,8.38400650024414,125.53506088256836,49.34319305419922,655.5672607421875,True,False,False,False
probe4c2_B_soft_localized,A_MET112,39,0.6820010542869568,0.5483239889144897,-80.81;-147.73;92.54,g-/t/m+,20.81;32.27;2.54,False,3.0966901943556753,CE--B:ASP114:OD1,5.582899993481664,"CE--sym6[0,0,1]/A:HOH39:O",0.9654125571250916,,57.072723388671875,48.87937927246094,48.688716888427734,8.38400650024414,125.53506088256836,49.34319305419922,655.5672607421875,True,False,False,False
probe4c2_B_soft_localized,A_MET112,40,0.6820010542869568,0.5483239889144897,-80.81;-147.73;92.54,g-/t/m+,20.81;32.27;2.54,False,3.0966901943556753,CE--B:ASP114:OD1,5.582899993481664,"CE--sym6[0,0,1]/A:HOH39:O",0.9654125571250916,,57.072723388671875,48.87937927246094,48.688716888427734,8.38400650024414,125.53506088256836,49.34319305419922,655.5672607421875,True,False,False,False
probe4c2_B_soft_localized,A_MET112,41,0.6820010542869568,0.5483239889144897,-80.81;-147.73;92.54,g-/t/m+,20.81;32.27;2.54,False,3.0966901943556753,CE--B:ASP114:OD1,5.582899993481664,"CE--sym6[0,0,1]/A:HOH39:O",0.9654125571250916,,57.072723388671875,48.87937927246094,48.688716888427734,8.38400650024414,125.53506088256836,49.34319305419922,655.5672607421875,True,False,False,False
probe4c2_B_soft_localized,A_MET112,42,0.6820010542869568,0.5483239889144897,-80.81;-147.73;92.54,g-/t/m+,20.81;32.27;2.54,False,3.0966901943556753,CE--B:ASP114:OD1,5.582899993481664,"CE--sym6[0,0,1]/A:HOH39:O",0.9654125571250916,,57.072723388671875,48.87937927246094,48.688716888427734,8.38400650024414,125.53506088256836,49.34319305419922,655.5672607421875,True,False,False,False
probe4c2_B_soft_localized,A_MET112,43,0.6820010542869568,0.5483239889144897,-80.81;-147.73;92.54,g-/t/m+,20.81;32.27;2.54,False,3.0966901943556753,CE--B:ASP114:OD1,5.582899993481664,"CE--sym6[0,0,1]/A:HOH39:O",0.9654125571250916,,57.072723388671875,48.87937927246094,48.688716888427734,8.38400650024414,125.53506088256836,49.34319305419922,655.5672607421875,True,False,False,False
probe4c2_B_soft_localized,A_MET112,44,0.6820010542869568,0.5483239889144897,-80.81;-147.73;92.54,g-/t/m+,20.81;32.27;2.54,False,3.0966901943556753,CE--B:ASP114:OD1,5.582899993481664,"CE--sym6[0,0,1]/A:HOH39:O",0.9654125571250916,,57.072723388671875,48.87937927246094,48.688716888427734,8.38400650024414,125.53506088256836,49.34319305419922,655.5672607421875,True,False,False,False
probe4c2_B_soft_localized,A_MET112,45,0.6820010542869568,0.5483239889144897,-80.81;-147.73;92.54,g-/t/m+,20.81;32.27;2.54,False,3.0966901943556753,CE--B:ASP114:OD1,5.582899993481664,"CE--sym6[0,0,1]/A:HOH39:O",0.9654125571250916,,57.072723388671875,48.87937927246094,48.688716888427734,8.38400650024414,125.53506088256836,49.34319305419922,655.5672607421875,True,False,False,False
probe4c2_B_soft_localized,A_MET112,46,0.6820010542869568,0.5483239889144897,-80.81;-147.73;92.54,g-/t/m+,20.81;32.27;2.54,False,3.0966901943556753,CE--B:ASP114:OD1,5.582899993481664,"CE--sym6[0,0,1]/A:HOH39:O",0.9654125571250916,,57.072723388671875,48.87937927246094,48.688716888427734,8.38400650024414,125.53506088256836,49.34319305419922,655.5672607421875,True,False,False,False
probe4c2_B_soft_localized,A_MET112,47,0.6820010542869568,0.5483239889144897,-80.81;-147.73;92.54,g-/t/m+,20.81;32.27;2.54,False,3.0966901943556753,CE--B:ASP114:OD1,5.582899993481664,"CE--sym6[0,0,1]/A:HOH39:O",0.9654125571250916,,57.072723388671875,48.87937927246094,48.688716888427734,8.38400650024414,125.53506088256836,49.34319305419922,655.5672607421875,True,False,False,False
probe4c2_B_soft_localized,A_MET112,48,0.6820010542869568,0.5483239889144897,-80.81;-147.73;92.54,g-/t/m+,20.81;32.27;2.54,False,3.0966901943556753,CE--B:ASP114:OD1,5.582899993481664,"CE--sym6[0,0,1]/A:HOH39:O",0.9654125571250916,,57.072723388671875,48.87937927246094,48.688716888427734,8.38400650024414,125.53506088256836,49.34319305419922,655.5672607421875,True,False,False,False
probe4c2_B_soft_localized,A_MET112,49,0.6820010542869568,0.5483239889144897,-80.81;-147.73;92.54,g-/t/m+,20.81;32.27;2.54,False,3.0966901943556753,CE--B:ASP114:OD1,5.582899993481664,"CE--sym6[0,0,1]/A:HOH39:O",0.9654125571250916,,57.072723388671875,48.87937927246094,48.688716888427734,8.38400650024414,125.53506088256836,49.34319305419922,655.5672607421875,True,False,False,False
probe4c2_B_soft_localized,A_ARG129,0,1.1365705728530884,0.9034925103187561,-80.72;136.01;83.12;168.74,g-/t/g+/p180,20.72;43.99;23.12;11.26,False,2.9400129780517847,CD--A:GLU125:O,3.310341187809129,"CG--sym6[-1,0,1]/B:ILE121:CD1",0.6252290606498718,NH1--A:HOH25:O:3.24A;NH1--A:HOH5:O:3.12A;NH2--A:HOH24:O:3.03A,52.56689453125,48.87939453125,53.74132537841797,3.6875,539.5329360961914,49.25828552246094,1806.813232421875,True,False,False,False
probe4c2_B_soft_localized,A_ARG129,1,1.136570692062378,0.9034925103187561,-80.72;136.01;83.12;168.74,g-/t/g+/p-180,20.72;43.99;23.12;11.26,False,2.9400129780517847,CD--A:GLU125:O,3.310341187809129,"CG--sym6[-1,0,1]/B:ILE121:CD1",0.625228226184845,NH1--A:HOH25:O:3.24A;NH1--A:HOH5:O:3.12A;NH2--A:HOH24:O:3.03A,52.56689453125,48.87939453125,53.74132537841797,3.6875,539.5329360961914,49.25828552246094,1806.813232421875,True,False,False,False
probe4c2_B_soft_localized,A_ARG129,2,1.1365702152252197,0.9034925103187561,-80.72;136.01;83.12;168.74,g-/t/g+/p180,20.72;43.99;23.12;11.26,False,2.9400129780517847,CD--A:GLU125:O,3.310341187809129,"CG--sym6[-1,0,1]/B:ILE121:CD1",0.6252285838127136,NH1--A:HOH25:O:3.24A;NH1--A:HOH5:O:3.12A;NH2--A:HOH24:O:3.03A,52.56689453125,48.87939453125,53.74132537841797,3.6875,539.5329360961914,49.25828552246094,1806.813232421875,True,False,False,False
probe4c2_B_soft_localized,A_ARG129,3,1.1365699768066406,0.9034923315048218,-80.72;136.01;83.12;168.74,g-/t/g+/p-180,20.72;43.99;23.12;11.26,False,2.9400129780517847,CD--A:GLU125:O,3.310341187809129,"CG--sym6[-1,0,1]/B:ILE121:CD1",0.6252294182777405,NH1--A:HOH25:O:3.24A;NH1--A:HOH5:O:3.12A;NH2--A:HOH24:O:3.03A,52.56689453125,48.87939453125,53.74132537841797,3.6875,539.5329360961914,49.25828552246094,1806.813232421875,True,False,False,False
probe4c2_B_soft_localized,A_ARG129,4,1.1365699768066406,0.9034923315048218,-80.72;136.01;83.12;168.74,g-/t/g+/p180,20.72;43.99;23.12;11.26,False,2.9400129780517847,CD--A:GLU125:O,3.310341187809129,"CG--sym6[-1,0,1]/B:ILE121:CD1",0.62522953748703,NH1--A:HOH25:O:3.24A;NH1--A:HOH5:O:3.12A;NH2--A:HOH24:O:3.03A,52.56689453125,48.87939453125,53.74132537841797,3.6875,539.5329360961914,49.25828552246094,1806.813232421875,True,False,False,False
probe4c2_B_soft_localized,A_ARG129,5,1.1365702152252197,0.9034925103187561,-80.72;136.01;83.12;168.74,g-/t/g+/p180,20.72;43.99;23.12;11.26,False,2.9400129780517847,CD--A:GLU125:O,3.310341187809129,"CG--sym6[-1,0,1]/B:ILE121:CD1",0.625228226184845,NH1--A:HOH25:O:3.24A;NH1--A:HOH5:O:3.12A;NH2--A:HOH24:O:3.03A,52.56689453125,48.87939453125,53.74132537841797,3.6875,539.5329360961914,49.25828552246094,1806.813232421875,True,False,False,False
probe4c2_B_soft_localized,A_ARG129,6,1.1365717649459839,0.9034898281097412,-80.72;136.01;83.12;168.74,g-/t/g+/p-180,20.72;43.99;23.12;11.26,False,2.940013347216489,CD--A:GLU125:O,3.310341915001647,"CG--sym6[-1,0,1]/B:ILE121:CD1",0.6252282857894897,NH1--A:HOH25:O:3.24A;NH1--A:HOH5:O:3.12A;NH2--A:HOH24:O:3.03A,52.56689453125,48.87939453125,53.74132537841797,3.6875,539.5329360961914,49.25828552246094,1806.813232421875,True,False,False,False
probe4c2_B_soft_localized,A_ARG129,7,1.1365712881088257,0.9034895300865173,-80.72;136.01;83.12;168.74,g-/t/g+/p-180,20.72;43.99;23.12;11.26,False,2.940013347216489,CD--A:GLU125:O,3.310341915001647,"CG--sym6[-1,0,1]/B:ILE121:CD1",0.6252285838127136,NH1--A:HOH25:O:3.24A;NH1--A:HOH5:O:3.12A;NH2--A:HOH24:O:3.03A,52.56689453125,48.87939453125,53.74132537841797,3.6875,539.5329360961914,49.25828552246094,1806.813232421875,True,False,False,False
probe4c2_B_soft_localized,A_ARG129,8,1.1365717649459839,0.9034898281097412,-80.72;136.01;83.12;168.74,g-/t/g+/p-180,20.72;43.99;23.12;11.26,False,2.940013347216489,CD--A:GLU125:O,3.310341915001647,"CG--sym6[-1,0,1]/B:ILE121:CD1",0.6252282857894897,NH1--A:HOH25:O:3.24A;NH1--A:HOH5:O:3.12A;NH2--A:HOH24:O:3.03A,52.56689453125,48.87939453125,53.74132537841797,3.6875,539.5329360961914,49.25828552246094,1806.813232421875,True,False,False,False
probe4c2_B_soft_localized,A_ARG129,9,1.1365712881088257,0.9034895896911621,-80.72;136.01;83.12;168.74,g-/t/g+/p-180,20.72;43.99;23.12;11.26,False,2.940013347216489,CD--A:GLU125:O,3.310341915001647,"CG--sym6[-1,0,1]/B:ILE121:CD1",0.6252285838127136,NH1--A:HOH25:O:3.24A;NH1--A:HOH5:O:3.12A;NH2--A:HOH24:O:3.03A,52.56689453125,48.87939453125,53.74132537841797,3.6875,539.5329360961914,49.25828552246094,1806.813232421875,True,False,False,False
probe4c2_B_soft_localized,A_ARG129,10,1.1365717649459839,0.9034897685050964,-80.72;136.01;83.12;168.74,g-/t/g+/p-180,20.72;43.99;23.12;11.26,False,2.940013347216489,CD--A:GLU125:O,3.310341915001647,"CG--sym6[-1,0,1]/B:ILE121:CD1",0.6252288222312927,NH1--A:HOH25:O:3.24A;NH1--A:HOH5:O:3.12A;NH2--A:HOH24:O:3.03A,52.56689453125,48.87939453125,53.74132537841797,3.6875,539.5329360961914,49.25828552246094,1806.813232421875,True,False,False,False
probe4c2_B_soft_localized,A_ARG129,11,1.1365712881088257,0.9034895896911621,-80.72;136.01;83.12;168.74,g-/t/g+/p-180,20.72;43.99;23.12;11.26,False,2.940013347216489,CD--A:GLU125:O,3.310341915001647,"CG--sym6[-1,0,1]/B:ILE121:CD1",0.625228762626648,NH1--A:HOH25:O:3.24A;NH1--A:HOH5:O:3.12A;NH2--A:HOH24:O:3.03A,52.56689453125,48.87939453125,53.74132537841797,3.6875,539.5329360961914,49.25828552246094,1806.813232421875,True,False,False,False
probe4c2_B_soft_localized,A_ARG129,12,1.1365702152252197,0.9034925103187561,-80.72;136.01;83.12;168.74,g-/t/g+/p180,20.72;43.99;23.12;11.26,False,2.9400129780517847,CD--A:GLU125:O,3.310341187809129,"CG--sym6[-1,0,1]/B:ILE121:CD1",0.625228226184845,NH1--A:HOH25:O:3.24A;NH1--A:HOH5:O:3.12A;NH2--A:HOH24:O:3.03A,52.56689453125,48.87939453125,53.74132537841797,3.6875,539.5329360961914,49.25828552246094,1806.813232421875,True,False,False,False
probe4c2_B_soft_localized,A_ARG129,13,1.1365704536437988,0.9034925699234009,-80.72;136.01;83.12;168.74,g-/t/g+/p180,20.72;43.99;23.12;11.26,False,2.9400129780517847,CD--A:GLU125:O,3.310341187809129,"CG--sym6[-1,0,1]/B:ILE121:CD1",0.6252285242080688,NH1--A:HOH25:O:3.24A;NH1--A:HOH5:O:3.12A;NH2--A:HOH24:O:3.03A,52.56689453125,48.87939453125,53.74132537841797,3.6875,539.5329360961914,49.25828552246094,1806.813232421875,True,False,False,False
probe4c2_B_soft_localized,A_ARG129,14,1.1365712881088257,0.9034895896911621,-80.72;136.01;83.12;168.74,g-/t/g+/p-180,20.72;43.99;23.12;11.26,False,2.940013347216489,CD--A:GLU125:O,3.310341915001647,"CG--sym6[-1,0,1]/B:ILE121:CD1",0.625228762626648,NH1--A:HOH25:O:3.24A;NH1--A:HOH5:O:3.12A;NH2--A:HOH24:O:3.03A,52.56689453125,48.87939453125,53.74132537841797,3.6875,539.5329360961914,49.25828552246094,1806.813232421875,True,False,False,False
probe4c2_B_soft_localized,A_ARG129,15,1.1365712881088257,0.9034895896911621,-80.72;136.01;83.12;168.74,g-/t/g+/p-180,20.72;43.99;23.12;11.26,False,2.940013347216489,CD--A:GLU125:O,3.310341915001647,"CG--sym6[-1,0,1]/B:ILE121:CD1",0.6252285838127136,NH1--A:HOH25:O:3.24A;NH1--A:HOH5:O:3.12A;NH2--A:HOH24:O:3.03A,52.56689453125,48.87939453125,53.74132537841797,3.6875,539.5329360961914,49.25828552246094,1806.813232421875,True,False,False,False
probe4c2_B_soft_localized,A_ARG129,16,1.1365699768066406,0.9034923315048218,-80.72;136.01;83.12;168.74,g-/t/g+/p180,20.72;43.99;23.12;11.26,False,2.9400129780517847,CD--A:GLU125:O,3.310341187809129,"CG--sym6[-1,0,1]/B:ILE121:CD1",0.62522953748703,NH1--A:HOH25:O:3.24A;NH1--A:HOH5:O:3.12A;NH2--A:HOH24:O:3.03A,52.56689453125,48.87939453125,53.74132537841797,3.6875,539.5329360961914,49.25828552246094,1806.813232421875,True,False,False,False
probe4c2_B_soft_localized,A_ARG129,17,1.1365705728530884,0.9034925103187561,-80.72;136.01;83.12;168.74,g-/t/g+/p180,20.72;43.99;23.12;11.26,False,2.9400129780517847,CD--A:GLU125:O,3.310341187809129,"CG--sym6[-1,0,1]/B:ILE121:CD1",0.6252285242080688,NH1--A:HOH25:O:3.24A;NH1--A:HOH5:O:3.12A;NH2--A:HOH24:O:3.03A,52.56689453125,48.87939453125,53.74132537841797,3.6875,539.5329360961914,49.25828552246094,1806.813232421875,True,False,False,False
probe4c2_B_soft_localized,A_ARG129,18,1.1365702152252197,0.9034925103187561,-80.72;136.01;83.12;168.74,g-/t/g+/p180,20.72;43.99;23.12;11.26,False,2.9400129780517847,CD--A:GLU125:O,3.310341187809129,"CG--sym6[-1,0,1]/B:ILE121:CD1",0.6252285838127136,NH1--A:HOH25:O:3.24A;NH1--A:HOH5:O:3.12A;NH2--A:HOH24:O:3.03A,52.56689453125,48.87939453125,53.74132537841797,3.6875,539.5329360961914,49.25828552246094,1806.813232421875,True,False,False,False
probe4c2_B_soft_localized,A_ARG129,19,1.1365699768066406,0.9034923315048218,-80.72;136.01;83.12;168.74,g-/t/g+/p-180,20.72;43.99;23.12;11.26,False,2.9400129780517847,CD--A:GLU125:O,3.310341187809129,"CG--sym6[-1,0,1]/B:ILE121:CD1",0.625228226184845,NH1--A:HOH25:O:3.24A;NH1--A:HOH5:O:3.12A;NH2--A:HOH24:O:3.03A,52.56689453125,48.87939453125,53.74132537841797,3.6875,539.5329360961914,49.25828552246094,1806.813232421875,True,False,False,False
probe4c2_B_soft_localized,A_ARG129,20,1.1365718841552734,0.9034898281097412,-80.72;136.01;83.12;168.74,g-/t/g+/p-180,20.72;43.99;23.12;11.26,False,2.940014636288489,CD--A:GLU125:O,3.310341786535649,"CG--sym6[-1,0,1]/B:ILE121:CD1",0.6252290606498718,NH1--A:HOH25:O:3.24A;NH1--A:HOH5:O:3.12A;NH2--A:HOH24:O:3.03A,52.56689453125,48.87939453125,53.74132537841797,3.6875,539.5329360961914,49.25828552246094,1806.813232421875,True,False,False,False
probe4c2_B_soft_localized,A_ARG129,21,1.1365712881088257,0.9034895896911621,-80.72;136.01;83.12;168.74,g-/t/g+/p-180,20.72;43.99;23.12;11.26,False,2.940013347216489,CD--A:GLU125:O,3.310341915001647,"CG--sym6[-1,0,1]/B:ILE121:CD1",0.6252290606498718,NH1--A:HOH25:O:3.24A;NH1--A:HOH5:O:3.12A;NH2--A:HOH24:O:3.03A,52.56689453125,48.87939453125,53.74132537841797,3.6875,539.5329360961914,49.25828552246094,1806.813232421875,True,False,False,False
probe4c2_B_soft_localized,A_ARG129,22,1.1365715265274048,0.9034897089004517,-80.72;136.01;83.12;168.74,g-/t/g+/p180,20.72;43.99;23.12;11.26,False,2.940013347216489,CD--A:GLU125:O,3.310341915001647,"CG--sym6[-1,0,1]/B:ILE121:CD1",0.6252280473709106,NH1--A:HOH25:O:3.24A;NH1--A:HOH5:O:3.12A;NH2--A:HOH24:O:3.03A,52.56689453125,48.87939453125,53.74132537841797,3.6875,539.5329360961914,49.25828552246094,1806.813232421875,True,False,False,False
probe4c2_B_soft_localized,A_ARG129,23,1.1365699768066406,0.9034923315048218,-80.72;136.01;83.12;168.74,g-/t/g+/p-180,20.72;43.99;23.12;11.26,False,2.9400129780517847,CD--A:GLU125:O,3.310341187809129,"CG--sym6[-1,0,1]/B:ILE121:CD1",0.6252292394638062,NH1--A:HOH25:O:3.24A;NH1--A:HOH5:O:3.12A;NH2--A:HOH24:O:3.03A,52.56689453125,48.87939453125,53.74132537841797,3.6875,539.5329360961914,49.25828552246094,1806.813232421875,True,False,False,False
probe4c2_B_soft_localized,A_ARG129,24,1.1365699768066406,0.9034923315048218,-80.72;136.01;83.12;168.74,g-/t/g+/p-180,20.72;43.99;23.12;11.26,False,2.9400129780517847,CD--A:GLU125:O,3.310341187809129,"CG--sym6[-1,0,1]/B:ILE121:CD1",0.6252294182777405,NH1--A:HOH25:O:3.24A;NH1--A:HOH5:O:3.12A;NH2--A:HOH24:O:3.03A,52.56689453125,48.87939453125,53.74132537841797,3.6875,539.5329360961914,49.25828552246094,1806.813232421875,True,False,False,False
probe4c2_B_soft_localized,A_ARG129,25,1.1365705728530884,0.9034925103187561,-80.72;136.01;83.12;168.74,g-/t/g+/p180,20.72;43.99;23.12;11.26,False,2.9400129780517847,CD--A:GLU125:O,3.310341187809129,"CG--sym6[-1,0,1]/B:ILE121:CD1",0.6252285242080688,NH1--A:HOH25:O:3.24A;NH1--A:HOH5:O:3.12A;NH2--A:HOH24:O:3.03A,52.56689453125,48.87939453125,53.74132537841797,3.6875,539.5329360961914,49.25828552246094,1806.813232421875,True,False,False,False
probe4c2_B_soft_localized,A_ARG129,26,1.1365705728530884,0.9034925103187561,-80.72;136.01;83.12;168.74,g-/t/g+/p180,20.72;43.99;23.12;11.26,False,2.9400129780517847,CD--A:GLU125:O,3.310341187809129,"CG--sym6[-1,0,1]/B:ILE121:CD1",0.6252291798591614,NH1--A:HOH25:O:3.24A;NH1--A:HOH5:O:3.12A;NH2--A:HOH24:O:3.03A,52.56689453125,48.87939453125,53.74132537841797,3.6875,539.5329360961914,49.25828552246094,1806.813232421875,True,False,False,False
probe4c2_B_soft_localized,A_ARG129,27,1.1365725994110107,0.903489887714386,-80.72;136.01;83.12;168.74,g-/t/g+/p-180,20.72;43.99;23.12;11.26,False,2.940013347216489,CD--A:GLU125:O,3.310341915001647,"CG--sym6[-1,0,1]/B:ILE121:CD1",0.6252257227897644,NH1--A:HOH25:O:3.24A;NH1--A:HOH5:O:3.12A;NH2--A:HOH24:O:3.03A,52.56689453125,48.87939453125,53.74132537841797,3.6875,539.5329360961914,49.25828552246094,1806.813232421875,True,False,False,False
probe4c2_B_soft_localized,A_ARG129,28,1.1365705728530884,0.9034925103187561,-80.72;136.01;83.12;168.74,g-/t/g+/p180,20.72;43.99;23.12;11.26,False,2.9400129780517847,CD--A:GLU125:O,3.310341187809129,"CG--sym6[-1,0,1]/B:ILE121:CD1",0.6252285242080688,NH1--A:HOH25:O:3.24A;NH1--A:HOH5:O:3.12A;NH2--A:HOH24:O:3.03A,52.56689453125,48.87939453125,53.74132537841797,3.6875,539.5329360961914,49.25828552246094,1806.813232421875,True,False,False,False
probe4c2_B_soft_localized,A_ARG129,29,1.1365717649459839,0.9034897685050964,-80.72;136.01;83.12;168.74,g-/t/g+/p-180,20.72;43.99;23.12;11.26,False,2.940013347216489,CD--A:GLU125:O,3.310341915001647,"CG--sym6[-1,0,1]/B:ILE121:CD1",0.6252288222312927,NH1--A:HOH25:O:3.24A;NH1--A:HOH5:O:3.12A;NH2--A:HOH24:O:3.03A,52.56689453125,48.87939453125,53.74132537841797,3.6875,539.5329360961914,49.25828552246094,1806.813232421875,True,False,False,False
probe4c2_B_soft_localized,A_ARG129,30,1.1365716457366943,0.9034897685050964,-80.72;136.01;83.12;168.74,g-/t/g+/p180,20.72;43.99;23.12;11.26,False,2.940013347216489,CD--A:GLU125:O,3.310341915001647,"CG--sym6[-1,0,1]/B:ILE121:CD1",0.6252278089523315,NH1--A:HOH25:O:3.24A;NH1--A:HOH5:O:3.12A;NH2--A:HOH24:O:3.03A,52.56689453125,48.87939453125,53.74132537841797,3.6875,539.5329360961914,49.25828552246094,1806.813232421875,True,False,False,False
probe4c2_B_soft_localized,A_ARG129,31,1.136570930480957,0.9034895300865173,-80.72;136.01;83.12;168.74,g-/t/g+/p-180,20.72;43.99;23.12;11.26,False,2.940013347216489,CD--A:GLU125:O,3.310341915001647,"CG--sym6[-1,0,1]/B:ILE121:CD1",0.6252304315567017,NH1--A:HOH25:O:3.24A;NH1--A:HOH5:O:3.12A;NH2--A:HOH24:O:3.03A,52.56689453125,48.87939453125,53.74132537841797,3.6875,539.5329360961914,49.25828552246094,1806.813232421875,True,False,False,False
probe4c2_B_soft_localized,A_ARG129,32,1.1365702152252197,0.9034925103187561,-80.72;136.01;83.12;168.74,g-/t/g+/p180,20.72;43.99;23.12;11.26,False,2.9400129780517847,CD--A:GLU125:O,3.310341187809129,"CG--sym6[-1,0,1]/B:ILE121:CD1",0.625228226184845,NH1--A:HOH25:O:3.24A;NH1--A:HOH5:O:3.12A;NH2--A:HOH24:O:3.03A,52.56689453125,48.87939453125,53.74132537841797,3.6875,539.5329360961914,49.25828552246094,1806.813232421875,True,False,False,False
probe4c2_B_soft_localized,A_ARG129,33,1.1365702152252197,0.9034925103187561,-80.72;136.01;83.12;168.74,g-/t/g+/p180,20.72;43.99;23.12;11.26,False,2.9400129780517847,CD--A:GLU125:O,3.310341187809129,"CG--sym6[-1,0,1]/B:ILE121:CD1",0.6252280473709106,NH1--A:HOH25:O:3.24A;NH1--A:HOH5:O:3.12A;NH2--A:HOH24:O:3.03A,52.56689453125,48.87939453125,53.74132537841797,3.6875,539.5329360961914,49.25828552246094,1806.813232421875,True,False,False,False
probe4c2_B_soft_localized,A_ARG129,34,1.1365715265274048,0.9034896492958069,-80.72;136.01;83.12;168.74,g-/t/g+/p180,20.72;43.99;23.12;11.26,False,2.940013347216489,CD--A:GLU125:O,3.310341915001647,"CG--sym6[-1,0,1]/B:ILE121:CD1",0.6252276301383972,NH1--A:HOH25:O:3.24A;NH1--A:HOH5:O:3.12A;NH2--A:HOH24:O:3.03A,52.56689453125,48.87939453125,53.74132537841797,3.6875,539.5329360961914,49.25828552246094,1806.813232421875,True,False,False,False
probe4c2_B_soft_localized,A_ARG129,35,1.1365705728530884,0.9034925103187561,-80.72;136.01;83.12;168.74,g-/t/g+/p180,20.72;43.99;23.12;11.26,False,2.9400129780517847,CD--A:GLU125:O,3.310341187809129,"CG--sym6[-1,0,1]/B:ILE121:CD1",0.6252291798591614,NH1--A:HOH25:O:3.24A;NH1--A:HOH5:O:3.12A;NH2--A:HOH24:O:3.03A,52.56689453125,48.87939453125,53.74132537841797,3.6875,539.5329360961914,49.25828552246094,1806.813232421875,True,False,False,False
probe4c2_B_soft_localized,A_ARG129,36,1.1365705728530884,0.9034925699234009,-80.72;136.01;83.12;168.74,g-/t/g+/p180,20.72;43.99;23.12;11.26,False,2.9400129780517847,CD--A:GLU125:O,3.310341187809129,"CG--sym6[-1,0,1]/B:ILE121:CD1",0.6252290606498718,NH1--A:HOH25:O:3.24A;NH1--A:HOH5:O:3.12A;NH2--A:HOH24:O:3.03A,52.56689453125,48.87939453125,53.74132537841797,3.6875,539.5329360961914,49.25828552246094,1806.813232421875,True,False,False,False
probe4c2_B_soft_localized,A_ARG129,37,1.1365699768066406,0.9034923315048218,-80.72;136.01;83.12;168.74,g-/t/g+/p180,20.72;43.99;23.12;11.26,False,2.9400129780517847,CD--A:GLU125:O,3.310341187809129,"CG--sym6[-1,0,1]/B:ILE121:CD1",0.6252285838127136,NH1--A:HOH25:O:3.24A;NH1--A:HOH5:O:3.12A;NH2--A:HOH24:O:3.03A,52.56689453125,48.87939453125,53.74132537841797,3.6875,539.5329360961914,49.25828552246094,1806.813232421875,True,False,False,False
probe4c2_B_soft_localized,A_ARG129,38,1.1365699768066406,0.9034923315048218,-80.72;136.01;83.12;168.74,g-/t/g+/p180,20.72;43.99;23.12;11.26,False,2.9400129780517847,CD--A:GLU125:O,3.310341187809129,"CG--sym6[-1,0,1]/B:ILE121:CD1",0.6252294182777405,NH1--A:HOH25:O:3.24A;NH1--A:HOH5:O:3.12A;NH2--A:HOH24:O:3.03A,52.56689453125,48.87939453125,53.74132537841797,3.6875,539.5329360961914,49.25828552246094,1806.813232421875,True,False,False,False
probe4c2_B_soft_localized,A_ARG129,39,1.1365717649459839,0.9034897685050964,-80.72;136.01;83.12;168.74,g-/t/g+/p-180,20.72;43.99;23.12;11.26,False,2.940013347216489,CD--A:GLU125:O,3.310341915001647,"CG--sym6[-1,0,1]/B:ILE121:CD1",0.6252288222312927,NH1--A:HOH25:O:3.24A;NH1--A:HOH5:O:3.12A;NH2--A:HOH24:O:3.03A,52.56689453125,48.87939453125,53.74132537841797,3.6875,539.5329360961914,49.25828552246094,1806.813232421875,True,False,False,False
probe4c2_B_soft_localized,A_ARG129,40,1.1365705728530884,0.9034925103187561,-80.72;136.01;83.12;168.74,g-/t/g+/p180,20.72;43.99;23.12;11.26,False,2.9400129780517847,CD--A:GLU125:O,3.310341187809129,"CG--sym6[-1,0,1]/B:ILE121:CD1",0.6252290606498718,NH1--A:HOH25:O:3.24A;NH1--A:HOH5:O:3.12A;NH2--A:HOH24:O:3.03A,52.56689453125,48.87939453125,53.74132537841797,3.6875,539.5329360961914,49.25828552246094,1806.813232421875,True,False,False,False
probe4c2_B_soft_localized,A_ARG129,41,1.1365710496902466,0.9034894704818726,-80.72;136.01;83.12;168.74,g-/t/g+/p-180,20.72;43.99;23.12;11.26,False,2.940013347216489,CD--A:GLU125:O,3.310341915001647,"CG--sym6[-1,0,1]/B:ILE121:CD1",0.6252301335334778,NH1--A:HOH25:O:3.24A;NH1--A:HOH5:O:3.12A;NH2--A:HOH24:O:3.03A,52.56689453125,48.87939453125,53.74132537841797,3.6875,539.5329360961914,49.25828552246094,1806.813232421875,True,False,False,False
probe4c2_B_soft_localized,A_ARG129,42,1.1365702152252197,0.9034925103187561,-80.72;136.01;83.12;168.74,g-/t/g+/p180,20.72;43.99;23.12;11.26,False,2.9400129780517847,CD--A:GLU125:O,3.310341187809129,"CG--sym6[-1,0,1]/B:ILE121:CD1",0.6252280473709106,NH1--A:HOH25:O:3.24A;NH1--A:HOH5:O:3.12A;NH2--A:HOH24:O:3.03A,52.56689453125,48.87939453125,53.74132537841797,3.6875,539.5329360961914,49.25828552246094,1806.813232421875,True,False,False,False
probe4c2_B_soft_localized,A_ARG129,43,1.1365705728530884,0.9034925103187561,-80.72;136.01;83.12;168.74,g-/t/g+/p180,20.72;43.99;23.12;11.26,False,2.9400129780517847,CD--A:GLU125:O,3.310341187809129,"CG--sym6[-1,0,1]/B:ILE121:CD1",0.6252291798591614,NH1--A:HOH25:O:3.24A;NH1--A:HOH5:O:3.12A;NH2--A:HOH24:O:3.03A,52.56689453125,48.87939453125,53.74132537841797,3.6875,539.5329360961914,49.25828552246094,1806.813232421875,True,False,False,False
probe4c2_B_soft_localized,A_ARG129,44,1.1365712881088257,0.9034895300865173,-80.72;136.01;83.12;168.74,g-/t/g+/p-180,20.72;43.99;23.12;11.26,False,2.940013347216489,CD--A:GLU125:O,3.310341915001647,"CG--sym6[-1,0,1]/B:ILE121:CD1",0.6252285838127136,NH1--A:HOH25:O:3.24A;NH1--A:HOH5:O:3.12A;NH2--A:HOH24:O:3.03A,52.56689453125,48.87939453125,53.74132537841797,3.6875,539.5329360961914,49.25828552246094,1806.813232421875,True,False,False,False
probe4c2_B_soft_localized,A_ARG129,45,1.1365712881088257,0.9034895300865173,-80.72;136.01;83.12;168.74,g-/t/g+/p-180,20.72;43.99;23.12;11.26,False,2.940013347216489,CD--A:GLU125:O,3.310341915001647,"CG--sym6[-1,0,1]/B:ILE121:CD1",0.6252285838127136,NH1--A:HOH25:O:3.24A;NH1--A:HOH5:O:3.12A;NH2--A:HOH24:O:3.03A,52.56689453125,48.87939453125,53.74132537841797,3.6875,539.5329360961914,49.25828552246094,1806.813232421875,True,False,False,False
probe4c2_B_soft_localized,A_ARG129,46,1.1365705728530884,0.9034925103187561,-80.72;136.01;83.12;168.74,g-/t/g+/p180,20.72;43.99;23.12;11.26,False,2.9400129780517847,CD--A:GLU125:O,3.310341187809129,"CG--sym6[-1,0,1]/B:ILE121:CD1",0.6252285242080688,NH1--A:HOH25:O:3.24A;NH1--A:HOH5:O:3.12A;NH2--A:HOH24:O:3.03A,52.56689453125,48.87939453125,53.74132537841797,3.6875,539.5329360961914,49.25828552246094,1806.813232421875,True,False,False,False
probe4c2_B_soft_localized,A_ARG129,47,1.1365712881088257,0.9034895300865173,-80.72;136.01;83.12;168.74,g-/t/g+/p-180,20.72;43.99;23.12;11.26,False,2.940013347216489,CD--A:GLU125:O,3.310341915001647,"CG--sym6[-1,0,1]/B:ILE121:CD1",0.6252285838127136,NH1--A:HOH25:O:3.24A;NH1--A:HOH5:O:3.12A;NH2--A:HOH24:O:3.03A,52.56689453125,48.87939453125,53.74132537841797,3.6875,539.5329360961914,49.25828552246094,1806.813232421875,True,False,False,False
probe4c2_B_soft_localized,A_ARG129,48,1.1365699768066406,0.9034923315048218,-80.72;136.01;83.12;168.74,g-/t/g+/p-180,20.72;43.99;23.12;11.26,False,2.9400129780517847,CD--A:GLU125:O,3.310341187809129,"CG--sym6[-1,0,1]/B:ILE121:CD1",0.6252292394638062,NH1--A:HOH25:O:3.24A;NH1--A:HOH5:O:3.12A;NH2--A:HOH24:O:3.03A,52.56689453125,48.87939453125,53.74132537841797,3.6875,539.5329360961914,49.25828552246094,1806.813232421875,True,False,False,False
probe4c2_B_soft_localized,A_ARG129,49,1.1365705728530884,0.9034925103187561,-80.72;136.01;83.12;168.74,g-/t/g+/p180,20.72;43.99;23.12;11.26,False,2.9400129780517847,CD--A:GLU125:O,3.310341187809129,"CG--sym6[-1,0,1]/B:ILE121:CD1",0.6252291798591614,NH1--A:HOH25:O:3.24A;NH1--A:HOH5:O:3.12A;NH2--A:HOH24:O:3.03A,52.56689453125,48.87939453125,53.74132537841797,3.6875,539.5329360961914,49.25828552246094,1806.813232421875,True,False,False,False
probe4c2_B_soft_localized,B_MET112,0,0.4234587848186493,0.9561200141906738,-63.08;158.22;84.99,g-/t/m+,3.08;21.78;5.01,True,3.0843139640824013,CB--B:ILE113:N,3.142600884418033,"CE--sym1[1,1,0]/A:LEU110:CD1",1.8924814462661743,,27.02654266357422,25.182567596435547,26.873756408691406,1.8439750671386719,86.76152687072754,24.904254913330078,333.29803466796875,True,True,False,False
probe4c2_B_soft_localized,B_MET112,1,0.4234587848186493,0.9561200141906738,-63.08;158.22;84.99,g-/t/m+,3.08;21.78;5.01,True,3.0843139640824013,CB--B:ILE113:N,3.142600884418033,"CE--sym1[1,1,0]/A:LEU110:CD1",1.8924814462661743,,27.02654266357422,25.182567596435547,26.873756408691406,1.8439750671386719,86.76152687072754,24.904254913330078,333.29803466796875,True,True,False,False
probe4c2_B_soft_localized,B_MET112,2,0.4234587848186493,0.9561200141906738,-63.08;158.22;84.99,g-/t/m+,3.08;21.78;5.01,True,3.0843139640824013,CB--B:ILE113:N,3.142600884418033,"CE--sym1[1,1,0]/A:LEU110:CD1",1.8924814462661743,,27.02654266357422,25.182567596435547,26.873756408691406,1.8439750671386719,86.76152687072754,24.904254913330078,333.29803466796875,True,True,False,False
probe4c2_B_soft_localized,B_MET112,3,0.4234587550163269,0.956119954586029,-63.08;158.22;84.99,g-/t/m+,3.08;21.78;5.01,True,3.0843139640824013,CB--B:ILE113:N,3.1426002447684875,"CE--sym1[1,1,0]/A:LEU110:CD1",1.8924814462661743,,27.02654266357422,25.182567596435547,26.873756408691406,1.8439750671386719,86.76152687072754,24.904254913330078,333.29803466796875,True,True,False,False
probe4c2_B_soft_localized,B_MET112,4,0.4234587848186493,0.9561200141906738,-63.08;158.22;84.99,g-/t/m+,3.08;21.78;5.01,True,3.0843139640824013,CB--B:ILE113:N,3.142600884418033,"CE--sym1[1,1,0]/A:LEU110:CD1",1.8924814462661743,,27.02654266357422,25.182567596435547,26.873756408691406,1.8439750671386719,86.76152687072754,24.904254913330078,333.29803466796875,True,True,False,False
probe4c2_B_soft_localized,B_MET112,5,0.4234587848186493,0.9561200141906738,-63.08;158.22;84.99,g-/t/m+,3.08;21.78;5.01,True,3.0843139640824013,CB--B:ILE113:N,3.142600884418033,"CE--sym1[1,1,0]/A:LEU110:CD1",1.8924814462661743,,27.02654266357422,25.182567596435547,26.873756408691406,1.8439750671386719,86.76152687072754,24.904254913330078,333.29803466796875,True,True,False,False
probe4c2_B_soft_localized,B_MET112,6,0.4234587848186493,0.9561200141906738,-63.08;158.22;84.99,g-/t/m+,3.08;21.78;5.01,True,3.0843139640824013,CB--B:ILE113:N,3.142600884418033,"CE--sym1[1,1,0]/A:LEU110:CD1",1.8924814462661743,,27.02654266357422,25.182567596435547,26.873756408691406,1.8439750671386719,86.76152687072754,24.904254913330078,333.29803466796875,True,True,False,False
probe4c2_B_soft_localized,B_MET112,7,0.4234587848186493,0.9561200141906738,-63.08;158.22;84.99,g-/t/m+,3.08;21.78;5.01,True,3.0843139640824013,CB--B:ILE113:N,3.142600884418033,"CE--sym1[1,1,0]/A:LEU110:CD1",1.8924814462661743,,27.02654266357422,25.182567596435547,26.873756408691406,1.8439750671386719,86.76152687072754,24.904254913330078,333.29803466796875,True,True,False,False
probe4c2_B_soft_localized,B_MET112,8,0.4234587848186493,0.9561200141906738,-63.08;158.22;84.99,g-/t/m+,3.08;21.78;5.01,True,3.0843139640824013,CB--B:ILE113:N,3.142600884418033,"CE--sym1[1,1,0]/A:LEU110:CD1",1.8924814462661743,,27.02654266357422,25.182567596435547,26.873756408691406,1.8439750671386719,86.76152687072754,24.904254913330078,333.29803466796875,True,True,False,False
probe4c2_B_soft_localized,B_MET112,9,0.4234587848186493,0.9561200141906738,-63.08;158.22;84.99,g-/t/m+,3.08;21.78;5.01,True,3.0843139640824013,CB--B:ILE113:N,3.142600884418033,"CE--sym1[1,1,0]/A:LEU110:CD1",1.8924814462661743,,27.02654266357422,25.182567596435547,26.873756408691406,1.8439750671386719,86.76152687072754,24.904254913330078,333.29803466796875,True,True,False,False
probe4c2_B_soft_localized,B_MET112,10,0.4234587848186493,0.9561200141906738,-63.08;158.22;84.99,g-/t/m+,3.08;21.78;5.01,True,3.0843139640824013,CB--B:ILE113:N,3.142600884418033,"CE--sym1[1,1,0]/A:LEU110:CD1",1.8924814462661743,,27.02654266357422,25.182567596435547,26.873756408691406,1.8439750671386719,86.76152687072754,24.904254913330078,333.29803466796875,True,True,False,False
probe4c2_B_soft_localized,B_MET112,11,0.4234587848186493,0.9561200141906738,-63.08;158.22;84.99,g-/t/m+,3.08;21.78;5.01,True,3.0843139640824013,CB--B:ILE113:N,3.142600884418033,"CE--sym1[1,1,0]/A:LEU110:CD1",1.8924814462661743,,27.02654266357422,25.182567596435547,26.873756408691406,1.8439750671386719,86.76152687072754,24.904254913330078,333.29803466796875,True,True,False,False
probe4c2_B_soft_localized,B_MET112,12,0.4234587848186493,0.9561200141906738,-63.08;158.22;84.99,g-/t/m+,3.08;21.78;5.01,True,3.0843139640824013,CB--B:ILE113:N,3.142600884418033,"CE--sym1[1,1,0]/A:LEU110:CD1",1.8924814462661743,,27.02654266357422,25.182567596435547,26.873756408691406,1.8439750671386719,86.76152687072754,24.904254913330078,333.29803466796875,True,True,False,False
probe4c2_B_soft_localized,B_MET112,13,0.4234587848186493,0.9561200141906738,-63.08;158.22;84.99,g-/t/m+,3.08;21.78;5.01,True,3.0843139640824013,CB--B:ILE113:N,3.142600884418033,"CE--sym1[1,1,0]/A:LEU110:CD1",1.8924814462661743,,27.02654266357422,25.182567596435547,26.873756408691406,1.8439750671386719,86.76152687072754,24.904254913330078,333.29803466796875,True,True,False,False
probe4c2_B_soft_localized,B_MET112,14,0.4234587848186493,0.9561200141906738,-63.08;158.22;84.99,g-/t/m+,3.08;21.78;5.01,True,3.0843139640824013,CB--B:ILE113:N,3.142600884418033,"CE--sym1[1,1,0]/A:LEU110:CD1",1.8924814462661743,,27.02654266357422,25.182567596435547,26.873756408691406,1.8439750671386719,86.76152687072754,24.904254913330078,333.29803466796875,True,True,False,False
probe4c2_B_soft_localized,B_MET112,15,0.4234587848186493,0.9561200141906738,-63.08;158.22;84.99,g-/t/m+,3.08;21.78;5.01,True,3.0843139640824013,CB--B:ILE113:N,3.142600884418033,"CE--sym1[1,1,0]/A:LEU110:CD1",1.8924814462661743,,27.02654266357422,25.182567596435547,26.873756408691406,1.8439750671386719,86.76152687072754,24.904254913330078,333.29803466796875,True,True,False,False
probe4c2_B_soft_localized,B_MET112,16,0.4234587848186493,0.9561200141906738,-63.08;158.22;84.99,g-/t/m+,3.08;21.78;5.01,True,3.0843139640824013,CB--B:ILE113:N,3.142600884418033,"CE--sym1[1,1,0]/A:LEU110:CD1",1.8924814462661743,,27.02654266357422,25.182567596435547,26.873756408691406,1.8439750671386719,86.76152687072754,24.904254913330078,333.29803466796875,True,True,False,False
probe4c2_B_soft_localized,B_MET112,17,0.4234587848186493,0.9561200141906738,-63.08;158.22;84.99,g-/t/m+,3.08;21.78;5.01,True,3.0843139640824013,CB--B:ILE113:N,3.142600884418033,"CE--sym1[1,1,0]/A:LEU110:CD1",1.8924814462661743,,27.02654266357422,25.182567596435547,26.873756408691406,1.8439750671386719,86.76152687072754,24.904254913330078,333.29803466796875,True,True,False,False
probe4c2_B_soft_localized,B_MET112,18,0.4234587848186493,0.9561200141906738,-63.08;158.22;84.99,g-/t/m+,3.08;21.78;5.01,True,3.0843139640824013,CB--B:ILE113:N,3.142600884418033,"CE--sym1[1,1,0]/A:LEU110:CD1",1.8924814462661743,,27.02654266357422,25.182567596435547,26.873756408691406,1.8439750671386719,86.76152687072754,24.904254913330078,333.29803466796875,True,True,False,False
probe4c2_B_soft_localized,B_MET112,19,0.4234587848186493,0.9561200141906738,-63.08;158.22;84.99,g-/t/m+,3.08;21.78;5.01,True,3.0843139640824013,CB--B:ILE113:N,3.142600884418033,"CE--sym1[1,1,0]/A:LEU110:CD1",1.8924814462661743,,27.02654266357422,25.182567596435547,26.873756408691406,1.8439750671386719,86.76152687072754,24.904254913330078,333.29803466796875,True,True,False,False
probe4c2_B_soft_localized,B_MET112,20,0.4234587848186493,0.9561200141906738,-63.08;158.22;84.99,g-/t/m+,3.08;21.78;5.01,True,3.0843139640824013,CB--B:ILE113:N,3.142600884418033,"CE--sym1[1,1,0]/A:LEU110:CD1",1.8924814462661743,,27.02654266357422,25.182567596435547,26.873756408691406,1.8439750671386719,86.76152687072754,24.904254913330078,333.29803466796875,True,True,False,False
probe4c2_B_soft_localized,B_MET112,21,0.4234587848186493,0.9561200141906738,-63.08;158.22;84.99,g-/t/m+,3.08;21.78;5.01,True,3.0843139640824013,CB--B:ILE113:N,3.142600884418033,"CE--sym1[1,1,0]/A:LEU110:CD1",1.8924814462661743,,27.02654266357422,25.182567596435547,26.873756408691406,1.8439750671386719,86.76152687072754,24.904254913330078,333.29803466796875,True,True,False,False
probe4c2_B_soft_localized,B_MET112,22,0.4234587848186493,0.9561200141906738,-63.08;158.22;84.99,g-/t/m+,3.08;21.78;5.01,True,3.0843139640824013,CB--B:ILE113:N,3.142600884418033,"CE--sym1[1,1,0]/A:LEU110:CD1",1.8924814462661743,,27.02654266357422,25.182567596435547,26.873756408691406,1.8439750671386719,86.76152687072754,24.904254913330078,333.29803466796875,True,True,False,False
probe4c2_B_soft_localized,B_MET112,23,0.4234587848186493,0.9561200141906738,-63.08;158.22;84.99,g-/t/m+,3.08;21.78;5.01,True,3.0843139640824013,CB--B:ILE113:N,3.142600884418033,"CE--sym1[1,1,0]/A:LEU110:CD1",1.8924814462661743,,27.02654266357422,25.182567596435547,26.873756408691406,1.8439750671386719,86.76152687072754,24.904254913330078,333.29803466796875,True,True,False,False
probe4c2_B_soft_localized,B_MET112,24,0.4234587550163269,0.956119954586029,-63.08;158.22;84.99,g-/t/m+,3.08;21.78;5.01,True,3.0843139640824013,CB--B:ILE113:N,3.1426002447684875,"CE--sym1[1,1,0]/A:LEU110:CD1",1.8924814462661743,,27.02654266357422,25.182567596435547,26.873756408691406,1.8439750671386719,86.76152687072754,24.904254913330078,333.29803466796875,True,True,False,False
probe4c2_B_soft_localized,B_MET112,25,0.4234587848186493,0.9561200141906738,-63.08;158.22;84.99,g-/t/m+,3.08;21.78;5.01,True,3.0843139640824013,CB--B:ILE113:N,3.142600884418033,"CE--sym1[1,1,0]/A:LEU110:CD1",1.8924814462661743,,27.02654266357422,25.182567596435547,26.873756408691406,1.8439750671386719,86.76152687072754,24.904254913330078,333.29803466796875,True,True,False,False
probe4c2_B_soft_localized,B_MET112,26,0.4234587848186493,0.9561200141906738,-63.08;158.22;84.99,g-/t/m+,3.08;21.78;5.01,True,3.0843139640824013,CB--B:ILE113:N,3.142600884418033,"CE--sym1[1,1,0]/A:LEU110:CD1",1.8924814462661743,,27.02654266357422,25.182567596435547,26.873756408691406,1.8439750671386719,86.76152687072754,24.904254913330078,333.29803466796875,True,True,False,False
probe4c2_B_soft_localized,B_MET112,27,0.4234587848186493,0.9561200141906738,-63.08;158.22;84.99,g-/t/m+,3.08;21.78;5.01,True,3.0843139640824013,CB--B:ILE113:N,3.142600884418033,"CE--sym1[1,1,0]/A:LEU110:CD1",1.8924814462661743,,27.02654266357422,25.182567596435547,26.873756408691406,1.8439750671386719,86.76152687072754,24.904254913330078,333.29803466796875,True,True,False,False
probe4c2_B_soft_localized,B_MET112,28,0.4234587848186493,0.9561200141906738,-63.08;158.22;84.99,g-/t/m+,3.08;21.78;5.01,True,3.0843139640824013,CB--B:ILE113:N,3.142600884418033,"CE--sym1[1,1,0]/A:LEU110:CD1",1.8924814462661743,,27.02654266357422,25.182567596435547,26.873756408691406,1.8439750671386719,86.76152687072754,24.904254913330078,333.29803466796875,True,True,False,False
probe4c2_B_soft_localized,B_MET112,29,0.4234587848186493,0.9561200141906738,-63.08;158.22;84.99,g-/t/m+,3.08;21.78;5.01,True,3.0843139640824013,CB--B:ILE113:N,3.142600884418033,"CE--sym1[1,1,0]/A:LEU110:CD1",1.8924814462661743,,27.02654266357422,25.182567596435547,26.873756408691406,1.8439750671386719,86.76152687072754,24.904254913330078,333.29803466796875,True,True,False,False
probe4c2_B_soft_localized,B_MET112,30,0.4234587848186493,0.9561200141906738,-63.08;158.22;84.99,g-/t/m+,3.08;21.78;5.01,True,3.0843139640824013,CB--B:ILE113:N,3.142600884418033,"CE--sym1[1,1,0]/A:LEU110:CD1",1.8924814462661743,,27.02654266357422,25.182567596435547,26.873756408691406,1.8439750671386719,86.76152687072754,24.904254913330078,333.29803466796875,True,True,False,False
probe4c2_B_soft_localized,B_MET112,31,0.4234587848186493,0.9561200141906738,-63.08;158.22;84.99,g-/t/m+,3.08;21.78;5.01,True,3.0843139640824013,CB--B:ILE113:N,3.142600884418033,"CE--sym1[1,1,0]/A:LEU110:CD1",1.8924814462661743,,27.02654266357422,25.182567596435547,26.873756408691406,1.8439750671386719,86.76152687072754,24.904254913330078,333.29803466796875,True,True,False,False
probe4c2_B_soft_localized,B_MET112,32,0.4234587848186493,0.9561200141906738,-63.08;158.22;84.99,g-/t/m+,3.08;21.78;5.01,True,3.0843139640824013,CB--B:ILE113:N,3.142600884418033,"CE--sym1[1,1,0]/A:LEU110:CD1",1.8924814462661743,,27.02654266357422,25.182567596435547,26.873756408691406,1.8439750671386719,86.76152687072754,24.904254913330078,333.29803466796875,True,True,False,False
probe4c2_B_soft_localized,B_MET112,33,0.4234587848186493,0.9561200141906738,-63.08;158.22;84.99,g-/t/m+,3.08;21.78;5.01,True,3.0843139640824013,CB--B:ILE113:N,3.142600884418033,"CE--sym1[1,1,0]/A:LEU110:CD1",1.8924814462661743,,27.02654266357422,25.182567596435547,26.873756408691406,1.8439750671386719,86.76152687072754,24.904254913330078,333.29803466796875,True,True,False,False
probe4c2_B_soft_localized,B_MET112,34,0.4234587848186493,0.9561200141906738,-63.08;158.22;84.99,g-/t/m+,3.08;21.78;5.01,True,3.0843139640824013,CB--B:ILE113:N,3.142600884418033,"CE--sym1[1,1,0]/A:LEU110:CD1",1.8924814462661743,,27.02654266357422,25.182567596435547,26.873756408691406,1.8439750671386719,86.76152687072754,24.904254913330078,333.29803466796875,True,True,False,False
probe4c2_B_soft_localized,B_MET112,35,0.4234587848186493,0.9561200141906738,-63.08;158.22;84.99,g-/t/m+,3.08;21.78;5.01,True,3.0843139640824013,CB--B:ILE113:N,3.142600884418033,"CE--sym1[1,1,0]/A:LEU110:CD1",1.8924814462661743,,27.02654266357422,25.182567596435547,26.873756408691406,1.8439750671386719,86.76152687072754,24.904254913330078,333.29803466796875,True,True,False,False
probe4c2_B_soft_localized,B_MET112,36,0.4234587848186493,0.9561200141906738,-63.08;158.22;84.99,g-/t/m+,3.08;21.78;5.01,True,3.0843139640824013,CB--B:ILE113:N,3.142600884418033,"CE--sym1[1,1,0]/A:LEU110:CD1",1.8924814462661743,,27.02654266357422,25.182567596435547,26.873756408691406,1.8439750671386719,86.76152687072754,24.904254913330078,333.29803466796875,True,True,False,False
probe4c2_B_soft_localized,B_MET112,37,0.4234587848186493,0.9561200141906738,-63.08;158.22;84.99,g-/t/m+,3.08;21.78;5.01,True,3.0843139640824013,CB--B:ILE113:N,3.142600884418033,"CE--sym1[1,1,0]/A:LEU110:CD1",1.8924814462661743,,27.02654266357422,25.182567596435547,26.873756408691406,1.8439750671386719,86.76152687072754,24.904254913330078,333.29803466796875,True,True,False,False
probe4c2_B_soft_localized,B_MET112,38,0.4234587848186493,0.9561200141906738,-63.08;158.22;84.99,g-/t/m+,3.08;21.78;5.01,True,3.0843139640824013,CB--B:ILE113:N,3.142600884418033,"CE--sym1[1,1,0]/A:LEU110:CD1",1.8924814462661743,,27.02654266357422,25.182567596435547,26.873756408691406,1.8439750671386719,86.76152687072754,24.904254913330078,333.29803466796875,True,True,False,False
probe4c2_B_soft_localized,B_MET112,39,0.4234587848186493,0.9561200141906738,-63.08;158.22;84.99,g-/t/m+,3.08;21.78;5.01,True,3.0843139640824013,CB--B:ILE113:N,3.142600884418033,"CE--sym1[1,1,0]/A:LEU110:CD1",1.8924814462661743,,27.02654266357422,25.182567596435547,26.873756408691406,1.8439750671386719,86.76152687072754,24.904254913330078,333.29803466796875,True,True,False,False
probe4c2_B_soft_localized,B_MET112,40,0.4234587848186493,0.9561200141906738,-63.08;158.22;84.99,g-/t/m+,3.08;21.78;5.01,True,3.0843139640824013,CB--B:ILE113:N,3.142600884418033,"CE--sym1[1,1,0]/A:LEU110:CD1",1.8924814462661743,,27.02654266357422,25.182567596435547,26.873756408691406,1.8439750671386719,86.76152687072754,24.904254913330078,333.29803466796875,True,True,False,False
probe4c2_B_soft_localized,B_MET112,41,0.4234587848186493,0.9561200141906738,-63.08;158.22;84.99,g-/t/m+,3.08;21.78;5.01,True,3.0843139640824013,CB--B:ILE113:N,3.142600884418033,"CE--sym1[1,1,0]/A:LEU110:CD1",1.8924814462661743,,27.02654266357422,25.182567596435547,26.873756408691406,1.8439750671386719,86.76152687072754,24.904254913330078,333.29803466796875,True,True,False,False
probe4c2_B_soft_localized,B_MET112,42,0.4234587848186493,0.9561200141906738,-63.08;158.22;84.99,g-/t/m+,3.08;21.78;5.01,True,3.0843139640824013,CB--B:ILE113:N,3.142600884418033,"CE--sym1[1,1,0]/A:LEU110:CD1",1.8924814462661743,,27.02654266357422,25.182567596435547,26.873756408691406,1.8439750671386719,86.76152687072754,24.904254913330078,333.29803466796875,True,True,False,False
probe4c2_B_soft_localized,B_MET112,43,0.4234587848186493,0.9561200141906738,-63.08;158.22;84.99,g-/t/m+,3.08;21.78;5.01,True,3.0843139640824013,CB--B:ILE113:N,3.142600884418033,"CE--sym1[1,1,0]/A:LEU110:CD1",1.8924814462661743,,27.02654266357422,25.182567596435547,26.873756408691406,1.8439750671386719,86.76152687072754,24.904254913330078,333.29803466796875,True,True,False,False
probe4c2_B_soft_localized,B_MET112,44,0.4234587848186493,0.9561200141906738,-63.08;158.22;84.99,g-/t/m+,3.08;21.78;5.01,True,3.0843139640824013,CB--B:ILE113:N,3.142600884418033,"CE--sym1[1,1,0]/A:LEU110:CD1",1.8924814462661743,,27.02654266357422,25.182567596435547,26.873756408691406,1.8439750671386719,86.76152687072754,24.904254913330078,333.29803466796875,True,True,False,False
probe4c2_B_soft_localized,B_MET112,45,0.4234587848186493,0.9561200141906738,-63.08;158.22;84.99,g-/t/m+,3.08;21.78;5.01,True,3.0843139640824013,CB--B:ILE113:N,3.142600884418033,"CE--sym1[1,1,0]/A:LEU110:CD1",1.8924814462661743,,27.02654266357422,25.182567596435547,26.873756408691406,1.8439750671386719,86.76152687072754,24.904254913330078,333.29803466796875,True,True,False,False
probe4c2_B_soft_localized,B_MET112,46,0.4234587848186493,0.9561200141906738,-63.08;158.22;84.99,g-/t/m+,3.08;21.78;5.01,True,3.0843139640824013,CB--B:ILE113:N,3.142600884418033,"CE--sym1[1,1,0]/A:LEU110:CD1",1.8924814462661743,,27.02654266357422,25.182567596435547,26.873756408691406,1.8439750671386719,86.76152687072754,24.904254913330078,333.29803466796875,True,True,False,False
probe4c2_B_soft_localized,B_MET112,47,0.4234587848186493,0.9561200141906738,-63.08;158.22;84.99,g-/t/m+,3.08;21.78;5.01,True,3.0843139640824013,CB--B:ILE113:N,3.142600884418033,"CE--sym1[1,1,0]/A:LEU110:CD1",1.8924814462661743,,27.02654266357422,25.182567596435547,26.873756408691406,1.8439750671386719,86.76152687072754,24.904254913330078,333.29803466796875,True,True,False,False
probe4c2_B_soft_localized,B_MET112,48,0.4234587550163269,0.956119954586029,-63.08;158.22;84.99,g-/t/m+,3.08;21.78;5.01,True,3.0843139640824013,CB--B:ILE113:N,3.1426002447684875,"CE--sym1[1,1,0]/A:LEU110:CD1",1.8924814462661743,,27.02654266357422,25.182567596435547,26.873756408691406,1.8439750671386719,86.76152687072754,24.904254913330078,333.29803466796875,True,True,False,False
probe4c2_B_soft_localized,B_MET112,49,0.423457533121109,0.95611971616745,-63.08;158.22;84.99,g-/t/m+,3.08;21.78;5.01,True,3.0843139640824013,CB--B:ILE113:N,3.1426002447684875,"CE--sym1[1,1,0]/A:LEU110:CD1",1.8924907445907593,,27.02654266357422,25.182567596435547,26.873756408691406,1.8439750671386719,86.76152687072754,24.904254913330078,333.29803466796875,True,True,False,False
probe4c2_B_soft_localized,B_ASP114,0,0.19442346692085266,1.222700595855713,163.66;-124.34,t/p-90,16.34;34.34,False,2.6780512485085657,OD2--B:HOH14:O,5.337950799089876,"OD2--sym6[0,0,1]/A:LYS133:NZ",0.18740086257457733,OD1--B:HOH54:O:3.19A;OD2--B:HOH50:O:3.07A;OD2--B:HOH14:O:2.68A,26.656482696533203,25.182559967041016,28.920547485351562,1.4739227294921875,58.66445808410644,25.36322784423828,130.13645935058594,True,False,False,False
probe4c2_B_soft_localized,B_ASP114,1,0.19442346692085266,1.222700595855713,163.66;-124.34,t/p-90,16.34;34.34,False,2.6780512485085657,OD2--B:HOH14:O,5.337950799089876,"OD2--sym6[0,0,1]/A:LYS133:NZ",0.18740086257457733,OD1--B:HOH54:O:3.19A;OD2--B:HOH50:O:3.07A;OD2--B:HOH14:O:2.68A,26.656482696533203,25.182559967041016,28.920547485351562,1.4739227294921875,58.66445808410644,25.36322784423828,130.13645935058594,True,False,False,False
probe4c2_B_soft_localized,B_ASP114,2,0.19442346692085266,1.222700595855713,163.66;-124.34,t/p-90,16.34;34.34,False,2.6780512485085657,OD2--B:HOH14:O,5.337950799089876,"OD2--sym6[0,0,1]/A:LYS133:NZ",0.18740086257457733,OD1--B:HOH54:O:3.19A;OD2--B:HOH50:O:3.07A;OD2--B:HOH14:O:2.68A,26.656482696533203,25.182559967041016,28.920547485351562,1.4739227294921875,58.66445808410644,25.36322784423828,130.13645935058594,True,False,False,False
probe4c2_B_soft_localized,B_ASP114,3,0.19442346692085266,1.222700595855713,163.66;-124.34,t/p-90,16.34;34.34,False,2.6780512485085657,OD2--B:HOH14:O,5.337950799089876,"OD2--sym6[0,0,1]/A:LYS133:NZ",0.18740086257457733,OD1--B:HOH54:O:3.19A;OD2--B:HOH50:O:3.07A;OD2--B:HOH14:O:2.68A,26.656482696533203,25.182559967041016,28.920547485351562,1.4739227294921875,58.66445808410644,25.36322784423828,130.13645935058594,True,False,False,False
probe4c2_B_soft_localized,B_ASP114,4,0.19442346692085266,1.222700595855713,163.66;-124.34,t/p-90,16.34;34.34,False,2.6780512485085657,OD2--B:HOH14:O,5.337950799089876,"OD2--sym6[0,0,1]/A:LYS133:NZ",0.18740086257457733,OD1--B:HOH54:O:3.19A;OD2--B:HOH50:O:3.07A;OD2--B:HOH14:O:2.68A,26.656482696533203,25.182559967041016,28.920547485351562,1.4739227294921875,58.66445808410644,25.36322784423828,130.13645935058594,True,False,False,False
probe4c2_B_soft_localized,B_ASP114,5,0.19442346692085266,1.222700595855713,163.66;-124.34,t/p-90,16.34;34.34,False,2.6780512485085657,OD2--B:HOH14:O,5.337950799089876,"OD2--sym6[0,0,1]/A:LYS133:NZ",0.18740086257457733,OD1--B:HOH54:O:3.19A;OD2--B:HOH50:O:3.07A;OD2--B:HOH14:O:2.68A,26.656482696533203,25.182559967041016,28.920547485351562,1.4739227294921875,58.66445808410644,25.36322784423828,130.13645935058594,True,False,False,False
probe4c2_B_soft_localized,B_ASP114,6,0.19442346692085266,1.222700595855713,163.66;-124.34,t/p-90,16.34;34.34,False,2.6780512485085657,OD2--B:HOH14:O,5.337950799089876,"OD2--sym6[0,0,1]/A:LYS133:NZ",0.18740086257457733,OD1--B:HOH54:O:3.19A;OD2--B:HOH50:O:3.07A;OD2--B:HOH14:O:2.68A,26.656482696533203,25.182559967041016,28.920547485351562,1.4739227294921875,58.66445808410644,25.36322784423828,130.13645935058594,True,False,False,False
probe4c2_B_soft_localized,B_ASP114,7,0.19442346692085266,1.222700595855713,163.66;-124.34,t/p-90,16.34;34.34,False,2.6780512485085657,OD2--B:HOH14:O,5.337950799089876,"OD2--sym6[0,0,1]/A:LYS133:NZ",0.18740086257457733,OD1--B:HOH54:O:3.19A;OD2--B:HOH50:O:3.07A;OD2--B:HOH14:O:2.68A,26.656482696533203,25.182559967041016,28.920547485351562,1.4739227294921875,58.66445808410644,25.36322784423828,130.13645935058594,True,False,False,False
probe4c2_B_soft_localized,B_ASP114,8,0.19442346692085266,1.222700595855713,163.66;-124.34,t/p-90,16.34;34.34,False,2.6780512485085657,OD2--B:HOH14:O,5.337950799089876,"OD2--sym6[0,0,1]/A:LYS133:NZ",0.18740086257457733,OD1--B:HOH54:O:3.19A;OD2--B:HOH50:O:3.07A;OD2--B:HOH14:O:2.68A,26.656482696533203,25.182559967041016,28.920547485351562,1.4739227294921875,58.66445808410644,25.36322784423828,130.13645935058594,True,False,False,False
probe4c2_B_soft_localized,B_ASP114,9,0.19442346692085266,1.222700595855713,163.66;-124.34,t/p-90,16.34;34.34,False,2.6780512485085657,OD2--B:HOH14:O,5.337950799089876,"OD2--sym6[0,0,1]/A:LYS133:NZ",0.18740086257457733,OD1--B:HOH54:O:3.19A;OD2--B:HOH50:O:3.07A;OD2--B:HOH14:O:2.68A,26.656482696533203,25.182559967041016,28.920547485351562,1.4739227294921875,58.66445808410644,25.36322784423828,130.13645935058594,True,False,False,False
probe4c2_B_soft_localized,B_ASP114,10,0.19442346692085266,1.222700595855713,163.66;-124.34,t/p-90,16.34;34.34,False,2.6780512485085657,OD2--B:HOH14:O,5.337950799089876,"OD2--sym6[0,0,1]/A:LYS133:NZ",0.18740086257457733,OD1--B:HOH54:O:3.19A;OD2--B:HOH50:O:3.07A;OD2--B:HOH14:O:2.68A,26.656482696533203,25.182559967041016,28.920547485351562,1.4739227294921875,58.66445808410644,25.36322784423828,130.13645935058594,True,False,False,False
probe4c2_B_soft_localized,B_ASP114,11,0.19442346692085266,1.222700595855713,163.66;-124.34,t/p-90,16.34;34.34,False,2.6780512485085657,OD2--B:HOH14:O,5.337950799089876,"OD2--sym6[0,0,1]/A:LYS133:NZ",0.18740086257457733,OD1--B:HOH54:O:3.19A;OD2--B:HOH50:O:3.07A;OD2--B:HOH14:O:2.68A,26.656482696533203,25.182559967041016,28.920547485351562,1.4739227294921875,58.66445808410644,25.36322784423828,130.13645935058594,True,False,False,False
probe4c2_B_soft_localized,B_ASP114,12,0.19442346692085266,1.222700595855713,163.66;-124.34,t/p-90,16.34;34.34,False,2.6780512485085657,OD2--B:HOH14:O,5.337950799089876,"OD2--sym6[0,0,1]/A:LYS133:NZ",0.18740086257457733,OD1--B:HOH54:O:3.19A;OD2--B:HOH50:O:3.07A;OD2--B:HOH14:O:2.68A,26.656482696533203,25.182559967041016,28.920547485351562,1.4739227294921875,58.66445808410644,25.36322784423828,130.13645935058594,True,False,False,False
probe4c2_B_soft_localized,B_ASP114,13,0.19442346692085266,1.222700595855713,163.66;-124.34,t/p-90,16.34;34.34,False,2.6780512485085657,OD2--B:HOH14:O,5.337950799089876,"OD2--sym6[0,0,1]/A:LYS133:NZ",0.18740086257457733,OD1--B:HOH54:O:3.19A;OD2--B:HOH50:O:3.07A;OD2--B:HOH14:O:2.68A,26.656482696533203,25.182559967041016,28.920547485351562,1.4739227294921875,58.66445808410644,25.36322784423828,130.13645935058594,True,False,False,False
probe4c2_B_soft_localized,B_ASP114,14,0.19442346692085266,1.222700595855713,163.66;-124.34,t/p-90,16.34;34.34,False,2.6780512485085657,OD2--B:HOH14:O,5.337950799089876,"OD2--sym6[0,0,1]/A:LYS133:NZ",0.18740086257457733,OD1--B:HOH54:O:3.19A;OD2--B:HOH50:O:3.07A;OD2--B:HOH14:O:2.68A,26.656482696533203,25.182559967041016,28.920547485351562,1.4739227294921875,58.66445808410644,25.36322784423828,130.13645935058594,True,False,False,False
probe4c2_B_soft_localized,B_ASP114,15,0.19442346692085266,1.222700595855713,163.66;-124.34,t/p-90,16.34;34.34,False,2.6780512485085657,OD2--B:HOH14:O,5.337950799089876,"OD2--sym6[0,0,1]/A:LYS133:NZ",0.18740086257457733,OD1--B:HOH54:O:3.19A;OD2--B:HOH50:O:3.07A;OD2--B:HOH14:O:2.68A,26.656482696533203,25.182559967041016,28.920547485351562,1.4739227294921875,58.66445808410644,25.36322784423828,130.13645935058594,True,False,False,False
probe4c2_B_soft_localized,B_ASP114,16,0.19442346692085266,1.222700595855713,163.66;-124.34,t/p-90,16.34;34.34,False,2.6780512485085657,OD2--B:HOH14:O,5.337950799089876,"OD2--sym6[0,0,1]/A:LYS133:NZ",0.18740086257457733,OD1--B:HOH54:O:3.19A;OD2--B:HOH50:O:3.07A;OD2--B:HOH14:O:2.68A,26.656482696533203,25.182559967041016,28.920547485351562,1.4739227294921875,58.66445808410644,25.36322784423828,130.13645935058594,True,False,False,False
probe4c2_B_soft_localized,B_ASP114,17,0.19442346692085266,1.222700595855713,163.66;-124.34,t/p-90,16.34;34.34,False,2.6780512485085657,OD2--B:HOH14:O,5.337950799089876,"OD2--sym6[0,0,1]/A:LYS133:NZ",0.18740086257457733,OD1--B:HOH54:O:3.19A;OD2--B:HOH50:O:3.07A;OD2--B:HOH14:O:2.68A,26.656482696533203,25.182559967041016,28.920547485351562,1.4739227294921875,58.66445808410644,25.36322784423828,130.13645935058594,True,False,False,False
probe4c2_B_soft_localized,B_ASP114,18,0.19442346692085266,1.222700595855713,163.66;-124.34,t/p-90,16.34;34.34,False,2.6780512485085657,OD2--B:HOH14:O,5.337950799089876,"OD2--sym6[0,0,1]/A:LYS133:NZ",0.18740086257457733,OD1--B:HOH54:O:3.19A;OD2--B:HOH50:O:3.07A;OD2--B:HOH14:O:2.68A,26.656482696533203,25.182559967041016,28.920547485351562,1.4739227294921875,58.66445808410644,25.36322784423828,130.13645935058594,True,False,False,False
probe4c2_B_soft_localized,B_ASP114,19,0.19442346692085266,1.222700595855713,163.66;-124.34,t/p-90,16.34;34.34,False,2.6780512485085657,OD2--B:HOH14:O,5.337950799089876,"OD2--sym6[0,0,1]/A:LYS133:NZ",0.18740086257457733,OD1--B:HOH54:O:3.19A;OD2--B:HOH50:O:3.07A;OD2--B:HOH14:O:2.68A,26.656482696533203,25.182559967041016,28.920547485351562,1.4739227294921875,58.66445808410644,25.36322784423828,130.13645935058594,True,False,False,False
probe4c2_B_soft_localized,B_ASP114,20,0.19442346692085266,1.222700595855713,163.66;-124.34,t/p-90,16.34;34.34,False,2.6780512485085657,OD2--B:HOH14:O,5.337950799089876,"OD2--sym6[0,0,1]/A:LYS133:NZ",0.18740086257457733,OD1--B:HOH54:O:3.19A;OD2--B:HOH50:O:3.07A;OD2--B:HOH14:O:2.68A,26.656482696533203,25.182559967041016,28.920547485351562,1.4739227294921875,58.66445808410644,25.36322784423828,130.13645935058594,True,False,False,False
probe4c2_B_soft_localized,B_ASP114,21,0.19442346692085266,1.222700595855713,163.66;-124.34,t/p-90,16.34;34.34,False,2.6780512485085657,OD2--B:HOH14:O,5.337950799089876,"OD2--sym6[0,0,1]/A:LYS133:NZ",0.18740086257457733,OD1--B:HOH54:O:3.19A;OD2--B:HOH50:O:3.07A;OD2--B:HOH14:O:2.68A,26.656482696533203,25.182559967041016,28.920547485351562,1.4739227294921875,58.66445808410644,25.36322784423828,130.13645935058594,True,False,False,False
probe4c2_B_soft_localized,B_ASP114,22,0.19442346692085266,1.222700595855713,163.66;-124.34,t/p-90,16.34;34.34,False,2.6780512485085657,OD2--B:HOH14:O,5.337950799089876,"OD2--sym6[0,0,1]/A:LYS133:NZ",0.18740086257457733,OD1--B:HOH54:O:3.19A;OD2--B:HOH50:O:3.07A;OD2--B:HOH14:O:2.68A,26.656482696533203,25.182559967041016,28.920547485351562,1.4739227294921875,58.66445808410644,25.36322784423828,130.13645935058594,True,False,False,False
probe4c2_B_soft_localized,B_ASP114,23,0.19442346692085266,1.222700595855713,163.66;-124.34,t/p-90,16.34;34.34,False,2.6780512485085657,OD2--B:HOH14:O,5.337950799089876,"OD2--sym6[0,0,1]/A:LYS133:NZ",0.18740086257457733,OD1--B:HOH54:O:3.19A;OD2--B:HOH50:O:3.07A;OD2--B:HOH14:O:2.68A,26.656482696533203,25.182559967041016,28.920547485351562,1.4739227294921875,58.66445808410644,25.36322784423828,130.13645935058594,True,False,False,False
probe4c2_B_soft_localized,B_ASP114,24,0.19442346692085266,1.222700595855713,163.66;-124.34,t/p-90,16.34;34.34,False,2.6780512485085657,OD2--B:HOH14:O,5.337950799089876,"OD2--sym6[0,0,1]/A:LYS133:NZ",0.18740086257457733,OD1--B:HOH54:O:3.19A;OD2--B:HOH50:O:3.07A;OD2--B:HOH14:O:2.68A,26.656482696533203,25.182559967041016,28.920547485351562,1.4739227294921875,58.66445808410644,25.36322784423828,130.13645935058594,True,False,False,False
probe4c2_B_soft_localized,B_ASP114,25,0.19442346692085266,1.222700595855713,163.66;-124.34,t/p-90,16.34;34.34,False,2.6780512485085657,OD2--B:HOH14:O,5.337950799089876,"OD2--sym6[0,0,1]/A:LYS133:NZ",0.18740086257457733,OD1--B:HOH54:O:3.19A;OD2--B:HOH50:O:3.07A;OD2--B:HOH14:O:2.68A,26.656482696533203,25.182559967041016,28.920547485351562,1.4739227294921875,58.66445808410644,25.36322784423828,130.13645935058594,True,False,False,False
probe4c2_B_soft_localized,B_ASP114,26,0.19442346692085266,1.222700595855713,163.66;-124.34,t/p-90,16.34;34.34,False,2.6780512485085657,OD2--B:HOH14:O,5.337950799089876,"OD2--sym6[0,0,1]/A:LYS133:NZ",0.18740086257457733,OD1--B:HOH54:O:3.19A;OD2--B:HOH50:O:3.07A;OD2--B:HOH14:O:2.68A,26.656482696533203,25.182559967041016,28.920547485351562,1.4739227294921875,58.66445808410644,25.36322784423828,130.13645935058594,True,False,False,False
probe4c2_B_soft_localized,B_ASP114,27,0.19442346692085266,1.222700595855713,163.66;-124.34,t/p-90,16.34;34.34,False,2.6780512485085657,OD2--B:HOH14:O,5.337950799089876,"OD2--sym6[0,0,1]/A:LYS133:NZ",0.18740086257457733,OD1--B:HOH54:O:3.19A;OD2--B:HOH50:O:3.07A;OD2--B:HOH14:O:2.68A,26.656482696533203,25.182559967041016,28.920547485351562,1.4739227294921875,58.66445808410644,25.36322784423828,130.13645935058594,True,False,False,False
probe4c2_B_soft_localized,B_ASP114,28,0.19442346692085266,1.222700595855713,163.66;-124.34,t/p-90,16.34;34.34,False,2.6780512485085657,OD2--B:HOH14:O,5.337950799089876,"OD2--sym6[0,0,1]/A:LYS133:NZ",0.18740086257457733,OD1--B:HOH54:O:3.19A;OD2--B:HOH50:O:3.07A;OD2--B:HOH14:O:2.68A,26.656482696533203,25.182559967041016,28.920547485351562,1.4739227294921875,58.66445808410644,25.36322784423828,130.13645935058594,True,False,False,False
probe4c2_B_soft_localized,B_ASP114,29,0.19442346692085266,1.222700595855713,163.66;-124.34,t/p-90,16.34;34.34,False,2.6780512485085657,OD2--B:HOH14:O,5.337950799089876,"OD2--sym6[0,0,1]/A:LYS133:NZ",0.18740086257457733,OD1--B:HOH54:O:3.19A;OD2--B:HOH50:O:3.07A;OD2--B:HOH14:O:2.68A,26.656482696533203,25.182559967041016,28.920547485351562,1.4739227294921875,58.66445808410644,25.36322784423828,130.13645935058594,True,False,False,False
probe4c2_B_soft_localized,B_ASP114,30,0.19442346692085266,1.222700595855713,163.66;-124.34,t/p-90,16.34;34.34,False,2.6780512485085657,OD2--B:HOH14:O,5.337950799089876,"OD2--sym6[0,0,1]/A:LYS133:NZ",0.18740086257457733,OD1--B:HOH54:O:3.19A;OD2--B:HOH50:O:3.07A;OD2--B:HOH14:O:2.68A,26.656482696533203,25.182559967041016,28.920547485351562,1.4739227294921875,58.66445808410644,25.36322784423828,130.13645935058594,True,False,False,False
probe4c2_B_soft_localized,B_ASP114,31,0.19442346692085266,1.222700595855713,163.66;-124.34,t/p-90,16.34;34.34,False,2.6780512485085657,OD2--B:HOH14:O,5.337950799089876,"OD2--sym6[0,0,1]/A:LYS133:NZ",0.18740086257457733,OD1--B:HOH54:O:3.19A;OD2--B:HOH50:O:3.07A;OD2--B:HOH14:O:2.68A,26.656482696533203,25.182559967041016,28.920547485351562,1.4739227294921875,58.66445808410644,25.36322784423828,130.13645935058594,True,False,False,False
probe4c2_B_soft_localized,B_ASP114,32,0.19442346692085266,1.222700595855713,163.66;-124.34,t/p-90,16.34;34.34,False,2.6780512485085657,OD2--B:HOH14:O,5.337950799089876,"OD2--sym6[0,0,1]/A:LYS133:NZ",0.18740086257457733,OD1--B:HOH54:O:3.19A;OD2--B:HOH50:O:3.07A;OD2--B:HOH14:O:2.68A,26.656482696533203,25.182559967041016,28.920547485351562,1.4739227294921875,58.66445808410644,25.36322784423828,130.13645935058594,True,False,False,False
probe4c2_B_soft_localized,B_ASP114,33,0.19442346692085266,1.222700595855713,163.66;-124.34,t/p-90,16.34;34.34,False,2.6780512485085657,OD2--B:HOH14:O,5.337950799089876,"OD2--sym6[0,0,1]/A:LYS133:NZ",0.18740086257457733,OD1--B:HOH54:O:3.19A;OD2--B:HOH50:O:3.07A;OD2--B:HOH14:O:2.68A,26.656482696533203,25.182559967041016,28.920547485351562,1.4739227294921875,58.66445808410644,25.36322784423828,130.13645935058594,True,False,False,False
probe4c2_B_soft_localized,B_ASP114,34,0.19442346692085266,1.222700595855713,163.66;-124.34,t/p-90,16.34;34.34,False,2.6780512485085657,OD2--B:HOH14:O,5.337950799089876,"OD2--sym6[0,0,1]/A:LYS133:NZ",0.18740086257457733,OD1--B:HOH54:O:3.19A;OD2--B:HOH50:O:3.07A;OD2--B:HOH14:O:2.68A,26.656482696533203,25.182559967041016,28.920547485351562,1.4739227294921875,58.66445808410644,25.36322784423828,130.13645935058594,True,False,False,False
probe4c2_B_soft_localized,B_ASP114,35,0.19442346692085266,1.222700595855713,163.66;-124.34,t/p-90,16.34;34.34,False,2.6780512485085657,OD2--B:HOH14:O,5.337950799089876,"OD2--sym6[0,0,1]/A:LYS133:NZ",0.18740086257457733,OD1--B:HOH54:O:3.19A;OD2--B:HOH50:O:3.07A;OD2--B:HOH14:O:2.68A,26.656482696533203,25.182559967041016,28.920547485351562,1.4739227294921875,58.66445808410644,25.36322784423828,130.13645935058594,True,False,False,False
probe4c2_B_soft_localized,B_ASP114,36,0.19442346692085266,1.222700595855713,163.66;-124.34,t/p-90,16.34;34.34,False,2.6780512485085657,OD2--B:HOH14:O,5.337950799089876,"OD2--sym6[0,0,1]/A:LYS133:NZ",0.18740086257457733,OD1--B:HOH54:O:3.19A;OD2--B:HOH50:O:3.07A;OD2--B:HOH14:O:2.68A,26.656482696533203,25.182559967041016,28.920547485351562,1.4739227294921875,58.66445808410644,25.36322784423828,130.13645935058594,True,False,False,False
probe4c2_B_soft_localized,B_ASP114,37,0.19442346692085266,1.222700595855713,163.66;-124.34,t/p-90,16.34;34.34,False,2.6780512485085657,OD2--B:HOH14:O,5.337950799089876,"OD2--sym6[0,0,1]/A:LYS133:NZ",0.18740086257457733,OD1--B:HOH54:O:3.19A;OD2--B:HOH50:O:3.07A;OD2--B:HOH14:O:2.68A,26.656482696533203,25.182559967041016,28.920547485351562,1.4739227294921875,58.66445808410644,25.36322784423828,130.13645935058594,True,False,False,False
probe4c2_B_soft_localized,B_ASP114,38,0.19442346692085266,1.222700595855713,163.66;-124.34,t/p-90,16.34;34.34,False,2.6780512485085657,OD2--B:HOH14:O,5.337950799089876,"OD2--sym6[0,0,1]/A:LYS133:NZ",0.18740086257457733,OD1--B:HOH54:O:3.19A;OD2--B:HOH50:O:3.07A;OD2--B:HOH14:O:2.68A,26.656482696533203,25.182559967041016,28.920547485351562,1.4739227294921875,58.66445808410644,25.36322784423828,130.13645935058594,True,False,False,False
probe4c2_B_soft_localized,B_ASP114,39,0.19442346692085266,1.222700595855713,163.66;-124.34,t/p-90,16.34;34.34,False,2.6780512485085657,OD2--B:HOH14:O,5.337950799089876,"OD2--sym6[0,0,1]/A:LYS133:NZ",0.18740086257457733,OD1--B:HOH54:O:3.19A;OD2--B:HOH50:O:3.07A;OD2--B:HOH14:O:2.68A,26.656482696533203,25.182559967041016,28.920547485351562,1.4739227294921875,58.66445808410644,25.36322784423828,130.13645935058594,True,False,False,False
probe4c2_B_soft_localized,B_ASP114,40,0.19442346692085266,1.222700595855713,163.66;-124.34,t/p-90,16.34;34.34,False,2.6780512485085657,OD2--B:HOH14:O,5.337950799089876,"OD2--sym6[0,0,1]/A:LYS133:NZ",0.18740086257457733,OD1--B:HOH54:O:3.19A;OD2--B:HOH50:O:3.07A;OD2--B:HOH14:O:2.68A,26.656482696533203,25.182559967041016,28.920547485351562,1.4739227294921875,58.66445808410644,25.36322784423828,130.13645935058594,True,False,False,False
probe4c2_B_soft_localized,B_ASP114,41,0.19442346692085266,1.222700595855713,163.66;-124.34,t/p-90,16.34;34.34,False,2.6780512485085657,OD2--B:HOH14:O,5.337950799089876,"OD2--sym6[0,0,1]/A:LYS133:NZ",0.18740086257457733,OD1--B:HOH54:O:3.19A;OD2--B:HOH50:O:3.07A;OD2--B:HOH14:O:2.68A,26.656482696533203,25.182559967041016,28.920547485351562,1.4739227294921875,58.66445808410644,25.36322784423828,130.13645935058594,True,False,False,False
probe4c2_B_soft_localized,B_ASP114,42,0.19442346692085266,1.222700595855713,163.66;-124.34,t/p-90,16.34;34.34,False,2.6780512485085657,OD2--B:HOH14:O,5.337950799089876,"OD2--sym6[0,0,1]/A:LYS133:NZ",0.18740086257457733,OD1--B:HOH54:O:3.19A;OD2--B:HOH50:O:3.07A;OD2--B:HOH14:O:2.68A,26.656482696533203,25.182559967041016,28.920547485351562,1.4739227294921875,58.66445808410644,25.36322784423828,130.13645935058594,True,False,False,False
probe4c2_B_soft_localized,B_ASP114,43,0.19442346692085266,1.222700595855713,163.66;-124.34,t/p-90,16.34;34.34,False,2.6780512485085657,OD2--B:HOH14:O,5.337950799089876,"OD2--sym6[0,0,1]/A:LYS133:NZ",0.18740086257457733,OD1--B:HOH54:O:3.19A;OD2--B:HOH50:O:3.07A;OD2--B:HOH14:O:2.68A,26.656482696533203,25.182559967041016,28.920547485351562,1.4739227294921875,58.66445808410644,25.36322784423828,130.13645935058594,True,False,False,False
probe4c2_B_soft_localized,B_ASP114,44,0.19442346692085266,1.222700595855713,163.66;-124.34,t/p-90,16.34;34.34,False,2.6780512485085657,OD2--B:HOH14:O,5.337950799089876,"OD2--sym6[0,0,1]/A:LYS133:NZ",0.18740086257457733,OD1--B:HOH54:O:3.19A;OD2--B:HOH50:O:3.07A;OD2--B:HOH14:O:2.68A,26.656482696533203,25.182559967041016,28.920547485351562,1.4739227294921875,58.66445808410644,25.36322784423828,130.13645935058594,True,False,False,False
probe4c2_B_soft_localized,B_ASP114,45,0.19442346692085266,1.222700595855713,163.66;-124.34,t/p-90,16.34;34.34,False,2.6780512485085657,OD2--B:HOH14:O,5.337950799089876,"OD2--sym6[0,0,1]/A:LYS133:NZ",0.18740086257457733,OD1--B:HOH54:O:3.19A;OD2--B:HOH50:O:3.07A;OD2--B:HOH14:O:2.68A,26.656482696533203,25.182559967041016,28.920547485351562,1.4739227294921875,58.66445808410644,25.36322784423828,130.13645935058594,True,False,False,False
probe4c2_B_soft_localized,B_ASP114,46,0.19442346692085266,1.222700595855713,163.66;-124.34,t/p-90,16.34;34.34,False,2.6780512485085657,OD2--B:HOH14:O,5.337950799089876,"OD2--sym6[0,0,1]/A:LYS133:NZ",0.18740086257457733,OD1--B:HOH54:O:3.19A;OD2--B:HOH50:O:3.07A;OD2--B:HOH14:O:2.68A,26.656482696533203,25.182559967041016,28.920547485351562,1.4739227294921875,58.66445808410644,25.36322784423828,130.13645935058594,True,False,False,False
probe4c2_B_soft_localized,B_ASP114,47,0.19442346692085266,1.222700595855713,163.66;-124.34,t/p-90,16.34;34.34,False,2.6780512485085657,OD2--B:HOH14:O,5.337950799089876,"OD2--sym6[0,0,1]/A:LYS133:NZ",0.18740086257457733,OD1--B:HOH54:O:3.19A;OD2--B:HOH50:O:3.07A;OD2--B:HOH14:O:2.68A,26.656482696533203,25.182559967041016,28.920547485351562,1.4739227294921875,58.66445808410644,25.36322784423828,130.13645935058594,True,False,False,False
probe4c2_B_soft_localized,B_ASP114,48,0.19442346692085266,1.222700595855713,163.66;-124.34,t/p-90,16.34;34.34,False,2.6780512485085657,OD2--B:HOH14:O,5.337950799089876,"OD2--sym6[0,0,1]/A:LYS133:NZ",0.18740086257457733,OD1--B:HOH54:O:3.19A;OD2--B:HOH50:O:3.07A;OD2--B:HOH14:O:2.68A,26.656482696533203,25.182559967041016,28.920547485351562,1.4739227294921875,58.66445808410644,25.36322784423828,130.13645935058594,True,False,False,False
probe4c2_B_soft_localized,B_ASP114,49,0.19442346692085266,1.222700595855713,163.66;-124.34,t/p-90,16.34;34.34,False,2.6780512485085657,OD2--B:HOH14:O,5.337950799089876,"OD2--sym6[0,0,1]/A:LYS133:NZ",0.18740086257457733,OD1--B:HOH54:O:3.19A;OD2--B:HOH50:O:3.07A;OD2--B:HOH14:O:2.68A,26.656482696533203,25.182559967041016,28.920547485351562,1.4739227294921875,58.66445808410644,25.36322784423828,130.13645935058594,True,False,False,False
probe4c2_B_soft_localized,B_ARG129,0,0.6395730972290039,1.3136743307113647,-77.73;-140.71;-44.88;148.33,g-/t/g-/p180,17.73;39.29;15.12;31.67,False,3.1618601278270484,CB--B:ILE130:N,1.86487722512671,"NH2--sym1[1,1,0]/A:TYR131:CZ",0.13686339557170868,,27.622669219970703,25.182605743408203,26.839645385742188,2.4400634765625,828.3526054382324,24.26175308227539,2970.25244140625,False,False,False,False
probe4c2_B_soft_localized,B_ARG129,1,0.6395226716995239,1.313702940940857,-77.73;-140.71;-44.88;148.33,g-/t/g-/p180,17.73;39.29;15.12;31.67,False,3.1618601278270484,CB--B:ILE130:N,1.8650159947077471,"NH2--sym1[1,1,0]/A:TYR131:CZ",0.13684117794036865,,27.622669219970703,25.182605743408203,26.839645385742188,2.4400634765625,828.3526054382324,24.26175308227539,2970.25244140625,False,False,False,False
probe4c2_B_soft_localized,B_ARG129,2,0.6395384073257446,1.3136967420578003,-77.73;-140.71;-44.88;148.33,g-/t/g-/p180,17.73;39.29;15.12;31.67,False,3.1618601278270484,CB--B:ILE130:N,1.8649661790449508,"NH2--sym1[1,1,0]/A:TYR131:CZ",0.13684849441051483,,27.622669219970703,25.182605743408203,26.839645385742188,2.4400634765625,828.3526054382324,24.26175308227539,2970.25244140625,False,False,False,False
probe4c2_B_soft_localized,B_ARG129,3,0.6395533084869385,1.3136876821517944,-77.73;-140.71;-44.88;148.33,g-/t/g-/p180,17.73;39.29;15.12;31.67,False,3.1618601278270484,CB--B:ILE130:N,1.8649184824830785,"NH2--sym1[1,1,0]/A:TYR131:CZ",0.13685767352581024,,27.622669219970703,25.182605743408203,26.839645385742188,2.4400634765625,828.3526054382324,24.26175308227539,2970.25244140625,False,False,False,False
probe4c2_B_soft_localized,B_ARG129,4,0.6395707130432129,1.3136823177337646,-77.74;-140.71;-44.88;148.33,g-/t/g-/p180,17.74;39.29;15.12;31.67,False,3.1618601278270484,CB--B:ILE130:N,1.8648968161547546,"NH2--sym1[1,1,0]/A:TYR131:CZ",0.13685698807239532,,27.622669219970703,25.182605743408203,26.839645385742188,2.4400634765625,828.3526054382324,24.26175308227539,2970.25244140625,False,False,False,False
probe4c2_B_soft_localized,B_ARG129,5,0.6395518183708191,1.3136918544769287,-77.73;-140.71;-44.88;148.33,g-/t/g-/p-180,17.73;39.29;15.12;31.67,False,3.1618601278270484,CB--B:ILE130:N,1.8649469631458546,"NH2--sym1[1,1,0]/A:TYR131:CZ",0.13685311377048492,,27.622669219970703,25.182605743408203,26.839645385742188,2.4400634765625,828.3526054382324,24.26175308227539,2970.25244140625,False,False,False,False
probe4c2_B_soft_localized,B_ARG129,6,0.6395885944366455,1.3136661052703857,-77.74;-140.71;-44.88;148.33,g-/t/g-/p180,17.74;39.29;15.12;31.67,False,3.1618601278270484,CB--B:ILE130:N,1.8648104311201807,"NH2--sym1[1,1,0]/A:TYR131:CZ",0.13687066733837128,,27.622669219970703,25.182605743408203,26.839645385742188,2.4400634765625,828.3526054382324,24.26175308227539,2970.25244140625,False,False,False,False
probe4c2_B_soft_localized,B_ARG129,7,0.6395902037620544,1.3136632442474365,-77.74;-140.71;-44.88;148.33,g-/t/g-/p180,17.74;39.29;15.12;31.67,False,3.1618601278270484,CB--B:ILE130:N,1.864808118750197,"NH2--sym1[1,1,0]/A:TYR131:CZ",0.13687226176261902,,27.623291015625,25.182605743408203,26.839645385742188,2.440685272216797,828.3526054382324,24.26175308227539,2970.25244140625,False,False,False,False
probe4c2_B_soft_localized,B_ARG129,8,0.6395272612571716,1.3136913776397705,-77.73;-140.71;-44.88;148.33,g-/t/g-/p180,17.73;39.29;15.12;31.67,False,3.1618601278270484,CB--B:ILE130:N,1.8650055435728097,"NH2--sym1[1,1,0]/A:TYR131:CZ",0.1368480920791626,,27.622669219970703,25.182605743408203,26.839645385742188,2.4400634765625,828.3526054382324,24.26175308227539,2970.25244140625,False,False,False,False
probe4c2_B_soft_localized,B_ARG129,9,0.6395388245582581,1.3137010335922241,-77.73;-140.71;-44.88;148.33,g-/t/g-/p-180,17.73;39.29;15.12;31.67,False,3.1618601278270484,CB--B:ILE130:N,1.8649652606630283,"NH2--sym1[1,1,0]/A:TYR131:CZ",0.13685013353824615,,27.622669219970703,25.182605743408203,26.839645385742188,2.4400634765625,828.3526054382324,24.26175308227539,2970.25244140625,False,False,False,False
probe4c2_B_soft_localized,B_ARG129,10,0.6395265460014343,1.3136957883834839,-77.73;-140.71;-44.88;148.33,g-/t/g-/p180,17.73;39.29;15.12;31.67,False,3.1618601278270484,CB--B:ILE130:N,1.8650145012192656,"NH2--sym1[1,1,0]/A:TYR131:CZ",0.13684645295143127,,27.622669219970703,25.182605743408203,26.839645385742188,2.4400634765625,828.3526054382324,24.26175308227539,2970.25244140625,False,False,False,False
probe4c2_B_soft_localized,B_ARG129,11,0.639524519443512,1.3137034177780151,-77.73;-140.71;-44.88;148.33,g-/t/g-/p180,17.73;39.29;15.12;31.67,False,3.1618601278270484,CB--B:ILE130:N,1.8650152821086732,"NH2--sym1[1,1,0]/A:TYR131:CZ",0.13684271275997162,,27.622669219970703,25.182605743408203,26.839645385742188,2.4400634765625,828.3526054382324,24.26175308227539,2970.25244140625,False,False,False,False
probe4c2_B_soft_localized,B_ARG129,12,0.6395019292831421,1.3137117624282837,-77.73;-140.71;-44.88;148.33,g-/t/g-/p180,17.73;39.29;15.12;31.67,False,3.1618601278270484,CB--B:ILE130:N,1.8651032306024542,"NH2--sym1[1,1,0]/A:TYR131:CZ",0.13683417439460754,,27.622669219970703,25.182605743408203,26.839645385742188,2.4400634765625,828.3526054382324,24.26175308227539,2970.25244140625,False,False,False,False
probe4c2_B_soft_localized,B_ARG129,13,0.6395910382270813,1.313660979270935,-77.74;-140.71;-44.88;148.33,g-/t/g-/p180,17.74;39.29;15.12;31.67,False,3.1618601278270484,CB--B:ILE130:N,1.8648140513552542,"NH2--sym1[1,1,0]/A:TYR131:CZ",0.13687355816364288,,27.623291015625,25.182605743408203,26.839645385742188,2.440685272216797,828.3526054382324,24.26175308227539,2970.25244140625,False,False,False,False
probe4c2_B_soft_localized,B_ARG129,14,0.6395505666732788,1.3136876821517944,-77.73;-140.71;-44.88;148.33,g-/t/g-/p180,17.73;39.29;15.12;31.67,False,3.1618601278270484,CB--B:ILE130:N,1.864940017896607,"NH2--sym1[1,1,0]/A:TYR131:CZ",0.1368531882762909,,27.622669219970703,25.182605743408203,26.839645385742188,2.4400634765625,828.3526054382324,24.26175308227539,2970.25244140625,False,False,False,False
probe4c2_B_soft_localized,B_ARG129,15,0.6395764946937561,1.3136729001998901,-77.74;-140.71;-44.88;148.33,g-/t/g-/p180,17.74;39.29;15.12;31.67,False,3.1618601278270484,CB--B:ILE130:N,1.8648363669804626,"NH2--sym1[1,1,0]/A:TYR131:CZ",0.1368625909090042,,27.622669219970703,25.182605743408203,26.839645385742188,2.4400634765625,828.3526054382324,24.26175308227539,2970.25244140625,False,False,False,False
probe4c2_B_soft_localized,B_ARG129,16,0.639589786529541,1.3136588335037231,-77.73;-140.71;-44.88;148.33,g-/t/g-/p180,17.73;39.29;15.12;31.67,False,3.1618601278270484,CB--B:ILE130:N,1.8648115080055776,"NH2--sym1[1,1,0]/A:TYR131:CZ",0.13687467575073242,,27.623291015625,25.182605743408203,26.839645385742188,2.440685272216797,828.3526054382324,24.26175308227539,2970.25244140625,False,False,False,False
probe4c2_B_soft_localized,B_ARG129,17,0.6395296454429626,1.3137086629867554,-77.74;-140.71;-44.88;148.33,g-/t/g-/p-180,17.74;39.29;15.12;31.67,False,3.1618601278270484,CB--B:ILE130:N,1.8649944554717686,"NH2--sym1[1,1,0]/A:TYR131:CZ",0.13684198260307312,,27.62201690673828,25.182605743408203,26.839645385742188,2.439411163330078,828.3526054382324,24.26175308227539,2970.25244140625,False,False,False,False
probe4c2_B_soft_localized,B_ARG129,18,0.6395235657691956,1.3136993646621704,-77.73;-140.71;-44.88;148.33,g-/t/g-/p180,17.73;39.29;15.12;31.67,False,3.1618601278270484,CB--B:ILE130:N,1.8650252155573386,"NH2--sym1[1,1,0]/A:TYR131:CZ",0.13684363663196564,,27.622669219970703,25.182605743408203,26.839645385742188,2.4400634765625,828.3526054382324,24.26175308227539,2970.25244140625,False,False,False,False
probe4c2_B_soft_localized,B_ARG129,19,0.6395540237426758,1.3136943578720093,-77.74;-140.71;-44.88;148.33,g-/t/g-/p180,17.74;39.29;15.12;31.67,False,3.1618601278270484,CB--B:ILE130:N,1.864941587463086,"NH2--sym1[1,1,0]/A:TYR131:CZ",0.13685183227062225,,27.622669219970703,25.182605743408203,26.839645385742188,2.4400634765625,828.3526054382324,24.26175308227539,2970.25244140625,False,False,False,False
probe4c2_B_soft_localized,B_ARG129,20,0.639524519443512,1.3137038946151733,-77.73;-140.71;-44.88;148.33,g-/t/g-/p180,17.73;39.29;15.12;31.67,False,3.1618601278270484,CB--B:ILE130:N,1.8650114376139506,"NH2--sym1[1,1,0]/A:TYR131:CZ",0.13684344291687012,,27.622669219970703,25.182605743408203,26.839645385742188,2.4400634765625,828.3526054382324,24.26175308227539,2970.25244140625,False,False,False,False
probe4c2_B_soft_localized,B_ARG129,21,0.6395676732063293,1.3136783838272095,-77.73;-140.71;-44.88;148.33,g-/t/g-/p180,17.73;39.29;15.12;31.67,False,3.1618601278270484,CB--B:ILE130:N,1.8648760244420224,"NH2--sym1[1,1,0]/A:TYR131:CZ",0.13686296343803406,,27.622669219970703,25.182605743408203,26.839645385742188,2.4400634765625,828.3526054382324,24.26175308227539,2970.25244140625,False,False,False,False
probe4c2_B_soft_localized,B_ARG129,22,0.6395863890647888,1.3136628866195679,-77.73;-140.71;-44.88;148.33,g-/t/g-/p-180,17.73;39.29;15.12;31.67,False,3.1618601278270484,CB--B:ILE130:N,1.86481481402812,"NH2--sym1[1,1,0]/A:TYR131:CZ",0.13687404990196228,,27.623291015625,25.182605743408203,26.839645385742188,2.440685272216797,828.3526054382324,24.26175308227539,2970.25244140625,False,False,False,False
probe4c2_B_soft_localized,B_ARG129,23,0.6395539045333862,1.3136919736862183,-77.74;-140.71;-44.88;148.33,g-/t/g-/p-180,17.74;39.29;15.12;31.67,False,3.1618601278270484,CB--B:ILE130:N,1.8649298287593095,"NH2--sym1[1,1,0]/A:TYR131:CZ",0.13685517013072968,,27.622669219970703,25.182605743408203,26.839645385742188,2.4400634765625,828.3526054382324,24.26175308227539,2970.25244140625,False,False,False,False
probe4c2_B_soft_localized,B_ARG129,24,0.639538586139679,1.3136966228485107,-77.73;-140.71;-44.88;148.33,g-/t/g-/p180,17.73;39.29;15.12;31.67,False,3.1618601278270484,CB--B:ILE130:N,1.8649661790449508,"NH2--sym1[1,1,0]/A:TYR131:CZ",0.13685056567192078,,27.622669219970703,25.182605743408203,26.839645385742188,2.4400634765625,828.3526054382324,24.26175308227539,2970.25244140625,False,False,False,False
probe4c2_B_soft_localized,B_ARG129,25,0.6395281553268433,1.3137110471725464,-77.74;-140.71;-44.88;148.33,g-/t/g-/p180,17.74;39.29;15.12;31.67,False,3.1618601278270484,CB--B:ILE130:N,1.864995830812509,"NH2--sym1[1,1,0]/A:TYR131:CZ",0.13684365153312683,,27.62201690673828,25.182605743408203,26.839645385742188,2.439411163330078,828.3526054382324,24.26175308227539,2970.25244140625,False,False,False,False
probe4c2_B_soft_localized,B_ARG129,26,0.639542281627655,1.3137019872665405,-77.74;-140.71;-44.88;148.33,g-/t/g-/p-180,17.74;39.29;15.12;31.67,False,3.1618601278270484,CB--B:ILE130:N,1.8649702749232413,"NH2--sym1[1,1,0]/A:TYR131:CZ",0.13684658706188202,,27.622669219970703,25.182605743408203,26.839645385742188,2.4400634765625,828.3526054382324,24.26175308227539,2970.25244140625,False,False,False,False
probe4c2_B_soft_localized,B_ARG129,27,0.6395612359046936,1.3136802911758423,-77.73;-140.71;-44.88;148.33,g-/t/g-/p180,17.73;39.29;15.12;31.67,False,3.1618601278270484,CB--B:ILE130:N,1.8649005671084256,"NH2--sym1[1,1,0]/A:TYR131:CZ",0.13686135411262512,,27.622669219970703,25.182605743408203,26.839645385742188,2.4400634765625,828.3526054382324,24.26175308227539,2970.25244140625,False,False,False,False
probe4c2_B_soft_localized,B_ARG129,28,0.6395350694656372,1.3136955499649048,-77.73;-140.71;-44.88;148.33,g-/t/g-/p180,17.73;39.29;15.12;31.67,False,3.1618601278270484,CB--B:ILE130:N,1.8649754495755355,"NH2--sym1[1,1,0]/A:TYR131:CZ",0.13685190677642822,,27.622669219970703,25.182605743408203,26.839645385742188,2.4400634765625,828.3526054382324,24.26175308227539,2970.25244140625,False,False,False,False
probe4c2_B_soft_localized,B_ARG129,29,0.6395828127861023,1.3136610984802246,-77.73;-140.71;-44.88;148.33,g-/t/g-/p180,17.73;39.29;15.12;31.67,False,3.1618601278270484,CB--B:ILE130:N,1.864817822047805,"NH2--sym1[1,1,0]/A:TYR131:CZ",0.13687357306480408,,27.623291015625,25.182605743408203,26.839645385742188,2.440685272216797,828.3526054382324,24.26175308227539,2970.25244140625,False,False,False,False
probe4c2_B_soft_localized,B_ARG129,30,0.6395905613899231,1.3136646747589111,-77.74;-140.71;-44.88;148.33,g-/t/g-/p180,17.74;39.29;15.12;31.67,False,3.1618601278270484,CB--B:ILE130:N,1.8647962036128745,"NH2--sym1[1,1,0]/A:TYR131:CZ",0.1368725746870041,,27.623291015625,25.182605743408203,26.839645385742188,2.440685272216797,828.3526054382324,24.26175308227539,2970.25244140625,False,False,False,False
probe4c2_B_soft_localized,B_ARG129,31,0.639560341835022,1.313681721687317,-77.73;-140.71;-44.88;148.33,g-/t/g-/p180,17.73;39.29;15.12;31.67,False,3.1618601278270484,CB--B:ILE130:N,1.8648926713219942,"NH2--sym1[1,1,0]/A:TYR131:CZ",0.1368604451417923,,27.622669219970703,25.182605743408203,26.839645385742188,2.4400634765625,828.3526054382324,24.26175308227539,2970.25244140625,False,False,False,False
probe4c2_B_soft_localized,B_ARG129,32,0.6395121216773987,1.3137134313583374,-77.73;-140.71;-44.89;148.33,g-/t/g-/p180,17.73;39.29;15.11;31.67,False,3.1618601278270484,CB--B:ILE130:N,1.8650619354968618,"NH2--sym1[1,1,0]/A:TYR131:CZ",0.13683652877807617,,27.622669219970703,25.182605743408203,26.839645385742188,2.4400634765625,828.3526054382324,24.26175308227539,2970.25244140625,False,False,False,False
probe4c2_B_soft_localized,B_ARG129,33,0.6395368576049805,1.313696265220642,-77.73;-140.71;-44.88;148.33,g-/t/g-/p180,17.73;39.29;15.12;31.67,False,3.1618601278270484,CB--B:ILE130:N,1.8649729305001854,"NH2--sym1[1,1,0]/A:TYR131:CZ",0.1368512064218521,,27.622669219970703,25.182605743408203,26.839645385742188,2.4400634765625,828.3526054382324,24.26175308227539,2970.25244140625,False,False,False,False
probe4c2_B_soft_localized,B_ARG129,34,0.6395188570022583,1.3137012720108032,-77.73;-140.71;-44.88;148.33,g-/t/g-/p180,17.73;39.29;15.12;31.67,False,3.1618601278270484,CB--B:ILE130:N,1.8650574654887893,"NH2--sym1[1,1,0]/A:TYR131:CZ",0.13684014976024628,,27.622669219970703,25.182605743408203,26.839645385742188,2.4400634765625,828.3526054382324,24.26175308227539,2970.25244140625,False,False,False,False
probe4c2_B_soft_localized,B_ARG129,35,0.6395418047904968,1.3136953115463257,-77.73;-140.71;-44.88;148.33,g-/t/g-/p180,17.73;39.29;15.12;31.67,False,3.1618601278270484,CB--B:ILE130:N,1.8649643726207434,"NH2--sym1[1,1,0]/A:TYR131:CZ",0.1368493139743805,,27.622669219970703,25.182605743408203,26.839645385742188,2.4400634765625,828.3526054382324,24.26175308227539,2970.25244140625,False,False,False,False
probe4c2_B_soft_localized,B_ARG129,36,0.6395581960678101,1.313682198524475,-77.73;-140.71;-44.88;148.33,g-/t/g-/p180,17.73;39.29;15.12;31.67,False,3.1618601278270484,CB--B:ILE130:N,1.8648953471916256,"NH2--sym1[1,1,0]/A:TYR131:CZ",0.13686060905456543,,27.622669219970703,25.182605743408203,26.839645385742188,2.4400634765625,828.3526054382324,24.26175308227539,2970.25244140625,False,False,False,False
probe4c2_B_soft_localized,B_ARG129,37,0.6395828723907471,1.3136683702468872,-77.74;-140.71;-44.88;148.33,g-/t/g-/p180,17.74;39.29;15.12;31.67,False,3.1618601278270484,CB--B:ILE130:N,1.8648270779204523,"NH2--sym1[1,1,0]/A:TYR131:CZ",0.1368701159954071,,27.622669219970703,25.182605743408203,26.839645385742188,2.4400634765625,828.3526054382324,24.26175308227539,2970.25244140625,False,False,False,False
probe4c2_B_soft_localized,B_ARG129,38,0.6395806670188904,1.3136663436889648,-77.73;-140.71;-44.88;148.33,g-/t/g-/p180,17.73;39.29;15.12;31.67,False,3.1618601278270484,CB--B:ILE130:N,1.864816065363599,"NH2--sym1[1,1,0]/A:TYR131:CZ",0.13687218725681305,,27.623291015625,25.182605743408203,26.839645385742188,2.440685272216797,828.3526054382324,24.26175308227539,2970.25244140625,False,False,False,False
probe4c2_B_soft_localized,B_ARG129,39,0.6395596265792847,1.313685655593872,-77.73;-140.71;-44.88;148.33,g-/t/g-/p-180,17.73;39.29;15.12;31.67,False,3.1618601278270484,CB--B:ILE130:N,1.8649026731541376,"NH2--sym1[1,1,0]/A:TYR131:CZ",0.13685984909534454,,27.622669219970703,25.182605743408203,26.839645385742188,2.4400634765625,828.3526054382324,24.26175308227539,2970.25244140625,False,False,False,False
probe4c2_B_soft_localized,B_ARG129,40,0.6395150423049927,1.3137071132659912,-77.73;-140.71;-44.88;148.33,g-/t/g-/p-180,17.73;39.29;15.12;31.67,False,3.1618601278270484,CB--B:ILE130:N,1.8650615348664423,"NH2--sym1[1,1,0]/A:TYR131:CZ",0.13683781027793884,,27.622669219970703,25.182605743408203,26.839645385742188,2.4400634765625,828.3526054382324,24.26175308227539,2970.25244140625,False,False,False,False
probe4c2_B_soft_localized,B_ARG129,41,0.6395215392112732,1.313713550567627,-77.73;-140.71;-44.89;148.33,g-/t/g-/p180,17.73;39.29;15.11;31.67,False,3.1618601278270484,CB--B:ILE130:N,1.8650327377684495,"NH2--sym1[1,1,0]/A:TYR131:CZ",0.13683900237083435,,27.622669219970703,25.182605743408203,26.839645385742188,2.4400634765625,828.3526054382324,24.26175308227539,2970.25244140625,False,False,False,False
probe4c2_B_soft_localized,B_ARG129,42,0.6395150423049927,1.313706874847412,-77.73;-140.71;-44.88;148.33,g-/t/g-/p180,17.73;39.29;15.12;31.67,False,3.1618601278270484,CB--B:ILE130:N,1.8650622474575973,"NH2--sym1[1,1,0]/A:TYR131:CZ",0.13683907687664032,,27.622669219970703,25.182605743408203,26.839645385742188,2.4400634765625,828.3526054382324,24.26175308227539,2970.25244140625,False,False,False,False
probe4c2_B_soft_localized,B_ARG129,43,0.6395870447158813,1.31365966796875,-77.73;-140.71;-44.88;148.33,g-/t/g-/p180,17.73;39.29;15.12;31.67,False,3.1618601278270484,CB--B:ILE130:N,1.8647918869499056,"NH2--sym1[1,1,0]/A:TYR131:CZ",0.1368764191865921,,27.623291015625,25.182605743408203,26.839645385742188,2.440685272216797,828.3526054382324,24.26175308227539,2970.25244140625,False,False,False,False
probe4c2_B_soft_localized,B_ARG129,44,0.6395624876022339,1.3136820793151855,-77.73;-140.71;-44.88;148.33,g-/t/g-/p-180,17.73;39.29;15.12;31.67,False,3.1618601278270484,CB--B:ILE130:N,1.8648930026680748,"NH2--sym1[1,1,0]/A:TYR131:CZ",0.13686147332191467,,27.622669219970703,25.182605743408203,26.839645385742188,2.4400634765625,828.3526054382324,24.26175308227539,2970.25244140625,False,False,False,False
probe4c2_B_soft_localized,B_ARG129,45,0.6395914554595947,1.3136622905731201,-77.74;-140.71;-44.88;148.33,g-/t/g-/p180,17.74;39.29;15.12;31.67,False,3.1618601278270484,CB--B:ILE130:N,1.8648018048409385,"NH2--sym1[1,1,0]/A:TYR131:CZ",0.1368757039308548,,27.623291015625,25.182605743408203,26.839645385742188,2.440685272216797,828.3526054382324,24.26175308227539,2970.25244140625,False,False,False,False
probe4c2_B_soft_localized,B_ARG129,46,0.6395555138587952,1.313684344291687,-77.73;-140.71;-44.88;148.33,g-/t/g-/p180,17.73;39.29;15.12;31.67,False,3.1618601278270484,CB--B:ILE130:N,1.8649188138284745,"NH2--sym1[1,1,0]/A:TYR131:CZ",0.13685616850852966,,27.622669219970703,25.182605743408203,26.839645385742188,2.4400634765625,828.3526054382324,24.26175308227539,2970.25244140625,False,False,False,False
probe4c2_B_soft_localized,B_ARG129,47,0.6395347714424133,1.3137003183364868,-77.73;-140.71;-44.88;148.33,g-/t/g-/p180,17.73;39.29;15.12;31.67,False,3.1618601278270484,CB--B:ILE130:N,1.8649652606630283,"NH2--sym1[1,1,0]/A:TYR131:CZ",0.1368483155965805,,27.622669219970703,25.182605743408203,26.839645385742188,2.4400634765625,828.3526054382324,24.26175308227539,2970.25244140625,False,False,False,False
probe4c2_B_soft_localized,B_ARG129,48,0.6395639181137085,1.31368088722229,-77.73;-140.71;-44.88;148.33,g-/t/g-/p180,17.73;39.29;15.12;31.67,False,3.1618601278270484,CB--B:ILE130:N,1.8648930026680748,"NH2--sym1[1,1,0]/A:TYR131:CZ",0.13685956597328186,,27.622669219970703,25.182605743408203,26.839645385742188,2.4400634765625,828.3526054382324,24.26175308227539,2970.25244140625,False,False,False,False
probe4c2_B_soft_localized,B_ARG129,49,0.6395384073257446,1.3137038946151733,-77.74;-140.71;-44.88;148.33,g-/t/g-/p180,17.74;39.29;15.12;31.67,False,3.1618601278270484,CB--B:ILE130:N,1.8649841216628225,"NH2--sym1[1,1,0]/A:TYR131:CZ",0.13684318959712982,,27.622669219970703,25.182605743408203,26.839645385742188,2.4400634765625,828.3526054382324,24.26175308227539,2970.25244140625,False,False,False,False
