panel,candidate_id,site,start,conformer,occupancy,assignment,merge_cluster,merge_cluster_occupancy,merge_cluster_representative,merge_cluster_assignment,assigned_occupancy,rmsd_to_A_conventional,rmsd_to_B_conventional,chi_degrees,nearest_rotamer,rotamer_deviation_degrees,rotamer_allowed_width_degrees,rotamer_within_allowed_width,canonical_like_30deg,min_direct_distance,closest_direct_atom,min_direct_clearance,no_direct_clash,min_symmetry_distance,closest_symmetry_atom,min_symmetry_clearance,no_symmetry_clash,no_sub2A_clash,geometry_physical_valid,tmol_energy,tmol_reference_matched_AB,tmol_delta_vs_matched_AB,tmol_valid,strict_physical_valid
original5,4C16_A_MET258__000__0,4C16_A_MET258,0,0,0.163362,other,0,0.163362,True,other,0.163362,1.0460700988769531,1.5239543914794922,-83.5597;-156.7859;89.6730,g-/t/m+,23.5597;23.2141;0.3270,45.0000;45.0000;60.0000,True,True,2.96054887665739,A:LYS279:NZ,0.96054887665739,True,5.83572741405452,"sym0[-1,1,0]/B:GLU132:OE2",3.83572741405452,True,True,True,78.98193359375,nan,nan,False,False
original5,4C16_A_MET258__000__1,4C16_A_MET258,0,1,0.20398553,other,1,0.20398553,True,other,0.20398553,1.4820280075073242,2.85244083404541,-168.7062;158.1190;90.3656,t/t/m+,11.2938;21.8810;0.3656,45.0000;45.0000;60.0000,True,True,3.406105266796932,A:THR277:OG1,1.4061052667969318,True,5.795681233896905,"sym0[-1,1,0]/B:GLU132:OE2",3.7956812338969046,True,True,True,77.31608581542969,nan,nan,False,False
original5,4C16_A_MET258__000__2,4C16_A_MET258,0,2,0.093670815,other,2,0.093670815,True,other,0.093670815,1.4465361833572388,1.8338255882263184,-171.6646;66.1319;91.3550,t/g+/m+,8.3354;6.1319;1.3550,45.0000;45.0000;60.0000,True,True,3.406105266796932,A:THR277:OG1,1.4061052667969318,True,6.680777675771732,"sym0[-1,1,0]/B:GLU132:OE2",4.680777675771732,True,True,True,75.929931640625,nan,nan,False,False
original5,4C16_A_MET258__000__3,4C16_A_MET258,0,3,0.53898168,other,3,0.53898168,True,other,0.53898168,3.1463561058044434,1.4836069345474243,-53.7263;-75.9707;102.8047,g-/g-/m+,6.2737;15.9707;12.8047,45.0000;45.0000;60.0000,True,True,2.941457214844846,A:GLU256:CG,0.9414572148448461,True,8.540353187131965,"sym0[-1,1,0]/B:GLU132:OE2",6.540353187131965,True,True,True,226.86416625976562,nan,nan,False,False
original5,4C16_A_MET258__001__0,4C16_A_MET258,1,0,0.30270186,A,0,0.30270186,True,A,0.30270186,0.1679847240447998,2.322237491607666,-163.0627;158.1967;-173.2053,t/t/t,16.9373;21.8033;6.7947,45.0000;45.0000;60.0000,True,True,3.3455085685885435,A:LYS279:NZ,1.3455085685885435,True,4.829714596177937,"sym0[-1,1,0]/B:GLU132:OE2",2.8297145961779373,True,True,True,108.00513458251953,109.64179992675781,-1.6366653442382812,True,True
original5,4C16_A_MET258__001__1,4C16_A_MET258,1,1,0.052043982,other,1,0.052043982,True,other,0.052043982,1.5461201667785645,1.7555843591690063,-161.6868;93.7242;-122.2766,t/g+/m-,18.3132;33.7242;32.2766,45.0000;45.0000;60.0000,True,True,3.406105266796932,A:THR277:OG1,1.4061052667969318,True,7.08544078105535,"sym0[-1,1,0]/B:GLU132:OE2",5.08544078105535,True,True,True,82.0383071899414,nan,nan,False,False
original5,4C16_A_MET258__001__2,4C16_A_MET258,1,2,0.58260542,B,2,0.58260542,True,B,0.58260542,2.210585355758667,0.19850870966911316,-51.4849;-62.8202;-72.2284,g-/g-/m-,8.5151;2.8202;17.7716,45.0000;45.0000;60.0000,True,True,3.3936216987766796,A:GLU256:O,1.3936216987766796,True,6.167691773494623,"sym0[-1,1,0]/S:HOH624:O",4.807691759189508,True,True,True,104.31481170654297,105.44197082519531,-1.1271591186523438,True,True
original5,4C16_A_MET258__001__3,4C16_A_MET258,1,3,0.062648706,other,3,0.062648706,True,other,0.062648706,1.106711745262146,1.472447395324707,-80.8909;-156.8210;91.2168,g-/t/m+,20.8909;23.1790;1.2168,45.0000;45.0000;60.0000,True,True,2.927735986702886,A:LYS279:CE,0.9277359867028858,True,5.947653670828306,"sym0[-1,1,0]/B:GLU132:OE2",3.9476536708283056,True,True,True,78.59305572509766,nan,nan,False,False
original5,4C16_A_MET258__002__0,4C16_A_MET258,2,0,0.57836145,other,0,0.57836145,True,other,0.57836145,2.8318228721618652,1.6778854131698608,-114.5276;62.1689;83.5460,g-/g+/m+,54.5276;2.1689;6.4540,45.0000;45.0000;60.0000,False,False,3.020575742903237,A:LYS279:CB,1.0205757429032372,True,7.802612470011787,"sym0[-1,1,0]/B:GLU132:OE2",5.802612470011787,True,True,False,80.45822143554688,nan,nan,False,False
original5,4C16_A_MET258__002__1,4C16_A_MET258,2,1,0.34574342,A,1,0.34574342,True,A,0.34574342,0.054701127111911774,2.2437052726745605,-162.3873;153.5780;-171.9600,t/t/t,17.6127;26.4220;8.0400,45.0000;45.0000;60.0000,True,True,3.311747848510857,A:LYS279:NZ,1.3117478485108571,True,4.929233392292011,"sym0[-1,1,0]/B:GLU132:OE2",2.9292333922920113,True,True,True,108.99988555908203,109.64179992675781,-0.6419143676757812,True,True
original5,4C16_A_MET258__002__3,4C16_A_MET258,2,3,0.063173562,other,2,0.063173562,True,other,0.063173562,2.5324528217315674,2.4870636463165283,-33.4066;157.1937;38.6894,g-/t/m+,26.5934;22.8063;51.3106,45.0000;45.0000;60.0000,True,True,2.8007468368320994,A:LYS279:CB,0.8007468368320994,True,6.952658645998145,"sym0[-1,1,0]/B:GLU132:OE2",4.952658645998145,True,True,True,82.81352233886719,nan,nan,False,False
original5,4C16_A_MET258__003__2,4C16_A_MET258,3,2,0.36471677,A,0,0.36471677,True,A,0.36471677,0.09590734541416168,2.2633464336395264,-160.7746;156.7511;-174.2412,t/t/t,19.2254;23.2489;5.7588,45.0000;45.0000;60.0000,True,True,3.300017366016924,A:LYS279:NZ,1.3000173660169239,True,4.89778884234187,"sym0[-1,1,0]/B:GLU132:OE2",2.8977888423418703,True,True,True,108.85678100585938,109.64179992675781,-0.7850189208984375,True,True
original5,4C16_A_MET258__003__3,4C16_A_MET258,3,3,0.62757331,B,1,0.62757331,True,B,0.62757331,2.187323570251465,0.15319062769412994,-51.6871;-63.7058;-68.5046,g-/g-/m-,8.3129;3.7058;21.4954,45.0000;45.0000;60.0000,True,True,3.3964731177999132,A:GLU256:O,1.3964731177999132,True,6.144944932009168,"sym0[-1,1,0]/S:HOH624:O",4.7849449177040535,True,True,True,104.33817291259766,105.44197082519531,-1.1037979125976562,True,True
original5,4C16_A_MET258__004__0,4C16_A_MET258,4,0,0.30593556,A,0,0.30593556,True,A,0.30593556,0.17448781430721283,2.321347713470459,-161.4268;160.6106;-173.7077,t/t/t,18.5732;19.3894;6.2923,45.0000;45.0000;60.0000,True,True,3.337098219775634,A:LYS279:NZ,1.3370982197756338,True,4.840823789031634,"sym0[-1,1,0]/B:GLU132:OE2",2.840823789031634,True,True,True,108.10282135009766,109.64179992675781,-1.5389785766601562,True,True
original5,4C16_A_MET258__004__1,4C16_A_MET258,4,1,0.60656893,B,1,0.60656893,True,B,0.60656893,2.198756694793701,0.15839551389217377,-51.7646;-63.0013;-69.4428,g-/g-/m-,8.2354;3.0013;20.5572,45.0000;45.0000;60.0000,True,True,3.3975666165687697,A:GLU256:O,1.3975666165687697,True,6.16531313122271,"sym0[-1,1,0]/S:HOH624:O",4.8053131169175956,True,True,True,104.32154846191406,105.44197082519531,-1.12042236328125,True,True
original5,4C16_A_MET258__004__2,4C16_A_MET258,4,2,0.055800334,other,2,0.055800334,True,other,0.055800334,1.1287368535995483,1.4662554264068604,-80.0998;-157.9271;92.1184,g-/t/m+,20.0998;22.0729;2.1184,45.0000;45.0000;60.0000,True,True,2.8918782057886796,A:LYS279:CE,0.8918782057886796,True,5.970120938587404,"sym0[-1,1,0]/B:GLU132:OE2",3.970120938587404,True,True,True,78.36074829101562,nan,nan,False,False
original5,4C16_A_MET258__005__0,4C16_A_MET258,5,0,0.36165544,A,0,0.36165544,True,A,0.36165544,0.09823527932167053,2.2653348445892334,-160.8205;156.8756;-174.1624,t/t/t,19.1795;23.1244;5.8376,45.0000;45.0000;60.0000,True,True,3.3014395322441974,A:LYS279:NZ,1.3014395322441974,True,4.896275043186638,"sym0[-1,1,0]/B:GLU132:OE2",2.8962750431866384,True,True,True,108.82276916503906,109.64179992675781,-0.81903076171875,True,True
original5,4C16_A_MET258__005__3,4C16_A_MET258,5,3,0.62049508,B,1,0.62049508,True,B,0.62049508,2.1907711029052734,0.1621783822774887,-51.5674;-63.6777;-69.1360,g-/g-/m-,8.4326;3.6777;20.8640,45.0000;45.0000;60.0000,True,True,3.394784214211322,A:GLU256:O,1.394784214211322,True,6.146157946766173,"sym0[-1,1,0]/S:HOH624:O",4.786157932461058,True,True,True,104.33543395996094,105.44197082519531,-1.106536865234375,True,True
original5,4C16_A_MET258__006__0,4C16_A_MET258,6,0,0.27629212,A,0,0.27629212,True,A,0.27629212,0.23738634586334229,2.3743896484375,-166.3238;158.7731;-169.6185,t/t/t,13.6762;21.2269;10.3815,45.0000;45.0000;60.0000,True,True,3.4035080797969814,A:LYS279:NZ,1.4035080797969814,True,4.793362423011962,"sym0[-1,1,0]/B:GLU132:OE2",2.7933624230119616,True,True,True,107.22097778320312,109.64179992675781,-2.4208221435546875,True,True
original5,4C16_A_MET258__006__2,4C16_A_MET258,6,2,0.55186868,other,1,0.55186868,True,other,0.55186868,2.85512113571167,1.6880537271499634,-114.3979;61.2140;81.9588,g-/g+/m+,54.3979;1.2140;8.0412,45.0000;45.0000;60.0000,False,False,3.0348446677611647,A:LYS279:CB,1.0348446677611647,True,7.804859030084014,"sym0[-1,1,0]/B:GLU132:OE2",5.804859030084014,True,True,False,80.53594970703125,nan,nan,False,False
original5,4C16_A_MET258__006__3,4C16_A_MET258,6,3,0.16868517,other,2,0.16868517,True,other,0.16868517,1.3467671871185303,1.2497379779815674,-72.0445;-147.3491;91.2102,g-/t/m+,12.0445;32.6509;1.2102,45.0000;45.0000;60.0000,True,True,2.9853181732105365,A:LYS279:CE,0.9853181732105365,True,6.508933489245654,"sym0[-1,1,0]/B:GLU132:OE2",4.508933489245654,True,True,True,79.04519653320312,nan,nan,False,False
original5,4C16_A_MET258__007__1,4C16_A_MET258,7,1,0.35510203,A,0,0.35510203,True,A,0.35510203,0.10526543110609055,2.272167921066284,-161.1401;156.8827;-174.1781,t/t/t,18.8599;23.1173;5.8219,45.0000;45.0000;60.0000,True,True,3.306533548597897,A:LYS279:NZ,1.3065335485978968,True,4.88588152860385,"sym0[-1,1,0]/B:GLU132:OE2",2.88588152860385,True,True,True,108.73020935058594,109.64179992675781,-0.911590576171875,True,True
original5,4C16_A_MET258__007__3,4C16_A_MET258,7,3,0.60291737,B,1,0.60291737,True,B,0.60291737,2.1676251888275146,0.1580520123243332,-52.1493;-64.2281;-68.3435,g-/g-/m-,7.8507;4.2281;21.6565,45.0000;45.0000;60.0000,True,True,3.40304720171757,A:GLU256:O,1.4030472017175701,True,6.108668917418381,"sym0[-1,1,0]/S:HOH624:O",4.748668903113266,True,True,True,104.30384826660156,105.44197082519531,-1.13812255859375,True,True
original5,4C16_A_MET258__008__0,4C16_A_MET258,8,0,0.36082014,A,0,0.36082014,True,A,0.36082014,0.09616794437170029,2.2635128498077393,-160.7715;156.7767;-174.2280,t/t/t,19.2285;23.2233;5.7720,45.0000;45.0000;60.0000,True,True,3.3001133820815007,A:LYS279:NZ,1.3001133820815007,True,4.897816917498003,"sym0[-1,1,0]/B:GLU132:OE2",2.8978169174980026,True,True,True,108.85627746582031,109.64179992675781,-0.7855224609375,True,True
original5,4C16_A_MET258__008__1,4C16_A_MET258,8,1,0.61435711,B,1,0.61435711,True,B,0.61435711,2.177323818206787,0.15760819613933563,-52.0320;-63.8414;-68.7350,g-/g-/m-,7.9680;3.8414;21.2650,45.0000;45.0000;60.0000,True,True,3.4013701321421674,A:GLU256:O,1.4013701321421674,True,6.125961004938435,"sym0[-1,1,0]/S:HOH624:O",4.76596099063332,True,True,True,104.30108642578125,105.44197082519531,-1.1408843994140625,True,True
original5,4C16_A_MET258__009__0,4C16_A_MET258,9,0,0.24605079,other,0,0.24605079,True,other,0.24605079,1.4509294033050537,2.8153388500213623,-169.1458;155.3045;90.4197,t/t/m+,10.8542;24.6955;0.4197,45.0000;45.0000;60.0000,True,True,3.406105266796932,A:THR277:OG1,1.4061052667969318,True,5.79238975646315,"sym0[-1,1,0]/B:GLU132:OE2",3.79238975646315,True,True,True,77.50395965576172,nan,nan,False,False
original5,4C16_A_MET258__009__1,4C16_A_MET258,9,1,0.059253167,other,1,0.059253167,True,other,0.059253167,2.916278839111328,1.373793125152588,-95.1237;53.3549;179.9562,g-/g+/t,35.1237;6.6451;0.0438,45.0000;45.0000;60.0000,True,True,2.996707225040304,A:GLU256:O,0.996707225040304,True,8.157181828193128,"sym0[-1,1,0]/B:GLU132:OE2",6.157181828193128,True,True,True,186.89923095703125,nan,nan,False,False
original5,4C16_A_MET258__009__2,4C16_A_MET258,9,2,0.17690459,other,2,0.17690459,True,other,0.17690459,1.1328047513961792,1.419109582901001,-79.8153;-152.1992;90.1704,g-/t/m+,19.8153;27.8008;0.1704,45.0000;45.0000;60.0000,True,True,2.9836642424617748,A:LYS279:NZ,0.9836642424617748,True,6.06384075024244,"sym0[-1,1,0]/B:GLU132:OE2",4.06384075024244,True,True,True,79.08282470703125,nan,nan,False,False
original5,4C16_A_MET258__009__3,4C16_A_MET258,9,3,0.51779139,other,3,0.51779139,True,other,0.51779139,3.052952766418457,1.4706511497497559,-54.9375;-64.9957;174.0948,g-/g-/t,5.0625;4.9957;5.9052,45.0000;45.0000;60.0000,True,True,3.1684756015043596,A:GLU256:OE2,1.1684756015043596,True,8.639275418104157,"sym0[-1,1,0]/B:GLU132:OE2",6.639275418104157,True,True,True,170.46376037597656,nan,nan,False,False
original5,4C16_A_MET258__010__1,4C16_A_MET258,10,1,0.35766488,A,0,0.35766488,True,A,0.35766488,0.09926457703113556,2.2666265964508057,-160.9072;156.8258;-174.1787,t/t/t,19.0928;23.1742;5.8213,45.0000;45.0000;60.0000,True,True,3.3025234572695656,A:LYS279:NZ,1.3025234572695656,True,4.893855555298623,"sym0[-1,1,0]/B:GLU132:OE2",2.8938555552986234,True,True,True,108.80815887451172,109.64179992675781,-0.8336410522460938,True,True
original5,4C16_A_MET258__010__2,4C16_A_MET258,10,2,0.053748127,other,1,0.053748127,True,other,0.053748127,2.9485933780670166,1.3952558040618896,-94.0555;51.3228;178.9202,g-/g+/t,34.0555;8.6772;1.0798,45.0000;45.0000;60.0000,True,True,2.976517102905851,A:GLU256:O,0.9765171029058508,True,8.177338578498773,"sym0[-1,1,0]/B:GLU132:OE2",6.177338578498773,True,True,True,196.01837158203125,nan,nan,False,False
original5,4C16_A_MET258__010__3,4C16_A_MET258,10,3,0.58576524,B,2,0.58576524,True,B,0.58576524,2.158400297164917,0.17198485136032104,-52.6815;-64.1113;-69.3980,g-/g-/m-,7.3185;4.1113;20.6020,45.0000;45.0000;60.0000,True,True,3.406105266796932,A:THR277:OG1,1.4061052667969318,True,6.0883222311479654,"sym0[-1,1,0]/S:HOH624:O",4.728322216842851,True,True,True,104.2271728515625,105.44197082519531,-1.2147979736328125,True,True
original5,4C16_A_MET258__011__0,4C16_A_MET258,11,0,0.15188073,other,0,0.15188073,True,other,0.15188073,1.1575995683670044,1.4006435871124268,-77.9935;-152.1399;86.5970,g-/t/m+,17.9935;27.8601;3.4030,45.0000;45.0000;60.0000,True,True,2.9725253802619465,A:LYS279:NZ,0.9725253802619465,True,6.080778754923056,"sym0[-1,1,0]/B:GLU132:OE2",4.080778754923056,True,True,True,78.52227020263672,nan,nan,False,False
original5,4C16_A_MET258__011__1,4C16_A_MET258,11,1,0.27754986,A,1,0.27754986,True,A,0.27754986,0.839176595211029,2.1001949310302734,-173.9405;154.2432;-92.8964,t/t/m-,6.0595;25.7568;2.8964,45.0000;45.0000;60.0000,True,True,3.406105266796932,A:THR277:OG1,1.4061052667969318,True,6.122153157091438,"sym0[-1,1,0]/B:GLU132:OE2",4.122153157091438,True,True,True,107.34099578857422,109.64179992675781,-2.3008041381835938,True,True
original5,4C16_A_MET258__011__3,4C16_A_MET258,11,3,0.57016337,other,2,0.57016337,True,other,0.57016337,2.41894793510437,1.0729461908340454,-112.2361;63.2531;-172.5051,g-/g+/t,52.2361;3.2531;7.4949,45.0000;45.0000;60.0000,False,False,3.393125325302376,A:GLU256:OE2,1.393125325302376,True,7.842612955932006,"sym0[-1,1,0]/B:GLU132:OE2",5.842612955932006,True,True,False,84.54736328125,nan,nan,False,False
original5,4C16_A_MET258__012__0,4C16_A_MET258,12,0,0.085895218,other,0,0.085895218,True,other,0.085895218,1.6047803163528442,2.5212135314941406,179.4664;60.0033;-179.1618,t/g+/t,0.5336;0.0033;0.8382,45.0000;45.0000;60.0000,True,True,3.406105266796932,A:THR277:OG1,1.4061052667969318,True,5.410603697894251,"sym0[-1,1,0]/B:GLU132:OE2",3.410603697894251,True,True,True,76.2448959350586,nan,nan,False,False
original5,4C16_A_MET258__012__1,4C16_A_MET258,12,1,0.093419559,other,1,0.093419559,True,other,0.093419559,1.2032270431518555,1.364405870437622,-77.3234;-151.5055;92.4353,g-/t/m+,17.3234;28.4945;2.4353,45.0000;45.0000;60.0000,True,True,2.9752096178899072,A:LYS279:NZ,0.9752096178899072,True,6.208850966713748,"sym0[-1,1,0]/B:GLU132:OE2",4.208850966713748,True,True,True,79.0093994140625,nan,nan,False,False
original5,4C16_A_MET258__012__2,4C16_A_MET258,12,2,0.53554004,other,2,0.53554004,True,other,0.53554004,3.1421315670013428,1.480688214302063,-53.9736;-75.9122;102.9283,g-/g-/m+,6.0264;15.9122;12.9283,45.0000;45.0000;60.0000,True,True,2.9466505775383096,A:GLU256:CG,0.9466505775383096,True,8.533036428468593,"sym0[-1,1,0]/B:GLU132:OE2",6.533036428468593,True,True,True,225.26466369628906,nan,nan,False,False
original5,4C16_A_MET258__012__3,4C16_A_MET258,12,3,0.28514519,A,3,0.28514519,True,A,0.28514519,0.15286293625831604,2.309948444366455,-162.2301;158.5472;-173.3266,t/t/t,17.7699;21.4528;6.6734,45.0000;45.0000;60.0000,True,True,3.334376542408124,A:LYS279:NZ,1.334376542408124,True,4.848068773774147,"sym0[-1,1,0]/B:GLU132:OE2",2.8480687737741466,True,True,True,108.1753921508789,109.64179992675781,-1.4664077758789062,True,True
original5,4C16_A_MET258__013__0,4C16_A_MET258,13,0,0.52910209,other,0,0.52910209,True,other,0.52910209,3.150465488433838,1.4835704565048218,-52.1176;-77.4875;101.6003,g-/g-/m+,7.8824;17.4875;11.6003,45.0000;45.0000;60.0000,True,True,2.9402183926696077,A:GLU256:CG,0.9402183926696077,True,8.55829316316767,"sym0[-1,1,0]/B:GLU132:OE2",6.55829316316767,True,True,True,228.0064697265625,nan,nan,False,False
original5,4C16_A_MET258__013__1,4C16_A_MET258,13,1,0.066445448,other,1,0.066445448,True,other,0.066445448,2.796140670776367,1.3775124549865723,-73.7613;-70.5885;91.6733,g-/g-/m+,13.7613;10.5885;1.6733,45.0000;45.0000;60.0000,True,True,2.9934774324558187,A:LEU257:O,0.9934774324558187,True,7.964912981678918,"sym0[-1,1,0]/B:GLU132:OE2",5.964912981678918,True,True,True,86.80950164794922,nan,nan,False,False
original5,4C16_A_MET258__013__3,4C16_A_MET258,13,3,0.35631382,A,2,0.35631382,True,A,0.35631382,0.07397306710481644,2.2492706775665283,-160.8833;155.6902;-173.7320,t/t/t,19.1167;24.3098;6.2680,45.0000;45.0000;60.0000,True,True,3.296305490811743,A:LYS279:NZ,1.296305490811743,True,4.917133191787115,"sym0[-1,1,0]/B:GLU132:OE2",2.917133191787115,True,True,True,109.012939453125,109.64179992675781,-0.6288604736328125,True,True
original5,4C16_A_MET258__014__1,4C16_A_MET258,14,1,0.31867743,A,0,0.31867743,True,A,0.31867743,0.15719804167747498,2.3145148754119873,-162.8404;157.9788;-173.1455,t/t/t,17.1596;22.0212;6.8545,45.0000;45.0000;60.0000,True,True,3.340469564308109,A:LYS279:NZ,1.3404695643081088,True,4.839836853784302,"sym0[-1,1,0]/B:GLU132:OE2",2.839836853784302,True,True,True,108.09973907470703,109.64179992675781,-1.5420608520507812,True,True
original5,4C16_A_MET258__014__2,4C16_A_MET258,14,2,0.067781761,other,1,0.067781761,True,other,0.067781761,1.1221708059310913,1.4547343254089355,-79.6601;-155.7645;88.2698,g-/t/m+,19.6601;24.2355;1.7302,45.0000;45.0000;60.0000,True,True,2.930130324996778,A:LYS279:CE,0.9301303249967781,True,5.970224300297431,"sym0[-1,1,0]/B:GLU132:OE2",3.9702243002974313,True,True,True,78.29743957519531,nan,nan,False,False
original5,4C16_A_MET258__014__3,4C16_A_MET258,14,3,0.60912859,B,2,0.60912859,True,B,0.60912859,2.193354845046997,0.14535890519618988,-51.7804;-63.2565;-68.3166,g-/g-/m-,8.2196;3.2565;21.6834,45.0000;45.0000;60.0000,True,True,3.3977938708448,A:GLU256:O,1.3977938708448,True,6.161620815840274,"sym0[-1,1,0]/S:HOH624:O",4.801620801535159,True,True,True,104.3352279663086,105.44197082519531,-1.1067428588867188,True,True
original5,4C16_A_MET258__015__1,4C16_A_MET258,15,1,0.34314531,other,0,0.34314531,True,other,0.34314531,1.322920799255371,2.6505229473114014,-164.9955;148.8876;90.7577,t/t/m+,15.0045;31.1124;0.7577,45.0000;45.0000;60.0000,True,True,3.3467949286914673,A:LYS279:NZ,1.3467949286914673,True,5.746355631827774,"sym0[-1,1,0]/B:GLU132:OE2",3.7463556318277744,True,True,True,79.06859588623047,nan,nan,False,False
original5,4C16_A_MET258__015__2,4C16_A_MET258,15,2,0.19717601,other,1,0.19717601,True,other,0.19717601,3.0438880920410156,1.735319972038269,-102.3768;53.5260;106.0785,g-/g+/m+,42.3768;6.4740;16.0785,45.0000;45.0000;60.0000,True,True,2.9814956217886883,A:LYS279:CB,0.9814956217886883,True,8.021333796430664,"sym0[-1,1,0]/B:GLU132:OE2",6.021333796430664,True,True,True,84.2300796508789,nan,nan,False,False
original5,4C16_A_MET258__015__3,4C16_A_MET258,15,3,0.44342381,other,2,0.44342381,True,other,0.44342381,3.1066412925720215,1.458343744277954,-56.3395;-75.0893;104.1708,g-/g-/m+,3.6605;15.0893;14.1708,45.0000;45.0000;60.0000,True,True,2.9851597761669013,A:LEU257:O,0.9851597761669013,True,8.469812125157274,"sym0[-1,1,0]/B:GLU132:OE2",6.469812125157274,True,True,True,212.49945068359375,nan,nan,False,False
original5,4C16_A_MET258__016__1,4C16_A_MET258,16,1,0.35688943,A,0,0.35688943,True,A,0.35688943,0.09805157780647278,2.266267776489258,-160.9635;156.7844;-174.0195,t/t/t,19.0365;23.2156;5.9805,45.0000;45.0000;60.0000,True,True,3.3031900073103926,A:LYS279:NZ,1.3031900073103926,True,4.895554428882217,"sym0[-1,1,0]/B:GLU132:OE2",2.8955544288822166,True,True,True,108.8052749633789,109.64179992675781,-0.8365249633789062,True,True
original5,4C16_A_MET258__016__2,4C16_A_MET258,16,2,0.59133196,B,1,0.59133196,True,B,0.59133196,2.163097381591797,0.1699441522359848,-52.5354;-64.0292;-69.3887,g-/g-/m-,7.4646;4.0292;20.6113,45.0000;45.0000;60.0000,True,True,3.406105266796932,A:THR277:OG1,1.4061052667969318,True,6.096750288842515,"sym0[-1,1,0]/S:HOH624:O",4.736750274537401,True,True,True,104.24407196044922,105.44197082519531,-1.1978988647460938,True,True
original5,4C16_A_MET258__017__1,4C16_A_MET258,17,1,0.33566013,A,0,0.33566013,True,A,0.33566013,0.9366406202316284,2.013399362564087,-172.2085;149.1767;-89.7118,t/t/m-,7.7915;30.8233;0.2882,45.0000;45.0000;60.0000,True,True,3.406105266796932,A:THR277:OG1,1.4061052667969318,True,6.180996131057703,"sym0[-1,1,0]/B:GLU132:OE2",4.180996131057703,True,True,True,108.51920318603516,109.64179992675781,-1.1225967407226562,True,True
original5,4C16_A_MET258__017__2,4C16_A_MET258,17,2,0.57297647,other,1,0.57297647,True,other,0.57297647,2.8563714027404785,1.6902153491973877,-114.0528;61.4850;82.5901,g-/g+/m+,54.0528;1.4850;7.4099,45.0000;45.0000;60.0000,False,False,3.0147345053023358,A:LYS279:CB,1.0147345053023358,True,7.810843627589121,"sym0[-1,1,0]/B:GLU132:OE2",5.810843627589121,True,True,False,80.45883178710938,nan,nan,False,False
original5,4C16_A_MET258__017__3,4C16_A_MET258,17,3,0.09136337,other,2,0.09136337,True,other,0.09136337,1.8937662839889526,2.1256895065307617,-74.5657;-148.9272;-43.0206,g-/t/m-,14.5657;31.0728;46.9794,45.0000;45.0000;60.0000,True,True,2.9706879275901215,A:LYS279:CE,0.9706879275901215,True,6.787009726699929,"sym0[-1,1,0]/B:GLU132:OE2",4.787009726699929,True,True,True,80.1640625,nan,nan,False,False
original5,4C16_A_MET258__018__0,4C16_A_MET258,18,0,0.24079306,other,0,0.24079306,True,other,0.24079306,1.5349096059799194,2.838613986968994,-162.9133;162.8714;80.8533,t/t/m+,17.0867;17.1286;9.1467,45.0000;45.0000;60.0000,True,True,3.3819134640604944,A:LYS279:NZ,1.3819134640604944,True,5.972772688931954,"sym0[-1,1,0]/B:GLU132:OE2",3.972772688931954,True,True,True,77.66815948486328,nan,nan,False,False
original5,4C16_A_MET258__018__2,4C16_A_MET258,18,2,0.56305188,other,1,0.56305188,True,other,0.56305188,3.086627721786499,1.496661901473999,-54.3888;-64.5503;172.4866,g-/g-/t,5.6112;4.5503;7.5134,45.0000;45.0000;60.0000,True,True,3.1597352251645594,A:GLU256:OE2,1.1597352251645594,True,8.639275418104157,"sym0[-1,1,0]/B:GLU132:OE2",6.639275418104157,True,True,True,187.95587158203125,nan,nan,False,False
original5,4C16_A_MET258__018__3,4C16_A_MET258,18,3,0.18362324,other,2,0.18362324,True,other,0.18362324,1.1528793573379517,1.440769910812378,-76.1285;-149.7206;66.9647,g-/t/m+,16.1285;30.2794;23.0353,45.0000;45.0000;60.0000,True,True,2.98754968714525,A:LYS279:NZ,0.98754968714525,True,5.95417424256373,"sym0[-1,1,0]/B:GLU132:OE2",3.95417424256373,True,True,True,78.6644058227539,nan,nan,False,False
original5,4C16_A_MET258__019__1,4C16_A_MET258,19,1,0.37582126,A,0,0.37582126,True,A,0.37582126,0.9470205903053284,1.9735710620880127,-168.1120;149.9928;-95.6009,t/t/m-,11.8880;30.0072;5.6009,45.0000;45.0000;60.0000,True,True,3.3992611557452865,A:LYS279:NZ,1.3992611557452865,True,6.243458337081929,"sym0[-1,1,0]/B:GLU132:OE2",4.243458337081929,True,True,True,109.08846282958984,109.64179992675781,-0.5533370971679688,True,True
original5,4C16_A_MET258__019__2,4C16_A_MET258,19,2,0.3793695,other,1,0.3793695,True,other,0.3793695,3.1233880519866943,1.5292205810546875,-51.5546;-63.0427;179.0297,g-/g-/t,8.4454;3.0427;0.9703,45.0000;45.0000;60.0000,True,True,3.293391212995359,A:GLU256:CD,1.2933912129953589,True,8.639275418104157,"sym0[-1,1,0]/B:GLU132:OE2",6.639275418104157,True,True,True,167.27496337890625,nan,nan,False,False
original5,4C16_A_MET258__019__3,4C16_A_MET258,19,3,0.19982286,other,2,0.19982286,True,other,0.19982286,3.0066134929656982,1.3971325159072876,-61.0807;-74.4196;101.3777,g-/g-/m+,1.0807;14.4196;11.3777,45.0000;45.0000;60.0000,True,True,2.988981350229804,A:LEU257:O,0.9889813502298042,True,8.31666952085065,"sym0[-1,1,0]/B:GLU132:OE2",6.316669520850651,True,True,True,154.30392456054688,nan,nan,False,False
original5,4C16_A_MET258__020__2,4C16_A_MET258,20,2,0.5884313,other,0,0.5884313,True,other,0.5884313,3.1481337547302246,1.4843106269836426,-53.4118;-76.2180;102.5557,g-/g-/m+,6.5882;16.2180;12.5557,45.0000;45.0000;60.0000,True,True,2.940337340041157,A:GLU256:CG,0.940337340041157,True,8.545130420100792,"sym0[-1,1,0]/B:GLU132:OE2",6.545130420100792,True,True,True,227.089111328125,nan,nan,False,False
original5,4C16_A_MET258__020__3,4C16_A_MET258,20,3,0.37287787,A,1,0.37287787,True,A,0.37287787,0.906286358833313,1.9933305978775024,-167.6143;151.9249;-98.7187,t/t/m-,12.3857;28.0751;8.7187,45.0000;45.0000;60.0000,True,True,3.393491879748724,A:LYS279:NZ,1.3934918797487241,True,6.2345704546586695,"sym0[-1,1,0]/B:GLU132:OE2",4.2345704546586695,True,True,True,108.92337036132812,109.64179992675781,-0.7184295654296875,True,True
original5,4C16_A_MET258__021__2,4C16_A_MET258,21,2,0.35674518,A,0,0.35674518,True,A,0.35674518,0.0695950910449028,2.2531332969665527,-161.9910;154.7666;-172.4834,t/t/t,18.0090;25.2334;7.5166,45.0000;45.0000;60.0000,True,True,3.3097846860365925,A:LYS279:NZ,1.3097846860365925,True,4.917021339220825,"sym0[-1,1,0]/B:GLU132:OE2",2.917021339220825,True,True,True,108.88423919677734,109.64179992675781,-0.7575607299804688,True,True
original5,4C16_A_MET258__021__3,4C16_A_MET258,21,3,0.59659368,other,1,0.59659368,True,other,0.59659368,2.410088300704956,1.0754050016403198,-112.3861;64.0192;-173.9790,g-/g+/t,52.3861;4.0192;6.0210,45.0000;45.0000;60.0000,False,False,3.406105266796932,A:THR277:OG1,1.4061052667969318,True,7.839975635140862,"sym0[-1,1,0]/B:GLU132:OE2",5.839975635140862,True,True,False,83.84590148925781,nan,nan,False,False
original5,4C16_A_MET258__022__0,4C16_A_MET258,22,0,0.62691194,B,0,0.62691194,True,B,0.62691194,2.1873979568481445,0.15435515344142914,-51.6895;-63.7008;-68.5933,g-/g-/m-,8.3105;3.7008;21.4067,45.0000;45.0000;60.0000,True,True,3.3965026203865665,A:GLU256:O,1.3965026203865665,True,6.1444822743927965,"sym0[-1,1,0]/S:HOH624:O",4.784482260087682,True,True,True,104.33548736572266,105.44197082519531,-1.1064834594726562,True,True
original5,4C16_A_MET258__022__3,4C16_A_MET258,22,3,0.36361268,A,1,0.36361268,True,A,0.36361268,0.09521742910146713,2.2621591091156006,-160.6819;156.7929;-174.2757,t/t/t,19.3181;23.2071;5.7243,45.0000;45.0000;60.0000,True,True,3.2987869048110308,A:LYS279:NZ,1.2987869048110308,True,4.899560951930636,"sym0[-1,1,0]/B:GLU132:OE2",2.899560951930636,True,True,True,108.88187408447266,109.64179992675781,-0.7599258422851562,True,True
original5,4C16_A_MET258__023__0,4C16_A_MET258,23,0,0.61377323,B,0,0.61377323,True,B,0.61377323,2.1938037872314453,0.15114785730838776,-51.7296;-63.3000;-68.6937,g-/g-/m-,8.2704;3.3000;21.3063,45.0000;45.0000;60.0000,True,True,3.397074274534106,A:GLU256:O,1.397074274534106,True,6.1590064208855155,"sym0[-1,1,0]/S:HOH624:O",4.799006406580401,True,True,True,104.33114624023438,105.44197082519531,-1.1108245849609375,True,True
original5,4C16_A_MET258__023__1,4C16_A_MET258,23,1,0.050434951,other,1,0.050434951,True,other,0.050434951,1.08539617061615,1.4505178928375244,-82.9221;-147.8094;88.6755,g-/t/m+,22.9221;32.1906;1.3245,45.0000;45.0000;60.0000,True,True,3.065455518046621,A:LYS279:NZ,1.0654555180466212,True,6.036622235421738,"sym0[-1,1,0]/B:GLU132:OE2",4.036622235421738,True,True,True,80.3851547241211,nan,nan,False,False
original5,4C16_A_MET258__023__2,4C16_A_MET258,23,2,0.32584903,A,2,0.32584903,True,A,0.32584903,0.14213623106479645,2.300821304321289,-161.8038;158.3144;-173.7340,t/t/t,18.1962;21.6856;6.2660,45.0000;45.0000;60.0000,True,True,3.325936091134814,A:LYS279:NZ,1.325936091134814,True,4.85631666049349,"sym0[-1,1,0]/B:GLU132:OE2",2.8563166604934898,True,True,True,108.32352447509766,109.64179992675781,-1.3182754516601562,True,True
original5,4C16_A_MET258__024__0,4C16_A_MET258,24,0,0.63030589,B,0,0.63030589,True,B,0.63030589,2.1868174076080322,0.15186506509780884,-51.7273;-63.6834;-68.4358,g-/g-/m-,8.2727;3.6834;21.5642,45.0000;45.0000;60.0000,True,True,3.397039225595067,A:GLU256:O,1.397039225595067,True,6.144951410504325,"sym0[-1,1,0]/S:HOH624:O",4.78495139619921,True,True,True,104.33512878417969,105.44197082519531,-1.106842041015625,True,True
original5,4C16_A_MET258__024__2,4C16_A_MET258,24,2,0.36543682,A,1,0.36543682,True,A,0.36543682,0.09477924555540085,2.2621119022369385,-160.7143;156.7468;-174.2525,t/t/t,19.2857;23.2532;5.7475,45.0000;45.0000;60.0000,True,True,3.2990461835549927,A:LYS279:NZ,1.2990461835549927,True,4.899539658036885,"sym0[-1,1,0]/B:GLU132:OE2",2.8995396580368853,True,True,True,108.87567138671875,109.64179992675781,-0.7661285400390625,True,True
original5,4C16_A_MET258__025__1,4C16_A_MET258,25,1,0.19172761,other,0,0.19172761,True,other,0.19172761,2.9613711833953857,1.3732954263687134,-62.7916;-74.5769;99.4374,g-/g-/m+,2.7916;14.5769;9.4374,45.0000;45.0000;60.0000,True,True,2.991518906466717,A:LEU257:O,0.9915189064667169,True,8.250685937274737,"sym0[-1,1,0]/B:GLU132:OE2",6.250685937274737,True,True,True,130.52105712890625,nan,nan,False,False
original5,4C16_A_MET258__025__2,4C16_A_MET258,25,2,0.3775169,A,1,0.3775169,True,A,0.3775169,0.9493970274925232,1.9724146127700806,-167.9528;150.0660;-95.6542,t/t/m-,12.0472;29.9340;5.6542,45.0000;45.0000;60.0000,True,True,3.39659687238097,A:LYS279:NZ,1.3965968723809699,True,6.245579870809671,"sym0[-1,1,0]/B:GLU132:OE2",4.245579870809671,True,True,True,109.08869171142578,109.64179992675781,-0.5531082153320312,True,True
original5,4C16_A_MET258__025__3,4C16_A_MET258,25,3,0.43075544,other,2,0.43075544,True,other,0.43075544,3.1509382724761963,1.5538214445114136,-50.8795;-62.8524;178.1832,g-/g-/t,9.1205;2.8524;1.8168,45.0000;45.0000;60.0000,True,True,3.2815284627373487,A:GLU256:CD,1.2815284627373487,True,8.639275418104157,"sym0[-1,1,0]/B:GLU132:OE2",6.639275418104157,True,True,True,175.56011962890625,nan,nan,False,False
original5,4C16_A_MET258__026__0,4C16_A_MET258,26,0,0.59130323,B,0,0.59130323,True,B,0.59130323,2.162790060043335,0.16957268118858337,-52.6875;-63.8615;-69.5030,g-/g-/m-,7.3125;3.8615;20.4970,45.0000;45.0000;60.0000,True,True,3.406105266796932,A:THR277:OG1,1.4061052667969318,True,6.097651552518219,"sym0[-1,1,0]/S:HOH624:O",4.737651538213104,True,True,True,104.22805786132812,105.44197082519531,-1.2139129638671875,True,True
original5,4C16_A_MET258__026__3,4C16_A_MET258,26,3,0.35851741,A,1,0.35851741,True,A,0.35851741,0.09825500100851059,2.2656209468841553,-160.8613;156.8212;-174.1798,t/t/t,19.1387;23.1788;5.8202,45.0000;45.0000;60.0000,True,True,3.3017731219082314,A:LYS279:NZ,1.3017731219082314,True,4.895338627902237,"sym0[-1,1,0]/B:GLU132:OE2",2.8953386279022366,True,True,True,108.8243179321289,109.64179992675781,-0.8174819946289062,True,True
original5,4C16_A_MET258__027__2,4C16_A_MET258,27,2,0.61484307,B,0,0.61484307,True,B,0.61484307,2.239682197570801,0.10807393491268158,-51.2791;-61.3887;-65.4252,g-/g-/m-,8.7209;1.3887;24.5748,45.0000;45.0000;60.0000,True,True,3.3907416451902916,A:GLU256:O,1.3907416451902916,True,6.280991534437694,"sym0[-1,1,0]/S:HOH624:O",4.92099152013258,True,True,True,104.50225830078125,105.44197082519531,-0.9397125244140625,True,True
original5,4C16_A_MET258__027__3,4C16_A_MET258,27,3,0.32911262,other,1,0.32911262,True,other,0.32911262,1.3000990152359009,1.6421740055084229,-95.4589;-139.5878;172.2963,g-/t/t,35.4589;40.4122;7.7037,45.0000;45.0000;60.0000,True,True,2.986973298983505,A:LYS279:NZ,0.9869732989835049,True,6.424240751322213,"sym0[-1,1,0]/B:GLU132:OE2",4.424240751322213,True,True,True,87.03568267822266,nan,nan,False,False
original5,4C16_A_MET258__028__0,4C16_A_MET258,28,0,0.3810336,A,0,0.3810336,True,A,0.3810336,0.026987280696630478,2.2172484397888184,-160.9567;153.2698;-173.1131,t/t/t,19.0433;26.7302;6.8869,45.0000;45.0000;60.0000,True,True,3.2881743828722403,A:LYS279:NZ,1.2881743828722403,True,4.957406704340137,"sym0[-1,1,0]/B:GLU132:OE2",2.957406704340137,True,True,True,109.44648742675781,109.64179992675781,-0.1953125,True,True
original5,4C16_A_MET258__028__1,4C16_A_MET258,28,1,0.53264755,other,1,0.53264755,True,other,0.53264755,3.0407602787017822,1.4656304121017456,-54.9577;-66.0588;173.8802,g-/g-/t,5.0423;6.0588;6.1198,45.0000;45.0000;60.0000,True,True,3.1728406429253977,A:GLU256:OE2,1.1728406429253977,True,8.639275418104157,"sym0[-1,1,0]/B:GLU132:OE2",6.639275418104157,True,True,True,165.32119750976562,nan,nan,False,False
original5,4C16_A_MET258__028__2,4C16_A_MET258,28,2,0.066145517,other,2,0.066145517,True,other,0.066145517,2.9414594173431396,1.3883464336395264,-94.2865;51.5375;179.3621,g-/g+/t,34.2865;8.4625;0.6379,45.0000;45.0000;60.0000,True,True,2.9840921351302,A:GLU256:O,0.9840921351301999,True,8.172980278977557,"sym0[-1,1,0]/B:GLU132:OE2",6.1729802789775565,True,True,True,195.0043182373047,nan,nan,False,False
original5,4C16_A_MET258__029__0,4C16_A_MET258,29,0,0.0927402,other,0,0.0927402,True,other,0.0927402,1.8843777179718018,2.091202735900879,-72.2580;-147.3876;-43.6203,g-/t/m-,12.2580;32.6124;46.3797,45.0000;45.0000;60.0000,True,True,2.969178909414992,A:LYS279:CE,0.9691789094149921,True,6.738744202176219,"sym0[-1,1,0]/B:GLU132:OE2",4.738744202176219,True,True,True,80.09538269042969,nan,nan,False,False
original5,4C16_A_MET258__029__1,4C16_A_MET258,29,1,0.58294356,other,1,0.58294356,True,other,0.58294356,2.848306655883789,1.6886019706726074,-114.5460;61.8311;81.6631,g-/g+/m+,54.5460;1.8311;8.3369,45.0000;45.0000;60.0000,False,False,3.0198568790308813,A:LYS279:CB,1.0198568790308813,True,7.8022933592830235,"sym0[-1,1,0]/B:GLU132:OE2",5.8022933592830235,True,True,False,80.43350219726562,nan,nan,False,False
original5,4C16_A_MET258__029__3,4C16_A_MET258,29,3,0.3243162,A,2,0.3243162,True,A,0.3243162,0.13627402484416962,2.299730062484741,-165.0897;154.6164;-169.8345,t/t/t,14.9103;25.3836;10.1655,45.0000;45.0000;60.0000,True,True,3.3595342888373865,A:LYS279:NZ,1.3595342888373865,True,4.87273889369901,"sym0[-1,1,0]/B:GLU132:OE2",2.87273889369901,True,True,True,108.1787338256836,109.64179992675781,-1.4630661010742188,True,True
original5,4C16_A_MET258__030__2,4C16_A_MET258,30,2,0.35812744,A,0,0.35812744,True,A,0.35812744,0.0975961983203888,2.26594614982605,-160.9777;156.6617;-174.1606,t/t/t,19.0223;23.3383;5.8394,45.0000;45.0000;60.0000,True,True,3.30273274096514,A:LYS279:NZ,1.3027327409651401,True,4.894004599540267,"sym0[-1,1,0]/B:GLU132:OE2",2.894004599540267,True,True,True,108.812744140625,109.64179992675781,-0.8290557861328125,True,True
original5,4C16_A_MET258__030__3,4C16_A_MET258,30,3,0.59051543,B,1,0.59051543,True,B,0.59051543,2.167297601699829,0.16903159022331238,-52.7158;-63.5827;-69.7652,g-/g-/m-,7.2842;3.5827;20.2348,45.0000;45.0000;60.0000,True,True,3.406105266796932,A:THR277:OG1,1.4061052667969318,True,6.106459301664255,"sym0[-1,1,0]/S:HOH624:O",4.746459287359141,True,True,True,104.21821594238281,105.44197082519531,-1.2237548828125,True,True
original5,4C16_A_MET258__031__0,4C16_A_MET258,31,0,0.56845844,B,0,0.56845844,True,B,0.56845844,2.166132926940918,0.11696664243936539,-52.9810;-63.3502;-65.0131,g-/g-/m-,7.0190;3.3502;24.9869,45.0000;45.0000;60.0000,True,True,3.406105266796932,A:THR277:OG1,1.4061052667969318,True,6.144047294953603,"sym0[-1,1,0]/S:HOH624:O",4.784047280648489,True,True,True,104.33806610107422,105.44197082519531,-1.1039047241210938,True,True
original5,4C16_A_MET258__031__2,4C16_A_MET258,31,2,0.077217557,other,1,0.077217557,True,other,0.077217557,2.9371204376220703,1.3890607357025146,-94.4206;52.4246;179.4427,g-/g+/t,34.4206;7.5754;0.5573,45.0000;45.0000;60.0000,True,True,2.977153655783127,A:GLU256:O,0.9771536557831269,True,8.170448378955676,"sym0[-1,1,0]/B:GLU132:OE2",6.170448378955676,True,True,True,192.40560913085938,nan,nan,False,False
original5,4C16_A_MET258__031__3,4C16_A_MET258,31,3,0.3385475,other,2,0.3385475,True,other,0.3385475,1.0092480182647705,2.043114185333252,-165.3995;157.8611;-92.0846,t/t/m-,14.6005;22.1389;2.0846,45.0000;45.0000;60.0000,True,True,3.165172763929604,A:LYS279:NZ,1.1651727639296041,True,6.216462386608603,"sym0[-1,1,0]/B:GLU132:OE2",4.216462386608603,True,True,True,78.24279022216797,nan,nan,False,False
original5,4C16_A_MET258__032__0,4C16_A_MET258,32,0,0.56112462,B,0,0.56112462,True,B,0.56112462,2.152935743331909,0.1787104606628418,-52.9475;-64.1008;-69.8267,g-/g-/m-,7.0525;4.1008;20.1733,45.0000;45.0000;60.0000,True,True,3.406105266796932,A:THR277:OG1,1.4061052667969318,True,6.076973424445884,"sym0[-1,1,0]/S:HOH624:O",4.71697341014077,True,True,True,104.19967651367188,105.44197082519531,-1.2422943115234375,True,True
original5,4C16_A_MET258__032__2,4C16_A_MET258,32,2,0.073310092,other,1,0.073310092,True,other,0.073310092,2.8060572147369385,1.3364201784133911,-99.1792;57.1789;171.5306,g-/g+/t,39.1792;2.8211;8.4694,45.0000;45.0000;60.0000,True,True,3.136225076326663,A:GLU256:O,1.1362250763266628,True,8.08093886577114,"sym0[-1,1,0]/B:GLU132:OE2",6.08093886577114,True,True,True,141.52879333496094,nan,nan,False,False
original5,4C16_A_MET258__032__3,4C16_A_MET258,32,3,0.36263001,A,2,0.36263001,True,A,0.36263001,0.09618769586086273,2.2648563385009766,-160.9441;156.7021;-174.0210,t/t/t,19.0559;23.2979;5.9790,45.0000;45.0000;60.0000,True,True,3.302429322103778,A:LYS279:NZ,1.302429322103778,True,4.897154461947723,"sym0[-1,1,0]/B:GLU132:OE2",2.897154461947723,True,True,True,108.8203125,109.64179992675781,-0.8214874267578125,True,True
original5,4C16_A_MET258__033__2,4C16_A_MET258,33,2,0.34775272,A,0,0.34775272,True,A,0.34775272,0.10955210030078888,2.2700653076171875,-160.4492;157.5199;-174.8591,t/t/t,19.5508;22.4801;5.1409,45.0000;45.0000;60.0000,True,True,3.2993244054181736,A:LYS279:NZ,1.2993244054181736,True,4.887090762637364,"sym0[-1,1,0]/B:GLU132:OE2",2.8870907626373636,True,True,True,108.82093811035156,109.64179992675781,-0.82086181640625,True,True
original5,4C16_A_MET258__033__3,4C16_A_MET258,33,3,0.61258709,B,1,0.61258709,True,B,0.61258709,2.193629264831543,0.16594068706035614,-51.6271;-63.4596;-69.5970,g-/g-/m-,8.3729;3.4596;20.4030,45.0000;45.0000;60.0000,True,True,3.3956214807224536,A:GLU256:O,1.3956214807224536,True,6.150237418498373,"sym0[-1,1,0]/S:HOH624:O",4.790237404193258,True,True,True,104.32378387451172,105.44197082519531,-1.1181869506835938,True,True
original5,4C16_A_MET258__034__0,4C16_A_MET258,34,0,0.14336984,other,0,0.14336984,True,other,0.14336984,3.2122507095336914,1.8336008787155151,-97.7645;46.5103;104.5562,g-/g+/m+,37.7645;13.4897;14.5562,45.0000;45.0000;60.0000,True,True,2.9809973940697763,A:LYS279:CB,0.9809973940697763,True,8.107469432632604,"sym0[-1,1,0]/B:GLU132:OE2",6.107469432632604,True,True,True,95.77791595458984,nan,nan,False,False
original5,4C16_A_MET258__034__1,4C16_A_MET258,34,1,0.35358575,other,1,0.35358575,True,other,0.35358575,1.2657155990600586,2.6253273487091064,-165.4475;146.9996;95.1019,t/t/m+,14.5525;33.0004;5.1019,45.0000;45.0000;60.0000,True,True,3.3559139540478244,A:LYS279:NZ,1.3559139540478244,True,5.634091183443958,"sym0[-1,1,0]/B:GLU132:OE2",3.6340911834439584,True,True,True,79.59037017822266,nan,nan,False,False
original5,4C16_A_MET258__034__2,4C16_A_MET258,34,2,0.48825735,other,2,0.48825735,True,other,0.48825735,2.9536054134368896,1.4046438932418823,-56.2431;-67.6914;177.6642,g-/g-/t,3.7569;7.6914;2.3358,45.0000;45.0000;60.0000,True,True,3.217900678788,A:GLU256:OE2,1.2179006787879998,True,8.639275418104157,"sym0[-1,1,0]/B:GLU132:OE2",6.639275418104157,True,True,True,120.82609558105469,nan,nan,False,False
original5,4C16_A_MET258__035__0,4C16_A_MET258,35,0,0.068289921,other,0,0.068289921,True,other,0.068289921,1.3740143775939941,2.2875092029571533,-175.4599;68.3225;177.7647,t/g+/t,4.5401;8.3225;2.2353,45.0000;45.0000;60.0000,True,True,3.406105266796932,A:THR277:OG1,1.4061052667969318,True,5.363441872744058,"sym0[-1,1,0]/B:GLU132:OE2",3.3634418727440583,True,True,True,76.32807159423828,nan,nan,False,False
original5,4C16_A_MET258__035__1,4C16_A_MET258,35,1,0.35961106,A,1,0.35961106,True,A,0.35961106,0.052192140370607376,2.232734441757202,-160.7392;154.5431;-173.8195,t/t/t,19.2608;25.4569;6.1805,45.0000;45.0000;60.0000,True,True,3.2891067426388947,A:LYS279:NZ,1.2891067426388947,True,4.934585390445025,"sym0[-1,1,0]/B:GLU132:OE2",2.934585390445025,True,True,True,109.25936889648438,109.64179992675781,-0.3824310302734375,True,True
original5,4C16_A_MET258__035__3,4C16_A_MET258,35,3,0.57113123,other,2,0.57113123,True,other,0.57113123,3.137141704559326,1.4748705625534058,-53.3563;-76.8064;102.2332,g-/g-/m+,6.6437;16.8064;12.2332,45.0000;45.0000;60.0000,True,True,2.9513280504364072,A:LEU257:O,0.9513280504364072,True,8.531750228062844,"sym0[-1,1,0]/B:GLU132:OE2",6.531750228062844,True,True,True,222.68051147460938,nan,nan,False,False
original5,4C16_A_MET258__036__0,4C16_A_MET258,36,0,0.58754891,B,0,0.58754891,True,B,0.58754891,2.173034429550171,0.09671279042959213,-52.5006;-63.6159;-63.2076,g-/g-/m-,7.4994;3.6159;26.7924,45.0000;45.0000;60.0000,True,True,3.406105266796932,A:THR277:OG1,1.4061052667969318,True,6.166439416223866,"sym0[-1,1,0]/S:HOH624:O",4.806439401918751,True,True,True,104.46305847167969,105.44197082519531,-0.978912353515625,True,True
original5,4C16_A_MET258__036__1,4C16_A_MET258,36,1,0.34508643,other,1,0.34508643,True,other,0.34508643,1.0112674236297607,2.0400428771972656,-165.3390;157.6874;-92.0818,t/t/m-,14.6610;22.3126;2.0818,45.0000;45.0000;60.0000,True,True,3.1711255222900943,A:LYS279:NZ,1.1711255222900943,True,6.218947161709708,"sym0[-1,1,0]/B:GLU132:OE2",4.218947161709708,True,True,True,78.2819595336914,nan,nan,False,False
original5,4C16_A_MET258__036__3,4C16_A_MET258,36,3,0.056091867,other,2,0.056091867,True,other,0.056091867,3.2548277378082275,1.8519542217254639,-94.8984;44.7520;110.5608,g-/g+/m+,34.8984;15.2480;20.5608,45.0000;45.0000;60.0000,True,True,2.981538904547554,A:LYS279:CB,0.9815389045475542,True,8.161431221295047,"sym0[-1,1,0]/B:GLU132:OE2",6.161431221295047,True,True,True,100.34803771972656,nan,nan,False,False
original5,4C16_A_MET258__037__1,4C16_A_MET258,37,1,0.36495483,A,0,0.36495483,True,A,0.36495483,0.7949858903884888,1.8523080348968506,-100.7743;-155.3883;95.2670,g-/t/m+,40.7743;24.6117;5.2670,45.0000;45.0000;60.0000,True,True,3.155040004986692,A:LYS279:NZ,1.155040004986692,True,5.402581288822981,"sym0[-1,1,0]/B:GLU132:OE2",3.402581288822981,True,True,True,113.47807312011719,109.64179992675781,3.836273193359375,False,False
original5,4C16_A_MET258__037__3,4C16_A_MET258,37,3,0.62337708,B,1,0.62337708,True,B,0.62337708,2.2132604122161865,0.15128490328788757,-51.6084;-62.3901;-69.1952,g-/g-/m-,8.3916;2.3901;20.8048,45.0000;45.0000;60.0000,True,True,3.395358938888763,A:GLU256:O,1.395358938888763,True,6.197717715450179,"sym0[-1,1,0]/S:HOH624:O",4.837717701145064,True,True,True,104.34942626953125,105.44197082519531,-1.0925445556640625,True,True
original5,4C16_A_MET258__038__2,4C16_A_MET258,38,2,0.61918414,B,0,0.61918414,True,B,0.61918414,2.190006732940674,0.15257425606250763,-51.4202;-63.8802;-68.2418,g-/g-/m-,8.5798;3.8802;21.7582,45.0000;45.0000;60.0000,True,True,3.3927123354833695,A:GLU256:O,1.3927123354833695,True,6.148717486926675,"sym0[-1,1,0]/S:HOH624:O",4.788717472621561,True,True,True,104.37442016601562,105.44197082519531,-1.0675506591796875,True,True
original5,4C16_A_MET258__038__3,4C16_A_MET258,38,3,0.33792287,other,1,0.33792287,True,other,0.33792287,1.3466198444366455,2.6895182132720947,-163.2467;153.0730;90.7739,t/t/m+,16.7533;26.9270;0.7739,45.0000;45.0000;60.0000,True,True,3.3239998398224153,A:LYS279:NZ,1.3239998398224153,True,5.718418868796806,"sym0[-1,1,0]/B:GLU132:OE2",3.718418868796806,True,True,True,79.01191711425781,nan,nan,False,False
original5,4C16_A_MET258__039__0,4C16_A_MET258,39,0,0.58764291,B,0,0.58764291,True,B,0.58764291,2.159080982208252,0.16795121133327484,-52.7446;-63.9900;-69.1947,g-/g-/m-,7.2554;3.9900;20.8053,45.0000;45.0000;60.0000,True,True,3.406105266796932,A:THR277:OG1,1.4061052667969318,True,6.092397314917004,"sym0[-1,1,0]/S:HOH624:O",4.732397300611889,True,True,True,104.22869110107422,105.44197082519531,-1.2132797241210938,True,True
original5,4C16_A_MET258__039__2,4C16_A_MET258,39,2,0.052996941,other,1,0.052996941,True,other,0.052996941,2.880093574523926,1.3560256958007812,-96.4463;54.5025;178.0893,g-/g+/t,36.4463;5.4975;1.9107,45.0000;45.0000;60.0000,True,True,3.0427792372469376,A:GLU256:O,1.0427792372469376,True,8.132259895946687,"sym0[-1,1,0]/B:GLU132:OE2",6.132259895946687,True,True,True,172.98080444335938,nan,nan,False,False
original5,4C16_A_MET258__039__3,4C16_A_MET258,39,3,0.35622039,A,2,0.35622039,True,A,0.35622039,0.10129177570343018,2.2689013481140137,-161.0389;156.8195;-174.1192,t/t/t,18.9611;23.1805;5.8808,45.0000;45.0000;60.0000,True,True,3.304578260284364,A:LYS279:NZ,1.304578260284364,True,4.89091562727446,"sym0[-1,1,0]/B:GLU132:OE2",2.8909156272744596,True,True,True,108.77185821533203,109.64179992675781,-0.8699417114257812,True,True
original5,4C16_A_MET258__040__2,4C16_A_MET258,40,2,0.63216287,B,0,0.63216287,True,B,0.63216287,2.187164068222046,0.1676143854856491,-51.6239;-63.8173;-69.4210,g-/g-/m-,8.3761;3.8173;20.5790,45.0000;45.0000;60.0000,True,True,3.395578739770876,A:GLU256:O,1.395578739770876,True,6.136712044143234,"sym0[-1,1,0]/S:HOH624:O",4.776712029838119,True,True,True,104.32423400878906,105.44197082519531,-1.11773681640625,True,True
original5,4C16_A_MET258__040__3,4C16_A_MET258,40,3,0.3342163,other,1,0.3342163,True,other,0.3342163,1.349664330482483,2.693361282348633,-163.5522;153.0168;90.7581,t/t/m+,16.4478;26.9832;0.7581,45.0000;45.0000;60.0000,True,True,3.328781546027113,A:LYS279:NZ,1.328781546027113,True,5.721752545167402,"sym0[-1,1,0]/B:GLU132:OE2",3.7217525451674023,True,True,True,78.93993377685547,nan,nan,False,False
original5,4C16_A_MET258__041__3,4C16_A_MET258,41,3,1.0,other,0,1.0,True,other,1.0,2.352250099182129,1.060550570487976,-114.2870;65.7292;-173.2374,g-/g+/t,54.2870;5.7292;6.7626,45.0000;45.0000;60.0000,False,False,3.406105266796932,A:THR277:OG1,1.4061052667969318,True,7.806780580157026,"sym0[-1,1,0]/B:GLU132:OE2",5.806780580157026,True,True,False,82.67864990234375,nan,nan,False,False
original5,4C16_A_MET258__042__1,4C16_A_MET258,42,1,0.36441106,A,0,0.36441106,True,A,0.36441106,0.0956246480345726,2.263373613357544,-160.7993;156.7485;-174.1699,t/t/t,19.2007;23.2515;5.8301,45.0000;45.0000;60.0000,True,True,3.3003957433637425,A:LYS279:NZ,1.3003957433637425,True,4.898372268960934,"sym0[-1,1,0]/B:GLU132:OE2",2.8983722689609337,True,True,True,108.85563659667969,109.64179992675781,-0.786163330078125,True,True
original5,4C16_A_MET258__042__2,4C16_A_MET258,42,2,0.62439102,B,1,0.62439102,True,B,0.62439102,2.190948009490967,0.154316708445549,-51.6439;-63.5627;-68.6937,g-/g-/m-,8.3561;3.5627;21.3063,45.0000;45.0000;60.0000,True,True,3.395858913060456,A:GLU256:O,1.3958589130604562,True,6.151093831018032,"sym0[-1,1,0]/S:HOH624:O",4.791093816712917,True,True,True,104.33804321289062,105.44197082519531,-1.1039276123046875,True,True
original5,4C16_A_MET258__043__0,4C16_A_MET258,43,0,0.22120164,other,0,0.22120164,True,other,0.22120164,1.4741945266723633,2.847708225250244,-166.9376;159.6046;90.4145,t/t/m+,13.0624;20.3954;0.4145,45.0000;45.0000;60.0000,True,True,3.406105266796932,A:THR277:OG1,1.4061052667969318,True,5.771035833709619,"sym0[-1,1,0]/B:GLU132:OE2",3.771035833709619,True,True,True,77.5209732055664,nan,nan,False,False
original5,4C16_A_MET258__043__1,4C16_A_MET258,43,1,0.15696333,other,1,0.15696333,True,other,0.15696333,1.0073825120925903,1.5669715404510498,-85.4932;-157.2499;88.7071,g-/t/m+,25.4932;22.7501;1.2929,45.0000;45.0000;60.0000,True,True,2.9693770580779617,A:LYS279:NZ,0.9693770580779617,True,5.7541922431589745,"sym0[-1,1,0]/B:GLU132:OE2",3.7541922431589745,True,True,True,79.24226379394531,nan,nan,False,False
original5,4C16_A_MET258__043__2,4C16_A_MET258,43,2,0.050350085,other,2,0.050350085,True,other,0.050350085,1.3028548955917358,2.184904098510742,-174.1884;62.6831;156.7353,t/g+/t,5.8116;2.6831;23.2647,45.0000;45.0000;60.0000,True,True,3.406105266796932,A:THR277:OG1,1.4061052667969318,True,5.33897342836004,"sym0[-1,1,0]/B:GLU132:OE2",3.33897342836004,True,True,True,77.4373779296875,nan,nan,False,False
original5,4C16_A_MET258__043__3,4C16_A_MET258,43,3,0.57148492,B,3,0.57148492,True,B,0.57148492,2.199472665786743,0.13012230396270752,-51.4750;-63.2833;-67.0981,g-/g-/m-,8.5250;3.2833;22.9019,45.0000;45.0000;60.0000,True,True,3.3934804825471754,A:GLU256:O,1.3934804825471754,True,6.179874695654765,"sym0[-1,1,0]/S:HOH624:O",4.81987468134965,True,True,True,104.4016342163086,105.44197082519531,-1.0403366088867188,True,True
original5,4C16_A_MET258__044__0,4C16_A_MET258,44,0,0.063708887,other,0,0.063708887,True,other,0.063708887,1.2971577644348145,1.9405531883239746,-176.2344;70.2757;96.1683,t/g+/m+,3.7656;10.2757;6.1683,45.0000;45.0000;60.0000,True,True,3.406105266796932,A:THR277:OG1,1.4061052667969318,True,6.269146518529233,"sym0[-1,1,0]/B:GLU132:OE2",4.269146518529233,True,True,True,76.27346801757812,nan,nan,False,False
original5,4C16_A_MET258__044__1,4C16_A_MET258,44,1,0.54615128,other,1,0.54615128,True,other,0.54615128,2.8527255058288574,1.6882296800613403,-114.2318;61.5248;82.4547,g-/g+/m+,54.2318;1.5248;7.5453,45.0000;45.0000;60.0000,False,False,3.020480331909112,A:LYS279:CB,1.0204803319091118,True,7.807735964693954,"sym0[-1,1,0]/B:GLU132:OE2",5.807735964693954,True,True,False,80.46990966796875,nan,nan,False,False
original5,4C16_A_MET258__044__2,4C16_A_MET258,44,2,0.28073433,A,2,0.28073433,True,A,0.28073433,0.20830927789211273,2.3442254066467285,-165.6654;154.9625;-174.1280,t/t/t,14.3346;25.0375;5.8720,45.0000;45.0000;60.0000,True,True,3.3705536371396145,A:LYS279:NZ,1.3705536371396145,True,4.776767055022184,"sym0[-1,1,0]/B:GLU132:OE2",2.7767670550221837,True,True,True,107.89335632324219,109.64179992675781,-1.748443603515625,True,True
original5,4C16_A_MET258__044__3,4C16_A_MET258,44,3,0.10940551,other,3,0.10940551,True,other,0.10940551,1.8094691038131714,2.0173165798187256,-71.8499;-141.5066;-48.5300,g-/t/m-,11.8499;38.4934;41.4700,45.0000;45.0000;60.0000,True,True,2.930550221902302,A:LYS279:CE,0.9305502219023021,True,6.599476854498868,"sym0[-1,1,0]/B:GLU132:OE2",4.599476854498868,True,True,True,80.23239135742188,nan,nan,False,False
original5,4C16_A_MET258__045__0,4C16_A_MET258,45,0,1.0,B,0,1.0,True,B,1.0,2.1361196041107178,0.1704803705215454,-51.6692;-66.5592;-66.2121,g-/g-/m-,8.3308;6.5592;23.7879,45.0000;45.0000;60.0000,True,True,3.406105266796932,A:THR277:OG1,1.4061052667969318,True,6.045277099306927,"sym0[-1,1,0]/S:HOH624:O",4.685277085001812,True,True,True,104.45346069335938,105.44197082519531,-0.9885101318359375,True,True
original5,4C16_A_MET258__046__1,4C16_A_MET258,46,1,0.53636605,other,0,0.53636605,True,other,0.53636605,2.839329242706299,1.6712610721588135,-113.9785;61.0450;85.6779,g-/g+/m+,53.9785;1.0450;4.3221,45.0000;45.0000;60.0000,False,False,3.0472296416786246,A:LYS279:CB,1.0472296416786246,True,7.812133786686059,"sym0[-1,1,0]/B:GLU132:OE2",5.812133786686059,True,True,False,80.6694564819336,nan,nan,False,False
original5,4C16_A_MET258__046__2,4C16_A_MET258,46,2,0.32496753,A,1,0.32496753,True,A,0.32496753,0.8690952658653259,1.7207839488983154,-94.3592;-154.6206;91.8053,g-/t/m+,34.3592;25.3794;1.8053,45.0000;45.0000;60.0000,True,True,3.0873524176287472,A:LYS279:NZ,1.0873524176287472,True,5.560746225017491,"sym0[-1,1,0]/B:GLU132:OE2",3.560746225017491,True,True,True,111.1943130493164,109.64179992675781,1.5525131225585938,False,False
original5,4C16_A_MET258__046__3,4C16_A_MET258,46,3,0.098499782,other,2,0.098499782,True,other,0.098499782,1.5578783750534058,1.8212257623672485,-171.1053;62.2953;85.9255,t/g+/m+,8.8947;2.2953;4.0745,45.0000;45.0000;60.0000,True,True,3.406105266796932,A:THR277:OG1,1.4061052667969318,True,6.94131686226264,"sym0[-1,1,0]/B:GLU132:OE2",4.94131686226264,True,True,True,75.43220520019531,nan,nan,False,False
original5,4C16_A_MET258__047__0,4C16_A_MET258,47,0,0.54878485,other,0,0.54878485,True,other,0.54878485,2.3987863063812256,1.0695968866348267,-112.8435;63.5620;-173.7430,g-/g+/t,52.8435;3.5620;6.2570,45.0000;45.0000;60.0000,False,False,3.406105266796932,A:THR277:OG1,1.4061052667969318,True,7.831944501787915,"sym0[-1,1,0]/B:GLU132:OE2",5.831944501787915,True,True,False,83.65914916992188,nan,nan,False,False
original5,4C16_A_MET258__047__1,4C16_A_MET258,47,1,0.22016904,A,1,0.22016904,True,A,0.22016904,0.4879465103149414,2.370934247970581,179.7639;160.5979;-120.6684,t/t/m-,0.2361;19.4021;30.6684,45.0000;45.0000;60.0000,True,True,3.406105266796932,A:THR277:OG1,1.4061052667969318,True,5.41176589424339,"sym0[-1,1,0]/B:GLU132:OE2",3.4117658942433904,True,True,True,109.14058685302734,109.64179992675781,-0.5012130737304688,True,True
original5,4C16_A_MET258__047__2,4C16_A_MET258,47,2,0.23104607,other,2,0.23104607,True,other,0.23104607,1.129724383354187,1.4242852926254272,-79.8667;-152.6578;90.0590,g-/t/m+,19.8667;27.3422;0.0590,45.0000;45.0000;60.0000,True,True,2.9789462510247384,A:LYS279:NZ,0.9789462510247384,True,6.050274258397118,"sym0[-1,1,0]/B:GLU132:OE2",4.050274258397118,True,True,True,79.0033950805664,nan,nan,False,False
original5,4C16_A_MET258__048__0,4C16_A_MET258,48,0,0.53073955,other,0,0.53073955,True,other,0.53073955,2.870410680770874,1.6943296194076538,-113.1533;61.0321;84.1680,g-/g+/m+,53.1533;1.0321;5.8320,45.0000;45.0000;60.0000,False,False,2.999675848421629,A:LYS279:CB,0.9996758484216288,True,7.826518022091837,"sym0[-1,1,0]/B:GLU132:OE2",5.826518022091837,True,True,False,80.48149108886719,nan,nan,False,False
original5,4C16_A_MET258__048__1,4C16_A_MET258,48,1,0.095888317,other,1,0.095888317,True,other,0.095888317,1.9510420560836792,1.697068691253662,-159.2257;91.5695;-84.2100,t/g+/m-,20.7743;31.5695;5.7900,45.0000;45.0000;60.0000,True,True,2.9796737166680147,S:HOH152:O,1.059673759583359,True,7.195950937417202,"sym0[-1,1,0]/B:GLU132:OE2",5.195950937417202,True,True,True,81.28518676757812,nan,nan,False,False
original5,4C16_A_MET258__048__2,4C16_A_MET258,48,2,0.27709952,A,2,0.27709952,True,A,0.27709952,0.8630771636962891,2.0723869800567627,-172.0941;153.9363;-93.8045,t/t/m-,7.9059;26.0637;3.8045,45.0000;45.0000;60.0000,True,True,3.406105266796932,A:THR277:OG1,1.4061052667969318,True,6.149287327764064,"sym0[-1,1,0]/B:GLU132:OE2",4.149287327764064,True,True,True,107.59011840820312,109.64179992675781,-2.0516815185546875,True,True
original5,4C16_A_MET258__048__3,4C16_A_MET258,48,3,0.096272625,other,3,0.096272625,True,other,0.096272625,1.8933712244033813,2.111013174057007,-73.3435;-148.3703;-43.2676,g-/t/m-,13.3435;31.6297;46.7324,45.0000;45.0000;60.0000,True,True,2.968241837358716,A:LYS279:CE,0.968241837358716,True,6.7702183024572715,"sym0[-1,1,0]/B:GLU132:OE2",4.7702183024572715,True,True,True,80.08761596679688,nan,nan,False,False
original5,4C16_A_MET258__049__0,4C16_A_MET258,49,0,0.61600924,B,0,0.61600924,True,B,0.61600924,2.179119348526001,0.16060389578342438,-51.6715;-64.1828;-68.5948,g-/g-/m-,8.3285;4.1828;21.4052,45.0000;45.0000;60.0000,True,True,3.396246706698395,A:GLU256:O,1.396246706698395,True,6.125268267004639,"sym0[-1,1,0]/S:HOH624:O",4.765268252699524,True,True,True,104.3394775390625,105.44197082519531,-1.1024932861328125,True,True
original5,4C16_A_MET258__049__3,4C16_A_MET258,49,3,0.34934431,A,1,0.34934431,True,A,0.34934431,0.0982791930437088,2.2647159099578857,-160.7785;156.6672;-174.6057,t/t/t,19.2215;23.3328;5.3943,45.0000;45.0000;60.0000,True,True,3.2996178279451143,A:LYS279:NZ,1.2996178279451143,True,4.891948297093066,"sym0[-1,1,0]/B:GLU132:OE2",2.891948297093066,True,True,True,108.86498260498047,109.64179992675781,-0.7768173217773438,True,True
original5,7F72_A_MET103__000__1,7F72_A_MET103,0,1,0.69382876,B,0,0.69382876,True,B,0.69382876,1.3872897624969482,0.2154165357351303,-56.1927;168.3972;94.8858,g-/t/m+,3.8073;11.6028;4.8858,45.0000;45.0000;60.0000,True,True,3.23600754765031,A:PHE104:N,1.2360075476503098,True,nan,,inf,True,True,True,75.26127624511719,78.19924926757812,-2.9379730224609375,True,True
original5,7F72_A_MET103__000__2,7F72_A_MET103,0,2,0.18071292,other,1,0.18071292,True,other,0.18071292,1.5367792844772339,0.7556052207946777,-73.6700;-176.8839;167.3354,g-/t/t,13.6700;3.1161;12.6646,45.0000;45.0000;60.0000,True,True,2.9927176701969644,A:ARG198:NE,0.9927176701969644,True,nan,,inf,True,True,True,49.983612060546875,nan,nan,False,False
original5,7F72_A_MET103__000__3,7F72_A_MET103,0,3,0.12463435,A,2,0.12463435,True,A,0.12463435,0.13615232706069946,1.4487639665603638,-74.1037;178.2448;-68.3374,g-/t/m-,14.1037;1.7552;21.6626,45.0000;45.0000;60.0000,True,True,3.23600754765031,A:PHE104:N,1.2360075476503098,True,nan,,inf,True,True,True,72.6270751953125,72.57913208007812,0.047943115234375,True,True
original5,7F72_A_MET103__001__2,7F72_A_MET103,1,2,0.43570375,B,0,0.43570375,True,B,0.43570375,1.4830753803253174,0.31263598799705505,-59.3616;174.1780;96.0133,g-/t/m+,0.6384;5.8220;6.0133,45.0000;45.0000;60.0000,True,True,3.23600754765031,A:PHE104:N,1.2360075476503098,True,nan,,inf,True,True,True,74.77645874023438,78.19924926757812,-3.42279052734375,True,True
original5,7F72_A_MET103__001__3,7F72_A_MET103,1,3,0.5529471,A,1,0.5529471,True,A,0.5529471,0.3105027675628662,1.4340524673461914,-60.0527;-174.1571;-86.8251,g-/t/m-,0.0527;5.8429;3.1749,45.0000;45.0000;60.0000,True,True,3.23600754765031,A:PHE104:N,1.2360075476503098,True,nan,,inf,True,True,True,74.32162475585938,72.57913208007812,1.74249267578125,False,False
original5,7F72_A_MET103__002__0,7F72_A_MET103,2,0,0.065628968,other,0,0.065628968,True,other,0.065628968,1.4847605228424072,0.7205020189285278,-71.9744;178.8549;166.9726,g-/t/t,11.9744;1.1451;13.0274,45.0000;45.0000;60.0000,True,True,2.8571239939728375,A:ARG198:NE,0.8571239939728375,True,nan,,inf,True,True,True,49.71468734741211,nan,nan,False,False
original5,7F72_A_MET103__002__1,7F72_A_MET103,2,1,0.47797748,A,1,0.47797748,True,A,0.47797748,0.26759210228919983,1.4382089376449585,-63.0187;-175.8256;-82.2514,g-/t/m-,3.0187;4.1744;7.7486,45.0000;45.0000;60.0000,True,True,3.23600754765031,A:PHE104:N,1.2360075476503098,True,nan,,inf,True,True,True,73.30936431884766,72.57913208007812,0.7302322387695312,False,False
original5,7F72_A_MET103__002__3,7F72_A_MET103,2,3,0.43818155,B,2,0.43818155,True,B,0.43818155,1.4571231603622437,0.2685207426548004,-58.7491;172.5185;96.8185,g-/t/m+,1.2509;7.4815;6.8185,45.0000;45.0000;60.0000,True,True,3.23600754765031,A:PHE104:N,1.2360075476503098,True,nan,,inf,True,True,True,75.0074462890625,78.19924926757812,-3.191802978515625,True,True
original5,7F72_A_MET103__003__0,7F72_A_MET103,3,0,0.50570571,A,0,0.50570571,True,A,0.50570571,0.26696038246154785,1.4366488456726074,-62.9341;-175.6580;-82.3228,g-/t/m-,2.9341;4.3420;7.6772,45.0000;45.0000;60.0000,True,True,3.23600754765031,A:PHE104:N,1.2360075476503098,True,nan,,inf,True,True,True,73.26374816894531,72.57913208007812,0.6846160888671875,False,False
original5,7F72_A_MET103__003__1,7F72_A_MET103,3,1,0.45932847,B,1,0.45932847,True,B,0.45932847,1.4700263738632202,0.26107361912727356,-58.7761;173.3066;98.8325,g-/t/m+,1.2239;6.6934;8.8325,45.0000;45.0000;60.0000,True,True,3.23600754765031,A:PHE104:N,1.2360075476503098,True,nan,,inf,True,True,True,75.3158187866211,78.19924926757812,-2.8834304809570312,True,True
original5,7F72_A_MET103__004__1,7F72_A_MET103,4,1,0.17963903,other,0,0.17963903,True,other,0.17963903,1.5350723266601562,0.7506418824195862,-73.6454;-177.3281;167.0390,g-/t/t,13.6454;2.6719;12.9610,45.0000;45.0000;60.0000,True,True,2.993149999404505,A:ARG198:NE,0.9931499994045052,True,nan,,inf,True,True,True,49.97175979614258,nan,nan,False,False
original5,7F72_A_MET103__004__3,7F72_A_MET103,4,3,0.77295721,B,1,0.77295721,True,B,0.77295721,1.3764070272445679,0.21881677210330963,-55.8112;167.6990;94.4402,g-/t/m+,4.1888;12.3010;4.4402,45.0000;45.0000;60.0000,True,True,3.23600754765031,A:PHE104:N,1.2360075476503098,True,nan,,inf,True,True,True,75.29910278320312,78.19924926757812,-2.900146484375,True,True
original5,7F72_A_MET103__005__0,7F72_A_MET103,5,0,0.50507808,A,0,0.50507808,True,A,0.50507808,0.25630417466163635,1.4285029172897339,-62.9510;-174.9595;-81.8201,g-/t/m-,2.9510;5.0405;8.1799,45.0000;45.0000;60.0000,True,True,3.23600754765031,A:PHE104:N,1.2360075476503098,True,nan,,inf,True,True,True,72.90505981445312,72.57913208007812,0.325927734375,True,True
original5,7F72_A_MET103__005__2,7F72_A_MET103,5,2,0.44704291,B,1,0.44704291,True,B,0.44704291,1.4772447347640991,0.2825773358345032,-59.1415;173.7102;98.0696,g-/t/m+,0.8585;6.2898;8.0696,45.0000;45.0000;60.0000,True,True,3.23600754765031,A:PHE104:N,1.2360075476503098,True,nan,,inf,True,True,True,75.13505554199219,78.19924926757812,-3.0641937255859375,True,True
original5,7F72_A_MET103__006__0,7F72_A_MET103,6,0,0.41591501,B,0,0.41591501,True,B,0.41591501,1.4716638326644897,0.29709750413894653,-59.2761;173.3785;96.3075,g-/t/m+,0.7239;6.6215;6.3075,45.0000;45.0000;60.0000,True,True,3.23600754765031,A:PHE104:N,1.2360075476503098,True,nan,,inf,True,True,True,74.83415222167969,78.19924926757812,-3.3650970458984375,True,True
original5,7F72_A_MET103__006__1,7F72_A_MET103,6,1,0.06607201,other,1,0.06607201,True,other,0.06607201,1.540844440460205,0.7623347043991089,-73.4689;-175.9799;167.3883,g-/t/t,13.4689;4.0201;12.6117,45.0000;45.0000;60.0000,True,True,2.9947181526603543,A:ARG198:NE,0.9947181526603543,True,nan,,inf,True,True,True,50.005340576171875,nan,nan,False,False
original5,7F72_A_MET103__006__3,7F72_A_MET103,6,3,0.4724822,A,2,0.4724822,True,A,0.4724822,0.27912095189094543,1.443665623664856,-62.6494;-176.0739;-82.7871,g-/t/m-,2.6494;3.9261;7.2129,45.0000;45.0000;60.0000,True,True,3.23600754765031,A:PHE104:N,1.2360075476503098,True,nan,,inf,True,True,True,73.64288330078125,72.57913208007812,1.063751220703125,False,False
original5,7F72_A_MET103__007__1,7F72_A_MET103,7,1,0.51553798,A,0,0.51553798,True,A,0.51553798,0.2602625787258148,1.4322047233581543,-63.1575;-175.4518;-82.2478,g-/t/m-,3.1575;4.5482;7.7522,45.0000;45.0000;60.0000,True,True,3.23600754765031,A:PHE104:N,1.2360075476503098,True,nan,,inf,True,True,True,73.08171081542969,72.57913208007812,0.5025787353515625,False,False
original5,7F72_A_MET103__007__3,7F72_A_MET103,7,3,0.48111022,B,1,0.48111022,True,B,0.48111022,1.468754529953003,0.2651510238647461,-58.8031;173.2342;98.3141,g-/t/m+,1.1969;6.7658;8.3141,45.0000;45.0000;60.0000,True,True,3.23600754765031,A:PHE104:N,1.2360075476503098,True,nan,,inf,True,True,True,75.2276382446289,78.19924926757812,-2.9716110229492188,True,True
original5,7F72_A_MET103__008__0,7F72_A_MET103,8,0,0.49889949,A,0,0.49889949,True,A,0.49889949,0.2611168324947357,1.4323049783706665,-63.0463;-175.3811;-82.2246,g-/t/m-,3.0463;4.6189;7.7754,45.0000;45.0000;60.0000,True,True,3.23600754765031,A:PHE104:N,1.2360075476503098,True,nan,,inf,True,True,True,73.09075164794922,72.57913208007812,0.5116195678710938,False,False
original5,7F72_A_MET103__008__1,7F72_A_MET103,8,1,0.48010212,B,1,0.48010212,True,B,0.48010212,1.4703197479248047,0.26773375272750854,-58.8397;173.3339;98.2818,g-/t/m+,1.1603;6.6661;8.2818,45.0000;45.0000;60.0000,True,True,3.23600754765031,A:PHE104:N,1.2360075476503098,True,nan,,inf,True,True,True,75.22087097167969,78.19924926757812,-2.9783782958984375,True,True
original5,7F72_A_MET103__009__1,7F72_A_MET103,9,1,0.058776457,other,0,0.058776457,True,other,0.058776457,1.6264495849609375,0.7932698726654053,-76.2689;-173.7499;163.7673,g-/t/t,16.2689;6.2501;16.2327,45.0000;45.0000;60.0000,True,True,3.23600754765031,A:PHE104:N,1.2360075476503098,True,nan,,inf,True,True,True,50.602691650390625,nan,nan,False,False
original5,7F72_A_MET103__009__2,7F72_A_MET103,9,2,0.48128986,A,1,0.48128986,True,A,0.48128986,0.28135305643081665,1.4461193084716797,-62.5412;-176.1542;-82.5657,g-/t/m-,2.5412;3.8458;7.4343,45.0000;45.0000;60.0000,True,True,3.23600754765031,A:PHE104:N,1.2360075476503098,True,nan,,inf,True,True,True,73.70542907714844,72.57913208007812,1.1262969970703125,False,False
original5,7F72_A_MET103__009__3,7F72_A_MET103,9,3,0.45271155,B,2,0.45271155,True,B,0.45271155,1.4561667442321777,0.26307013630867004,-58.6280;172.4852;97.0278,g-/t/m+,1.3720;7.5148;7.0278,45.0000;45.0000;60.0000,True,True,3.23600754765031,A:PHE104:N,1.2360075476503098,True,nan,,inf,True,True,True,75.05691528320312,78.19924926757812,-3.142333984375,True,True
original5,7F72_A_MET103__010__0,7F72_A_MET103,10,0,0.052224521,merged_duplicate,0,0.757910251,False,A,0.0,0.40807849168777466,1.493124008178711,-62.0421;179.4285;-90.2185,g-/t/m-,2.0421;0.5715;0.2185,45.0000;45.0000;60.0000,True,True,3.23600754765031,A:PHE104:N,1.2360075476503098,True,nan,,inf,True,True,True,54.135169982910156,nan,nan,False,False
original5,7F72_A_MET103__010__1,7F72_A_MET103,10,1,0.19468634,B,1,0.19468634,True,B,0.19468634,1.5376371145248413,0.7513595223426819,-73.1935;-176.7071;166.5093,g-/t/t,13.1935;3.2929;13.4907,45.0000;45.0000;60.0000,True,True,2.994884701990682,A:ARG198:NE,0.9948847019906819,True,nan,,inf,True,True,True,74.36927032470703,78.19924926757812,-3.8299789428710938,True,True
original5,7F72_A_MET103__010__2,7F72_A_MET103,10,2,0.70568573,A,0,0.757910251,True,A,0.757910251,0.2742805480957031,1.437301754951477,-61.9111;-174.9507;-81.8077,g-/t/m-,1.9111;5.0493;8.1923,45.0000;45.0000;60.0000,True,True,3.23600754765031,A:PHE104:N,1.2360075476503098,True,nan,,inf,True,True,True,73.26846313476562,72.57913208007812,0.6893310546875,False,False
original5,7F72_A_MET103__011__0,7F72_A_MET103,11,0,0.47543031,B,0,0.47543031,True,B,0.47543031,1.4706016778945923,0.2673279345035553,-58.8811;173.3247;98.4393,g-/t/m+,1.1189;6.6753;8.4393,45.0000;45.0000;60.0000,True,True,3.23600754765031,A:PHE104:N,1.2360075476503098,True,nan,,inf,True,True,True,75.24059295654297,78.19924926757812,-2.9586563110351562,True,True
original5,7F72_A_MET103__011__3,7F72_A_MET103,11,3,0.50469798,A,1,0.50469798,True,A,0.50469798,0.2592061161994934,1.429573893547058,-63.3496;-175.4608;-82.7805,g-/t/m-,3.3496;4.5392;7.2195,45.0000;45.0000;60.0000,True,True,3.23600754765031,A:PHE104:N,1.2360075476503098,True,nan,,inf,True,True,True,73.06103515625,72.57913208007812,0.481903076171875,False,False
original5,7F72_A_MET103__012__0,7F72_A_MET103,12,0,0.21027045,B,0,0.38337696,True,B,0.38337696,1.4508317708969116,0.2941362261772156,-59.0810;172.1099;94.6876,g-/t/m+,0.9190;7.8901;4.6876,45.0000;45.0000;60.0000,True,True,3.23600754765031,A:PHE104:N,1.2360075476503098,True,nan,,inf,True,True,True,74.62583923339844,78.19924926757812,-3.5734100341796875,True,True
original5,7F72_A_MET103__012__1,7F72_A_MET103,12,1,0.17310651,merged_duplicate,0,0.38337696,False,B,0.0,1.5983349084854126,0.4698159098625183,-59.7927;-178.0367;94.7856,g-/t/m+,0.2073;1.9633;4.7856,45.0000;45.0000;60.0000,True,True,3.1943836050476553,A:ILE145:CG1,1.1943836050476553,True,nan,,inf,True,True,True,50.358856201171875,nan,nan,False,False
original5,7F72_A_MET103__012__2,7F72_A_MET103,12,2,0.60143042,A,1,0.60143042,True,A,0.60143042,0.2566775381565094,1.4289264678955078,-63.3472;-175.3566;-82.4594,g-/t/m-,3.3472;4.6434;7.5406,45.0000;45.0000;60.0000,True,True,3.23600754765031,A:PHE104:N,1.2360075476503098,True,nan,,inf,True,True,True,72.99322509765625,72.57913208007812,0.414093017578125,True,True
original5,7F72_A_MET103__013__0,7F72_A_MET103,13,0,0.34955901,B,0,0.45627269000000004,True,B,0.45627269000000004,1.478103756904602,0.2836166322231293,-59.1558;173.7647;98.0830,g-/t/m+,0.8442;6.2353;8.0830,45.0000;45.0000;60.0000,True,True,3.23600754765031,A:PHE104:N,1.2360075476503098,True,nan,,inf,True,True,True,75.13490295410156,78.19924926757812,-3.0643463134765625,True,True
original5,7F72_A_MET103__013__1,7F72_A_MET103,13,1,0.4635013,A,1,0.4635013,True,A,0.4635013,0.2979244589805603,1.45768404006958,-62.1355;-176.7662;-82.6791,g-/t/m-,2.1355;3.2338;7.3209,45.0000;45.0000;60.0000,True,True,3.23600754765031,A:PHE104:N,1.2360075476503098,True,nan,,inf,True,True,True,74.28706359863281,72.57913208007812,1.7079315185546875,False,False
original5,7F72_A_MET103__013__2,7F72_A_MET103,13,2,0.10671368,merged_duplicate,0,0.45627269000000004,False,B,0.0,1.404901385307312,0.5065963864326477,-60.8908;170.6619;79.4340,g-/t/m+,0.8908;9.3381;10.5660,45.0000;45.0000;60.0000,True,True,3.0939455688764403,A:ILE145:CG1,1.0939455688764403,True,nan,,inf,True,True,True,48.33708190917969,nan,nan,False,False
original5,7F72_A_MET103__013__3,7F72_A_MET103,13,3,0.080225959,other,2,0.080225959,True,other,0.080225959,1.555099606513977,0.7675650119781494,-73.1464;-174.7121;166.2868,g-/t/t,13.1464;5.2879;13.7132,45.0000;45.0000;60.0000,True,True,3.0278351760557727,A:ARG198:NE,1.0278351760557727,True,nan,,inf,True,True,True,50.088924407958984,nan,nan,False,False
original5,7F72_A_MET103__014__1,7F72_A_MET103,14,1,0.47703648,B,0,0.47703648,True,B,0.47703648,1.4707621335983276,0.26516902446746826,-58.8101;173.3628;98.5419,g-/t/m+,1.1899;6.6372;8.5419,45.0000;45.0000;60.0000,True,True,3.23600754765031,A:PHE104:N,1.2360075476503098,True,nan,,inf,True,True,True,75.26478576660156,78.19924926757812,-2.9344635009765625,True,True
original5,7F72_A_MET103__014__3,7F72_A_MET103,14,3,0.4759292,A,1,0.4759292,True,A,0.4759292,0.2759384214878082,1.4453707933425903,-62.6970;-176.1071;-81.9053,g-/t/m-,2.6970;3.8929;8.0947,45.0000;45.0000;60.0000,True,True,3.23600754765031,A:PHE104:N,1.2360075476503098,True,nan,,inf,True,True,True,73.53900909423828,72.57913208007812,0.9598770141601562,False,False
original5,7F72_A_MET103__015__0,7F72_A_MET103,15,0,0.17641036,merged_duplicate,0,0.996923152,False,A,0.0,0.4583975076675415,1.5156012773513794,-62.3698;177.2435;-91.6106,g-/t/m-,2.3698;2.7565;1.6106,45.0000;45.0000;60.0000,True,True,3.23600754765031,A:PHE104:N,1.2360075476503098,True,nan,,inf,True,True,True,55.91106033325195,nan,nan,False,False
original5,7F72_A_MET103__015__1,7F72_A_MET103,15,1,0.7455914,A,0,0.996923152,True,A,0.996923152,0.21796812117099762,1.3702356815338135,-63.8888;-170.4985;-80.0759,g-/t/m-,3.8888;9.5015;9.9241,45.0000;45.0000;60.0000,True,True,3.23600754765031,A:PHE104:N,1.2360075476503098,True,nan,,inf,True,True,True,71.55706787109375,72.57913208007812,-1.022064208984375,True,True
original5,7F72_A_MET103__015__3,7F72_A_MET103,15,3,0.074921392,merged_duplicate,0,0.996923152,False,A,0.0,0.4484418034553528,1.5176650285720825,-62.3530;177.3494;-90.4315,g-/t/m-,2.3530;2.6506;0.4315,45.0000;45.0000;60.0000,True,True,3.23600754765031,A:PHE104:N,1.2360075476503098,True,nan,,inf,True,True,True,56.00138854980469,nan,nan,False,False
original5,7F72_A_MET103__016__0,7F72_A_MET103,16,0,0.45440379,B,0,0.45440379,True,B,0.45440379,1.4589898586273193,0.2662009000778198,-58.7178;172.6441;97.1297,g-/t/m+,1.2822;7.3559;7.1297,45.0000;45.0000;60.0000,True,True,3.23600754765031,A:PHE104:N,1.2360075476503098,True,nan,,inf,True,True,True,75.0574951171875,78.19924926757812,-3.141754150390625,True,True
original5,7F72_A_MET103__016__2,7F72_A_MET103,16,2,0.054145373,other,1,0.054145373,True,other,0.054145373,1.5410332679748535,0.7615426778793335,-73.3887;-175.9576;167.2382,g-/t/t,13.3887;4.0424;12.7618,45.0000;45.0000;60.0000,True,True,2.995238939708088,A:ARG198:NE,0.9952389397080879,True,nan,,inf,True,True,True,50.00461959838867,nan,nan,False,False
original5,7F72_A_MET103__016__3,7F72_A_MET103,16,3,0.45489809,A,2,0.45489809,True,A,0.45489809,0.2913295328617096,1.4532800912857056,-62.4052;-176.6284;-82.7293,g-/t/m-,2.4052;3.3716;7.2707,45.0000;45.0000;60.0000,True,True,3.23600754765031,A:PHE104:N,1.2360075476503098,True,nan,,inf,True,True,True,74.07087707519531,72.57913208007812,1.4917449951171875,False,False
original5,7F72_A_MET103__017__1,7F72_A_MET103,17,1,0.43964142,B,0,0.43964142,True,B,0.43964142,1.458964228630066,0.27162301540374756,-59.7736;172.0464;98.6638,g-/t/m+,0.2264;7.9536;8.6638,45.0000;45.0000;60.0000,True,True,3.23600754765031,A:PHE104:N,1.2360075476503098,True,nan,,inf,True,True,True,75.16867065429688,78.19924926757812,-3.03057861328125,True,True
original5,7F72_A_MET103__017__3,7F72_A_MET103,17,3,0.50916231,A,1,0.50916231,True,A,0.50916231,0.27952277660369873,1.4188635349273682,-62.2809;-174.4935;-86.3771,g-/t/m-,2.2809;5.5065;3.6229,45.0000;45.0000;60.0000,True,True,3.23600754765031,A:PHE104:N,1.2360075476503098,True,nan,,inf,True,True,True,73.36231231689453,72.57913208007812,0.7831802368164062,False,False
original5,7F72_A_MET103__018__0,7F72_A_MET103,18,0,0.18618938,B,0,0.39398957,True,B,0.39398957,1.479822039604187,0.3151313066482544,-59.1057;174.1469;94.9834,g-/t/m+,0.8943;5.8531;4.9834,45.0000;45.0000;60.0000,True,True,3.23600754765031,A:PHE104:N,1.2360075476503098,True,nan,,inf,True,True,True,74.65748596191406,78.19924926757812,-3.5417633056640625,True,True
original5,7F72_A_MET103__018__2,7F72_A_MET103,18,2,0.59721571,A,1,0.59721571,True,A,0.59721571,0.31222501397132874,1.468256950378418,-61.6201;-177.1541;-82.3676,g-/t/m-,1.6201;2.8459;7.6324,45.0000;45.0000;60.0000,True,True,3.23600754765031,A:PHE104:N,1.2360075476503098,True,nan,,inf,True,True,True,74.75959014892578,72.57913208007812,2.1804580688476562,False,False
original5,7F72_A_MET103__018__3,7F72_A_MET103,18,3,0.20780019,merged_duplicate,0,0.39398957,False,B,0.0,1.6157811880111694,0.6245132088661194,-70.1314;177.4342;97.9869,g-/t/m+,10.1314;2.5658;7.9869,45.0000;45.0000;60.0000,True,True,2.940195009318916,A:ILE145:CG1,0.940195009318916,True,nan,,inf,True,True,True,50.34944534301758,nan,nan,False,False
original5,7F72_A_MET103__019__0,7F72_A_MET103,19,0,0.47816271,B,0,0.47816271,True,B,0.47816271,1.4592936038970947,0.2510819733142853,-58.6474;172.5976;98.5122,g-/t/m+,1.3526;7.4024;8.5122,45.0000;45.0000;60.0000,True,True,3.23600754765031,A:PHE104:N,1.2360075476503098,True,nan,,inf,True,True,True,75.29376220703125,78.19924926757812,-2.905487060546875,True,True
original5,7F72_A_MET103__019__3,7F72_A_MET103,19,3,0.49008566,A,1,0.49008566,True,A,0.49008566,0.27077987790107727,1.4386073350906372,-62.7308;-175.6778;-82.3642,g-/t/m-,2.7308;4.3222;7.6358,45.0000;45.0000;60.0000,True,True,3.23600754765031,A:PHE104:N,1.2360075476503098,True,nan,,inf,True,True,True,73.36434936523438,72.57913208007812,0.78521728515625,False,False
original5,7F72_A_MET103__020__0,7F72_A_MET103,20,0,0.4872514,A,0,0.4872514,True,A,0.4872514,0.28383949398994446,1.4480299949645996,-62.4097;-176.1943;-82.4591,g-/t/m-,2.4097;3.8057;7.5409,45.0000;45.0000;60.0000,True,True,3.23600754765031,A:PHE104:N,1.2360075476503098,True,nan,,inf,True,True,True,73.77392578125,72.57913208007812,1.194793701171875,False,False
original5,7F72_A_MET103__020__2,7F72_A_MET103,20,2,0.46525803,B,1,0.46525803,True,B,0.46525803,1.4553663730621338,0.24307319521903992,-58.5457;172.3368;98.7573,g-/t/m+,1.4543;7.6632;8.7573,45.0000;45.0000;60.0000,True,True,3.23600754765031,A:PHE104:N,1.2360075476503098,True,nan,,inf,True,True,True,75.35901641845703,78.19924926757812,-2.8402328491210938,True,True
original5,7F72_A_MET103__021__1,7F72_A_MET103,21,1,0.48441243,B,0,0.48441243,True,B,0.48441243,1.4642783403396606,0.2581544816493988,-58.7606;172.9136;98.4994,g-/t/m+,1.2394;7.0864;8.4994,45.0000;45.0000;60.0000,True,True,3.23600754765031,A:PHE104:N,1.2360075476503098,True,nan,,inf,True,True,True,75.27204895019531,78.19924926757812,-2.9272003173828125,True,True
original5,7F72_A_MET103__021__2,7F72_A_MET103,21,2,0.48575178,A,1,0.48575178,True,A,0.48575178,0.267484575510025,1.4364306926727295,-62.6574;-175.4107;-82.0286,g-/t/m-,2.6574;4.5893;7.9714,45.0000;45.0000;60.0000,True,True,3.23600754765031,A:PHE104:N,1.2360075476503098,True,nan,,inf,True,True,True,73.22962951660156,72.57913208007812,0.6504974365234375,False,False
original5,7F72_A_MET103__022__1,7F72_A_MET103,22,1,0.46943632,B,0,0.46943632,True,B,0.46943632,1.4647091627120972,0.2539185583591461,-58.8249;172.8743;99.1244,g-/t/m+,1.1751;7.1257;9.1244,45.0000;45.0000;60.0000,True,True,3.23600754765031,A:PHE104:N,1.2360075476503098,True,nan,,inf,True,True,True,75.36817169189453,78.19924926757812,-2.8310775756835938,True,True
original5,7F72_A_MET103__022__3,7F72_A_MET103,22,3,0.46711466,A,1,0.46711466,True,A,0.46711466,0.2737416923046112,1.43435537815094,-62.8430;-175.6452;-83.7730,g-/t/m-,2.8430;4.3548;6.2270,45.0000;45.0000;60.0000,True,True,3.23600754765031,A:PHE104:N,1.2360075476503098,True,nan,,inf,True,True,True,73.44673919677734,72.57913208007812,0.8676071166992188,False,False
original5,7F72_A_MET103__023__2,7F72_A_MET103,23,2,0.77990812,A,0,0.77990812,True,A,0.77990812,0.2866031229496002,1.445698857307434,-62.0001;-175.8009;-82.9029,g-/t/m-,2.0001;4.1991;7.0971,45.0000;45.0000;60.0000,True,True,3.23600754765031,A:PHE104:N,1.2360075476503098,True,nan,,inf,True,True,True,73.78878784179688,72.57913208007812,1.20965576171875,False,False
original5,7F72_A_MET103__023__3,7F72_A_MET103,23,3,0.19603625,B,1,0.19603625,True,B,0.19603625,1.5367112159729004,0.7495335340499878,-73.2495;-176.9444;166.4804,g-/t/t,13.2495;3.0556;13.5196,45.0000;45.0000;60.0000,True,True,2.994969033234406,A:ARG198:NE,0.9949690332344061,True,nan,,inf,True,True,True,74.36489868164062,78.19924926757812,-3.8343505859375,True,True
original5,7F72_A_MET103__024__0,7F72_A_MET103,24,0,0.67717922,A,0,0.762677814,True,A,0.762677814,0.3016315996646881,1.4572012424468994,-61.1709;-175.9792;-81.9930,g-/t/m-,1.1709;4.0208;8.0070,45.0000;45.0000;60.0000,True,True,3.23600754765031,A:PHE104:N,1.2360075476503098,True,nan,,inf,True,True,True,74.13423919677734,72.57913208007812,1.5551071166992188,False,False
original5,7F72_A_MET103__024__1,7F72_A_MET103,24,1,0.085498594,merged_duplicate,0,0.762677814,False,A,0.0,0.41240978240966797,1.4936102628707886,-62.1083;179.2769;-90.5342,g-/t/m-,2.1083;0.7231;0.5342,45.0000;45.0000;60.0000,True,True,3.23600754765031,A:PHE104:N,1.2360075476503098,True,nan,,inf,True,True,True,54.17047119140625,nan,nan,False,False
original5,7F72_A_MET103__024__2,7F72_A_MET103,24,2,0.061122712,merged_duplicate,1,0.23732225199999998,False,B,0.0,1.5511237382888794,0.702319324016571,-71.3488;-177.7228;159.6115,g-/t/t,11.3488;2.2772;20.3885,45.0000;45.0000;60.0000,True,True,3.0863163496772743,A:ARG198:NE,1.0863163496772743,True,nan,,inf,True,True,True,50.06346130371094,nan,nan,False,False
original5,7F72_A_MET103__024__3,7F72_A_MET103,24,3,0.17619954,B,1,0.23732225199999998,True,B,0.23732225199999998,1.5370038747787476,0.7329527139663696,-72.9410;-177.8621;164.7923,g-/t/t,12.9410;2.1379;15.2077,45.0000;45.0000;60.0000,True,True,3.014025022506854,A:ARG198:NE,1.014025022506854,True,nan,,inf,True,True,True,74.35903930664062,78.19924926757812,-3.8402099609375,True,True
original5,7F72_A_MET103__025__1,7F72_A_MET103,25,1,0.47934705,B,0,0.47934705,True,B,0.47934705,1.468929409980774,0.2647058069705963,-58.8817;173.1956;98.5398,g-/t/m+,1.1183;6.8044;8.5398,45.0000;45.0000;60.0000,True,True,3.23600754765031,A:PHE104:N,1.2360075476503098,True,nan,,inf,True,True,True,75.25382232666016,78.19924926757812,-2.9454269409179688,True,True
original5,7F72_A_MET103__025__2,7F72_A_MET103,25,2,0.50838953,A,1,0.50838953,True,A,0.50838953,0.2602020502090454,1.4318934679031372,-63.2156;-175.4868;-82.3752,g-/t/m-,3.2156;4.5132;7.6248,45.0000;45.0000;60.0000,True,True,3.23600754765031,A:PHE104:N,1.2360075476503098,True,nan,,inf,True,True,True,73.09306335449219,72.57913208007812,0.5139312744140625,False,False
original5,7F72_A_MET103__026__1,7F72_A_MET103,26,1,0.49897742,A,0,0.49897742,True,A,0.49897742,0.2711980640888214,1.4375749826431274,-62.8050;-175.7061;-82.7444,g-/t/m-,2.8050;4.2939;7.2556,45.0000;45.0000;60.0000,True,True,3.23600754765031,A:PHE104:N,1.2360075476503098,True,nan,,inf,True,True,True,73.38848114013672,72.57913208007812,0.8093490600585938,False,False
original5,7F72_A_MET103__026__3,7F72_A_MET103,26,3,0.46296906,B,1,0.46296906,True,B,0.46296906,1.4617327451705933,0.25733712315559387,-58.7399;172.7502;98.2922,g-/t/m+,1.2601;7.2498;8.2922,45.0000;45.0000;60.0000,True,True,3.23600754765031,A:PHE104:N,1.2360075476503098,True,nan,,inf,True,True,True,75.24169921875,78.19924926757812,-2.957550048828125,True,True
original5,7F72_A_MET103__027__0,7F72_A_MET103,27,0,0.41819018,B,0,0.487318462,True,B,0.487318462,1.47423255443573,0.2918822169303894,-59.5511;173.3361;97.5999,g-/t/m+,0.4489;6.6639;7.5999,45.0000;45.0000;60.0000,True,True,3.23600754765031,A:PHE104:N,1.2360075476503098,True,nan,,inf,True,True,True,75.0022964477539,78.19924926757812,-3.1969528198242188,True,True
original5,7F72_A_MET103__027__1,7F72_A_MET103,27,1,0.50639802,A,1,0.50639802,True,A,0.50639802,0.2676357924938202,1.4357585906982422,-62.8302;-175.5418;-82.4739,g-/t/m-,2.8302;4.4582;7.5261,45.0000;45.0000;60.0000,True,True,3.23600754765031,A:PHE104:N,1.2360075476503098,True,nan,,inf,True,True,True,73.26731872558594,72.57913208007812,0.6881866455078125,False,False
original5,7F72_A_MET103__027__3,7F72_A_MET103,27,3,0.069128282,merged_duplicate,0,0.487318462,False,B,0.0,1.4269556999206543,0.16177216172218323,-57.5820;170.3637;103.0397,g-/t/m+,2.4180;9.6363;13.0397,45.0000;45.0000;60.0000,True,True,3.23600754765031,A:PHE104:N,1.2360075476503098,True,nan,,inf,True,True,True,51.93816375732422,nan,nan,False,False
original5,7F72_A_MET103__028__0,7F72_A_MET103,28,0,0.10822804,merged_duplicate,0,0.53203006,False,A,0.0,0.3885560631752014,1.3994871377944946,-66.0997;-178.2002;-96.0397,g-/t/m-,6.0997;1.7998;6.0397,45.0000;45.0000;60.0000,True,True,3.23600754765031,A:PHE104:N,1.2360075476503098,True,nan,,inf,True,True,True,48.7152099609375,nan,nan,False,False
original5,7F72_A_MET103__028__1,7F72_A_MET103,28,1,0.42380202,A,0,0.53203006,True,A,0.53203006,0.28424638509750366,1.444681167602539,-61.7399;-175.4420;-82.1382,g-/t/m-,1.7399;4.5580;7.8618,45.0000;45.0000;60.0000,True,True,3.23600754765031,A:PHE104:N,1.2360075476503098,True,nan,,inf,True,True,True,73.60881805419922,72.57913208007812,1.0296859741210938,False,False
original5,7F72_A_MET103__028__3,7F72_A_MET103,28,3,0.46287212,B,1,0.46287212,True,B,0.46287212,1.4737865924835205,0.2749987244606018,-58.9806;173.5280;98.1714,g-/t/m+,1.0194;6.4720;8.1714,45.0000;45.0000;60.0000,True,True,3.23600754765031,A:PHE104:N,1.2360075476503098,True,nan,,inf,True,True,True,75.17878723144531,78.19924926757812,-3.0204620361328125,True,True
original5,7F72_A_MET103__029__1,7F72_A_MET103,29,1,0.50251007,A,0,0.50251007,True,A,0.50251007,0.2651251554489136,1.4327696561813354,-63.1568;-175.6127;-82.9903,g-/t/m-,3.1568;4.3873;7.0097,45.0000;45.0000;60.0000,True,True,3.23600754765031,A:PHE104:N,1.2360075476503098,True,nan,,inf,True,True,True,73.22341918945312,72.57913208007812,0.644287109375,False,False
original5,7F72_A_MET103__029__2,7F72_A_MET103,29,2,0.45679867,B,1,0.45679867,True,B,0.45679867,1.4692559242248535,0.2642809748649597,-58.9976;173.1445;98.8588,g-/t/m+,1.0024;6.8555;8.8588,45.0000;45.0000;60.0000,True,True,3.23600754765031,A:PHE104:N,1.2360075476503098,True,nan,,inf,True,True,True,75.29335021972656,78.19924926757812,-2.9058990478515625,True,True
original5,7F72_A_MET103__030__0,7F72_A_MET103,30,0,0.85414243,B,0,0.85414243,True,B,0.85414243,1.4242308139801025,0.20718581974506378,-58.3502;170.0079;99.6649,g-/t/m+,1.6498;9.9921;9.6649,45.0000;45.0000;60.0000,True,True,3.23600754765031,A:PHE104:N,1.2360075476503098,True,nan,,inf,True,True,True,75.59207916259766,78.19924926757812,-2.6071701049804688,True,True
original5,7F72_A_MET103__030__1,7F72_A_MET103,30,1,0.059083041,other,1,0.059083041,True,other,0.059083041,1.714224934577942,1.4456720352172852,-138.3649;159.7176;-89.9958,t/t/m-,41.6351;20.2824;0.0042,45.0000;45.0000;60.0000,True,True,2.9694945091224043,A:ILE145:CG1,0.9694945091224043,True,nan,,inf,True,True,True,55.32018280029297,nan,nan,False,False
original5,7F72_A_MET103__030__3,7F72_A_MET103,30,3,0.067839727,other,2,0.067839727,True,other,0.067839727,1.7855578660964966,1.9945098161697388,50.6896;-162.6123;66.3609,g+/t/m+,9.3104;17.3877;23.6391,45.0000;45.0000;60.0000,True,True,2.7995824470158595,A:SER99:O,0.7995824470158595,True,nan,,inf,True,True,True,122.18327331542969,nan,nan,False,False
original5,7F72_A_MET103__031__0,7F72_A_MET103,31,0,0.48207471,A,0,0.48207471,True,A,0.48207471,0.258025199174881,1.423730731010437,-63.5126;-175.2635;-83.6843,g-/t/m-,3.5126;4.7365;6.3157,45.0000;45.0000;60.0000,True,True,3.23600754765031,A:PHE104:N,1.2360075476503098,True,nan,,inf,True,True,True,72.99662780761719,72.57913208007812,0.4174957275390625,True,True
original5,7F72_A_MET103__031__3,7F72_A_MET103,31,3,0.46971819,B,1,0.46971819,True,B,0.46971819,1.4736003875732422,0.27163198590278625,-58.9759;173.4949;98.5014,g-/t/m+,1.0241;6.5051;8.5014,45.0000;45.0000;60.0000,True,True,3.23600754765031,A:PHE104:N,1.2360075476503098,True,nan,,inf,True,True,True,75.23601531982422,78.19924926757812,-2.9632339477539062,True,True
original5,7F72_A_MET103__032__0,7F72_A_MET103,32,0,0.50351858,A,0,0.50351858,True,A,0.50351858,0.2631925642490387,1.4312591552734375,-62.9455;-175.2993;-82.6612,g-/t/m-,2.9455;4.7007;7.3388,45.0000;45.0000;60.0000,True,True,3.23600754765031,A:PHE104:N,1.2360075476503098,True,nan,,inf,True,True,True,73.13288879394531,72.57913208007812,0.5537567138671875,False,False
original5,7F72_A_MET103__032__2,7F72_A_MET103,32,2,0.47864059,B,1,0.47864059,True,B,0.47864059,1.467242956161499,0.2615754008293152,-58.8103;173.1048;98.5467,g-/t/m+,1.1897;6.8952;8.5467,45.0000;45.0000;60.0000,True,True,3.23600754765031,A:PHE104:N,1.2360075476503098,True,nan,,inf,True,True,True,75.27001953125,78.19924926757812,-2.929229736328125,True,True
original5,7F72_A_MET103__033__0,7F72_A_MET103,33,0,0.43682444,A,0,0.512783929,True,A,0.512783929,0.26631879806518555,1.4342349767684937,-62.6888;-175.3017;-82.2960,g-/t/m-,2.6888;4.6983;7.7040,45.0000;45.0000;60.0000,True,True,3.23600754765031,A:PHE104:N,1.2360075476503098,True,nan,,inf,True,True,True,73.18730163574219,72.57913208007812,0.6081695556640625,False,False
original5,7F72_A_MET103__033__1,7F72_A_MET103,33,1,0.075959489,merged_duplicate,0,0.512783929,False,A,0.0,0.37211915850639343,1.4771413803100586,-62.1935;-179.2673;-88.8744,g-/t/m-,2.1935;0.7327;1.1256,45.0000;45.0000;60.0000,True,True,3.23600754765031,A:PHE104:N,1.2360075476503098,True,nan,,inf,True,True,True,52.58476638793945,nan,nan,False,False
original5,7F72_A_MET103__033__2,7F72_A_MET103,33,2,0.46679512,B,1,0.46679512,True,B,0.46679512,1.465583086013794,0.26075705885887146,-58.9227;172.9216;98.6901,g-/t/m+,1.0773;7.0784;8.6901,45.0000;45.0000;60.0000,True,True,3.23600754765031,A:PHE104:N,1.2360075476503098,True,nan,,inf,True,True,True,75.27430725097656,78.19924926757812,-2.9249420166015625,True,True
original5,7F72_A_MET103__034__0,7F72_A_MET103,34,0,0.14684013,merged_duplicate,0,0.990530138,False,A,0.0,0.4426998794078827,1.509229063987732,-62.3195;177.8538;-91.0950,g-/t/m-,2.3195;2.1462;1.0950,45.0000;45.0000;60.0000,True,True,3.23600754765031,A:PHE104:N,1.2360075476503098,True,nan,,inf,True,True,True,55.39506149291992,nan,nan,False,False
original5,7F72_A_MET103__034__2,7F72_A_MET103,34,2,0.085800678,merged_duplicate,0,0.990530138,False,A,0.0,0.4160904884338379,1.496325969696045,-62.2508;178.9793;-90.4463,g-/t/m-,2.2508;1.0207;0.4463,45.0000;45.0000;60.0000,True,True,3.23600754765031,A:PHE104:N,1.2360075476503098,True,nan,,inf,True,True,True,54.30904769897461,nan,nan,False,False
original5,7F72_A_MET103__034__3,7F72_A_MET103,34,3,0.75788933,A,0,0.990530138,True,A,0.990530138,0.2245798110961914,1.3766112327575684,-63.3365;-170.8197;-80.6482,g-/t/m-,3.3365;9.1803;9.3518,45.0000;45.0000;60.0000,True,True,3.23600754765031,A:PHE104:N,1.2360075476503098,True,nan,,inf,True,True,True,71.71532440185547,72.57913208007812,-0.8638076782226562,True,True
original5,7F72_A_MET103__035__1,7F72_A_MET103,35,1,0.48374051,A,0,0.48374051,True,A,0.48374051,0.29359790682792664,1.4547251462936401,-62.1307;-176.5157;-82.5048,g-/t/m-,2.1307;3.4843;7.4952,45.0000;45.0000;60.0000,True,True,3.23600754765031,A:PHE104:N,1.2360075476503098,True,nan,,inf,True,True,True,74.09029388427734,72.57913208007812,1.5111618041992188,False,False
original5,7F72_A_MET103__035__3,7F72_A_MET103,35,3,0.45445102,B,1,0.45445102,True,B,0.45445102,1.4527126550674438,0.24605825543403625,-58.4926;172.2085;98.1214,g-/t/m+,1.5074;7.7915;8.1214,45.0000;45.0000;60.0000,True,True,3.23600754765031,A:PHE104:N,1.2360075476503098,True,nan,,inf,True,True,True,75.25820922851562,78.19924926757812,-2.9410400390625,True,True
original5,7F72_A_MET103__036__2,7F72_A_MET103,36,2,0.45666552,A,0,0.45666552,True,A,0.45666552,0.2746421992778778,1.4392567873001099,-62.8146;-175.8875;-83.0388,g-/t/m-,2.8146;4.1125;6.9612,45.0000;45.0000;60.0000,True,True,3.23600754765031,A:PHE104:N,1.2360075476503098,True,nan,,inf,True,True,True,73.50405883789062,72.57913208007812,0.9249267578125,False,False
original5,7F72_A_MET103__036__3,7F72_A_MET103,36,3,0.47333151,B,1,0.47333151,True,B,0.47333151,1.4620802402496338,0.2557234764099121,-58.6276;172.8290;98.2647,g-/t/m+,1.3724;7.1710;8.2647,45.0000;45.0000;60.0000,True,True,3.23600754765031,A:PHE104:N,1.2360075476503098,True,nan,,inf,True,True,True,75.25376892089844,78.19924926757812,-2.9454803466796875,True,True
original5,7F72_A_MET103__037__0,7F72_A_MET103,37,0,0.70579797,A,0,0.758263495,True,A,0.758263495,0.3026263415813446,1.460996389389038,-61.2572;-176.2402;-81.3566,g-/t/m-,1.2572;3.7598;8.6434,45.0000;45.0000;60.0000,True,True,3.23600754765031,A:PHE104:N,1.2360075476503098,True,nan,,inf,True,True,True,74.13221740722656,72.57913208007812,1.5530853271484375,False,False
original5,7F72_A_MET103__037__1,7F72_A_MET103,37,1,0.056121632,other,1,0.056121632,True,other,0.056121632,0.4247661828994751,1.2221119403839111,-68.6071;-165.2092;-100.8582,g-/t/m-,8.6071;14.7908;10.8582,45.0000;45.0000;60.0000,True,True,3.23600754765031,A:PHE104:N,1.2360075476503098,True,nan,,inf,True,True,True,48.751861572265625,nan,nan,False,False
original5,7F72_A_MET103__037__2,7F72_A_MET103,37,2,0.052465525,merged_duplicate,0,0.758263495,False,A,0.0,0.40499505400657654,1.4921094179153442,-62.0732;179.5091;-90.0511,g-/t/m-,2.0732;0.4909;0.0511,45.0000;45.0000;60.0000,True,True,3.23600754765031,A:PHE104:N,1.2360075476503098,True,nan,,inf,True,True,True,53.99152374267578,nan,nan,False,False
original5,7F72_A_MET103__037__3,7F72_A_MET103,37,3,0.18561479,B,2,0.18561479,True,B,0.18561479,1.5378868579864502,0.751550018787384,-73.2119;-176.6987;166.5191,g-/t/t,13.2119;3.3013;13.4809,45.0000;45.0000;60.0000,True,True,2.995651049508662,A:ARG198:NE,0.9956510495086621,True,nan,,inf,True,True,True,74.36927032470703,78.19924926757812,-3.8299789428710938,True,True
original5,7F72_A_MET103__038__2,7F72_A_MET103,38,2,0.49047914,A,0,0.49047914,True,A,0.49047914,0.2832723557949066,1.4474728107452393,-62.3952;-176.1403;-82.4490,g-/t/m-,2.3952;3.8597;7.5510,45.0000;45.0000;60.0000,True,True,3.23600754765031,A:PHE104:N,1.2360075476503098,True,nan,,inf,True,True,True,73.74378967285156,72.57913208007812,1.1646575927734375,False,False
original5,7F72_A_MET103__038__3,7F72_A_MET103,38,3,0.44680884,B,1,0.44680884,True,B,0.44680884,1.4549747705459595,0.25457948446273804,-58.7204;172.2878;97.9248,g-/t/m+,1.2796;7.7122;7.9248,45.0000;45.0000;60.0000,True,True,3.23600754765031,A:PHE104:N,1.2360075476503098,True,nan,,inf,True,True,True,75.18402099609375,78.19924926757812,-3.015228271484375,True,True
original5,7F72_A_MET103__039__0,7F72_A_MET103,39,0,0.48608974,A,0,0.48608974,True,A,0.48608974,0.27655625343322754,1.4402153491973877,-62.6182;-175.8145;-82.9605,g-/t/m-,2.6182;4.1855;7.0395,45.0000;45.0000;60.0000,True,True,3.23600754765031,A:PHE104:N,1.2360075476503098,True,nan,,inf,True,True,True,73.54072570800781,72.57913208007812,0.9615936279296875,False,False
original5,7F72_A_MET103__039__3,7F72_A_MET103,39,3,0.4616344,B,1,0.4616344,True,B,0.4616344,1.4605039358139038,0.2628061771392822,-58.7316;172.7122;97.6155,g-/t/m+,1.2684;7.2878;7.6155,45.0000;45.0000;60.0000,True,True,3.23600754765031,A:PHE104:N,1.2360075476503098,True,nan,,inf,True,True,True,75.13276672363281,78.19924926757812,-3.0664825439453125,True,True
original5,7F72_A_MET103__040__0,7F72_A_MET103,40,0,0.1064598,merged_duplicate,0,0.8049198399999999,False,A,0.0,0.42068710923194885,1.4992080926895142,-62.0821;178.8868;-90.5572,g-/t/m-,2.0821;1.1132;0.5572,45.0000;45.0000;60.0000,True,True,3.23600754765031,A:PHE104:N,1.2360075476503098,True,nan,,inf,True,True,True,54.65081787109375,nan,nan,False,False
original5,7F72_A_MET103__040__2,7F72_A_MET103,40,2,0.69846004,A,0,0.8049198399999999,True,A,0.8049198399999999,0.2761932611465454,1.4388006925582886,-61.8293;-175.0001;-81.7275,g-/t/m-,1.8293;4.9999;8.2725,45.0000;45.0000;60.0000,True,True,3.23600754765031,A:PHE104:N,1.2360075476503098,True,nan,,inf,True,True,True,73.30611419677734,72.57913208007812,0.7269821166992188,False,False
original5,7F72_A_MET103__040__3,7F72_A_MET103,40,3,0.19033524,B,1,0.19033524,True,B,0.19033524,1.5394591093063354,0.7518931031227112,-73.2507;-176.6375;166.4436,g-/t/t,13.2507;3.3625;13.5564,45.0000;45.0000;60.0000,True,True,3.000605570210446,A:ARG198:NE,1.0006055702104462,True,nan,,inf,True,True,True,74.3802490234375,78.19924926757812,-3.819000244140625,True,True
original5,7F72_A_MET103__041__0,7F72_A_MET103,41,0,0.44655091,A,0,0.523616348,True,A,0.523616348,0.25173497200012207,1.4165959358215332,-63.5946;-174.7849;-83.8561,g-/t/m-,3.5946;5.2151;6.1439,45.0000;45.0000;60.0000,True,True,3.23600754765031,A:PHE104:N,1.2360075476503098,True,nan,,inf,True,True,True,72.78811645507812,72.57913208007812,0.208984375,True,True
original5,7F72_A_MET103__041__1,7F72_A_MET103,41,1,0.077065438,merged_duplicate,0,0.523616348,False,A,0.0,0.4243006408214569,1.5871976613998413,-64.5627;173.3807;-66.0170,g-/t/m-,4.5627;6.6193;23.9830,45.0000;45.0000;60.0000,True,True,3.1418131138280496,A:SER99:O,1.1418131138280496,True,nan,,inf,True,True,True,52.33984375,nan,nan,False,False
original5,7F72_A_MET103__041__2,7F72_A_MET103,41,2,0.46848744,B,1,0.46848744,True,B,0.46848744,1.4724397659301758,0.2728928029537201,-59.0553;173.3799;98.4008,g-/t/m+,0.9447;6.6201;8.4008,45.0000;45.0000;60.0000,True,True,3.23600754765031,A:PHE104:N,1.2360075476503098,True,nan,,inf,True,True,True,75.20588684082031,78.19924926757812,-2.9933624267578125,True,True
original5,7F72_A_MET103__042__1,7F72_A_MET103,42,1,0.3997888,B,0,0.455477245,True,B,0.455477245,1.443812608718872,0.23002758622169495,-58.2336;171.6353;98.4665,g-/t/m+,1.7664;8.3647;8.4665,45.0000;45.0000;60.0000,True,True,3.23600754765031,A:PHE104:N,1.2360075476503098,True,nan,,inf,True,True,True,75.37129211425781,78.19924926757812,-2.8279571533203125,True,True
original5,7F72_A_MET103__042__2,7F72_A_MET103,42,2,0.055688445,merged_duplicate,0,0.455477245,False,B,0.0,1.532052993774414,0.38574346899986267,-64.3317;174.5520;104.5215,g-/t/m+,4.3317;5.4480;14.5215,45.0000;45.0000;60.0000,True,True,3.23600754765031,A:PHE104:N,1.2360075476503098,True,nan,,inf,True,True,True,51.427978515625,nan,nan,False,False
original5,7F72_A_MET103__042__3,7F72_A_MET103,42,3,0.50057262,A,1,0.50057262,True,A,0.50057262,0.27528804540634155,1.441179871559143,-62.5638;-175.7770;-82.4650,g-/t/m-,2.5638;4.2230;7.5350,45.0000;45.0000;60.0000,True,True,3.23600754765031,A:PHE104:N,1.2360075476503098,True,nan,,inf,True,True,True,73.48782348632812,72.57913208007812,0.90869140625,False,False
original5,7F72_A_MET103__043__0,7F72_A_MET103,43,0,0.051230904,other,0,0.051230904,True,other,0.051230904,1.1125032901763916,1.439886212348938,-81.0073;-143.3150;-54.3885,g-/t/m-,21.0073;36.6850;35.6115,45.0000;45.0000;60.0000,True,True,2.9762144179313434,A:ILE145:CG1,0.9762144179313434,True,nan,,inf,True,True,True,60.174339294433594,nan,nan,False,False
original5,7F72_A_MET103__043__1,7F72_A_MET103,43,1,0.47727564,A,1,0.47727564,True,A,0.47727564,0.3250824809074402,1.4719202518463135,-61.2311;-177.3072;-83.5365,g-/t/m-,1.2311;2.6928;6.4635,45.0000;45.0000;60.0000,True,True,3.23600754765031,A:PHE104:N,1.2360075476503098,True,nan,,inf,True,True,True,75.30036163330078,72.57913208007812,2.7212295532226562,False,False
original5,7F72_A_MET103__043__2,7F72_A_MET103,43,2,0.42090616,B,2,0.42090616,True,B,0.42090616,1.4142920970916748,0.2006096988916397,-57.2837;169.8345;97.8606,g-/t/m+,2.7163;10.1655;7.8606,45.0000;45.0000;60.0000,True,True,3.23600754765031,A:PHE104:N,1.2360075476503098,True,nan,,inf,True,True,True,75.47875213623047,78.19924926757812,-2.7204971313476562,True,True
original5,7F72_A_MET103__043__3,7F72_A_MET103,43,3,0.050587282,other,3,0.050587282,True,other,0.050587282,1.5717945098876953,0.7569254636764526,-73.4467;-175.1701;164.0503,g-/t/t,13.4467;4.8299;15.9497,45.0000;45.0000;60.0000,True,True,3.0997638093903404,A:ARG198:NE,1.0997638093903404,True,nan,,inf,True,True,True,50.1731071472168,nan,nan,False,False
original5,7F72_A_MET103__044__0,7F72_A_MET103,44,0,0.461059,A,0,0.5311676,True,A,0.5311676,0.23173418641090393,1.403627634048462,-63.7496;-173.6026;-82.4429,g-/t/m-,3.7496;6.3974;7.5571,45.0000;45.0000;60.0000,True,True,3.23600754765031,A:PHE104:N,1.2360075476503098,True,nan,,inf,True,True,True,72.26045989990234,72.57913208007812,-0.31867218017578125,True,True
original5,7F72_A_MET103__044__1,7F72_A_MET103,44,1,0.0701086,merged_duplicate,0,0.5311676,False,A,0.0,0.5329203605651855,1.584678292274475,-61.6869;173.4691;-88.8231,g-/t/m-,1.6869;6.5309;1.1769,45.0000;45.0000;60.0000,True,True,3.0629603339099734,A:SER99:O,1.0629603339099734,True,nan,,inf,True,True,True,61.62919616699219,nan,nan,False,False
original5,7F72_A_MET103__044__3,7F72_A_MET103,44,3,0.43581957,B,1,0.43581957,True,B,0.43581957,1.479137659072876,0.290681928396225,-59.1217;173.9037;97.3809,g-/t/m+,0.8783;6.0963;7.3809,45.0000;45.0000;60.0000,True,True,3.23600754765031,A:PHE104:N,1.2360075476503098,True,nan,,inf,True,True,True,75.0269546508789,78.19924926757812,-3.1722946166992188,True,True
original5,7F72_A_MET103__045__1,7F72_A_MET103,45,1,0.067590639,other,0,0.067590639,True,other,0.067590639,1.7157758474349976,1.43324613571167,-139.6128;165.9987;-93.4299,t/t/m-,40.3872;14.0013;3.4299,45.0000;45.0000;60.0000,True,True,2.830936207473901,A:ILE145:CG1,0.8309362074739011,True,nan,,inf,True,True,True,54.47587585449219,nan,nan,False,False
original5,7F72_A_MET103__045__3,7F72_A_MET103,45,3,0.93238974,B,1,0.93238974,True,B,0.93238974,1.395771861076355,0.16791704297065735,-56.7081;168.4701;99.5298,g-/t/m+,3.2919;11.5299;9.5298,45.0000;45.0000;60.0000,True,True,3.23600754765031,A:PHE104:N,1.2360075476503098,True,nan,,inf,True,True,True,75.91751098632812,78.19924926757812,-2.28173828125,True,True
original5,7F72_A_MET103__046__0,7F72_A_MET103,46,0,0.50211793,A,0,0.50211793,True,A,0.50211793,0.2649334669113159,1.4343146085739136,-62.9106;-175.4669;-82.3603,g-/t/m-,2.9106;4.5331;7.6397,45.0000;45.0000;60.0000,True,True,3.23600754765031,A:PHE104:N,1.2360075476503098,True,nan,,inf,True,True,True,73.19410705566406,72.57913208007812,0.6149749755859375,False,False
original5,7F72_A_MET103__046__3,7F72_A_MET103,46,3,0.46267626,B,1,0.46267626,True,B,0.46267626,1.4686903953552246,0.26431694626808167,-58.8101;173.2200;98.4094,g-/t/m+,1.1899;6.7800;8.4094,45.0000;45.0000;60.0000,True,True,3.23600754765031,A:PHE104:N,1.2360075476503098,True,nan,,inf,True,True,True,75.2435302734375,78.19924926757812,-2.955718994140625,True,True
original5,7F72_A_MET103__047__1,7F72_A_MET103,47,1,0.17139807,B,0,0.17139807,True,B,0.17139807,1.5337918996810913,0.739662230014801,-72.8477;-177.4368;165.5637,g-/t/t,12.8477;2.5632;14.4363,45.0000;45.0000;60.0000,True,True,2.9937113711708534,A:ARG198:NE,0.9937113711708534,True,nan,,inf,True,True,True,74.33729553222656,78.19924926757812,-3.8619537353515625,True,True
original5,7F72_A_MET103__047__3,7F72_A_MET103,47,3,0.74053258,A,1,0.74053258,True,A,0.74053258,0.29842329025268555,1.4533406496047974,-61.4912;-176.0199;-82.8469,g-/t/m-,1.4912;3.9801;7.1531,45.0000;45.0000;60.0000,True,True,3.23600754765031,A:PHE104:N,1.2360075476503098,True,nan,,inf,True,True,True,74.15043640136719,72.57913208007812,1.5713043212890625,False,False
original5,7F72_A_MET103__048__1,7F72_A_MET103,48,1,0.46773717,B,0,0.46773717,True,B,0.46773717,1.4598314762115479,0.2620106637477875,-58.6561;172.7063;97.4873,g-/t/m+,1.3439;7.2937;7.4873,45.0000;45.0000;60.0000,True,True,3.23600754765031,A:PHE104:N,1.2360075476503098,True,nan,,inf,True,True,True,75.121337890625,78.19924926757812,-3.077911376953125,True,True
original5,7F72_A_MET103__048__2,7F72_A_MET103,48,2,0.49711859,A,1,0.49711859,True,A,0.49711859,0.2755005657672882,1.4416685104370117,-62.5755;-175.8161;-82.4230,g-/t/m-,2.5755;4.1839;7.5770,45.0000;45.0000;60.0000,True,True,3.23600754765031,A:PHE104:N,1.2360075476503098,True,nan,,inf,True,True,True,73.49797058105469,72.57913208007812,0.9188385009765625,False,False
original5,7F72_A_MET103__049__0,7F72_A_MET103,49,0,0.46664155,A,0,0.46664155,True,A,0.46664155,0.2793731093406677,1.438713788986206,-62.5726;-175.7752;-83.6584,g-/t/m-,2.5726;4.2248;6.3416,45.0000;45.0000;60.0000,True,True,3.23600754765031,A:PHE104:N,1.2360075476503098,True,nan,,inf,True,True,True,73.6157455444336,72.57913208007812,1.0366134643554688,False,False
original5,7F72_A_MET103__049__1,7F72_A_MET103,49,1,0.4641318,B,1,0.4641318,True,B,0.4641318,1.4591456651687622,0.2477518916130066,-58.6833;172.5432;98.9146,g-/t/m+,1.3167;7.4568;8.9146,45.0000;45.0000;60.0000,True,True,3.23600754765031,A:PHE104:N,1.2360075476503098,True,nan,,inf,True,True,True,75.35877990722656,78.19924926757812,-2.8404693603515625,True,True
original5,3A1C_B_ARG447__000__0,3A1C_B_ARG447,0,0,0.42229721,A,0,0.42229721,True,A,0.42229721,0.32094866037368774,5.669095993041992,53.9540;-154.4567;158.8894;-78.3390,g+/t/t/m-,6.0460;25.5433;21.1106;11.6610,45.0000;45.0000;45.0000;60.0000,True,True,3.283766224066698,B:GLU448:N,1.283766224066698,True,nan,,inf,True,True,True,171.77711486816406,175.90042114257812,-4.1233062744140625,True,True
original5,3A1C_B_ARG447__000__2,3A1C_B_ARG447,0,2,0.56760496,B,1,0.56760496,True,B,0.56760496,5.935861587524414,0.27344900369644165,-169.6823;-173.2687;-161.8706;86.2681,t/t/t/m+,10.3177;6.7313;18.1294;3.7319,45.0000;45.0000;45.0000;60.0000,True,True,2.978018343006835,B:HIS475:O,0.978018343006835,True,nan,,inf,True,True,True,166.97439575195312,168.35716247558594,-1.3827667236328125,True,True
original5,3A1C_B_ARG447__001__0,3A1C_B_ARG447,1,0,0.059325438,other,0,0.059325438,True,other,0.059325438,5.593616485595703,1.7115602493286133,-172.9019;67.6129;61.3565;88.4271,t/g+/g+/m+,7.0981;7.6129;1.3565;1.5729,45.0000;45.0000;45.0000;60.0000,True,True,2.9849735387744083,B:ILE477:CG1,0.9849735387744083,True,nan,,inf,True,True,True,166.30982971191406,nan,nan,False,False
original5,3A1C_B_ARG447__001__1,3A1C_B_ARG447,1,1,0.47949156,B,1,0.47949156,True,B,0.47949156,5.695876598358154,0.8206431269645691,170.1289;176.6665;-72.6150;-94.5744,t/t/g-/m-,9.8711;3.3335;12.6150;4.5744,45.0000;45.0000;45.0000;60.0000,True,True,3.061897022514562,B:HIS475:O,1.0618970225145619,True,nan,,inf,True,True,True,167.48892211914062,168.35716247558594,-0.8682403564453125,True,True
original5,3A1C_B_ARG447__001__2,3A1C_B_ARG447,1,2,0.40822735,A,2,0.40822735,True,A,0.40822735,0.3262597322463989,5.661334037780762,53.6333;-154.9217;159.0906;-78.0126,g+/t/t/m-,6.3667;25.0783;20.9094;11.9874,45.0000;45.0000;45.0000;60.0000,True,True,3.283766224066698,B:GLU448:N,1.283766224066698,True,nan,,inf,True,True,True,171.69476318359375,175.90042114257812,-4.205657958984375,True,True
original5,3A1C_B_ARG447__001__3,3A1C_B_ARG447,1,3,0.052955706,other,3,0.052955706,True,other,0.052955706,6.333810806274414,3.1408588886260986,-175.6873;-71.4566;176.3223;88.7844,t/g-/t/m+,4.3127;11.4566;3.6777;1.2156,45.0000;45.0000;45.0000;60.0000,True,True,3.283766224066698,B:GLU448:N,1.283766224066698,True,nan,,inf,True,True,True,180.1166229248047,nan,nan,False,False
original5,3A1C_B_ARG447__002__0,3A1C_B_ARG447,2,0,0.075649925,other,0,0.075649925,True,other,0.075649925,6.097572326660156,1.1771968603134155,-168.8470;81.4580;161.8797;-86.3952,t/g+/t/m-,11.1530;21.4580;18.1203;3.6048,45.0000;45.0000;45.0000;60.0000,True,True,2.9787365351170507,B:ILE477:CG1,0.9787365351170507,True,nan,,inf,True,True,True,168.95594787597656,nan,nan,False,False
original5,3A1C_B_ARG447__002__1,3A1C_B_ARG447,2,1,0.18054639,other,1,0.18054639,True,other,0.18054639,6.159091472625732,1.409129023551941,176.7537;-175.6791;179.2996;95.8314,t/t/t/m+,3.2463;4.3209;0.7004;5.8314,45.0000;45.0000;45.0000;60.0000,True,True,3.047298487949595,B:GLY476:O,1.047298487949595,True,nan,,inf,True,True,True,166.78050231933594,nan,nan,False,False
original5,3A1C_B_ARG447__002__2,3A1C_B_ARG447,2,2,0.40908042,A,2,0.40908042,True,A,0.40908042,0.31503826379776,5.666281223297119,53.8038;-154.5571;158.7758;-78.0394,g+/t/t/m-,6.1962;25.4429;21.2242;11.9606,45.0000;45.0000;45.0000;60.0000,True,True,3.283766224066698,B:GLU448:N,1.283766224066698,True,nan,,inf,True,True,True,171.8385009765625,175.90042114257812,-4.061920166015625,True,True
original5,3A1C_B_ARG447__002__3,3A1C_B_ARG447,2,3,0.33472323,B,3,0.33472323,True,B,0.33472323,5.576013565063477,0.8180767893791199,174.2634;174.2693;-66.1246;-92.5602,t/t/g-/m-,5.7366;5.7307;6.1246;2.5602,45.0000;45.0000;45.0000;60.0000,True,True,3.046137506453575,B:HIS475:O,1.046137506453575,True,nan,,inf,True,True,True,166.6050262451172,168.35716247558594,-1.75213623046875,True,True
original5,3A1C_B_ARG447__003__0,3A1C_B_ARG447,3,0,0.42341262,A,0,0.42341262,True,A,0.42341262,0.31872978806495667,5.669753551483154,53.9826;-154.3773;158.8227;-78.4320,g+/t/t/m-,6.0174;25.6227;21.1773;11.5680,45.0000;45.0000;45.0000;60.0000,True,True,3.283766224066698,B:GLU448:N,1.283766224066698,True,nan,,inf,True,True,True,171.79473876953125,175.90042114257812,-4.105682373046875,True,True
original5,3A1C_B_ARG447__003__2,3A1C_B_ARG447,3,2,0.071276337,other,1,0.071276337,True,other,0.071276337,5.276642799377441,0.9962285161018372,178.9257;179.0967;-60.4013;-87.2382,t/t/g-/m-,1.0743;0.9033;0.4013;2.7618,45.0000;45.0000;45.0000;60.0000,True,True,2.9729156243777752,B:HIS475:O,0.9729156243777752,True,nan,,inf,True,True,True,166.30963134765625,nan,nan,False,False
original5,3A1C_B_ARG447__003__3,3A1C_B_ARG447,3,3,0.50262296,B,2,0.50262296,True,B,0.50262296,5.939091205596924,0.2796529233455658,-169.7552;-173.1829;-162.0342;86.0827,t/t/t/m+,10.2448;6.8171;17.9658;3.9173,45.0000;45.0000;45.0000;60.0000,True,True,2.9784082438788295,B:GLY476:O,0.9784082438788295,True,nan,,inf,True,True,True,166.95228576660156,168.35716247558594,-1.404876708984375,True,True
original5,3A1C_B_ARG447__004__0,3A1C_B_ARG447,4,0,0.13532041,other,0,0.13532041,True,other,0.13532041,6.141567707061768,1.4933058023452759,169.4215;88.1048;162.1516;-87.8146,t/g+/t/m-,10.5785;28.1048;17.8484;2.1854,45.0000;45.0000;45.0000;60.0000,True,True,2.968461708716103,B:ILE477:CG1,0.9684617087161032,True,nan,,inf,True,True,True,169.8983612060547,nan,nan,False,False
original5,3A1C_B_ARG447__004__2,3A1C_B_ARG447,4,2,0.42071837,A,1,0.42071837,True,A,0.42071837,0.31503260135650635,5.668156623840332,53.7956;-154.4704;158.8721;-78.1372,g+/t/t/m-,6.2044;25.5296;21.1279;11.8628,45.0000;45.0000;45.0000;60.0000,True,True,3.283766224066698,B:GLU448:N,1.283766224066698,True,nan,,inf,True,True,True,171.8340301513672,175.90042114257812,-4.0663909912109375,True,True
original5,3A1C_B_ARG447__004__3,3A1C_B_ARG447,4,3,0.44150141,B,2,0.44150141,True,B,0.44150141,5.628364562988281,0.7990269660949707,172.1264;173.6477;-66.9892;-93.5846,t/t/g-/m-,7.8736;6.3523;6.9892;3.5846,45.0000;45.0000;45.0000;60.0000,True,True,3.1471429479569295,B:HIS475:O,1.1471429479569295,True,nan,,inf,True,True,True,166.99110412597656,168.35716247558594,-1.366058349609375,True,True
original5,3A1C_B_ARG447__005__0,3A1C_B_ARG447,5,0,0.077845201,other,0,0.077845201,True,other,0.077845201,5.253524303436279,0.9816433787345886,177.4388;-179.5334;-59.2960;-90.7810,t/t/g-/m-,2.5612;0.4666;0.7040;0.7810,45.0000;45.0000;45.0000;60.0000,True,True,3.1111023766842805,B:HIS475:O,1.1111023766842805,True,nan,,inf,True,True,True,166.6541748046875,nan,nan,False,False
original5,3A1C_B_ARG447__005__1,3A1C_B_ARG447,5,1,0.51488584,B,1,0.51488584,True,B,0.51488584,5.936671733856201,0.26154252886772156,-169.3111;-172.7527;-161.9884;84.2890,t/t/t/m+,10.6889;7.2473;18.0116;5.7110,45.0000;45.0000;45.0000;60.0000,True,True,2.9600532889426825,B:HIS475:O,0.9600532889426825,True,nan,,inf,True,True,True,167.000732421875,168.35716247558594,-1.3564300537109375,True,True
original5,3A1C_B_ARG447__005__2,3A1C_B_ARG447,5,2,0.40390617,A,2,0.40390617,True,A,0.40390617,0.8391577005386353,5.484016418457031,69.1787;-152.1917;71.6478;88.5029,g+/t/g+/m+,9.1787;27.8083;11.6478;1.4971,45.0000;45.0000;45.0000;60.0000,True,True,3.0311096576653984,B:ASP445:CB,1.0311096576653984,True,nan,,inf,True,True,True,175.75355529785156,175.90042114257812,-0.1468658447265625,True,True
original5,3A1C_B_ARG447__006__0,3A1C_B_ARG447,6,0,0.56768805,B,0,0.56768805,True,B,0.56768805,5.93493127822876,0.27280494570732117,-169.6178;-173.2471;-161.8784;86.3546,t/t/t/m+,10.3822;6.7529;18.1216;3.6454,45.0000;45.0000;45.0000;60.0000,True,True,2.977331243496323,B:HIS475:O,0.977331243496323,True,nan,,inf,True,True,True,166.9735870361328,168.35716247558594,-1.383575439453125,True,True
original5,3A1C_B_ARG447__006__1,3A1C_B_ARG447,6,1,0.42191762,A,1,0.42191762,True,A,0.42191762,0.32099854946136475,5.670226573944092,54.0200;-154.3785;158.8609;-78.4743,g+/t/t/m-,5.9800;25.6215;21.1391;11.5257,45.0000;45.0000;45.0000;60.0000,True,True,3.283766224066698,B:GLU448:N,1.283766224066698,True,nan,,inf,True,True,True,171.77877807617188,175.90042114257812,-4.12164306640625,True,True
original5,3A1C_B_ARG447__007__0,3A1C_B_ARG447,7,0,0.54090321,B,0,0.54090321,True,B,0.54090321,5.93505334854126,0.27704015374183655,-170.1927;-173.6979;-161.4806;87.0950,t/t/t/m+,9.8073;6.3021;18.5194;2.9050,45.0000;45.0000;45.0000;60.0000,True,True,2.9847184051983437,B:HIS475:O,0.9847184051983437,True,nan,,inf,True,True,True,166.9739990234375,168.35716247558594,-1.3831634521484375,True,True
original5,3A1C_B_ARG447__007__3,3A1C_B_ARG447,7,3,0.4084743,A,1,0.4084743,True,A,0.4084743,0.3545582890510559,5.659671306610107,54.6845;-155.1788;158.5055;-78.2745,g+/t/t/m-,5.3155;24.8212;21.4945;11.7255,45.0000;45.0000;45.0000;60.0000,True,True,3.283766224066698,B:GLU448:N,1.283766224066698,True,nan,,inf,True,True,True,171.53952026367188,175.90042114257812,-4.36090087890625,True,True
original5,3A1C_B_ARG447__008__0,3A1C_B_ARG447,8,0,0.5747807,B,0,0.5747807,True,B,0.5747807,5.938901901245117,0.2765578031539917,-168.9514;-173.0932;-162.5944;86.5848,t/t/t/m+,11.0486;6.9068;17.4056;3.4152,45.0000;45.0000;45.0000;60.0000,True,True,2.9729159969973393,B:HIS475:O,0.9729159969973393,True,nan,,inf,True,True,True,166.96527099609375,168.35716247558594,-1.3918914794921875,True,True
original5,3A1C_B_ARG447__008__3,3A1C_B_ARG447,8,3,0.41428578,A,1,0.41428578,True,A,0.41428578,0.845795214176178,5.433804035186768,68.5581;-153.1146;69.8548;86.2006,g+/t/g+/m+,8.5581;26.8854;9.8548;3.7994,45.0000;45.0000;45.0000;60.0000,True,True,3.0232175080494597,B:ASP445:CB,1.0232175080494597,True,nan,,inf,True,True,True,175.46426391601562,175.90042114257812,-0.4361572265625,True,True
original5,3A1C_B_ARG447__009__0,3A1C_B_ARG447,9,0,0.55315143,B,0,0.55315143,True,B,0.55315143,5.933137893676758,0.27068161964416504,-170.2440;-173.3709;-161.2884;85.9189,t/t/t/m+,9.7560;6.6291;18.7116;4.0811,45.0000;45.0000;45.0000;60.0000,True,True,2.9812281379847883,B:HIS475:O,0.9812281379847883,True,nan,,inf,True,True,True,166.99172973632812,168.35716247558594,-1.3654327392578125,True,True
original5,3A1C_B_ARG447__009__2,3A1C_B_ARG447,9,2,0.40018046,A,1,0.40018046,True,A,0.40018046,0.3630635142326355,5.673362731933594,54.8755;-155.0652;158.9006;-76.6718,g+/t/t/m-,5.1245;24.9348;21.0994;13.3282,45.0000;45.0000;45.0000;60.0000,True,True,3.283766224066698,B:GLU448:N,1.283766224066698,True,nan,,inf,True,True,True,171.99545288085938,175.90042114257812,-3.90496826171875,True,True
original5,3A1C_B_ARG447__010__1,3A1C_B_ARG447,10,1,0.42342758,A,0,0.42342758,True,A,0.42342758,0.32176852226257324,5.669443130493164,53.9527;-154.4529;158.9300;-78.3524,g+/t/t/m-,6.0473;25.5471;21.0700;11.6476,45.0000;45.0000;45.0000;60.0000,True,True,3.283766224066698,B:GLU448:N,1.283766224066698,True,nan,,inf,True,True,True,171.775390625,175.90042114257812,-4.125030517578125,True,True
original5,3A1C_B_ARG447__010__3,3A1C_B_ARG447,10,3,0.5260548,B,1,0.5260548,True,B,0.5260548,5.936337947845459,0.27587786316871643,-169.6234;-173.3289;-161.9697;86.6293,t/t/t/m+,10.3766;6.6711;18.0303;3.3707,45.0000;45.0000;45.0000;60.0000,True,True,2.979790342323194,B:HIS475:O,0.9797903423231942,True,nan,,inf,True,True,True,166.96876525878906,168.35716247558594,-1.388397216796875,True,True
original5,3A1C_B_ARG447__011__2,3A1C_B_ARG447,11,2,0.41965213,A,0,0.41965213,True,A,0.41965213,0.32235103845596313,5.669032573699951,54.0070;-154.4712;158.8590;-78.3404,g+/t/t/m-,5.9930;25.5288;21.1410;11.6596,45.0000;45.0000;45.0000;60.0000,True,True,3.283766224066698,B:GLU448:N,1.283766224066698,True,nan,,inf,True,True,True,171.7782440185547,175.90042114257812,-4.1221771240234375,True,True
original5,3A1C_B_ARG447__011__3,3A1C_B_ARG447,11,3,0.56086504,B,1,0.56086504,True,B,0.56086504,5.935892105102539,0.27528825402259827,-169.7788;-173.3572;-161.8229;86.5185,t/t/t/m+,10.2212;6.6428;18.1771;3.4815,45.0000;45.0000;45.0000;60.0000,True,True,2.980798300356744,B:HIS475:O,0.980798300356744,True,nan,,inf,True,True,True,166.97396850585938,168.35716247558594,-1.3831939697265625,True,True
original5,3A1C_B_ARG447__012__0,3A1C_B_ARG447,12,0,0.42627278,A,0,0.42627278,True,A,0.42627278,0.30035296082496643,5.681593894958496,53.6420;-153.6697;159.2504;-78.7163,g+/t/t/m-,6.3580;26.3303;20.7496;11.2837,45.0000;45.0000;45.0000;60.0000,True,True,3.283766224066698,B:GLU448:N,1.283766224066698,True,nan,,inf,True,True,True,171.9820556640625,175.90042114257812,-3.918365478515625,True,True
original5,3A1C_B_ARG447__012__2,3A1C_B_ARG447,12,2,0.53813201,B,1,0.53813201,True,B,0.53813201,5.695656776428223,0.7970931529998779,171.7168;174.0944;-70.7485;-94.8985,t/t/g-/m-,8.2832;5.9056;10.7485;4.8985,45.0000;45.0000;45.0000;60.0000,True,True,3.01266119965342,B:HIS475:O,1.01266119965342,True,nan,,inf,True,True,True,167.2453155517578,168.35716247558594,-1.111846923828125,True,True
original5,3A1C_B_ARG447__013__1,3A1C_B_ARG447,13,1,0.41402769,A,0,0.41402769,True,A,0.41402769,0.8708183765411377,5.419445037841797,69.8665;-154.3947;70.3144;88.0186,g+/t/g+/m+,9.8665;25.6053;10.3144;1.9814,45.0000;45.0000;45.0000;60.0000,True,True,3.101290611275475,B:ASP445:CB,1.1012906112754748,True,nan,,inf,True,True,True,174.07781982421875,175.90042114257812,-1.822601318359375,True,True
original5,3A1C_B_ARG447__013__2,3A1C_B_ARG447,13,2,0.5784955,B,1,0.5784955,True,B,0.5784955,5.938492774963379,0.2778260111808777,-168.9842;-173.1228;-162.5751;86.7701,t/t/t/m+,11.0158;6.8772;17.4249;3.2299,45.0000;45.0000;45.0000;60.0000,True,True,2.975153122850127,B:HIS475:O,0.9751531228501271,True,nan,,inf,True,True,True,166.9612274169922,168.35716247558594,-1.39593505859375,True,True
original5,3A1C_B_ARG447__014__1,3A1C_B_ARG447,14,1,0.42237645,A,0,0.42237645,True,A,0.42237645,0.32279765605926514,5.668034553527832,53.9788;-154.5379;158.8604;-78.2479,g+/t/t/m-,6.0212;25.4621;21.1396;11.7521,45.0000;45.0000;45.0000;60.0000,True,True,3.283766224066698,B:GLU448:N,1.283766224066698,True,nan,,inf,True,True,True,171.7786102294922,175.90042114257812,-4.1218109130859375,True,True
original5,3A1C_B_ARG447__014__2,3A1C_B_ARG447,14,2,0.56543469,B,1,0.56543469,True,B,0.56543469,5.936864376068115,0.27544841170310974,-169.7175;-173.3661;-161.9049;86.5079,t/t/t/m+,10.2825;6.6339;18.0951;3.4921,45.0000;45.0000;45.0000;60.0000,True,True,2.979340833279024,B:HIS475:O,0.9793408332790241,True,nan,,inf,True,True,True,166.9664306640625,168.35716247558594,-1.3907318115234375,True,True
original5,3A1C_B_ARG447__015__0,3A1C_B_ARG447,15,0,0.48794562,B,0,0.48794562,True,B,0.48794562,5.690826892852783,0.836323082447052,169.6660;177.9312;-73.3946;-92.1145,t/t/g-/m-,10.3340;2.0688;13.3946;2.1145,45.0000;45.0000;45.0000;60.0000,True,True,3.0842929829536745,B:HIS475:O,1.0842929829536745,True,nan,,inf,True,True,True,167.38992309570312,168.35716247558594,-0.9672393798828125,True,True
original5,3A1C_B_ARG447__015__2,3A1C_B_ARG447,15,2,0.42769149,A,1,0.42769149,True,A,0.42769149,0.2942229211330414,5.675234794616699,53.6313;-153.9762;158.7832;-77.9682,g+/t/t/m-,6.3687;26.0238;21.2168;12.0318,45.0000;45.0000;45.0000;60.0000,True,True,3.283766224066698,B:GLU448:N,1.283766224066698,True,nan,,inf,True,True,True,172.08914184570312,175.90042114257812,-3.811279296875,True,True
original5,3A1C_B_ARG447__015__3,3A1C_B_ARG447,15,3,0.082732737,other,2,0.082732737,True,other,0.082732737,5.619410991668701,1.7377703189849854,-172.3401;66.8499;61.1306;90.4458,t/g+/g+/m+,7.6599;6.8499;1.1306;0.4458,45.0000;45.0000;45.0000;60.0000,True,True,2.9858155083868874,B:ILE477:CG1,0.9858155083868874,True,nan,,inf,True,True,True,166.3890380859375,nan,nan,False,False
original5,3A1C_B_ARG447__016__0,3A1C_B_ARG447,16,0,0.50941437,B,0,0.50941437,True,B,0.50941437,5.934991359710693,0.2816266715526581,-170.2078;-174.0551;-161.5070;88.3115,t/t/t/m+,9.7922;5.9449;18.4930;1.6885,45.0000;45.0000;45.0000;60.0000,True,True,2.9866466344407123,B:HIS475:O,0.9866466344407123,True,nan,,inf,True,True,True,166.9740753173828,168.35716247558594,-1.383087158203125,True,True
original5,3A1C_B_ARG447__016__2,3A1C_B_ARG447,16,2,0.20565706,other,1,0.20565706,True,other,0.20565706,1.2364161014556885,5.613800525665283,68.1744;-76.3442;-61.6346;-172.0607,g+/g-/g-/t,8.1744;16.3442;1.6346;7.9393,45.0000;45.0000;45.0000;60.0000,True,True,2.9882902765717514,B:ASP445:CA,0.9882902765717514,True,nan,,inf,True,True,True,197.6478729248047,nan,nan,False,False
original5,3A1C_B_ARG447__016__3,3A1C_B_ARG447,16,3,0.23553595,A,2,0.23553595,True,A,0.23553595,0.9703568816184998,5.606886386871338,57.3949;-163.5870;170.2012;-78.8541,g+/t/t/m-,2.6051;16.4130;9.7988;11.1459,45.0000;45.0000;45.0000;60.0000,True,True,3.265489224311617,B:GLU448:N,1.265489224311617,True,nan,,inf,True,True,True,167.81593322753906,175.90042114257812,-8.084487915039062,True,True
original5,3A1C_B_ARG447__017__1,3A1C_B_ARG447,17,1,0.41403821,A,0,0.41403821,True,A,0.41403821,0.32715150713920593,5.663749694824219,54.1529;-154.7637;158.5720;-78.0845,g+/t/t/m-,5.8471;25.2363;21.4280;11.9155,45.0000;45.0000;45.0000;60.0000,True,True,3.283766224066698,B:GLU448:N,1.283766224066698,True,nan,,inf,True,True,True,171.75338745117188,175.90042114257812,-4.14703369140625,True,True
original5,3A1C_B_ARG447__017__3,3A1C_B_ARG447,17,3,0.54386848,B,1,0.54386848,True,B,0.54386848,5.934081554412842,0.27321669459342957,-170.4077;-173.3715;-161.2330;85.7881,t/t/t/m+,9.5923;6.6285;18.7670;4.2119,45.0000;45.0000;45.0000;60.0000,True,True,2.982118305143683,B:GLY476:O,0.982118305143683,True,nan,,inf,True,True,True,166.9848175048828,168.35716247558594,-1.372344970703125,True,True
original5,3A1C_B_ARG447__018__0,3A1C_B_ARG447,18,0,0.56589174,B,0,0.56589174,True,B,0.56589174,5.701749801635742,0.8037038445472717,170.8707;174.5793;-71.1490;-94.1900,t/t/g-/m-,9.1293;5.4207;11.1490;4.1900,45.0000;45.0000;45.0000;60.0000,True,True,2.995878125594322,B:HIS475:O,0.9958781255943219,True,nan,,inf,True,True,True,167.30328369140625,168.35716247558594,-1.0538787841796875,True,True
original5,3A1C_B_ARG447__018__2,3A1C_B_ARG447,18,2,0.42979291,A,1,0.42979291,True,A,0.42979291,0.30501359701156616,5.681429862976074,53.7790;-153.6988;159.2050;-78.8327,g+/t/t/m-,6.2210;26.3012;20.7950;11.1673,45.0000;45.0000;45.0000;60.0000,True,True,3.283766224066698,B:GLU448:N,1.283766224066698,True,nan,,inf,True,True,True,171.92784118652344,175.90042114257812,-3.9725799560546875,True,True
original5,3A1C_B_ARG447__019__0,3A1C_B_ARG447,19,0,0.36823642,A,0,0.36823642,True,A,0.36823642,0.46274492144584656,5.664680004119873,54.7763;-156.5687;161.4842;-77.6256,g+/t/t/m-,5.2237;23.4313;18.5158;12.3744,45.0000;45.0000;45.0000;60.0000,True,True,3.283766224066698,B:GLU448:N,1.283766224066698,True,nan,,inf,True,True,True,170.92330932617188,175.90042114257812,-4.97711181640625,True,True
original5,3A1C_B_ARG447__019__1,3A1C_B_ARG447,19,1,0.060944412,other,1,0.060944412,True,other,0.060944412,1.3481305837631226,5.460960865020752,65.2979;-80.0559;-60.7319;-170.6796,g+/g-/g-/t,5.2979;20.0559;0.7319;9.3204,45.0000;45.0000;45.0000;60.0000,True,True,3.191518016250137,B:GLU448:N,1.191518016250137,True,nan,,inf,True,True,True,182.70445251464844,nan,nan,False,False
original5,3A1C_B_ARG447__019__3,3A1C_B_ARG447,19,3,0.56665248,B,2,0.56665248,True,B,0.56665248,5.935973644256592,0.2734348773956299,-169.5514;-173.3313;-161.9697;86.5607,t/t/t/m+,10.4486;6.6687;18.0303;3.4393,45.0000;45.0000;45.0000;60.0000,True,True,2.9754905087208163,B:HIS475:O,0.9754905087208163,True,nan,,inf,True,True,True,166.96551513671875,168.35716247558594,-1.3916473388671875,True,True
original5,3A1C_B_ARG447__020__0,3A1C_B_ARG447,20,0,0.56543493,B,0,0.56543493,True,B,0.56543493,5.702172756195068,0.8036954998970032,170.8633;174.5413;-71.1305;-94.2055,t/t/g-/m-,9.1367;5.4587;11.1305;4.2055,45.0000;45.0000;45.0000;60.0000,True,True,2.9941013084290544,B:HIS475:O,0.9941013084290544,True,nan,,inf,True,True,True,167.3043212890625,168.35716247558594,-1.0528411865234375,True,True
original5,3A1C_B_ARG447__020__2,3A1C_B_ARG447,20,2,0.43130997,A,1,0.43130997,True,A,0.43130997,0.30468958616256714,5.680511951446533,53.7125;-153.7249;159.2445;-78.8858,g+/t/t/m-,6.2875;26.2751;20.7555;11.1142,45.0000;45.0000;45.0000;60.0000,True,True,3.283766224066698,B:GLU448:N,1.283766224066698,True,nan,,inf,True,True,True,171.90724182128906,175.90042114257812,-3.9931793212890625,True,True
original5,3A1C_B_ARG447__021__0,3A1C_B_ARG447,21,0,0.49331075,other,0,0.49331075,True,other,0.49331075,5.912697792053223,1.0099385976791382,174.3389;83.5897;143.1878;-93.7800,t/g+/t/m-,5.6611;23.5897;36.8122;3.7800,45.0000;45.0000;45.0000;60.0000,True,True,3.031455398801781,B:ILE477:CG1,1.0314553988017812,True,nan,,inf,True,True,True,171.66604614257812,nan,nan,False,False
original5,3A1C_B_ARG447__021__2,3A1C_B_ARG447,21,2,0.4227103,A,1,0.4227103,True,A,0.4227103,0.29328837990760803,5.674686431884766,53.6089;-153.9508;158.7687;-78.1284,g+/t/t/m-,6.3911;26.0492;21.2313;11.8716,45.0000;45.0000;45.0000;60.0000,True,True,3.283766224066698,B:GLU448:N,1.283766224066698,True,nan,,inf,True,True,True,172.04983520507812,175.90042114257812,-3.8505859375,True,True
original5,3A1C_B_ARG447__021__3,3A1C_B_ARG447,21,3,0.081123129,other,2,0.081123129,True,other,0.081123129,4.359964370727539,3.2130963802337646,-175.5616;178.0116;63.6690;176.0494,t/t/g+/t,4.4384;1.9884;3.6690;3.9506,45.0000;45.0000;45.0000;60.0000,True,True,3.283766224066698,B:GLU448:N,1.283766224066698,True,nan,,inf,True,True,True,165.95103454589844,nan,nan,False,False
original5,3A1C_B_ARG447__022__0,3A1C_B_ARG447,22,0,0.53620428,B,0,0.53620428,True,B,0.53620428,5.935524940490723,0.27709537744522095,-169.9137;-173.4405;-161.7324;86.7530,t/t/t/m+,10.0863;6.5595;18.2676;3.2470,45.0000;45.0000;45.0000;60.0000,True,True,2.9843768220196836,B:HIS475:O,0.9843768220196836,True,nan,,inf,True,True,True,166.96815490722656,168.35716247558594,-1.389007568359375,True,True
original5,3A1C_B_ARG447__022__3,3A1C_B_ARG447,22,3,0.41935971,A,1,0.41935971,True,A,0.41935971,0.3199545443058014,5.667586803436279,53.9635;-154.5068;158.7821;-78.2852,g+/t/t/m-,6.0365;25.4932;21.2179;11.7148,45.0000;45.0000;45.0000;60.0000,True,True,3.283766224066698,B:GLU448:N,1.283766224066698,True,nan,,inf,True,True,True,171.78927612304688,175.90042114257812,-4.11114501953125,True,True
original5,3A1C_B_ARG447__023__2,3A1C_B_ARG447,23,2,0.41505206,A,0,0.41505206,True,A,0.41505206,0.8524190187454224,5.434105396270752,68.5433;-153.7520;70.9193;86.0417,g+/t/g+/m+,8.5433;26.2480;10.9193;3.9583,45.0000;45.0000;45.0000;60.0000,True,True,3.0385362449436513,B:ASP445:CB,1.0385362449436513,True,nan,,inf,True,True,True,174.97056579589844,175.90042114257812,-0.9298553466796875,True,True
original5,3A1C_B_ARG447__023__3,3A1C_B_ARG447,23,3,0.57408315,B,1,0.57408315,True,B,0.57408315,5.937684535980225,0.277519166469574,-169.1978;-173.2503;-162.3707;86.9021,t/t/t/m+,10.8022;6.7497;17.6293;3.0979,45.0000;45.0000;45.0000;60.0000,True,True,2.976568391447132,B:HIS475:O,0.9765683914471319,True,nan,,inf,True,True,True,166.96177673339844,168.35716247558594,-1.3953857421875,True,True
original5,3A1C_B_ARG447__024__0,3A1C_B_ARG447,24,0,0.41842982,A,0,0.41842982,True,A,0.41842982,0.3244120478630066,5.667877674102783,54.1352;-154.5130;158.7072;-78.3918,g+/t/t/m-,5.8648;25.4870;21.2928;11.6082,45.0000;45.0000;45.0000;60.0000,True,True,3.283766224066698,B:GLU448:N,1.283766224066698,True,nan,,inf,True,True,True,171.7613067626953,175.90042114257812,-4.1391143798828125,True,True
original5,3A1C_B_ARG447__024__3,3A1C_B_ARG447,24,3,0.56588322,B,1,0.56588322,True,B,0.56588322,5.934962749481201,0.2708659768104553,-169.9373;-173.2867;-161.5961;85.8865,t/t/t/m+,10.0627;6.7133;18.4039;4.1135,45.0000;45.0000;45.0000;60.0000,True,True,2.97754806572668,B:HIS475:O,0.9775480657266802,True,nan,,inf,True,True,True,166.9836883544922,168.35716247558594,-1.37347412109375,True,True
original5,3A1C_B_ARG447__025__0,3A1C_B_ARG447,25,0,0.50206113,B,0,0.50206113,True,B,0.50206113,5.705502510070801,0.8467082381248474,168.9564;177.4962;-73.5064;-89.5817,t/t/g-/m-,11.0436;2.5038;13.5064;0.4183,45.0000;45.0000;45.0000;60.0000,True,True,3.012346726478636,B:HIS475:O,1.0123467264786359,True,nan,,inf,True,True,True,167.34304809570312,168.35716247558594,-1.0141143798828125,True,True
original5,3A1C_B_ARG447__025__1,3A1C_B_ARG447,25,1,0.32207292,A,1,0.32207292,True,A,0.32207292,0.4633505046367645,5.680840015411377,55.0188;-155.8131;161.7576;-77.6665,g+/t/t/m-,4.9812;24.1869;18.2424;12.3335,45.0000;45.0000;45.0000;60.0000,True,True,3.283766224066698,B:GLU448:N,1.283766224066698,True,nan,,inf,True,True,True,171.18276977539062,175.90042114257812,-4.7176513671875,True,True
original5,3A1C_B_ARG447__025__2,3A1C_B_ARG447,25,2,0.081587382,other,2,0.081587382,True,other,0.081587382,5.618612289428711,1.7619330883026123,-171.6801;66.4604;61.0884;90.8398,t/g+/g+/m+,8.3199;6.4604;1.0884;0.8398,45.0000;45.0000;45.0000;60.0000,True,True,2.9949960341734227,B:ILE477:CG1,0.9949960341734227,True,nan,,inf,True,True,True,166.44744873046875,nan,nan,False,False
original5,3A1C_B_ARG447__025__3,3A1C_B_ARG447,25,3,0.094278522,other,3,0.094278522,True,other,0.094278522,1.50397789478302,5.119943141937256,72.4686;-70.1603;-54.3019;-93.2189,g+/g-/g-/m-,12.4686;10.1603;5.6981;3.2189,45.0000;45.0000;45.0000;60.0000,True,True,3.1378333426612683,B:GLU448:N,1.1378333426612683,True,nan,,inf,True,True,True,179.638916015625,nan,nan,False,False
original5,3A1C_B_ARG447__026__0,3A1C_B_ARG447,26,0,0.55290967,B,0,0.55290967,True,B,0.55290967,5.689229965209961,0.804313600063324,170.7855;174.9887;-70.8405;-92.9527,t/t/g-/m-,9.2145;5.0113;10.8405;2.9527,45.0000;45.0000;45.0000;60.0000,True,True,3.0217039413429925,B:HIS475:O,1.0217039413429925,True,nan,,inf,True,True,True,167.19427490234375,168.35716247558594,-1.1628875732421875,True,True
original5,3A1C_B_ARG447__026__1,3A1C_B_ARG447,26,1,0.43859828,A,1,0.43859828,True,A,0.43859828,0.30245259404182434,5.6796369552612305,53.6438;-153.7115;159.2354;-78.9905,g+/t/t/m-,6.3562;26.2885;20.7646;11.0095,45.0000;45.0000;45.0000;60.0000,True,True,3.283766224066698,B:GLU448:N,1.283766224066698,True,nan,,inf,True,True,True,171.89051818847656,175.90042114257812,-4.0099029541015625,True,True
original5,3A1C_B_ARG447__027__0,3A1C_B_ARG447,27,0,0.55246061,B,0,0.55246061,True,B,0.55246061,5.9322428703308105,0.2679627239704132,-170.4552;-173.2864;-161.0447;85.2850,t/t/t/m+,9.5448;6.7136;18.9553;4.7150,45.0000;45.0000;45.0000;60.0000,True,True,2.9807017114491248,B:HIS475:O,0.9807017114491248,True,nan,,inf,True,True,True,167.005126953125,168.35716247558594,-1.3520355224609375,True,True
original5,3A1C_B_ARG447__027__3,3A1C_B_ARG447,27,3,0.41597456,A,1,0.41597456,True,A,0.41597456,0.33091360330581665,5.664212226867676,54.1617;-154.7977;158.6891;-78.0956,g+/t/t/m-,5.8383;25.2023;21.3109;11.9044,45.0000;45.0000;45.0000;60.0000,True,True,3.283766224066698,B:GLU448:N,1.283766224066698,True,nan,,inf,True,True,True,171.72555541992188,175.90042114257812,-4.17486572265625,True,True
original5,3A1C_B_ARG447__028__1,3A1C_B_ARG447,28,1,0.58407444,B,0,0.58407444,True,B,0.58407444,5.939084529876709,0.277116984128952,-169.0516;-173.1229;-162.5330;86.5698,t/t/t/m+,10.9484;6.8771;17.4670;3.4302,45.0000;45.0000;45.0000;60.0000,True,True,2.9746103266031527,B:HIS475:O,0.9746103266031527,True,nan,,inf,True,True,True,166.95950317382812,168.35716247558594,-1.3976593017578125,True,True
original5,3A1C_B_ARG447__028__2,3A1C_B_ARG447,28,2,0.41186279,A,1,0.41186279,True,A,0.41186279,0.849578320980072,5.438460826873779,69.0281;-153.2007;70.0340;85.7198,g+/t/g+/m+,9.0281;26.7993;10.0340;4.2802,45.0000;45.0000;45.0000;60.0000,True,True,2.996658216934599,B:ASP445:CB,0.9966582169345992,True,nan,,inf,True,True,True,175.69752502441406,175.90042114257812,-0.2028961181640625,True,True
original5,3A1C_B_ARG447__029__1,3A1C_B_ARG447,29,1,0.4310064,A,0,0.4310064,True,A,0.4310064,0.3069939613342285,5.679989337921143,53.7399;-153.7786;159.2514;-78.8592,g+/t/t/m-,6.2601;26.2214;20.7486;11.1408,45.0000;45.0000;45.0000;60.0000,True,True,3.283766224066698,B:GLU448:N,1.283766224066698,True,nan,,inf,True,True,True,171.89080810546875,175.90042114257812,-4.009613037109375,True,True
original5,3A1C_B_ARG447__029__3,3A1C_B_ARG447,29,3,0.56602472,B,1,0.56602472,True,B,0.56602472,5.702054977416992,0.8037505149841309,170.8720;174.5731;-71.1604;-94.1976,t/t/g-/m-,9.1280;5.4269;11.1604;4.1976,45.0000;45.0000;45.0000;60.0000,True,True,2.9951458278773537,B:HIS475:O,0.9951458278773537,True,nan,,inf,True,True,True,167.3101806640625,168.35716247558594,-1.0469818115234375,True,True
original5,3A1C_B_ARG447__030__1,3A1C_B_ARG447,30,1,0.57175076,B,0,0.57175076,True,B,0.57175076,5.9372711181640625,0.27588605880737305,-169.4027;-173.2538;-162.1747;86.5956,t/t/t/m+,10.5973;6.7462;17.8253;3.4044,45.0000;45.0000;45.0000;60.0000,True,True,2.9772117866204124,B:HIS475:O,0.9772117866204124,True,nan,,inf,True,True,True,166.9624481201172,168.35716247558594,-1.39471435546875,True,True
original5,3A1C_B_ARG447__030__3,3A1C_B_ARG447,30,3,0.42012081,A,1,0.42012081,True,A,0.42012081,0.30942144989967346,5.663656234741211,54.0788;-154.8304;158.0686;-76.5971,g+/t/t/m-,5.9212;25.1696;21.9314;13.4029,45.0000;45.0000;45.0000;60.0000,True,True,3.283766224066698,B:GLU448:N,1.283766224066698,True,nan,,inf,True,True,True,172.1752166748047,175.90042114257812,-3.7252044677734375,True,True
original5,3A1C_B_ARG447__031__0,3A1C_B_ARG447,31,0,0.56832862,B,0,0.56832862,True,B,0.56832862,5.93519401550293,0.27284470200538635,-169.7834;-173.3649;-161.7536;86.4128,t/t/t/m+,10.2166;6.6351;18.2464;3.5872,45.0000;45.0000;45.0000;60.0000,True,True,2.977695838872659,B:HIS475:O,0.9776958388726591,True,nan,,inf,True,True,True,166.97293090820312,168.35716247558594,-1.3842315673828125,True,True
original5,3A1C_B_ARG447__031__1,3A1C_B_ARG447,31,1,0.40006733,A,1,0.40006733,True,A,0.40006733,0.37081316113471985,5.676977634429932,54.7136;-154.8560;159.5494;-77.6905,g+/t/t/m-,5.2864;25.1440;20.4506;12.3095,45.0000;45.0000;45.0000;60.0000,True,True,3.283766224066698,B:GLU448:N,1.283766224066698,True,nan,,inf,True,True,True,171.72775268554688,175.90042114257812,-4.17266845703125,True,True
original5,3A1C_B_ARG447__032__0,3A1C_B_ARG447,32,0,0.58542579,B,0,0.58542579,True,B,0.58542579,5.938037395477295,0.2772175669670105,-168.9727;-173.0856;-162.5597;86.7001,t/t/t/m+,11.0273;6.9144;17.4403;3.2999,45.0000;45.0000;45.0000;60.0000,True,True,2.9749992621315275,B:HIS475:O,0.9749992621315275,True,nan,,inf,True,True,True,166.9606170654297,168.35716247558594,-1.39654541015625,True,True
original5,3A1C_B_ARG447__032__3,3A1C_B_ARG447,32,3,0.40911537,A,1,0.40911537,True,A,0.40911537,0.8543984889984131,5.4183669090271,68.4344;-153.9274;70.2603;87.7804,g+/t/g+/m+,8.4344;26.0726;10.2603;2.2196,45.0000;45.0000;45.0000;60.0000,True,True,3.1114356352010457,B:ASP445:CB,1.1114356352010457,True,nan,,inf,True,True,True,174.3162384033203,175.90042114257812,-1.5841827392578125,True,True
original5,3A1C_B_ARG447__033__1,3A1C_B_ARG447,33,1,0.41028368,A,0,0.41028368,True,A,0.41028368,0.8320150971412659,5.526559352874756,69.0354;-151.0459;72.9692;88.8629,g+/t/g+/m+,9.0354;28.9541;12.9692;1.1371,45.0000;45.0000;45.0000;60.0000,True,True,2.993302780069462,B:ASP445:CB,0.9933027800694618,True,nan,,inf,True,True,True,176.8214874267578,175.90042114257812,0.9210662841796875,False,False
original5,3A1C_B_ARG447__033__2,3A1C_B_ARG447,33,2,0.58089328,B,1,0.58089328,True,B,0.58089328,5.941505432128906,0.2764478325843811,-169.0314;-173.2117;-162.6139;86.4475,t/t/t/m+,10.9686;6.7883;17.3861;3.5525,45.0000;45.0000;45.0000;60.0000,True,True,2.970221111042137,B:HIS475:O,0.9702211110421368,True,nan,,inf,True,True,True,166.94290161132812,168.35716247558594,-1.4142608642578125,True,True
original5,3A1C_B_ARG447__034__1,3A1C_B_ARG447,34,1,0.5388509,B,0,0.5388509,True,B,0.5388509,5.932114124298096,0.2706270217895508,-170.6913;-173.4247;-160.8940;85.5628,t/t/t/m+,9.3087;6.5753;19.1060;4.4372,45.0000;45.0000;45.0000;60.0000,True,True,2.9829103724860855,B:GLY476:O,0.9829103724860855,True,nan,,inf,True,True,True,167.00738525390625,168.35716247558594,-1.3497772216796875,True,True
original5,3A1C_B_ARG447__034__3,3A1C_B_ARG447,34,3,0.39454725,A,1,0.39454725,True,A,0.39454725,0.367587149143219,5.668152809143066,54.5737;-155.2136;159.3047;-77.5503,g+/t/t/m-,5.4263;24.7864;20.6953;12.4497,45.0000;45.0000;45.0000;60.0000,True,True,3.283766224066698,B:GLU448:N,1.283766224066698,True,nan,,inf,True,True,True,171.63572692871094,175.90042114257812,-4.2646942138671875,True,True
original5,3A1C_B_ARG447__035__1,3A1C_B_ARG447,35,1,0.41640574,A,0,0.41640574,True,A,0.41640574,0.9158233404159546,5.531209945678711,74.3943;-136.1714;67.7478;155.1223,g+/t/g+/t,14.3943;43.8286;7.7478;24.8777,45.0000;45.0000;45.0000;60.0000,True,True,3.125803739050143,B:GLU448:N,1.1258037390501432,True,nan,,inf,True,True,True,173.03839111328125,175.90042114257812,-2.862030029296875,True,True
original5,3A1C_B_ARG447__035__3,3A1C_B_ARG447,35,3,0.53181964,B,1,0.53181964,True,B,0.53181964,5.9239044189453125,0.2511216998100281,-169.4741;-173.2986;-161.2285;86.1146,t/t/t/m+,10.5259;6.7014;18.7715;3.8854,45.0000;45.0000;45.0000;60.0000,True,True,2.951187545844074,B:HIS475:O,0.951187545844074,True,nan,,inf,True,True,True,167.04664611816406,168.35716247558594,-1.310516357421875,True,True
original5,3A1C_B_ARG447__036__0,3A1C_B_ARG447,36,0,0.50644732,B,0,0.50644732,True,B,0.50644732,5.943734645843506,0.2871725857257843,-169.2620;-173.6126;-162.6682;87.7502,t/t/t/m+,10.7380;6.3874;17.3318;2.2498,45.0000;45.0000;45.0000;60.0000,True,True,2.9787139964225013,B:GLY476:O,0.9787139964225013,True,nan,,inf,True,True,True,166.92401123046875,168.35716247558594,-1.4331512451171875,True,True
original5,3A1C_B_ARG447__036__2,3A1C_B_ARG447,36,2,0.068543561,other,1,0.068543561,True,other,0.068543561,5.28306770324707,0.9668225049972534,177.8130;-178.5498;-62.6336;-81.9835,t/t/g-/m-,2.1870;1.4502;2.6336;8.0165,45.0000;45.0000;45.0000;60.0000,True,True,3.004823252306401,B:HIS475:O,1.0048232523064011,True,nan,,inf,True,True,True,166.32760620117188,nan,nan,False,False
original5,3A1C_B_ARG447__036__3,3A1C_B_ARG447,36,3,0.4228425,A,2,0.4228425,True,A,0.4228425,0.31585606932640076,5.671402454376221,53.8864;-154.3578;158.9187;-78.1171,g+/t/t/m-,6.1136;25.6422;21.0813;11.8829,45.0000;45.0000;45.0000;60.0000,True,True,3.283766224066698,B:GLU448:N,1.283766224066698,True,nan,,inf,True,True,True,171.87408447265625,175.90042114257812,-4.026336669921875,True,True
original5,3A1C_B_ARG447__037__0,3A1C_B_ARG447,37,0,0.43335465,A,0,0.43335465,True,A,0.43335465,0.3237805962562561,5.673477649688721,53.8025;-154.1709;159.3814;-79.1883,g+/t/t/m-,6.1975;25.8291;20.6186;10.8117,45.0000;45.0000;45.0000;60.0000,True,True,3.283766224066698,B:GLU448:N,1.283766224066698,True,nan,,inf,True,True,True,171.65023803710938,175.90042114257812,-4.25018310546875,True,True
original5,3A1C_B_ARG447__037__2,3A1C_B_ARG447,37,2,0.54176217,B,1,0.54176217,True,B,0.54176217,5.632997035980225,0.7928939461708069,172.5505;176.4592;-70.1541;-95.3453,t/t/g-/m-,7.4495;3.5408;10.1541;5.3453,45.0000;45.0000;45.0000;60.0000,True,True,3.2216871570277155,B:HIS475:O,1.2216871570277155,True,nan,,inf,True,True,True,167.12799072265625,168.35716247558594,-1.2291717529296875,True,True
original5,3A1C_B_ARG447__038__1,3A1C_B_ARG447,38,1,0.5737105,B,0,0.5737105,True,B,0.5737105,5.935864448547363,0.27376556396484375,-169.6365;-173.3304;-161.9068;86.4995,t/t/t/m+,10.3635;6.6696;18.0932;3.5005,45.0000;45.0000;45.0000;60.0000,True,True,2.9771573783460816,B:HIS475:O,0.9771573783460816,True,nan,,inf,True,True,True,166.9749755859375,168.35716247558594,-1.3821868896484375,True,True
original5,3A1C_B_ARG447__038__3,3A1C_B_ARG447,38,3,0.42132604,A,1,0.42132604,True,A,0.42132604,0.322673499584198,5.670645236968994,54.0369;-154.4013;158.9013;-78.3955,g+/t/t/m-,5.9631;25.5987;21.0987;11.6045,45.0000;45.0000;45.0000;60.0000,True,True,3.283766224066698,B:GLU448:N,1.283766224066698,True,nan,,inf,True,True,True,171.77989196777344,175.90042114257812,-4.1205291748046875,True,True
original5,3A1C_B_ARG447__039__1,3A1C_B_ARG447,39,1,0.083561324,other,0,0.083561324,True,other,0.083561324,5.632874965667725,1.7437037229537964,-172.0558;66.5334;61.4440;91.0721,t/g+/g+/m+,7.9442;6.5334;1.4440;1.0721,45.0000;45.0000;45.0000;60.0000,True,True,2.987414834895031,B:ILE477:CG1,0.9874148348950311,True,nan,,inf,True,True,True,166.44204711914062,nan,nan,False,False
original5,3A1C_B_ARG447__039__2,3A1C_B_ARG447,39,2,0.47804967,B,1,0.47804967,True,B,0.47804967,5.6630120277404785,0.8463413119316101,168.8854;179.1228;-72.7672;-90.8160,t/t/g-/m-,11.1146;0.8772;12.7672;0.8160,45.0000;45.0000;45.0000;60.0000,True,True,3.158364357174194,B:HIS475:O,1.158364357174194,True,nan,,inf,True,True,True,167.41424560546875,168.35716247558594,-0.9429168701171875,True,True
original5,3A1C_B_ARG447__039__3,3A1C_B_ARG447,39,3,0.43713865,A,2,0.43713865,True,A,0.43713865,0.276522696018219,5.680014133453369,53.6171;-153.6017;158.4859;-77.7301,g+/t/t/m-,6.3829;26.3983;21.5141;12.2699,45.0000;45.0000;45.0000;60.0000,True,True,3.283766224066698,B:GLU448:N,1.283766224066698,True,nan,,inf,True,True,True,172.33201599121094,175.90042114257812,-3.5684051513671875,True,True
original5,3A1C_B_ARG447__040__0,3A1C_B_ARG447,40,0,0.068789937,other,0,0.068789937,True,other,0.068789937,4.4461669921875,3.6296000480651855,62.6119;-176.9598;-56.6938;-89.6226,g+/t/g-/m-,2.6119;3.0402;3.3062;0.3774,45.0000;45.0000;45.0000;60.0000,True,True,3.215023037148267,B:GLU448:N,1.215023037148267,True,nan,,inf,True,True,True,166.90255737304688,nan,nan,False,False
original5,3A1C_B_ARG447__040__1,3A1C_B_ARG447,40,1,0.36743677,other,1,0.36743677,True,other,0.36743677,1.4752848148345947,5.704791069030762,4.8339;74.5397;-173.9127;-67.5006,g+/g+/t/m-,55.1661;14.5397;6.0873;22.4994,45.0000;45.0000;45.0000;60.0000,False,False,2.9864385964351503,B:ASP445:CB,0.9864385964351503,True,nan,,inf,True,True,False,189.05389404296875,nan,nan,False,False
original5,3A1C_B_ARG447__040__2,3A1C_B_ARG447,40,2,0.15420933,other,2,0.15420933,True,other,0.15420933,6.151612758636475,1.4526598453521729,169.1914;86.9716;161.0470;-89.4093,t/g+/t/m-,10.8086;26.9716;18.9530;0.5907,45.0000;45.0000;45.0000;60.0000,True,True,2.9637992497464007,B:ILE477:CG1,0.9637992497464007,True,nan,,inf,True,True,True,169.85162353515625,nan,nan,False,False
original5,3A1C_B_ARG447__040__3,3A1C_B_ARG447,40,3,0.40956393,B,3,0.40956393,True,B,0.40956393,5.5829057693481445,0.9476707577705383,169.7555;159.4663;-63.1478;-153.3586,t/t/g-/t,10.2445;20.5337;3.1478;26.6414,45.0000;45.0000;45.0000;60.0000,True,True,3.079807530576083,B:HIS475:O,1.0798075305760828,True,nan,,inf,True,True,True,167.57322692871094,168.35716247558594,-0.783935546875,True,True
original5,3A1C_B_ARG447__041__0,3A1C_B_ARG447,41,0,0.4266659,A,0,0.4266659,True,A,0.4266659,0.28670525550842285,5.686393737792969,53.6126;-153.3639;159.0892;-78.4420,g+/t/t/m-,6.3874;26.6361;20.9108;11.5580,45.0000;45.0000;45.0000;60.0000,True,True,3.283766224066698,B:GLU448:N,1.283766224066698,True,nan,,inf,True,True,True,172.19589233398438,175.90042114257812,-3.70452880859375,True,True
original5,3A1C_B_ARG447__041__1,3A1C_B_ARG447,41,1,0.55932117,B,1,0.55932117,True,B,0.55932117,5.683926105499268,0.8045771718025208,170.5758;175.2311;-70.6991;-92.9863,t/t/g-/m-,9.4242;4.7689;10.6991;2.9863,45.0000;45.0000;45.0000;60.0000,True,True,3.0374819575793763,B:HIS475:O,1.0374819575793763,True,nan,,inf,True,True,True,167.2169952392578,168.35716247558594,-1.140167236328125,True,True
original5,3A1C_B_ARG447__042__1,3A1C_B_ARG447,42,1,0.41047472,A,0,0.41047472,True,A,0.41047472,0.843360185623169,5.468896389007568,69.3728;-152.4284;70.7307;86.4631,g+/t/g+/m+,9.3728;27.5716;10.7307;3.5369,45.0000;45.0000;45.0000;60.0000,True,True,2.972314141059895,B:ASP445:CB,0.9723141410598952,True,nan,,inf,True,True,True,176.29690551757812,175.90042114257812,0.396484375,True,True
original5,3A1C_B_ARG447__042__3,3A1C_B_ARG447,42,3,0.58410841,B,1,0.58410841,True,B,0.58410841,5.940701007843018,0.27841120958328247,-168.8778;-173.1652;-162.7390;86.7707,t/t/t/m+,11.1222;6.8348;17.2610;3.2293,45.0000;45.0000;45.0000;60.0000,True,True,2.972306226866673,B:HIS475:O,0.9723062268666731,True,nan,,inf,True,True,True,166.94802856445312,168.35716247558594,-1.4091339111328125,True,True
original5,3A1C_B_ARG447__043__1,3A1C_B_ARG447,43,1,0.41879424,A,0,0.41879424,True,A,0.41879424,0.3041503131389618,5.668268203735352,53.8296;-154.3611;158.5094;-77.8741,g+/t/t/m-,6.1704;25.6389;21.4906;12.1259,45.0000;45.0000;45.0000;60.0000,True,True,3.283766224066698,B:GLU448:N,1.283766224066698,True,nan,,inf,True,True,True,171.97450256347656,175.90042114257812,-3.9259185791015625,True,True
original5,3A1C_B_ARG447__043__3,3A1C_B_ARG447,43,3,0.5680266,B,1,0.5680266,True,B,0.5680266,5.9348297119140625,0.27153322100639343,-169.7729;-173.1982;-161.7364;85.9510,t/t/t/m+,10.2271;6.8018;18.2636;4.0490,45.0000;45.0000;45.0000;60.0000,True,True,2.9779303061138442,B:HIS475:O,0.9779303061138442,True,nan,,inf,True,True,True,166.978515625,168.35716247558594,-1.3786468505859375,True,True
original5,3A1C_B_ARG447__044__1,3A1C_B_ARG447,44,1,0.41115549,A,0,0.41115549,True,A,0.41115549,0.8581462502479553,5.429412364959717,69.2740;-153.8362;70.3344;86.4767,g+/t/g+/m+,9.2740;26.1638;10.3344;3.5233,45.0000;45.0000;45.0000;60.0000,True,True,3.0405650771145343,B:ASP445:CB,1.0405650771145343,True,nan,,inf,True,True,True,174.87188720703125,175.90042114257812,-1.028533935546875,True,True
original5,3A1C_B_ARG447__044__3,3A1C_B_ARG447,44,3,0.58464092,B,1,0.58464092,True,B,0.58464092,5.939095973968506,0.27838316559791565,-168.9497;-173.1144;-162.6318;86.7633,t/t/t/m+,11.0503;6.8856;17.3682;3.2367,45.0000;45.0000;45.0000;60.0000,True,True,2.975185980777822,B:HIS475:O,0.9751859807778218,True,nan,,inf,True,True,True,166.96334838867188,168.35716247558594,-1.3938140869140625,True,True
original5,3A1C_B_ARG447__045__0,3A1C_B_ARG447,45,0,0.077470593,other,0,0.077470593,True,other,0.077470593,4.324318885803223,3.1943490505218506,-176.1789;177.1109;62.8039;176.7903,t/t/g+/t,3.8211;2.8891;2.8039;3.2097,45.0000;45.0000;45.0000;60.0000,True,True,3.283766224066698,B:GLU448:N,1.283766224066698,True,nan,,inf,True,True,True,165.9523162841797,nan,nan,False,False
original5,3A1C_B_ARG447__045__1,3A1C_B_ARG447,45,1,0.4084833,A,1,0.4084833,True,A,0.4084833,0.8466076850891113,5.425281524658203,68.1112;-153.2706;69.7767;86.0158,g+/t/g+/m+,8.1112;26.7294;9.7767;3.9842,45.0000;45.0000;45.0000;60.0000,True,True,3.0382859770748794,B:ASP445:CB,1.0382859770748794,True,nan,,inf,True,True,True,175.29458618164062,175.90042114257812,-0.6058349609375,True,True
original5,3A1C_B_ARG447__045__2,3A1C_B_ARG447,45,2,0.50687146,other,2,0.50687146,True,other,0.50687146,5.9132208824157715,1.0118030309677124,174.6959;83.6972;143.4734;-93.6924,t/g+/t/m-,5.3041;23.6972;36.5266;3.6924,45.0000;45.0000;45.0000;60.0000,True,True,3.0371486017779468,B:ILE477:CG1,1.0371486017779468,True,nan,,inf,True,True,True,171.6002960205078,nan,nan,False,False
original5,3A1C_B_ARG447__046__0,3A1C_B_ARG447,46,0,0.089507043,other,0,0.089507043,True,other,0.089507043,5.318035125732422,0.9580788016319275,177.6124;178.1838;-60.2209;-89.6238,t/t/g-/m-,2.3876;1.8162;0.2209;0.3762,45.0000;45.0000;45.0000;60.0000,True,True,2.9951955442256177,B:HIS475:O,0.9951955442256177,True,nan,,inf,True,True,True,166.5253143310547,nan,nan,False,False
original5,3A1C_B_ARG447__046__1,3A1C_B_ARG447,46,1,0.42457592,A,1,0.42457592,True,A,0.42457592,0.3194955885410309,5.6689934730529785,53.9841;-154.4254;158.8076;-78.3856,g+/t/t/m-,6.0159;25.5746;21.1924;11.6144,45.0000;45.0000;45.0000;60.0000,True,True,3.283766224066698,B:GLU448:N,1.283766224066698,True,nan,,inf,True,True,True,171.79159545898438,175.90042114257812,-4.10882568359375,True,True
original5,3A1C_B_ARG447__046__3,3A1C_B_ARG447,46,3,0.48340806,B,2,0.48340806,True,B,0.48340806,5.935711860656738,0.2738930583000183,-170.1746;-173.1549;-161.4898;85.3867,t/t/t/m+,9.8254;6.8451;18.5102;4.6133,45.0000;45.0000;45.0000;60.0000,True,True,2.9798650148473094,B:GLY476:O,0.9798650148473094,True,nan,,inf,True,True,True,166.98251342773438,168.35716247558594,-1.3746490478515625,True,True
original5,3A1C_B_ARG447__047__2,3A1C_B_ARG447,47,2,0.4165504,A,0,0.4165504,True,A,0.4165504,0.3224829137325287,5.669121265411377,53.9696;-154.4953;158.9101;-78.2466,g+/t/t/m-,6.0304;25.5047;21.0899;11.7534,45.0000;45.0000;45.0000;60.0000,True,True,3.283766224066698,B:GLU448:N,1.283766224066698,True,nan,,inf,True,True,True,171.78367614746094,175.90042114257812,-4.1167449951171875,True,True
original5,3A1C_B_ARG447__047__3,3A1C_B_ARG447,47,3,0.57089263,B,1,0.57089263,True,B,0.57089263,5.936728477478027,0.27514398097991943,-169.5142;-173.2912;-162.0558;86.5590,t/t/t/m+,10.4858;6.7088;17.9442;3.4410,45.0000;45.0000;45.0000;60.0000,True,True,2.9774931845962382,B:HIS475:O,0.9774931845962382,True,nan,,inf,True,True,True,166.96392822265625,168.35716247558594,-1.3932342529296875,True,True
original5,3A1C_B_ARG447__048__0,3A1C_B_ARG447,48,0,0.40565813,A,0,0.40565813,True,A,0.40565813,0.34660205245018005,5.6697306632995605,54.4079;-154.8169;159.0283;-77.9135,g+/t/t/m-,5.5921;25.1831;20.9717;12.0865,45.0000;45.0000;45.0000;60.0000,True,True,3.283766224066698,B:GLU448:N,1.283766224066698,True,nan,,inf,True,True,True,171.72288513183594,175.90042114257812,-4.1775360107421875,True,True
original5,3A1C_B_ARG447__048__2,3A1C_B_ARG447,48,2,0.56147748,B,1,0.56147748,True,B,0.56147748,5.934218883514404,0.27371466159820557,-169.8914;-173.5191;-161.6407;86.8487,t/t/t/m+,10.1086;6.4809;18.3593;3.1513,45.0000;45.0000;45.0000;60.0000,True,True,2.979139397328489,B:HIS475:O,0.9791393973284892,True,nan,,inf,True,True,True,166.9793701171875,168.35716247558594,-1.3777923583984375,True,True
original5,3A1C_B_ARG447__049__0,3A1C_B_ARG447,49,0,0.5405525,B,0,0.5405525,True,B,0.5405525,5.933769226074219,0.2767000198364258,-170.5059;-173.7426;-161.1862;86.9460,t/t/t/m+,9.4941;6.2574;18.8138;3.0540,45.0000;45.0000;45.0000;60.0000,True,True,2.9846796572087224,B:GLY476:O,0.9846796572087224,True,nan,,inf,True,True,True,166.9833221435547,168.35716247558594,-1.37384033203125,True,True
original5,3A1C_B_ARG447__049__3,3A1C_B_ARG447,49,3,0.41167367,A,1,0.41167367,True,A,0.41167367,0.3336736261844635,5.659867286682129,54.2278;-155.0144;158.4892;-77.9433,g+/t/t/m-,5.7722;24.9856;21.5108;12.0567,45.0000;45.0000;45.0000;60.0000,True,True,3.283766224066698,B:GLU448:N,1.283766224066698,True,nan,,inf,True,True,True,171.69822692871094,175.90042114257812,-4.2021942138671875,True,True
original5,6H59_B_ARG144__000__0,6H59_B_ARG144,0,0,0.48701379,B,0,0.48701379,True,B,0.48701379,2.655935287475586,0.11676454544067383,-78.6741;-172.2972;170.2560;-93.4681,g-/t/t/m-,18.6741;7.7028;9.7440;3.4681,45.0000;45.0000;45.0000;60.0000,True,True,3.2506995420976637,B:GLY145:N,1.2506995420976637,True,4.060040780181253,"sym2[-1,0,1]/B:SO4306:O3",2.060040780181253,True,True,True,106.6661148071289,107.15079498291016,-0.48468017578125,True,True
original5,6H59_B_ARG144__000__3,6H59_B_ARG144,0,3,0.46532848,A,1,0.46532848,True,A,0.46532848,0.19247625768184662,2.783057928085327,-64.9245;-176.9691;172.2056;88.3711,g-/t/t/m+,4.9245;3.0309;7.7944;1.6289,45.0000;45.0000;45.0000;60.0000,True,True,3.2506995420976637,B:GLY145:N,1.2506995420976637,True,2.6425929620936324,"sym2[-1,0,1]/B:MET112:O",0.6425929620936324,True,True,True,120.38084411621094,122.55687713623047,-2.1760330200195312,True,True
original5,6H59_B_ARG144__001__0,6H59_B_ARG144,1,0,0.51350433,B,0,0.51350433,True,B,0.51350433,2.7096848487854004,0.08481533080339432,-80.3652;-173.7906;169.7676;-92.2162,g-/t/t/m-,20.3652;6.2094;10.2324;2.2162,45.0000;45.0000;45.0000;60.0000,True,True,3.2506995420976637,B:GLY145:N,1.2506995420976637,True,4.015029176867955,"sym2[-1,0,1]/B:SO4306:O3",2.015029176867955,True,True,True,106.84233093261719,107.15079498291016,-0.30846405029296875,True,True
original5,6H59_B_ARG144__001__2,6H59_B_ARG144,1,2,0.43067542,other,1,0.43067542,True,other,0.43067542,1.1166328191757202,2.2071666717529297,-56.6242;-179.6390;-163.0870;-86.2321,g-/t/t/m-,3.3758;0.3610;16.9130;3.7679,45.0000;45.0000;45.0000;60.0000,True,True,3.2506995420976637,B:GLY145:N,1.2506995420976637,True,2.5077572301785347,"sym2[-1,0,1]/B:MET112:O",0.5077572301785347,True,True,True,50.11671447753906,nan,nan,False,False
original5,6H59_B_ARG144__002__0,6H59_B_ARG144,2,0,0.50292349,B,0,0.50292349,True,B,0.50292349,2.6692426204681396,0.09971851110458374,-79.1556;-171.8021;170.8597;-94.1007,g-/t/t/m-,19.1556;8.1979;9.1403;4.1007,45.0000;45.0000;45.0000;60.0000,True,True,3.2506995420976637,B:GLY145:N,1.2506995420976637,True,4.055621656380307,"sym2[-1,0,1]/B:SO4306:O3",2.055621656380307,True,True,True,106.74047088623047,107.15079498291016,-0.4103240966796875,True,True
original5,6H59_B_ARG144__002__2,6H59_B_ARG144,2,2,0.45073709,A,1,0.45073709,True,A,0.45073709,0.21092264354228973,2.8001058101654053,-64.9883;-176.4980;173.4022;87.8302,g-/t/t/m+,4.9883;3.5020;6.5978;2.1698,45.0000;45.0000;45.0000;60.0000,True,True,3.2506995420976637,B:GLY145:N,1.2506995420976637,True,2.621276593433551,"sym2[-1,0,1]/B:MET112:O",0.6212765934335511,True,True,True,120.36674499511719,122.55687713623047,-2.1901321411132812,True,True
original5,6H59_B_ARG144__003__0,6H59_B_ARG144,3,0,0.46803772,A,0,0.46803772,True,A,0.46803772,0.18954090774059296,2.7802813053131104,-64.8659;-176.9898;171.9667;88.3945,g-/t/t/m+,4.8659;3.0102;8.0333;1.6055,45.0000;45.0000;45.0000;60.0000,True,True,3.2506995420976637,B:GLY145:N,1.2506995420976637,True,2.6461752458121146,"sym2[-1,0,1]/B:MET112:O",0.6461752458121146,True,True,True,120.38525390625,122.55687713623047,-2.1716232299804688,True,True
original5,6H59_B_ARG144__003__2,6H59_B_ARG144,3,2,0.48865879,B,1,0.48865879,True,B,0.48865879,2.6497278213500977,0.12420732527971268,-78.4770;-172.3310;170.1623;-93.3832,g-/t/t/m-,18.4770;7.6690;9.8377;3.3832,45.0000;45.0000;45.0000;60.0000,True,True,3.2506995420976637,B:GLY145:N,1.2506995420976637,True,4.063687827272524,"sym2[-1,0,1]/B:SO4306:O3",2.063687827272524,True,True,True,106.64923095703125,107.15079498291016,-0.5015640258789062,True,True
original5,6H59_B_ARG144__004__1,6H59_B_ARG144,4,1,0.50274122,B,0,0.50274122,True,B,0.50274122,2.6537537574768066,0.11981131136417389,-78.4787;-172.0878;170.1577;-93.6396,g-/t/t/m-,18.4787;7.9122;9.8423;3.6396,45.0000;45.0000;45.0000;60.0000,True,True,3.2506995420976637,B:GLY145:N,1.2506995420976637,True,4.065027361855889,"sym2[-1,0,1]/B:SO4306:O3",2.065027361855889,True,True,True,106.6644515991211,107.15079498291016,-0.4863433837890625,True,True
original5,6H59_B_ARG144__004__3,6H59_B_ARG144,4,3,0.47918957,A,1,0.47918957,True,A,0.47918957,0.18433499336242676,2.779963731765747,-64.4117;-176.7306;171.3476;88.2972,g-/t/t/m+,4.4117;3.2694;8.6524;1.7028,45.0000;45.0000;45.0000;60.0000,True,True,3.2506995420976637,B:GLY145:N,1.2506995420976637,True,2.647302889618669,"sym2[-1,0,1]/B:MET112:O",0.6473028896186692,True,True,True,120.39529418945312,122.55687713623047,-2.1615829467773438,True,True
original5,6H59_B_ARG144__005__0,6H59_B_ARG144,5,0,0.46947864,A,0,0.46947864,True,A,0.46947864,0.1854325234889984,2.7747631072998047,-64.7822;-177.2507;171.3863;88.1030,g-/t/t/m+,4.7822;2.7493;8.6137;1.8970,45.0000;45.0000;45.0000;60.0000,True,True,3.2506995420976637,B:GLY145:N,1.2506995420976637,True,2.654819899510648,"sym2[-1,0,1]/B:MET112:O",0.654819899510648,True,True,True,120.38587188720703,122.55687713623047,-2.1710052490234375,True,True
original5,6H59_B_ARG144__005__1,6H59_B_ARG144,5,1,0.49948567,B,1,0.49948567,True,B,0.49948567,2.654392719268799,0.11747710406780243,-78.6816;-172.2156;170.3903;-93.7128,g-/t/t/m-,18.6816;7.7844;9.6097;3.7128,45.0000;45.0000;45.0000;60.0000,True,True,3.2506995420976637,B:GLY145:N,1.2506995420976637,True,4.0587285000369775,"sym2[-1,0,1]/B:SO4306:O3",2.0587285000369775,True,True,True,106.67970275878906,107.15079498291016,-0.47109222412109375,True,True
original5,6H59_B_ARG144__006__0,6H59_B_ARG144,6,0,0.48664448,B,0,0.48664448,True,B,0.48664448,2.6492576599121094,0.12469349056482315,-78.4922;-172.3763;170.1781;-93.3310,g-/t/t/m-,18.4922;7.6237;9.8219;3.3310,45.0000;45.0000;45.0000;60.0000,True,True,3.2506995420976637,B:GLY145:N,1.2506995420976637,True,4.063314956227712,"sym2[-1,0,1]/B:SO4306:O3",2.063314956227712,True,True,True,106.64054870605469,107.15079498291016,-0.5102462768554688,True,True
original5,6H59_B_ARG144__006__3,6H59_B_ARG144,6,3,0.46591762,A,1,0.46591762,True,A,0.46591762,0.18993732333183289,2.778914451599121,-64.9785;-177.0210;172.0795;88.4015,g-/t/t/m+,4.9785;2.9790;7.9205;1.5985,45.0000;45.0000;45.0000;60.0000,True,True,3.2506995420976637,B:GLY145:N,1.2506995420976637,True,2.6473618247491024,"sym2[-1,0,1]/B:MET112:O",0.6473618247491024,True,True,True,120.3821792602539,122.55687713623047,-2.1746978759765625,True,True
original5,6H59_B_ARG144__007__1,6H59_B_ARG144,7,1,0.49611905,B,0,0.49611905,True,B,0.49611905,2.652181625366211,0.12217166274785995,-78.3854;-172.0769;170.0731;-93.5812,g-/t/t/m-,18.3854;7.9231;9.9269;3.5812,45.0000;45.0000;45.0000;60.0000,True,True,3.2506995420976637,B:GLY145:N,1.2506995420976637,True,4.067397114781821,"sym2[-1,0,1]/B:SO4306:O3",2.067397114781821,True,True,True,106.65287017822266,107.15079498291016,-0.4979248046875,True,True
original5,6H59_B_ARG144__007__3,6H59_B_ARG144,7,3,0.47284129,A,1,0.47284129,True,A,0.47284129,0.1866525560617447,2.7823219299316406,-64.4471;-176.8107;171.4531;88.1852,g-/t/t/m+,4.4471;3.1893;8.5469;1.8148,45.0000;45.0000;45.0000;60.0000,True,True,3.2506995420976637,B:GLY145:N,1.2506995420976637,True,2.644941206385589,"sym2[-1,0,1]/B:MET112:O",0.6449412063855888,True,True,True,120.38694763183594,122.55687713623047,-2.1699295043945312,True,True
original5,6H59_B_ARG144__008__0,6H59_B_ARG144,8,0,0.47377181,A,0,0.47377181,True,A,0.47377181,0.18747010827064514,2.7848386764526367,-64.3885;-176.7666;171.4976;88.3261,g-/t/t/m+,4.3885;3.2334;8.5024;1.6739,45.0000;45.0000;45.0000;60.0000,True,True,3.2506995420976637,B:GLY145:N,1.2506995420976637,True,2.6420425122224573,"sym2[-1,0,1]/B:MET112:O",0.6420425122224573,True,True,True,120.39293670654297,122.55687713623047,-2.1639404296875,True,True
original5,6H59_B_ARG144__008__1,6H59_B_ARG144,8,1,0.49381608,B,1,0.49381608,True,B,0.49381608,2.6503970623016357,0.12374750524759293,-78.3611;-172.1674;170.0428;-93.5881,g-/t/t/m-,18.3611;7.8326;9.9572;3.5881,45.0000;45.0000;45.0000;60.0000,True,True,3.2506995420976637,B:GLY145:N,1.2506995420976637,True,4.065579417861335,"sym2[-1,0,1]/B:SO4306:O3",2.0655794178613354,True,True,True,106.64668273925781,107.15079498291016,-0.5041122436523438,True,True
original5,6H59_B_ARG144__009__0,6H59_B_ARG144,9,0,0.52364397,B,0,0.52364397,True,B,0.52364397,2.7146434783935547,0.08661690354347229,-80.2037;-173.5808;169.3883;-93.0124,g-/t/t/m-,20.2037;6.4192;10.6117;3.0124,45.0000;45.0000;45.0000;60.0000,True,True,3.2506995420976637,B:GLY145:N,1.2506995420976637,True,4.008279273020646,"sym2[-1,0,1]/B:SO4306:O3",2.008279273020646,True,True,True,106.86965942382812,107.15079498291016,-0.28113555908203125,True,True
original5,6H59_B_ARG144__009__3,6H59_B_ARG144,9,3,0.43931639,other,1,0.43931639,True,other,0.43931639,1.1928242444992065,2.086306095123291,-57.2456;-178.6297;-165.3875;-87.2596,g-/t/t/m-,2.7544;1.3703;14.6125;2.7404,45.0000;45.0000;45.0000;60.0000,True,True,3.2506995420976637,B:GLY145:N,1.2506995420976637,True,2.588799927501865,"sym2[-1,0,1]/B:MET112:O",0.5887999275018649,True,True,True,49.88633728027344,nan,nan,False,False
original5,6H59_B_ARG144__010__0,6H59_B_ARG144,10,0,0.49230966,B,0,0.49230966,True,B,0.49230966,2.6500003337860107,0.12418211996555328,-78.3664;-172.2001;170.0468;-93.5495,g-/t/t/m-,18.3664;7.7999;9.9532;3.5495,45.0000;45.0000;45.0000;60.0000,True,True,3.2506995420976637,B:GLY145:N,1.2506995420976637,True,4.065381157304196,"sym2[-1,0,1]/B:SO4306:O3",2.065381157304196,True,True,True,106.65032958984375,107.15079498291016,-0.5004653930664062,True,True
original5,6H59_B_ARG144__010__2,6H59_B_ARG144,10,2,0.47215697,A,1,0.47215697,True,A,0.47215697,0.18789692223072052,2.7837073802948,-64.4984;-176.8114;171.6066;88.3372,g-/t/t/m+,4.4984;3.1886;8.3934;1.6628,45.0000;45.0000;45.0000;60.0000,True,True,3.2506995420976637,B:GLY145:N,1.2506995420976637,True,2.643046609286109,"sym2[-1,0,1]/B:MET112:O",0.6430466092861091,True,True,True,120.38935852050781,122.55687713623047,-2.1675186157226562,True,True
original5,6H59_B_ARG144__011__2,6H59_B_ARG144,11,2,0.45873868,A,0,0.45873868,True,A,0.45873868,0.19871482253074646,2.784388542175293,-65.1912;-176.6477;172.9591;88.2704,g-/t/t/m+,5.1912;3.3523;7.0409;1.7296,45.0000;45.0000;45.0000;60.0000,True,True,3.2506995420976637,B:GLY145:N,1.2506995420976637,True,2.6380481585633886,"sym2[-1,0,1]/B:MET112:O",0.6380481585633886,True,True,True,120.37610626220703,122.55687713623047,-2.1807708740234375,True,True
original5,6H59_B_ARG144__011__3,6H59_B_ARG144,11,3,0.4793801,B,1,0.4793801,True,B,0.4793801,2.656028985977173,0.11693334579467773,-78.8077;-172.5608;170.3040;-93.0937,g-/t/t/m-,18.8077;7.4392;9.6960;3.0937,45.0000;45.0000;45.0000;60.0000,True,True,3.2506995420976637,B:GLY145:N,1.2506995420976637,True,4.0578585937303435,"sym2[-1,0,1]/B:SO4306:O3",2.0578585937303435,True,True,True,106.66729736328125,107.15079498291016,-0.48349761962890625,True,True
original5,6H59_B_ARG144__012__0,6H59_B_ARG144,12,0,0.092896298,other,0,0.092896298,True,other,0.092896298,1.2791681289672852,3.1100282669067383,-75.2086;67.1902;-178.1579;-88.2796,g-/g+/t/m-,15.2086;7.1902;1.8421;1.7204,45.0000;45.0000;45.0000;60.0000,True,True,3.2506995420976637,B:GLY145:N,1.2506995420976637,True,2.5360809013637664,"sym2[-1,0,1]/B:MET112:O",0.5360809013637664,True,True,True,52.78921890258789,nan,nan,False,False
original5,6H59_B_ARG144__012__2,6H59_B_ARG144,12,2,0.51553857,B,1,0.51553857,True,B,0.51553857,2.7135469913482666,0.09447024017572403,-80.0666;-174.0274;168.9110;-91.5432,g-/t/t/m-,20.0666;5.9726;11.0890;1.5432,45.0000;45.0000;45.0000;60.0000,True,True,3.2506995420976637,B:GLY145:N,1.2506995420976637,True,4.020252159050889,"sym2[-1,0,1]/B:SO4306:O3",2.020252159050889,True,True,True,106.83538055419922,107.15079498291016,-0.3154144287109375,True,True
original5,6H59_B_ARG144__012__3,6H59_B_ARG144,12,3,0.38606703,other,2,0.38606703,True,other,0.38606703,1.167841911315918,2.118574380874634,-56.8941;-179.3437;-164.8900;-89.6723,g-/t/t/m-,3.1059;0.6563;15.1100;0.3277,45.0000;45.0000;45.0000;60.0000,True,True,3.2506995420976637,B:GLY145:N,1.2506995420976637,True,2.565303291016171,"sym2[-1,0,1]/B:MET112:O",0.5653032910161708,True,True,True,49.965003967285156,nan,nan,False,False
original5,6H59_B_ARG144__013__0,6H59_B_ARG144,13,0,0.48901591,B,0,0.48901591,True,B,0.48901591,2.6484222412109375,0.125682070851326,-78.4356;-172.3445;170.1374;-93.3848,g-/t/t/m-,18.4356;7.6555;9.8626;3.3848,45.0000;45.0000;45.0000;60.0000,True,True,3.2506995420976637,B:GLY145:N,1.2506995420976637,True,4.063999014828328,"sym2[-1,0,1]/B:SO4306:O3",2.063999014828328,True,True,True,106.64329528808594,107.15079498291016,-0.5074996948242188,True,True
original5,6H59_B_ARG144__013__1,6H59_B_ARG144,13,1,0.468613,A,1,0.468613,True,A,0.468613,0.18941275775432587,2.780794620513916,-64.8259;-176.9805;171.9266;88.3943,g-/t/t/m+,4.8259;3.0195;8.0734;1.6057,45.0000;45.0000;45.0000;60.0000,True,True,3.2506995420976637,B:GLY145:N,1.2506995420976637,True,2.645735080512307,"sym2[-1,0,1]/B:MET112:O",0.6457350805123072,True,True,True,120.38401794433594,122.55687713623047,-2.1728591918945312,True,True
original5,6H59_B_ARG144__014__2,6H59_B_ARG144,14,2,0.46160677,A,0,0.46160677,True,A,0.46160677,0.18641357123851776,2.775573253631592,-64.8251;-177.0186;171.6628;88.1767,g-/t/t/m+,4.8251;2.9814;8.3372;1.8233,45.0000;45.0000;45.0000;60.0000,True,True,3.2506995420976637,B:GLY145:N,1.2506995420976637,True,2.6520858450154923,"sym2[-1,0,1]/B:MET112:O",0.6520858450154923,True,True,True,120.38436889648438,122.55687713623047,-2.1725082397460938,True,True
original5,6H59_B_ARG144__014__3,6H59_B_ARG144,14,3,0.49033368,B,1,0.49033368,True,B,0.49033368,2.650296926498413,0.12373609095811844,-78.4071;-172.2157;170.0946;-93.5240,g-/t/t/m-,18.4071;7.7843;9.9054;3.5240,45.0000;45.0000;45.0000;60.0000,True,True,3.2506995420976637,B:GLY145:N,1.2506995420976637,True,4.064949777701227,"sym2[-1,0,1]/B:SO4306:O3",2.0649497777012273,True,True,True,106.65341186523438,107.15079498291016,-0.49738311767578125,True,True
original5,6H59_B_ARG144__015__0,6H59_B_ARG144,15,0,0.50024426,B,0,0.50024426,True,B,0.50024426,2.6515705585479736,0.12229974567890167,-78.3972;-172.0691;170.1237;-93.6814,g-/t/t/m-,18.3972;7.9309;9.8763;3.6814,45.0000;45.0000;45.0000;60.0000,True,True,3.2506995420976637,B:GLY145:N,1.2506995420976637,True,4.066116427551612,"sym2[-1,0,1]/B:SO4306:O3",2.066116427551612,True,True,True,106.65113830566406,107.15079498291016,-0.49965667724609375,True,True
original5,6H59_B_ARG144__015__1,6H59_B_ARG144,15,1,0.48335451,A,1,0.48335451,True,A,0.48335451,0.1870976984500885,2.78791880607605,-64.1901;-176.7958;171.2690;88.3637,g-/t/t/m+,4.1901;3.2042;8.7310;1.6363,45.0000;45.0000;45.0000;60.0000,True,True,3.2506995420976637,B:GLY145:N,1.2506995420976637,True,2.6397326643277754,"sym2[-1,0,1]/B:MET112:O",0.6397326643277754,True,True,True,120.39700317382812,122.55687713623047,-2.1598739624023438,True,True
original5,6H59_B_ARG144__016__1,6H59_B_ARG144,16,1,0.47907346,B,0,0.47907346,True,B,0.47907346,2.6239421367645264,0.15592435002326965,-77.7568;-172.1017;170.2083;-93.3569,g-/t/t/m-,17.7568;7.8983;9.7917;3.3569,45.0000;45.0000;45.0000;60.0000,True,True,3.2506995420976637,B:GLY145:N,1.2506995420976637,True,4.083190138032139,"sym2[-1,0,1]/B:SO4306:O3",2.0831901380321387,True,True,True,106.55977630615234,107.15079498291016,-0.5910186767578125,True,True
original5,6H59_B_ARG144__016__2,6H59_B_ARG144,16,2,0.48181871,A,1,0.48181871,True,A,0.48181871,0.1875733584165573,2.783018112182617,-64.4510;-176.6305;171.6210;88.2235,g-/t/t/m+,4.4510;3.3695;8.3790;1.7765,45.0000;45.0000;45.0000;60.0000,True,True,3.2506995420976637,B:GLY145:N,1.2506995420976637,True,2.642973267808003,"sym2[-1,0,1]/B:MET112:O",0.6429732678080029,True,True,True,120.38970947265625,122.55687713623047,-2.1671676635742188,True,True
original5,6H59_B_ARG144__017__0,6H59_B_ARG144,17,0,0.4366129,B,0,0.4366129,True,B,0.4366129,2.6450350284576416,0.772950291633606,-58.0902;-170.4379;77.0969;97.1723,g-/t/g+/m+,1.9098;9.5621;17.0969;7.1723,45.0000;45.0000;45.0000;60.0000,True,True,3.2506995420976637,B:GLY145:N,1.2506995420976637,True,4.625541539169415,"sym2[-1,0,1]/B:ARG113:CB",2.625541539169415,True,True,True,106.3808822631836,107.15079498291016,-0.7699127197265625,True,True
original5,6H59_B_ARG144__017__1,6H59_B_ARG144,17,1,0.50596565,A,1,0.50596565,True,A,0.50596565,0.24524560570716858,2.674675464630127,-70.3841;-174.9236;178.3479;86.6962,g-/t/t/m+,10.3841;5.0764;1.6521;3.3038,45.0000;45.0000;45.0000;60.0000,True,True,3.2506995420976637,B:GLY145:N,1.2506995420976637,True,2.7374731158253613,"sym2[-1,0,1]/B:MET112:O",0.7374731158253613,True,True,True,120.61479949951172,122.55687713623047,-1.94207763671875,True,True
original5,6H59_B_ARG144__018__2,6H59_B_ARG144,18,2,0.49041474,B,0,0.49041474,True,B,0.49041474,2.6538963317871094,0.11658746004104614,-78.9037;-172.3580;170.6978;-93.7309,g-/t/t/m-,18.9037;7.6420;9.3022;3.7309,45.0000;45.0000;45.0000;60.0000,True,True,3.2506995420976637,B:GLY145:N,1.2506995420976637,True,4.05310483037505,"sym2[-1,0,1]/B:SO4306:O3",2.05310483037505,True,True,True,106.67993927001953,107.15079498291016,-0.470855712890625,True,True
original5,6H59_B_ARG144__018__3,6H59_B_ARG144,18,3,0.44334358,A,1,0.44334358,True,A,0.44334358,0.20349740982055664,2.788480043411255,-65.0723;-176.3231;173.1509;87.5310,g-/t/t/m+,5.0723;3.6769;6.8491;2.4690,45.0000;45.0000;45.0000;60.0000,True,True,3.2506995420976637,B:GLY145:N,1.2506995420976637,True,2.632474119778434,"sym2[-1,0,1]/B:MET112:O",0.632474119778434,True,True,True,120.36280822753906,122.55687713623047,-2.1940689086914062,True,True
original5,6H59_B_ARG144__019__0,6H59_B_ARG144,19,0,0.51445556,B,0,0.51445556,True,B,0.51445556,2.7228078842163086,0.08325863629579544,-80.4011;-173.4777;169.4580;-92.8252,g-/t/t/m-,20.4011;6.5223;10.5420;2.8252,45.0000;45.0000;45.0000;60.0000,True,True,3.2506995420976637,B:GLY145:N,1.2506995420976637,True,4.010760434616019,"sym2[-1,0,1]/B:SO4306:O3",2.010760434616019,True,True,True,106.89096069335938,107.15079498291016,-0.25983428955078125,True,True
original5,6H59_B_ARG144__019__2,6H59_B_ARG144,19,2,0.43868938,other,1,0.43868938,True,other,0.43868938,1.106011986732483,2.226166248321533,-56.2122;-179.4304;-163.0712;-85.9842,g-/t/t/m-,3.7878;0.5696;16.9288;4.0158,45.0000;45.0000;45.0000;60.0000,True,True,3.2506995420976637,B:GLY145:N,1.2506995420976637,True,2.4978128793989915,"sym2[-1,0,1]/B:MET112:O",0.49781287939899155,True,True,True,50.15904235839844,nan,nan,False,False
original5,6H59_B_ARG144__020__0,6H59_B_ARG144,20,0,0.48887834,A,0,0.48887834,True,A,0.48887834,0.18673670291900635,2.7891976833343506,-64.0770;-176.7934;171.1300;88.3353,g-/t/t/m+,4.0770;3.2066;8.8700;1.6647,45.0000;45.0000;45.0000;60.0000,True,True,3.2506995420976637,B:GLY145:N,1.2506995420976637,True,2.6388592236223207,"sym2[-1,0,1]/B:MET112:O",0.6388592236223207,True,True,True,120.40214538574219,122.55687713623047,-2.1547317504882812,True,True
original5,6H59_B_ARG144__020__3,6H59_B_ARG144,20,3,0.50342625,B,1,0.50342625,True,B,0.50342625,2.6549389362335205,0.11711301654577255,-78.6668;-172.0966;170.4263;-93.7628,g-/t/t/m-,18.6668;7.9034;9.5737;3.7628,45.0000;45.0000;45.0000;60.0000,True,True,3.2506995420976637,B:GLY145:N,1.2506995420976637,True,4.061007341438004,"sym2[-1,0,1]/B:SO4306:O3",2.061007341438004,True,True,True,106.67100524902344,107.15079498291016,-0.47978973388671875,True,True
original5,6H59_B_ARG144__021__0,6H59_B_ARG144,21,0,0.52023095,A,0,0.52023095,True,A,0.52023095,0.2509644627571106,2.662853240966797,-70.6629;-174.7359;178.4281;86.1938,g-/t/t/m+,10.6629;5.2641;1.5719;3.8062,45.0000;45.0000;45.0000;60.0000,True,True,3.2506995420976637,B:GLY145:N,1.2506995420976637,True,2.7502329894968667,"sym2[-1,0,1]/B:MET112:O",0.7502329894968667,True,True,True,120.6375732421875,122.55687713623047,-1.9193038940429688,True,True
original5,6H59_B_ARG144__021__1,6H59_B_ARG144,21,1,0.4340798,B,1,0.4340798,True,B,0.4340798,2.6448287963867188,0.7729732394218445,-58.0683;-170.3966;77.0917;97.1568,g-/t/g+/m+,1.9317;9.6034;17.0917;7.1568,45.0000;45.0000;45.0000;60.0000,True,True,3.2506995420976637,B:GLY145:N,1.2506995420976637,True,4.626563953984837,"sym2[-1,0,1]/B:ARG113:CB",2.626563953984837,True,True,True,106.38240051269531,107.15079498291016,-0.7683944702148438,True,True
original5,6H59_B_ARG144__022__0,6H59_B_ARG144,22,0,0.51476467,B,0,0.51476467,True,B,0.51476467,2.394609212875366,0.8574144244194031,-56.0857;-171.0517;82.8899;98.9103,g-/t/g+/m+,3.9143;8.9483;22.8899;8.9103,45.0000;45.0000;45.0000;60.0000,True,True,3.2506995420976637,B:GLY145:N,1.2506995420976637,True,4.30180704267332,"sym2[-1,0,1]/B:ARG113:CB",2.30180704267332,True,True,True,107.03870391845703,107.15079498291016,-0.112091064453125,True,True
original5,6H59_B_ARG144__022__1,6H59_B_ARG144,22,1,0.40611553,A,1,0.40611553,True,A,0.40611553,0.8041527271270752,2.851722240447998,-89.8072;176.1224;-88.7517;-94.5449,g-/t/g-/m-,29.8072;3.8776;28.7517;4.5449,45.0000;45.0000;45.0000;60.0000,True,True,3.2506995420976637,B:GLY145:N,1.2506995420976637,True,2.8120572483071253,"sym2[-1,0,1]/B:HIS111:O",0.8120572483071253,True,True,True,125.4678955078125,122.55687713623047,2.9110183715820312,False,False
original5,6H59_B_ARG144__022__3,6H59_B_ARG144,22,3,0.062341735,other,2,0.062341735,True,other,0.062341735,6.271790504455566,6.873225688934326,68.5167;18.2394;-93.1375;130.0775,g+/g+/g-/m+,8.5167;41.7606;33.1375;40.0775,45.0000;45.0000;45.0000;60.0000,True,True,1.249954367667306,B:SER202:OG,-0.7500456323326941,False,6.118939842666722,"sym2[-1,0,1]/S:HOH281:O",5.058939899887181,True,False,False,582.0355224609375,nan,nan,False,False
original5,6H59_B_ARG144__023__1,6H59_B_ARG144,23,1,0.44066292,other,0,0.44066292,True,other,0.44066292,1.184420108795166,2.0963985919952393,-57.3333;-178.1495;-164.7917;-86.9937,g-/t/t/m-,2.6667;1.8505;15.2083;3.0063,45.0000;45.0000;45.0000;60.0000,True,True,3.2506995420976637,B:GLY145:N,1.2506995420976637,True,2.5804296209352198,"sym2[-1,0,1]/B:MET112:O",0.5804296209352198,True,True,True,49.928035736083984,nan,nan,False,False
original5,6H59_B_ARG144__023__3,6H59_B_ARG144,23,3,0.52706504,B,1,0.52706504,True,B,0.52706504,2.7432899475097656,0.08969604969024658,-80.4634;-173.2337;168.8462;-92.5371,g-/t/t/m-,20.4634;6.7663;11.1538;2.5371,45.0000;45.0000;45.0000;60.0000,True,True,3.2506995420976637,B:GLY145:N,1.2506995420976637,True,4.017497769151151,"sym2[-1,0,1]/B:SO4306:O3",2.0174977691511513,True,True,True,106.93941497802734,107.15079498291016,-0.2113800048828125,True,True
original5,6H59_B_ARG144__024__0,6H59_B_ARG144,24,0,0.068776876,other,0,0.068776876,True,other,0.068776876,2.1052701473236084,0.9722394347190857,-68.6981;-175.9737;173.0009;-66.5919,g-/t/t/m-,8.6981;4.0263;6.9991;23.4081,45.0000;45.0000;45.0000;60.0000,True,True,3.2506995420976637,B:GLY145:N,1.2506995420976637,True,4.0411414328469695,"sym2[-1,0,1]/B:ARG113:CB",2.0411414328469695,True,True,True,51.53868103027344,nan,nan,False,False
original5,6H59_B_ARG144__024__1,6H59_B_ARG144,24,1,0.5285688,B,1,0.5285688,True,B,0.5285688,2.7465121746063232,0.09871120750904083,-81.0392;-173.7504;169.2930;-93.3073,g-/t/t/m-,21.0392;6.2496;10.7070;3.3073,45.0000;45.0000;45.0000;60.0000,True,True,3.2506995420976637,B:GLY145:N,1.2506995420976637,True,3.987460048027287,"sym2[-1,0,1]/B:SO4306:O3",1.987460048027287,True,True,True,107.00371551513672,107.15079498291016,-0.1470794677734375,True,True
original5,6H59_B_ARG144__024__2,6H59_B_ARG144,24,2,0.39802223,other,2,0.39802223,True,other,0.39802223,1.0936644077301025,2.2420196533203125,-56.0892;-178.8641;-162.5227;-86.0817,g-/t/t/m-,3.9108;1.1359;17.4773;3.9183,45.0000;45.0000;45.0000;60.0000,True,True,3.2506995420976637,B:GLY145:N,1.2506995420976637,True,2.4897839412586054,"sym2[-1,0,1]/B:MET112:O",0.48978394125860536,True,True,True,50.21355438232422,nan,nan,False,False
original5,6H59_B_ARG144__025__0,6H59_B_ARG144,25,0,0.49968633,B,0,0.49968633,True,B,0.49968633,2.6434333324432373,0.13276760280132294,-78.0417;-171.9430;169.9507;-93.7071,g-/t/t/m-,18.0417;8.0570;10.0493;3.7071,45.0000;45.0000;45.0000;60.0000,True,True,3.2506995420976637,B:GLY145:N,1.2506995420976637,True,4.074163414432158,"sym2[-1,0,1]/B:SO4306:O3",2.0741634144321583,True,True,True,106.61961364746094,107.15079498291016,-0.5311813354492188,True,True
original5,6H59_B_ARG144__025__1,6H59_B_ARG144,25,1,0.48378196,A,1,0.48378196,True,A,0.48378196,0.1858132928609848,2.784926652908325,-64.1300;-176.3218;171.3677;88.1845,g-/t/t/m+,4.1300;3.6782;8.6323;1.8155,45.0000;45.0000;45.0000;60.0000,True,True,3.2506995420976637,B:GLY145:N,1.2506995420976637,True,2.640493312490719,"sym2[-1,0,1]/B:MET112:O",0.6404933124907188,True,True,True,120.39472961425781,122.55687713623047,-2.1621475219726562,True,True
original5,6H59_B_ARG144__026__0,6H59_B_ARG144,26,0,0.50655264,B,0,0.50655264,True,B,0.50655264,2.34047269821167,0.890030026435852,-55.7023;-171.9942;83.9463;98.2831,g-/t/g+/m+,4.2977;8.0058;23.9463;8.2831,45.0000;45.0000;45.0000;60.0000,True,True,3.2506995420976637,B:GLY145:N,1.2506995420976637,True,4.2548147532309795,"sym2[-1,0,1]/B:ARG113:CB",2.2548147532309795,True,True,True,107.0386962890625,107.15079498291016,-0.11209869384765625,True,True
original5,6H59_B_ARG144__026__3,6H59_B_ARG144,26,3,0.40808794,A,1,0.40808794,True,A,0.40808794,0.8070694208145142,2.8605480194091797,-89.6624;176.2577;-88.5778;-94.3170,g-/t/g-/m-,29.6624;3.7423;28.5778;4.3170,45.0000;45.0000;45.0000;60.0000,True,True,3.2506995420976637,B:GLY145:N,1.2506995420976637,True,2.80341052726029,"sym2[-1,0,1]/B:HIS111:O",0.80341052726029,True,True,True,125.40587615966797,122.55687713623047,2.8489990234375,False,False
original5,6H59_B_ARG144__027__0,6H59_B_ARG144,27,0,0.50674748,B,0,0.50674748,True,B,0.50674748,2.726766586303711,0.07488730549812317,-80.7608;-173.3281;170.0377;-92.6536,g-/t/t/m-,20.7608;6.6719;9.9623;2.6536,45.0000;45.0000;45.0000;60.0000,True,True,3.2506995420976637,B:GLY145:N,1.2506995420976637,True,4.013829288029991,"sym2[-1,0,1]/B:SO4306:O3",2.0138292880299913,True,True,True,106.9101333618164,107.15079498291016,-0.24066162109375,True,True
original5,6H59_B_ARG144__027__1,6H59_B_ARG144,27,1,0.38838857,other,1,0.38838857,True,other,0.38838857,1.1582586765289307,2.1481082439422607,-56.9275;-179.3178;-164.5161;-85.1564,g-/t/t/m-,3.0725;0.6822;15.4839;4.8436,45.0000;45.0000;45.0000;60.0000,True,True,3.2506995420976637,B:GLY145:N,1.2506995420976637,True,2.545691761395125,"sym2[-1,0,1]/B:MET112:O",0.5456917613951249,True,True,True,49.99663543701172,nan,nan,False,False
original5,6H59_B_ARG144__027__3,6H59_B_ARG144,27,3,0.080160901,other,2,0.080160901,True,other,0.080160901,1.138436198234558,2.5842223167419434,-40.6752;-104.0643;-110.0060;-83.0573,g-/g-/g-/m-,19.3248;44.0643;50.0060;6.9427,45.0000;45.0000;45.0000;60.0000,False,False,3.2506995420976637,B:GLY145:N,1.2506995420976637,True,2.89272902661394,"sym2[-1,0,1]/B:ARG113:CD",0.89272902661394,True,True,False,61.52070617675781,nan,nan,False,False
original5,6H59_B_ARG144__028__0,6H59_B_ARG144,28,0,0.061254874,other,0,0.061254874,True,other,0.061254874,0.5223945379257202,2.898149013519287,-64.2490;-173.4930;-178.8707;102.8763,g-/t/t/m+,4.2490;6.5070;1.1293;12.8763,45.0000;45.0000;45.0000;60.0000,True,True,3.2506995420976637,B:GLY145:N,1.2506995420976637,True,2.587815578327931,"sym2[-1,0,1]/B:MET112:O",0.5878155783279309,True,True,True,50.22944259643555,nan,nan,False,False
original5,6H59_B_ARG144__028__2,6H59_B_ARG144,28,2,0.4277406,A,1,0.4277406,True,A,0.4277406,0.1957215666770935,2.776583194732666,-64.9578;-177.6803;171.4564;86.8511,g-/t/t/m+,4.9578;2.3197;8.5436;3.1489,45.0000;45.0000;45.0000;60.0000,True,True,3.2506995420976637,B:GLY145:N,1.2506995420976637,True,2.654914009921867,"sym2[-1,0,1]/B:MET112:O",0.6549140099218671,True,True,True,120.36878967285156,122.55687713623047,-2.1880874633789062,True,True
original5,6H59_B_ARG144__028__3,6H59_B_ARG144,28,3,0.50211191,B,2,0.50211191,True,B,0.50211191,2.6605772972106934,0.11266107112169266,-78.5682;-171.9222;170.1311;-93.7523,g-/t/t/m-,18.5682;8.0778;9.8689;3.7523,45.0000;45.0000;45.0000;60.0000,True,True,3.2506995420976637,B:GLY145:N,1.2506995420976637,True,4.0651516123860425,"sym2[-1,0,1]/B:SO4306:O3",2.0651516123860425,True,True,True,106.68959045410156,107.15079498291016,-0.46120452880859375,True,True
original5,6H59_B_ARG144__029__2,6H59_B_ARG144,29,2,0.48450303,B,0,0.48450303,True,B,0.48450303,2.6478893756866455,0.12630879878997803,-78.4602;-172.2453;170.2765;-93.4125,g-/t/t/m-,18.4602;7.7547;9.7235;3.4125,45.0000;45.0000;45.0000;60.0000,True,True,3.2506995420976637,B:GLY145:N,1.2506995420976637,True,4.066107439712914,"sym2[-1,0,1]/B:SO4306:O3",2.0661074397129138,True,True,True,106.63245391845703,107.15079498291016,-0.518341064453125,True,True
original5,6H59_B_ARG144__029__3,6H59_B_ARG144,29,3,0.46849608,A,1,0.46849608,True,A,0.46849608,0.1895725280046463,2.7802252769470215,-64.8518;-176.9326;171.9801;88.3587,g-/t/t/m+,4.8518;3.0674;8.0199;1.6413,45.0000;45.0000;45.0000;60.0000,True,True,3.2506995420976637,B:GLY145:N,1.2506995420976637,True,2.6459687121604776,"sym2[-1,0,1]/B:MET112:O",0.6459687121604776,True,True,True,120.38578796386719,122.55687713623047,-2.1710891723632812,True,True
original5,6H59_B_ARG144__030__0,6H59_B_ARG144,30,0,0.50190777,B,0,0.50190777,True,B,0.50190777,2.653820037841797,0.1196175366640091,-78.4949;-172.0749;170.1922;-93.6592,g-/t/t/m-,18.4949;7.9251;9.8078;3.6592,45.0000;45.0000;45.0000;60.0000,True,True,3.2506995420976637,B:GLY145:N,1.2506995420976637,True,4.064917589109714,"sym2[-1,0,1]/B:SO4306:O3",2.0649175891097142,True,True,True,106.66651153564453,107.15079498291016,-0.484283447265625,True,True
original5,6H59_B_ARG144__030__2,6H59_B_ARG144,30,2,0.48126242,A,1,0.48126242,True,A,0.48126242,0.18690425157546997,2.784879446029663,-64.3280;-176.7681;171.3915;88.2571,g-/t/t/m+,4.3280;3.2319;8.6085;1.7429,45.0000;45.0000;45.0000;60.0000,True,True,3.2506995420976637,B:GLY145:N,1.2506995420976637,True,2.6423374832599236,"sym2[-1,0,1]/B:MET112:O",0.6423374832599236,True,True,True,120.39430236816406,122.55687713623047,-2.1625747680664062,True,True
original5,6H59_B_ARG144__031__1,6H59_B_ARG144,31,1,0.053394776,merged_duplicate,0,0.512753556,False,A,0.0,0.4094419479370117,2.9803900718688965,-65.5101;179.4825;179.5330;93.1131,g-/t/t/m+,5.5101;0.5175;0.4670;3.1131,45.0000;45.0000;45.0000;60.0000,True,True,3.2506995420976637,B:GLY145:N,1.2506995420976637,True,2.4936891690419576,"sym2[-1,0,1]/B:MET112:O",0.4936891690419576,True,True,True,49.35072326660156,nan,nan,False,False
original5,6H59_B_ARG144__031__2,6H59_B_ARG144,31,2,0.45935878,A,0,0.512753556,True,A,0.512753556,0.25045427680015564,2.643695831298828,-70.6763;-174.8055;177.5701;87.4122,g-/t/t/m+,10.6763;5.1945;2.4299;2.5878,45.0000;45.0000;45.0000;60.0000,True,True,3.2506995420976637,B:GLY145:N,1.2506995420976637,True,2.774438379858795,"sym2[-1,0,1]/B:MET112:O",0.774438379858795,True,True,True,120.62005615234375,122.55687713623047,-1.9368209838867188,True,True
original5,6H59_B_ARG144__031__3,6H59_B_ARG144,31,3,0.45230749,B,1,0.45230749,True,B,0.45230749,2.6702158451080322,0.7678002715110779,-58.3795;-170.2200;76.6227;97.5468,g-/t/g+/m+,1.6205;9.7800;16.6227;7.5468,45.0000;45.0000;45.0000;60.0000,True,True,3.2506995420976637,B:GLY145:N,1.2506995420976637,True,4.646425564056603,"sym2[-1,0,1]/B:ARG113:CB",2.646425564056603,True,True,True,106.36660766601562,107.15079498291016,-0.7841873168945312,True,True
original5,6H59_B_ARG144__032__0,6H59_B_ARG144,32,0,0.48949951,B,0,0.48949951,True,B,0.48949951,2.6491851806640625,0.1246846616268158,-78.4833;-172.3343;170.1949;-93.3894,g-/t/t/m-,18.4833;7.6657;9.8051;3.3894,45.0000;45.0000;45.0000;60.0000,True,True,3.2506995420976637,B:GLY145:N,1.2506995420976637,True,4.063610341208125,"sym2[-1,0,1]/B:SO4306:O3",2.0636103412081246,True,True,True,106.64026641845703,107.15079498291016,-0.510528564453125,True,True
original5,6H59_B_ARG144__032__3,6H59_B_ARG144,32,3,0.46902114,A,1,0.46902114,True,A,0.46902114,0.1896093785762787,2.7809066772460938,-64.8516;-177.0346;171.9379;88.4213,g-/t/t/m+,4.8516;2.9654;8.0621;1.5787,45.0000;45.0000;45.0000;60.0000,True,True,3.2506995420976637,B:GLY145:N,1.2506995420976637,True,2.645801447373692,"sym2[-1,0,1]/B:MET112:O",0.6458014473736919,True,True,True,120.38243103027344,122.55687713623047,-2.1744461059570312,True,True
original5,6H59_B_ARG144__033__2,6H59_B_ARG144,33,2,0.48663408,B,0,0.48663408,True,B,0.48663408,2.649259090423584,0.12469597160816193,-78.4922;-172.3760;170.1782;-93.3298,g-/t/t/m-,18.4922;7.6240;9.8218;3.3298,45.0000;45.0000;45.0000;60.0000,True,True,3.2506995420976637,B:GLY145:N,1.2506995420976637,True,4.063333472243127,"sym2[-1,0,1]/B:SO4306:O3",2.0633334722431274,True,True,True,106.64054870605469,107.15079498291016,-0.5102462768554688,True,True
original5,6H59_B_ARG144__033__3,6H59_B_ARG144,33,3,0.46591097,A,1,0.46591097,True,A,0.46591097,0.18998737633228302,2.779015064239502,-64.9774;-177.0228;172.0808;88.4017,g-/t/t/m+,4.9774;2.9772;7.9192;1.5983,45.0000;45.0000;45.0000;60.0000,True,True,3.2506995420976637,B:GLY145:N,1.2506995420976637,True,2.6472602466640436,"sym2[-1,0,1]/B:MET112:O",0.6472602466640436,True,True,True,120.38280487060547,122.55687713623047,-2.174072265625,True,True
original5,6H59_B_ARG144__034__1,6H59_B_ARG144,34,1,0.42751402,A,0,0.42751402,True,A,0.42751402,0.18101857602596283,2.758169651031494,-65.2836;-176.5327;172.0619;88.9944,g-/t/t/m+,5.2836;3.4673;7.9381;1.0056,45.0000;45.0000;45.0000;60.0000,True,True,3.2506995420976637,B:GLY145:N,1.2506995420976637,True,2.6667805399188307,"sym2[-1,0,1]/B:MET112:O",0.6667805399188307,True,True,True,120.40303039550781,122.55687713623047,-2.1538467407226562,True,True
original5,6H59_B_ARG144__034__3,6H59_B_ARG144,34,3,0.4918552,B,1,0.4918552,True,B,0.4918552,2.6476519107818604,0.12651437520980835,-78.4085;-172.3381;170.1280;-93.4086,g-/t/t/m-,18.4085;7.6619;9.8720;3.4086,45.0000;45.0000;45.0000;60.0000,True,True,3.2506995420976637,B:GLY145:N,1.2506995420976637,True,4.064235030994959,"sym2[-1,0,1]/B:SO4306:O3",2.0642350309949586,True,True,True,106.63629913330078,107.15079498291016,-0.514495849609375,True,True
original5,6H59_B_ARG144__035__1,6H59_B_ARG144,35,1,0.31970984,other,0,0.31970984,True,other,0.31970984,1.042682409286499,3.0220580101013184,-105.2392;88.4426;81.1198;157.8701,g-/g+/g+/t,45.2392;28.4426;21.1198;22.1299,45.0000;45.0000;45.0000;60.0000,False,False,3.2506995420976637,B:GLY145:N,1.2506995420976637,True,2.909884850895748,"sym2[-1,0,1]/B:HIS111:O",0.909884850895748,True,True,False,52.51739501953125,nan,nan,False,False
original5,6H59_B_ARG144__035__3,6H59_B_ARG144,35,3,0.64380187,B,1,0.64380187,True,B,0.64380187,2.247201442718506,0.9480897784233093,-55.0696;-172.3776;86.1188;98.7380,g-/t/g+/m+,4.9304;7.6224;26.1188;8.7380,45.0000;45.0000;45.0000;60.0000,True,True,3.2506995420976637,B:GLY145:N,1.2506995420976637,True,4.152855014433465,"sym2[-1,0,1]/B:ARG113:CB",2.152855014433465,True,True,True,107.32452392578125,107.15079498291016,0.17372894287109375,True,True
original5,6H59_B_ARG144__036__1,6H59_B_ARG144,36,1,0.46818298,A,0,0.46818298,True,A,0.46818298,0.18953585624694824,2.7781190872192383,-65.0015;-177.0271;172.0809;88.4462,g-/t/t/m+,5.0015;2.9729;7.9191;1.5538,45.0000;45.0000;45.0000;60.0000,True,True,3.2506995420976637,B:GLY145:N,1.2506995420976637,True,2.648183674458561,"sym2[-1,0,1]/B:MET112:O",0.648183674458561,True,True,True,120.38461303710938,122.55687713623047,-2.1722640991210938,True,True
original5,6H59_B_ARG144__036__3,6H59_B_ARG144,36,3,0.48948592,B,1,0.48948592,True,B,0.48948592,2.649693489074707,0.12483162432909012,-78.3892;-172.3100;170.0253;-93.3653,g-/t/t/m-,18.3892;7.6900;9.9747;3.3653,45.0000;45.0000;45.0000;60.0000,True,True,3.2506995420976637,B:GLY145:N,1.2506995420976637,True,4.065231486868329,"sym2[-1,0,1]/B:SO4306:O3",2.0652314868683286,True,True,True,106.64370727539062,107.15079498291016,-0.5070877075195312,True,True
original5,6H59_B_ARG144__037__0,6H59_B_ARG144,37,0,0.52885467,A,0,0.52885467,True,A,0.52885467,0.25350117683410645,2.654533624649048,-70.8376;-174.7590;178.3425;86.2743,g-/t/t/m+,10.8376;5.2410;1.6575;3.7257,45.0000;45.0000;45.0000;60.0000,True,True,3.2506995420976637,B:GLY145:N,1.2506995420976637,True,2.7600864765948483,"sym2[-1,0,1]/B:MET112:O",0.7600864765948483,True,True,True,120.64360046386719,122.55687713623047,-1.9132766723632812,True,True
original5,6H59_B_ARG144__037__3,6H59_B_ARG144,37,3,0.44268182,B,1,0.44268182,True,B,0.44268182,2.6572306156158447,0.7700955271720886,-58.1606;-170.1972;76.8109;97.4046,g-/t/g+/m+,1.8394;9.8028;16.8109;7.4046,45.0000;45.0000;45.0000;60.0000,True,True,3.2506995420976637,B:GLY145:N,1.2506995420976637,True,4.636968924384816,"sym2[-1,0,1]/B:ARG113:CB",2.6369689243848162,True,True,True,106.39208221435547,107.15079498291016,-0.7587127685546875,True,True
original5,6H59_B_ARG144__038__0,6H59_B_ARG144,38,0,0.50413078,B,0,0.50413078,True,B,0.50413078,2.6588823795318604,0.11362922191619873,-78.6142;-172.1399;170.1281;-93.7063,g-/t/t/m-,18.6142;7.8601;9.8719;3.7063,45.0000;45.0000;45.0000;60.0000,True,True,3.2506995420976637,B:GLY145:N,1.2506995420976637,True,4.060209963357856,"sym2[-1,0,1]/B:SO4306:O3",2.060209963357856,True,True,True,106.683837890625,107.15079498291016,-0.46695709228515625,True,True
original5,6H59_B_ARG144__038__1,6H59_B_ARG144,38,1,0.46687067,A,1,0.46687067,True,A,0.46687067,0.190177783370018,2.7864391803741455,-64.4619;-176.6652;171.7671;88.2526,g-/t/t/m+,4.4619;3.3348;8.2329;1.7474,45.0000;45.0000;45.0000;60.0000,True,True,3.2506995420976637,B:GLY145:N,1.2506995420976637,True,2.639244206554997,"sym2[-1,0,1]/B:MET112:O",0.6392442065549968,True,True,True,120.38664245605469,122.55687713623047,-2.1702346801757812,True,True
original5,6H59_B_ARG144__039__0,6H59_B_ARG144,39,0,0.43684265,B,0,0.43684265,True,B,0.43684265,2.63128399848938,0.776992917060852,-57.9243;-170.7054;77.2725;96.9565,g-/t/g+/m+,2.0757;9.2946;17.2725;6.9565,45.0000;45.0000;45.0000;60.0000,True,True,3.2506995420976637,B:GLY145:N,1.2506995420976637,True,4.612769853949529,"sym2[-1,0,1]/B:ARG113:CB",2.612769853949529,True,True,True,106.36976623535156,107.15079498291016,-0.7810287475585938,True,True
original5,6H59_B_ARG144__039__2,6H59_B_ARG144,39,2,0.5220027,A,1,0.5220027,True,A,0.5220027,0.24939200282096863,2.658604145050049,-70.3826;-174.3492;178.0302;86.0394,g-/t/t/m+,10.3826;5.6508;1.9698;3.9606,45.0000;45.0000;45.0000;60.0000,True,True,3.2506995420976637,B:GLY145:N,1.2506995420976637,True,2.754523633787488,"sym2[-1,0,1]/B:MET112:O",0.7545236337874881,True,True,True,120.6112060546875,122.55687713623047,-1.9456710815429688,True,True
original5,6H59_B_ARG144__040__0,6H59_B_ARG144,40,0,0.50359964,B,0,0.50359964,True,B,0.50359964,2.650545597076416,0.12395595014095306,-78.2775;-172.1235;169.9195;-93.6394,g-/t/t/m-,18.2775;7.8765;10.0805;3.6394,45.0000;45.0000;45.0000;60.0000,True,True,3.2506995420976637,B:GLY145:N,1.2506995420976637,True,4.0666065824531,"sym2[-1,0,1]/B:SO4306:O3",2.0666065824531,True,True,True,106.64088439941406,107.15079498291016,-0.5099105834960938,True,True
original5,6H59_B_ARG144__040__2,6H59_B_ARG144,40,2,0.46934515,A,1,0.46934515,True,A,0.46934515,0.19413955509662628,2.799400568008423,-64.0541;-177.0847;171.3313;88.3185,g-/t/t/m+,4.0541;2.9153;8.6687;1.6815,45.0000;45.0000;45.0000;60.0000,True,True,3.2506995420976637,B:GLY145:N,1.2506995420976637,True,2.6292924392744985,"sym2[-1,0,1]/B:MET112:O",0.6292924392744985,True,True,True,120.3983154296875,122.55687713623047,-2.1585617065429688,True,True
original5,6H59_B_ARG144__041__0,6H59_B_ARG144,41,0,0.46844128,A,0,0.46844128,True,A,0.46844128,0.1894940286874771,2.779505968093872,-64.8978;-176.9757;171.9976;88.3758,g-/t/t/m+,4.8978;3.0243;8.0024;1.6242,45.0000;45.0000;45.0000;60.0000,True,True,3.2506995420976637,B:GLY145:N,1.2506995420976637,True,2.6468176752186703,"sym2[-1,0,1]/B:MET112:O",0.6468176752186703,True,True,True,120.38424682617188,122.55687713623047,-2.1726303100585938,True,True
original5,6H59_B_ARG144__041__2,6H59_B_ARG144,41,2,0.48905051,B,1,0.48905051,True,B,0.48905051,2.650139808654785,0.12370487302541733,-78.4954;-172.3235;170.1819;-93.3872,g-/t/t/m-,18.4954;7.6765;9.8181;3.3872,45.0000;45.0000;45.0000;60.0000,True,True,3.2506995420976637,B:GLY145:N,1.2506995420976637,True,4.06356783989834,"sym2[-1,0,1]/B:SO4306:O3",2.06356783989834,True,True,True,106.64644622802734,107.15079498291016,-0.5043487548828125,True,True
original5,6H59_B_ARG144__042__1,6H59_B_ARG144,42,1,0.49142823,B,0,0.49142823,True,B,0.49142823,2.6518001556396484,0.12161081284284592,-78.5746;-172.3783;170.2079;-93.3606,g-/t/t/m-,18.5746;7.6217;9.7921;3.3606,45.0000;45.0000;45.0000;60.0000,True,True,3.2506995420976637,B:GLY145:N,1.2506995420976637,True,4.061469848244353,"sym2[-1,0,1]/B:SO4306:O3",2.0614698482443528,True,True,True,106.65191650390625,107.15079498291016,-0.49887847900390625,True,True
original5,6H59_B_ARG144__042__2,6H59_B_ARG144,42,2,0.44746923,A,1,0.44746923,True,A,0.44746923,0.19229872524738312,2.777839183807373,-65.2143;-176.8185;172.5978;88.7575,g-/t/t/m+,5.2143;3.1815;7.4022;1.2425,45.0000;45.0000;45.0000;60.0000,True,True,3.2506995420976637,B:GLY145:N,1.2506995420976637,True,2.646139416455387,"sym2[-1,0,1]/B:MET112:O",0.6461394164553869,True,True,True,120.38825225830078,122.55687713623047,-2.1686248779296875,True,True
original5,6H59_B_ARG144__043__1,6H59_B_ARG144,43,1,0.38904205,other,0,0.38904205,True,other,0.38904205,1.8872298002243042,1.3605650663375854,-89.9351;-175.8615;152.7849;87.3055,g-/t/t/m+,29.9351;4.1385;27.2151;2.6945,45.0000;45.0000;45.0000;60.0000,True,True,3.2506995420976637,B:GLY145:N,1.2506995420976637,True,3.9296988796860304,"sym2[-1,0,1]/B:MET112:O",1.9296988796860304,True,True,True,53.82396697998047,nan,nan,False,False
original5,6H59_B_ARG144__043__2,6H59_B_ARG144,43,2,0.47475621,A,1,0.47475621,True,A,0.47475621,0.2558911144733429,2.8600900173187256,-62.5564;-174.8156;173.0872;88.0781,g-/t/t/m+,2.5564;5.1844;6.9128;1.9219,45.0000;45.0000;45.0000;60.0000,True,True,3.2506995420976637,B:GLY145:N,1.2506995420976637,True,2.564422260132665,"sym2[-1,0,1]/B:MET112:O",0.5644222601326652,True,True,True,120.41827392578125,122.55687713623047,-2.1386032104492188,True,True
original5,6H59_B_ARG144__043__3,6H59_B_ARG144,43,3,0.11724395,other,2,0.11724395,True,other,0.11724395,3.3186049461364746,1.412718415260315,-61.0134;-63.3506;-63.1842;-91.3957,g-/g-/g-/m-,1.0134;3.3506;3.1842;1.3957,45.0000;45.0000;45.0000;60.0000,True,True,3.2506995420976637,B:GLY145:N,1.2506995420976637,True,4.721198810754522,"sym2[-1,0,1]/B:SO4306:O3",2.7211988107545224,True,True,True,49.02571105957031,nan,nan,False,False
original5,6H59_B_ARG144__044__0,6H59_B_ARG144,44,0,0.46591392,A,0,0.46591392,True,A,0.46591392,0.18998003005981445,2.779001235961914,-64.9775;-177.0227;172.0805;88.4015,g-/t/t/m+,4.9775;2.9773;7.9195;1.5985,45.0000;45.0000;45.0000;60.0000,True,True,3.2506995420976637,B:GLY145:N,1.2506995420976637,True,2.647273660944556,"sym2[-1,0,1]/B:MET112:O",0.6472736609445562,True,True,True,120.38223266601562,122.55687713623047,-2.1746444702148438,True,True
original5,6H59_B_ARG144__044__1,6H59_B_ARG144,44,1,0.4866356,B,1,0.4866356,True,B,0.4866356,2.6492490768432617,0.12470541894435883,-78.4919;-172.3765;170.1781;-93.3305,g-/t/t/m-,18.4919;7.6235;9.8219;3.3305,45.0000;45.0000;45.0000;60.0000,True,True,3.2506995420976637,B:GLY145:N,1.2506995420976637,True,4.06333152044649,"sym2[-1,0,1]/B:SO4306:O3",2.06333152044649,True,True,True,106.64054870605469,107.15079498291016,-0.5102462768554688,True,True
original5,6H59_B_ARG144__045__0,6H59_B_ARG144,45,0,0.4904429,B,0,0.4904429,True,B,0.4904429,2.6673595905303955,0.10415007174015045,-78.9713;-172.2363;170.3156;-93.5148,g-/t/t/m-,18.9713;7.7637;9.6844;3.5148,45.0000;45.0000;45.0000;60.0000,True,True,3.2506995420976637,B:GLY145:N,1.2506995420976637,True,4.055589749360797,"sym2[-1,0,1]/B:SO4306:O3",2.055589749360797,True,True,True,106.70774841308594,107.15079498291016,-0.44304656982421875,True,True
original5,6H59_B_ARG144__045__1,6H59_B_ARG144,45,1,0.44821346,A,1,0.44821346,True,A,0.44821346,0.19667106866836548,2.7839338779449463,-65.1131;-176.5869;172.8670;88.9133,g-/t/t/m+,5.1131;3.4131;7.1330;1.0867,45.0000;45.0000;45.0000;60.0000,True,True,3.2506995420976637,B:GLY145:N,1.2506995420976637,True,2.638461215620858,"sym2[-1,0,1]/B:MET112:O",0.638461215620858,True,True,True,120.3896484375,122.55687713623047,-2.1672286987304688,True,True
original5,6H59_B_ARG144__046__0,6H59_B_ARG144,46,0,0.48570138,B,0,0.48570138,True,B,0.48570138,2.641958236694336,0.1325051486492157,-78.2746;-172.3660;170.1215;-93.5078,g-/t/t/m-,18.2746;7.6340;9.8785;3.5078,45.0000;45.0000;45.0000;60.0000,True,True,3.2506995420976637,B:GLY145:N,1.2506995420976637,True,4.0645870219789195,"sym2[-1,0,1]/B:SO4306:O3",2.0645870219789195,True,True,True,106.61749267578125,107.15079498291016,-0.5333023071289062,True,True
original5,6H59_B_ARG144__046__1,6H59_B_ARG144,46,1,0.46743113,A,1,0.46743113,True,A,0.46743113,0.1893622875213623,2.780930280685425,-64.8001;-176.9356;171.9197;88.3711,g-/t/t/m+,4.8001;3.0644;8.0803;1.6289,45.0000;45.0000;45.0000;60.0000,True,True,3.2506995420976637,B:GLY145:N,1.2506995420976637,True,2.64543897169601,"sym2[-1,0,1]/B:MET112:O",0.6454389716960098,True,True,True,120.38560485839844,122.55687713623047,-2.1712722778320312,True,True
original5,6H59_B_ARG144__047__0,6H59_B_ARG144,47,0,0.43343508,A,0,0.43343508,True,A,0.43343508,0.21425968408584595,2.8184101581573486,-64.2817;-177.0409;172.6120;88.7583,g-/t/t/m+,4.2817;2.9591;7.3880;1.2417,45.0000;45.0000;45.0000;60.0000,True,True,3.2506995420976637,B:GLY145:N,1.2506995420976637,True,2.607591542193172,"sym2[-1,0,1]/B:MET112:O",0.6075915421931719,True,True,True,120.38359832763672,122.55687713623047,-2.17327880859375,True,True
original5,6H59_B_ARG144__047__1,6H59_B_ARG144,47,1,0.49437964,B,1,0.49437964,True,B,0.49437964,2.6810872554779053,0.08891554921865463,-79.2752;-172.0608;170.3600;-93.8687,g-/t/t/m-,19.2752;7.9392;9.6400;3.8687,45.0000;45.0000;45.0000;60.0000,True,True,3.2506995420976637,B:GLY145:N,1.2506995420976637,True,4.048885568656902,"sym2[-1,0,1]/B:SO4306:O3",2.0488855686569023,True,True,True,106.77022552490234,107.15079498291016,-0.3805694580078125,True,True
original5,6H59_B_ARG144__047__2,6H59_B_ARG144,47,2,0.065029927,other,2,0.065029927,True,other,0.065029927,1.4026354551315308,1.8129202127456665,-57.4925;-178.6055;-173.5630;-86.4491,g-/t/t/m-,2.5075;1.3945;6.4370;3.5509,45.0000;45.0000;45.0000;60.0000,True,True,3.2506995420976637,B:GLY145:N,1.2506995420976637,True,2.8713397462586285,"sym2[-1,0,1]/B:MET112:O",0.8713397462586285,True,True,True,49.492271423339844,nan,nan,False,False
original5,6H59_B_ARG144__048__0,6H59_B_ARG144,48,0,0.48783496,B,0,0.48783496,True,B,0.48783496,2.646632671356201,0.12724187970161438,-78.4504;-172.3520;170.2362;-93.4249,g-/t/t/m-,18.4504;7.6480;9.7638;3.4249,45.0000;45.0000;45.0000;60.0000,True,True,3.2506995420976637,B:GLY145:N,1.2506995420976637,True,4.063543165805322,"sym2[-1,0,1]/B:SO4306:O3",2.0635431658053216,True,True,True,106.63428497314453,107.15079498291016,-0.516510009765625,True,True
original5,6H59_B_ARG144__048__3,6H59_B_ARG144,48,3,0.46840617,A,1,0.46840617,True,A,0.46840617,0.18968640267848969,2.781036376953125,-64.8544;-177.0472;171.9396;88.4276,g-/t/t/m+,4.8544;2.9528;8.0604;1.5724,45.0000;45.0000;45.0000;60.0000,True,True,3.2506995420976637,B:GLY145:N,1.2506995420976637,True,2.645714969081843,"sym2[-1,0,1]/B:MET112:O",0.6457149690818431,True,True,True,120.38490295410156,122.55687713623047,-2.1719741821289062,True,True
original5,6H59_B_ARG144__049__0,6H59_B_ARG144,49,0,0.47725862,B,0,0.47725862,True,B,0.47725862,2.6220035552978516,0.15875016152858734,-77.6812;-171.8832;170.3145;-93.5747,g-/t/t/m-,17.6812;8.1168;9.6855;3.5747,45.0000;45.0000;45.0000;60.0000,True,True,3.2506995420976637,B:GLY145:N,1.2506995420976637,True,4.086788592675642,"sym2[-1,0,1]/B:SO4306:O3",2.086788592675642,True,True,True,106.55302429199219,107.15079498291016,-0.5977706909179688,True,True
original5,6H59_B_ARG144__049__2,6H59_B_ARG144,49,2,0.48484743,A,1,0.48484743,True,A,0.48484743,0.18620337545871735,2.7837295532226562,-64.2225;-176.3540;171.4507;88.1089,g-/t/t/m+,4.2225;3.6460;8.5493;1.8911,45.0000;45.0000;45.0000;60.0000,True,True,3.2506995420976637,B:GLY145:N,1.2506995420976637,True,2.641614875462181,"sym2[-1,0,1]/B:MET112:O",0.6416148754621811,True,True,True,120.3931655883789,122.55687713623047,-2.1637115478515625,True,True
original5,8Q6Q_B_ASP81__000__0,8Q6Q_B_ASP81,0,0,0.15250832,other,0,0.15250832,True,other,0.15250832,2.1162960529327393,0.7603657245635986,-151.8584;-47.3364,t/p0,28.1416;47.3364,45.0000;90.0000,True,True,3.031779799518678,B:VAL80:C,1.0317797995186782,True,nan,,inf,True,True,True,55.24385452270508,nan,nan,False,False
original5,8Q6Q_B_ASP81__000__1,8Q6Q_B_ASP81,0,1,0.55114108,A,1,0.55114108,True,A,0.55114108,0.13314716517925262,2.2732603549957275,-72.8273;165.9466,g-/t,12.8273;14.0534,45.0000;90.0000,True,True,3.031779799518678,B:VAL80:C,1.0317797995186782,True,nan,,inf,True,True,True,48.37528991699219,48.98417663574219,-0.60888671875,True,True
original5,8Q6Q_B_ASP81__000__2,8Q6Q_B_ASP81,0,2,0.29633611,B,2,0.29633611,True,B,0.29633611,2.318129777908325,0.3561684191226959,-169.6503;-143.7539,t/t,10.3497;36.2461,45.0000;90.0000,True,True,3.031779799518678,B:VAL80:C,1.0317797995186782,True,nan,,inf,True,True,True,49.26254653930664,48.86177444458008,0.4007720947265625,True,True
original5,8Q6Q_B_ASP81__001__0,8Q6Q_B_ASP81,1,0,0.18293525,other,0,0.18293525,True,other,0.18293525,2.114015817642212,0.7363864183425903,-152.1639;-45.3303,t/p0,27.8361;45.3303,45.0000;90.0000,True,True,3.031779799518678,B:VAL80:C,1.0317797995186782,True,nan,,inf,True,True,True,55.09103775024414,nan,nan,False,False
original5,8Q6Q_B_ASP81__001__1,8Q6Q_B_ASP81,1,1,0.26728329,B,1,0.26728329,True,B,0.26728329,2.3316590785980225,0.45281049609184265,-169.9407;44.3875,t/p0,10.0593;44.3875,45.0000;90.0000,True,True,3.031779799518678,B:VAL80:C,1.0317797995186782,True,nan,,inf,True,True,True,49.71795654296875,48.86177444458008,0.8561820983886719,False,False
original5,8Q6Q_B_ASP81__001__2,8Q6Q_B_ASP81,1,2,0.54840487,A,2,0.54840487,True,A,0.54840487,0.14136739075183868,2.2791919708251953,-72.5129;165.5856,g-/t,12.5129;14.4144,45.0000;90.0000,True,True,3.031779799518678,B:VAL80:C,1.0317797995186782,True,nan,,inf,True,True,True,48.34223175048828,48.98417663574219,-0.6419448852539062,True,True
original5,8Q6Q_B_ASP81__002__0,8Q6Q_B_ASP81,2,0,0.18297601,other,0,0.18297601,True,other,0.18297601,2.1140201091766357,0.7363789677619934,-152.1642;-45.3298,t/p0,27.8358;45.3298,45.0000;90.0000,True,True,3.031779799518678,B:VAL80:C,1.0317797995186782,True,nan,,inf,True,True,True,55.09103775024414,nan,nan,False,False
original5,8Q6Q_B_ASP81__002__2,8Q6Q_B_ASP81,2,2,0.54967463,A,1,0.54967463,True,A,0.54967463,0.14230428636074066,2.2795658111572266,-72.4919;165.5194,g-/t,12.4919;14.4806,45.0000;90.0000,True,True,3.031779799518678,B:VAL80:C,1.0317797995186782,True,nan,,inf,True,True,True,48.33770751953125,48.98417663574219,-0.6464691162109375,True,True
original5,8Q6Q_B_ASP81__002__3,8Q6Q_B_ASP81,2,3,0.2673454,B,2,0.2673454,True,B,0.2673454,2.3316569328308105,0.4528048038482666,-169.9406;44.3871,t/p0,10.0594;44.3871,45.0000;90.0000,True,True,3.031779799518678,B:VAL80:C,1.0317797995186782,True,nan,,inf,True,True,True,49.71795654296875,48.86177444458008,0.8561820983886719,False,False
original5,8Q6Q_B_ASP81__003__1,8Q6Q_B_ASP81,3,1,0.57300496,A,0,0.57300496,True,A,0.57300496,0.11362366378307343,2.2461040019989014,-74.0111;-14.2986,g-/p0,14.0111;14.2986,45.0000;90.0000,True,True,3.031779799518678,B:VAL80:C,1.0317797995186782,True,nan,,inf,True,True,True,48.482391357421875,48.98417663574219,-0.5017852783203125,True,True
original5,8Q6Q_B_ASP81__003__3,8Q6Q_B_ASP81,3,3,0.42698184,B,1,0.42698184,True,B,0.42698184,2.266594409942627,0.24599002301692963,-167.3002;-151.7169,t/t,12.6998;28.2831,45.0000;90.0000,True,True,3.031779799518678,B:VAL80:C,1.0317797995186782,True,nan,,inf,True,True,True,48.82391357421875,48.86177444458008,-0.037860870361328125,True,True
original5,8Q6Q_B_ASP81__004__1,8Q6Q_B_ASP81,4,1,0.1502647,other,0,0.1502647,True,other,0.1502647,2.1164119243621826,0.7606410980224609,-151.8585;-47.3624,t/p0,28.1415;47.3624,45.0000;90.0000,True,True,3.031779799518678,B:VAL80:C,1.0317797995186782,True,nan,,inf,True,True,True,55.250431060791016,nan,nan,False,False
original5,8Q6Q_B_ASP81__004__2,8Q6Q_B_ASP81,4,2,0.28885129,B,1,0.28885129,True,B,0.28885129,2.3200035095214844,0.357843279838562,-169.7443;-143.6677,t/t,10.2557;36.3323,45.0000;90.0000,True,True,3.031779799518678,B:VAL80:C,1.0317797995186782,True,nan,,inf,True,True,True,49.27079772949219,48.86177444458008,0.4090232849121094,True,True
original5,8Q6Q_B_ASP81__004__3,8Q6Q_B_ASP81,4,3,0.55071342,A,2,0.55071342,True,A,0.55071342,0.13225530087947845,2.274146318435669,-72.7866;166.1112,g-/t,12.7866;13.8888,45.0000;90.0000,True,True,3.031779799518678,B:VAL80:C,1.0317797995186782,True,nan,,inf,True,True,True,48.37890625,48.98417663574219,-0.6052703857421875,True,True
original5,8Q6Q_B_ASP81__005__1,8Q6Q_B_ASP81,5,1,0.29094186,B,0,0.29094186,True,B,0.29094186,2.3181562423706055,0.3536836802959442,-169.6637;-143.9700,t/t,10.3363;36.0300,45.0000;90.0000,True,True,3.031779799518678,B:VAL80:C,1.0317797995186782,True,nan,,inf,True,True,True,49.255577087402344,48.86177444458008,0.3938026428222656,True,True
original5,8Q6Q_B_ASP81__005__2,8Q6Q_B_ASP81,5,2,0.16253635,other,1,0.16253635,True,other,0.16253635,2.1078872680664062,0.7377635836601257,-151.8905;-45.2390,t/p0,28.1095;45.2390,45.0000;90.0000,True,True,3.031779799518678,B:VAL80:C,1.0317797995186782,True,nan,,inf,True,True,True,55.09635925292969,nan,nan,False,False
original5,8Q6Q_B_ASP81__005__3,8Q6Q_B_ASP81,5,3,0.54652047,A,2,0.54652047,True,A,0.54652047,0.2058085799217224,2.279801845550537,-72.1585;-20.7876,g-/p0,12.1585;20.7876,45.0000;90.0000,True,True,3.031779799518678,B:VAL80:C,1.0317797995186782,True,nan,,inf,True,True,True,48.193138122558594,48.98417663574219,-0.7910385131835938,True,True
original5,8Q6Q_B_ASP81__006__0,8Q6Q_B_ASP81,6,0,0.14302786,other,0,0.14302786,True,other,0.14302786,2.1182901859283447,0.7824042439460754,-151.5664;-49.1838,t/p0,28.4336;49.1838,45.0000;90.0000,True,True,3.031779799518678,B:VAL80:C,1.0317797995186782,True,nan,,inf,True,True,True,55.395957946777344,nan,nan,False,False
original5,8Q6Q_B_ASP81__006__2,8Q6Q_B_ASP81,6,2,0.30322075,B,1,0.30322075,True,B,0.30322075,2.313575029373169,0.3393591344356537,-169.4810;-145.0657,t/t,10.5190;34.9343,45.0000;90.0000,True,True,3.031779799518678,B:VAL80:C,1.0317797995186782,True,nan,,inf,True,True,True,49.18846893310547,48.86177444458008,0.3266944885253906,True,True
original5,8Q6Q_B_ASP81__006__3,8Q6Q_B_ASP81,6,3,0.52805871,A,2,0.52805871,True,A,0.52805871,0.15007364749908447,2.285475969314575,-72.1796;165.2192,g-/t,12.1796;14.7808,45.0000;90.0000,True,True,3.031779799518678,B:VAL80:C,1.0317797995186782,True,nan,,inf,True,True,True,48.30945587158203,48.98417663574219,-0.6747207641601562,True,True
original5,8Q6Q_B_ASP81__007__0,8Q6Q_B_ASP81,7,0,0.21503165,other,0,0.21503165,True,other,0.21503165,2.1367316246032715,0.5950455665588379,-155.4989;145.3746,t/t,24.5011;34.6254,45.0000;90.0000,True,True,3.031779799518678,B:VAL80:C,1.0317797995186782,True,nan,,inf,True,True,True,54.10234069824219,nan,nan,False,False
original5,8Q6Q_B_ASP81__007__1,8Q6Q_B_ASP81,7,1,0.54497343,A,1,0.54497343,True,A,0.54497343,0.223017618060112,2.281553268432617,-72.0616;-22.1946,g-/p0,12.0616;22.1946,45.0000;90.0000,True,True,3.025974171848057,B:GLU98:O,1.0259741718480568,True,nan,,inf,True,True,True,48.16313934326172,48.98417663574219,-0.8210372924804688,True,True
original5,8Q6Q_B_ASP81__007__3,8Q6Q_B_ASP81,7,3,0.22422397,B,2,0.22422397,True,B,0.22422397,2.3304460048675537,0.40559902787208557,-170.0534;-139.8376,t/t,9.9466;40.1624,45.0000;90.0000,True,True,3.031779799518678,B:VAL80:C,1.0317797995186782,True,nan,,inf,True,True,True,49.51033401489258,48.86177444458008,0.6485595703125,False,False
original5,8Q6Q_B_ASP81__008__1,8Q6Q_B_ASP81,8,1,0.42966163,A,0,0.42966163,True,A,0.42966163,0.28700894117355347,2.255035161972046,-73.4933;-27.9300,g-/p0,13.4933;27.9300,45.0000;90.0000,True,True,2.99094564976069,B:GLU98:O,0.9909456497606901,True,nan,,inf,True,True,True,48.173641204833984,48.98417663574219,-0.8105354309082031,True,True
original5,8Q6Q_B_ASP81__008__2,8Q6Q_B_ASP81,8,2,0.15390928,other,1,0.15390928,True,other,0.15390928,0.7177493572235107,2.3460187911987305,-77.7466;50.5002,g-/p0,17.7466;50.5002,45.0000;90.0000,True,True,3.031779799518678,B:VAL80:C,1.0317797995186782,True,nan,,inf,True,True,True,52.82179641723633,nan,nan,False,False
original5,8Q6Q_B_ASP81__008__3,8Q6Q_B_ASP81,8,3,0.41642743,B,2,0.41642743,True,B,0.41642743,2.2871482372283936,0.24383977055549622,-168.3775;-152.4249,t/t,11.6225;27.5751,45.0000;90.0000,True,True,3.031779799518678,B:VAL80:C,1.0317797995186782,True,nan,,inf,True,True,True,48.89460754394531,48.86177444458008,0.032833099365234375,True,True
original5,8Q6Q_B_ASP81__009__0,8Q6Q_B_ASP81,9,0,0.5394482,A,0,0.5394482,True,A,0.5394482,0.10490439832210541,2.279120922088623,-72.6832;170.2490,g-/t,12.6832;9.7510,45.0000;90.0000,True,True,3.031779799518678,B:VAL80:C,1.0317797995186782,True,nan,,inf,True,True,True,48.49774932861328,48.98417663574219,-0.48642730712890625,True,True
original5,8Q6Q_B_ASP81__009__1,8Q6Q_B_ASP81,9,1,0.12052563,other,1,0.12052563,True,other,0.12052563,1.7114843130111694,0.7173017859458923,-139.3822;-15.1138,t/p0,40.6178;15.1138,45.0000;90.0000,True,True,3.031779799518678,B:VAL80:C,1.0317797995186782,True,nan,,inf,True,True,True,53.64964294433594,nan,nan,False,False
original5,8Q6Q_B_ASP81__009__2,8Q6Q_B_ASP81,9,2,0.34002388,B,2,0.34002388,True,B,0.34002388,2.3413119316101074,0.3686999976634979,-170.8657;-143.5137,t/t,9.1343;36.4863,45.0000;90.0000,True,True,3.031779799518678,B:VAL80:C,1.0317797995186782,True,nan,,inf,True,True,True,49.387088775634766,48.86177444458008,0.5253143310546875,False,False
original5,8Q6Q_B_ASP81__010__0,8Q6Q_B_ASP81,10,0,0.061816536,merged_duplicate,0,0.260880846,False,B,0.0,2.3148250579833984,0.5007550120353699,-168.5060;-131.5530,t/t,11.4940;48.4470,45.0000;90.0000,True,True,3.031779799518678,B:VAL80:C,1.0317797995186782,True,nan,,inf,True,True,True,50.22809600830078,nan,nan,False,False
original5,8Q6Q_B_ASP81__010__1,8Q6Q_B_ASP81,10,1,0.19906431,B,0,0.260880846,True,B,0.260880846,2.3299593925476074,0.40509089827537537,-170.0297;-139.8678,t/t,9.9703;40.1322,45.0000;90.0000,True,True,3.031779799518678,B:VAL80:C,1.0317797995186782,True,nan,,inf,True,True,True,49.50593948364258,48.86177444458008,0.6441650390625,False,False
original5,8Q6Q_B_ASP81__010__2,8Q6Q_B_ASP81,10,2,0.54989904,A,1,0.54989904,True,A,0.54989904,0.14150722324848175,2.272928237915039,-72.8217;165.0837,g-/t,12.8217;14.9163,45.0000;90.0000,True,True,3.031779799518678,B:VAL80:C,1.0317797995186782,True,nan,,inf,True,True,True,48.35557556152344,48.98417663574219,-0.62860107421875,True,True
original5,8Q6Q_B_ASP81__010__3,8Q6Q_B_ASP81,10,3,0.1892201,other,2,0.1892201,True,other,0.1892201,2.1353282928466797,0.6229934096336365,-155.0313;143.2014,t/t,24.9687;36.7986,45.0000;90.0000,True,True,3.031779799518678,B:VAL80:C,1.0317797995186782,True,nan,,inf,True,True,True,54.28444290161133,nan,nan,False,False
original5,8Q6Q_B_ASP81__011__0,8Q6Q_B_ASP81,11,0,0.54557568,A,0,0.54557568,True,A,0.54557568,0.17184659838676453,2.287618637084961,-72.0241;163.1511,g-/t,12.0241;16.8489,45.0000;90.0000,True,True,3.031779799518678,B:VAL80:C,1.0317797995186782,True,nan,,inf,True,True,True,48.249488830566406,48.98417663574219,-0.7346878051757812,True,True
original5,8Q6Q_B_ASP81__011__1,8Q6Q_B_ASP81,11,1,0.19674858,B,1,0.19674858,True,B,0.19674858,2.3378896713256836,0.4076257646083832,-170.4534;-139.8899,t/t,9.5466;40.1101,45.0000;90.0000,True,True,3.031779799518678,B:VAL80:C,1.0317797995186782,True,nan,,inf,True,True,True,49.540157318115234,48.86177444458008,0.6783828735351562,False,False
original5,8Q6Q_B_ASP81__011__3,8Q6Q_B_ASP81,11,3,0.20880209,other,2,0.20880209,True,other,0.20880209,2.1130430698394775,0.7215548157691956,-152.3668;-44.1074,t/p0,27.6332;44.1074,45.0000;90.0000,True,True,3.031779799518678,B:VAL80:C,1.0317797995186782,True,nan,,inf,True,True,True,55.00214385986328,nan,nan,False,False
original5,8Q6Q_B_ASP81__012__1,8Q6Q_B_ASP81,12,1,0.52685905,A,0,0.52685905,True,A,0.52685905,0.11360495537519455,2.2629542350769043,-73.3904;167.1380,g-/t,13.3904;12.8620,45.0000;90.0000,True,True,3.031779799518678,B:VAL80:C,1.0317797995186782,True,nan,,inf,True,True,True,48.45931625366211,48.98417663574219,-0.5248603820800781,True,True
original5,8Q6Q_B_ASP81__012__3,8Q6Q_B_ASP81,12,3,0.41469857,B,1,0.41469857,True,B,0.41469857,2.278390645980835,0.2675758898258209,-167.8619;-150.1812,t/t,12.1381;29.8188,45.0000;90.0000,True,True,3.031779799518678,B:VAL80:C,1.0317797995186782,True,nan,,inf,True,True,True,48.89257049560547,48.86177444458008,0.030796051025390625,True,True
original5,8Q6Q_B_ASP81__013__0,8Q6Q_B_ASP81,13,0,0.080374204,merged_duplicate,0,0.29533695400000004,False,B,0.0,2.3574466705322266,0.40430495142936707,-171.5737;-140.9679,t/t,8.4263;39.0321,45.0000;90.0000,True,True,3.031779799518678,B:VAL80:C,1.0317797995186782,True,nan,,inf,True,True,True,49.85985565185547,nan,nan,False,False
original5,8Q6Q_B_ASP81__013__1,8Q6Q_B_ASP81,13,1,0.1527089,other,1,0.1527089,True,other,0.1527089,2.1144587993621826,0.7443538308143616,-152.0504;-45.9858,t/p0,27.9496;45.9858,45.0000;90.0000,True,True,3.031779799518678,B:VAL80:C,1.0317797995186782,True,nan,,inf,True,True,True,55.1400260925293,nan,nan,False,False
original5,8Q6Q_B_ASP81__013__2,8Q6Q_B_ASP81,13,2,0.55195421,A,2,0.55195421,True,A,0.55195421,0.13168202340602875,2.271770715713501,-72.9046;165.9786,g-/t,12.9046;14.0214,45.0000;90.0000,True,True,3.031779799518678,B:VAL80:C,1.0317797995186782,True,nan,,inf,True,True,True,48.38780212402344,48.98417663574219,-0.59637451171875,True,True
original5,8Q6Q_B_ASP81__013__3,8Q6Q_B_ASP81,13,3,0.21496275,B,0,0.29533695400000004,True,B,0.29533695400000004,2.323162794113159,0.3744063973426819,-169.8321;-142.3282,t/t,10.1679;37.6718,45.0000;90.0000,True,True,3.031779799518678,B:VAL80:C,1.0317797995186782,True,nan,,inf,True,True,True,49.34221649169922,48.86177444458008,0.4804420471191406,False,False
original5,8Q6Q_B_ASP81__014__0,8Q6Q_B_ASP81,14,0,0.16417521,other,0,0.16417521,True,other,0.16417521,0.6329596042633057,2.3416759967803955,-76.3315;-137.0366,g-/t,16.3315;42.9634,45.0000;90.0000,True,True,3.031779799518678,B:VAL80:C,1.0317797995186782,True,nan,,inf,True,True,True,52.43881607055664,nan,nan,False,False
original5,8Q6Q_B_ASP81__014__1,8Q6Q_B_ASP81,14,1,0.39487532,A,1,0.39487532,True,A,0.39487532,0.2879541516304016,2.2727670669555664,-72.8311;152.4599,g-/t,12.8311;27.5401,45.0000;90.0000,True,True,3.0239713837589655,B:GLU98:O,1.0239713837589655,True,nan,,inf,True,True,True,48.12042999267578,48.98417663574219,-0.8637466430664062,True,True
original5,8Q6Q_B_ASP81__014__2,8Q6Q_B_ASP81,14,2,0.41466606,B,2,0.41466606,True,B,0.41466606,2.285068988800049,0.2564767301082611,-168.2404;-151.2794,t/t,11.7596;28.7206,45.0000;90.0000,True,True,3.031779799518678,B:VAL80:C,1.0317797995186782,True,nan,,inf,True,True,True,48.90647888183594,48.86177444458008,0.044704437255859375,True,True
original5,8Q6Q_B_ASP81__015__0,8Q6Q_B_ASP81,15,0,0.3017022,B,0,0.3017022,True,B,0.3017022,2.3145499229431152,0.354109525680542,-169.4656;-143.8237,t/t,10.5344;36.1763,45.0000;90.0000,True,True,3.031779799518678,B:VAL80:C,1.0317797995186782,True,nan,,inf,True,True,True,49.24000549316406,48.86177444458008,0.3782310485839844,True,True
original5,8Q6Q_B_ASP81__015__1,8Q6Q_B_ASP81,15,1,0.14841208,other,1,0.14841208,True,other,0.14841208,2.131653308868408,0.767243504524231,-152.3780;-48.3729,t/p0,27.6220;48.3729,45.0000;90.0000,True,True,3.031779799518678,B:VAL80:C,1.0317797995186782,True,nan,,inf,True,True,True,55.310211181640625,nan,nan,False,False
original5,8Q6Q_B_ASP81__015__2,8Q6Q_B_ASP81,15,2,0.54988468,A,2,0.54988468,True,A,0.54988468,0.1300438642501831,2.2715890407562256,-72.9183;166.1314,g-/t,12.9183;13.8686,45.0000;90.0000,True,True,3.031779799518678,B:VAL80:C,1.0317797995186782,True,nan,,inf,True,True,True,48.385475158691406,48.98417663574219,-0.5987014770507812,True,True
original5,8Q6Q_B_ASP81__016__0,8Q6Q_B_ASP81,16,0,0.20158379,other,0,0.20158379,True,other,0.20158379,2.1127102375030518,0.7244789004325867,-152.3055;-44.3312,t/p0,27.6945;44.3312,45.0000;90.0000,True,True,3.031779799518678,B:VAL80:C,1.0317797995186782,True,nan,,inf,True,True,True,55.01554870605469,nan,nan,False,False
original5,8Q6Q_B_ASP81__016__2,8Q6Q_B_ASP81,16,2,0.25367677,B,1,0.25367677,True,B,0.25367677,2.334120750427246,0.45723995566368103,-170.0454;44.7134,t/p0,9.9546;44.7134,45.0000;90.0000,True,True,3.031779799518678,B:VAL80:C,1.0317797995186782,True,nan,,inf,True,True,True,49.749061584472656,48.86177444458008,0.8872871398925781,False,False
original5,8Q6Q_B_ASP81__016__3,8Q6Q_B_ASP81,16,3,0.54473358,A,2,0.54473358,True,A,0.54473358,0.21153561770915985,2.2870168685913086,-71.7830;-20.9616,g-/p0,11.7830;20.9616,45.0000;90.0000,True,True,3.031779799518678,B:VAL80:C,1.0317797995186782,True,nan,,inf,True,True,True,48.160980224609375,48.98417663574219,-0.8231964111328125,True,True
original5,8Q6Q_B_ASP81__017__1,8Q6Q_B_ASP81,17,1,0.20849994,other,0,0.20849994,True,other,0.20849994,2.138535499572754,0.5782139897346497,-155.8159;146.6543,t/t,24.1841;33.3457,45.0000;90.0000,True,True,3.031779799518678,B:VAL80:C,1.0317797995186782,True,nan,,inf,True,True,True,53.990142822265625,nan,nan,False,False
original5,8Q6Q_B_ASP81__017__2,8Q6Q_B_ASP81,17,2,0.54875243,A,1,0.54875243,True,A,0.54875243,0.14923511445522308,2.2763986587524414,-72.6313;164.5702,g-/t,12.6313;15.4298,45.0000;90.0000,True,True,3.031779799518678,B:VAL80:C,1.0317797995186782,True,nan,,inf,True,True,True,48.33149337768555,48.98417663574219,-0.6526832580566406,True,True
original5,8Q6Q_B_ASP81__017__3,8Q6Q_B_ASP81,17,3,0.21093185,B,2,0.21093185,True,B,0.21093185,2.3298254013061523,0.4064185917377472,-170.0142;-139.7490,t/t,9.9858;40.2510,45.0000;90.0000,True,True,3.031779799518678,B:VAL80:C,1.0317797995186782,True,nan,,inf,True,True,True,49.509124755859375,48.86177444458008,0.6473503112792969,False,False
original5,8Q6Q_B_ASP81__018__1,8Q6Q_B_ASP81,18,1,0.24307115,B,0,0.24307115,True,B,0.24307115,2.3263630867004395,0.39878135919570923,-169.8699;-140.3125,t/t,10.1301;39.6875,45.0000;90.0000,True,True,3.031779799518678,B:VAL80:C,1.0317797995186782,True,nan,,inf,True,True,True,49.45486831665039,48.86177444458008,0.5930938720703125,False,False
original5,8Q6Q_B_ASP81__018__2,8Q6Q_B_ASP81,18,2,0.20599008,other,1,0.20599008,True,other,0.20599008,2.137216567993164,0.5929453372955322,-155.5497;145.5272,t/t,24.4503;34.4728,45.0000;90.0000,True,True,3.031779799518678,B:VAL80:C,1.0317797995186782,True,nan,,inf,True,True,True,54.090354919433594,nan,nan,False,False
original5,8Q6Q_B_ASP81__018__3,8Q6Q_B_ASP81,18,3,0.53719187,A,2,0.53719187,True,A,0.53719187,0.16574914753437042,2.2747795581817627,-72.6820;162.9023,g-/t,12.6820;17.0977,45.0000;90.0000,True,True,3.031779799518678,B:VAL80:C,1.0317797995186782,True,nan,,inf,True,True,True,48.302879333496094,48.98417663574219,-0.6812973022460938,True,True
original5,8Q6Q_B_ASP81__019__0,8Q6Q_B_ASP81,19,0,0.17412949,other,0,0.17412949,True,other,0.17412949,0.6241519451141357,2.3257293701171875,-77.0454;-137.5551,g-/t,17.0454;42.4449,45.0000;90.0000,True,True,3.031779799518678,B:VAL80:C,1.0317797995186782,True,nan,,inf,True,True,True,52.45676803588867,nan,nan,False,False
original5,8Q6Q_B_ASP81__019__2,8Q6Q_B_ASP81,19,2,0.41503665,B,1,0.41503665,True,B,0.41503665,2.2834584712982178,0.25254571437835693,-168.1649;-151.5643,t/t,11.8351;28.4357,45.0000;90.0000,True,True,3.031779799518678,B:VAL80:C,1.0317797995186782,True,nan,,inf,True,True,True,48.89329528808594,48.86177444458008,0.031520843505859375,True,True
original5,8Q6Q_B_ASP81__019__3,8Q6Q_B_ASP81,19,3,0.4107433,A,2,0.4107433,True,A,0.4107433,0.2731461822986603,2.273324966430664,-72.7747;153.6786,g-/t,12.7747;26.3214,45.0000;90.0000,True,True,3.031779799518678,B:VAL80:C,1.0317797995186782,True,nan,,inf,True,True,True,48.14204406738281,48.98417663574219,-0.842132568359375,True,True
original5,8Q6Q_B_ASP81__020__0,8Q6Q_B_ASP81,20,0,0.37093848,A,0,0.37093848,True,A,0.37093848,0.3170740306377411,2.251246213912964,-73.7537;-30.2934,g-/p0,13.7537;30.2934,45.0000;90.0000,True,True,2.9747773396301875,B:GLU98:O,0.9747773396301875,True,nan,,inf,True,True,True,48.16230010986328,48.98417663574219,-0.8218765258789062,True,True
original5,8Q6Q_B_ASP81__020__1,8Q6Q_B_ASP81,20,1,0.21629538,other,1,0.21629538,True,other,0.21629538,0.5974209904670715,2.31522536277771,-77.1627;-139.7143,g-/t,17.1627;40.2857,45.0000;90.0000,True,True,3.031779799518678,B:VAL80:C,1.0317797995186782,True,nan,,inf,True,True,True,52.297088623046875,nan,nan,False,False
original5,8Q6Q_B_ASP81__020__2,8Q6Q_B_ASP81,20,2,0.055998478,merged_duplicate,2,0.412766128,False,B,0.0,2.3425405025482178,0.4706103801727295,-170.2701;-134.5211,t/t,9.7299;45.4789,45.0000;90.0000,True,True,3.031779799518678,B:VAL80:C,1.0317797995186782,True,nan,,inf,True,True,True,50.14589309692383,nan,nan,False,False
original5,8Q6Q_B_ASP81__020__3,8Q6Q_B_ASP81,20,3,0.35676765,B,2,0.412766128,True,B,0.412766128,2.2959725856781006,0.2734970152378082,-168.7731;-150.1735,t/t,11.2269;29.8265,45.0000;90.0000,True,True,3.031779799518678,B:VAL80:C,1.0317797995186782,True,nan,,inf,True,True,True,48.96466827392578,48.86177444458008,0.10289382934570312,True,True
original5,8Q6Q_B_ASP81__021__0,8Q6Q_B_ASP81,21,0,0.25368726,B,0,0.25368726,True,B,0.25368726,2.334122896194458,0.45724329352378845,-170.0455;44.7136,t/p0,9.9545;44.7136,45.0000;90.0000,True,True,3.031779799518678,B:VAL80:C,1.0317797995186782,True,nan,,inf,True,True,True,49.749061584472656,48.86177444458008,0.8872871398925781,False,False
original5,8Q6Q_B_ASP81__021__1,8Q6Q_B_ASP81,21,1,0.20157973,other,1,0.20157973,True,other,0.20157973,2.1126708984375,0.7243478298187256,-152.3061;-44.3193,t/p0,27.6939;44.3193,45.0000;90.0000,True,True,3.031779799518678,B:VAL80:C,1.0317797995186782,True,nan,,inf,True,True,True,55.01554870605469,nan,nan,False,False
original5,8Q6Q_B_ASP81__021__2,8Q6Q_B_ASP81,21,2,0.54473162,A,2,0.54473162,True,A,0.54473162,0.2115323394536972,2.2869694232940674,-71.7855;-20.9636,g-/p0,11.7855;20.9636,45.0000;90.0000,True,True,3.031779799518678,B:VAL80:C,1.0317797995186782,True,nan,,inf,True,True,True,48.160980224609375,48.98417663574219,-0.8231964111328125,True,True
original5,8Q6Q_B_ASP81__022__0,8Q6Q_B_ASP81,22,0,0.40858468,B,0,0.40858468,True,B,0.40858468,2.3054604530334473,0.36250776052474976,-169.0366;37.3282,t/p0,10.9634;37.3282,45.0000;90.0000,True,True,3.031779799518678,B:VAL80:C,1.0317797995186782,True,nan,,inf,True,True,True,49.20173645019531,48.86177444458008,0.3399620056152344,True,True
original5,8Q6Q_B_ASP81__022__1,8Q6Q_B_ASP81,22,1,0.34780514,A,1,0.34780514,True,A,0.34780514,0.33133652806282043,2.295391798019409,-71.7467;149.3615,g-/t,11.7467;30.6385,45.0000;90.0000,True,True,2.995797380605641,B:GLU98:O,0.9957973806056408,True,nan,,inf,True,True,True,48.0031623840332,48.98417663574219,-0.9810142517089844,True,True
original5,8Q6Q_B_ASP81__022__3,8Q6Q_B_ASP81,22,3,0.24360608,other,2,0.24360608,True,other,0.24360608,0.5622216463088989,2.29524302482605,-77.6535;-142.4695,g-/t,17.6535;37.5305,45.0000;90.0000,True,True,3.031779799518678,B:VAL80:C,1.0317797995186782,True,nan,,inf,True,True,True,52.02576446533203,nan,nan,False,False
original5,8Q6Q_B_ASP81__023__0,8Q6Q_B_ASP81,23,0,0.097458333,other,0,0.097458333,True,other,0.097458333,2.1285338401794434,0.8176147937774658,-151.3771;-52.3774,t/p0,28.6229;52.3774,45.0000;90.0000,True,True,3.031779799518678,B:VAL80:C,1.0317797995186782,True,nan,,inf,True,True,True,55.63760757446289,nan,nan,False,False
original5,8Q6Q_B_ASP81__023__1,8Q6Q_B_ASP81,23,1,0.55264062,A,1,0.55264062,True,A,0.55264062,0.13347628712654114,2.2737479209899902,-72.8025;165.9519,g-/t,12.8025;14.0481,45.0000;90.0000,True,True,3.031779799518678,B:VAL80:C,1.0317797995186782,True,nan,,inf,True,True,True,48.373497009277344,48.98417663574219,-0.6106796264648438,True,True
original5,8Q6Q_B_ASP81__023__2,8Q6Q_B_ASP81,23,2,0.30661294,B,2,0.30661294,True,B,0.30661294,2.315040349960327,0.3423101305961609,-169.5472;-144.8568,t/t,10.4528;35.1432,45.0000;90.0000,True,True,3.031779799518678,B:VAL80:C,1.0317797995186782,True,nan,,inf,True,True,True,49.200767517089844,48.86177444458008,0.3389930725097656,True,True
original5,8Q6Q_B_ASP81__024__1,8Q6Q_B_ASP81,24,1,0.57410502,A,0,0.57410502,True,A,0.57410502,0.05876960977911949,2.2487049102783203,-74.3462;172.6385,g-/t,14.3462;7.3615,45.0000;90.0000,True,True,3.031779799518678,B:VAL80:C,1.0317797995186782,True,nan,,inf,True,True,True,48.7425651550293,48.98417663574219,-0.24161148071289062,True,True
original5,8Q6Q_B_ASP81__024__3,8Q6Q_B_ASP81,24,3,0.39336652,B,1,0.39336652,True,B,0.39336652,2.2861175537109375,0.2946867346763611,-168.1863;-148.1085,t/t,11.8137;31.8915,45.0000;90.0000,True,True,3.031779799518678,B:VAL80:C,1.0317797995186782,True,nan,,inf,True,True,True,48.97149658203125,48.86177444458008,0.10972213745117188,True,True
original5,8Q6Q_B_ASP81__025__1,8Q6Q_B_ASP81,25,1,0.26957822,B,0,0.26957822,True,B,0.26957822,2.3254165649414062,0.3758176863193512,-169.9482;-142.2756,t/t,10.0518;37.7244,45.0000;90.0000,True,True,3.031779799518678,B:VAL80:C,1.0317797995186782,True,nan,,inf,True,True,True,49.36168670654297,48.86177444458008,0.4999122619628906,False,False
original5,8Q6Q_B_ASP81__025__2,8Q6Q_B_ASP81,25,2,0.55079257,A,1,0.55079257,True,A,0.55079257,0.13558928668498993,2.269845962524414,-72.9890;165.4484,g-/t,12.9890;14.5516,45.0000;90.0000,True,True,3.031779799518678,B:VAL80:C,1.0317797995186782,True,nan,,inf,True,True,True,48.38621520996094,48.98417663574219,-0.59796142578125,True,True
original5,8Q6Q_B_ASP81__025__3,8Q6Q_B_ASP81,25,3,0.14541389,other,2,0.14541389,True,other,0.14541389,2.116136074066162,0.7376651763916016,-152.2300;-45.5019,t/p0,27.7700;45.5019,45.0000;90.0000,True,True,3.031779799518678,B:VAL80:C,1.0317797995186782,True,nan,,inf,True,True,True,55.10301971435547,nan,nan,False,False
original5,8Q6Q_B_ASP81__026__1,8Q6Q_B_ASP81,26,1,0.58100104,A,0,0.58100104,True,A,0.58100104,0.05251927301287651,2.2450761795043945,-74.6143;174.1814,g-/t,14.6143;5.8186,45.0000;90.0000,True,True,3.031779799518678,B:VAL80:C,1.0317797995186782,True,nan,,inf,True,True,True,48.84117889404297,48.98417663574219,-0.14299774169921875,True,True
original5,8Q6Q_B_ASP81__026__2,8Q6Q_B_ASP81,26,2,0.41888517,B,1,0.41888517,True,B,0.41888517,2.2857511043548584,0.36965781450271606,-167.9538;38.2125,t/p0,12.0462;38.2125,45.0000;90.0000,True,True,3.031779799518678,B:VAL80:C,1.0317797995186782,True,nan,,inf,True,True,True,49.14817428588867,48.86177444458008,0.28639984130859375,True,True
original5,8Q6Q_B_ASP81__027__2,8Q6Q_B_ASP81,27,2,0.41070089,B,0,0.41070089,True,B,0.41070089,2.2902939319610596,0.37400195002555847,-168.1728;38.5158,t/p0,11.8272;38.5158,45.0000;90.0000,True,True,3.031779799518678,B:VAL80:C,1.0317797995186782,True,nan,,inf,True,True,True,49.18700408935547,48.86177444458008,0.3252296447753906,True,True
original5,8Q6Q_B_ASP81__027__3,8Q6Q_B_ASP81,27,3,0.57410413,A,1,0.57410413,True,A,0.57410413,0.05628088489174843,2.2477376461029053,-74.5099;174.6827,g-/t,14.5099;5.3173,45.0000;90.0000,True,True,3.031779799518678,B:VAL80:C,1.0317797995186782,True,nan,,inf,True,True,True,48.86076354980469,48.98417663574219,-0.1234130859375,True,True
original5,8Q6Q_B_ASP81__028__0,8Q6Q_B_ASP81,28,0,0.41892895,B,0,0.41892895,True,B,0.41892895,2.2857487201690674,0.3696436285972595,-167.9538;38.2114,t/p0,12.0462;38.2114,45.0000;90.0000,True,True,3.031779799518678,B:VAL80:C,1.0317797995186782,True,nan,,inf,True,True,True,49.14817428588867,48.86177444458008,0.28639984130859375,True,True
original5,8Q6Q_B_ASP81__028__3,8Q6Q_B_ASP81,28,3,0.58105475,A,1,0.58105475,True,A,0.58105475,0.05252986028790474,2.2450873851776123,-74.6137;174.1795,g-/t,14.6137;5.8205,45.0000;90.0000,True,True,3.031779799518678,B:VAL80:C,1.0317797995186782,True,nan,,inf,True,True,True,48.84117889404297,48.98417663574219,-0.14299774169921875,True,True
original5,8Q6Q_B_ASP81__029__0,8Q6Q_B_ASP81,29,0,0.18843174,other,0,0.18843174,True,other,0.18843174,2.1383535861968994,0.5849503874778748,-155.7127;146.1274,t/t,24.2873;33.8726,45.0000;90.0000,True,True,3.031779799518678,B:VAL80:C,1.0317797995186782,True,nan,,inf,True,True,True,54.04066467285156,nan,nan,False,False
original5,8Q6Q_B_ASP81__029__1,8Q6Q_B_ASP81,29,1,0.099169418,other,1,0.099169418,True,other,0.099169418,0.6627030968666077,2.358896017074585,-75.9029;-134.7228,g-/t,15.9029;45.2772,45.0000;90.0000,True,True,3.031779799518678,B:VAL80:C,1.0317797995186782,True,nan,,inf,True,True,True,52.5295524597168,nan,nan,False,False
original5,8Q6Q_B_ASP81__029__2,8Q6Q_B_ASP81,29,2,0.45759904,A,2,0.45759904,True,A,0.45759904,0.2791454792022705,2.284978151321411,-71.9184;-26.8076,g-/p0,11.9184;26.8076,45.0000;90.0000,True,True,2.9881769490886185,B:GLU98:O,0.9881769490886185,True,nan,,inf,True,True,True,48.07058334350586,48.98417663574219,-0.9135932922363281,True,True
original5,8Q6Q_B_ASP81__029__3,8Q6Q_B_ASP81,29,3,0.25479981,B,3,0.25479981,True,B,0.25479981,2.3276586532592773,0.38738423585891724,-170.0075;-141.3381,t/t,9.9925;38.6619,45.0000;90.0000,True,True,3.031779799518678,B:VAL80:C,1.0317797995186782,True,nan,,inf,True,True,True,49.41532897949219,48.86177444458008,0.5535545349121094,False,False
original5,8Q6Q_B_ASP81__030__0,8Q6Q_B_ASP81,30,0,0.54546809,A,0,0.54546809,True,A,0.54546809,0.15092094242572784,2.2804102897644043,-72.4280;164.7006,g-/t,12.4280;15.2994,45.0000;90.0000,True,True,3.031779799518678,B:VAL80:C,1.0317797995186782,True,nan,,inf,True,True,True,48.31446075439453,48.98417663574219,-0.6697158813476562,True,True
original5,8Q6Q_B_ASP81__030__1,8Q6Q_B_ASP81,30,1,0.2291141,B,1,0.2291141,True,B,0.2291141,2.3300771713256836,0.40167635679244995,-170.0570;-140.1676,t/t,9.9430;39.8324,45.0000;90.0000,True,True,3.031779799518678,B:VAL80:C,1.0317797995186782,True,nan,,inf,True,True,True,49.485206604003906,48.86177444458008,0.6234321594238281,False,False
original5,8Q6Q_B_ASP81__030__3,8Q6Q_B_ASP81,30,3,0.20258598,other,2,0.20258598,True,other,0.20258598,2.138308525085449,0.5835000872612,-155.7313;146.2432,t/t,24.2687;33.7568,45.0000;90.0000,True,True,3.031779799518678,B:VAL80:C,1.0317797995186782,True,nan,,inf,True,True,True,54.027076721191406,nan,nan,False,False
original5,8Q6Q_B_ASP81__031__0,8Q6Q_B_ASP81,31,0,0.54457271,A,0,0.54457271,True,A,0.54457271,0.21306826174259186,2.2888288497924805,-71.6885;-21.0085,g-/p0,11.6885;21.0085,45.0000;90.0000,True,True,3.031779799518678,B:VAL80:C,1.0317797995186782,True,nan,,inf,True,True,True,48.1458625793457,48.98417663574219,-0.8383140563964844,True,True
original5,8Q6Q_B_ASP81__031__2,8Q6Q_B_ASP81,31,2,0.19570966,B,1,0.19570966,True,B,0.19570966,2.3402912616729736,0.4853671193122864,-170.1786;46.9907,t/p0,9.8214;46.9907,45.0000;90.0000,True,True,3.031779799518678,B:VAL80:C,1.0317797995186782,True,nan,,inf,True,True,True,49.94422149658203,48.86177444458008,1.0824470520019531,False,False
original5,8Q6Q_B_ASP81__031__3,8Q6Q_B_ASP81,31,3,0.21020304,other,2,0.21020304,True,other,0.21020304,2.1124260425567627,0.7203617095947266,-152.3609;-43.9916,t/p0,27.6391;43.9916,45.0000;90.0000,True,True,3.031779799518678,B:VAL80:C,1.0317797995186782,True,nan,,inf,True,True,True,54.992454528808594,nan,nan,False,False
original5,8Q6Q_B_ASP81__032__1,8Q6Q_B_ASP81,32,1,0.57300729,A,0,0.57300729,True,A,0.57300729,0.11361878365278244,2.246105432510376,-74.0110;-14.2982,g-/p0,14.0110;14.2982,45.0000;90.0000,True,True,3.031779799518678,B:VAL80:C,1.0317797995186782,True,nan,,inf,True,True,True,48.482391357421875,48.98417663574219,-0.5017852783203125,True,True
original5,8Q6Q_B_ASP81__032__2,8Q6Q_B_ASP81,32,2,0.42697978,B,1,0.42697978,True,B,0.42697978,2.266596555709839,0.2459917962551117,-167.3002;-151.7168,t/t,12.6998;28.2832,45.0000;90.0000,True,True,3.031779799518678,B:VAL80:C,1.0317797995186782,True,nan,,inf,True,True,True,48.82391357421875,48.86177444458008,-0.037860870361328125,True,True
original5,8Q6Q_B_ASP81__033__0,8Q6Q_B_ASP81,33,0,0.57625437,A,0,0.57625437,True,A,0.57625437,0.05643308535218239,2.244117021560669,-74.5512;172.1250,g-/t,14.5512;7.8750,45.0000;90.0000,True,True,3.031779799518678,B:VAL80:C,1.0317797995186782,True,nan,,inf,True,True,True,48.74174880981445,48.98417663574219,-0.24242782592773438,True,True
original5,8Q6Q_B_ASP81__033__2,8Q6Q_B_ASP81,33,2,0.42371112,B,1,0.42371112,True,B,0.42371112,2.2706081867218018,0.2654263973236084,-167.4615;-150.2079,t/t,12.5385;29.7921,45.0000;90.0000,True,True,3.031779799518678,B:VAL80:C,1.0317797995186782,True,nan,,inf,True,True,True,48.8589973449707,48.86177444458008,-0.002777099609375,True,True
original5,8Q6Q_B_ASP81__034__0,8Q6Q_B_ASP81,34,0,0.42371893,B,0,0.42371893,True,B,0.42371893,2.270606756210327,0.2654258906841278,-167.4615;-150.2079,t/t,12.5385;29.7921,45.0000;90.0000,True,True,3.031779799518678,B:VAL80:C,1.0317797995186782,True,nan,,inf,True,True,True,48.8589973449707,48.86177444458008,-0.002777099609375,True,True
original5,8Q6Q_B_ASP81__034__1,8Q6Q_B_ASP81,34,1,0.57626277,A,1,0.57626277,True,A,0.57626277,0.05643950402736664,2.2441229820251465,-74.5509;172.1248,g-/t,14.5509;7.8752,45.0000;90.0000,True,True,3.031779799518678,B:VAL80:C,1.0317797995186782,True,nan,,inf,True,True,True,48.74174880981445,48.98417663574219,-0.24242782592773438,True,True
original5,8Q6Q_B_ASP81__035__1,8Q6Q_B_ASP81,35,1,0.20034504,other,0,0.20034504,True,other,0.20034504,2.1360695362091064,0.6058230996131897,-155.3147;144.5407,t/t,24.6853;35.4593,45.0000;90.0000,True,True,3.031779799518678,B:VAL80:C,1.0317797995186782,True,nan,,inf,True,True,True,54.17071533203125,nan,nan,False,False
original5,8Q6Q_B_ASP81__035__2,8Q6Q_B_ASP81,35,2,0.2501556,B,1,0.2501556,True,B,0.2501556,2.3260395526885986,0.39525336027145386,-169.8731;-140.6081,t/t,10.1269;39.3919,45.0000;90.0000,True,True,3.031779799518678,B:VAL80:C,1.0317797995186782,True,nan,,inf,True,True,True,49.438899993896484,48.86177444458008,0.5771255493164062,False,False
original5,8Q6Q_B_ASP81__035__3,8Q6Q_B_ASP81,35,3,0.54949486,A,2,0.54949486,True,A,0.54949486,0.1501910388469696,2.2744057178497314,-72.7286;164.3411,g-/t,12.7286;15.6589,45.0000;90.0000,True,True,3.031779799518678,B:VAL80:C,1.0317797995186782,True,nan,,inf,True,True,True,48.33146667480469,48.98417663574219,-0.6527099609375,True,True
original5,8Q6Q_B_ASP81__036__0,8Q6Q_B_ASP81,36,0,0.05950423,merged_duplicate,0,0.22595801,False,B,0.0,2.3203606605529785,0.4641108214855194,-169.2428;45.5334,t/p0,10.7572;45.5334,45.0000;90.0000,True,True,3.031779799518678,B:VAL80:C,1.0317797995186782,True,nan,,inf,True,True,True,49.979766845703125,nan,nan,False,False
original5,8Q6Q_B_ASP81__036__1,8Q6Q_B_ASP81,36,1,0.23132113,other,1,0.23132113,True,other,0.23132113,2.111833095550537,0.6995712518692017,-152.6714;-42.3069,t/p0,27.3286;42.3069,45.0000;90.0000,True,True,3.031779799518678,B:VAL80:C,1.0317797995186782,True,nan,,inf,True,True,True,54.86686325073242,nan,nan,False,False
original5,8Q6Q_B_ASP81__036__2,8Q6Q_B_ASP81,36,2,0.54272085,A,2,0.54272085,True,A,0.54272085,0.23205029964447021,2.294992208480835,-71.3619;-22.3938,g-/p0,11.3619;22.3938,45.0000;90.0000,True,True,3.0185609990547353,B:GLU98:O,1.0185609990547353,True,nan,,inf,True,True,True,48.10511016845703,48.98417663574219,-0.8790664672851562,True,True
original5,8Q6Q_B_ASP81__036__3,8Q6Q_B_ASP81,36,3,0.16645378,B,0,0.22595801,True,B,0.22595801,2.343634843826294,0.4987437427043915,-170.2582;48.0711,t/p0,9.7418;48.0711,45.0000;90.0000,True,True,3.031779799518678,B:VAL80:C,1.0317797995186782,True,nan,,inf,True,True,True,50.045745849609375,48.86177444458008,1.1839714050292969,False,False
original5,8Q6Q_B_ASP81__037__0,8Q6Q_B_ASP81,37,0,0.25779456,B,0,0.25779456,True,B,0.25779456,2.3223702907562256,0.35718604922294617,-169.8769;-143.8027,t/t,10.1231;36.1973,45.0000;90.0000,True,True,3.031779799518678,B:VAL80:C,1.0317797995186782,True,nan,,inf,True,True,True,49.28111267089844,48.86177444458008,0.4193382263183594,True,True
original5,8Q6Q_B_ASP81__037__1,8Q6Q_B_ASP81,37,1,0.16156381,other,1,0.16156381,True,other,0.16156381,2.1154325008392334,0.7547885179519653,-151.9165;-46.8583,t/p0,28.0835;46.8583,45.0000;90.0000,True,True,3.031779799518678,B:VAL80:C,1.0317797995186782,True,nan,,inf,True,True,True,55.215919494628906,nan,nan,False,False
original5,8Q6Q_B_ASP81__037__3,8Q6Q_B_ASP81,37,3,0.54985511,A,2,0.54985511,True,A,0.54985511,0.14043325185775757,2.27518367767334,-72.7128;165.3562,g-/t,12.7128;14.6438,45.0000;90.0000,True,True,3.031779799518678,B:VAL80:C,1.0317797995186782,True,nan,,inf,True,True,True,48.35346984863281,48.98417663574219,-0.630706787109375,True,True
original5,8Q6Q_B_ASP81__038__0,8Q6Q_B_ASP81,38,0,0.55973041,A,0,0.55973041,True,A,0.55973041,0.11217134445905685,2.267821788787842,-73.1606;167.7007,g-/t,13.1606;12.2993,45.0000;90.0000,True,True,3.031779799518678,B:VAL80:C,1.0317797995186782,True,nan,,inf,True,True,True,48.45417785644531,48.98417663574219,-0.529998779296875,True,True
original5,8Q6Q_B_ASP81__038__1,8Q6Q_B_ASP81,38,1,0.13099496,other,1,0.13099496,True,other,0.13099496,2.1477487087249756,0.6700413823127747,-154.6483;-41.0080,t/p0,25.3517;41.0080,45.0000;90.0000,True,True,3.031779799518678,B:VAL80:C,1.0317797995186782,True,nan,,inf,True,True,True,54.75126266479492,nan,nan,False,False
original5,8Q6Q_B_ASP81__038__2,8Q6Q_B_ASP81,38,2,0.30927148,B,2,0.30927148,True,B,0.30927148,2.3213372230529785,0.3549562394618988,-169.8312;-143.9628,t/t,10.1688;36.0372,45.0000;90.0000,True,True,3.031779799518678,B:VAL80:C,1.0317797995186782,True,nan,,inf,True,True,True,49.26597213745117,48.86177444458008,0.40419769287109375,True,True
original5,8Q6Q_B_ASP81__039__0,8Q6Q_B_ASP81,39,0,0.42697433,B,0,0.42697433,True,B,0.42697433,2.266596794128418,0.24598737061023712,-167.3003;-151.7172,t/t,12.6997;28.2828,45.0000;90.0000,True,True,3.031779799518678,B:VAL80:C,1.0317797995186782,True,nan,,inf,True,True,True,48.82391357421875,48.86177444458008,-0.037860870361328125,True,True
original5,8Q6Q_B_ASP81__039__1,8Q6Q_B_ASP81,39,1,0.57299721,A,1,0.57299721,True,A,0.57299721,0.11362132430076599,2.246103286743164,-74.0112;-14.2983,g-/p0,14.0112;14.2983,45.0000;90.0000,True,True,3.031779799518678,B:VAL80:C,1.0317797995186782,True,nan,,inf,True,True,True,48.482391357421875,48.98417663574219,-0.5017852783203125,True,True
original5,8Q6Q_B_ASP81__040__0,8Q6Q_B_ASP81,40,0,0.2414224,B,0,0.301821448,True,B,0.301821448,2.3254408836364746,0.3737170100212097,-169.9608;-142.4596,t/t,10.0392;37.5404,45.0000;90.0000,True,True,3.031779799518678,B:VAL80:C,1.0317797995186782,True,nan,,inf,True,True,True,49.349708557128906,48.86177444458008,0.4879341125488281,False,False
original5,8Q6Q_B_ASP81__040__1,8Q6Q_B_ASP81,40,1,0.55467159,A,1,0.55467159,True,A,0.55467159,0.12396679073572159,2.2710938453674316,-72.9613;166.7221,g-/t,12.9613;13.2779,45.0000;90.0000,True,True,3.031779799518678,B:VAL80:C,1.0317797995186782,True,nan,,inf,True,True,True,48.40876388549805,48.98417663574219,-0.5754127502441406,True,True
original5,8Q6Q_B_ASP81__040__2,8Q6Q_B_ASP81,40,2,0.060399048,merged_duplicate,0,0.301821448,False,B,0.0,2.2797040939331055,0.3815387487411499,-167.5776;39.2071,t/p0,12.4224;39.2071,45.0000;90.0000,True,True,3.031779799518678,B:VAL80:C,1.0317797995186782,True,nan,,inf,True,True,True,49.406524658203125,nan,nan,False,False
original5,8Q6Q_B_ASP81__040__3,8Q6Q_B_ASP81,40,3,0.14350696,other,2,0.14350696,True,other,0.14350696,2.128999710083008,0.7644407153129578,-152.3149;-48.0653,t/p0,27.6851;48.0653,45.0000;90.0000,True,True,3.031779799518678,B:VAL80:C,1.0317797995186782,True,nan,,inf,True,True,True,55.28520202636719,nan,nan,False,False
original5,8Q6Q_B_ASP81__041__0,8Q6Q_B_ASP81,41,0,0.45752794,A,0,0.45752794,True,A,0.45752794,0.2791081666946411,2.2850341796875,-71.9155;-26.8029,g-/p0,11.9155;26.8029,45.0000;90.0000,True,True,2.9881901190221853,B:GLU98:O,0.9881901190221853,True,nan,,inf,True,True,True,48.07058334350586,48.98417663574219,-0.9135932922363281,True,True
original5,8Q6Q_B_ASP81__041__1,8Q6Q_B_ASP81,41,1,0.09922868,other,1,0.09922868,True,other,0.09922868,0.6629003286361694,2.359107255935669,-75.8947;-134.7093,g-/t,15.8947;45.2907,45.0000;90.0000,True,True,3.031779799518678,B:VAL80:C,1.0317797995186782,True,nan,,inf,True,True,True,52.529544830322266,nan,nan,False,False
original5,8Q6Q_B_ASP81__041__2,8Q6Q_B_ASP81,41,2,0.18837509,other,2,0.18837509,True,other,0.18837509,2.13835072517395,0.5848543643951416,-155.7139;146.1351,t/t,24.2861;33.8649,45.0000;90.0000,True,True,3.031779799518678,B:VAL80:C,1.0317797995186782,True,nan,,inf,True,True,True,54.04024887084961,nan,nan,False,False
original5,8Q6Q_B_ASP81__041__3,8Q6Q_B_ASP81,41,3,0.25486833,B,3,0.25486833,True,B,0.25486833,2.3276407718658447,0.3872908055782318,-170.0070;-141.3456,t/t,9.9930;38.6544,45.0000;90.0000,True,True,3.031779799518678,B:VAL80:C,1.0317797995186782,True,nan,,inf,True,True,True,49.41532897949219,48.86177444458008,0.5535545349121094,False,False
original5,8Q6Q_B_ASP81__042__0,8Q6Q_B_ASP81,42,0,0.25351226,B,0,0.25351226,True,B,0.25351226,2.3341476917266846,0.4573826491832733,-170.0459;44.7250,t/p0,9.9541;44.7250,45.0000;90.0000,True,True,3.031779799518678,B:VAL80:C,1.0317797995186782,True,nan,,inf,True,True,True,49.751678466796875,48.86177444458008,0.8899040222167969,False,False
original5,8Q6Q_B_ASP81__042__1,8Q6Q_B_ASP81,42,1,0.20166917,other,1,0.20166917,True,other,0.20166917,2.112812042236328,0.7243641018867493,-152.3116;-44.3253,t/p0,27.6884;44.3253,45.0000;90.0000,True,True,3.031779799518678,B:VAL80:C,1.0317797995186782,True,nan,,inf,True,True,True,55.01515579223633,nan,nan,False,False
original5,8Q6Q_B_ASP81__042__3,8Q6Q_B_ASP81,42,3,0.54481661,A,2,0.54481661,True,A,0.54481661,0.21183182299137115,2.2869620323181152,-71.7856;-20.9905,g-/p0,11.7856;20.9905,45.0000;90.0000,True,True,3.031779799518678,B:VAL80:C,1.0317797995186782,True,nan,,inf,True,True,True,48.16345977783203,48.98417663574219,-0.8207168579101562,True,True
original5,8Q6Q_B_ASP81__043__0,8Q6Q_B_ASP81,43,0,0.51073265,A,0,0.51073265,True,A,0.51073265,0.16278140246868134,2.2785720825195312,-72.4956;163.4071,g-/t,12.4956;16.5929,45.0000;90.0000,True,True,3.031779799518678,B:VAL80:C,1.0317797995186782,True,nan,,inf,True,True,True,48.293434143066406,48.98417663574219,-0.6907424926757812,True,True
original5,8Q6Q_B_ASP81__043__2,8Q6Q_B_ASP81,43,2,0.18177268,other,1,0.18177268,True,other,0.18177268,2.1383633613586426,0.5848143696784973,-155.7150;146.1379,t/t,24.2850;33.8621,45.0000;90.0000,True,True,3.031779799518678,B:VAL80:C,1.0317797995186782,True,nan,,inf,True,True,True,54.04024887084961,nan,nan,False,False
original5,8Q6Q_B_ASP81__043__3,8Q6Q_B_ASP81,43,3,0.26352614,B,2,0.26352614,True,B,0.26352614,2.3243887424468994,0.38868749141693115,-169.8205;-141.1285,t/t,10.1795;38.8715,45.0000;90.0000,True,True,3.031779799518678,B:VAL80:C,1.0317797995186782,True,nan,,inf,True,True,True,49.41032791137695,48.86177444458008,0.548553466796875,False,False
original5,8Q6Q_B_ASP81__044__0,8Q6Q_B_ASP81,44,0,0.3823708,B,0,0.3823708,True,B,0.3823708,2.2717125415802,0.27150917053222656,-167.5025;-149.7327,t/t,12.4975;30.2673,45.0000;90.0000,True,True,3.031779799518678,B:VAL80:C,1.0317797995186782,True,nan,,inf,True,True,True,48.87702941894531,48.86177444458008,0.015254974365234375,True,True
original5,8Q6Q_B_ASP81__044__1,8Q6Q_B_ASP81,44,1,0.57567585,A,1,0.57567585,True,A,0.57567585,0.05583936721086502,2.244863510131836,-74.5270;172.3867,g-/t,14.5270;7.6133,45.0000;90.0000,True,True,3.031779799518678,B:VAL80:C,1.0317797995186782,True,nan,,inf,True,True,True,48.75157928466797,48.98417663574219,-0.23259735107421875,True,True
original5,8Q6Q_B_ASP81__045__0,8Q6Q_B_ASP81,45,0,0.16692215,other,0,0.16692215,True,other,0.16692215,2.1341845989227295,0.631926417350769,-154.8498;142.5252,t/t,25.1502;37.4748,45.0000;90.0000,True,True,3.031779799518678,B:VAL80:C,1.0317797995186782,True,nan,,inf,True,True,True,54.33472442626953,nan,nan,False,False
original5,8Q6Q_B_ASP81__045__1,8Q6Q_B_ASP81,45,1,0.25261039,B,1,0.25261039,True,B,0.25261039,2.3266122341156006,0.39127787947654724,-169.9277;-140.9685,t/t,10.0723;39.0315,45.0000;90.0000,True,True,3.031779799518678,B:VAL80:C,1.0317797995186782,True,nan,,inf,True,True,True,49.4283447265625,48.86177444458008,0.5665702819824219,False,False
original5,8Q6Q_B_ASP81__045__3,8Q6Q_B_ASP81,45,3,0.54910618,A,2,0.54910618,True,A,0.54910618,0.15083429217338562,2.2752842903137207,-72.6834;164.3376,g-/t,12.6834;15.6624,45.0000;90.0000,True,True,3.031779799518678,B:VAL80:C,1.0317797995186782,True,nan,,inf,True,True,True,48.33094024658203,48.98417663574219,-0.6532363891601562,True,True
original5,8Q6Q_B_ASP81__046__1,8Q6Q_B_ASP81,46,1,0.42370602,B,0,0.42370602,True,B,0.42370602,2.270604133605957,0.2654374837875366,-167.4613;-150.2070,t/t,12.5387;29.7930,45.0000;90.0000,True,True,3.031779799518678,B:VAL80:C,1.0317797995186782,True,nan,,inf,True,True,True,48.8589973449707,48.86177444458008,-0.002777099609375,True,True
original5,8Q6Q_B_ASP81__046__2,8Q6Q_B_ASP81,46,2,0.57624751,A,1,0.57624751,True,A,0.57624751,0.05643114820122719,2.2441165447235107,-74.5513;172.1251,g-/t,14.5513;7.8749,45.0000;90.0000,True,True,3.031779799518678,B:VAL80:C,1.0317797995186782,True,nan,,inf,True,True,True,48.74174880981445,48.98417663574219,-0.24242782592773438,True,True
original5,8Q6Q_B_ASP81__047__0,8Q6Q_B_ASP81,47,0,0.50576705,A,0,0.50576705,True,A,0.50576705,0.19141218066215515,2.2792892456054688,-72.4240;160.8090,g-/t,12.4240;19.1910,45.0000;90.0000,True,True,3.031779799518678,B:VAL80:C,1.0317797995186782,True,nan,,inf,True,True,True,48.23891830444336,48.98417663574219,-0.7452583312988281,True,True
original5,8Q6Q_B_ASP81__047__2,8Q6Q_B_ASP81,47,2,0.2534115,B,1,0.2534115,True,B,0.2534115,2.3258931636810303,0.3896884024143219,-169.8973;-141.0852,t/t,10.1027;38.9148,45.0000;90.0000,True,True,3.031779799518678,B:VAL80:C,1.0317797995186782,True,nan,,inf,True,True,True,49.414276123046875,48.86177444458008,0.5525016784667969,False,False
original5,8Q6Q_B_ASP81__047__3,8Q6Q_B_ASP81,47,3,0.19326492,other,2,0.19326492,True,other,0.19326492,2.136692762374878,0.609300434589386,-155.2907;144.2480,t/t,24.7093;35.7520,45.0000;90.0000,True,True,3.031779799518678,B:VAL80:C,1.0317797995186782,True,nan,,inf,True,True,True,54.20097351074219,nan,nan,False,False
original5,8Q6Q_B_ASP81__048__0,8Q6Q_B_ASP81,48,0,0.24345507,other,0,0.24345507,True,other,0.24345507,0.5623180270195007,2.295283079147339,-77.6530;-142.4619,g-/t,17.6530;37.5381,45.0000;90.0000,True,True,3.031779799518678,B:VAL80:C,1.0317797995186782,True,nan,,inf,True,True,True,52.02576446533203,nan,nan,False,False
original5,8Q6Q_B_ASP81__048__2,8Q6Q_B_ASP81,48,2,0.34795478,A,1,0.34795478,True,A,0.34795478,0.3312758207321167,2.295370101928711,-71.7476;149.3661,g-/t,11.7476;30.6339,45.0000;90.0000,True,True,2.9958324722761986,B:GLU98:O,0.9958324722761986,True,nan,,inf,True,True,True,48.0031623840332,48.98417663574219,-0.9810142517089844,True,True
original5,8Q6Q_B_ASP81__048__3,8Q6Q_B_ASP81,48,3,0.40857992,B,2,0.40857992,True,B,0.40857992,2.30544376373291,0.3625195324420929,-169.0357;37.3296,t/p0,10.9643;37.3296,45.0000;90.0000,True,True,3.031779799518678,B:VAL80:C,1.0317797995186782,True,nan,,inf,True,True,True,49.20173645019531,48.86177444458008,0.3399620056152344,True,True
original5,8Q6Q_B_ASP81__049__0,8Q6Q_B_ASP81,49,0,0.13198633,other,0,0.13198633,True,other,0.13198633,0.6428968906402588,2.3434040546417236,-76.4088;-136.1921,g-/t,16.4088;43.8079,45.0000;90.0000,True,True,3.031779799518678,B:VAL80:C,1.0317797995186782,True,nan,,inf,True,True,True,52.49492645263672,nan,nan,False,False
original5,8Q6Q_B_ASP81__049__1,8Q6Q_B_ASP81,49,1,0.43650219,A,1,0.43650219,True,A,0.43650219,0.2509461045265198,2.284470319747925,-72.1629;155.8325,g-/t,12.1629;24.1675,45.0000;90.0000,True,True,3.031779799518678,B:VAL80:C,1.0317797995186782,True,nan,,inf,True,True,True,48.128746032714844,48.98417663574219,-0.8554306030273438,True,True
original5,8Q6Q_B_ASP81__049__2,8Q6Q_B_ASP81,49,2,0.07918328,other,2,0.07918328,True,other,0.07918328,2.204780340194702,0.9071241617202759,-153.0002;-61.9550,t/p0,26.9998;61.9550,45.0000;90.0000,True,True,3.031779799518678,B:VAL80:C,1.0317797995186782,True,nan,,inf,True,True,True,56.427345275878906,nan,nan,False,False
original5,8Q6Q_B_ASP81__049__3,8Q6Q_B_ASP81,49,3,0.35232824,B,3,0.35232824,True,B,0.35232824,2.3143129348754883,0.31378450989723206,-169.6258;-147.3251,t/t,10.3742;32.6749,45.0000;90.0000,True,True,3.031779799518678,B:VAL80:C,1.0317797995186782,True,nan,,inf,True,True,True,49.12041091918945,48.86177444458008,0.258636474609375,True,True
expanded13,1ZV8_E_ASN1__000__0,1ZV8_E_ASN1,0,0,0.10071002,other,0,0.10071002,True,other,0.10071002,2.2816624641418457,2.9860055446624756,-58.1972;-51.1416,g-/p0,1.8028;51.1416,45.0000;90.0000,True,True,3.4202663289868362,E:GLN2:N,1.4202663289868362,True,3.2633153891558964,"sym0[-1,0,1]/A:SER49:O",1.2633153891558964,True,True,True,64.45738983154297,nan,nan,False,False
expanded13,1ZV8_E_ASN1__000__1,1ZV8_E_ASN1,0,1,0.24606112,other,1,0.24606112,True,other,0.24606112,1.181302785873413,2.9775593280792236,55.4484;100.0760,g+/t,4.5516;79.9240,45.0000;90.0000,True,True,3.3295682290769695,E:GLN4:CB,1.3295682290769695,True,5.397353998391107,"sym0[-1,0,1]/A:SER49:O",3.3973539983911074,True,True,True,68.570068359375,nan,nan,False,False
expanded13,1ZV8_E_ASN1__000__2,1ZV8_E_ASN1,0,2,0.20107304,other,2,0.20107304,True,other,0.20107304,3.4867517948150635,1.5072659254074097,-164.9028;109.2091,t/t,15.0972;70.7909,45.0000;90.0000,True,True,2.9662509894102165,E:LYS3:N,0.9662509894102165,True,4.485193025053535,"sym0[-1,0,1]/A:SER49:O",2.485193025053535,True,True,True,71.24853515625,nan,nan,False,False
expanded13,1ZV8_E_ASN1__000__3,1ZV8_E_ASN1,0,3,0.4521558,other,3,0.4521558,True,other,0.4521558,3.415412187576294,1.567478060722351,-172.6702;55.5359,t/p0,7.3298;55.5359,45.0000;90.0000,True,True,3.1774663243875767,E:GLN4:N,1.1774663243875767,True,4.451584330428165,"sym0[-1,0,1]/A:SER49:C",2.4515843304281653,True,True,True,68.22843933105469,nan,nan,False,False
expanded13,1ZV8_E_ASN1__001__0,1ZV8_E_ASN1,1,0,0.15877981,other,0,0.15877981,True,other,0.15877981,1.2189605236053467,2.969348669052124,56.6797;100.7644,g+/t,3.3203;79.2356,45.0000;90.0000,True,True,3.28928235788812,E:GLN4:CB,1.28928235788812,True,5.397353998391107,"sym0[-1,0,1]/A:SER49:O",3.3973539983911074,True,True,True,68.67636108398438,nan,nan,False,False
expanded13,1ZV8_E_ASN1__001__1,1ZV8_E_ASN1,1,1,0.081364661,other,1,0.081364661,True,other,0.081364661,1.8134106397628784,3.1361382007598877,58.3751;-74.4982,g+/p0,1.6249;74.4982,45.0000;90.0000,True,True,3.1050459397599575,E:GLN4:CB,1.1050459397599575,True,5.397353998391107,"sym0[-1,0,1]/A:SER49:O",3.3973539983911074,True,True,True,72.77275085449219,nan,nan,False,False
expanded13,1ZV8_E_ASN1__001__2,1ZV8_E_ASN1,1,2,0.64610177,other,2,0.64610177,True,other,0.64610177,3.4401447772979736,1.5825034379959106,-170.9556;64.3739,t/p0,9.0444;64.3739,45.0000;90.0000,True,True,3.0675900369381224,E:GLN4:N,1.0675900369381224,True,4.373235149653597,"sym0[-1,0,1]/A:SER49:C",2.3732351496535973,True,True,True,68.77520751953125,nan,nan,False,False
expanded13,1ZV8_E_ASN1__001__3,1ZV8_E_ASN1,1,3,0.11375383,other,3,0.11375383,True,other,0.11375383,2.1231095790863037,2.6415393352508545,-58.4910;125.2998,g-/t,1.5090;54.7002,45.0000;90.0000,True,True,3.4202663289868362,E:GLN2:N,1.4202663289868362,True,3.1637458290048404,"sym0[-1,0,1]/A:SER49:O",1.1637458290048404,True,True,True,66.84062194824219,nan,nan,False,False
expanded13,1ZV8_E_ASN1__002__0,1ZV8_E_ASN1,2,0,0.061377808,other,0,0.061377808,True,other,0.061377808,3.463711738586426,1.4439030885696411,-155.7934;123.6567,t/t,24.2066;56.3433,45.0000;90.0000,True,True,2.956900873358173,E:LYS3:N,0.956900873358173,True,4.452324007846504,"sym0[-1,0,1]/A:SER49:O",2.452324007846504,True,True,True,72.70478057861328,nan,nan,False,False
expanded13,1ZV8_E_ASN1__002__1,1ZV8_E_ASN1,2,1,0.58952111,B,1,0.58952111,True,B,0.58952111,3.149578332901001,0.17389771342277527,-172.2821;-117.5946,t/t,7.7179;62.4054,45.0000;90.0000,True,True,3.12275797564782,E:GLN4:N,1.1227579756478199,True,4.281455009917351,"sym0[-1,0,1]/A:SER49:C",2.2814550099173507,True,True,True,50.73722457885742,49.29991912841797,1.4373054504394531,False,False
expanded13,1ZV8_E_ASN1__002__2,1ZV8_E_ASN1,2,2,0.24453051,other,2,0.24453051,True,other,0.24453051,1.1760607957839966,2.9786922931671143,55.2765;99.9860,g+/t,4.7235;80.0140,45.0000;90.0000,True,True,3.3352423857219864,E:GLN4:CB,1.3352423857219864,True,5.397353998391107,"sym0[-1,0,1]/A:SER49:O",3.3973539983911074,True,True,True,68.5536880493164,nan,nan,False,False
expanded13,1ZV8_E_ASN1__002__3,1ZV8_E_ASN1,2,3,0.10457058,other,3,0.10457058,True,other,0.10457058,2.282135248184204,2.9854722023010254,-58.2313;-51.2559,g-/p0,1.7687;51.2559,45.0000;90.0000,True,True,3.4202663289868362,E:GLN2:N,1.4202663289868362,True,3.2626346823538217,"sym0[-1,0,1]/A:SER49:O",1.2626346823538217,True,True,True,64.46043395996094,nan,nan,False,False
expanded13,1ZV8_E_ASN1__003__0,1ZV8_E_ASN1,3,0,0.20582627,other,0,0.20582627,True,other,0.20582627,1.2043546438217163,2.9725470542907715,56.2029;100.4891,g+/t,3.7971;79.5109,45.0000;90.0000,True,True,3.3048046497093773,E:GLN4:CB,1.3048046497093773,True,5.397353998391107,"sym0[-1,0,1]/A:SER49:O",3.3973539983911074,True,True,True,68.63191986083984,nan,nan,False,False
expanded13,1ZV8_E_ASN1__003__1,1ZV8_E_ASN1,3,1,0.11038686,other,1,0.11038686,True,other,0.11038686,2.115354299545288,2.645707368850708,-58.1563;125.4102,g-/t,1.8437;54.5898,45.0000;90.0000,True,True,3.4202663289868362,E:GLN2:N,1.4202663289868362,True,3.16843318502216,"sym0[-1,0,1]/A:SER49:O",1.16843318502216,True,True,True,66.86764526367188,nan,nan,False,False
expanded13,1ZV8_E_ASN1__003__2,1ZV8_E_ASN1,3,2,0.64546877,B,2,0.64546877,True,B,0.64546877,3.1449971199035645,0.1373375505208969,-171.5628;-115.3014,t/t,8.4372;64.6986,45.0000;90.0000,True,True,3.106745400082106,E:GLN4:N,1.1067454000821062,True,4.254202019447726,"sym0[-1,0,1]/A:SER49:C",2.2542020194477264,True,True,True,50.43524932861328,49.29991912841797,1.1353302001953125,False,False
expanded13,1ZV8_E_ASN1__004__0,1ZV8_E_ASN1,4,0,0.26510811,other,0,0.26510811,True,other,0.26510811,1.783333420753479,3.18855881690979,54.5270;-78.0838,g+/p0,5.4730;78.0838,45.0000;90.0000,True,True,3.2283118286643657,E:GLN4:CB,1.2283118286643657,True,5.397353998391107,"sym0[-1,0,1]/A:SER49:O",3.3973539983911074,True,True,True,69.7975082397461,nan,nan,False,False
expanded13,1ZV8_E_ASN1__004__1,1ZV8_E_ASN1,4,1,0.47918478,other,1,0.47918478,True,other,0.47918478,3.4162890911102295,1.5677704811096191,-172.5164;55.6916,t/p0,7.4836;55.6916,45.0000;90.0000,True,True,3.1769222577609098,E:GLN4:N,1.1769222577609098,True,4.445437978704744,"sym0[-1,0,1]/A:SER49:C",2.445437978704744,True,True,True,68.17555236816406,nan,nan,False,False
expanded13,1ZV8_E_ASN1__004__2,1ZV8_E_ASN1,4,2,0.19038546,other,2,0.19038546,True,other,0.19038546,3.4867444038391113,1.507125973701477,-164.8724;109.2388,t/t,15.1276;70.7612,45.0000;90.0000,True,True,2.9660287495212625,E:LYS3:N,0.9660287495212625,True,4.484658506285162,"sym0[-1,0,1]/A:SER49:O",2.484658506285162,True,True,True,71.25527954101562,nan,nan,False,False
expanded13,1ZV8_E_ASN1__004__3,1ZV8_E_ASN1,4,3,0.065321587,other,3,0.065321587,True,other,0.065321587,2.473477602005005,2.6283299922943115,-71.4648;54.8737,g-/p0,11.4648;54.8737,45.0000;90.0000,True,True,3.4202663289868362,E:GLN2:N,1.4202663289868362,True,4.085730902440447,"sym0[-1,0,1]/A:SER49:O",2.0857309024404467,True,True,True,64.88525390625,nan,nan,False,False
expanded13,1ZV8_E_ASN1__005__0,1ZV8_E_ASN1,5,0,0.65950203,other,0,0.65950203,True,other,0.65950203,3.438295841217041,1.5816713571548462,-171.1070;63.6684,t/p0,8.8930;63.6684,45.0000;90.0000,True,True,3.0753312837751285,E:GLN4:N,1.0753312837751285,True,4.378642453473075,"sym0[-1,0,1]/A:SER49:C",2.3786424534730752,True,True,True,68.73838806152344,nan,nan,False,False
expanded13,1ZV8_E_ASN1__005__1,1ZV8_E_ASN1,5,1,0.078888521,other,1,0.078888521,True,other,0.078888521,2.4672067165374756,2.6300628185272217,-71.1830;55.5062,g-/p0,11.1830;55.5062,45.0000;90.0000,True,True,3.4202663289868362,E:GLN2:N,1.4202663289868362,True,4.073467737084502,"sym0[-1,0,1]/A:SER49:O",2.073467737084502,True,True,True,64.87348175048828,nan,nan,False,False
expanded13,1ZV8_E_ASN1__005__2,1ZV8_E_ASN1,5,2,0.2220038,other,2,0.2220038,True,other,0.2220038,1.7954905033111572,3.171254873275757,55.8649;-77.3992,g+/p0,4.1351;77.3992,45.0000;90.0000,True,True,3.185884421214142,E:GLN4:CB,1.185884421214142,True,5.397353998391107,"sym0[-1,0,1]/A:SER49:O",3.3973539983911074,True,True,True,70.54207611083984,nan,nan,False,False
expanded13,1ZV8_E_ASN1__006__0,1ZV8_E_ASN1,6,0,0.46244454,other,0,0.46244454,True,other,0.46244454,3.4168944358825684,1.5667445659637451,-172.0474;55.3244,t/p0,7.9526;55.3244,45.0000;90.0000,True,True,3.1888794402501017,E:GLN4:N,1.1888794402501017,True,4.429995121935195,"sym0[-1,0,1]/A:SER49:C",2.429995121935195,True,True,True,67.92597198486328,nan,nan,False,False
expanded13,1ZV8_E_ASN1__006__1,1ZV8_E_ASN1,6,1,0.28875157,other,1,0.28875157,True,other,0.28875157,1.0863016843795776,2.997077465057373,52.3733;98.3103,g+/t,7.6267;81.6897,45.0000;90.0000,True,True,3.4202663289868362,E:GLN2:N,1.4202663289868362,True,5.397353998391107,"sym0[-1,0,1]/A:SER49:O",3.3973539983911074,True,True,True,68.4391098022461,nan,nan,False,False
expanded13,1ZV8_E_ASN1__006__2,1ZV8_E_ASN1,6,2,0.24551845,other,2,0.24551845,True,other,0.24551845,3.4868814945220947,1.5082587003707886,-164.7609;108.9752,t/t,15.2391;71.0248,45.0000;90.0000,True,True,2.970086367002721,E:LYS3:N,0.9700863670027209,True,4.478155848095861,"sym0[-1,0,1]/A:SER49:O",2.478155848095861,True,True,True,71.21028900146484,nan,nan,False,False
expanded13,1ZV8_E_ASN1__007__0,1ZV8_E_ASN1,7,0,0.24550158,other,0,0.24550158,True,other,0.24550158,3.4868786334991455,1.508245825767517,-164.7616;108.9779,t/t,15.2384;71.0221,45.0000;90.0000,True,True,2.970052188638568,E:LYS3:N,0.9700521886385678,True,4.478211887338451,"sym0[-1,0,1]/A:SER49:O",2.4782118873384507,True,True,True,71.21028900146484,nan,nan,False,False
expanded13,1ZV8_E_ASN1__007__1,1ZV8_E_ASN1,7,1,0.46575272,other,1,0.46575272,True,other,0.46575272,3.4171652793884277,1.566757082939148,-171.9706;55.3385,t/p0,8.0294;55.3385,45.0000;90.0000,True,True,3.189675194536552,E:GLN4:N,1.189675194536552,True,4.4271847503678385,"sym0[-1,0,1]/A:SER49:C",2.4271847503678385,True,True,True,67.90843200683594,nan,nan,False,False
expanded13,1ZV8_E_ASN1__007__2,1ZV8_E_ASN1,7,2,0.28762007,other,2,0.28762007,True,other,0.28762007,1.0873751640319824,2.9968807697296143,52.4065;98.3379,g+/t,7.5935;81.6621,45.0000;90.0000,True,True,3.4202663289868362,E:GLN2:N,1.4202663289868362,True,5.397353998391107,"sym0[-1,0,1]/A:SER49:O",3.3973539983911074,True,True,True,68.43849182128906,nan,nan,False,False
expanded13,1ZV8_E_ASN1__008__0,1ZV8_E_ASN1,8,0,0.17951763,other,0,0.17951763,True,other,0.17951763,3.4866909980773926,1.5064547061920166,-164.8210;109.3894,t/t,15.1790;70.6106,45.0000;90.0000,True,True,2.9643401850814075,E:LYS3:N,0.9643401850814075,True,4.484970415595696,"sym0[-1,0,1]/A:SER49:O",2.484970415595696,True,True,True,71.25798034667969,nan,nan,False,False
expanded13,1ZV8_E_ASN1__008__1,1ZV8_E_ASN1,8,1,0.24483934,other,1,0.24483934,True,other,0.24483934,1.1810804605484009,2.977612018585205,55.4407;100.0749,g+/t,4.5593;79.9251,45.0000;90.0000,True,True,3.3298091837679973,E:GLN4:CB,1.3298091837679973,True,5.397353998391107,"sym0[-1,0,1]/A:SER49:O",3.3973539983911074,True,True,True,68.570068359375,nan,nan,False,False
expanded13,1ZV8_E_ASN1__008__2,1ZV8_E_ASN1,8,2,0.47346643,B,2,0.47346643,True,B,0.47346643,3.158351421356201,0.23488855361938477,-173.0289;-121.5340,t/t,6.9711;58.4660,45.0000;90.0000,True,True,3.1617681913654296,E:GLN4:N,1.1617681913654296,True,4.318178433111308,"sym0[-1,0,1]/A:SER49:C",2.3181784331113082,True,True,True,51.28952407836914,49.29991912841797,1.9896049499511719,False,False
expanded13,1ZV8_E_ASN1__008__3,1ZV8_E_ASN1,8,3,0.1021766,other,3,0.1021766,True,other,0.1021766,2.2817139625549316,2.985943555831909,-58.2010;-51.1638,g-/p0,1.7990;51.1638,45.0000;90.0000,True,True,3.4202663289868362,E:GLN2:N,1.4202663289868362,True,3.263232576305386,"sym0[-1,0,1]/A:SER49:O",1.263232576305386,True,True,True,64.45639038085938,nan,nan,False,False
expanded13,1ZV8_E_ASN1__009__0,1ZV8_E_ASN1,9,0,0.10334006,other,0,0.10334006,True,other,0.10334006,2.1125545501708984,2.6471829414367676,-58.0360;125.5006,g-/t,1.9640;54.4994,45.0000;90.0000,True,True,3.4202663289868362,E:GLN2:N,1.4202663289868362,True,3.170107127194024,"sym0[-1,0,1]/A:SER49:O",1.170107127194024,True,True,True,66.88013458251953,nan,nan,False,False
expanded13,1ZV8_E_ASN1__009__1,1ZV8_E_ASN1,9,1,0.24454787,other,1,0.24454787,True,other,0.24454787,1.7947413921356201,3.1718266010284424,55.8157;-77.3352,g+/p0,4.1843;77.3352,45.0000;90.0000,True,True,3.1870506189514143,E:GLN4:CB,1.1870506189514143,True,5.397353998391107,"sym0[-1,0,1]/A:SER49:O",3.3973539983911074,True,True,True,70.50819396972656,nan,nan,False,False
expanded13,1ZV8_E_ASN1__009__2,1ZV8_E_ASN1,9,2,0.45027047,other,2,0.45027047,True,other,0.45027047,3.4152495861053467,1.5672292709350586,-172.6461;55.4348,t/p0,7.3539;55.4348,45.0000;90.0000,True,True,3.179385865305153,E:GLN4:N,1.1793858653051532,True,4.451107392921774,"sym0[-1,0,1]/A:SER49:C",2.4511073929217737,True,True,True,68.1955795288086,nan,nan,False,False
expanded13,1ZV8_E_ASN1__009__3,1ZV8_E_ASN1,9,3,0.20184165,other,3,0.20184165,True,other,0.20184165,3.4867465496063232,1.5072479248046875,-164.9133;109.2134,t/t,15.0867;70.7866,45.0000;90.0000,True,True,2.966139298224986,E:LYS3:N,0.9661392982249861,True,4.485560290951983,"sym0[-1,0,1]/A:SER49:O",2.485560290951983,True,True,True,71.25177764892578,nan,nan,False,False
expanded13,1ZV8_E_ASN1__010__0,1ZV8_E_ASN1,10,0,0.22374557,B,0,0.22374557,True,B,0.22374557,3.1060373783111572,0.5427172780036926,-169.1802;-66.7846,t/p0,10.8198;66.7846,45.0000;90.0000,True,True,2.9713465621559654,E:LYS3:N,0.9713465621559654,True,4.552961205224363,"sym0[-1,0,1]/A:SER49:O",2.5529612052243627,True,True,True,47.59453201293945,49.29991912841797,-1.7053871154785156,True,True
expanded13,1ZV8_E_ASN1__010__2,1ZV8_E_ASN1,10,2,0.24685302,other,1,0.24685302,True,other,0.24685302,1.7915033102035522,3.17722225189209,55.4107;-77.6833,g+/p0,4.5893;77.6833,45.0000;90.0000,True,True,3.2003681534460076,E:GLN4:CB,1.2003681534460076,True,5.397353998391107,"sym0[-1,0,1]/A:SER49:O",3.3973539983911074,True,True,True,70.26244354248047,nan,nan,False,False
expanded13,1ZV8_E_ASN1__010__3,1ZV8_E_ASN1,10,3,0.49083307,other,2,0.49083307,True,other,0.49083307,3.422691583633423,1.5678818225860596,-170.4534;55.8125,t/p0,9.5466;55.8125,45.0000;90.0000,True,True,3.2030678882602865,E:GLN4:N,1.2030678882602865,True,4.371403593179934,"sym0[-1,0,1]/A:SER49:C",2.3714035931799344,True,True,True,67.4155502319336,nan,nan,False,False
expanded13,1ZV8_E_ASN1__011__0,1ZV8_E_ASN1,11,0,0.054681245,other,0,0.116454001,False,other,0.0,2.149770975112915,3.11453914642334,-49.0127;-56.9881,g-/p0,10.9873;56.9881,45.0000;90.0000,True,True,3.4202663289868362,E:GLN2:N,1.4202663289868362,True,3.457359560544236,"sym0[-1,0,1]/A:SER49:O",1.4573595605442362,True,True,True,65.64292907714844,nan,nan,False,False
expanded13,1ZV8_E_ASN1__011__1,1ZV8_E_ASN1,11,1,0.24000955,other,1,0.24000955,True,other,0.24000955,1.1935417652130127,2.9748716354370117,55.8519;100.2759,g+/t,4.1481;79.7241,45.0000;90.0000,True,True,3.316367957656236,E:GLN4:CB,1.3163679576562362,True,5.397353998391107,"sym0[-1,0,1]/A:SER49:O",3.3973539983911074,True,True,True,68.59847259521484,nan,nan,False,False
expanded13,1ZV8_E_ASN1__011__2,1ZV8_E_ASN1,11,2,0.64353645,other,2,0.64353645,True,other,0.64353645,3.441301107406616,1.5828099250793457,-170.7565;64.6832,t/p0,9.2435;64.6832,45.0000;90.0000,True,True,3.0661315046732533,E:GLN4:N,1.0661315046732533,True,4.366435650014036,"sym0[-1,0,1]/A:SER49:C",2.3664356500140364,True,True,True,68.7049331665039,nan,nan,False,False
expanded13,1ZV8_E_ASN1__011__3,1ZV8_E_ASN1,11,3,0.061772756,other,0,0.116454001,True,other,0.116454001,2.201347827911377,3.0602633953094482,-52.7123;-65.5295,g-/p0,7.2877;65.5295,45.0000;90.0000,True,True,3.4202663289868362,E:GLN2:N,1.4202663289868362,True,3.38395084234292,"sym0[-1,0,1]/A:SER49:O",1.3839508423429199,True,True,True,65.58685302734375,nan,nan,False,False
expanded13,1ZV8_E_ASN1__012__0,1ZV8_E_ASN1,12,0,0.20463936,B,0,0.20463936,True,B,0.20463936,3.1060984134674072,0.5437495708465576,-169.1688;-66.7125,t/p0,10.8312;66.7125,45.0000;90.0000,True,True,2.970606878089343,E:LYS3:N,0.9706068780893431,True,4.553641245773482,"sym0[-1,0,1]/A:SER49:O",2.5536412457734823,True,True,True,47.597164154052734,49.29991912841797,-1.7027549743652344,True,True
expanded13,1ZV8_E_ASN1__012__1,1ZV8_E_ASN1,12,1,0.062498018,other,1,0.062498018,True,other,0.062498018,1.816900610923767,3.127861976623535,58.9385;-73.6795,g+/p0,1.0615;73.6795,45.0000;90.0000,True,True,3.0877527786152714,E:GLN4:CB,1.0877527786152714,True,5.397353998391107,"sym0[-1,0,1]/A:SER49:O",3.3973539983911074,True,True,True,73.47457885742188,nan,nan,False,False
expanded13,1ZV8_E_ASN1__012__2,1ZV8_E_ASN1,12,2,0.48876026,other,2,0.48876026,True,other,0.48876026,3.422691583633423,1.5692824125289917,-171.0392;56.4995,t/p0,8.9608;56.4995,45.0000;90.0000,True,True,3.1837846222415798,E:GLN4:N,1.1837846222415798,True,4.389824683012158,"sym0[-1,0,1]/A:SER49:C",2.389824683012158,True,True,True,67.69532775878906,nan,nan,False,False
expanded13,1ZV8_E_ASN1__012__3,1ZV8_E_ASN1,12,3,0.24410243,A,3,0.24410243,True,A,0.24410243,0.9084696173667908,3.0282840728759766,46.8476;94.1461,g+/t,13.1524;85.8539,45.0000;90.0000,True,True,3.4202663289868362,E:GLN2:N,1.4202663289868362,True,5.397353998391107,"sym0[-1,0,1]/A:SER49:O",3.3973539983911074,True,True,True,59.9070930480957,64.32124328613281,-4.414150238037109,True,True
expanded13,1ZV8_E_ASN1__013__0,1ZV8_E_ASN1,13,0,0.10665169,other,0,0.10665169,True,other,0.10665169,2.2770047187805176,2.9907634258270264,-57.8759;-51.3273,g-/p0,2.1241;51.3273,45.0000;90.0000,True,True,3.4202663289868362,E:GLN2:N,1.4202663289868362,True,3.269106318351774,"sym0[-1,0,1]/A:SER49:O",1.2691063183517741,True,True,True,64.49040222167969,nan,nan,False,False
expanded13,1ZV8_E_ASN1__013__1,1ZV8_E_ASN1,13,1,0.10392335,other,1,0.10392335,True,other,0.10392335,1.8083217144012451,3.0497922897338867,63.3616;-58.5588,g+/p0,3.3616;58.5588,45.0000;90.0000,True,True,3.002435409915049,E:GLN4:CB,1.0024354099150492,True,5.397353998391107,"sym0[-1,0,1]/A:SER49:O",3.3973539983911074,True,True,True,77.3320541381836,nan,nan,False,False
expanded13,1ZV8_E_ASN1__013__2,1ZV8_E_ASN1,13,2,0.13464059,other,2,0.13464059,True,other,0.13464059,1.2216852903366089,2.968675136566162,56.7749;100.7802,g+/t,3.2251;79.2198,45.0000;90.0000,True,True,3.28636302466455,E:GLN4:CB,1.28636302466455,True,5.397353998391107,"sym0[-1,0,1]/A:SER49:O",3.3973539983911074,True,True,True,68.68721008300781,nan,nan,False,False
expanded13,1ZV8_E_ASN1__013__3,1ZV8_E_ASN1,13,3,0.65478438,other,3,0.65478438,True,other,0.65478438,3.4419822692871094,1.5829747915267944,-170.6295;64.8567,t/p0,9.3705;64.8567,45.0000;90.0000,True,True,3.0655611928074893,E:GLN4:N,1.0655611928074893,True,4.362139563822564,"sym0[-1,0,1]/A:SER49:C",2.3621395638225637,True,True,True,68.68141174316406,nan,nan,False,False
expanded13,1ZV8_E_ASN1__014__0,1ZV8_E_ASN1,14,0,0.074379429,other,0,0.074379429,True,other,0.074379429,3.4730825424194336,1.4841176271438599,-156.1609;116.3761,t/t,23.8391;63.6239,45.0000;90.0000,True,True,2.990485951938296,E:LYS3:N,0.9904859519382958,True,4.345378552594509,"sym0[-1,0,1]/A:SER49:O",2.345378552594509,True,True,True,72.14149475097656,nan,nan,False,False
expanded13,1ZV8_E_ASN1__014__1,1ZV8_E_ASN1,14,1,0.24708235,other,1,0.24708235,True,other,0.24708235,1.7934311628341675,3.1735212802886963,55.6840;-77.3717,g+/p0,4.3160;77.3717,45.0000;90.0000,True,True,3.1910369230065254,E:GLN4:CB,1.1910369230065254,True,5.397353998391107,"sym0[-1,0,1]/A:SER49:O",3.3973539983911074,True,True,True,70.43072509765625,nan,nan,False,False
expanded13,1ZV8_E_ASN1__014__2,1ZV8_E_ASN1,14,2,0.57742584,other,2,0.57742584,True,other,0.57742584,3.431586742401123,1.5781214237213135,-171.5775;61.1216,t/p0,8.4225;61.1216,45.0000;90.0000,True,True,3.1056106097068286,E:GLN4:N,1.1056106097068286,True,4.397520600206688,"sym0[-1,0,1]/A:SER49:C",2.397520600206688,True,True,True,68.58294677734375,nan,nan,False,False
expanded13,1ZV8_E_ASN1__014__3,1ZV8_E_ASN1,14,3,0.1011124,other,3,0.1011124,True,other,0.1011124,2.281550645828247,2.9861576557159424,-58.1884;-51.0272,g-/p0,1.8116;51.0272,45.0000;90.0000,True,True,3.4202663289868362,E:GLN2:N,1.4202663289868362,True,3.263548688264782,"sym0[-1,0,1]/A:SER49:O",1.2635486882647822,True,True,True,64.45561218261719,nan,nan,False,False
expanded13,1ZV8_E_ASN1__015__1,1ZV8_E_ASN1,15,1,0.21722952,other,0,0.21722952,True,other,0.21722952,1.7987533807754517,3.162473440170288,56.4843;-76.3545,g+/p0,3.5157;76.3545,45.0000;90.0000,True,True,3.1639027149747436,E:GLN4:CB,1.1639027149747436,True,5.397353998391107,"sym0[-1,0,1]/A:SER49:O",3.3973539983911074,True,True,True,71.03677368164062,nan,nan,False,False
expanded13,1ZV8_E_ASN1__015__2,1ZV8_E_ASN1,15,2,0.10377814,other,1,0.10377814,True,other,0.10377814,2.2827885150909424,2.9847772121429443,-58.2770;-51.2934,g-/p0,1.7230;51.2934,45.0000;90.0000,True,True,3.4202663289868362,E:GLN2:N,1.4202663289868362,True,3.261787953265644,"sym0[-1,0,1]/A:SER49:O",1.2617879532656442,True,True,True,64.4578628540039,nan,nan,False,False
expanded13,1ZV8_E_ASN1__015__3,1ZV8_E_ASN1,15,3,0.65351647,other,2,0.65351647,True,other,0.65351647,3.439528226852417,1.5822062492370605,-170.9934;64.1194,t/p0,9.0066;64.1194,45.0000;90.0000,True,True,3.0706000422924102,E:GLN4:N,1.0706000422924102,True,4.3745766993007384,"sym0[-1,0,1]/A:SER49:C",2.3745766993007384,True,True,True,68.7622299194336,nan,nan,False,False
expanded13,1ZV8_E_ASN1__016__0,1ZV8_E_ASN1,16,0,0.64499581,B,0,0.64499581,True,B,0.64499581,3.1451618671417236,0.13792331516742706,-171.5148;-115.3602,t/t,8.4852;64.6398,45.0000;90.0000,True,True,3.108252678753303,E:GLN4:N,1.1082526787533031,True,4.252600242200664,"sym0[-1,0,1]/A:SER49:C",2.252600242200664,True,True,True,50.44244384765625,49.29991912841797,1.1425247192382812,False,False
expanded13,1ZV8_E_ASN1__016__1,1ZV8_E_ASN1,16,1,0.060196053,other,1,0.060196053,True,other,0.060196053,1.0313920974731445,2.9967403411865234,51.6949;90.0924,g+/t,8.3051;89.9076,45.0000;90.0000,True,True,3.4202663289868362,E:GLN2:N,1.4202663289868362,True,5.397353998391107,"sym0[-1,0,1]/A:SER49:O",3.3973539983911074,True,True,True,68.09036254882812,nan,nan,False,False
expanded13,1ZV8_E_ASN1__016__2,1ZV8_E_ASN1,16,2,0.18391915,other,2,0.18391915,True,other,0.18391915,1.8018088340759277,3.1578972339630127,56.8258;-76.1467,g+/p0,3.1742;76.1467,45.0000;90.0000,True,True,3.1534052881463066,E:GLN4:CB,1.1534052881463066,True,5.397353998391107,"sym0[-1,0,1]/A:SER49:O",3.3973539983911074,True,True,True,71.29019927978516,nan,nan,False,False
expanded13,1ZV8_E_ASN1__016__3,1ZV8_E_ASN1,16,3,0.11088903,other,3,0.11088903,True,other,0.11088903,2.1148483753204346,2.64597749710083,-58.1345;125.4181,g-/t,1.8655;54.5819,45.0000;90.0000,True,True,3.4202663289868362,E:GLN2:N,1.4202663289868362,True,3.1687446262651227,"sym0[-1,0,1]/A:SER49:O",1.1687446262651227,True,True,True,66.87152099609375,nan,nan,False,False
expanded13,1ZV8_E_ASN1__017__1,1ZV8_E_ASN1,17,1,0.28574377,other,0,0.28574377,True,other,0.28574377,1.7771005630493164,3.1973369121551514,53.8335;-78.4254,g+/p0,6.1665;78.4254,45.0000;90.0000,True,True,3.250727519030445,E:GLN4:CB,1.2507275190304452,True,5.397353998391107,"sym0[-1,0,1]/A:SER49:O",3.3973539983911074,True,True,True,69.4871597290039,nan,nan,False,False
expanded13,1ZV8_E_ASN1__017__2,1ZV8_E_ASN1,17,2,0.24624626,other,1,0.24624626,True,other,0.24624626,3.4868764877319336,1.5082110166549683,-164.7645;108.9864,t/t,15.2355;71.0136,45.0000;90.0000,True,True,2.9699207621580594,E:LYS3:N,0.9699207621580594,True,4.478401385870249,"sym0[-1,0,1]/A:SER49:O",2.4784013858702494,True,True,True,71.20526885986328,nan,nan,False,False
expanded13,1ZV8_E_ASN1__017__3,1ZV8_E_ASN1,17,3,0.4618921,other,2,0.4618921,True,other,0.4618921,3.41711688041687,1.5663161277770996,-171.8483;55.1614,t/p0,8.1517;55.1614,45.0000;90.0000,True,True,3.1941412770932773,E:GLN4:N,1.1941412770932773,True,4.423486291731568,"sym0[-1,0,1]/A:SER49:C",2.4234862917315683,True,True,True,67.83194732666016,nan,nan,False,False
expanded13,1ZV8_E_ASN1__018__0,1ZV8_E_ASN1,18,0,0.40831086,other,0,0.40831086,True,other,0.40831086,3.420099973678589,1.5660037994384766,-170.7028;55.0118,t/p0,9.2972;55.0118,45.0000;90.0000,True,True,3.2123780530230546,E:GLN4:N,1.2123780530230546,True,4.383136582995635,"sym0[-1,0,1]/A:SER49:C",2.3831365829956352,True,True,True,67.40784454345703,nan,nan,False,False
expanded13,1ZV8_E_ASN1__018__1,1ZV8_E_ASN1,18,1,0.24637449,B,1,0.24637449,True,B,0.24637449,3.1058807373046875,0.5399194359779358,-169.2040;-66.9845,t/p0,10.7960;66.9845,45.0000;90.0000,True,True,2.9734533986427305,E:LYS3:N,0.9734533986427305,True,4.550809661232575,"sym0[-1,0,1]/A:SER49:O",2.5508096612325746,True,True,True,47.5867919921875,49.29991912841797,-1.7131271362304688,True,True
expanded13,1ZV8_E_ASN1__018__2,1ZV8_E_ASN1,18,2,0.28886253,other,2,0.28886253,True,other,0.28886253,1.0829204320907593,2.997756242752075,52.2633;98.2538,g+/t,7.7367;81.7462,45.0000;90.0000,True,True,3.4202663289868362,E:GLN2:N,1.4202663289868362,True,5.397353998391107,"sym0[-1,0,1]/A:SER49:O",3.3973539983911074,True,True,True,68.4398193359375,nan,nan,False,False
expanded13,1ZV8_E_ASN1__018__3,1ZV8_E_ASN1,18,3,0.056452189,other,3,0.056452189,True,other,0.056452189,3.1527464389801025,0.2650772035121918,-175.8177;-120.6542,t/t,4.1823;59.3458,45.0000;90.0000,True,True,3.110217015204554,E:GLN4:N,1.110217015204554,True,4.416074553090565,"sym0[-1,0,1]/A:SER49:C",2.4160745530905654,True,True,True,67.13288879394531,nan,nan,False,False
expanded13,1ZV8_E_ASN1__019__0,1ZV8_E_ASN1,19,0,0.18531239,other,0,0.241008304,True,other,0.241008304,1.8009588718414307,3.1596486568450928,56.7006;-76.3028,g+/p0,3.2994;76.3028,45.0000;90.0000,True,True,3.157533176514706,E:GLN4:CB,1.1575331765147059,True,5.397353998391107,"sym0[-1,0,1]/A:SER49:O",3.3973539983911074,True,True,True,71.18623352050781,nan,nan,False,False
expanded13,1ZV8_E_ASN1__019__1,1ZV8_E_ASN1,19,1,0.055695914,other,0,0.241008304,False,other,0.0,1.8144668340682983,3.1570510864257812,57.0826;-79.1149,g+/p0,2.9174;79.1149,45.0000;90.0000,True,True,3.158600177413798,E:GLN4:CB,1.1586001774137982,True,5.397353998391107,"sym0[-1,0,1]/A:SER49:O",3.3973539983911074,True,True,True,71.08648681640625,nan,nan,False,False
expanded13,1ZV8_E_ASN1__019__2,1ZV8_E_ASN1,19,2,0.11311573,other,1,0.11311573,True,other,0.11311573,2.106062173843384,2.6508421897888184,-57.7528;125.2173,g-/t,2.2472;54.7827,45.0000;90.0000,True,True,3.4202663289868362,E:GLN2:N,1.4202663289868362,True,3.174612356448031,"sym0[-1,0,1]/A:SER49:O",1.1746123564480309,True,True,True,66.8978042602539,nan,nan,False,False
expanded13,1ZV8_E_ASN1__019__3,1ZV8_E_ASN1,19,3,0.64587599,other,2,0.64587599,True,other,0.64587599,3.4402034282684326,1.5823837518692017,-170.8758;64.2952,t/p0,9.1242;64.2952,45.0000;90.0000,True,True,3.0698029713094055,E:GLN4:N,1.0698029713094055,True,4.370533925560024,"sym0[-1,0,1]/A:SER49:C",2.370533925560024,True,True,True,68.71401977539062,nan,nan,False,False
expanded13,1ZV8_E_ASN1__020__0,1ZV8_E_ASN1,20,0,0.27867788,other,0,0.27867788,True,other,0.27867788,1.0861691236495972,2.9977829456329346,52.3064;98.6736,g+/t,7.6936;81.3264,45.0000;90.0000,True,True,3.4202663289868362,E:GLN2:N,1.4202663289868362,True,5.397353998391107,"sym0[-1,0,1]/A:SER49:O",3.3973539983911074,True,True,True,68.46477508544922,nan,nan,False,False
expanded13,1ZV8_E_ASN1__020__1,1ZV8_E_ASN1,20,1,0.70753169,B,1,0.70753169,True,B,0.70753169,3.1432013511657715,0.12046677619218826,-170.4535;-114.1163,t/t,9.5465;65.8837,45.0000;90.0000,True,True,3.1121347647478617,E:GLN4:N,1.1121347647478617,True,4.216646380826575,"sym0[-1,0,1]/A:SER49:C",2.2166463808265746,True,True,True,50.30548095703125,49.29991912841797,1.0055618286132812,False,False
expanded13,1ZV8_E_ASN1__021__0,1ZV8_E_ASN1,21,0,0.24440661,other,0,0.24440661,True,other,0.24440661,1.1839358806610107,2.9769742488861084,55.5358;100.1149,g+/t,4.4642;79.8851,45.0000;90.0000,True,True,3.3267197432442543,E:GLN4:CB,1.3267197432442543,True,5.397353998391107,"sym0[-1,0,1]/A:SER49:O",3.3973539983911074,True,True,True,68.57369232177734,nan,nan,False,False
expanded13,1ZV8_E_ASN1__021__1,1ZV8_E_ASN1,21,1,0.10479679,other,1,0.10479679,True,other,0.10479679,2.1157569885253906,2.6454546451568604,-58.1744;125.4686,g-/t,1.8256;54.5314,45.0000;90.0000,True,True,3.4202663289868362,E:GLN2:N,1.4202663289868362,True,3.1681087666523253,"sym0[-1,0,1]/A:SER49:O",1.1681087666523253,True,True,True,66.87173461914062,nan,nan,False,False
expanded13,1ZV8_E_ASN1__021__2,1ZV8_E_ASN1,21,2,0.19535927,B,2,0.19535927,True,B,0.19535927,3.1059153079986572,0.5423085689544678,-169.2835;-66.7435,t/p0,10.7165;66.7435,45.0000;90.0000,True,True,2.9703896410314994,E:LYS3:N,0.9703896410314994,True,4.556566926147473,"sym0[-1,0,1]/A:SER49:O",2.5565669261474726,True,True,True,47.58768081665039,49.29991912841797,-1.7122383117675781,True,True
expanded13,1ZV8_E_ASN1__021__3,1ZV8_E_ASN1,21,3,0.45543736,other,3,0.45543736,True,other,0.45543736,3.418654680252075,1.567439079284668,-171.7316;55.6542,t/p0,8.2684;55.6542,45.0000;90.0000,True,True,3.1877848791297057,E:GLN4:N,1.1877848791297057,True,4.417427751650146,"sym0[-1,0,1]/A:SER49:C",2.4174277516501457,True,True,True,67.8525161743164,nan,nan,False,False
expanded13,1ZV8_E_ASN1__022__0,1ZV8_E_ASN1,22,0,0.21986037,B,0,0.21986037,True,B,0.21986037,3.1060092449188232,0.5424162149429321,-169.1959;-66.7967,t/p0,10.8041;66.7967,45.0000;90.0000,True,True,2.9714060226845365,E:LYS3:N,0.9714060226845365,True,4.553238616150492,"sym0[-1,0,1]/A:SER49:O",2.553238616150492,True,True,True,47.59257507324219,49.29991912841797,-1.7073440551757812,True,True
expanded13,1ZV8_E_ASN1__022__1,1ZV8_E_ASN1,22,1,0.28844416,other,1,0.28844416,True,other,0.28844416,1.0839186906814575,2.9975740909576416,52.2942;98.2799,g+/t,7.7058;81.7201,45.0000;90.0000,True,True,3.4202663289868362,E:GLN2:N,1.4202663289868362,True,5.397353998391107,"sym0[-1,0,1]/A:SER49:O",3.3973539983911074,True,True,True,68.43939971923828,nan,nan,False,False
expanded13,1ZV8_E_ASN1__022__3,1ZV8_E_ASN1,22,3,0.48781493,other,2,0.48781493,True,other,0.48781493,3.4222030639648438,1.5681523084640503,-170.7666;55.9678,t/p0,9.2334;55.9678,45.0000;90.0000,True,True,3.196091181454157,E:GLN4:N,1.196091181454157,True,4.38195378440203,"sym0[-1,0,1]/A:SER49:C",2.3819537844020298,True,True,True,67.52376556396484,nan,nan,False,False
expanded13,1ZV8_E_ASN1__023__0,1ZV8_E_ASN1,23,0,0.17333409,other,0,0.17333409,True,other,0.17333409,3.1061086654663086,0.5450478196144104,-169.2224;-66.5740,t/p0,10.7776;66.5740,45.0000;90.0000,True,True,2.968814854064103,E:LYS3:N,0.9688148540641031,True,4.557198152581976,"sym0[-1,0,1]/A:SER49:O",2.557198152581976,True,True,True,60.82884979248047,nan,nan,False,False
expanded13,1ZV8_E_ASN1__023__1,1ZV8_E_ASN1,23,1,0.2431169,other,1,0.2431169,True,other,0.2431169,1.7945176362991333,3.1719439029693604,55.8044;-77.3055,g+/p0,4.1956;77.3055,45.0000;90.0000,True,True,3.187256713737568,E:GLN4:CB,1.1872567137375678,True,5.397353998391107,"sym0[-1,0,1]/A:SER49:O",3.3973539983911074,True,True,True,70.50604248046875,nan,nan,False,False
expanded13,1ZV8_E_ASN1__023__2,1ZV8_E_ASN1,23,2,0.47790778,B,2,0.47790778,True,B,0.47790778,3.1590309143066406,0.22587762773036957,-172.1096;-121.4808,t/t,7.8904;58.5192,45.0000;90.0000,True,True,3.175669723278904,E:GLN4:N,1.175669723278904,True,4.285145521887415,"sym0[-1,0,1]/A:SER49:C",2.285145521887415,True,True,True,51.30402755737305,49.29991912841797,2.004108428955078,False,False
expanded13,1ZV8_E_ASN1__023__3,1ZV8_E_ASN1,23,3,0.10564121,other,3,0.10564121,True,other,0.10564121,2.280841112136841,2.9868011474609375,-58.1418;-51.3081,g-/p0,1.8582;51.3081,45.0000;90.0000,True,True,3.4202663289868362,E:GLN2:N,1.4202663289868362,True,3.264227564768803,"sym0[-1,0,1]/A:SER49:O",1.2642275647688028,True,True,True,64.46929168701172,nan,nan,False,False
expanded13,1ZV8_E_ASN1__024__0,1ZV8_E_ASN1,24,0,0.11259184,other,0,0.11259184,True,other,0.11259184,2.2777798175811768,2.9899184703826904,-57.9309;-51.4604,g-/p0,2.0691;51.4604,45.0000;90.0000,True,True,3.4202663289868362,E:GLN2:N,1.4202663289868362,True,3.268011004246862,"sym0[-1,0,1]/A:SER49:O",1.268011004246862,True,True,True,64.49276733398438,nan,nan,False,False
expanded13,1ZV8_E_ASN1__024__1,1ZV8_E_ASN1,24,1,0.64737374,B,1,0.64737374,True,B,0.64737374,3.1453781127929688,0.13787506520748138,-171.3553;-115.4026,t/t,8.6447;64.5974,45.0000;90.0000,True,True,3.1114582179442096,E:GLN4:N,1.1114582179442096,True,4.247183245408528,"sym0[-1,0,1]/A:SER49:C",2.247183245408528,True,True,True,50.45164489746094,49.29991912841797,1.1517257690429688,False,False
expanded13,1ZV8_E_ASN1__024__2,1ZV8_E_ASN1,24,2,0.1417736,other,2,0.1417736,True,other,0.1417736,1.8049931526184082,3.1522741317749023,57.2335;-75.7568,g+/p0,2.7665;75.7568,45.0000;90.0000,True,True,3.1405252632505944,E:GLN4:CB,1.1405252632505944,True,5.397353998391107,"sym0[-1,0,1]/A:SER49:O",3.3973539983911074,True,True,True,71.64202880859375,nan,nan,False,False
expanded13,1ZV8_E_ASN1__024__3,1ZV8_E_ASN1,24,3,0.09826088,other,3,0.09826088,True,other,0.09826088,1.249017596244812,2.962646245956421,57.6640;101.3333,g+/t,2.3360;78.6667,45.0000;90.0000,True,True,3.2577331601521204,E:GLN4:CB,1.2577331601521204,True,5.397353998391107,"sym0[-1,0,1]/A:SER49:O",3.3973539983911074,True,True,True,68.7984848022461,nan,nan,False,False
expanded13,1ZV8_E_ASN1__025__0,1ZV8_E_ASN1,25,0,0.10363535,other,0,0.10363535,True,other,0.10363535,2.281825304031372,2.9858133792877197,-58.2092;-51.2027,g-/p0,1.7908;51.2027,45.0000;90.0000,True,True,3.4202663289868362,E:GLN2:N,1.4202663289868362,True,3.263063504622724,"sym0[-1,0,1]/A:SER49:O",1.2630635046227239,True,True,True,64.45770263671875,nan,nan,False,False
expanded13,1ZV8_E_ASN1__025__1,1ZV8_E_ASN1,25,1,0.58056563,other,1,0.58056563,True,other,0.58056563,3.433161973953247,1.5792436599731445,-171.5633;61.8329,t/p0,8.4367;61.8329,45.0000;90.0000,True,True,3.095379756999732,E:GLN4:N,1.0953797569997321,True,4.395991827709631,"sym0[-1,0,1]/A:SER49:C",2.395991827709631,True,True,True,68.68790435791016,nan,nan,False,False
expanded13,1ZV8_E_ASN1__025__2,1ZV8_E_ASN1,25,2,0.24592051,other,2,0.24592051,True,other,0.24592051,1.1753746271133423,2.978820323944092,55.2556;99.9640,g+/t,4.7444;80.0360,45.0000;90.0000,True,True,3.335977506154788,E:GLN4:CB,1.335977506154788,True,5.397353998391107,"sym0[-1,0,1]/A:SER49:O",3.3973539983911074,True,True,True,68.55347442626953,nan,nan,False,False
expanded13,1ZV8_E_ASN1__025__3,1ZV8_E_ASN1,25,3,0.069878571,other,3,0.069878571,True,other,0.069878571,3.127951145172119,0.8066303730010986,-161.3066;-53.2094,t/p0,18.6934;53.2094,45.0000;90.0000,True,True,2.959444006985588,E:LYS3:N,0.9594440069855881,True,4.569403234196316,"sym0[-1,0,1]/A:SER49:O",2.569403234196316,True,True,True,62.865684509277344,nan,nan,False,False
expanded13,1ZV8_E_ASN1__026__0,1ZV8_E_ASN1,26,0,0.59856653,other,0,0.59856653,True,other,0.59856653,3.4343626499176025,1.5779895782470703,-170.6208;61.1699,t/p0,9.3792;61.1699,45.0000;90.0000,True,True,3.1181620479865977,E:GLN4:N,1.1181620479865977,True,4.364309078057567,"sym0[-1,0,1]/A:SER49:C",2.364309078057567,True,True,True,68.1544189453125,nan,nan,False,False
expanded13,1ZV8_E_ASN1__026__1,1ZV8_E_ASN1,26,1,0.069093153,other,1,0.069093153,True,other,0.069093153,2.4762704372406006,2.6259639263153076,-71.6080;55.0837,g-/p0,11.6080;55.0837,45.0000;90.0000,True,True,3.4202663289868362,E:GLN2:N,1.4202663289868362,True,4.08305028469713,"sym0[-1,0,1]/A:SER49:O",2.08305028469713,True,True,True,64.88700103759766,nan,nan,False,False
expanded13,1ZV8_E_ASN1__026__2,1ZV8_E_ASN1,26,2,0.26730463,other,2,0.26730463,True,other,0.26730463,1.1030170917510986,2.993717670440674,52.9155;98.5990,g+/t,7.0845;81.4010,45.0000;90.0000,True,True,3.415731144427956,E:GLN4:CB,1.415731144427956,True,5.397353998391107,"sym0[-1,0,1]/A:SER49:O",3.3973539983911074,True,True,True,68.44888305664062,nan,nan,False,False
expanded13,1ZV8_E_ASN1__026__3,1ZV8_E_ASN1,26,3,0.065035686,other,3,0.065035686,True,other,0.065035686,3.1051180362701416,0.5305947661399841,-169.5291;-67.4811,t/p0,10.4709;67.4811,45.0000;90.0000,True,True,2.977541049311737,E:LYS3:N,0.9775410493117369,True,4.55341659924583,"sym0[-1,0,1]/A:SER49:O",2.55341659924583,True,True,True,60.788414001464844,nan,nan,False,False
expanded13,1ZV8_E_ASN1__027__0,1ZV8_E_ASN1,27,0,0.19814683,B,0,0.19814683,True,B,0.19814683,3.105875015258789,0.5417765974998474,-169.3000;-66.7730,t/p0,10.7000;66.7730,45.0000;90.0000,True,True,2.9706347531405695,E:LYS3:N,0.9706347531405695,True,4.556620871655124,"sym0[-1,0,1]/A:SER49:O",2.5566208716551238,True,True,True,47.586463928222656,49.29991912841797,-1.7134552001953125,True,True
expanded13,1ZV8_E_ASN1__027__1,1ZV8_E_ASN1,27,1,0.45340249,other,1,0.45340249,True,other,0.45340249,3.418771266937256,1.5672307014465332,-171.6255;55.5687,t/p0,8.3745;55.5687,45.0000;90.0000,True,True,3.1905828681388027,E:GLN4:N,1.1905828681388027,True,4.413949985009407,"sym0[-1,0,1]/A:SER49:C",2.413949985009407,True,True,True,67.79023742675781,nan,nan,False,False
expanded13,1ZV8_E_ASN1__027__2,1ZV8_E_ASN1,27,2,0.1050399,other,2,0.1050399,True,other,0.1050399,2.2791013717651367,2.988706350326538,-58.0181;-50.9791,g-/p0,1.9819;50.9791,45.0000;90.0000,True,True,3.4202663289868362,E:GLN2:N,1.4202663289868362,True,3.266712283088908,"sym0[-1,0,1]/A:SER49:O",1.266712283088908,True,True,True,64.46427154541016,nan,nan,False,False
expanded13,1ZV8_E_ASN1__027__3,1ZV8_E_ASN1,27,3,0.24341087,other,3,0.24341087,True,other,0.24341087,1.794681191444397,3.1715221405029297,55.8345;-77.2560,g+/p0,4.1655;77.2560,45.0000;90.0000,True,True,3.1861776090567986,E:GLN4:CB,1.1861776090567986,True,5.397353998391107,"sym0[-1,0,1]/A:SER49:O",3.3973539983911074,True,True,True,70.5362548828125,nan,nan,False,False
expanded13,1ZV8_E_ASN1__028__0,1ZV8_E_ASN1,28,0,0.63924712,B,0,0.63924712,True,B,0.63924712,3.1446025371551514,0.13454890251159668,-171.5301;-115.1106,t/t,8.4699;64.8894,45.0000;90.0000,True,True,3.105040577356126,E:GLN4:N,1.1050405773561258,True,4.253008030582919,"sym0[-1,0,1]/A:SER49:C",2.2530080305829188,True,True,True,50.41101837158203,49.29991912841797,1.1110992431640625,False,False
expanded13,1ZV8_E_ASN1__028__2,1ZV8_E_ASN1,28,2,0.10808904,other,1,0.10808904,True,other,0.10808904,2.281752347946167,2.985805034637451,-58.2065;-51.4391,g-/p0,1.7935;51.4391,45.0000;90.0000,True,True,3.4202663289868362,E:GLN2:N,1.4202663289868362,True,3.2629895961657454,"sym0[-1,0,1]/A:SER49:O",1.2629895961657454,True,True,True,64.46819305419922,nan,nan,False,False
expanded13,1ZV8_E_ASN1__028__3,1ZV8_E_ASN1,28,3,0.24489066,other,2,0.24489066,True,other,0.24489066,1.1744027137756348,2.9790358543395996,55.2235;99.9501,g+/t,4.7765;80.0499,45.0000;90.0000,True,True,3.3370395758016898,E:GLN4:CB,1.3370395758016898,True,5.397353998391107,"sym0[-1,0,1]/A:SER49:O",3.3973539983911074,True,True,True,68.55143737792969,nan,nan,False,False
expanded13,1ZV8_E_ASN1__029__0,1ZV8_E_ASN1,29,0,0.069766857,other,0,0.069766857,True,other,0.069766857,3.12795352935791,0.8066256046295166,-161.3090;-53.2068,t/p0,18.6910;53.2068,45.0000;90.0000,True,True,2.959393910244347,E:LYS3:N,0.959393910244347,True,4.569522966310916,"sym0[-1,0,1]/A:SER49:O",2.569522966310916,True,True,True,62.865684509277344,nan,nan,False,False
expanded13,1ZV8_E_ASN1__029__1,1ZV8_E_ASN1,29,1,0.58066022,other,1,0.58066022,True,other,0.58066022,3.43316388130188,1.5792465209960938,-171.5647;61.8371,t/p0,8.4353;61.8371,45.0000;90.0000,True,True,3.095298572227605,E:GLN4:N,1.095298572227605,True,4.39605218277506,"sym0[-1,0,1]/A:SER49:C",2.39605218277506,True,True,True,68.68790435791016,nan,nan,False,False
expanded13,1ZV8_E_ASN1__029__2,1ZV8_E_ASN1,29,2,0.24592222,other,2,0.24592222,True,other,0.24592222,1.1753839254379272,2.9788177013397217,55.2561;99.9639,g+/t,4.7439;80.0361,45.0000;90.0000,True,True,3.335965393237768,E:GLN4:CB,1.335965393237768,True,5.397353998391107,"sym0[-1,0,1]/A:SER49:O",3.3973539983911074,True,True,True,68.55347442626953,nan,nan,False,False
expanded13,1ZV8_E_ASN1__029__3,1ZV8_E_ASN1,29,3,0.10365072,other,3,0.10365072,True,other,0.10365072,2.281826972961426,2.9858124256134033,-58.2093;-51.2023,g-/p0,1.7907;51.2023,45.0000;90.0000,True,True,3.4202663289868362,E:GLN2:N,1.4202663289868362,True,3.2630618443744064,"sym0[-1,0,1]/A:SER49:O",1.2630618443744064,True,True,True,64.45770263671875,nan,nan,False,False
expanded13,1ZV8_E_ASN1__030__0,1ZV8_E_ASN1,30,0,0.058718167,other,0,0.058718167,True,other,0.058718167,1.8020604848861694,3.1554291248321533,56.9865;-75.7023,g+/p0,3.0135;75.7023,45.0000;90.0000,True,True,3.1473274568842995,E:GLN4:CB,1.1473274568842995,True,5.397353998391107,"sym0[-1,0,1]/A:SER49:O",3.3973539983911074,True,True,True,71.46422576904297,nan,nan,False,False
expanded13,1ZV8_E_ASN1__030__1,1ZV8_E_ASN1,30,1,0.1131731,other,1,0.1131731,True,other,0.1131731,2.1092934608459473,2.649045944213867,-57.8932;125.3119,g-/t,2.1068;54.6881,45.0000;90.0000,True,True,3.4202663289868362,E:GLN2:N,1.4202663289868362,True,3.1724186904335636,"sym0[-1,0,1]/A:SER49:O",1.1724186904335636,True,True,True,66.88584899902344,nan,nan,False,False
expanded13,1ZV8_E_ASN1__030__2,1ZV8_E_ASN1,30,2,0.18298112,other,2,0.18298112,True,other,0.18298112,1.2108885049819946,2.9712233543395996,56.4078;100.6610,g+/t,3.5922;79.3390,45.0000;90.0000,True,True,3.2978960334402063,E:GLN4:CB,1.2978960334402063,True,5.397353998391107,"sym0[-1,0,1]/A:SER49:O",3.3973539983911074,True,True,True,68.6524429321289,nan,nan,False,False
expanded13,1ZV8_E_ASN1__030__3,1ZV8_E_ASN1,30,3,0.64512759,other,3,0.64512759,True,other,0.64512759,3.4395687580108643,1.5823092460632324,-171.0331;64.1933,t/p0,8.9669;64.1933,45.0000;90.0000,True,True,3.069020542330885,E:GLN4:N,1.0690205423308852,True,4.375911906380453,"sym0[-1,0,1]/A:SER49:C",2.375911906380453,True,True,True,68.7667236328125,nan,nan,False,False
expanded13,1ZV8_E_ASN1__031__0,1ZV8_E_ASN1,31,0,0.65538311,B,0,0.65538311,True,B,0.65538311,3.147341012954712,0.15308670699596405,-171.6833;-116.3968,t/t,8.3167;63.6032,45.0000;90.0000,True,True,3.117870287930587,E:GLN4:N,1.1178702879305868,True,4.259137176854233,"sym0[-1,0,1]/A:SER49:C",2.2591371768542334,True,True,True,50.583099365234375,49.29991912841797,1.2831802368164062,False,False
expanded13,1ZV8_E_ASN1__031__1,1ZV8_E_ASN1,31,1,0.075722456,other,1,0.075722456,True,other,0.075722456,1.8299564123153687,3.184150218963623,55.5310;-91.2866,g+/t,4.4690;88.7134,45.0000;90.0000,True,True,3.2987279300697625,E:GLN4:CB,1.2987279300697625,True,5.397353998391107,"sym0[-1,0,1]/A:SER49:O",3.3973539983911074,True,True,True,69.61157989501953,nan,nan,False,False
expanded13,1ZV8_E_ASN1__031__2,1ZV8_E_ASN1,31,2,0.18302995,other,2,0.18302995,True,other,0.18302995,1.2052510976791382,2.9724514484405518,56.2241;100.5534,g+/t,3.7759;79.4466,45.0000;90.0000,True,True,3.303895982554912,E:GLN4:CB,1.303895982554912,True,5.397353998391107,"sym0[-1,0,1]/A:SER49:O",3.3973539983911074,True,True,True,68.6348876953125,nan,nan,False,False
expanded13,1ZV8_E_ASN1__031__3,1ZV8_E_ASN1,31,3,0.085864477,other,3,0.085864477,True,other,0.085864477,2.467109441757202,2.6302781105041504,-71.1765;55.4579,g-/p0,11.1765;55.4579,45.0000;90.0000,True,True,3.4202663289868362,E:GLN2:N,1.4202663289868362,True,4.074246838074306,"sym0[-1,0,1]/A:SER49:O",2.0742468380743064,True,True,True,64.87474822998047,nan,nan,False,False
expanded13,1ZV8_E_ASN1__032__0,1ZV8_E_ASN1,32,0,0.6472162,other,0,0.6472162,True,other,0.6472162,3.4400267601013184,1.5824064016342163,-170.9426;64.2983,t/p0,9.0574;64.2983,45.0000;90.0000,True,True,3.068825036710408,E:GLN4:N,1.068825036710408,True,4.372808975233546,"sym0[-1,0,1]/A:SER49:C",2.3728089752335464,True,True,True,68.74083709716797,nan,nan,False,False
expanded13,1ZV8_E_ASN1__032__2,1ZV8_E_ASN1,32,2,0.20187409,other,1,0.20187409,True,other,0.20187409,1.2002991437911987,2.9734437465667725,56.0694;100.4194,g+/t,3.9306;79.5806,45.0000;90.0000,True,True,3.3091428690611653,E:GLN4:CB,1.3091428690611653,True,5.397353998391107,"sym0[-1,0,1]/A:SER49:O",3.3973539983911074,True,True,True,68.61788177490234,nan,nan,False,False
expanded13,1ZV8_E_ASN1__032__3,1ZV8_E_ASN1,32,3,0.1092324,other,2,0.1092324,True,other,0.1092324,2.109354019165039,2.648937940597534,-57.8973;125.4589,g-/t,2.1027;54.5411,45.0000;90.0000,True,True,3.4202663289868362,E:GLN2:N,1.4202663289868362,True,3.1722102167014317,"sym0[-1,0,1]/A:SER49:O",1.1722102167014317,True,True,True,66.88843536376953,nan,nan,False,False
expanded13,1ZV8_E_ASN1__033__0,1ZV8_E_ASN1,33,0,0.072765864,other,0,0.072765864,True,other,0.072765864,1.159757375717163,2.9852545261383057,54.4782;101.2300,g+/t,5.5218;78.7700,45.0000;90.0000,True,True,3.354567045941463,E:GLN4:CB,1.354567045941463,True,5.397353998391107,"sym0[-1,0,1]/A:SER49:O",3.3973539983911074,True,True,True,68.63871002197266,nan,nan,False,False
expanded13,1ZV8_E_ASN1__033__1,1ZV8_E_ASN1,33,1,0.11096461,other,1,0.11096461,True,other,0.11096461,2.113754987716675,2.6465959548950195,-58.0868;125.3664,g-/t,1.9132;54.6336,45.0000;90.0000,True,True,3.4202663289868362,E:GLN2:N,1.4202663289868362,True,3.169503607611352,"sym0[-1,0,1]/A:SER49:O",1.169503607611352,True,True,True,66.87467956542969,nan,nan,False,False
expanded13,1ZV8_E_ASN1__033__2,1ZV8_E_ASN1,33,2,0.17025042,other,2,0.17025042,True,other,0.17025042,1.802636742591858,3.155714273452759,56.9779;-75.8971,g+/p0,3.0221;75.8971,45.0000;90.0000,True,True,3.1482249457128213,E:GLN4:CB,1.1482249457128213,True,5.397353998391107,"sym0[-1,0,1]/A:SER49:O",3.3973539983911074,True,True,True,71.43635559082031,nan,nan,False,False
expanded13,1ZV8_E_ASN1__033__3,1ZV8_E_ASN1,33,3,0.64601904,other,3,0.64601904,True,other,0.64601904,3.4399805068969727,1.5825200080871582,-171.0134;64.3697,t/p0,8.9866;64.3697,45.0000;90.0000,True,True,3.06683517729743,E:GLN4:N,1.0668351772974298,True,4.375199689117385,"sym0[-1,0,1]/A:SER49:C",2.3751996891173848,True,True,True,68.79899597167969,nan,nan,False,False
expanded13,1ZV8_E_ASN1__034__0,1ZV8_E_ASN1,34,0,0.069792703,other,0,0.069792703,True,other,0.069792703,3.12793231010437,0.8064748048782349,-161.3082;-53.2213,t/p0,18.6918;53.2213,45.0000;90.0000,True,True,2.9594540127044633,E:LYS3:N,0.9594540127044633,True,4.569230998475429,"sym0[-1,0,1]/A:SER49:O",2.5692309984754287,True,True,True,62.865684509277344,nan,nan,False,False
expanded13,1ZV8_E_ASN1__034__1,1ZV8_E_ASN1,34,1,0.10519332,other,1,0.10519332,True,other,0.10519332,2.114314079284668,2.6462438106536865,-58.1118;125.4647,g-/t,1.8882;54.5353,45.0000;90.0000,True,True,3.4202663289868362,E:GLN2:N,1.4202663289868362,True,3.169026851720627,"sym0[-1,0,1]/A:SER49:O",1.169026851720627,True,True,True,66.87498474121094,nan,nan,False,False
expanded13,1ZV8_E_ASN1__034__2,1ZV8_E_ASN1,34,2,0.24522309,other,2,0.24522309,True,other,0.24522309,1.1773451566696167,2.9784016609191895,55.3198;100.0013,g+/t,4.6802;79.9987,45.0000;90.0000,True,True,3.33384549806522,E:GLN4:CB,1.33384549806522,True,5.397353998391107,"sym0[-1,0,1]/A:SER49:O",3.3973539983911074,True,True,True,68.55990600585938,nan,nan,False,False
expanded13,1ZV8_E_ASN1__034__3,1ZV8_E_ASN1,34,3,0.57979089,other,3,0.57979089,True,other,0.57979089,3.432934522628784,1.5791876316070557,-171.6063;61.7859,t/p0,8.3937;61.7859,45.0000;90.0000,True,True,3.0954826679698786,E:GLN4:N,1.0954826679698786,True,4.3975551145260265,"sym0[-1,0,1]/A:SER49:C",2.3975551145260265,True,True,True,68.70336151123047,nan,nan,False,False
expanded13,1ZV8_E_ASN1__035__0,1ZV8_E_ASN1,35,0,0.24458466,other,0,0.24458466,True,other,0.24458466,1.1783361434936523,2.978196620941162,55.3515;100.0227,g+/t,4.6485;79.9773,45.0000;90.0000,True,True,3.3327797693475594,E:GLN4:CB,1.3327797693475594,True,5.397353998391107,"sym0[-1,0,1]/A:SER49:O",3.3973539983911074,True,True,True,68.56376647949219,nan,nan,False,False
expanded13,1ZV8_E_ASN1__035__1,1ZV8_E_ASN1,35,1,0.57187313,B,1,0.57187313,True,B,0.57187313,3.1511855125427246,0.18180479109287262,-172.1631;-118.2418,t/t,7.8369;61.7582,45.0000;90.0000,True,True,3.132796163184779,E:GLN4:N,1.132796163184779,True,4.278466812805827,"sym0[-1,0,1]/A:SER49:C",2.278466812805827,True,True,True,50.82365417480469,49.29991912841797,1.5237350463867188,False,False
expanded13,1ZV8_E_ASN1__035__2,1ZV8_E_ASN1,35,2,0.078878805,other,2,0.078878805,True,other,0.078878805,3.1280670166015625,0.8080713748931885,-161.2593;-53.1448,t/p0,18.7407;53.1448,45.0000;90.0000,True,True,2.9600635393660215,E:LYS3:N,0.9600635393660215,True,4.569470503100784,"sym0[-1,0,1]/A:SER49:O",2.569470503100784,True,True,True,62.87805938720703,nan,nan,False,False
expanded13,1ZV8_E_ASN1__035__3,1ZV8_E_ASN1,35,3,0.10466342,other,3,0.10466342,True,other,0.10466342,2.281940221786499,2.985672950744629,-58.2176;-51.2624,g-/p0,1.7824;51.2624,45.0000;90.0000,True,True,3.4202663289868362,E:GLN2:N,1.4202663289868362,True,3.2628747502789563,"sym0[-1,0,1]/A:SER49:O",1.2628747502789563,True,True,True,64.46063995361328,nan,nan,False,False
expanded13,1ZV8_E_ASN1__036__0,1ZV8_E_ASN1,36,0,0.46611685,other,0,0.46611685,True,other,0.46611685,3.4172239303588867,1.5667941570281982,-171.9643;55.3544,t/p0,8.0357;55.3544,45.0000;90.0000,True,True,3.189495141456959,E:GLN4:N,1.189495141456959,True,4.426897568489853,"sym0[-1,0,1]/A:SER49:C",2.426897568489853,True,True,True,67.91012573242188,nan,nan,False,False
expanded13,1ZV8_E_ASN1__036__2,1ZV8_E_ASN1,36,2,0.24525774,other,1,0.24525774,True,other,0.24525774,3.4868791103363037,1.5082570314407349,-164.7678;108.9761,t/t,15.2322;71.0239,45.0000;90.0000,True,True,2.970040761912904,E:LYS3:N,0.9700407619129039,True,4.4783666737703145,"sym0[-1,0,1]/A:SER49:O",2.4783666737703145,True,True,True,71.20825958251953,nan,nan,False,False
expanded13,1ZV8_E_ASN1__036__3,1ZV8_E_ASN1,36,3,0.28605178,other,2,0.28605178,True,other,0.28605178,1.0900546312332153,2.996337652206421,52.4941;98.3794,g+/t,7.5059;81.6206,45.0000;90.0000,True,True,3.4202663289868362,E:GLN2:N,1.4202663289868362,True,5.397353998391107,"sym0[-1,0,1]/A:SER49:O",3.3973539983911074,True,True,True,68.44320678710938,nan,nan,False,False
expanded13,1ZV8_E_ASN1__037__0,1ZV8_E_ASN1,37,0,0.13102137,other,0,0.13102137,True,other,0.13102137,1.8061447143554688,3.155857563018799,57.0256;-76.7713,g+/p0,2.9744;76.7713,45.0000;90.0000,True,True,3.150013431427813,E:GLN4:CB,1.150013431427813,True,5.397353998391107,"sym0[-1,0,1]/A:SER49:O",3.3973539983911074,True,True,True,71.36761474609375,nan,nan,False,False
expanded13,1ZV8_E_ASN1__037__1,1ZV8_E_ASN1,37,1,0.64269549,other,1,0.64269549,True,other,0.64269549,3.4405083656311035,1.5827579498291016,-170.9759;64.5815,t/p0,9.0241;64.5815,45.0000;90.0000,True,True,3.0644377750891487,E:GLN4:N,1.0644377750891487,True,4.37389058745108,"sym0[-1,0,1]/A:SER49:C",2.37389058745108,True,True,True,68.80423736572266,nan,nan,False,False
expanded13,1ZV8_E_ASN1__037__2,1ZV8_E_ASN1,37,2,0.10978229,other,2,0.10978229,True,other,0.10978229,1.244956135749817,2.9635794162750244,57.5294;101.2642,g+/t,2.4706;78.7358,45.0000;90.0000,True,True,3.261970458366328,E:GLN4:CB,1.2619704583663278,True,5.397353998391107,"sym0[-1,0,1]/A:SER49:O",3.3973539983911074,True,True,True,68.77664947509766,nan,nan,False,False
expanded13,1ZV8_E_ASN1__037__3,1ZV8_E_ASN1,37,3,0.11650091,other,3,0.11650091,True,other,0.11650091,2.1079680919647217,2.6498405933380127,-57.8344;125.1643,g-/t,2.1656;54.8357,45.0000;90.0000,True,True,3.4202663289868362,E:GLN2:N,1.4202663289868362,True,3.1734455221245508,"sym0[-1,0,1]/A:SER49:O",1.1734455221245508,True,True,True,66.88475799560547,nan,nan,False,False
expanded13,1ZV8_E_ASN1__038__0,1ZV8_E_ASN1,38,0,0.20175739,other,0,0.20175739,True,other,0.20175739,3.4867658615112305,1.507323145866394,-164.8692;109.1940,t/t,15.1308;70.8060,45.0000;90.0000,True,True,2.966630652508801,E:LYS3:N,0.9666306525088011,True,4.484014666509693,"sym0[-1,0,1]/A:SER49:O",2.484014666509693,True,True,True,71.2419662475586,nan,nan,False,False
expanded13,1ZV8_E_ASN1__038__1,1ZV8_E_ASN1,38,1,0.24581186,other,1,0.24581186,True,other,0.24581186,1.183454155921936,2.9770853519439697,55.5195;100.1100,g+/t,4.4805;79.8900,45.0000;90.0000,True,True,3.327239891997167,E:GLN4:CB,1.3272398919971669,True,5.397353998391107,"sym0[-1,0,1]/A:SER49:O",3.3973539983911074,True,True,True,68.57401275634766,nan,nan,False,False
expanded13,1ZV8_E_ASN1__038__2,1ZV8_E_ASN1,38,2,0.45017558,other,2,0.45017558,True,other,0.45017558,3.415318727493286,1.567443609237671,-172.6860;55.5174,t/p0,7.3140;55.5174,45.0000;90.0000,True,True,3.1775562929276906,E:GLN4:N,1.1775562929276906,True,4.452224397260066,"sym0[-1,0,1]/A:SER49:C",2.452224397260066,True,True,True,68.22415161132812,nan,nan,False,False
expanded13,1ZV8_E_ASN1__038__3,1ZV8_E_ASN1,38,3,0.10225522,other,3,0.10225522,True,other,0.10225522,2.114403009414673,2.6461470127105713,-58.1167;125.5528,g-/t,1.8833;54.4472,45.0000;90.0000,True,True,3.4202663289868362,E:GLN2:N,1.4202663289868362,True,3.168871563700488,"sym0[-1,0,1]/A:SER49:O",1.1688715637004878,True,True,True,66.8777084350586,nan,nan,False,False
expanded13,1ZV8_E_ASN1__039__0,1ZV8_E_ASN1,39,0,0.10612436,other,0,0.10612436,True,other,0.10612436,2.1122260093688965,2.6473636627197266,-58.0219;125.4911,g-/t,1.9781;54.5089,45.0000;90.0000,True,True,3.4202663289868362,E:GLN2:N,1.4202663289868362,True,3.170328733576849,"sym0[-1,0,1]/A:SER49:O",1.170328733576849,True,True,True,66.88317108154297,nan,nan,False,False
expanded13,1ZV8_E_ASN1__039__1,1ZV8_E_ASN1,39,1,0.19648808,B,1,0.19648808,True,B,0.19648808,3.1058998107910156,0.5420226454734802,-169.2848;-66.7648,t/p0,10.7152;66.7648,45.0000;90.0000,True,True,2.970618671489114,E:LYS3:N,0.9706186714891141,True,4.556311098531639,"sym0[-1,0,1]/A:SER49:O",2.556311098531639,True,True,True,47.584617614746094,49.29991912841797,-1.715301513671875,True,True
expanded13,1ZV8_E_ASN1__039__2,1ZV8_E_ASN1,39,2,0.24343088,other,2,0.24343088,True,other,0.24343088,1.7948728799819946,3.171553134918213,55.8354;-77.3103,g+/p0,4.1646;77.3103,45.0000;90.0000,True,True,3.1863666455545125,E:GLN4:CB,1.1863666455545125,True,5.397353998391107,"sym0[-1,0,1]/A:SER49:O",3.3973539983911074,True,True,True,70.538330078125,nan,nan,False,False
expanded13,1ZV8_E_ASN1__039__3,1ZV8_E_ASN1,39,3,0.45395672,other,3,0.45395672,True,other,0.45395672,3.418687105178833,1.567270040512085,-171.6658;55.5855,t/p0,8.3342;55.5855,45.0000;90.0000,True,True,3.189777231046112,E:GLN4:N,1.1897772310461119,True,4.415333225995889,"sym0[-1,0,1]/A:SER49:C",2.415333225995889,True,True,True,67.8067626953125,nan,nan,False,False
expanded13,1ZV8_E_ASN1__040__1,1ZV8_E_ASN1,40,1,0.24613403,other,0,0.24613403,True,other,0.24613403,1.1668530702590942,2.9806225299835205,54.9791;99.8030,g+/t,5.0209;80.1970,45.0000;90.0000,True,True,3.3452304314317574,E:GLN4:CB,1.3452304314317574,True,5.397353998391107,"sym0[-1,0,1]/A:SER49:O",3.3973539983911074,True,True,True,68.53706359863281,nan,nan,False,False
expanded13,1ZV8_E_ASN1__040__2,1ZV8_E_ASN1,40,2,0.64536315,other,1,0.64536315,True,other,0.64536315,3.4399538040161133,1.5825905799865723,-171.0577;64.4161,t/p0,8.9423;64.4161,45.0000;90.0000,True,True,3.0655758602368257,E:GLN4:N,1.0655758602368257,True,4.376697892315554,"sym0[-1,0,1]/A:SER49:C",2.376697892315554,True,True,True,68.83775329589844,nan,nan,False,False
expanded13,1ZV8_E_ASN1__040__3,1ZV8_E_ASN1,40,3,0.097383328,other,2,0.097383328,True,other,0.097383328,2.2797741889953613,2.9878957271575928,-58.0682;-51.3360,g-/p0,1.9318;51.3360,45.0000;90.0000,True,True,3.4202663289868362,E:GLN2:N,1.4202663289868362,True,3.2655617820381466,"sym0[-1,0,1]/A:SER49:O",1.2655617820381466,True,True,True,64.47521209716797,nan,nan,False,False
expanded13,1ZV8_E_ASN1__041__0,1ZV8_E_ASN1,41,0,0.062387772,other,0,0.062387772,True,other,0.062387772,3.47678279876709,1.4626051187515259,-159.6994;118.8485,t/t,20.3006;61.1515,45.0000;90.0000,True,True,2.9166449280531275,E:LYS3:N,0.9166449280531275,True,4.473134179896893,"sym0[-1,0,1]/A:SER49:O",2.473134179896893,True,True,True,72.18916320800781,nan,nan,False,False
expanded13,1ZV8_E_ASN1__041__1,1ZV8_E_ASN1,41,1,0.24613316,other,1,0.24613316,True,other,0.24613316,1.792034387588501,3.1759235858917236,55.5045;-77.5372,g+/p0,4.4955;77.5372,45.0000;90.0000,True,True,3.1969876092316643,E:GLN4:CB,1.1969876092316643,True,5.397353998391107,"sym0[-1,0,1]/A:SER49:O",3.3973539983911074,True,True,True,70.31965637207031,nan,nan,False,False
expanded13,1ZV8_E_ASN1__041__2,1ZV8_E_ASN1,41,2,0.58952194,B,2,0.58952194,True,B,0.58952194,3.1521875858306885,0.17750024795532227,-171.1367;-118.3373,t/t,8.8633;61.6627,45.0000;90.0000,True,True,3.1511174013781655,E:GLN4:N,1.1511174013781655,True,4.242948633223004,"sym0[-1,0,1]/A:SER49:C",2.242948633223004,True,True,True,50.87324523925781,49.29991912841797,1.5733261108398438,False,False
expanded13,1ZV8_E_ASN1__041__3,1ZV8_E_ASN1,41,3,0.10195722,other,3,0.10195722,True,other,0.10195722,2.2843170166015625,2.983259916305542,-58.3810;-51.1035,g-/p0,1.6190;51.1035,45.0000;90.0000,True,True,3.4202663289868362,E:GLN2:N,1.4202663289868362,True,3.260002563321149,"sym0[-1,0,1]/A:SER49:O",1.260002563321149,True,True,True,64.4427261352539,nan,nan,False,False
expanded13,1ZV8_E_ASN1__042__0,1ZV8_E_ASN1,42,0,0.20047008,other,0,0.20047008,True,other,0.20047008,3.4867498874664307,1.5072294473648071,-164.8947;109.2164,t/t,15.1053;70.7836,45.0000;90.0000,True,True,2.9662004880171056,E:LYS3:N,0.9662004880171056,True,4.485042549396384,"sym0[-1,0,1]/A:SER49:O",2.4850425493963844,True,True,True,71.24665832519531,nan,nan,False,False
expanded13,1ZV8_E_ASN1__042__1,1ZV8_E_ASN1,42,1,0.45192039,other,1,0.45192039,True,other,0.45192039,3.4152488708496094,1.56745183467865,-172.7064;55.5169,t/p0,7.2936;55.5169,45.0000;90.0000,True,True,3.177309102349524,E:GLN4:N,1.1773091023495241,True,4.45296423029868,"sym0[-1,0,1]/A:SER49:C",2.4529642302986803,True,True,True,68.22541809082031,nan,nan,False,False
expanded13,1ZV8_E_ASN1__042__2,1ZV8_E_ASN1,42,2,0.2453289,other,2,0.2453289,True,other,0.2453289,1.1830778121948242,2.977163791656494,55.5075;100.1013,g+/t,4.4925;79.8987,45.0000;90.0000,True,True,3.32764422558151,E:GLN4:CB,1.3276442255815102,True,5.397353998391107,"sym0[-1,0,1]/A:SER49:O",3.3973539983911074,True,True,True,68.57268524169922,nan,nan,False,False
expanded13,1ZV8_E_ASN1__042__3,1ZV8_E_ASN1,42,3,0.10228057,other,3,0.10228057,True,other,0.10228057,2.114476442337036,2.6461150646209717,-58.1197;125.5418,g-/t,1.8803;54.4582,45.0000;90.0000,True,True,3.4202663289868362,E:GLN2:N,1.4202663289868362,True,3.1688323003685803,"sym0[-1,0,1]/A:SER49:O",1.1688323003685803,True,True,True,66.8777084350586,nan,nan,False,False
expanded13,1ZV8_E_ASN1__043__0,1ZV8_E_ASN1,43,0,0.10132978,other,0,0.10132978,True,other,0.10132978,1.2481178045272827,2.962859630584717,57.6337;101.3208,g+/t,2.3663;78.6792,45.0000;90.0000,True,True,3.2586735083789775,E:GLN4:CB,1.2586735083789775,True,5.397353998391107,"sym0[-1,0,1]/A:SER49:O",3.3973539983911074,True,True,True,68.79349517822266,nan,nan,False,False
expanded13,1ZV8_E_ASN1__043__1,1ZV8_E_ASN1,43,1,0.11325972,other,1,0.11325972,True,other,0.11325972,2.1065003871917725,2.650566816329956,-57.7724;125.2904,g-/t,2.2276;54.7096,45.0000;90.0000,True,True,3.4202663289868362,E:GLN2:N,1.4202663289868362,True,3.174244551049457,"sym0[-1,0,1]/A:SER49:O",1.174244551049457,True,True,True,66.89240264892578,nan,nan,False,False
expanded13,1ZV8_E_ASN1__043__2,1ZV8_E_ASN1,43,2,0.65169889,other,2,0.65169889,True,other,0.65169889,3.4400925636291504,1.5824354887008667,-170.9365;64.3214,t/p0,9.0635;64.3214,45.0000;90.0000,True,True,3.068591103826117,E:GLN4:N,1.068591103826117,True,4.3725823253453155,"sym0[-1,0,1]/A:SER49:C",2.3725823253453155,True,True,True,68.74340057373047,nan,nan,False,False
expanded13,1ZV8_E_ASN1__043__3,1ZV8_E_ASN1,43,3,0.13371156,other,3,0.13371156,True,other,0.13371156,1.816444754600525,3.1403932571411133,58.1607;-76.0653,g+/p0,1.8393;76.0653,45.0000;90.0000,True,True,3.1156190914488002,E:GLN4:CB,1.1156190914488002,True,5.397353998391107,"sym0[-1,0,1]/A:SER49:O",3.3973539983911074,True,True,True,72.37666320800781,nan,nan,False,False
expanded13,1ZV8_E_ASN1__044__0,1ZV8_E_ASN1,44,0,0.17426173,other,0,0.28215177,True,other,0.28215177,1.213921070098877,2.97060227394104,56.5032;100.7398,g+/t,3.4968;79.2602,45.0000;90.0000,True,True,3.2946975530194478,E:GLN4:CB,1.2946975530194478,True,5.397353998391107,"sym0[-1,0,1]/A:SER49:O",3.3973539983911074,True,True,True,68.66654968261719,nan,nan,False,False
expanded13,1ZV8_E_ASN1__044__1,1ZV8_E_ASN1,44,1,0.10789004,other,0,0.28215177,False,other,0.0,1.1795498132705688,2.9718120098114014,55.9123;96.8374,g+/t,4.0877;83.1626,45.0000;90.0000,True,True,3.331718855748121,E:GLN4:CB,1.3317188557481212,True,5.397353998391107,"sym0[-1,0,1]/A:SER49:O",3.3973539983911074,True,True,True,68.37216186523438,nan,nan,False,False
expanded13,1ZV8_E_ASN1__044__2,1ZV8_E_ASN1,44,2,0.4966464,B,1,0.4966464,True,B,0.4966464,3.159743547439575,0.22825558483600616,-171.9725;-121.7249,t/t,8.0275;58.2751,45.0000;90.0000,True,True,3.1811736434100157,E:GLN4:N,1.1811736434100157,True,4.281093479622779,"sym0[-1,0,1]/A:SER49:C",2.281093479622779,True,True,True,51.34819793701172,49.29991912841797,2.04827880859375,False,False
expanded13,1ZV8_E_ASN1__044__3,1ZV8_E_ASN1,44,3,0.22120185,other,2,0.22120185,True,other,0.22120185,3.486783742904663,1.5070730447769165,-164.6774;109.2433,t/t,15.3226;70.7567,45.0000;90.0000,True,True,2.9670339799024754,E:LYS3:N,0.9670339799024754,True,4.478948958825797,"sym0[-1,0,1]/A:SER49:O",2.4789489588257974,True,True,True,71.22862243652344,nan,nan,False,False
expanded13,1ZV8_E_ASN1__045__0,1ZV8_E_ASN1,45,0,0.080900699,other,0,0.080900699,True,other,0.080900699,1.8184788227081299,3.128356695175171,58.9335;-74.1368,g+/p0,1.0665;74.1368,45.0000;90.0000,True,True,3.088917775130858,E:GLN4:CB,1.088917775130858,True,5.397353998391107,"sym0[-1,0,1]/A:SER49:O",3.3973539983911074,True,True,True,73.39095306396484,nan,nan,False,False
expanded13,1ZV8_E_ASN1__045__1,1ZV8_E_ASN1,45,1,0.46689385,other,1,0.46689385,True,other,0.46689385,3.4178621768951416,1.56802499294281,-172.1514;55.8635,t/p0,7.8486;55.8635,45.0000;90.0000,True,True,3.1788847801789397,E:GLN4:N,1.1788847801789397,True,4.43168903542244,"sym0[-1,0,1]/A:SER49:C",2.4316890354224396,True,True,True,68.03643035888672,nan,nan,False,False
expanded13,1ZV8_E_ASN1__045__2,1ZV8_E_ASN1,45,2,0.23221016,other,2,0.23221016,True,other,0.23221016,3.4868602752685547,1.5079641342163086,-164.7295;109.0416,t/t,15.2705;70.9584,45.0000;90.0000,True,True,2.9693891275865023,E:LYS3:N,0.9693891275865023,True,4.47803172154386,"sym0[-1,0,1]/A:SER49:O",2.47803172154386,True,True,True,71.2164306640625,nan,nan,False,False
expanded13,1ZV8_E_ASN1__045__3,1ZV8_E_ASN1,45,3,0.21999529,A,3,0.21999529,True,A,0.21999529,0.9471216201782227,3.020814895629883,48.1547;94.3516,g+/t,11.8453;85.6484,45.0000;90.0000,True,True,3.4202663289868362,E:GLN2:N,1.4202663289868362,True,5.397353998391107,"sym0[-1,0,1]/A:SER49:O",3.3973539983911074,True,True,True,59.82119369506836,64.32124328613281,-4.500049591064453,True,True
expanded13,1ZV8_E_ASN1__046__0,1ZV8_E_ASN1,46,0,0.18290213,other,0,0.243443838,True,other,0.243443838,1.2166635990142822,2.9699180126190186,56.5996;100.7515,g+/t,3.4004;79.2485,45.0000;90.0000,True,True,3.2917482734989245,E:GLN4:CB,1.2917482734989245,True,5.397353998391107,"sym0[-1,0,1]/A:SER49:O",3.3973539983911074,True,True,True,68.67196655273438,nan,nan,False,False
expanded13,1ZV8_E_ASN1__046__1,1ZV8_E_ASN1,46,1,0.64463174,other,1,0.64463174,True,other,0.64463174,3.440016746520996,1.582660436630249,-171.0740;64.4694,t/p0,8.9260;64.4694,45.0000;90.0000,True,True,3.064610505448021,E:GLN4:N,1.0646105054480208,True,4.377243520839618,"sym0[-1,0,1]/A:SER49:C",2.3772435208396177,True,True,True,68.84008026123047,nan,nan,False,False
expanded13,1ZV8_E_ASN1__046__2,1ZV8_E_ASN1,46,2,0.060541708,other,0,0.243443838,False,other,0.0,1.16765296459198,2.98302960395813,54.7846;101.0944,g+/t,5.2154;78.9056,45.0000;90.0000,True,True,3.345646236588534,E:GLN4:CB,1.345646236588534,True,5.397353998391107,"sym0[-1,0,1]/A:SER49:O",3.3973539983911074,True,True,True,68.63229370117188,nan,nan,False,False
expanded13,1ZV8_E_ASN1__046__3,1ZV8_E_ASN1,46,3,0.11192445,other,2,0.11192445,True,other,0.11192445,2.112896203994751,2.647078514099121,-58.0492;125.3381,g-/t,1.9508;54.6619,45.0000;90.0000,True,True,3.4202663289868362,E:GLN2:N,1.4202663289868362,True,3.170083254385438,"sym0[-1,0,1]/A:SER49:O",1.170083254385438,True,True,True,66.87471008300781,nan,nan,False,False
expanded13,1ZV8_E_ASN1__047__0,1ZV8_E_ASN1,47,0,0.14292647,other,0,0.239689306,True,other,0.239689306,1.8065671920776367,3.149580478668213,57.4286;-75.5830,g+/p0,2.5714;75.5830,45.0000;90.0000,True,True,3.1344709140988027,E:GLN4:CB,1.1344709140988027,True,5.397353998391107,"sym0[-1,0,1]/A:SER49:O",3.3973539983911074,True,True,True,71.81379699707031,nan,nan,False,False
expanded13,1ZV8_E_ASN1__047__1,1ZV8_E_ASN1,47,1,0.64201951,B,1,0.64201951,True,B,0.64201951,3.14421010017395,0.13130035996437073,-171.4461;-114.9010,t/t,8.5539;65.0990,45.0000;90.0000,True,True,3.1039956850676513,E:GLN4:N,1.1039956850676513,True,4.250083573816221,"sym0[-1,0,1]/A:SER49:C",2.2500835738162213,True,True,True,50.38268280029297,49.29991912841797,1.082763671875,False,False
expanded13,1ZV8_E_ASN1__047__2,1ZV8_E_ASN1,47,2,0.11829122,other,2,0.11829122,True,other,0.11829122,2.1046226024627686,2.6515872478485107,-57.6912;125.2807,g-/t,2.3088;54.7193,45.0000;90.0000,True,True,3.4202663289868362,E:GLN2:N,1.4202663289868362,True,3.1754737056056475,"sym0[-1,0,1]/A:SER49:O",1.1754737056056475,True,True,True,66.90550994873047,nan,nan,False,False
expanded13,1ZV8_E_ASN1__047__3,1ZV8_E_ASN1,47,3,0.096762836,other,0,0.239689306,False,other,0.0,1.79024338722229,3.159438133239746,56.5380;-73.7629,g+/p0,3.4620;73.7629,45.0000;90.0000,True,True,3.154541129501999,E:GLN4:CB,1.154541129501999,True,5.397353998391107,"sym0[-1,0,1]/A:SER49:O",3.3973539983911074,True,True,True,71.34166717529297,nan,nan,False,False
expanded13,1ZV8_E_ASN1__048__1,1ZV8_E_ASN1,48,1,0.46611297,other,0,0.46611297,True,other,0.46611297,3.417177200317383,1.5667715072631836,-171.9717;55.3448,t/p0,8.0283;55.3448,45.0000;90.0000,True,True,3.189554951661191,E:GLN4:N,1.189554951661191,True,4.427201187322594,"sym0[-1,0,1]/A:SER49:C",2.427201187322594,True,True,True,67.90843200683594,nan,nan,False,False
expanded13,1ZV8_E_ASN1__048__2,1ZV8_E_ASN1,48,2,0.28876919,other,1,0.28876919,True,other,0.28876919,1.0860964059829712,2.9971399307250977,52.3646;98.3180,g+/t,7.6354;81.6820,45.0000;90.0000,True,True,3.4202663289868362,E:GLN2:N,1.4202663289868362,True,5.397353998391107,"sym0[-1,0,1]/A:SER49:O",3.3973539983911074,True,True,True,68.43989562988281,nan,nan,False,False
expanded13,1ZV8_E_ASN1__048__3,1ZV8_E_ASN1,48,3,0.24511428,other,2,0.24511428,True,other,0.24511428,3.4868783950805664,1.5082242488861084,-164.7605;108.9832,t/t,15.2395;71.0168,45.0000;90.0000,True,True,2.969982802845774,E:LYS3:N,0.9699828028457742,True,4.478239911012111,"sym0[-1,0,1]/A:SER49:O",2.4782399110121114,True,True,True,71.20526885986328,nan,nan,False,False
expanded13,1ZV8_E_ASN1__049__0,1ZV8_E_ASN1,49,0,0.24424437,other,0,0.24424437,True,other,0.24424437,1.7946736812591553,3.171860456466675,55.8124;-77.3254,g+/p0,4.1876;77.3254,45.0000;90.0000,True,True,3.18710448509325,E:GLN4:CB,1.1871044850932502,True,5.397353998391107,"sym0[-1,0,1]/A:SER49:O",3.3973539983911074,True,True,True,70.50627899169922,nan,nan,False,False
expanded13,1ZV8_E_ASN1__049__1,1ZV8_E_ASN1,49,1,0.10421849,other,1,0.10421849,True,other,0.10421849,2.280853271484375,2.9867899417877197,-58.1426;-51.2897,g-/p0,1.8574;51.2897,45.0000;90.0000,True,True,3.4202663289868362,E:GLN2:N,1.4202663289868362,True,3.2642301392650808,"sym0[-1,0,1]/A:SER49:O",1.2642301392650808,True,True,True,64.46826934814453,nan,nan,False,False
expanded13,1ZV8_E_ASN1__049__2,1ZV8_E_ASN1,49,2,0.19707966,B,2,0.19707966,True,B,0.19707966,3.105902910232544,0.5420411825180054,-169.2828;-66.7647,t/p0,10.7172;66.7647,45.0000;90.0000,True,True,2.9706241456766036,E:LYS3:N,0.9706241456766036,True,4.556241160525155,"sym0[-1,0,1]/A:SER49:O",2.556241160525155,True,True,True,47.584617614746094,49.29991912841797,-1.715301513671875,True,True
expanded13,1ZV8_E_ASN1__049__3,1ZV8_E_ASN1,49,3,0.45445743,other,3,0.45445743,True,other,0.45445743,3.4188590049743652,1.5672849416732788,-171.6154;55.5932,t/p0,8.3846;55.5932,45.0000;90.0000,True,True,3.1903298588499327,E:GLN4:N,1.1903298588499327,True,4.413499774860006,"sym0[-1,0,1]/A:SER49:C",2.413499774860006,True,True,True,67.79023742675781,nan,nan,False,False
expanded13,6Y4G_B_CYS260__000__1,6Y4G_B_CYS260,0,1,0.56093544,B,0,0.56093544,True,B,0.56093544,1.7885288000106812,0.010107372887432575,-172.1797,t,7.8203,45.0000,True,True,3.4450046808534243,B:TRP261:N,1.4450046808534243,True,nan,,inf,True,True,True,72.52421569824219,72.59806060791016,-0.07384490966796875,True,True
expanded13,6Y4G_B_CYS260__000__2,6Y4G_B_CYS260,0,2,0.43903339,A,1,0.43903339,True,A,0.43903339,0.022991714999079704,1.7967181205749512,-70.2746,g-,10.2746,45.0000,True,True,3.151266356824473,B:HIS287:CE1,1.1512663568244732,True,nan,,inf,True,True,True,74.09749603271484,74.22608184814453,-0.1285858154296875,True,True
expanded13,6Y4G_B_CYS260__001__0,6Y4G_B_CYS260,1,0,0.3855511,A,0,0.3855511,True,A,0.3855511,0.06457856297492981,1.8227728605270386,-68.2216,g-,8.2216,45.0000,True,True,3.1911448702516005,B:HIS287:CE1,1.1911448702516005,True,nan,,inf,True,True,True,73.9072036743164,74.22608184814453,-0.318878173828125,True,True
expanded13,6Y4G_B_CYS260__001__2,6Y4G_B_CYS260,1,2,0.54562032,B,1,0.54562032,True,B,0.54562032,1.7923450469970703,0.016099682077765465,-172.4754,t,7.5246,45.0000,True,True,3.4450046808534243,B:TRP261:N,1.4450046808534243,True,nan,,inf,True,True,True,72.49877166748047,72.59806060791016,-0.0992889404296875,True,True
expanded13,6Y4G_B_CYS260__002__1,6Y4G_B_CYS260,2,1,0.47794175,B,0,0.47794175,True,B,0.47794175,1.8149842023849487,0.05205165594816208,-174.2501,t,5.7499,45.0000,True,True,3.4450046808534243,B:TRP261:N,1.4450046808534243,True,nan,,inf,True,True,True,72.38887786865234,72.59806060791016,-0.2091827392578125,True,True
expanded13,6Y4G_B_CYS260__002__2,6Y4G_B_CYS260,2,2,0.43403399,A,1,0.43403399,True,A,0.43403399,0.025497181341052055,1.7983050346374512,-70.1509,g-,10.1509,45.0000,True,True,3.1536061103308466,B:HIS287:CE1,1.1536061103308466,True,nan,,inf,True,True,True,74.0868911743164,74.22608184814453,-0.139190673828125,True,True
expanded13,6Y4G_B_CYS260__003__1,6Y4G_B_CYS260,3,1,0.5607565,B,0,0.5607565,True,B,0.5607565,1.789090871810913,0.010986576788127422,-172.2231,t,7.7769,45.0000,True,True,3.4450046808534243,B:TRP261:N,1.4450046808534243,True,nan,,inf,True,True,True,72.51995086669922,72.59806060791016,-0.0781097412109375,True,True
expanded13,6Y4G_B_CYS260__003__2,6Y4G_B_CYS260,3,2,0.41918314,A,1,0.41918314,True,A,0.41918314,0.029434170573949814,1.800790786743164,-69.9566,g-,9.9566,45.0000,True,True,3.157304579952889,B:HIS287:CE1,1.1573045799528892,True,nan,,inf,True,True,True,74.06659698486328,74.22608184814453,-0.15948486328125,True,True
expanded13,6Y4G_B_CYS260__004__0,6Y4G_B_CYS260,4,0,0.43637836,A,0,0.43637836,True,A,0.43637836,0.024980198591947556,1.7979768514633179,-70.1764,g-,10.1764,45.0000,True,True,3.15312425881807,B:HIS287:CE1,1.1531242588180701,True,nan,,inf,True,True,True,74.0868911743164,74.22608184814453,-0.139190673828125,True,True
expanded13,6Y4G_B_CYS260__004__3,6Y4G_B_CYS260,4,3,0.5322994,B,1,0.5322994,True,B,0.5322994,1.7823418378829956,0.0004286678449716419,-171.7020,t,8.2980,45.0000,True,True,3.4450046808534243,B:TRP261:N,1.4450046808534243,True,nan,,inf,True,True,True,72.5679931640625,72.59806060791016,-0.03006744384765625,True,True
expanded13,6Y4G_B_CYS260__005__1,6Y4G_B_CYS260,5,1,0.38285774,A,0,0.441035446,True,A,0.441035446,0.018450111150741577,1.7701869010925293,-72.3200,g-,12.3200,45.0000,True,True,3.113713456297447,B:HIS287:CE1,1.1137134562974471,True,nan,,inf,True,True,True,74.33950805664062,74.22608184814453,0.11342620849609375,True,True
expanded13,6Y4G_B_CYS260__005__2,6Y4G_B_CYS260,5,2,0.5442006,B,1,0.5442006,True,B,0.5442006,1.791755199432373,0.015172631479799747,-172.4297,t,7.5703,45.0000,True,True,3.4450046808534243,B:TRP261:N,1.4450046808534243,True,nan,,inf,True,True,True,72.50131225585938,72.59806060791016,-0.09674835205078125,True,True
expanded13,6Y4G_B_CYS260__005__3,6Y4G_B_CYS260,5,3,0.058177706,merged_duplicate,0,0.441035446,False,A,0.0,0.27921944856643677,1.9481064081192017,-57.5947,g-,2.4053,45.0000,True,True,3.146454703251256,A:LYS480:CE,1.1464547032512562,True,nan,,inf,True,True,True,73.58161163330078,nan,nan,False,False
expanded13,6Y4G_B_CYS260__006__1,6Y4G_B_CYS260,6,1,0.42151681,A,0,0.42151681,True,A,0.42151681,0.03450055047869682,1.8039859533309937,-69.7065,g-,9.7065,45.0000,True,True,3.162086900998091,B:HIS287:CE1,1.1620869009980912,True,nan,,inf,True,True,True,74.04032135009766,74.22608184814453,-0.185760498046875,True,True
expanded13,6Y4G_B_CYS260__006__2,6Y4G_B_CYS260,6,2,0.5585407,B,1,0.5585407,True,B,0.5585407,1.7891123294830322,0.011023961007595062,-172.2249,t,7.7751,45.0000,True,True,3.4450046808534243,B:TRP261:N,1.4450046808534243,True,nan,,inf,True,True,True,72.51995086669922,72.59806060791016,-0.0781097412109375,True,True
expanded13,6Y4G_B_CYS260__007__0,6Y4G_B_CYS260,7,0,0.56345856,B,0,0.56345856,True,B,0.56345856,1.7881442308425903,0.009502227418124676,-172.1498,t,7.8502,45.0000,True,True,3.4450046808534243,B:TRP261:N,1.4450046808534243,True,nan,,inf,True,True,True,72.52694702148438,72.59806060791016,-0.07111358642578125,True,True
expanded13,6Y4G_B_CYS260__007__1,6Y4G_B_CYS260,7,1,0.41521499,A,1,0.41521499,True,A,0.41521499,0.03743859380483627,1.8058342933654785,-69.5615,g-,9.5615,45.0000,True,True,3.1648762485775066,B:HIS287:CE1,1.1648762485775066,True,nan,,inf,True,True,True,74.02582550048828,74.22608184814453,-0.20025634765625,True,True
expanded13,6Y4G_B_CYS260__008__0,6Y4G_B_CYS260,8,0,0.43534991,A,0,0.43534991,True,A,0.43534991,0.02489100955426693,1.7979198694229126,-70.1808,g-,10.1808,45.0000,True,True,3.153041587503553,B:HIS287:CE1,1.153041587503553,True,nan,,inf,True,True,True,74.08836364746094,74.22608184814453,-0.13771820068359375,True,True
expanded13,6Y4G_B_CYS260__008__2,6Y4G_B_CYS260,8,2,0.52092862,B,1,0.52092862,True,B,0.52092862,1.8032283782958984,0.03330187126994133,-173.3245,t,6.6755,45.0000,True,True,3.4450046808534243,B:TRP261:N,1.4450046808534243,True,nan,,inf,True,True,True,72.43815612792969,72.59806060791016,-0.15990447998046875,True,True
expanded13,6Y4G_B_CYS260__009__2,6Y4G_B_CYS260,9,2,0.38771144,A,0,0.38771144,True,A,0.38771144,0.06639670580625534,1.823898196220398,-68.1318,g-,8.1318,45.0000,True,True,3.192937601773969,B:HIS287:CE1,1.192937601773969,True,nan,,inf,True,True,True,73.90003204345703,74.22608184814453,-0.3260498046875,True,True
expanded13,6Y4G_B_CYS260__009__3,6Y4G_B_CYS260,9,3,0.55265862,B,1,0.55265862,True,B,0.55265862,1.7904936075210571,0.013190117664635181,-172.3318,t,7.6682,45.0000,True,True,3.4450046808534243,B:TRP261:N,1.4450046808534243,True,nan,,inf,True,True,True,72.51126098632812,72.59806060791016,-0.08679962158203125,True,True
expanded13,6Y4G_B_CYS260__010__0,6Y4G_B_CYS260,10,0,0.051244486,merged_duplicate,0,0.40881397599999997,False,A,0.0,0.2679680287837982,1.9419182538986206,-58.1539,g-,1.8461,45.0000,True,True,3.16148399579821,A:LYS480:CE,1.1614839957982102,True,nan,,inf,True,True,True,73.5733642578125,nan,nan,False,False
expanded13,6Y4G_B_CYS260__010__1,6Y4G_B_CYS260,10,1,0.55970037,B,1,0.55970037,True,B,0.55970037,1.7890304327011108,0.010891387239098549,-172.2184,t,7.7816,45.0000,True,True,3.4450046808534243,B:TRP261:N,1.4450046808534243,True,nan,,inf,True,True,True,72.51995086669922,72.59806060791016,-0.0781097412109375,True,True
expanded13,6Y4G_B_CYS260__010__2,6Y4G_B_CYS260,10,2,0.35756949,A,0,0.40881397599999997,True,A,0.40881397599999997,0.026592370122671127,1.7989970445632935,-70.0968,g-,10.0968,45.0000,True,True,3.154633090100706,B:HIS287:CE1,1.154633090100706,True,nan,,inf,True,True,True,74.08119201660156,74.22608184814453,-0.14488983154296875,True,True
expanded13,6Y4G_B_CYS260__011__2,6Y4G_B_CYS260,11,2,0.55937719,B,0,0.55937719,True,B,0.55937719,1.788751482963562,0.010455860756337643,-172.1969,t,7.8031,45.0000,True,True,3.4450046808534243,B:TRP261:N,1.4450046808534243,True,nan,,inf,True,True,True,72.52151489257812,72.59806060791016,-0.07654571533203125,True,True
expanded13,6Y4G_B_CYS260__011__3,6Y4G_B_CYS260,11,3,0.4189167,A,1,0.4189167,True,A,0.4189167,0.027526281774044037,1.799586534500122,-70.0507,g-,10.0507,45.0000,True,True,3.1555102412513487,B:HIS287:CE1,1.1555102412513487,True,nan,,inf,True,True,True,74.07698059082031,74.22608184814453,-0.14910125732421875,True,True
expanded13,6Y4G_B_CYS260__012__0,6Y4G_B_CYS260,12,0,0.41074032,A,0,0.41074032,True,A,0.41074032,0.0428331233561039,1.8092188835144043,-69.2952,g-,9.2952,45.0000,True,True,3.170027801581974,B:HIS287:CE1,1.1700278015819738,True,nan,,inf,True,True,True,73.99993896484375,74.22608184814453,-0.22614288330078125,True,True
expanded13,6Y4G_B_CYS260__012__2,6Y4G_B_CYS260,12,2,0.55790001,B,1,0.55790001,True,B,0.55790001,1.7893182039260864,0.011345529928803444,-172.2408,t,7.7592,45.0000,True,True,3.4450046808534243,B:TRP261:N,1.4450046808534243,True,nan,,inf,True,True,True,72.51658630371094,72.59806060791016,-0.08147430419921875,True,True
expanded13,6Y4G_B_CYS260__013__0,6Y4G_B_CYS260,13,0,0.40979308,A,0,0.40979308,True,A,0.40979308,0.04469064623117447,1.8103837966918945,-69.2035,g-,9.2035,45.0000,True,True,3.1718073720810223,B:HIS287:CE1,1.1718073720810223,True,nan,,inf,True,True,True,73.99047088623047,74.22608184814453,-0.2356109619140625,True,True
expanded13,6Y4G_B_CYS260__013__3,6Y4G_B_CYS260,13,3,0.55853194,B,1,0.55853194,True,B,0.55853194,1.7893391847610474,0.011378273367881775,-172.2424,t,7.7576,45.0000,True,True,3.4450046808534243,B:TRP261:N,1.4450046808534243,True,nan,,inf,True,True,True,72.51658630371094,72.59806060791016,-0.08147430419921875,True,True
expanded13,6Y4G_B_CYS260__014__0,6Y4G_B_CYS260,14,0,0.55859023,B,0,0.55859023,True,B,0.55859023,1.7882901430130005,0.009731175377964973,-172.1611,t,7.8389,45.0000,True,True,3.4450046808534243,B:TRP261:N,1.4450046808534243,True,nan,,inf,True,True,True,72.52421569824219,72.59806060791016,-0.07384490966796875,True,True
expanded13,6Y4G_B_CYS260__014__1,6Y4G_B_CYS260,14,1,0.36138904,A,1,0.417171049,True,A,0.417171049,0.020512359216809273,1.795147180557251,-70.3969,g-,10.3969,45.0000,True,True,3.1489562537158724,B:HIS287:CE1,1.1489562537158724,True,nan,,inf,True,True,True,74.11258697509766,74.22608184814453,-0.113494873046875,True,True
expanded13,6Y4G_B_CYS260__014__3,6Y4G_B_CYS260,14,3,0.055782009,merged_duplicate,1,0.417171049,False,A,0.0,0.2694105803966522,1.9427134990692139,-58.0822,g-,1.9178,45.0000,True,True,3.1595552475452804,A:LYS480:CE,1.1595552475452804,True,nan,,inf,True,True,True,73.57440948486328,nan,nan,False,False
expanded13,6Y4G_B_CYS260__015__1,6Y4G_B_CYS260,15,1,0.40256149,A,0,0.40256149,True,A,0.40256149,0.029757512733340263,1.800995111465454,-69.9406,g-,9.9406,45.0000,True,True,3.1576087644773025,B:HIS287:CE1,1.1576087644773025,True,nan,,inf,True,True,True,74.06328582763672,74.22608184814453,-0.1627960205078125,True,True
expanded13,6Y4G_B_CYS260__015__3,6Y4G_B_CYS260,15,3,0.52474606,B,1,0.52474606,True,B,0.52474606,1.8059078454971313,0.03755740821361542,-173.5346,t,6.4654,45.0000,True,True,3.4450046808534243,B:TRP261:N,1.4450046808534243,True,nan,,inf,True,True,True,72.42477416992188,72.59806060791016,-0.17328643798828125,True,True
expanded13,6Y4G_B_CYS260__016__1,6Y4G_B_CYS260,16,1,0.43903902,A,0,0.43903902,True,A,0.43903902,0.02298390306532383,1.7967133522033691,-70.2749,g-,10.2749,45.0000,True,True,3.151258858632875,B:HIS287:CE1,1.151258858632875,True,nan,,inf,True,True,True,74.09749603271484,74.22608184814453,-0.1285858154296875,True,True
expanded13,6Y4G_B_CYS260__016__3,6Y4G_B_CYS260,16,3,0.56093997,B,1,0.56093997,True,B,0.56093997,1.7885273694992065,0.010103540495038033,-172.1795,t,7.8205,45.0000,True,True,3.4450046808534243,B:TRP261:N,1.4450046808534243,True,nan,,inf,True,True,True,72.52421569824219,72.59806060791016,-0.07384490966796875,True,True
expanded13,6Y4G_B_CYS260__017__0,6Y4G_B_CYS260,17,0,0.41285923,A,0,0.41285923,True,A,0.41285923,0.019909579306840897,1.7947642803192139,-70.4267,g-,10.4267,45.0000,True,True,3.1483970687120717,B:HIS287:CE1,1.1483970687120717,True,nan,,inf,True,True,True,74.11600494384766,74.22608184814453,-0.110076904296875,True,True
expanded13,6Y4G_B_CYS260__017__3,6Y4G_B_CYS260,17,3,0.56003892,B,1,0.56003892,True,B,0.56003892,1.7889363765716553,0.010747012682259083,-172.2113,t,7.7887,45.0000,True,True,3.4450046808534243,B:TRP261:N,1.4450046808534243,True,nan,,inf,True,True,True,72.52151489257812,72.59806060791016,-0.07654571533203125,True,True
expanded13,6Y4G_B_CYS260__018__0,6Y4G_B_CYS260,18,0,0.4228763,A,0,0.4228763,True,A,0.4228763,0.027622707188129425,1.7996479272842407,-70.0460,g-,10.0460,45.0000,True,True,3.155600220834837,B:HIS287:CE1,1.1556002208348368,True,nan,,inf,True,True,True,74.07365417480469,74.22608184814453,-0.15242767333984375,True,True
expanded13,6Y4G_B_CYS260__018__1,6Y4G_B_CYS260,18,1,0.56020349,B,1,0.56020349,True,B,0.56020349,1.7889363765716553,0.010747012682259083,-172.2113,t,7.7887,45.0000,True,True,3.4450046808534243,B:TRP261:N,1.4450046808534243,True,nan,,inf,True,True,True,72.52151489257812,72.59806060791016,-0.07654571533203125,True,True
expanded13,6Y4G_B_CYS260__019__1,6Y4G_B_CYS260,19,1,0.43896627,A,0,0.43896627,True,A,0.43896627,0.022985145449638367,1.7967135906219482,-70.2749,g-,10.2749,45.0000,True,True,3.151261012125113,B:HIS287:CE1,1.1512610121251128,True,nan,,inf,True,True,True,74.09749603271484,74.22608184814453,-0.1285858154296875,True,True
expanded13,6Y4G_B_CYS260__019__3,6Y4G_B_CYS260,19,3,0.56084895,B,1,0.56084895,True,B,0.56084895,1.7885230779647827,0.01009874977171421,-172.1793,t,7.8207,45.0000,True,True,3.4450046808534243,B:TRP261:N,1.4450046808534243,True,nan,,inf,True,True,True,72.52421569824219,72.59806060791016,-0.07384490966796875,True,True
expanded13,6Y4G_B_CYS260__020__0,6Y4G_B_CYS260,20,0,0.36948633,A,0,0.36948633,True,A,0.36948633,0.08007089793682098,1.832330584526062,-67.4566,g-,7.4566,45.0000,True,True,3.2065429050638747,B:HIS287:CE1,1.2065429050638747,True,nan,,inf,True,True,True,73.84561157226562,74.22608184814453,-0.38047027587890625,True,True
expanded13,6Y4G_B_CYS260__020__3,6Y4G_B_CYS260,20,3,0.55676365,B,1,0.55676365,True,B,0.55676365,1.789988398551941,0.012399470433592796,-172.2928,t,7.7072,45.0000,True,True,3.4450046808534243,B:TRP261:N,1.4450046808534243,True,nan,,inf,True,True,True,72.51390838623047,72.59806060791016,-0.0841522216796875,True,True
expanded13,6Y4G_B_CYS260__021__2,6Y4G_B_CYS260,21,2,0.55981284,B,0,0.55981284,True,B,0.55981284,1.7887403964996338,0.010439892299473286,-172.1961,t,7.8039,45.0000,True,True,3.4450046808534243,B:TRP261:N,1.4450046808534243,True,nan,,inf,True,True,True,72.52151489257812,72.59806060791016,-0.07654571533203125,True,True
expanded13,6Y4G_B_CYS260__021__3,6Y4G_B_CYS260,21,3,0.41745472,A,1,0.41745472,True,A,0.41745472,0.0374031700193882,1.8058112859725952,-69.5632,g-,9.5632,45.0000,True,True,3.1648434527683333,B:HIS287:CE1,1.1648434527683333,True,nan,,inf,True,True,True,74.02582550048828,74.22608184814453,-0.20025634765625,True,True
expanded13,6Y4G_B_CYS260__022__2,6Y4G_B_CYS260,22,2,0.3957904,A,0,0.3957904,True,A,0.3957904,0.03975046053528786,1.807287335395813,-69.4473,g-,9.4473,45.0000,True,True,3.167077458052913,B:HIS287:CE1,1.1670774580529129,True,nan,,inf,True,True,True,74.01657104492188,74.22608184814453,-0.20951080322265625,True,True
expanded13,6Y4G_B_CYS260__022__3,6Y4G_B_CYS260,22,3,0.55086559,B,1,0.55086559,True,B,0.55086559,1.7888286113739014,0.010575642809271812,-172.2028,t,7.7972,45.0000,True,True,3.4450046808534243,B:TRP261:N,1.4450046808534243,True,nan,,inf,True,True,True,72.52151489257812,72.59806060791016,-0.07654571533203125,True,True
expanded13,6Y4G_B_CYS260__023__2,6Y4G_B_CYS260,23,2,0.43491805,A,0,0.43491805,True,A,0.43491805,0.02526414953172207,1.7981559038162231,-70.1624,g-,10.1624,45.0000,True,True,3.153390747902098,B:HIS287:CE1,1.153390747902098,True,nan,,inf,True,True,True,74.0868911743164,74.22608184814453,-0.139190673828125,True,True
expanded13,6Y4G_B_CYS260__023__3,6Y4G_B_CYS260,23,3,0.5233807,B,1,0.5233807,True,B,0.5233807,1.8035169839859009,0.03375848010182381,-173.3471,t,6.6529,45.0000,True,True,3.4450046808534243,B:TRP261:N,1.4450046808534243,True,nan,,inf,True,True,True,72.43580627441406,72.59806060791016,-0.16225433349609375,True,True
expanded13,6Y4G_B_CYS260__024__1,6Y4G_B_CYS260,24,1,0.43377742,A,0,0.43377742,True,A,0.43377742,0.025720134377479553,1.798445701599121,-70.1399,g-,10.1399,45.0000,True,True,3.153815383132333,B:HIS287:CE1,1.1538153831323328,True,nan,,inf,True,True,True,74.08353424072266,74.22608184814453,-0.142547607421875,True,True
expanded13,6Y4G_B_CYS260__024__3,6Y4G_B_CYS260,24,3,0.48775673,B,1,0.48775673,True,B,0.48775673,1.812951683998108,0.04879544675350189,-174.0894,t,5.9106,45.0000,True,True,3.4450046808534243,B:TRP261:N,1.4450046808534243,True,nan,,inf,True,True,True,72.3957748413086,72.59806060791016,-0.2022857666015625,True,True
expanded13,6Y4G_B_CYS260__025__0,6Y4G_B_CYS260,25,0,0.41138372,A,0,0.41138372,True,A,0.41138372,0.04248949885368347,1.8090054988861084,-69.3121,g-,9.3121,45.0000,True,True,3.1696955550553705,B:HIS287:CE1,1.1696955550553705,True,nan,,inf,True,True,True,74.0037841796875,74.22608184814453,-0.22229766845703125,True,True
expanded13,6Y4G_B_CYS260__025__3,6Y4G_B_CYS260,25,3,0.55942297,B,1,0.55942297,True,B,0.55942297,1.789001703262329,0.01084827072918415,-172.2163,t,7.7837,45.0000,True,True,3.4450046808534243,B:TRP261:N,1.4450046808534243,True,nan,,inf,True,True,True,72.51995086669922,72.59806060791016,-0.0781097412109375,True,True
expanded13,6Y4G_B_CYS260__026__0,6Y4G_B_CYS260,26,0,0.55348974,B,0,0.55348974,True,B,0.55348974,1.7906638383865356,0.013456115499138832,-172.3450,t,7.6550,45.0000,True,True,3.4450046808534243,B:TRP261:N,1.4450046808534243,True,nan,,inf,True,True,True,72.50865173339844,72.59806060791016,-0.08940887451171875,True,True
expanded13,6Y4G_B_CYS260__026__1,6Y4G_B_CYS260,26,1,0.38485897,A,1,0.38485897,True,A,0.38485897,0.06467900425195694,1.822833776473999,-68.2166,g-,8.2166,45.0000,True,True,3.1912456950746515,B:HIS287:CE1,1.1912456950746515,True,nan,,inf,True,True,True,73.90447998046875,74.22608184814453,-0.32160186767578125,True,True
expanded13,6Y4G_B_CYS260__027__0,6Y4G_B_CYS260,27,0,0.062729418,merged_duplicate,0,0.572878478,False,B,0.0,2.0285627841949463,0.43344902992248535,166.7994,t,13.2006,45.0000,True,True,3.073932643885976,B:ILE262:CG1,1.0739326438859762,True,nan,,inf,True,True,True,78.6138916015625,nan,nan,False,False
expanded13,6Y4G_B_CYS260__027__2,6Y4G_B_CYS260,27,2,0.40147135,A,1,0.40147135,True,A,0.40147135,0.046954989433288574,1.811800241470337,-69.0917,g-,9.0917,45.0000,True,True,3.173985725920797,B:HIS287:CE1,1.1739857259207969,True,nan,,inf,True,True,True,73.98111724853516,74.22608184814453,-0.244964599609375,True,True
expanded13,6Y4G_B_CYS260__027__3,6Y4G_B_CYS260,27,3,0.51014906,B,0,0.572878478,True,B,0.572878478,1.7517954111099243,0.046667180955410004,-169.3773,t,10.6227,45.0000,True,True,3.4450046808534243,B:TRP261:N,1.4450046808534243,True,nan,,inf,True,True,True,72.84540557861328,72.59806060791016,0.247344970703125,True,True
expanded13,6Y4G_B_CYS260__028__0,6Y4G_B_CYS260,28,0,0.55254734,B,0,0.55254734,True,B,0.55254734,1.7900354862213135,0.01246893871575594,-172.2962,t,7.7038,45.0000,True,True,3.4450046808534243,B:TRP261:N,1.4450046808534243,True,nan,,inf,True,True,True,72.51390838623047,72.59806060791016,-0.0841522216796875,True,True
expanded13,6Y4G_B_CYS260__028__1,6Y4G_B_CYS260,28,1,0.054700408,merged_duplicate,1,0.414404988,False,A,0.0,0.3154832720756531,1.5633238554000854,-87.0288,g-,27.0288,45.0000,True,True,2.918851958334456,B:HIS287:CE1,0.9188519583344559,True,nan,,inf,True,True,True,77.78485870361328,nan,nan,False,False
expanded13,6Y4G_B_CYS260__028__3,6Y4G_B_CYS260,28,3,0.35970458,A,1,0.414404988,True,A,0.414404988,0.05567728728055954,1.817243218421936,-68.6611,g-,8.6611,45.0000,True,True,3.1824311925341746,B:HIS287:CE1,1.1824311925341746,True,nan,,inf,True,True,True,73.94367218017578,74.22608184814453,-0.28240966796875,True,True
expanded13,6Y4G_B_CYS260__029__0,6Y4G_B_CYS260,29,0,0.52021426,B,0,0.52021426,True,B,0.52021426,1.8058456182479858,0.03745860606431961,-173.5297,t,6.4703,45.0000,True,True,3.4450046808534243,B:TRP261:N,1.4450046808534243,True,nan,,inf,True,True,True,72.42477416992188,72.59806060791016,-0.17328643798828125,True,True
expanded13,6Y4G_B_CYS260__029__3,6Y4G_B_CYS260,29,3,0.43486151,A,1,0.43486151,True,A,0.43486151,0.02576528489589691,1.7984731197357178,-70.1377,g-,10.1377,45.0000,True,True,3.1538595584457894,B:HIS287:CE1,1.1538595584457894,True,nan,,inf,True,True,True,74.08353424072266,74.22608184814453,-0.142547607421875,True,True
expanded13,6Y4G_B_CYS260__030__0,6Y4G_B_CYS260,30,0,0.56185025,B,0,0.56185025,True,B,0.56185025,1.7883594036102295,0.009842653758823872,-172.1666,t,7.8334,45.0000,True,True,3.4450046808534243,B:TRP261:N,1.4450046808534243,True,nan,,inf,True,True,True,72.52421569824219,72.59806060791016,-0.07384490966796875,True,True
expanded13,6Y4G_B_CYS260__030__3,6Y4G_B_CYS260,30,3,0.40595073,A,1,0.40595073,True,A,0.40595073,0.03745964169502258,1.805847406387329,-69.5604,g-,9.5604,45.0000,True,True,3.164896125794678,B:HIS287:CE1,1.164896125794678,True,nan,,inf,True,True,True,74.02582550048828,74.22608184814453,-0.20025634765625,True,True
expanded13,6Y4G_B_CYS260__031__0,6Y4G_B_CYS260,31,0,0.56060809,B,0,0.56060809,True,B,0.56060809,1.7886090278625488,0.010233785957098007,-172.1859,t,7.8141,45.0000,True,True,3.4450046808534243,B:TRP261:N,1.4450046808534243,True,nan,,inf,True,True,True,72.52421569824219,72.59806060791016,-0.07384490966796875,True,True
expanded13,6Y4G_B_CYS260__031__2,6Y4G_B_CYS260,31,2,0.41911879,A,1,0.41911879,True,A,0.41911879,0.03761957213282585,1.8059481382369995,-69.5525,g-,9.5525,45.0000,True,True,3.165048278137577,B:HIS287:CE1,1.165048278137577,True,nan,,inf,True,True,True,74.02501678466797,74.22608184814453,-0.2010650634765625,True,True
expanded13,6Y4G_B_CYS260__032__1,6Y4G_B_CYS260,32,1,0.43904078,A,0,0.43904078,True,A,0.43904078,0.02299114130437374,1.7967175245285034,-70.2746,g-,10.2746,45.0000,True,True,3.1512660712505554,B:HIS287:CE1,1.1512660712505554,True,nan,,inf,True,True,True,74.09749603271484,74.22608184814453,-0.1285858154296875,True,True
expanded13,6Y4G_B_CYS260__032__2,6Y4G_B_CYS260,32,2,0.56093729,B,1,0.56093729,True,B,0.56093729,1.7885273694992065,0.010103540495038033,-172.1795,t,7.8205,45.0000,True,True,3.4450046808534243,B:TRP261:N,1.4450046808534243,True,nan,,inf,True,True,True,72.52421569824219,72.59806060791016,-0.07384490966796875,True,True
expanded13,6Y4G_B_CYS260__033__0,6Y4G_B_CYS260,33,0,0.56091452,B,0,0.56091452,True,B,0.56091452,1.7885292768478394,0.010108650662004948,-172.1797,t,7.8203,45.0000,True,True,3.4450046808534243,B:TRP261:N,1.4450046808534243,True,nan,,inf,True,True,True,72.52421569824219,72.59806060791016,-0.07384490966796875,True,True
expanded13,6Y4G_B_CYS260__033__1,6Y4G_B_CYS260,33,1,0.43901581,A,1,0.43901581,True,A,0.43901581,0.02299114130437374,1.7967175245285034,-70.2746,g-,10.2746,45.0000,True,True,3.1512660712505554,B:HIS287:CE1,1.1512660712505554,True,nan,,inf,True,True,True,74.09749603271484,74.22608184814453,-0.1285858154296875,True,True
expanded13,6Y4G_B_CYS260__034__1,6Y4G_B_CYS260,34,1,0.55808932,B,0,0.55808932,True,B,0.55808932,1.7892112731933594,0.011176714673638344,-172.2325,t,7.7675,45.0000,True,True,3.4450046808534243,B:TRP261:N,1.4450046808534243,True,nan,,inf,True,True,True,72.51725006103516,72.59806060791016,-0.080810546875,True,True
expanded13,6Y4G_B_CYS260__034__3,6Y4G_B_CYS260,34,3,0.40880379,A,1,0.40880379,True,A,0.40880379,0.04401812329888344,1.8099621534347534,-69.2367,g-,9.2367,45.0000,True,True,3.171162689527178,B:HIS287:CE1,1.1711626895271778,True,nan,,inf,True,True,True,73.99557495117188,74.22608184814453,-0.23050689697265625,True,True
expanded13,6Y4G_B_CYS260__035__0,6Y4G_B_CYS260,35,0,0.4108232,A,0,0.4108232,True,A,0.4108232,0.0323108471930027,1.8026059865951538,-69.8146,g-,9.8146,45.0000,True,True,3.1600164376301842,B:HIS287:CE1,1.1600164376301842,True,nan,,inf,True,True,True,74.04984283447266,74.22608184814453,-0.176239013671875,True,True
expanded13,6Y4G_B_CYS260__035__2,6Y4G_B_CYS260,35,2,0.5256604,B,1,0.5256604,True,B,0.5256604,1.8000702857971191,0.0282941535115242,-173.0773,t,6.9227,45.0000,True,True,3.4450046808534243,B:TRP261:N,1.4450046808534243,True,nan,,inf,True,True,True,72.45219421386719,72.59806060791016,-0.14586639404296875,True,True
expanded13,6Y4G_B_CYS260__036__1,6Y4G_B_CYS260,36,1,0.43898532,A,0,0.43898532,True,A,0.43898532,0.02299114130437374,1.7967175245285034,-70.2746,g-,10.2746,45.0000,True,True,3.1512660712505554,B:HIS287:CE1,1.1512660712505554,True,nan,,inf,True,True,True,74.09749603271484,74.22608184814453,-0.1285858154296875,True,True
expanded13,6Y4G_B_CYS260__036__2,6Y4G_B_CYS260,36,2,0.56087857,B,1,0.56087857,True,B,0.56087857,1.7885288000106812,0.010107372887432575,-172.1797,t,7.8203,45.0000,True,True,3.4450046808534243,B:TRP261:N,1.4450046808534243,True,nan,,inf,True,True,True,72.52421569824219,72.59806060791016,-0.07384490966796875,True,True
expanded13,6Y4G_B_CYS260__037__0,6Y4G_B_CYS260,37,0,0.56356663,B,0,0.56356663,True,B,0.56356663,1.7887195348739624,0.010406113229691982,-172.1944,t,7.8056,45.0000,True,True,3.4450046808534243,B:TRP261:N,1.4450046808534243,True,nan,,inf,True,True,True,72.52421569824219,72.59806060791016,-0.07384490966796875,True,True
expanded13,6Y4G_B_CYS260__037__1,6Y4G_B_CYS260,37,1,0.35647136,A,1,0.35647136,True,A,0.35647136,0.03901560604572296,1.8068252801895142,-69.4836,g-,9.4836,45.0000,True,True,3.1663776869069222,B:HIS287:CE1,1.1663776869069222,True,nan,,inf,True,True,True,74.01736450195312,74.22608184814453,-0.20871734619140625,True,True
expanded13,6Y4G_B_CYS260__038__2,6Y4G_B_CYS260,38,2,0.55494416,B,0,0.55494416,True,B,0.55494416,1.7890496253967285,0.010924694128334522,-172.2200,t,7.7800,45.0000,True,True,3.4450046808534243,B:TRP261:N,1.4450046808534243,True,nan,,inf,True,True,True,72.51995086669922,72.59806060791016,-0.0781097412109375,True,True
expanded13,6Y4G_B_CYS260__038__3,6Y4G_B_CYS260,38,3,0.39499018,A,1,0.39499018,True,A,0.39499018,0.053183168172836304,1.8156895637512207,-68.7842,g-,8.7842,45.0000,True,True,3.180006679815818,B:HIS287:CE1,1.180006679815818,True,nan,,inf,True,True,True,73.95254516601562,74.22608184814453,-0.27353668212890625,True,True
expanded13,6Y4G_B_CYS260__039__0,6Y4G_B_CYS260,39,0,0.4315384,A,0,0.4315384,True,A,0.4315384,0.02917897142469883,1.8006305694580078,-69.9692,g-,9.9692,45.0000,True,True,3.157063422183534,B:HIS287:CE1,1.1570634221835339,True,nan,,inf,True,True,True,74.06659698486328,74.22608184814453,-0.15948486328125,True,True
expanded13,6Y4G_B_CYS260__039__3,6Y4G_B_CYS260,39,3,0.50062418,B,1,0.50062418,True,B,0.50062418,1.8151136636734009,0.05225955694913864,-174.2604,t,5.7396,45.0000,True,True,3.4450046808534243,B:TRP261:N,1.4450046808534243,True,nan,,inf,True,True,True,72.38887786865234,72.59806060791016,-0.2091827392578125,True,True
expanded13,6Y4G_B_CYS260__040__2,6Y4G_B_CYS260,40,2,0.55846727,B,0,0.55846727,True,B,0.55846727,1.7888994216918945,0.01068991981446743,-172.2084,t,7.7916,45.0000,True,True,3.4450046808534243,B:TRP261:N,1.4450046808534243,True,nan,,inf,True,True,True,72.52151489257812,72.59806060791016,-0.07654571533203125,True,True
expanded13,6Y4G_B_CYS260__040__3,6Y4G_B_CYS260,40,3,0.4228949,A,1,0.4228949,True,A,0.4228949,0.03287387639284134,1.8029601573944092,-69.7868,g-,9.7868,45.0000,True,True,3.160548945490346,B:HIS287:CE1,1.160548945490346,True,nan,,inf,True,True,True,74.04899597167969,74.22608184814453,-0.17708587646484375,True,True
expanded13,6Y4G_B_CYS260__041__0,6Y4G_B_CYS260,41,0,0.3688266,A,0,0.3688266,True,A,0.3688266,0.0478232204914093,1.8123435974121094,-69.0488,g-,9.0488,45.0000,True,True,3.1748214329946864,B:HIS287:CE1,1.1748214329946864,True,nan,,inf,True,True,True,73.97736358642578,74.22608184814453,-0.24871826171875,True,True
expanded13,6Y4G_B_CYS260__041__1,6Y4G_B_CYS260,41,1,0.55657917,B,1,0.55657917,True,B,0.55657917,1.7894361019134521,0.011532641015946865,-172.2500,t,7.7500,45.0000,True,True,3.4450046808534243,B:TRP261:N,1.4450046808534243,True,nan,,inf,True,True,True,72.51658630371094,72.59806060791016,-0.08147430419921875,True,True
expanded13,6Y4G_B_CYS260__042__0,6Y4G_B_CYS260,42,0,0.56084448,B,0,0.56084448,True,B,0.56084448,1.788528323173523,0.010106095112860203,-172.1796,t,7.8204,45.0000,True,True,3.4450046808534243,B:TRP261:N,1.4450046808534243,True,nan,,inf,True,True,True,72.52421569824219,72.59806060791016,-0.07384490966796875,True,True
expanded13,6Y4G_B_CYS260__042__1,6Y4G_B_CYS260,42,1,0.43895817,A,1,0.43895817,True,A,0.43895817,0.022991714999079704,1.7967181205749512,-70.2746,g-,10.2746,45.0000,True,True,3.151266356824473,B:HIS287:CE1,1.1512663568244732,True,nan,,inf,True,True,True,74.09749603271484,74.22608184814453,-0.1285858154296875,True,True
expanded13,6Y4G_B_CYS260__043__0,6Y4G_B_CYS260,43,0,0.55959874,B,0,0.55959874,True,B,0.55959874,1.7889626026153564,0.01078710239380598,-172.2132,t,7.7868,45.0000,True,True,3.4450046808534243,B:TRP261:N,1.4450046808534243,True,nan,,inf,True,True,True,72.52151489257812,72.59806060791016,-0.07654571533203125,True,True
expanded13,6Y4G_B_CYS260__043__2,6Y4G_B_CYS260,43,2,0.40609252,A,1,0.40609252,True,A,0.40609252,0.04707767814397812,1.8118776082992554,-69.0856,g-,9.0856,45.0000,True,True,3.1741030343690433,B:HIS287:CE1,1.1741030343690433,True,nan,,inf,True,True,True,73.98111724853516,74.22608184814453,-0.244964599609375,True,True
expanded13,6Y4G_B_CYS260__044__1,6Y4G_B_CYS260,44,1,0.39036766,A,0,0.443236846,True,A,0.443236846,0.011055992916226387,1.7749614715576172,-71.9551,g-,11.9551,45.0000,True,True,3.1202495396121037,B:HIS287:CE1,1.1202495396121037,True,nan,,inf,True,True,True,74.29383850097656,74.22608184814453,0.06775665283203125,True,True
expanded13,6Y4G_B_CYS260__044__2,6Y4G_B_CYS260,44,2,0.55667186,B,1,0.55667186,True,B,0.55667186,1.7883408069610596,0.009809590876102448,-172.1650,t,7.8350,45.0000,True,True,3.4450046808534243,B:TRP261:N,1.4450046808534243,True,nan,,inf,True,True,True,72.52421569824219,72.59806060791016,-0.07384490966796875,True,True
expanded13,6Y4G_B_CYS260__044__3,6Y4G_B_CYS260,44,3,0.052869186,merged_duplicate,0,0.443236846,False,A,0.0,0.35126426815986633,1.9867051839828491,-54.0054,g-,5.9946,45.0000,True,True,3.0511978647157902,A:LYS480:CE,1.0511978647157902,True,nan,,inf,True,True,True,73.71847534179688,nan,nan,False,False
expanded13,6Y4G_B_CYS260__045__0,6Y4G_B_CYS260,45,0,0.4224869,A,0,0.4224869,True,A,0.4224869,0.03066653572022915,1.8015693426132202,-69.8957,g-,9.8957,45.0000,True,True,3.1584641640807893,B:HIS287:CE1,1.1584641640807893,True,nan,,inf,True,True,True,74.05860900878906,74.22608184814453,-0.16747283935546875,True,True
expanded13,6Y4G_B_CYS260__045__3,6Y4G_B_CYS260,45,3,0.55726868,B,1,0.55726868,True,B,0.55726868,1.7891747951507568,0.011117537505924702,-172.2295,t,7.7705,45.0000,True,True,3.4450046808534243,B:TRP261:N,1.4450046808534243,True,nan,,inf,True,True,True,72.51995086669922,72.59806060791016,-0.0781097412109375,True,True
expanded13,6Y4G_B_CYS260__046__0,6Y4G_B_CYS260,46,0,0.43516868,A,0,0.43516868,True,A,0.43516868,0.024696344509720802,1.797796607017517,-70.1904,g-,10.1904,45.0000,True,True,3.1528593800329854,B:HIS287:CE1,1.1528593800329854,True,nan,,inf,True,True,True,74.09172058105469,74.22608184814453,-0.13436126708984375,True,True
expanded13,6Y4G_B_CYS260__046__2,6Y4G_B_CYS260,46,2,0.05035596,merged_duplicate,1,0.56481509,False,B,0.0,1.555699348449707,0.32567599415779114,-155.5534,t,24.4466,45.0000,True,True,3.4450046808534243,B:TRP261:N,1.4450046808534243,True,nan,,inf,True,True,True,76.41267395019531,nan,nan,False,False
expanded13,6Y4G_B_CYS260__046__3,6Y4G_B_CYS260,46,3,0.51445913,B,1,0.56481509,True,B,0.56481509,1.805179476737976,0.03639889881014824,-173.4774,t,6.5226,45.0000,True,True,3.4450046808534243,B:TRP261:N,1.4450046808534243,True,nan,,inf,True,True,True,72.42880249023438,72.59806060791016,-0.16925811767578125,True,True
expanded13,6Y4G_B_CYS260__047__0,6Y4G_B_CYS260,47,0,0.41810101,A,0,0.41810101,True,A,0.41810101,0.03783222287893295,1.8060808181762695,-69.5420,g-,9.5420,45.0000,True,True,3.1652517153956743,B:HIS287:CE1,1.1652517153956743,True,nan,,inf,True,True,True,74.02501678466797,74.22608184814453,-0.2010650634765625,True,True
expanded13,6Y4G_B_CYS260__047__3,6Y4G_B_CYS260,47,3,0.55622602,B,1,0.55622602,True,B,0.55622602,1.7896097898483276,0.011803184635937214,-172.2634,t,7.7366,45.0000,True,True,3.4450046808534243,B:TRP261:N,1.4450046808534243,True,nan,,inf,True,True,True,72.51658630371094,72.59806060791016,-0.08147430419921875,True,True
expanded13,6Y4G_B_CYS260__048__0,6Y4G_B_CYS260,48,0,0.055252686,merged_duplicate,0,0.440949996,False,A,0.0,0.1483794003725052,1.6833175420761108,-78.7378,g-,18.7378,45.0000,True,True,3.0114396230473286,B:HIS287:CE1,1.0114396230473286,True,nan,,inf,True,True,True,75.6772232055664,nan,nan,False,False
expanded13,6Y4G_B_CYS260__048__1,6Y4G_B_CYS260,48,1,0.38569731,A,0,0.440949996,True,A,0.440949996,0.06481814384460449,1.822920322418213,-68.2098,g-,8.2098,45.0000,True,True,3.1913823786598066,B:HIS287:CE1,1.1913823786598066,True,nan,,inf,True,True,True,73.90382385253906,74.22608184814453,-0.32225799560546875,True,True
expanded13,6Y4G_B_CYS260__048__2,6Y4G_B_CYS260,48,2,0.55783945,B,1,0.55783945,True,B,0.55783945,1.7883754968643188,0.009869329631328583,-172.1679,t,7.8321,45.0000,True,True,3.4450046808534243,B:TRP261:N,1.4450046808534243,True,nan,,inf,True,True,True,72.52421569824219,72.59806060791016,-0.07384490966796875,True,True
expanded13,6Y4G_B_CYS260__049__0,6Y4G_B_CYS260,49,0,0.56087697,B,0,0.56087697,True,B,0.56087697,1.7885246276855469,0.010101547464728355,-172.1794,t,7.8206,45.0000,True,True,3.4450046808534243,B:TRP261:N,1.4450046808534243,True,nan,,inf,True,True,True,72.52421569824219,72.59806060791016,-0.07384490966796875,True,True
expanded13,6Y4G_B_CYS260__049__2,6Y4G_B_CYS260,49,2,0.4389894,A,1,0.4389894,True,A,0.4389894,0.02298843115568161,1.7967158555984497,-70.2747,g-,10.2747,45.0000,True,True,3.1512636844724624,B:HIS287:CE1,1.1512636844724624,True,nan,,inf,True,True,True,74.09749603271484,74.22608184814453,-0.1285858154296875,True,True
expanded13,3GMI_A_GLU5__000__0,3GMI_A_GLU5,0,0,0.051022474,other,0,0.16347605399999998,False,other,0.0,4.274141311645508,1.0052810907363892,81.4949;82.9852;12.7390,g+/g+/p0,21.4949;22.9852;12.7390,45.0000;45.0000;90.0000,True,True,2.8883651710099842,A:LEU2:O,0.8883651710099842,True,2.8712747227030673,"sym2[0,0,0]/S:HOH148:O",0.9112746845560946,True,True,True,90.29106903076172,nan,nan,False,False
expanded13,3GMI_A_GLU5__000__1,3GMI_A_GLU5,0,1,0.11245358,other,0,0.16347605399999998,True,other,0.16347605399999998,4.277533054351807,1.005143404006958,81.2330;83.0771;12.7896,g+/g+/p0,21.2330;23.0771;12.7896,45.0000;45.0000;90.0000,True,True,2.8840216176651112,A:LEU2:O,0.8840216176651112,True,2.8789526729945427,"sym2[0,0,0]/S:HOH148:O",0.9189526348475701,True,True,True,90.75450134277344,nan,nan,False,False
expanded13,3GMI_A_GLU5__000__3,3GMI_A_GLU5,0,3,0.82943249,A,1,0.82943249,True,A,0.82943249,0.1555003672838211,4.217545032501221,-68.4760;-77.5002;-16.4075,g-/g-/p0,8.4760;17.5002;16.4075,45.0000;45.0000;90.0000,True,True,3.172453994117389,A:ILE6:N,1.1724539941173888,True,2.9591781386651115,"sym2[0,0,0]/S:HOH327:O",2.0191781410492973,True,True,True,179.89117431640625,179.85321044921875,0.0379638671875,True,True
expanded13,3GMI_A_GLU5__001__0,3GMI_A_GLU5,1,0,1.0,A,0,1.0,True,A,1.0,0.15503649413585663,4.216768741607666,-68.5090;-77.5463;-16.5726,g-/g-/p0,8.5090;17.5463;16.5726,45.0000;45.0000;90.0000,True,True,3.172453994117389,A:ILE6:N,1.1724539941173888,True,2.962119837061668,"sym2[0,0,0]/S:HOH327:O",2.0221198394458537,True,True,True,179.88827514648438,179.85321044921875,0.035064697265625,True,True
expanded13,3GMI_A_GLU5__002__0,3GMI_A_GLU5,2,0,0.16532296,B,0,0.228830815,True,B,0.228830815,4.1266188621521,0.31979888677597046,163.1702;-81.9367;-30.1963,t/g-/p0,16.8298;21.9367;30.1963,45.0000;45.0000;90.0000,True,True,3.008987563124652,A:ILE6:N,1.008987563124652,True,2.7989242796322364,"sym2[0,0,0]/S:HOH148:O",0.8389242414852638,True,True,True,102.36601257324219,104.12223815917969,-1.7562255859375,True,True
expanded13,3GMI_A_GLU5__002__2,3GMI_A_GLU5,2,2,0.76188117,A,1,0.76188117,True,A,0.76188117,0.16255784034729004,4.218829154968262,-68.3342;-77.6032;-16.8603,g-/g-/p0,8.3342;17.6032;16.8603,45.0000;45.0000;90.0000,True,True,3.172453994117389,A:ILE6:N,1.1724539941173888,True,2.9572318850356933,"sym2[0,0,0]/S:HOH327:O",2.017231887419879,True,True,True,179.89459228515625,179.85321044921875,0.0413818359375,True,True
expanded13,3GMI_A_GLU5__002__3,3GMI_A_GLU5,2,3,0.063507855,merged_duplicate,0,0.228830815,False,B,0.0,4.041050910949707,0.5160478353500366,168.4309;-81.1147;152.9000,t/g-/t,11.5691;21.1147;27.1000,45.0000;45.0000;90.0000,True,True,2.9769703557260914,A:ILE6:N,0.9769703557260914,True,2.4795567713923092,"sym2[0,0,0]/S:HOH148:O",0.5195567332453366,True,True,True,76.51799774169922,nan,nan,False,False
expanded13,3GMI_A_GLU5__003__2,3GMI_A_GLU5,3,2,0.20242284,B,0,0.20242284,True,B,0.20242284,4.088747978210449,0.3922434151172638,165.5390;-82.0316;151.1633,t/g-/t,14.4610;22.0316;28.8367,45.0000;45.0000;90.0000,True,True,3.004528019511902,A:ILE6:N,1.004528019511902,True,2.667493496140889,"sym2[0,0,0]/S:HOH148:O",0.7074934579939165,True,True,True,101.69413757324219,104.12223815917969,-2.4281005859375,True,True
expanded13,3GMI_A_GLU5__003__3,3GMI_A_GLU5,3,3,0.76880735,A,1,0.76880735,True,A,0.76880735,0.17813080549240112,4.231965065002441,-67.8259;-76.8065;-15.3998,g-/g-/p0,7.8259;16.8065;15.3998,45.0000;45.0000;90.0000,True,True,3.172453994117389,A:ILE6:N,1.1724539941173888,True,2.9234430054690184,"sym2[0,0,0]/S:HOH327:O",1.9834430078532042,True,True,True,179.92782592773438,179.85321044921875,0.074615478515625,True,True
expanded13,3GMI_A_GLU5__004__0,3GMI_A_GLU5,4,0,0.76380306,A,0,0.76380306,True,A,0.76380306,0.1963898241519928,4.231292247772217,-67.0900;-76.9281;164.1865,g-/g-/t,7.0900;16.9281;15.8135,45.0000;45.0000;90.0000,True,True,3.172453994117389,A:ILE6:N,1.1724539941173888,True,2.915029943035181,"sym2[0,0,0]/S:HOH327:O",1.975029945419367,True,True,True,179.9781951904297,179.85321044921875,0.1249847412109375,True,True
expanded13,3GMI_A_GLU5__004__1,3GMI_A_GLU5,4,1,0.16547662,B,1,0.16547662,True,B,0.16547662,4.108593940734863,0.36309492588043213,164.3114;-81.9812;-28.9849,t/g-/p0,15.6886;21.9812;28.9849,45.0000;45.0000;90.0000,True,True,2.994955921496588,A:ILE6:N,0.994955921496588,True,2.722228664076638,"sym2[0,0,0]/S:HOH148:O",0.7622286259296653,True,True,True,102.0166015625,104.12223815917969,-2.1056365966796875,True,True
expanded13,3GMI_A_GLU5__005__3,3GMI_A_GLU5,5,3,1.0,A,0,1.0,True,A,1.0,0.19096896052360535,4.229846000671387,-67.2258;-76.8772;164.2847,g-/g-/t,7.2258;16.8772;15.7153,45.0000;45.0000;90.0000,True,True,3.172453994117389,A:ILE6:N,1.1724539941173888,True,2.920021011111678,"sym2[0,0,0]/S:HOH327:O",1.9800210134958638,True,True,True,179.96456909179688,179.85321044921875,0.111358642578125,True,True
expanded13,3GMI_A_GLU5__006__2,3GMI_A_GLU5,6,2,0.77122128,A,0,0.77122128,True,A,0.77122128,0.16110634803771973,4.218788146972656,-68.3509;-77.5713;-16.6636,g-/g-/p0,8.3509;17.5713;16.6636,45.0000;45.0000;90.0000,True,True,3.172453994117389,A:ILE6:N,1.1724539941173888,True,2.956044133575637,"sym2[0,0,0]/S:HOH327:O",2.016044135959823,True,True,True,179.89515686035156,179.85321044921875,0.0419464111328125,True,True
expanded13,3GMI_A_GLU5__006__3,3GMI_A_GLU5,6,3,0.18959327,B,1,0.18959327,True,B,0.18959327,4.080575466156006,0.3976278603076935,165.9786;-82.3198;150.4409,t/g-/t,14.0214;22.3198;29.5591,45.0000;45.0000;90.0000,True,True,3.031010269738029,A:ILE6:N,1.031010269738029,True,2.64975747406523,"sym2[0,0,0]/S:HOH148:O",0.6897574359182572,True,True,True,101.51595306396484,104.12223815917969,-2.6062850952148438,True,True
expanded13,3GMI_A_GLU5__007__1,3GMI_A_GLU5,7,1,0.7740891,A,0,0.7740891,True,A,0.7740891,0.19600187242031097,4.231198787689209,-67.1013;-76.9215;164.1744,g-/g-/t,7.1013;16.9215;15.8256,45.0000;45.0000;90.0000,True,True,3.172453994117389,A:ILE6:N,1.1724539941173888,True,2.9156447441078854,"sym2[0,0,0]/S:HOH327:O",1.9756447464920712,True,True,True,179.96755981445312,179.85321044921875,0.114349365234375,True,True
expanded13,3GMI_A_GLU5__007__2,3GMI_A_GLU5,7,2,0.21859719,B,1,0.21859719,True,B,0.21859719,4.095316410064697,0.36897388100624084,165.0998;-82.2046;150.2738,t/g-/t,14.9002;22.2046;29.7262,45.0000;45.0000;90.0000,True,True,3.0243054399226073,A:ILE6:N,1.0243054399226073,True,2.701517531478846,"sym2[0,0,0]/S:HOH148:O",0.7415174933318736,True,True,True,101.77900695800781,104.12223815917969,-2.343231201171875,True,True
expanded13,3GMI_A_GLU5__008__0,3GMI_A_GLU5,8,0,0.77073926,A,0,0.77073926,True,A,0.77073926,0.19656307995319366,4.231348037719727,-67.0854;-76.9289;164.1905,g-/g-/t,7.0854;16.9289;15.8095,45.0000;45.0000;90.0000,True,True,3.172453994117389,A:ILE6:N,1.1724539941173888,True,2.914783170721034,"sym2[0,0,0]/S:HOH327:O",1.97478317310522,True,True,True,179.975830078125,179.85321044921875,0.12261962890625,True,True
expanded13,3GMI_A_GLU5__008__1,3GMI_A_GLU5,8,1,0.21561305,B,1,0.21561305,True,B,0.21561305,4.115249156951904,0.3429720997810364,163.8763;-82.1426;-29.5238,t/g-/p0,16.1237;22.1426;29.5238,45.0000;45.0000;90.0000,True,True,3.007625029879759,A:ILE6:N,1.007625029879759,True,2.7535124964033213,"sym2[0,0,0]/S:HOH148:O",0.7935124582563486,True,True,True,102.1268081665039,104.12223815917969,-1.9954299926757812,True,True
expanded13,3GMI_A_GLU5__009__1,3GMI_A_GLU5,9,1,0.2182076,B,0,0.2182076,True,B,0.2182076,4.116331577301025,0.3370022177696228,163.7936;-82.1691;-29.9183,t/g-/p0,16.2064;22.1691;29.9183,45.0000;45.0000;90.0000,True,True,3.0153671561382103,A:ILE6:N,1.0153671561382103,True,2.761820576240958,"sym2[0,0,0]/S:HOH148:O",0.8018205380939851,True,True,True,102.12975311279297,104.12223815917969,-1.9924850463867188,True,True
expanded13,3GMI_A_GLU5__009__2,3GMI_A_GLU5,9,2,0.77792299,A,1,0.77792299,True,A,0.77792299,0.16226302087306976,4.218550205230713,-68.3434;-77.6220;-16.8642,g-/g-/p0,8.3434;17.6220;16.8642,45.0000;45.0000;90.0000,True,True,3.172453994117389,A:ILE6:N,1.1724539941173888,True,2.957605822597558,"sym2[0,0,0]/S:HOH327:O",2.017605824981744,True,True,True,179.90084838867188,179.85321044921875,0.047637939453125,True,True
expanded13,3GMI_A_GLU5__010__0,3GMI_A_GLU5,10,0,0.20267566,B,0,0.20267566,True,B,0.20267566,4.090065956115723,0.39215758442878723,165.4712;-81.9882;151.3719,t/g-/t,14.5288;21.9882;28.6281,45.0000;45.0000;90.0000,True,True,2.9986280092044417,A:ILE6:N,0.9986280092044417,True,2.669518791802703,"sym2[0,0,0]/S:HOH148:O",0.7095187536557304,True,True,True,101.73271179199219,104.12223815917969,-2.3895263671875,True,True
expanded13,3GMI_A_GLU5__010__1,3GMI_A_GLU5,10,1,0.76850158,A,1,0.76850158,True,A,0.76850158,0.1623556911945343,4.219390869140625,-68.3465;-77.5201;-16.9302,g-/g-/p0,8.3465;17.5201;16.9302,45.0000;45.0000;90.0000,True,True,3.172453994117389,A:ILE6:N,1.1724539941173888,True,2.958722729655695,"sym2[0,0,0]/S:HOH327:O",2.0187227320398806,True,True,True,179.8922119140625,179.85321044921875,0.03900146484375,True,True
expanded13,3GMI_A_GLU5__011__2,3GMI_A_GLU5,11,2,0.18773736,B,0,0.18773736,True,B,0.18773736,4.101896286010742,0.37330320477485657,164.7064;-82.2139;-28.7977,t/g-/p0,15.2936;22.2139;28.7977,45.0000;45.0000;90.0000,True,True,3.0018873621798865,A:ILE6:N,1.0018873621798865,True,2.699353484831869,"sym2[0,0,0]/S:HOH148:O",0.7393534466848966,True,True,True,101.87077331542969,104.12223815917969,-2.25146484375,True,True
expanded13,3GMI_A_GLU5__011__3,3GMI_A_GLU5,11,3,0.76590943,A,1,0.76590943,True,A,0.76590943,0.16614128649234772,4.220364570617676,-68.2309;-77.5897;-16.8315,g-/g-/p0,8.2309;17.5897;16.8315,45.0000;45.0000;90.0000,True,True,3.172453994117389,A:ILE6:N,1.1724539941173888,True,2.9524911629392614,"sym2[0,0,0]/S:HOH327:O",2.012491165323447,True,True,True,179.9051055908203,179.85321044921875,0.0518951416015625,True,True
expanded13,3GMI_A_GLU5__012__1,3GMI_A_GLU5,12,1,0.20477478,B,0,0.20477478,True,B,0.20477478,4.110212326049805,0.351184606552124,164.1752;-81.9904;-30.0008,t/g-/p0,15.8248;21.9904;30.0008,45.0000;45.0000;90.0000,True,True,3.0133087271501355,A:ILE6:N,1.0133087271501355,True,2.7385626097168325,"sym2[0,0,0]/S:HOH148:O",0.7785625715698599,True,True,True,102.02857971191406,104.12223815917969,-2.093658447265625,True,True
expanded13,3GMI_A_GLU5__012__3,3GMI_A_GLU5,12,3,0.76563591,A,1,0.76563591,True,A,0.76563591,0.1600409597158432,4.217748641967773,-68.3891;-77.6346;-16.7220,g-/g-/p0,8.3891;17.6346;16.7220,45.0000;45.0000;90.0000,True,True,3.172453994117389,A:ILE6:N,1.1724539941173888,True,2.9581015678595954,"sym2[0,0,0]/S:HOH327:O",2.0181015702437812,True,True,True,179.89610290527344,179.85321044921875,0.0428924560546875,True,True
expanded13,3GMI_A_GLU5__013__1,3GMI_A_GLU5,13,1,0.77620286,A,0,0.77620286,True,A,0.77620286,0.16292154788970947,4.218860626220703,-68.3207;-77.6204;-16.8283,g-/g-/p0,8.3207;17.6204;16.8283,45.0000;45.0000;90.0000,True,True,3.172453994117389,A:ILE6:N,1.1724539941173888,True,2.956265578745177,"sym2[0,0,0]/S:HOH327:O",2.0162655811293626,True,True,True,179.8969268798828,179.85321044921875,0.0437164306640625,True,True
expanded13,3GMI_A_GLU5__013__2,3GMI_A_GLU5,13,2,0.21305645,B,1,0.21305645,True,B,0.21305645,4.094638347625732,0.3744726777076721,165.1591;-82.1679;150.6982,t/g-/t,14.8409;22.1679;29.3018,45.0000;45.0000;90.0000,True,True,3.015367799108952,A:ILE6:N,1.0153677991089518,True,2.6944003529129494,"sym2[0,0,0]/S:HOH148:O",0.7344003147659768,True,True,True,101.78103637695312,104.12223815917969,-2.3412017822265625,True,True
expanded13,3GMI_A_GLU5__014__1,3GMI_A_GLU5,14,1,0.20683989,B,0,0.20683989,True,B,0.20683989,4.092859745025635,0.383311003446579,165.2896;-82.0920;151.1814,t/g-/t,14.7104;22.0920;28.8186,45.0000;45.0000;90.0000,True,True,3.0045031980837185,A:ILE6:N,1.0045031980837185,True,2.682414261573715,"sym2[0,0,0]/S:HOH148:O",0.7224142234267426,True,True,True,101.75437927246094,104.12223815917969,-2.36785888671875,True,True
expanded13,3GMI_A_GLU5__014__3,3GMI_A_GLU5,14,3,0.7744242,A,1,0.7744242,True,A,0.7744242,0.1613892763853073,4.217941761016846,-68.3690;-77.6522;-16.8647,g-/g-/p0,8.3690;17.6522;16.8647,45.0000;45.0000;90.0000,True,True,3.172453994117389,A:ILE6:N,1.1724539941173888,True,2.9586124402489005,"sym2[0,0,0]/S:HOH327:O",2.0186124426330863,True,True,True,179.89874267578125,179.85321044921875,0.0455322265625,True,True
expanded13,3GMI_A_GLU5__015__2,3GMI_A_GLU5,15,2,0.77704167,A,0,0.77704167,True,A,0.77704167,0.1625155508518219,4.218801498413086,-68.3225;-77.6210;-16.7467,g-/g-/p0,8.3225;17.6210;16.7467,45.0000;45.0000;90.0000,True,True,3.172453994117389,A:ILE6:N,1.1724539941173888,True,2.9554923198786462,"sym2[0,0,0]/S:HOH327:O",2.015492322262832,True,True,True,179.89764404296875,179.85321044921875,0.04443359375,True,True
expanded13,3GMI_A_GLU5__015__3,3GMI_A_GLU5,15,3,0.21294799,B,1,0.21294799,True,B,0.21294799,4.093531608581543,0.3769311010837555,165.2271;-82.1820;150.7629,t/g-/t,14.7729;22.1820;29.2371,45.0000;45.0000;90.0000,True,True,3.0150619972311166,A:ILE6:N,1.0150619972311166,True,2.6900212786625675,"sym2[0,0,0]/S:HOH148:O",0.7300212405155948,True,True,True,101.75616455078125,104.12223815917969,-2.3660736083984375,True,True
expanded13,3GMI_A_GLU5__016__1,3GMI_A_GLU5,16,1,0.21651593,B,0,0.21651593,True,B,0.21651593,4.101632595062256,0.35288915038108826,164.7019;-82.1948;149.8067,t/g-/t,15.2981;22.1948;30.1933,45.0000;45.0000;90.0000,True,True,3.0303148234528234,A:ILE6:N,1.0303148234528234,True,2.728470374606386,"sym2[0,0,0]/S:HOH148:O",0.7684703364594134,True,True,True,101.88871765136719,104.12223815917969,-2.2335205078125,True,True
expanded13,3GMI_A_GLU5__016__2,3GMI_A_GLU5,16,2,0.77346826,A,1,0.77346826,True,A,0.77346826,0.19616444408893585,4.231379985809326,-67.0957;-76.9070;164.2147,g-/g-/t,7.0957;16.9070;15.7853,45.0000;45.0000;90.0000,True,True,3.172453994117389,A:ILE6:N,1.1724539941173888,True,2.9150862317740365,"sym2[0,0,0]/S:HOH327:O",1.9750862341582223,True,True,True,179.9722900390625,179.85321044921875,0.11907958984375,True,True
expanded13,3GMI_A_GLU5__017__0,3GMI_A_GLU5,17,0,0.79187942,A,0,0.79187942,True,A,0.79187942,0.1750546097755432,4.220354080200195,-67.9899;-77.9848;-16.8031,g-/g-/p0,7.9899;17.9848;16.8031,45.0000;45.0000;90.0000,True,True,3.172453994117389,A:ILE6:N,1.1724539941173888,True,2.940425531526394,"sym2[0,0,0]/S:HOH327:O",2.0004255339105796,True,True,True,179.9315643310547,179.85321044921875,0.0783538818359375,True,True
expanded13,3GMI_A_GLU5__017__1,3GMI_A_GLU5,17,1,0.063770853,merged_duplicate,1,0.206482073,False,B,0.0,4.042479515075684,0.505152702331543,168.3177;-81.3250;152.2749,t/g-/t,11.6823;21.3250;27.7251,45.0000;45.0000;90.0000,True,True,2.9945411997229274,A:ILE6:N,0.9945411997229274,True,2.4923178816544542,"sym2[0,0,0]/S:HOH148:O",0.5323178435074816,True,True,True,76.5101318359375,nan,nan,False,False
expanded13,3GMI_A_GLU5__017__2,3GMI_A_GLU5,17,2,0.14271122,B,1,0.206482073,True,B,0.206482073,4.100181579589844,0.36673232913017273,164.8177;-80.9352;148.2389,t/g-/t,15.1823;20.9352;31.7611,45.0000;45.0000;90.0000,True,True,3.0187773020076776,A:ILE6:N,1.0187773020076776,True,2.724516327724897,"sym2[0,0,0]/S:HOH148:O",0.7645162895779243,True,True,True,101.97058868408203,104.12223815917969,-2.1516494750976562,True,True
expanded13,3GMI_A_GLU5__018__1,3GMI_A_GLU5,18,1,0.82574892,A,0,0.82574892,True,A,0.82574892,0.10437151789665222,4.213574409484863,-69.7179;-75.7425;-11.5741,g-/g-/p0,9.7179;15.7425;11.5741,45.0000;45.0000;90.0000,True,True,3.172453994117389,A:ILE6:N,1.1724539941173888,True,2.976846153826676,"sym2[0,0,0]/S:HOH327:O",2.0368461562108617,True,True,True,179.90687561035156,179.85321044921875,0.0536651611328125,True,True
expanded13,3GMI_A_GLU5__018__3,3GMI_A_GLU5,18,3,0.16603057,other,1,0.16603057,True,other,0.16603057,4.279529571533203,1.0045537948608398,81.0598;83.1878;12.5588,g+/g+/p0,21.0598;23.1878;12.5588,45.0000;45.0000;90.0000,True,True,2.8811686728244,A:LEU2:O,0.8811686728243999,True,2.8854177735762048,"sym2[0,0,0]/S:HOH148:O",0.9254177354292321,True,True,True,91.10699462890625,nan,nan,False,False
expanded13,3GMI_A_GLU5__019__0,3GMI_A_GLU5,19,0,0.78176534,A,0,0.78176534,True,A,0.78176534,0.16221065819263458,4.218433856964111,-68.3447;-77.6329;-16.8602,g-/g-/p0,8.3447;17.6329;16.8602,45.0000;45.0000;90.0000,True,True,3.172453994117389,A:ILE6:N,1.1724539941173888,True,2.9575876960047607,"sym2[0,0,0]/S:HOH327:O",2.0175876983889465,True,True,True,179.9036102294922,179.85321044921875,0.0503997802734375,True,True
expanded13,3GMI_A_GLU5__019__3,3GMI_A_GLU5,19,3,0.21386783,B,1,0.21386783,True,B,0.21386783,4.09490966796875,0.3730979859828949,165.1388;-82.1568;150.5726,t/g-/t,14.8612;22.1568;29.4274,45.0000;45.0000;90.0000,True,True,3.0172669765295863,A:ILE6:N,1.0172669765295863,True,2.696473915147645,"sym2[0,0,0]/S:HOH148:O",0.7364738770006722,True,True,True,101.77738189697266,104.12223815917969,-2.3448562622070312,True,True
expanded13,3GMI_A_GLU5__020__0,3GMI_A_GLU5,20,0,0.75785458,A,0,0.75785458,True,A,0.75785458,0.11724517494440079,4.217956066131592,-70.0459;-74.6336;-8.1661,g-/g-/p0,10.0459;14.6336;8.1661,45.0000;45.0000;90.0000,True,True,3.172453994117389,A:ILE6:N,1.1724539941173888,True,2.9711677127829397,"sym2[0,0,0]/S:HOH327:O",2.0311677151671255,True,True,True,179.93858337402344,179.85321044921875,0.0853729248046875,True,True
expanded13,3GMI_A_GLU5__020__2,3GMI_A_GLU5,20,2,0.20628658,B,1,0.20628658,True,B,0.20628658,4.086372375488281,0.40025535225868225,165.6956;-81.9778;151.4576,t/g-/t,14.3044;21.9778;28.5424,45.0000;45.0000;90.0000,True,True,2.9982299787515347,A:ILE6:N,0.9982299787515347,True,2.6556730182531596,"sym2[0,0,0]/S:HOH148:O",0.6956729801061869,True,True,True,101.66323852539062,104.12223815917969,-2.4589996337890625,True,True
expanded13,3GMI_A_GLU5__021__0,3GMI_A_GLU5,21,0,0.20555067,B,0,0.20555067,True,B,0.20555067,4.0917816162109375,0.38781458139419556,165.3648;-82.0443;151.3688,t/g-/t,14.6352;22.0443;28.6312,45.0000;45.0000;90.0000,True,True,2.9998237109760986,A:ILE6:N,0.9998237109760986,True,2.6762184578745956,"sym2[0,0,0]/S:HOH148:O",0.7162184197276229,True,True,True,101.74727630615234,104.12223815917969,-2.3749618530273438,True,True
expanded13,3GMI_A_GLU5__021__1,3GMI_A_GLU5,21,1,0.77412498,A,1,0.77412498,True,A,0.77412498,0.16235680878162384,4.219015598297119,-68.3318;-77.5816;-16.7975,g-/g-/p0,8.3318;17.5816;16.7975,45.0000;45.0000;90.0000,True,True,3.172453994117389,A:ILE6:N,1.1724539941173888,True,2.956553416860555,"sym2[0,0,0]/S:HOH327:O",2.0165534192447407,True,True,True,179.8929901123047,179.85321044921875,0.0397796630859375,True,True
expanded13,3GMI_A_GLU5__022__1,3GMI_A_GLU5,22,1,0.19530286,B,0,0.19530286,True,B,0.19530286,4.106694221496582,0.36439600586891174,164.4182;-82.1891;-28.8197,t/g-/p0,15.5818;22.1891;28.8197,45.0000;45.0000;90.0000,True,True,2.999546553560345,A:ILE6:N,0.9995465535603452,True,2.716308422977606,"sym2[0,0,0]/S:HOH148:O",0.7563083848306333,True,True,True,101.96418762207031,104.12223815917969,-2.158050537109375,True,True
expanded13,3GMI_A_GLU5__022__3,3GMI_A_GLU5,22,3,0.76988488,A,1,0.76988488,True,A,0.76988488,0.1610403209924698,4.217996120452881,-68.3694;-77.6410;-16.7896,g-/g-/p0,8.3694;17.6410;16.7896,45.0000;45.0000;90.0000,True,True,3.172453994117389,A:ILE6:N,1.1724539941173888,True,2.957901376045826,"sym2[0,0,0]/S:HOH327:O",2.017901378430012,True,True,True,179.89825439453125,179.85321044921875,0.0450439453125,True,True
expanded13,3GMI_A_GLU5__023__0,3GMI_A_GLU5,23,0,0.16501284,B,0,0.16501284,True,B,0.16501284,4.252996921539307,0.9992256164550781,81.7120;85.5353;7.6955,g+/g+/p0,21.7120;25.5353;7.6955,45.0000;45.0000;90.0000,True,True,2.8919830398737343,A:LEU2:O,0.8919830398737343,True,2.8510587921975454,"sym2[0,0,0]/S:HOH148:O",0.8910587540505728,True,True,True,112.42387390136719,104.12223815917969,8.3016357421875,False,False
expanded13,3GMI_A_GLU5__023__1,3GMI_A_GLU5,23,1,0.8278901,A,1,0.8278901,True,A,0.8278901,0.1710086315870285,4.224888801574707,-68.0728;-77.2976;-16.5703,g-/g-/p0,8.0728;17.2976;16.5703,45.0000;45.0000;90.0000,True,True,3.172453994117389,A:ILE6:N,1.1724539941173888,True,2.943977914417799,"sym2[0,0,0]/S:HOH327:O",2.003977916801985,True,True,True,179.90179443359375,179.85321044921875,0.048583984375,True,True
expanded13,3GMI_A_GLU5__024__2,3GMI_A_GLU5,24,2,1.0,A,0,1.0,True,A,1.0,0.15910017490386963,4.2174906730651855,-68.4231;-77.6125;-16.7910,g-/g-/p0,8.4231;17.6125;16.7910,45.0000;45.0000;90.0000,True,True,3.172453994117389,A:ILE6:N,1.1724539941173888,True,2.9603467308281357,"sym2[0,0,0]/S:HOH327:O",2.0203467332123215,True,True,True,179.89376831054688,179.85321044921875,0.040557861328125,True,True
expanded13,3GMI_A_GLU5__025__2,3GMI_A_GLU5,25,2,0.77177715,A,0,0.77177715,True,A,0.77177715,0.16151787340641022,4.218185901641846,-68.3640;-77.6305;-16.8603,g-/g-/p0,8.3640;17.6305;16.8603,45.0000;45.0000;90.0000,True,True,3.172453994117389,A:ILE6:N,1.1724539941173888,True,2.9584286060525113,"sym2[0,0,0]/S:HOH327:O",2.018428608436697,True,True,True,179.89981079101562,179.85321044921875,0.046600341796875,True,True
expanded13,3GMI_A_GLU5__025__3,3GMI_A_GLU5,25,3,0.20526443,B,1,0.20526443,True,B,0.20526443,4.092651844024658,0.38045868277549744,165.2863;-82.0106;150.6161,t/g-/t,14.7137;22.0106;29.3839,45.0000;45.0000;90.0000,True,True,3.0125338627418055,A:ILE6:N,1.0125338627418055,True,2.6863681276443394,"sym2[0,0,0]/S:HOH148:O",0.7263680894973668,True,True,True,101.75293731689453,104.12223815917969,-2.3693008422851562,True,True
expanded13,3GMI_A_GLU5__026__1,3GMI_A_GLU5,26,1,0.78020751,A,0,0.78020751,True,A,0.78020751,0.1642071157693863,4.219484329223633,-68.2974;-77.5900;-16.9402,g-/g-/p0,8.2974;17.5900;16.9402,45.0000;45.0000;90.0000,True,True,3.172453994117389,A:ILE6:N,1.1724539941173888,True,2.9564745922791036,"sym2[0,0,0]/S:HOH327:O",2.0164745946632894,True,True,True,179.89508056640625,179.85321044921875,0.0418701171875,True,True
expanded13,3GMI_A_GLU5__026__3,3GMI_A_GLU5,26,3,0.21545413,B,1,0.21545413,True,B,0.21545413,4.094583511352539,0.3733609616756439,165.1569;-82.1753;150.5670,t/g-/t,14.8431;22.1753;29.4330,45.0000;45.0000;90.0000,True,True,3.018104678920985,A:ILE6:N,1.0181046789209849,True,2.6956110186482496,"sym2[0,0,0]/S:HOH148:O",0.7356109805012769,True,True,True,101.76791381835938,104.12223815917969,-2.3543243408203125,True,True
expanded13,3GMI_A_GLU5__027__1,3GMI_A_GLU5,27,1,0.068471052,merged_duplicate,0,0.215389732,False,B,0.0,4.06605863571167,0.4520667493343353,166.8478;-81.7134;-28.9071,t/g-/p0,13.1522;21.7134;28.9071,45.0000;45.0000;90.0000,True,True,3.003436829389496,A:ILE6:N,1.003436829389496,True,2.570976694027117,"sym2[0,0,0]/S:HOH148:O",0.6109766558801444,True,True,True,76.6512222290039,nan,nan,False,False
expanded13,3GMI_A_GLU5__027__2,3GMI_A_GLU5,27,2,0.77957976,A,1,0.77957976,True,A,0.77957976,0.19578470289707184,4.231176853179932,-67.1055;-76.9160;164.1997,g-/g-/t,7.1055;16.9160;15.8003,45.0000;45.0000;90.0000,True,True,3.172453994117389,A:ILE6:N,1.1724539941173888,True,2.9156093040197537,"sym2[0,0,0]/S:HOH327:O",1.9756093064039395,True,True,True,179.97467041015625,179.85321044921875,0.1214599609375,True,True
expanded13,3GMI_A_GLU5__027__3,3GMI_A_GLU5,27,3,0.14691868,B,0,0.215389732,True,B,0.215389732,4.094812393188477,0.3295893669128418,164.8679;-83.9869;-32.1102,t/g-/p0,15.1321;23.9869;32.1102,45.0000;45.0000;90.0000,True,True,3.124006735225553,A:ILE6:N,1.124006735225553,True,2.7326205780444184,"sym2[0,0,0]/S:HOH148:O",0.7726205398974457,True,True,True,101.59404754638672,104.12223815917969,-2.5281906127929688,True,True
expanded13,3GMI_A_GLU5__028__1,3GMI_A_GLU5,28,1,0.76482683,A,0,0.76482683,True,A,0.76482683,0.16701628267765045,4.220848083496094,-68.1981;-77.5820;-16.7564,g-/g-/p0,8.1981;17.5820;16.7564,45.0000;45.0000;90.0000,True,True,3.172453994117389,A:ILE6:N,1.1724539941173888,True,2.950329553946896,"sym2[0,0,0]/S:HOH327:O",2.0103295563310817,True,True,True,179.90200805664062,179.85321044921875,0.048797607421875,True,True
expanded13,3GMI_A_GLU5__028__2,3GMI_A_GLU5,28,2,0.20005396,B,1,0.20005396,True,B,0.20005396,4.085302829742432,0.40285539627075195,165.7611;-81.9415;151.4417,t/g-/t,14.2389;21.9415;28.5583,45.0000;45.0000;90.0000,True,True,2.9977808771621417,A:ILE6:N,0.9977808771621417,True,2.6516914078055684,"sym2[0,0,0]/S:HOH148:O",0.6916913696585958,True,True,True,101.65045166015625,104.12223815917969,-2.4717864990234375,True,True
expanded13,3GMI_A_GLU5__029__2,3GMI_A_GLU5,29,2,0.089076027,other,0,0.089076027,True,other,0.089076027,1.5383167266845703,4.506844520568848,-112.4593;56.6287;-161.6591,g-/g+/t,52.4593;3.3713;18.3409,45.0000;45.0000;90.0000,False,False,2.9817864963034073,A:MET1:O,0.9817864963034073,True,3.0338864673581876,"sym2[0,0,0]/A:ILE190:CD1",1.0338864673581876,True,True,False,83.05533599853516,nan,nan,False,False
expanded13,3GMI_A_GLU5__029__3,3GMI_A_GLU5,29,3,0.88767689,A,1,0.88767689,True,A,0.88767689,0.1966722309589386,4.227663993835449,-66.9544;-77.5145;165.6822,g-/g-/t,6.9544;17.5145;14.3178,45.0000;45.0000;90.0000,True,True,3.172453994117389,A:ILE6:N,1.1724539941173888,True,2.8931487152624618,"sym2[0,0,0]/S:HOH327:O",1.9531487176466475,True,True,True,180.03680419921875,179.85321044921875,0.18359375,True,True
expanded13,3GMI_A_GLU5__030__0,3GMI_A_GLU5,30,0,0.14581011,B,0,0.204432787,True,B,0.204432787,4.045468330383301,0.4794680178165436,168.0011;-82.9836;-27.9812,t/g-/p0,11.9989;22.9836;27.9812,45.0000;45.0000;90.0000,True,True,3.043591456749935,A:ILE6:CG1,1.043591456749935,True,2.5059582529535174,"sym2[0,0,0]/S:HOH148:O",0.5459582148065447,True,True,True,100.95953369140625,104.12223815917969,-3.1627044677734375,True,True
expanded13,3GMI_A_GLU5__030__2,3GMI_A_GLU5,30,2,0.058622677,merged_duplicate,0,0.204432787,False,B,0.0,4.050220012664795,0.49411246180534363,167.8013;-81.4854;-28.0502,t/g-/p0,12.1987;21.4854;28.0502,45.0000;45.0000;90.0000,True,True,3.0006265200702,A:ILE6:N,1.0006265200701998,True,2.506943694856612,"sym2[0,0,0]/S:HOH148:O",0.5469436567096393,True,True,True,77.04364013671875,nan,nan,False,False
expanded13,3GMI_A_GLU5__030__3,3GMI_A_GLU5,30,3,0.77885431,A,1,0.77885431,True,A,0.77885431,0.19593606889247894,4.231168746948242,-67.1011;-76.9243;164.1986,g-/g-/t,7.1011;16.9243;15.8014,45.0000;45.0000;90.0000,True,True,3.172453994117389,A:ILE6:N,1.1724539941173888,True,2.915396135382321,"sym2[0,0,0]/S:HOH327:O",1.9753961377665066,True,True,True,179.97462463378906,179.85321044921875,0.1214141845703125,True,True
expanded13,3GMI_A_GLU5__031__0,3GMI_A_GLU5,31,0,0.19791083,B,0,0.19791083,True,B,0.19791083,4.087937831878662,0.39711064100265503,165.6006;-81.9128;151.3091,t/g-/t,14.3994;21.9128;28.6909,45.0000;45.0000;90.0000,True,True,2.9982235853135917,A:ILE6:N,0.9982235853135917,True,2.661835953221441,"sym2[0,0,0]/S:HOH148:O",0.7018359150744682,True,True,True,101.69511413574219,104.12223815917969,-2.4271240234375,True,True
expanded13,3GMI_A_GLU5__031__2,3GMI_A_GLU5,31,2,0.76718384,A,1,0.76718384,True,A,0.76718384,0.17981886863708496,4.2294697761535645,-67.7544;-77.2219;-15.4663,g-/g-/p0,7.7544;17.2219;15.4663,45.0000;45.0000;90.0000,True,True,3.172453994117389,A:ILE6:N,1.1724539941173888,True,2.919568526274749,"sym2[0,0,0]/S:HOH327:O",1.9795685286589348,True,True,True,179.94039916992188,179.85321044921875,0.087188720703125,True,True
expanded13,3GMI_A_GLU5__032__0,3GMI_A_GLU5,32,0,0.21400653,B,0,0.21400653,True,B,0.21400653,4.096741676330566,0.32692185044288635,164.8162;-81.1942;141.8130,t/g-/t,15.1838;21.1942;38.1870,45.0000;45.0000;90.0000,True,True,3.150846334060884,A:ILE6:N,1.1508463340608839,True,2.788757842545479,"sym2[0,0,0]/S:HOH148:O",0.8287578043985064,True,True,True,102.0500717163086,104.12223815917969,-2.0721664428710938,True,True
expanded13,3GMI_A_GLU5__032__2,3GMI_A_GLU5,32,2,0.77242351,A,1,0.77242351,True,A,0.77242351,0.19618359208106995,4.231194496154785,-67.0950;-76.9317;164.1828,g-/g-/t,7.0950;16.9317;15.8172,45.0000;45.0000;90.0000,True,True,3.172453994117389,A:ILE6:N,1.1724539941173888,True,2.9152685502781632,"sym2[0,0,0]/S:HOH327:O",1.975268552662349,True,True,True,179.97506713867188,179.85321044921875,0.121856689453125,True,True
expanded13,3GMI_A_GLU5__033__0,3GMI_A_GLU5,33,0,0.25410935,B,0,0.25410935,True,B,0.25410935,4.1352458000183105,0.2760881781578064,162.5752;-82.2436;148.3506,t/g-/t,17.4248;22.2436;31.6494,45.0000;45.0000;90.0000,True,True,3.0477865572388767,A:ILE6:N,1.0477865572388767,True,2.865652860326535,"sym2[0,0,0]/S:HOH148:O",0.9056528221795626,True,True,True,102.575439453125,104.12223815917969,-1.5467987060546875,True,True
expanded13,3GMI_A_GLU5__033__1,3GMI_A_GLU5,33,1,0.69184375,A,1,0.69184375,True,A,0.69184375,0.9316332936286926,4.028930187225342,-146.6010;71.6050;45.9822,t/g+/p0,33.3990;11.6050;45.9822,45.0000;45.0000;90.0000,True,True,3.172453994117389,A:ILE6:N,1.1724539941173888,True,3.730484979916314,"sym2[0,0,0]/S:HOH148:O",1.7704849417693413,True,True,True,182.9578399658203,179.85321044921875,3.1046295166015625,False,False
expanded13,3GMI_A_GLU5__034__0,3GMI_A_GLU5,34,0,0.20658579,B,0,0.20658579,True,B,0.20658579,4.111370086669922,0.3547244369983673,164.1314;-82.1594;-28.9781,t/g-/p0,15.8686;22.1594;28.9781,45.0000;45.0000;90.0000,True,True,2.999633303975481,A:ILE6:N,0.999633303975481,True,2.7342422171659604,"sym2[0,0,0]/S:HOH148:O",0.7742421790189877,True,True,True,102.05876159667969,104.12223815917969,-2.0634765625,True,True
expanded13,3GMI_A_GLU5__034__1,3GMI_A_GLU5,34,1,0.77624035,A,1,0.77624035,True,A,0.77624035,0.1601470559835434,4.218626499176025,-68.3664;-77.5602;-16.5670,g-/g-/p0,8.3664;17.5602;16.5670,45.0000;45.0000;90.0000,True,True,3.172453994117389,A:ILE6:N,1.1724539941173888,True,2.955788804297316,"sym2[0,0,0]/S:HOH327:O",2.0157888066815017,True,True,True,179.89434814453125,179.85321044921875,0.0411376953125,True,True
expanded13,3GMI_A_GLU5__035__0,3GMI_A_GLU5,35,0,0.15856737,other,0,0.15856737,True,other,0.15856737,4.278480052947998,1.0049124956130981,81.1605;83.1089;12.7103,g+/g+/p0,21.1605;23.1089;12.7103,45.0000;45.0000;90.0000,True,True,2.8828251179584017,A:LEU2:O,0.8828251179584017,True,2.881847104512767,"sym2[0,0,0]/S:HOH148:O",0.9218470663657943,True,True,True,90.93819427490234,nan,nan,False,False
expanded13,3GMI_A_GLU5__035__3,3GMI_A_GLU5,35,3,0.80211544,A,1,0.80211544,True,A,0.80211544,0.20169340074062347,4.235260963439941,-67.0652;-76.5342;163.2645,g-/g-/t,7.0652;16.5342;16.7355,45.0000;45.0000;90.0000,True,True,3.172453994117389,A:ILE6:N,1.1724539941173888,True,2.924444130912988,"sym2[0,0,0]/S:HOH327:O",1.9844441332971736,True,True,True,179.94186401367188,179.85321044921875,0.088653564453125,True,True
expanded13,3GMI_A_GLU5__036__0,3GMI_A_GLU5,36,0,0.2149118,B,0,0.2149118,True,B,0.2149118,4.094852447509766,0.37245693802833557,165.1393;-82.1865;150.5456,t/g-/t,14.8607;22.1865;29.4544,45.0000;45.0000;90.0000,True,True,3.018765013872135,A:ILE6:N,1.0187650138721351,True,2.69691685596095,"sym2[0,0,0]/S:HOH148:O",0.7369168178139773,True,True,True,101.77847290039062,104.12223815917969,-2.3437652587890625,True,True
expanded13,3GMI_A_GLU5__036__2,3GMI_A_GLU5,36,2,0.78121001,A,1,0.78121001,True,A,0.78121001,0.1619088351726532,4.218321323394775,-68.3507;-77.6354;-16.8394,g-/g-/p0,8.3507;17.6354;16.8394,45.0000;45.0000;90.0000,True,True,3.172453994117389,A:ILE6:N,1.1724539941173888,True,2.957617449817812,"sym2[0,0,0]/S:HOH327:O",2.0176174522019976,True,True,True,179.90032958984375,179.85321044921875,0.047119140625,True,True
expanded13,3GMI_A_GLU5__037__0,3GMI_A_GLU5,37,0,0.7715162,A,0,0.7715162,True,A,0.7715162,0.19621601700782776,4.231225490570068,-67.0941;-76.9293;164.1886,g-/g-/t,7.0941;16.9293;15.8114,45.0000;45.0000;90.0000,True,True,3.172453994117389,A:ILE6:N,1.1724539941173888,True,2.915181048255289,"sym2[0,0,0]/S:HOH327:O",1.975181050639475,True,True,True,179.96908569335938,179.85321044921875,0.115875244140625,True,True
expanded13,3GMI_A_GLU5__037__1,3GMI_A_GLU5,37,1,0.1758036,B,1,0.1758036,True,B,0.1758036,4.1088337898254395,0.35980093479156494,164.2863;-82.1538;-28.9552,t/g-/p0,15.7137;22.1538;28.9552,45.0000;45.0000;90.0000,True,True,3.000021376490765,A:ILE6:N,1.000021376490765,True,2.7248787806587127,"sym2[0,0,0]/S:HOH148:O",0.76487874251174,True,True,True,102.00379943847656,104.12223815917969,-2.118438720703125,True,True
expanded13,3GMI_A_GLU5__038__0,3GMI_A_GLU5,38,0,0.13312079,B,0,0.210430495,True,B,0.210430495,4.0568461418151855,0.4474266767501831,167.2781;-82.1830;-31.0981,t/g-/p0,12.7219;22.1830;31.0981,45.0000;45.0000;90.0000,True,True,3.0629840538573,A:ILE6:N,1.0629840538573,True,2.568709397600659,"sym2[0,0,0]/S:HOH148:O",0.6087093594536865,True,True,True,101.14078521728516,104.12223815917969,-2.9814529418945312,True,True
expanded13,3GMI_A_GLU5__038__1,3GMI_A_GLU5,38,1,0.78707623,A,1,0.78707623,True,A,0.78707623,0.1626560539007187,4.218380928039551,-68.3270;-77.6656;-16.8081,g-/g-/p0,8.3270;17.6656;16.8081,45.0000;45.0000;90.0000,True,True,3.172453994117389,A:ILE6:N,1.1724539941173888,True,2.9561743191443326,"sym2[0,0,0]/S:HOH327:O",2.0161743215285184,True,True,True,179.89266967773438,179.85321044921875,0.039459228515625,True,True
expanded13,3GMI_A_GLU5__038__3,3GMI_A_GLU5,38,3,0.077309705,merged_duplicate,0,0.210430495,False,B,0.0,4.047845363616943,0.49409323930740356,168.0221;-81.6060;152.8785,t/g-/t,11.9779;21.6060;27.1215,45.0000;45.0000;90.0000,True,True,2.9897264969708703,A:ILE6:N,0.9897264969708703,True,2.5069276004429297,"sym2[0,0,0]/S:HOH148:O",0.5469275622959571,True,True,True,76.00006866455078,nan,nan,False,False
expanded13,3GMI_A_GLU5__039__0,3GMI_A_GLU5,39,0,0.84185374,A,0,0.84185374,True,A,0.84185374,0.1973598301410675,4.230825424194336,-67.0982;-76.9929;163.6541,g-/g-/t,7.0982;16.9929;16.3459,45.0000;45.0000;90.0000,True,True,3.172453994117389,A:ILE6:N,1.1724539941173888,True,2.920295701175894,"sym2[0,0,0]/S:HOH327:O",1.98029570356008,True,True,True,179.9658203125,179.85321044921875,0.11260986328125,True,True
expanded13,3GMI_A_GLU5__039__1,3GMI_A_GLU5,39,1,0.080344304,other,1,0.080344304,True,other,0.080344304,0.9317905902862549,4.400829315185547,-67.5548;-64.2191;-121.9153,g-/g-/t,7.5548;4.2191;58.0847,45.0000;45.0000;90.0000,True,True,3.172453994117389,A:ILE6:N,1.1724539941173888,True,2.6942390567187635,"sym2[0,0,0]/A:ILE190:CD1",0.6942390567187635,True,True,True,69.63243103027344,nan,nan,False,False
expanded13,3GMI_A_GLU5__039__3,3GMI_A_GLU5,39,3,0.074796483,other,2,0.074796483,True,other,0.074796483,3.1187336444854736,2.1131114959716797,169.9040;-175.6367;-162.4084,t/t/t,10.0960;4.3633;17.5916,45.0000;45.0000;90.0000,True,True,3.172453994117389,A:ILE6:N,1.1724539941173888,True,2.493475107250178,"sym2[0,0,0]/S:HOH148:O",0.5334750691032055,True,True,True,67.79755401611328,nan,nan,False,False
expanded13,3GMI_A_GLU5__040__2,3GMI_A_GLU5,40,2,0.21821202,B,0,0.21821202,True,B,0.21821202,4.116152286529541,0.32998958230018616,163.7737;-82.1953;-30.7145,t/g-/p0,16.2263;22.1953;30.7145,45.0000;45.0000;90.0000,True,True,3.0309930191693146,A:ILE6:N,1.0309930191693146,True,2.7698739596212314,"sym2[0,0,0]/S:HOH148:O",0.8098739214742587,True,True,True,102.11236572265625,104.12223815917969,-2.0098724365234375,True,True
expanded13,3GMI_A_GLU5__040__3,3GMI_A_GLU5,40,3,0.76617008,A,1,0.76617008,True,A,0.76617008,0.1945505440235138,4.229909896850586,-67.1119;-77.0476;164.3969,g-/g-/t,7.1119;17.0476;15.6031,45.0000;45.0000;90.0000,True,True,3.172453994117389,A:ILE6:N,1.1724539941173888,True,2.9135221850189126,"sym2[0,0,0]/S:HOH327:O",1.9735221874030984,True,True,True,179.9808349609375,179.85321044921875,0.12762451171875,True,True
expanded13,3GMI_A_GLU5__041__1,3GMI_A_GLU5,41,1,0.21593501,B,0,0.21593501,True,B,0.21593501,4.116048812866211,0.33842259645462036,163.8146;-82.1568;-29.8424,t/g-/p0,16.1854;22.1568;29.8424,45.0000;45.0000;90.0000,True,True,3.013667010537876,A:ILE6:N,1.0136670105378758,True,2.759854768031006,"sym2[0,0,0]/S:HOH148:O",0.7998547298840335,True,True,True,102.12268829345703,104.12223815917969,-1.9995498657226562,True,True
expanded13,3GMI_A_GLU5__041__3,3GMI_A_GLU5,41,3,0.77720189,A,1,0.77720189,True,A,0.77720189,0.16265982389450073,4.218595504760742,-68.3313;-77.6359;-16.8524,g-/g-/p0,8.3313;17.6359;16.8524,45.0000;45.0000;90.0000,True,True,3.172453994117389,A:ILE6:N,1.1724539941173888,True,2.9569087055086003,"sym2[0,0,0]/S:HOH327:O",2.016908707892786,True,True,True,179.89471435546875,179.85321044921875,0.04150390625,True,True
expanded13,3GMI_A_GLU5__042__0,3GMI_A_GLU5,42,0,0.76811272,A,0,0.76811272,True,A,0.76811272,0.16787201166152954,4.220475673675537,-68.1805;-77.6571;-16.8011,g-/g-/p0,8.1805;17.6571;16.8011,45.0000;45.0000;90.0000,True,True,3.172453994117389,A:ILE6:N,1.1724539941173888,True,2.9497697007618546,"sym2[0,0,0]/S:HOH327:O",2.0097697031460404,True,True,True,179.91261291503906,179.85321044921875,0.0594024658203125,True,True
expanded13,3GMI_A_GLU5__042__1,3GMI_A_GLU5,42,1,0.17054211,B,1,0.17054211,True,B,0.17054211,4.067841529846191,0.4461061656475067,166.7356;-81.7997;-29.0239,t/g-/p0,13.2644;21.7997;29.0239,45.0000;45.0000;90.0000,True,True,3.0075072894721817,A:ILE6:N,1.0075072894721817,True,2.5791370424977997,"sym2[0,0,0]/S:HOH148:O",0.6191370043508271,True,True,True,101.35578155517578,104.12223815917969,-2.7664566040039062,True,True
expanded13,3GMI_A_GLU5__043__0,3GMI_A_GLU5,43,0,0.050485719,other,0,0.050485719,True,other,0.050485719,3.05102276802063,2.142824649810791,170.4111;-176.0391;-20.5145,t/t/p0,9.5889;3.9609;20.5145,45.0000;45.0000;90.0000,True,True,3.172453994117389,A:ILE6:N,1.1724539941173888,True,2.584032228890525,"sym2[0,0,0]/S:HOH148:O",0.6240321907435522,True,True,True,67.45401000976562,nan,nan,False,False
expanded13,3GMI_A_GLU5__043__1,3GMI_A_GLU5,43,1,0.15394023,other,1,0.15394023,True,other,0.15394023,4.266576766967773,1.0094008445739746,81.0785;83.4816;-166.7056,g+/g+/t,21.0785;23.4816;13.2944,45.0000;45.0000;90.0000,True,True,2.881476639556036,A:LEU2:O,0.8814766395560358,True,2.8553730574591007,"sym2[0,0,0]/S:HOH148:O",0.8953730193121281,True,True,True,90.83723449707031,nan,nan,False,False
expanded13,3GMI_A_GLU5__043__3,3GMI_A_GLU5,43,3,0.79314524,A,2,0.79314524,True,A,0.79314524,0.1605692356824875,4.218108654022217,-68.3802;-77.6091;-16.7780,g-/g-/p0,8.3802;17.6091;16.7780,45.0000;45.0000;90.0000,True,True,3.172453994117389,A:ILE6:N,1.1724539941173888,True,2.958364479969885,"sym2[0,0,0]/S:HOH327:O",2.018364482354071,True,True,True,179.89471435546875,179.85321044921875,0.04150390625,True,True
expanded13,3GMI_A_GLU5__044__2,3GMI_A_GLU5,44,2,0.78496754,A,0,0.78496754,True,A,0.78496754,0.16922758519649506,4.22394323348999,-68.0694;-77.3912;-16.0564,g-/g-/p0,8.0694;17.3912;16.0564,45.0000;45.0000;90.0000,True,True,3.172453994117389,A:ILE6:N,1.1724539941173888,True,2.938362099241187,"sym2[0,0,0]/S:HOH327:O",1.9983621016253728,True,True,True,179.9210968017578,179.85321044921875,0.0678863525390625,True,True
expanded13,3GMI_A_GLU5__044__3,3GMI_A_GLU5,44,3,0.21264063,B,1,0.21264063,True,B,0.21264063,4.09497594833374,0.3721286654472351,165.1314;-82.1846;150.5312,t/g-/t,14.8686;22.1846;29.4688,45.0000;45.0000;90.0000,True,True,3.0189273244566737,A:ILE6:N,1.0189273244566737,True,2.6974727427649166,"sym2[0,0,0]/S:HOH148:O",0.7374727046179439,True,True,True,101.77445220947266,104.12223815917969,-2.3477859497070312,True,True
expanded13,3GMI_A_GLU5__045__2,3GMI_A_GLU5,45,2,0.76491207,A,0,0.76491207,True,A,0.76491207,0.19614781439304352,4.231212139129639,-67.0965;-76.9275;164.1829,g-/g-/t,7.0965;16.9275;15.8171,45.0000;45.0000;90.0000,True,True,3.172453994117389,A:ILE6:N,1.1724539941173888,True,2.915342276458296,"sym2[0,0,0]/S:HOH327:O",1.975342278842482,True,True,True,179.96908569335938,179.85321044921875,0.115875244140625,True,True
expanded13,3GMI_A_GLU5__045__3,3GMI_A_GLU5,45,3,0.20100994,B,1,0.20100994,True,B,0.20100994,4.088571071624756,0.39543065428733826,165.5615;-81.9417;151.3167,t/g-/t,14.4385;21.9417;28.6833,45.0000;45.0000;90.0000,True,True,2.9987514381015155,A:ILE6:N,0.9987514381015155,True,2.6643062360449092,"sym2[0,0,0]/S:HOH148:O",0.7043061978979366,True,True,True,101.70601654052734,104.12223815917969,-2.4162216186523438,True,True
expanded13,3GMI_A_GLU5__046__1,3GMI_A_GLU5,46,1,0.21399143,B,0,0.21399143,True,B,0.21399143,4.114038467407227,0.3464885652065277,163.9552;-82.1499;-29.3658,t/g-/p0,16.0448;22.1499;29.3658,45.0000;45.0000;90.0000,True,True,3.0054226167891342,A:ILE6:N,1.0054226167891342,True,2.7476445387333106,"sym2[0,0,0]/S:HOH148:O",0.787644500586338,True,True,True,102.0972900390625,104.12223815917969,-2.0249481201171875,True,True
expanded13,3GMI_A_GLU5__046__2,3GMI_A_GLU5,46,2,0.77367866,A,1,0.77367866,True,A,0.77367866,0.1963256448507309,4.2312703132629395,-67.0919;-76.9280;164.1854,g-/g-/t,7.0919;16.9280;15.8146,45.0000;45.0000;90.0000,True,True,3.172453994117389,A:ILE6:N,1.1724539941173888,True,2.9151085853397003,"sym2[0,0,0]/S:HOH327:O",1.975108587723886,True,True,True,179.97506713867188,179.85321044921875,0.121856689453125,True,True
expanded13,3GMI_A_GLU5__047__1,3GMI_A_GLU5,47,1,0.20455687,B,0,0.20455687,True,B,0.20455687,4.091334819793701,0.3892084062099457,165.3937;-82.0302;151.4023,t/g-/t,14.6063;22.0302;28.5977,45.0000;45.0000;90.0000,True,True,2.998926106719759,A:ILE6:N,0.9989261067197588,True,2.674151464730882,"sym2[0,0,0]/S:HOH148:O",0.7141514265839093,True,True,True,101.74810791015625,104.12223815917969,-2.3741302490234375,True,True
expanded13,3GMI_A_GLU5__047__2,3GMI_A_GLU5,47,2,0.76458561,A,1,0.76458561,True,A,0.76458561,0.16209687292575836,4.218085289001465,-68.3513;-77.6649;-16.8786,g-/g-/p0,8.3513;17.6649;16.8786,45.0000;45.0000;90.0000,True,True,3.172453994117389,A:ILE6:N,1.1724539941173888,True,2.9579476533440756,"sym2[0,0,0]/S:HOH327:O",2.0179476557282614,True,True,True,179.89700317382812,179.85321044921875,0.043792724609375,True,True
expanded13,3GMI_A_GLU5__048__1,3GMI_A_GLU5,48,1,0.11663546,B,0,0.216351207,True,B,0.216351207,4.035319805145264,0.4234495162963867,168.2716;-84.2360;144.5711,t/g-/t,11.7284;24.2360;35.4289,45.0000;45.0000;90.0000,True,True,3.172453994117389,A:ILE6:N,1.1724539941173888,True,2.5864450360768183,"sym2[0,0,0]/S:HOH148:O",0.6264449979298456,True,True,True,100.81056213378906,104.12223815917969,-3.311676025390625,True,True
expanded13,3GMI_A_GLU5__048__2,3GMI_A_GLU5,48,2,0.099715747,merged_duplicate,0,0.216351207,False,B,0.0,4.063359260559082,0.46822449564933777,167.0528;-81.5832;-27.7646,t/g-/p0,12.9472;21.5832;27.7646,45.0000;45.0000;90.0000,True,True,2.990605030813312,A:ILE6:CG1,0.9906050308133119,True,2.5488685909112725,"sym2[0,0,0]/S:HOH148:O",0.5888685527642998,True,True,True,76.49382781982422,nan,nan,False,False
expanded13,3GMI_A_GLU5__048__3,3GMI_A_GLU5,48,3,0.77775031,A,1,0.77775031,True,A,0.77775031,0.19620272517204285,4.231225490570068,-67.0942;-76.9298;164.1980,g-/g-/t,7.0942;16.9298;15.8020,45.0000;45.0000;90.0000,True,True,3.172453994117389,A:ILE6:N,1.1724539941173888,True,2.9150674190350454,"sym2[0,0,0]/S:HOH327:O",1.9750674214192312,True,True,True,179.9727783203125,179.85321044921875,0.11956787109375,True,True
expanded13,3GMI_A_GLU5__049__0,3GMI_A_GLU5,49,0,0.21718365,B,0,0.21718365,True,B,0.21718365,4.096128463745117,0.3669738471508026,165.0489;-82.2030;150.2212,t/g-/t,14.9511;22.2030;29.7788,45.0000;45.0000;90.0000,True,True,3.024922782087677,A:ILE6:N,1.024922782087677,True,2.7048876923949523,"sym2[0,0,0]/S:HOH148:O",0.7448876542479796,True,True,True,101.78948974609375,104.12223815917969,-2.3327484130859375,True,True
expanded13,3GMI_A_GLU5__049__1,3GMI_A_GLU5,49,1,0.77027816,A,1,0.77027816,True,A,0.77027816,0.1972954273223877,4.23253059387207,-67.0783;-76.7987;164.2093,g-/g-/t,7.0783;16.7987;15.7907,45.0000;45.0000;90.0000,True,True,3.172453994117389,A:ILE6:N,1.1724539941173888,True,2.9148053124682276,"sym2[0,0,0]/S:HOH327:O",1.9748053148524134,True,True,True,179.96951293945312,179.85321044921875,0.116302490234375,True,True
expanded13,2V05_A_HIS168__000__1,2V05_A_HIS168,0,1,0.10237041,other,0,0.10237041,True,other,0.10237041,2.0348381996154785,1.6034070253372192,57.9065;88.2892,g+/m+80,2.0935;8.2892,45.0000;60.0000,True,True,3.7266340553355133,A:PHE167:C,1.7266340553355133,True,5.188603816924294,"sym1[1,1,0]/A:GLU68:OE1",3.188603816924294,True,True,True,9099.5654296875,nan,nan,False,False
expanded13,2V05_A_HIS168__000__2,2V05_A_HIS168,0,2,0.72135866,other,1,0.72135866,True,other,0.72135866,1.1682008504867554,2.064479112625122,79.3891;88.7266,g+/m+80,19.3891;8.7266,45.0000;60.0000,True,True,3.7266340553355133,A:PHE167:C,1.7266340553355133,True,5.188603816924294,"sym1[1,1,0]/A:GLU68:OE1",3.188603816924294,True,True,True,9099.71875,nan,nan,False,False
expanded13,2V05_A_HIS168__000__3,2V05_A_HIS168,0,3,0.16963437,other,2,0.16963437,True,other,0.16963437,2.8578364849090576,4.38685417175293,178.7229;79.8539,t/m+80,1.2771;0.1461,45.0000;60.0000,True,True,3.7266340553355133,A:PHE167:C,1.7266340553355133,True,4.037932798431709,"sym1[1,1,0]/A:GLU68:OE2",2.037932798431709,True,True,True,9094.51171875,nan,nan,False,False
expanded13,2V05_A_HIS168__001__0,2V05_A_HIS168,1,0,0.7003535,other,0,0.7003535,True,other,0.7003535,1.9271836280822754,1.374315857887268,79.9197;-91.0931,g+/m-80,19.9197;11.0931,45.0000;60.0000,True,True,3.7266340553355133,A:PHE167:C,1.7266340553355133,True,5.188603816924294,"sym1[1,1,0]/A:GLU68:OE1",3.188603816924294,True,True,True,9099.162109375,nan,nan,False,False
expanded13,2V05_A_HIS168__001__1,2V05_A_HIS168,1,1,0.058820818,other,1,0.058820818,True,other,0.058820818,2.4464704990386963,0.5749046206474304,60.4814;-80.8184,g+/m-80,0.4814;0.8184,45.0000;60.0000,True,True,3.7266340553355133,A:PHE167:C,1.7266340553355133,True,5.188603816924294,"sym1[1,1,0]/A:GLU68:OE1",3.188603816924294,True,True,True,9097.22265625,nan,nan,False,False
expanded13,2V05_A_HIS168__001__2,2V05_A_HIS168,1,2,0.23804218,other,2,0.23804218,True,other,0.23804218,2.6358399391174316,4.323550224304199,172.2306;-84.8902,t/m-80,7.7694;4.8902,45.0000;60.0000,True,True,3.7266340553355133,A:PHE167:C,1.7266340553355133,True,4.442549881945431,"sym1[1,1,0]/A:GLU68:OE2",2.442549881945431,True,True,True,9095.6923828125,nan,nan,False,False
expanded13,2V05_A_HIS168__002__1,2V05_A_HIS168,2,1,0.092152864,other,0,0.092152864,True,other,0.092152864,2.962334632873535,4.424922943115234,-178.2513;80.1526,t/m+80,1.7487;0.1526,45.0000;60.0000,True,True,3.7266340553355133,A:PHE167:C,1.7266340553355133,True,4.024759926817086,"sym1[1,1,0]/A:GLU68:OE2",2.0247599268170857,True,True,True,9094.494140625,nan,nan,False,False
expanded13,2V05_A_HIS168__002__2,2V05_A_HIS168,2,2,0.28797504,B,1,0.28797504,True,B,0.28797504,2.6869609355926514,0.2101006805896759,51.8628;-80.6677,g+/m-80,8.1372;0.6677,45.0000;60.0000,True,True,3.7266340553355133,A:PHE167:C,1.7266340553355133,True,5.188603816924294,"sym1[1,1,0]/A:GLU68:OE1",3.188603816924294,True,True,True,9099.1240234375,9099.28125,-0.1572265625,True,True
expanded13,2V05_A_HIS168__002__3,2V05_A_HIS168,2,3,0.61465323,other,2,0.61465323,True,other,0.61465323,1.5520546436309814,2.1654982566833496,99.9855;-90.1737,g+/m-80,39.9855;10.1737,45.0000;60.0000,True,True,3.7266340553355133,A:PHE167:C,1.7266340553355133,True,5.188603816924294,"sym1[1,1,0]/A:GLU68:OE1",3.188603816924294,True,True,True,9102.119140625,nan,nan,False,False
expanded13,2V05_A_HIS168__003__1,2V05_A_HIS168,3,1,0.60585535,A,0,0.60585535,True,A,0.60585535,0.9153374433517456,2.2266950607299805,85.5382;86.6272,g+/m+80,25.5382;6.6272,45.0000;60.0000,True,True,3.7266340553355133,A:PHE167:C,1.7266340553355133,True,5.188603816924294,"sym1[1,1,0]/A:GLU68:OE1",3.188603816924294,True,True,True,9100.76953125,9103.5380859375,-2.7685546875,True,True
expanded13,2V05_A_HIS168__003__2,2V05_A_HIS168,3,2,0.15887354,other,1,0.15887354,True,other,0.15887354,2.8071675300598145,4.4409284591674805,178.4875;-83.0703,t/m-80,1.5125;3.0703,45.0000;60.0000,True,True,3.7266340553355133,A:PHE167:C,1.7266340553355133,True,4.400425945602276,"sym1[1,1,0]/A:GLU68:OE2",2.400425945602276,True,True,True,9095.3359375,nan,nan,False,False
expanded13,2V05_A_HIS168__003__3,2V05_A_HIS168,3,3,0.23129605,B,2,0.23129605,True,B,0.23129605,2.6528193950653076,0.26389041543006897,53.1036;-80.1151,g+/m-80,6.8964;0.1151,45.0000;60.0000,True,True,3.7266340553355133,A:PHE167:C,1.7266340553355133,True,5.188603816924294,"sym1[1,1,0]/A:GLU68:OE1",3.188603816924294,True,True,True,9099.0849609375,9099.28125,-0.1962890625,True,True
expanded13,2V05_A_HIS168__004__0,2V05_A_HIS168,4,0,0.082922198,other,0,0.082922198,True,other,0.082922198,2.0931477546691895,1.5810641050338745,56.3318;89.7763,g+/m+80,3.6682;9.7763,45.0000;60.0000,True,True,3.7266340553355133,A:PHE167:C,1.7266340553355133,True,5.188603816924294,"sym1[1,1,0]/A:GLU68:OE1",3.188603816924294,True,True,True,9099.5712890625,nan,nan,False,False
expanded13,2V05_A_HIS168__004__1,2V05_A_HIS168,4,1,0.19422027,other,1,0.19422027,True,other,0.19422027,2.91473650932312,4.408049583435059,-179.6307;79.8620,t/m+80,0.3693;0.1380,45.0000;60.0000,True,True,3.7266340553355133,A:PHE167:C,1.7266340553355133,True,4.027184254866123,"sym1[1,1,0]/A:GLU68:OE2",2.027184254866123,True,True,True,9094.4853515625,nan,nan,False,False
expanded13,2V05_A_HIS168__004__3,2V05_A_HIS168,4,3,0.69058615,other,2,0.69058615,True,other,0.69058615,1.855457067489624,1.497719645500183,82.9769;-91.8752,g+/m-80,22.9769;11.8752,45.0000;60.0000,True,True,3.7266340553355133,A:PHE167:C,1.7266340553355133,True,5.188603816924294,"sym1[1,1,0]/A:GLU68:OE1",3.188603816924294,True,True,True,9099.591796875,nan,nan,False,False
expanded13,2V05_A_HIS168__005__1,2V05_A_HIS168,5,1,0.60613793,A,0,0.60613793,True,A,0.60613793,0.9145655035972595,2.2271788120269775,85.5563;86.6346,g+/m+80,25.5563;6.6346,45.0000;60.0000,True,True,3.7266340553355133,A:PHE167:C,1.7266340553355133,True,5.188603816924294,"sym1[1,1,0]/A:GLU68:OE1",3.188603816924294,True,True,True,9100.7744140625,9103.5380859375,-2.763671875,True,True
expanded13,2V05_A_HIS168__005__2,2V05_A_HIS168,5,2,0.16047953,other,1,0.16047953,True,other,0.16047953,2.810473918914795,4.443187713623047,178.6122;-82.9590,t/m-80,1.3878;2.9590,45.0000;60.0000,True,True,3.7266340553355133,A:PHE167:C,1.7266340553355133,True,4.401181359486275,"sym1[1,1,0]/A:GLU68:OE2",2.4011813594862748,True,True,True,9095.3359375,nan,nan,False,False
expanded13,2V05_A_HIS168__005__3,2V05_A_HIS168,5,3,0.2277934,B,2,0.2277934,True,B,0.2277934,2.6519787311553955,0.2650112509727478,53.1324;-80.1593,g+/m-80,6.8676;0.1593,45.0000;60.0000,True,True,3.7266340553355133,A:PHE167:C,1.7266340553355133,True,5.188603816924294,"sym1[1,1,0]/A:GLU68:OE1",3.188603816924294,True,True,True,9099.0849609375,9099.28125,-0.1962890625,True,True
expanded13,2V05_A_HIS168__006__0,2V05_A_HIS168,6,0,0.21075301,other,0,0.21075301,True,other,0.21075301,2.6983730792999268,4.368041038513184,174.5160;-84.1380,t/m-80,5.4840;4.1380,45.0000;60.0000,True,True,3.7266340553355133,A:PHE167:C,1.7266340553355133,True,4.424796349139258,"sym1[1,1,0]/A:GLU68:OE2",2.4247963491392577,True,True,True,9095.525390625,nan,nan,False,False
expanded13,2V05_A_HIS168__006__1,2V05_A_HIS168,6,1,0.065436676,other,1,0.065436676,True,other,0.065436676,1.948763132095337,1.6390846967697144,60.0723;89.1127,g+/m+80,0.0723;9.1127,45.0000;60.0000,True,True,3.7266340553355133,A:PHE167:C,1.7266340553355133,True,5.188603816924294,"sym1[1,1,0]/A:GLU68:OE1",3.188603816924294,True,True,True,9099.46484375,nan,nan,False,False
expanded13,2V05_A_HIS168__006__2,2V05_A_HIS168,6,2,0.07042855,other,2,0.07042855,True,other,0.07042855,3.1850192546844482,1.5891544818878174,25.6136;93.2183,g+/m+80,34.3864;13.2183,45.0000;60.0000,True,True,3.7266340553355133,A:PHE167:C,1.7266340553355133,True,5.188603816924294,"sym1[1,1,0]/A:GLU68:OE1",3.188603816924294,True,True,True,9102.7548828125,nan,nan,False,False
expanded13,2V05_A_HIS168__006__3,2V05_A_HIS168,6,3,0.65338176,other,3,0.65338176,True,other,0.65338176,1.2092682123184204,2.0393779277801514,78.4060;88.5451,g+/m+80,18.4060;8.5451,45.0000;60.0000,True,True,3.7266340553355133,A:PHE167:C,1.7266340553355133,True,5.188603816924294,"sym1[1,1,0]/A:GLU68:OE1",3.188603816924294,True,True,True,9099.681640625,nan,nan,False,False
expanded13,2V05_A_HIS168__007__1,2V05_A_HIS168,7,1,0.25416207,B,0,0.25416207,True,B,0.25416207,2.6630938053131104,0.24890080094337463,52.7411;-79.9491,g+/m-80,7.2589;0.0509,45.0000;60.0000,True,True,3.7266340553355133,A:PHE167:C,1.7266340553355133,True,5.188603816924294,"sym1[1,1,0]/A:GLU68:OE1",3.188603816924294,True,True,True,9099.08984375,9099.28125,-0.19140625,True,True
expanded13,2V05_A_HIS168__007__2,2V05_A_HIS168,7,2,0.62776744,A,1,0.62776744,True,A,0.62776744,0.6666998267173767,2.3886654376983643,91.4638;85.9901,g+/m+80,31.4638;5.9901,45.0000;60.0000,True,True,3.7266340553355133,A:PHE167:C,1.7266340553355133,True,5.188603816924294,"sym1[1,1,0]/A:GLU68:OE1",3.188603816924294,True,True,True,9101.3037109375,9103.5380859375,-2.234375,True,True
expanded13,2V05_A_HIS168__007__3,2V05_A_HIS168,7,3,0.093203112,other,2,0.093203112,True,other,0.093203112,3.017505645751953,4.399465560913086,-178.2943;170.6044,t/t+170,1.7057;0.6044,45.0000;60.0000,True,True,3.7266340553355133,A:PHE167:C,1.7266340553355133,True,3.703491513693941,"sym1[1,1,0]/A:GLU68:OE1",1.7034915136939408,True,True,True,9097.1796875,nan,nan,False,False
expanded13,2V05_A_HIS168__008__0,2V05_A_HIS168,8,0,0.67030162,A,0,0.67030162,True,A,0.67030162,0.48609283566474915,2.5063858032226562,95.7066;86.2190,g+/m+80,35.7066;6.2190,45.0000;60.0000,True,True,3.7266340553355133,A:PHE167:C,1.7266340553355133,True,5.188603816924294,"sym1[1,1,0]/A:GLU68:OE1",3.188603816924294,True,True,True,9101.78125,9103.5380859375,-1.7568359375,True,True
expanded13,2V05_A_HIS168__008__2,2V05_A_HIS168,8,2,0.3226206,B,1,0.3226206,True,B,0.3226206,2.689812660217285,0.20814846456050873,51.7824;-80.0038,g+/m-80,8.2176;0.0038,45.0000;60.0000,True,True,3.7266340553355133,A:PHE167:C,1.7266340553355133,True,5.188603816924294,"sym1[1,1,0]/A:GLU68:OE1",3.188603816924294,True,True,True,9099.1162109375,9099.28125,-0.1650390625,True,True
expanded13,2V05_A_HIS168__009__1,2V05_A_HIS168,9,1,0.73220342,other,0,0.73220342,True,other,0.73220342,1.1837149858474731,2.0547807216644287,79.0109;88.8268,g+/m+80,19.0109;8.8268,45.0000;60.0000,True,True,3.7266340553355133,A:PHE167:C,1.7266340553355133,True,5.188603816924294,"sym1[1,1,0]/A:GLU68:OE1",3.188603816924294,True,True,True,9099.7001953125,nan,nan,False,False
expanded13,2V05_A_HIS168__009__2,2V05_A_HIS168,9,2,0.17045802,other,1,0.17045802,True,other,0.17045802,2.8522841930389404,4.38491153717041,178.5674;79.7466,t/m+80,1.4326;0.2534,45.0000;60.0000,True,True,3.7266340553355133,A:PHE167:C,1.7266340553355133,True,4.037388867643567,"sym1[1,1,0]/A:GLU68:OE2",2.0373888676435667,True,True,True,9094.5087890625,nan,nan,False,False
expanded13,2V05_A_HIS168__009__3,2V05_A_HIS168,9,3,0.092016652,other,2,0.092016652,True,other,0.092016652,2.0221080780029297,1.608504295349121,58.2306;88.3560,g+/m+80,1.7694;8.3560,45.0000;60.0000,True,True,3.7266340553355133,A:PHE167:C,1.7266340553355133,True,5.188603816924294,"sym1[1,1,0]/A:GLU68:OE1",3.188603816924294,True,True,True,9099.5517578125,nan,nan,False,False
expanded13,2V05_A_HIS168__010__0,2V05_A_HIS168,10,0,0.074943818,merged_duplicate,0,0.205571648,False,B,0.0,2.6536593437194824,0.2622235119342804,53.0700;-80.2273,g+/m-80,6.9300;0.2273,45.0000;60.0000,True,True,3.7266340553355133,A:PHE167:C,1.7266340553355133,True,5.188603816924294,"sym1[1,1,0]/A:GLU68:OE1",3.188603816924294,True,True,True,9097.19921875,nan,nan,False,False
expanded13,2V05_A_HIS168__010__1,2V05_A_HIS168,10,1,0.62233961,A,1,0.62233961,True,A,0.62233961,0.9804976582527161,2.184922933578491,83.9805;86.7114,g+/m+80,23.9805;6.7114,45.0000;60.0000,True,True,3.7266340553355133,A:PHE167:C,1.7266340553355133,True,5.188603816924294,"sym1[1,1,0]/A:GLU68:OE1",3.188603816924294,True,True,True,9100.662109375,9103.5380859375,-2.8759765625,True,True
expanded13,2V05_A_HIS168__010__2,2V05_A_HIS168,10,2,0.17208876,other,2,0.17208876,True,other,0.17208876,2.7807254791259766,4.423387050628662,177.5121;-83.5097,t/m-80,2.4879;3.5097,45.0000;60.0000,True,True,3.7266340553355133,A:PHE167:C,1.7266340553355133,True,4.40223753602121,"sym1[1,1,0]/A:GLU68:OE2",2.40223753602121,True,True,True,9095.3681640625,nan,nan,False,False
expanded13,2V05_A_HIS168__010__3,2V05_A_HIS168,10,3,0.13062783,B,0,0.205571648,True,B,0.205571648,2.5647196769714355,0.3954993784427643,56.2378;-80.7686,g+/m-80,3.7622;0.7686,45.0000;60.0000,True,True,3.7266340553355133,A:PHE167:C,1.7266340553355133,True,5.188603816924294,"sym1[1,1,0]/A:GLU68:OE1",3.188603816924294,True,True,True,9099.060546875,9099.28125,-0.220703125,True,True
expanded13,2V05_A_HIS168__011__0,2V05_A_HIS168,11,0,0.24132411,B,0,0.24132411,True,B,0.24132411,2.6576921939849854,0.25709888339042664,52.9344;-79.9474,g+/m-80,7.0656;0.0526,45.0000;60.0000,True,True,3.7266340553355133,A:PHE167:C,1.7266340553355133,True,5.188603816924294,"sym1[1,1,0]/A:GLU68:OE1",3.188603816924294,True,True,True,9099.0859375,9099.28125,-0.1953125,True,True
expanded13,2V05_A_HIS168__011__1,2V05_A_HIS168,11,1,0.61816102,A,1,0.61816102,True,A,0.61816102,0.7558743357658386,2.330488920211792,89.3514;86.0696,g+/m+80,29.3514;6.0696,45.0000;60.0000,True,True,3.7266340553355133,A:PHE167:C,1.7266340553355133,True,5.188603816924294,"sym1[1,1,0]/A:GLU68:OE1",3.188603816924294,True,True,True,9101.099609375,9103.5380859375,-2.4384765625,True,True
expanded13,2V05_A_HIS168__011__2,2V05_A_HIS168,11,2,0.12130487,other,2,0.12130487,True,other,0.12130487,2.930908441543579,4.414120197296143,-179.1553;79.7581,t/m+80,0.8447;0.2419,45.0000;60.0000,True,True,3.7266340553355133,A:PHE167:C,1.7266340553355133,True,4.022813191684878,"sym1[1,1,0]/A:GLU68:OE2",2.022813191684878,True,True,True,9094.4794921875,nan,nan,False,False
expanded13,2V05_A_HIS168__012__0,2V05_A_HIS168,12,0,0.09121114,other,0,0.09121114,True,other,0.09121114,3.016709089279175,4.399185657501221,-178.3188;170.7479,t/t+170,1.6812;0.7479,45.0000;60.0000,True,True,3.7266340553355133,A:PHE167:C,1.7266340553355133,True,3.702819029989806,"sym1[1,1,0]/A:GLU68:OE1",1.702819029989806,True,True,True,9097.16796875,nan,nan,False,False
expanded13,2V05_A_HIS168__012__1,2V05_A_HIS168,12,1,0.26010361,B,1,0.26010361,True,B,0.26010361,2.6639511585235596,0.2477211058139801,52.7114;-79.9161,g+/m-80,7.2886;0.0839,45.0000;60.0000,True,True,3.7266340553355133,A:PHE167:C,1.7266340553355133,True,5.188603816924294,"sym1[1,1,0]/A:GLU68:OE1",3.188603816924294,True,True,True,9099.0908203125,9099.28125,-0.1904296875,True,True
expanded13,2V05_A_HIS168__012__3,2V05_A_HIS168,12,3,0.62921757,A,2,0.62921757,True,A,0.62921757,0.6664177775382996,2.389077663421631,91.4777;85.8489,g+/m+80,31.4777;5.8489,45.0000;60.0000,True,True,3.7266340553355133,A:PHE167:C,1.7266340553355133,True,5.188603816924294,"sym1[1,1,0]/A:GLU68:OE1",3.188603816924294,True,True,True,9101.3173828125,9103.5380859375,-2.220703125,True,True
expanded13,2V05_A_HIS168__013__0,2V05_A_HIS168,13,0,0.072935872,other,0,0.072935872,True,other,0.072935872,1.9949090480804443,1.6196244955062866,58.9223;88.4833,g+/m+80,1.0777;8.4833,45.0000;60.0000,True,True,3.7266340553355133,A:PHE167:C,1.7266340553355133,True,5.188603816924294,"sym1[1,1,0]/A:GLU68:OE1",3.188603816924294,True,True,True,9099.5224609375,nan,nan,False,False
expanded13,2V05_A_HIS168__013__2,2V05_A_HIS168,13,2,0.73764151,other,1,0.73764151,True,other,0.73764151,1.198967695236206,2.0453155040740967,78.6403;88.8912,g+/m+80,18.6403;8.8912,45.0000;60.0000,True,True,3.7266340553355133,A:PHE167:C,1.7266340553355133,True,5.188603816924294,"sym1[1,1,0]/A:GLU68:OE1",3.188603816924294,True,True,True,9099.6748046875,nan,nan,False,False
expanded13,2V05_A_HIS168__013__3,2V05_A_HIS168,13,3,0.17757474,other,2,0.17757474,True,other,0.17757474,2.845787286758423,4.382598876953125,178.3848;79.6433,t/m+80,1.6152;0.3567,45.0000;60.0000,True,True,3.7266340553355133,A:PHE167:C,1.7266340553355133,True,4.037148424766336,"sym1[1,1,0]/A:GLU68:OE2",2.037148424766336,True,True,True,9094.509765625,nan,nan,False,False
expanded13,2V05_A_HIS168__014__1,2V05_A_HIS168,14,1,0.69764698,other,0,0.69764698,True,other,0.69764698,1.2549548149108887,2.0114150047302246,77.2993;88.5900,g+/m+80,17.2993;8.5900,45.0000;60.0000,True,True,3.7266340553355133,A:PHE167:C,1.7266340553355133,True,5.188603816924294,"sym1[1,1,0]/A:GLU68:OE1",3.188603816924294,True,True,True,9099.634765625,nan,nan,False,False
expanded13,2V05_A_HIS168__014__2,2V05_A_HIS168,14,2,0.2110907,other,1,0.2110907,True,other,0.2110907,2.7156574726104736,4.379152297973633,175.1230;-84.4323,t/m-80,4.8770;4.4323,45.0000;60.0000,True,True,3.7266340553355133,A:PHE167:C,1.7266340553355133,True,4.41273632323437,"sym1[1,1,0]/A:GLU68:OE2",2.4127363232343697,True,True,True,9095.482421875,nan,nan,False,False
expanded13,2V05_A_HIS168__014__3,2V05_A_HIS168,14,3,0.065513663,other,2,0.065513663,True,other,0.065513663,2.0809643268585205,1.5855845212936401,56.6803;89.0580,g+/m+80,3.3197;9.0580,45.0000;60.0000,True,True,3.7266340553355133,A:PHE167:C,1.7266340553355133,True,5.188603816924294,"sym1[1,1,0]/A:GLU68:OE1",3.188603816924294,True,True,True,9099.5810546875,nan,nan,False,False
expanded13,2V05_A_HIS168__015__1,2V05_A_HIS168,15,1,0.65171462,A,0,0.65171462,True,A,0.65171462,0.44566741585731506,2.5335066318511963,96.6755;85.8489,g+/m+80,36.6755;5.8489,45.0000;60.0000,True,True,3.7266340553355133,A:PHE167:C,1.7266340553355133,True,5.188603816924294,"sym1[1,1,0]/A:GLU68:OE1",3.188603816924294,True,True,True,9101.9111328125,9103.5380859375,-1.626953125,True,True
expanded13,2V05_A_HIS168__015__3,2V05_A_HIS168,15,3,0.30656302,B,1,0.30656302,True,B,0.30656302,2.6594154834747314,0.253447949886322,52.8637;-80.2377,g+/m-80,7.1363;0.2377,45.0000;60.0000,True,True,3.7266340553355133,A:PHE167:C,1.7266340553355133,True,5.188603816924294,"sym1[1,1,0]/A:GLU68:OE1",3.188603816924294,True,True,True,9099.09375,9099.28125,-0.1875,True,True
expanded13,2V05_A_HIS168__016__1,2V05_A_HIS168,16,1,0.063288853,other,0,0.063288853,True,other,0.063288853,3.0844054222106934,4.603593826293945,-171.2608;-80.5572,t/m-80,8.7392;0.5572,45.0000;60.0000,True,True,3.7266340553355133,A:PHE167:C,1.7266340553355133,True,4.394274130612172,"sym1[1,1,0]/A:GLU68:OE2",2.394274130612172,True,True,True,9095.447265625,nan,nan,False,False
expanded13,2V05_A_HIS168__016__2,2V05_A_HIS168,16,2,0.28525677,other,1,0.28525677,True,other,0.28525677,2.3377323150634766,1.503905177116394,50.1417;85.2888,g+/m+80,9.8583;5.2888,45.0000;60.0000,True,True,3.7266340553355133,A:PHE167:C,1.7266340553355133,True,5.188603816924294,"sym1[1,1,0]/A:GLU68:OE1",3.188603816924294,True,True,True,9100.173828125,nan,nan,False,False
expanded13,2V05_A_HIS168__016__3,2V05_A_HIS168,16,3,0.63415426,A,2,0.63415426,True,A,0.63415426,0.6441308856010437,2.4033265113830566,91.9943;86.0319,g+/m+80,31.9943;6.0319,45.0000;60.0000,True,True,3.7266340553355133,A:PHE167:C,1.7266340553355133,True,5.188603816924294,"sym1[1,1,0]/A:GLU68:OE1",3.188603816924294,True,True,True,9101.361328125,9103.5380859375,-2.1767578125,True,True
expanded13,2V05_A_HIS168__017__0,2V05_A_HIS168,17,0,0.68351132,A,0,0.68351132,True,A,0.68351132,0.45456257462501526,2.5264766216278076,96.4316;86.5535,g+/m+80,36.4316;6.5535,45.0000;60.0000,True,True,3.7266340553355133,A:PHE167:C,1.7266340553355133,True,5.188603816924294,"sym1[1,1,0]/A:GLU68:OE1",3.188603816924294,True,True,True,9101.861328125,9103.5380859375,-1.6767578125,True,True
expanded13,2V05_A_HIS168__017__3,2V05_A_HIS168,17,3,0.26881856,B,1,0.26881856,True,B,0.26881856,2.675935745239258,0.2291078120470047,52.2786;-80.0316,g+/m-80,7.7214;0.0316,45.0000;60.0000,True,True,3.7266340553355133,A:PHE167:C,1.7266340553355133,True,5.188603816924294,"sym1[1,1,0]/A:GLU68:OE1",3.188603816924294,True,True,True,9099.1044921875,9099.28125,-0.1767578125,True,True
expanded13,2V05_A_HIS168__018__0,2V05_A_HIS168,18,0,0.095640868,other,0,0.095640868,True,other,0.095640868,2.9982736110687256,4.410988807678223,-178.4951;-167.7184,t/t-170,1.5049;2.2816,45.0000;60.0000,True,True,3.7266340553355133,A:PHE167:C,1.7266340553355133,True,3.6458915098262183,"sym1[1,1,0]/A:GLU68:OE1",1.6458915098262183,True,True,True,9096.3369140625,nan,nan,False,False
expanded13,2V05_A_HIS168__018__2,2V05_A_HIS168,18,2,0.27510527,B,1,0.27510527,True,B,0.27510527,2.6876046657562256,0.21142937242984772,51.8610;-80.0229,g+/m-80,8.1390;0.0229,45.0000;60.0000,True,True,3.7266340553355133,A:PHE167:C,1.7266340553355133,True,5.188603816924294,"sym1[1,1,0]/A:GLU68:OE1",3.188603816924294,True,True,True,9099.1123046875,9099.28125,-0.1689453125,True,True
expanded13,2V05_A_HIS168__018__3,2V05_A_HIS168,18,3,0.62514323,A,2,0.62514323,True,A,0.62514323,0.6807568073272705,2.3800201416015625,91.1487;85.6663,g+/m+80,31.1487;5.6663,45.0000;60.0000,True,True,3.7266340553355133,A:PHE167:C,1.7266340553355133,True,5.188603816924294,"sym1[1,1,0]/A:GLU68:OE1",3.188603816924294,True,True,True,9101.2890625,9103.5380859375,-2.2490234375,True,True
expanded13,2V05_A_HIS168__019__0,2V05_A_HIS168,19,0,0.57504934,other,0,0.57504934,True,other,0.57504934,1.0948346853256226,2.1116912364959717,81.2091;87.4485,g+/m+80,21.2091;7.4485,45.0000;60.0000,True,True,3.7266340553355133,A:PHE167:C,1.7266340553355133,True,5.188603816924294,"sym1[1,1,0]/A:GLU68:OE1",3.188603816924294,True,True,True,9099.8583984375,nan,nan,False,False
expanded13,2V05_A_HIS168__019__1,2V05_A_HIS168,19,1,0.22163191,other,1,0.22163191,True,other,0.22163191,2.676415205001831,4.351916790008545,173.6937;-84.7905,t/m-80,6.3063;4.7905,45.0000;60.0000,True,True,3.7266340553355133,A:PHE167:C,1.7266340553355133,True,4.424506973961191,"sym1[1,1,0]/A:GLU68:OE2",2.424506973961191,True,True,True,9095.5732421875,nan,nan,False,False
expanded13,2V05_A_HIS168__019__2,2V05_A_HIS168,19,2,0.094234869,other,2,0.094234869,True,other,0.094234869,2.0908362865448,1.5794094800949097,56.0979;97.4487,g+/m+80,3.9021;17.4487,45.0000;60.0000,True,True,3.7266340553355133,A:PHE167:C,1.7266340553355133,True,5.188603816924294,"sym1[1,1,0]/A:GLU68:OE1",3.188603816924294,True,True,True,9099.5703125,nan,nan,False,False
expanded13,2V05_A_HIS168__019__3,2V05_A_HIS168,19,3,0.10908383,B,3,0.10908383,True,B,0.10908383,2.523566484451294,0.458135724067688,57.7145;-80.7064,g+/m-80,2.2855;0.7064,45.0000;60.0000,True,True,3.7266340553355133,A:PHE167:C,1.7266340553355133,True,5.188603816924294,"sym1[1,1,0]/A:GLU68:OE1",3.188603816924294,True,True,True,9099.06640625,9099.28125,-0.21484375,True,True
expanded13,2V05_A_HIS168__020__0,2V05_A_HIS168,20,0,0.24356675,other,0,0.24356675,True,other,0.24356675,2.613382339477539,4.30722188949585,171.4117;-85.1184,t/m-80,8.5883;5.1184,45.0000;60.0000,True,True,3.7266340553355133,A:PHE167:C,1.7266340553355133,True,4.450607000929921,"sym1[1,1,0]/A:GLU68:OE2",2.450607000929921,True,True,True,9095.76171875,nan,nan,False,False
expanded13,2V05_A_HIS168__020__3,2V05_A_HIS168,20,3,0.71071988,other,1,0.71071988,True,other,0.71071988,1.936102032661438,1.3593190908432007,79.5499;-91.0017,g+/m-80,19.5499;11.0017,45.0000;60.0000,True,True,3.7266340553355133,A:PHE167:C,1.7266340553355133,True,5.188603816924294,"sym1[1,1,0]/A:GLU68:OE1",3.188603816924294,True,True,True,9099.1123046875,nan,nan,False,False
expanded13,2V05_A_HIS168__021__0,2V05_A_HIS168,21,0,0.089300208,other,0,0.089300208,True,other,0.089300208,3.017287254333496,4.399449825286865,-178.2999;170.7343,t/t+170,1.7001;0.7343,45.0000;60.0000,True,True,3.7266340553355133,A:PHE167:C,1.7266340553355133,True,3.702679664156211,"sym1[1,1,0]/A:GLU68:OE1",1.7026796641562112,True,True,True,9097.1669921875,nan,nan,False,False
expanded13,2V05_A_HIS168__021__2,2V05_A_HIS168,21,2,0.62528718,A,1,0.62528718,True,A,0.62528718,0.6450367569923401,2.4031128883361816,91.9850;85.7991,g+/m+80,31.9850;5.7991,45.0000;60.0000,True,True,3.7266340553355133,A:PHE167:C,1.7266340553355133,True,5.188603816924294,"sym1[1,1,0]/A:GLU68:OE1",3.188603816924294,True,True,True,9101.369140625,9103.5380859375,-2.1689453125,True,True
expanded13,2V05_A_HIS168__021__3,2V05_A_HIS168,21,3,0.28028426,B,2,0.28028426,True,B,0.28028426,2.68782114982605,0.21162106096744537,51.8575;-79.8878,g+/m-80,8.1425;0.1122,45.0000;60.0000,True,True,3.7266340553355133,A:PHE167:C,1.7266340553355133,True,5.188603816924294,"sym1[1,1,0]/A:GLU68:OE1",3.188603816924294,True,True,True,9099.1142578125,9099.28125,-0.1669921875,True,True
expanded13,2V05_A_HIS168__022__0,2V05_A_HIS168,22,0,0.6257934,A,0,0.6257934,True,A,0.6257934,0.6836932301521301,2.3781139850616455,91.0796;85.6601,g+/m+80,31.0796;5.6601,45.0000;60.0000,True,True,3.7266340553355133,A:PHE167:C,1.7266340553355133,True,5.188603816924294,"sym1[1,1,0]/A:GLU68:OE1",3.188603816924294,True,True,True,9101.2802734375,9103.5380859375,-2.2578125,True,True
expanded13,2V05_A_HIS168__022__1,2V05_A_HIS168,22,1,0.27064329,B,1,0.27064329,True,B,0.27064329,2.679039716720581,0.22448639571666718,52.1683;-80.0082,g+/m-80,7.8317;0.0082,45.0000;60.0000,True,True,3.7266340553355133,A:PHE167:C,1.7266340553355133,True,5.188603816924294,"sym1[1,1,0]/A:GLU68:OE1",3.188603816924294,True,True,True,9099.1044921875,9099.28125,-0.1767578125,True,True
expanded13,2V05_A_HIS168__022__3,2V05_A_HIS168,22,3,0.097444624,other,2,0.097444624,True,other,0.097444624,2.995980739593506,4.40975284576416,-178.5747;-167.7479,t/t-170,1.4253;2.2521,45.0000;60.0000,True,True,3.7266340553355133,A:PHE167:C,1.7266340553355133,True,3.646304765245006,"sym1[1,1,0]/A:GLU68:OE1",1.6463047652450058,True,True,True,9096.3388671875,nan,nan,False,False
expanded13,2V05_A_HIS168__023__0,2V05_A_HIS168,23,0,0.27366683,other,0,0.27366683,True,other,0.27366683,2.322901725769043,1.5077431201934814,50.5246;85.4972,g+/m+80,9.4754;5.4972,45.0000;60.0000,True,True,3.7266340553355133,A:PHE167:C,1.7266340553355133,True,5.188603816924294,"sym1[1,1,0]/A:GLU68:OE1",3.188603816924294,True,True,True,9100.1376953125,nan,nan,False,False
expanded13,2V05_A_HIS168__023__1,2V05_A_HIS168,23,1,0.62992549,A,1,0.62992549,True,A,0.62992549,0.7149356007575989,2.3567733764648438,90.3093;86.2854,g+/m+80,30.3093;6.2854,45.0000;60.0000,True,True,3.7266340553355133,A:PHE167:C,1.7266340553355133,True,5.188603816924294,"sym1[1,1,0]/A:GLU68:OE1",3.188603816924294,True,True,True,9101.1796875,9103.5380859375,-2.3583984375,True,True
expanded13,2V05_A_HIS168__023__3,2V05_A_HIS168,23,3,0.079173133,other,2,0.079173133,True,other,0.079173133,2.867027759552002,4.481857776641846,-179.2282;-80.4620,t/m-80,0.7718;0.4620,45.0000;60.0000,True,True,3.7266340553355133,A:PHE167:C,1.7266340553355133,True,4.426478040166454,"sym1[1,1,0]/A:GLU68:OE2",2.4264780401664536,True,True,True,9095.3349609375,nan,nan,False,False
expanded13,2V05_A_HIS168__024__0,2V05_A_HIS168,24,0,0.1140812,other,0,0.1140812,True,other,0.1140812,2.051248073577881,1.596937656402588,57.4887;88.1945,g+/m+80,2.5113;8.1945,45.0000;60.0000,True,True,3.7266340553355133,A:PHE167:C,1.7266340553355133,True,5.188603816924294,"sym1[1,1,0]/A:GLU68:OE1",3.188603816924294,True,True,True,9099.5859375,nan,nan,False,False
expanded13,2V05_A_HIS168__024__2,2V05_A_HIS168,24,2,0.7134853,other,1,0.7134853,True,other,0.7134853,1.1508147716522217,2.075413227081299,79.8138;88.5850,g+/m+80,19.8138;8.5850,45.0000;60.0000,True,True,3.7266340553355133,A:PHE167:C,1.7266340553355133,True,5.188603816924294,"sym1[1,1,0]/A:GLU68:OE1",3.188603816924294,True,True,True,9099.744140625,nan,nan,False,False
expanded13,2V05_A_HIS168__024__3,2V05_A_HIS168,24,3,0.16790447,other,2,0.16790447,True,other,0.16790447,2.8594329357147217,4.387753009796143,178.7770;79.6520,t/m+80,1.2230;0.3480,45.0000;60.0000,True,True,3.7266340553355133,A:PHE167:C,1.7266340553355133,True,4.0343339714159185,"sym1[1,1,0]/A:GLU68:OE2",2.0343339714159185,True,True,True,9094.501953125,nan,nan,False,False
expanded13,2V05_A_HIS168__025__0,2V05_A_HIS168,25,0,0.6318658,other,0,0.6318658,True,other,0.6318658,1.796850562095642,1.6025406122207642,85.5963;-92.8971,g+/m-80,25.5963;12.8971,45.0000;60.0000,True,True,3.7266340553355133,A:PHE167:C,1.7266340553355133,True,5.188603816924294,"sym1[1,1,0]/A:GLU68:OE1",3.188603816924294,True,True,True,9100.0439453125,nan,nan,False,False
expanded13,2V05_A_HIS168__025__1,2V05_A_HIS168,25,1,0.20536101,other,1,0.20536101,True,other,0.20536101,2.6284239292144775,4.317849636077881,171.9510;-85.1420,t/m-80,8.0490;5.1420,45.0000;60.0000,True,True,3.7266340553355133,A:PHE167:C,1.7266340553355133,True,4.44247053928932,"sym1[1,1,0]/A:GLU68:OE2",2.44247053928932,True,True,True,9095.712890625,nan,nan,False,False
expanded13,2V05_A_HIS168__025__3,2V05_A_HIS168,25,3,0.13440427,B,2,0.13440427,True,B,0.13440427,2.845252275466919,0.05976371094584465,46.3012;-76.7774,g+/m-80,13.6988;3.2226,45.0000;60.0000,True,True,3.7266340553355133,A:PHE167:C,1.7266340553355133,True,5.188603816924294,"sym1[1,1,0]/A:GLU68:OE1",3.188603816924294,True,True,True,9099.1826171875,9099.28125,-0.0986328125,True,True
expanded13,2V05_A_HIS168__026__0,2V05_A_HIS168,26,0,0.3447201,B,0,0.3447201,True,B,0.3447201,2.6819915771484375,0.217960387468338,52.0439;-80.5789,g+/m-80,7.9561;0.5789,45.0000;60.0000,True,True,3.7266340553355133,A:PHE167:C,1.7266340553355133,True,5.188603816924294,"sym1[1,1,0]/A:GLU68:OE1",3.188603816924294,True,True,True,9099.1201171875,9099.28125,-0.1611328125,True,True
expanded13,2V05_A_HIS168__026__2,2V05_A_HIS168,26,2,0.64666063,other,1,0.64666063,True,other,0.64666063,1.4931960105895996,2.403273820877075,106.2834;-88.1492,g+/m-80,46.2834;8.1492,45.0000;60.0000,False,False,3.7266340553355133,A:PHE167:C,1.7266340553355133,True,5.188603816924294,"sym1[1,1,0]/A:GLU68:OE1",3.188603816924294,True,True,False,9103.330078125,nan,nan,False,False
expanded13,2V05_A_HIS168__027__0,2V05_A_HIS168,27,0,0.61292112,A,0,0.61292112,True,A,0.61292112,0.7511978149414062,2.333000659942627,89.4450;86.4150,g+/m+80,29.4450;6.4150,45.0000;60.0000,True,True,3.7266340553355133,A:PHE167:C,1.7266340553355133,True,5.188603816924294,"sym1[1,1,0]/A:GLU68:OE1",3.188603816924294,True,True,True,9101.0947265625,9103.5380859375,-2.443359375,True,True
expanded13,2V05_A_HIS168__027__1,2V05_A_HIS168,27,1,0.12035978,other,1,0.12035978,True,other,0.12035978,2.9309868812561035,4.413681507110596,-179.1661;80.0822,t/m+80,0.8339;0.0822,45.0000;60.0000,True,True,3.7266340553355133,A:PHE167:C,1.7266340553355133,True,4.028149269764655,"sym1[1,1,0]/A:GLU68:OE2",2.028149269764655,True,True,True,9094.4931640625,nan,nan,False,False
expanded13,2V05_A_HIS168__027__2,2V05_A_HIS168,27,2,0.2576378,B,2,0.2576378,True,B,0.2576378,2.673532009124756,0.2323818802833557,52.3614;-80.1336,g+/m-80,7.6386;0.1336,45.0000;60.0000,True,True,3.7266340553355133,A:PHE167:C,1.7266340553355133,True,5.188603816924294,"sym1[1,1,0]/A:GLU68:OE1",3.188603816924294,True,True,True,9099.10546875,9099.28125,-0.17578125,True,True
expanded13,2V05_A_HIS168__028__0,2V05_A_HIS168,28,0,0.70908064,other,0,0.70908064,True,other,0.70908064,1.1433876752853394,2.0802135467529297,79.9993;88.4236,g+/m+80,19.9993;8.4236,45.0000;60.0000,True,True,3.7266340553355133,A:PHE167:C,1.7266340553355133,True,5.188603816924294,"sym1[1,1,0]/A:GLU68:OE1",3.188603816924294,True,True,True,9099.7587890625,nan,nan,False,False
expanded13,2V05_A_HIS168__028__1,2V05_A_HIS168,28,1,0.16985221,other,1,0.16985221,True,other,0.16985221,2.8665196895599365,4.3903093338012695,178.9781;79.7300,t/m+80,1.0219;0.2700,45.0000;60.0000,True,True,3.7266340553355133,A:PHE167:C,1.7266340553355133,True,4.034112066345121,"sym1[1,1,0]/A:GLU68:OE2",2.034112066345121,True,True,True,9094.5009765625,nan,nan,False,False
expanded13,2V05_A_HIS168__028__3,2V05_A_HIS168,28,3,0.10605476,other,2,0.10605476,True,other,0.10605476,2.0188968181610107,1.6097989082336426,58.3098;88.4239,g+/m+80,1.6902;8.4239,45.0000;60.0000,True,True,3.7266340553355133,A:PHE167:C,1.7266340553355133,True,5.188603816924294,"sym1[1,1,0]/A:GLU68:OE1",3.188603816924294,True,True,True,9099.5458984375,nan,nan,False,False
expanded13,2V05_A_HIS168__029__2,2V05_A_HIS168,29,2,0.32453763,B,0,0.32453763,True,B,0.32453763,2.6962289810180664,0.20018577575683594,51.5665;-79.5650,g+/m-80,8.4335;0.4350,45.0000;60.0000,True,True,3.7266340553355133,A:PHE167:C,1.7266340553355133,True,5.188603816924294,"sym1[1,1,0]/A:GLU68:OE1",3.188603816924294,True,True,True,9099.1171875,9099.28125,-0.1640625,True,True
expanded13,2V05_A_HIS168__029__3,2V05_A_HIS168,29,3,0.67050093,A,1,0.67050093,True,A,0.67050093,0.4885915219783783,2.5046563148498535,95.6452;86.2738,g+/m+80,35.6452;6.2738,45.0000;60.0000,True,True,3.7266340553355133,A:PHE167:C,1.7266340553355133,True,5.188603816924294,"sym1[1,1,0]/A:GLU68:OE1",3.188603816924294,True,True,True,9101.771484375,9103.5380859375,-1.7666015625,True,True
expanded13,2V05_A_HIS168__030__0,2V05_A_HIS168,30,0,0.1034738,other,0,0.77905347,False,other,0.0,1.6604883670806885,1.768118143081665,66.9980;100.3916,g+/m+80,6.9980;20.3916,45.0000;60.0000,True,True,3.7266340553355133,A:PHE167:C,1.7266340553355133,True,5.188603816924294,"sym1[1,1,0]/A:GLU68:OE1",3.188603816924294,True,True,True,9099.48046875,nan,nan,False,False
expanded13,2V05_A_HIS168__030__2,2V05_A_HIS168,30,2,0.67557967,other,0,0.77905347,True,other,0.77905347,1.3656949996948242,1.943596601486206,74.5533;89.9494,g+/m+80,14.5533;9.9494,45.0000;60.0000,True,True,3.7266340553355133,A:PHE167:C,1.7266340553355133,True,5.188603816924294,"sym1[1,1,0]/A:GLU68:OE1",3.188603816924294,True,True,True,9099.4921875,nan,nan,False,False
expanded13,2V05_A_HIS168__030__3,2V05_A_HIS168,30,3,0.21062239,other,1,0.21062239,True,other,0.21062239,2.735330581665039,4.393231391906738,175.8594;-83.8591,t/m-80,4.1406;3.8591,45.0000;60.0000,True,True,3.7266340553355133,A:PHE167:C,1.7266340553355133,True,4.413731292108565,"sym1[1,1,0]/A:GLU68:OE2",2.413731292108565,True,True,True,9095.4453125,nan,nan,False,False
expanded13,2V05_A_HIS168__031__0,2V05_A_HIS168,31,0,0.10026015,other,0,0.31711214,False,other,0.0,2.158632755279541,1.5574547052383423,54.7597;87.1263,g+/m+80,5.2403;7.1263,45.0000;60.0000,True,True,3.7266340553355133,A:PHE167:C,1.7266340553355133,True,5.188603816924294,"sym1[1,1,0]/A:GLU68:OE1",3.188603816924294,True,True,True,9099.7724609375,nan,nan,False,False
expanded13,2V05_A_HIS168__031__1,2V05_A_HIS168,31,1,0.65663683,A,1,0.65663683,True,A,0.65663683,0.4787138104438782,2.512413501739502,95.9160;85.5340,g+/m+80,35.9160;5.5340,45.0000;60.0000,True,True,3.7266340553355133,A:PHE167:C,1.7266340553355133,True,5.188603816924294,"sym1[1,1,0]/A:GLU68:OE1",3.188603816924294,True,True,True,9101.8330078125,9103.5380859375,-1.705078125,True,True
expanded13,2V05_A_HIS168__031__3,2V05_A_HIS168,31,3,0.21685199,other,0,0.31711214,True,other,0.31711214,2.2059924602508545,1.5418189764022827,53.5358;86.8651,g+/m+80,6.4642;6.8651,45.0000;60.0000,True,True,3.7266340553355133,A:PHE167:C,1.7266340553355133,True,5.188603816924294,"sym1[1,1,0]/A:GLU68:OE1",3.188603816924294,True,True,True,9099.8564453125,nan,nan,False,False
expanded13,2V05_A_HIS168__032__0,2V05_A_HIS168,32,0,0.21044332,other,0,0.21044332,True,other,0.21044332,2.7165896892547607,4.380148410797119,175.1672;-84.2189,t/m-80,4.8328;4.2189,45.0000;60.0000,True,True,3.7266340553355133,A:PHE167:C,1.7266340553355133,True,4.415712749795188,"sym1[1,1,0]/A:GLU68:OE2",2.415712749795188,True,True,True,9095.4814453125,nan,nan,False,False
expanded13,2V05_A_HIS168__032__1,2V05_A_HIS168,32,1,0.07473997,other,1,0.07473997,True,other,0.07473997,1.9408414363861084,1.642947793006897,60.4208;86.1435,g+/m+80,0.4208;6.1435,45.0000;60.0000,True,True,3.7266340553355133,A:PHE167:C,1.7266340553355133,True,5.188603816924294,"sym1[1,1,0]/A:GLU68:OE1",3.188603816924294,True,True,True,9099.6142578125,nan,nan,False,False
expanded13,2V05_A_HIS168__032__2,2V05_A_HIS168,32,2,0.7117244,other,2,0.7117244,True,other,0.7117244,1.2987526655197144,1.9845502376556396,76.2228;88.9377,g+/m+80,16.2228;8.9377,45.0000;60.0000,True,True,3.7266340553355133,A:PHE167:C,1.7266340553355133,True,5.188603816924294,"sym1[1,1,0]/A:GLU68:OE1",3.188603816924294,True,True,True,9099.5791015625,nan,nan,False,False
expanded13,2V05_A_HIS168__033__0,2V05_A_HIS168,33,0,0.62670863,A,0,0.62670863,True,A,0.62670863,0.6544377207756042,2.396867036819458,91.7597;85.8665,g+/m+80,31.7597;5.8665,45.0000;60.0000,True,True,3.7266340553355133,A:PHE167:C,1.7266340553355133,True,5.188603816924294,"sym1[1,1,0]/A:GLU68:OE1",3.188603816924294,True,True,True,9101.34375,9103.5380859375,-2.1943359375,True,True
expanded13,2V05_A_HIS168__033__1,2V05_A_HIS168,33,1,0.28114179,B,1,0.28114179,True,B,0.28114179,2.6861894130706787,0.21398183703422546,51.9150;-79.9166,g+/m-80,8.0850;0.0834,45.0000;60.0000,True,True,3.7266340553355133,A:PHE167:C,1.7266340553355133,True,5.188603816924294,"sym1[1,1,0]/A:GLU68:OE1",3.188603816924294,True,True,True,9099.111328125,9099.28125,-0.169921875,True,True
expanded13,2V05_A_HIS168__033__3,2V05_A_HIS168,33,3,0.086975761,other,2,0.086975761,True,other,0.086975761,3.0194716453552246,4.4004082679748535,-178.2292;170.6192,t/t+170,1.7708;0.6192,45.0000;60.0000,True,True,3.7266340553355133,A:PHE167:C,1.7266340553355133,True,3.702571292187915,"sym1[1,1,0]/A:GLU68:OE1",1.702571292187915,True,True,True,9097.1630859375,nan,nan,False,False
expanded13,2V05_A_HIS168__034__0,2V05_A_HIS168,34,0,0.67093962,A,0,0.67093962,True,A,0.67093962,0.5012675523757935,2.4963505268096924,95.3469;86.2777,g+/m+80,35.3469;6.2777,45.0000;60.0000,True,True,3.7266340553355133,A:PHE167:C,1.7266340553355133,True,5.188603816924294,"sym1[1,1,0]/A:GLU68:OE1",3.188603816924294,True,True,True,9101.728515625,9103.5380859375,-1.8095703125,True,True
expanded13,2V05_A_HIS168__034__1,2V05_A_HIS168,34,1,0.28440687,B,1,0.28440687,True,B,0.28440687,2.646552562713623,0.27454322576522827,53.3378;-79.7971,g+/m-80,6.6622;0.2029,45.0000;60.0000,True,True,3.7266340553355133,A:PHE167:C,1.7266340553355133,True,5.188603816924294,"sym1[1,1,0]/A:GLU68:OE1",3.188603816924294,True,True,True,9099.0751953125,9099.28125,-0.2060546875,True,True
expanded13,2V05_A_HIS168__035__0,2V05_A_HIS168,35,0,0.11937259,other,0,0.11937259,True,other,0.11937259,2.9334843158721924,4.41504430770874,-179.0805;79.7687,t/m+80,0.9195;0.2313,45.0000;60.0000,True,True,3.7266340553355133,A:PHE167:C,1.7266340553355133,True,4.0225803656985555,"sym1[1,1,0]/A:GLU68:OE2",2.0225803656985555,True,True,True,9094.4814453125,nan,nan,False,False
expanded13,2V05_A_HIS168__035__1,2V05_A_HIS168,35,1,0.6170578,A,1,0.6170578,True,A,0.6170578,0.747771143913269,2.3357982635498047,89.5448;86.0397,g+/m+80,29.5448;6.0397,45.0000;60.0000,True,True,3.7266340553355133,A:PHE167:C,1.7266340553355133,True,5.188603816924294,"sym1[1,1,0]/A:GLU68:OE1",3.188603816924294,True,True,True,9101.1201171875,9103.5380859375,-2.41796875,True,True
expanded13,2V05_A_HIS168__035__3,2V05_A_HIS168,35,3,0.26129439,B,2,0.26129439,True,B,0.26129439,2.6753971576690674,0.23012740910053253,52.2995;-79.9767,g+/m-80,7.7005;0.0233,45.0000;60.0000,True,True,3.7266340553355133,A:PHE167:C,1.7266340553355133,True,5.188603816924294,"sym1[1,1,0]/A:GLU68:OE1",3.188603816924294,True,True,True,9099.1015625,9099.28125,-0.1796875,True,True
expanded13,2V05_A_HIS168__036__1,2V05_A_HIS168,36,1,0.64650702,other,0,0.64650702,True,other,0.64650702,1.4932637214660645,2.40285062789917,106.2716;-88.1392,g+/m-80,46.2716;8.1392,45.0000;60.0000,False,False,3.7266340553355133,A:PHE167:C,1.7266340553355133,True,5.188603816924294,"sym1[1,1,0]/A:GLU68:OE1",3.188603816924294,True,True,False,9103.3203125,nan,nan,False,False
expanded13,2V05_A_HIS168__036__3,2V05_A_HIS168,36,3,0.33397788,B,1,0.33397788,True,B,0.33397788,2.672767162322998,0.2318219691514969,52.3727;-80.6290,g+/m-80,7.6273;0.6290,45.0000;60.0000,True,True,3.7266340553355133,A:PHE167:C,1.7266340553355133,True,5.188603816924294,"sym1[1,1,0]/A:GLU68:OE1",3.188603816924294,True,True,True,9099.1123046875,9099.28125,-0.1689453125,True,True
expanded13,2V05_A_HIS168__037__0,2V05_A_HIS168,37,0,0.098371223,other,0,0.098371223,True,other,0.098371223,2.9961471557617188,4.409887790679932,-178.5678;-167.7083,t/t-170,1.4322;2.2917,45.0000;60.0000,True,True,3.7266340553355133,A:PHE167:C,1.7266340553355133,True,3.6463252862658866,"sym1[1,1,0]/A:GLU68:OE1",1.6463252862658866,True,True,True,9096.3388671875,nan,nan,False,False
expanded13,2V05_A_HIS168__037__1,2V05_A_HIS168,37,1,0.26389459,B,1,0.26389459,True,B,0.26389459,2.67305326461792,0.23345981538295746,52.3817;-80.0380,g+/m-80,7.6183;0.0380,45.0000;60.0000,True,True,3.7266340553355133,A:PHE167:C,1.7266340553355133,True,5.188603816924294,"sym1[1,1,0]/A:GLU68:OE1",3.188603816924294,True,True,True,9099.1005859375,9099.28125,-0.1806640625,True,True
expanded13,2V05_A_HIS168__037__2,2V05_A_HIS168,37,2,0.62562448,A,2,0.62562448,True,A,0.62562448,0.6876896619796753,2.375511407852173,90.9853;85.6581,g+/m+80,30.9853;5.6581,45.0000;60.0000,True,True,3.7266340553355133,A:PHE167:C,1.7266340553355133,True,5.188603816924294,"sym1[1,1,0]/A:GLU68:OE1",3.188603816924294,True,True,True,9101.2705078125,9103.5380859375,-2.267578125,True,True
expanded13,2V05_A_HIS168__038__0,2V05_A_HIS168,38,0,0.71201944,other,0,0.71201944,True,other,0.71201944,1.2213529348373413,2.031559944152832,78.0986;88.9106,g+/m+80,18.0986;8.9106,45.0000;60.0000,True,True,3.7266340553355133,A:PHE167:C,1.7266340553355133,True,5.188603816924294,"sym1[1,1,0]/A:GLU68:OE1",3.188603816924294,True,True,True,9099.6552734375,nan,nan,False,False
expanded13,2V05_A_HIS168__038__1,2V05_A_HIS168,38,1,0.078825019,other,1,0.078825019,True,other,0.078825019,2.123547315597534,1.569817304611206,55.6495;87.5758,g+/m+80,4.3505;7.5758,45.0000;60.0000,True,True,3.7266340553355133,A:PHE167:C,1.7266340553355133,True,5.188603816924294,"sym1[1,1,0]/A:GLU68:OE1",3.188603816924294,True,True,True,9099.7021484375,nan,nan,False,False
expanded13,2V05_A_HIS168__038__2,2V05_A_HIS168,38,2,0.19536939,other,2,0.19536939,True,other,0.19536939,2.730128765106201,4.389423370361328,175.6617;-84.0711,t/m-80,4.3383;4.0711,45.0000;60.0000,True,True,3.7266340553355133,A:PHE167:C,1.7266340553355133,True,4.412454364401392,"sym1[1,1,0]/A:GLU68:OE2",2.412454364401392,True,True,True,9095.4541015625,nan,nan,False,False
expanded13,2V05_A_HIS168__039__1,2V05_A_HIS168,39,1,0.71743393,other,0,0.71743393,True,other,0.71743393,2.0046935081481934,1.2456884384155273,76.7595;-90.4992,g+/m-80,16.7595;10.4992,45.0000;60.0000,True,True,3.7266340553355133,A:PHE167:C,1.7266340553355133,True,5.188603816924294,"sym1[1,1,0]/A:GLU68:OE1",3.188603816924294,True,True,True,9098.7705078125,nan,nan,False,False
expanded13,2V05_A_HIS168__039__3,2V05_A_HIS168,39,3,0.25730157,other,1,0.25730157,True,other,0.25730157,2.5674095153808594,4.273375034332275,169.7430;-85.4326,t/m-80,10.2570;5.4326,45.0000;60.0000,True,True,3.7266340553355133,A:PHE167:C,1.7266340553355133,True,4.47109531155556,"sym1[1,1,0]/A:GLU68:OE2",2.47109531155556,True,True,True,9095.927734375,nan,nan,False,False
expanded13,2V05_A_HIS168__040__0,2V05_A_HIS168,40,0,0.22993609,B,0,0.22993609,True,B,0.22993609,2.7689454555511475,0.9673414826393127,41.6405;-159.4207,g+/t-170,18.3595;10.5793,45.0000;60.0000,True,True,3.7266340553355133,A:PHE167:C,1.7266340553355133,True,5.188603816924294,"sym1[1,1,0]/A:GLU68:OE1",3.188603816924294,True,True,True,9109.9462890625,9099.28125,10.6650390625,False,False
expanded13,2V05_A_HIS168__040__1,2V05_A_HIS168,40,1,0.64821196,A,1,0.64821196,True,A,0.64821196,0.7744464874267578,2.3167762756347656,88.8582;87.1924,g+/m+80,28.8582;7.1924,45.0000;60.0000,True,True,3.7266340553355133,A:PHE167:C,1.7266340553355133,True,5.188603816924294,"sym1[1,1,0]/A:GLU68:OE1",3.188603816924294,True,True,True,9101.0146484375,9103.5380859375,-2.5234375,True,True
expanded13,2V05_A_HIS168__040__3,2V05_A_HIS168,40,3,0.11199497,other,2,0.11199497,True,other,0.11199497,2.9398789405822754,4.416900634765625,-178.9067;80.0934,t/m+80,1.0933;0.0934,45.0000;60.0000,True,True,3.7266340553355133,A:PHE167:C,1.7266340553355133,True,4.026963254780383,"sym1[1,1,0]/A:GLU68:OE2",2.026963254780383,True,True,True,9094.4921875,nan,nan,False,False
expanded13,2V05_A_HIS168__041__0,2V05_A_HIS168,41,0,0.71093285,other,0,0.71093285,True,other,0.71093285,1.7200220823287964,1.7482943534851074,89.2754;-94.6884,g+/m-80,29.2754;14.6884,45.0000;60.0000,True,True,3.7266340553355133,A:PHE167:C,1.7266340553355133,True,5.188603816924294,"sym1[1,1,0]/A:GLU68:OE1",3.188603816924294,True,True,True,9100.7587890625,nan,nan,False,False
expanded13,2V05_A_HIS168__041__1,2V05_A_HIS168,41,1,0.12728576,other,1,0.12728576,True,other,0.12728576,2.8731038570404053,4.396721363067627,179.2762;77.0503,t/m+80,0.7238;2.9497,45.0000;60.0000,True,True,3.7266340553355133,A:PHE167:C,1.7266340553355133,True,3.9902265573426057,"sym1[1,1,0]/A:GLU68:OE2",1.9902265573426057,True,True,True,9094.4111328125,nan,nan,False,False
expanded13,2V05_A_HIS168__041__2,2V05_A_HIS168,41,2,0.088686012,other,2,0.088686012,True,other,0.088686012,2.5538582801818848,0.41064730286598206,56.6129;-81.2331,g+/m-80,3.3871;1.2331,45.0000;60.0000,True,True,3.7266340553355133,A:PHE167:C,1.7266340553355133,True,5.188603816924294,"sym1[1,1,0]/A:GLU68:OE1",3.188603816924294,True,True,True,9097.185546875,nan,nan,False,False
expanded13,2V05_A_HIS168__041__3,2V05_A_HIS168,41,3,0.073095351,other,3,0.073095351,True,other,0.073095351,2.4340603351593018,1.4829984903335571,47.5897;84.7905,g+/m+80,12.4103;4.7905,45.0000;60.0000,True,True,3.7266340553355133,A:PHE167:C,1.7266340553355133,True,5.188603816924294,"sym1[1,1,0]/A:GLU68:OE1",3.188603816924294,True,True,True,9100.3828125,nan,nan,False,False
expanded13,2V05_A_HIS168__042__0,2V05_A_HIS168,42,0,0.68850315,other,0,0.68850315,True,other,0.68850315,1.2238588333129883,2.0307440757751465,78.0653;88.2672,g+/m+80,18.0653;8.2672,45.0000;60.0000,True,True,3.7266340553355133,A:PHE167:C,1.7266340553355133,True,5.188603816924294,"sym1[1,1,0]/A:GLU68:OE1",3.188603816924294,True,True,True,9099.6767578125,nan,nan,False,False
expanded13,2V05_A_HIS168__042__1,2V05_A_HIS168,42,1,0.20096233,other,1,0.20096233,True,other,0.20096233,2.723409652709961,4.384415626525879,175.4045;-84.3823,t/m-80,4.5955;4.3823,45.0000;60.0000,True,True,3.7266340553355133,A:PHE167:C,1.7266340553355133,True,4.410283665979098,"sym1[1,1,0]/A:GLU68:OE2",2.4102836659790983,True,True,True,9095.4658203125,nan,nan,False,False
expanded13,2V05_A_HIS168__042__2,2V05_A_HIS168,42,2,0.079547562,other,2,0.079547562,True,other,0.079547562,1.9660758972167969,1.6298925876617432,59.4332;93.8869,g+/m+80,0.5668;13.8869,45.0000;60.0000,True,True,3.7266340553355133,A:PHE167:C,1.7266340553355133,True,5.188603816924294,"sym1[1,1,0]/A:GLU68:OE1",3.188603816924294,True,True,True,9099.390625,nan,nan,False,False
expanded13,2V05_A_HIS168__043__0,2V05_A_HIS168,43,0,0.74667364,other,0,0.74667364,True,other,0.74667364,1.2061100006103516,2.0408501625061035,78.4650;88.9605,g+/m+80,18.4650;8.9605,45.0000;60.0000,True,True,3.7266340553355133,A:PHE167:C,1.7266340553355133,True,5.188603816924294,"sym1[1,1,0]/A:GLU68:OE1",3.188603816924294,True,True,True,9099.6689453125,nan,nan,False,False
expanded13,2V05_A_HIS168__043__1,2V05_A_HIS168,43,1,0.16930655,other,1,0.16930655,True,other,0.16930655,2.8535096645355225,4.385500431060791,178.6061;79.6621,t/m+80,1.3939;0.3379,45.0000;60.0000,True,True,3.7266340553355133,A:PHE167:C,1.7266340553355133,True,4.035765017824452,"sym1[1,1,0]/A:GLU68:OE2",2.0357650178244517,True,True,True,9094.505859375,nan,nan,False,False
expanded13,2V05_A_HIS168__043__3,2V05_A_HIS168,43,3,0.075807519,other,2,0.075807519,True,other,0.075807519,2.0082075595855713,1.6141482591629028,58.5840;88.4269,g+/m+80,1.4160;8.4269,45.0000;60.0000,True,True,3.7266340553355133,A:PHE167:C,1.7266340553355133,True,5.188603816924294,"sym1[1,1,0]/A:GLU68:OE1",3.188603816924294,True,True,True,9099.5390625,nan,nan,False,False
expanded13,2V05_A_HIS168__044__0,2V05_A_HIS168,44,0,0.73254931,other,0,0.73254931,True,other,0.73254931,1.1857049465179443,2.0535480976104736,78.9626;88.8317,g+/m+80,18.9626;8.8317,45.0000;60.0000,True,True,3.7266340553355133,A:PHE167:C,1.7266340553355133,True,5.188603816924294,"sym1[1,1,0]/A:GLU68:OE1",3.188603816924294,True,True,True,9099.6962890625,nan,nan,False,False
expanded13,2V05_A_HIS168__044__1,2V05_A_HIS168,44,1,0.090933882,other,1,0.090933882,True,other,0.090933882,2.0214264392852783,1.6087790727615356,58.2477;88.3638,g+/m+80,1.7523;8.3638,45.0000;60.0000,True,True,3.7266340553355133,A:PHE167:C,1.7266340553355133,True,5.188603816924294,"sym1[1,1,0]/A:GLU68:OE1",3.188603816924294,True,True,True,9099.548828125,nan,nan,False,False
expanded13,2V05_A_HIS168__044__3,2V05_A_HIS168,44,3,0.17202835,other,2,0.17202835,True,other,0.17202835,2.8516921997070312,4.384774208068848,178.5528;79.6873,t/m+80,1.4472;0.3127,45.0000;60.0000,True,True,3.7266340553355133,A:PHE167:C,1.7266340553355133,True,4.036559568478857,"sym1[1,1,0]/A:GLU68:OE2",2.0365595684788573,True,True,True,9094.5068359375,nan,nan,False,False
expanded13,2V05_A_HIS168__045__0,2V05_A_HIS168,45,0,0.61821115,other,0,0.61821115,True,other,0.61821115,1.5503736734390259,2.171074151992798,100.1259;-89.8594,g+/m-80,40.1259;9.8594,45.0000;60.0000,True,True,3.7266340553355133,A:PHE167:C,1.7266340553355133,True,5.188603816924294,"sym1[1,1,0]/A:GLU68:OE1",3.188603816924294,True,True,True,9102.12890625,nan,nan,False,False
expanded13,2V05_A_HIS168__045__1,2V05_A_HIS168,45,1,0.27788252,B,1,0.27788252,True,B,0.27788252,2.678316593170166,0.2228880375623703,52.1689;-80.7792,g+/m-80,7.8311;0.7792,45.0000;60.0000,True,True,3.7266340553355133,A:PHE167:C,1.7266340553355133,True,5.188603816924294,"sym1[1,1,0]/A:GLU68:OE1",3.188603816924294,True,True,True,9099.1220703125,9099.28125,-0.1591796875,True,True
expanded13,2V05_A_HIS168__045__3,2V05_A_HIS168,45,3,0.091561519,other,2,0.091561519,True,other,0.091561519,2.965481996536255,4.426108360290527,-178.1573;80.1130,t/m+80,1.8427;0.1130,45.0000;60.0000,True,True,3.7266340553355133,A:PHE167:C,1.7266340553355133,True,4.023681813465295,"sym1[1,1,0]/A:GLU68:OE2",2.023681813465295,True,True,True,9094.4931640625,nan,nan,False,False
expanded13,2V05_A_HIS168__046__1,2V05_A_HIS168,46,1,0.66976291,A,0,0.66976291,True,A,0.66976291,0.48580658435821533,2.506601572036743,95.7142;86.2014,g+/m+80,35.7142;6.2014,45.0000;60.0000,True,True,3.7266340553355133,A:PHE167:C,1.7266340553355133,True,5.188603816924294,"sym1[1,1,0]/A:GLU68:OE1",3.188603816924294,True,True,True,9101.78125,9103.5380859375,-1.7568359375,True,True
expanded13,2V05_A_HIS168__046__2,2V05_A_HIS168,46,2,0.32790965,B,1,0.32790965,True,B,0.32790965,2.6923604011535645,0.20386677980422974,51.6877;-80.1130,g+/m-80,8.3123;0.1130,45.0000;60.0000,True,True,3.7266340553355133,A:PHE167:C,1.7266340553355133,True,5.188603816924294,"sym1[1,1,0]/A:GLU68:OE1",3.188603816924294,True,True,True,9099.123046875,9099.28125,-0.158203125,True,True
expanded13,2V05_A_HIS168__047__0,2V05_A_HIS168,47,0,0.6172564,A,0,0.6172564,True,A,0.6172564,0.9919154644012451,2.17577862739563,83.6429;88.1560,g+/m+80,23.6429;8.1560,45.0000;60.0000,True,True,3.7266340553355133,A:PHE167:C,1.7266340553355133,True,5.188603816924294,"sym1[1,1,0]/A:GLU68:OE1",3.188603816924294,True,True,True,9100.5810546875,9103.5380859375,-2.95703125,True,True
expanded13,2V05_A_HIS168__047__1,2V05_A_HIS168,47,1,0.18796487,other,1,0.18796487,True,other,0.18796487,2.8530356884002686,4.385365009307861,178.5936;79.6315,t/m+80,1.4064;0.3685,45.0000;60.0000,True,True,3.7266340553355133,A:PHE167:C,1.7266340553355133,True,4.035374958936887,"sym1[1,1,0]/A:GLU68:OE2",2.0353749589368872,True,True,True,9094.5048828125,nan,nan,False,False
expanded13,2V05_A_HIS168__047__2,2V05_A_HIS168,47,2,0.1369625,other,2,0.194778711,True,other,0.194778711,2.1248087882995605,1.569584846496582,55.4166;91.9098,g+/m+80,4.5834;11.9098,45.0000;60.0000,True,True,3.7266340553355133,A:PHE167:C,1.7266340553355133,True,5.188603816924294,"sym1[1,1,0]/A:GLU68:OE1",3.188603816924294,True,True,True,9099.5673828125,nan,nan,False,False
expanded13,2V05_A_HIS168__047__3,2V05_A_HIS168,47,3,0.057816211,other,2,0.194778711,False,other,0.0,1.9497959613800049,1.6386744976043701,60.0535;88.9502,g+/m+80,0.0535;8.9502,45.0000;60.0000,True,True,3.7266340553355133,A:PHE167:C,1.7266340553355133,True,5.188603816924294,"sym1[1,1,0]/A:GLU68:OE1",3.188603816924294,True,True,True,9099.470703125,nan,nan,False,False
expanded13,2V05_A_HIS168__048__0,2V05_A_HIS168,48,0,0.26055187,B,0,0.26055187,True,B,0.26055187,2.676267385482788,0.22893618047237396,52.2695;-79.9430,g+/m-80,7.7305;0.0570,45.0000;60.0000,True,True,3.7266340553355133,A:PHE167:C,1.7266340553355133,True,5.188603816924294,"sym1[1,1,0]/A:GLU68:OE1",3.188603816924294,True,True,True,9099.1044921875,9099.28125,-0.1767578125,True,True
expanded13,2V05_A_HIS168__048__1,2V05_A_HIS168,48,1,0.11913823,other,1,0.11913823,True,other,0.11913823,2.9336414337158203,4.4151506423950195,-179.0745;79.7341,t/m+80,0.9255;0.2659,45.0000;60.0000,True,True,3.7266340553355133,A:PHE167:C,1.7266340553355133,True,4.021983810248825,"sym1[1,1,0]/A:GLU68:OE2",2.021983810248825,True,True,True,9094.4775390625,nan,nan,False,False
expanded13,2V05_A_HIS168__048__2,2V05_A_HIS168,48,2,0.61769068,A,2,0.61769068,True,A,0.61769068,0.7481151223182678,2.3354876041412354,89.5337;86.0966,g+/m+80,29.5337;6.0966,45.0000;60.0000,True,True,3.7266340553355133,A:PHE167:C,1.7266340553355133,True,5.188603816924294,"sym1[1,1,0]/A:GLU68:OE1",3.188603816924294,True,True,True,9101.1171875,9103.5380859375,-2.4208984375,True,True
expanded13,2V05_A_HIS168__049__0,2V05_A_HIS168,49,0,0.064525425,merged_duplicate,0,0.257833835,False,B,0.0,2.686267375946045,0.2112213671207428,51.8884;-80.6486,g+/m-80,8.1116;0.6486,45.0000;60.0000,True,True,3.7266340553355133,A:PHE167:C,1.7266340553355133,True,5.188603816924294,"sym1[1,1,0]/A:GLU68:OE1",3.188603816924294,True,True,True,9097.2373046875,nan,nan,False,False
expanded13,2V05_A_HIS168__049__1,2V05_A_HIS168,49,1,0.19330841,B,0,0.257833835,True,B,0.257833835,2.5926859378814697,0.3547583520412445,55.2526;-80.2229,g+/m-80,4.7474;0.2229,45.0000;60.0000,True,True,3.7266340553355133,A:PHE167:C,1.7266340553355133,True,5.188603816924294,"sym1[1,1,0]/A:GLU68:OE1",3.188603816924294,True,True,True,9099.0576171875,9099.28125,-0.2236328125,True,True
expanded13,2V05_A_HIS168__049__2,2V05_A_HIS168,49,2,0.11966454,other,1,0.11966454,True,other,0.11966454,2.9200024604797363,4.410080909729004,-179.4746;79.7928,t/m+80,0.5254;0.2072,45.0000;60.0000,True,True,3.7266340553355133,A:PHE167:C,1.7266340553355133,True,4.025159362488467,"sym1[1,1,0]/A:GLU68:OE2",2.025159362488467,True,True,True,9094.482421875,nan,nan,False,False
expanded13,2V05_A_HIS168__049__3,2V05_A_HIS168,49,3,0.62250161,A,2,0.62250161,True,A,0.62250161,0.7980281710624695,2.302112102508545,88.3187;86.7673,g+/m+80,28.3187;6.7673,45.0000;60.0000,True,True,3.7266340553355133,A:PHE167:C,1.7266340553355133,True,5.188603816924294,"sym1[1,1,0]/A:GLU68:OE1",3.188603816924294,True,True,True,9100.982421875,9103.5380859375,-2.5556640625,True,True
expanded13,8FBE_B_ILE92__000__1,8FBE_B_ILE92,0,1,0.62464958,B,0,0.62464958,True,B,0.62464958,2.2795779705047607,0.23509959876537323,-66.4026;-168.2399,g-/t,6.4026;11.7601,45.0000;60.0000,True,True,3.307459717752021,B:LYS93:N,1.307459717752021,True,6.2367502107525,"sym2[1,1,0]/B:LYS116:O",4.2367502107525,True,True,True,150.11428833007812,149.9482879638672,0.1660003662109375,True,True
expanded13,8FBE_B_ILE92__000__2,8FBE_B_ILE92,0,2,0.33017221,A,1,0.33017221,True,A,0.33017221,0.5002169013023376,2.167167901992798,45.2245;-166.8342,g+/t,14.7755;13.1658,45.0000;60.0000,True,True,2.935245911163526,B:LYS95:CB,0.9352459111635261,True,5.794617497722884,"sym2[1,1,0]/B:LYS116:O",3.794617497722884,True,True,True,235.2621612548828,370.739990234375,-135.4778289794922,True,True
expanded13,8FBE_B_ILE92__001__1,8FBE_B_ILE92,1,1,0.33572161,A,0,0.33572161,True,A,0.33572161,0.5001088976860046,2.1671464443206787,45.2194;-166.8521,g+/t,14.7806;13.1479,45.0000;60.0000,True,True,2.9353512753585913,B:LYS95:CB,0.9353512753585913,True,5.794404233654536,"sym2[1,1,0]/B:LYS116:O",3.794404233654536,True,True,True,235.32933044433594,370.739990234375,-135.41065979003906,True,True
expanded13,8FBE_B_ILE92__001__2,8FBE_B_ILE92,1,2,0.63247049,B,1,0.63247049,True,B,0.63247049,2.280113458633423,0.2306835949420929,-66.6507;-168.6582,g-/t,6.6507;11.3418,45.0000;60.0000,True,True,3.306133015606416,B:LYS93:N,1.3061330156064161,True,6.234118887070542,"sym2[1,1,0]/B:LYS116:O",4.234118887070542,True,True,True,150.03453063964844,149.9482879638672,0.08624267578125,True,True
expanded13,8FBE_B_ILE92__002__1,8FBE_B_ILE92,2,1,0.61080998,B,0,0.61080998,True,B,0.61080998,2.271742343902588,0.2461518943309784,-65.8028;-168.8248,g-/t,5.8028;11.1752,45.0000;60.0000,True,True,3.3107393706262735,B:LYS93:N,1.3107393706262735,True,6.235914862099843,"sym2[1,1,0]/B:LYS116:O",4.235914862099843,True,True,True,149.92721557617188,149.9482879638672,-0.0210723876953125,True,True
expanded13,8FBE_B_ILE92__002__2,8FBE_B_ILE92,2,2,0.34591624,A,1,0.34591624,True,A,0.34591624,0.49935340881347656,2.1676714420318604,45.2704;-166.8370,g+/t,14.7296;13.1630,45.0000;60.0000,True,True,2.9343047998386966,B:LYS95:CB,0.9343047998386966,True,5.794160030132319,"sym2[1,1,0]/B:LYS116:O",3.7941600301323186,True,True,True,235.7353515625,370.739990234375,-135.004638671875,True,True
expanded13,8FBE_B_ILE92__003__2,8FBE_B_ILE92,3,2,0.34877676,A,0,0.34877676,True,A,0.34877676,0.49949830770492554,2.1674697399139404,45.2475;-166.8613,g+/t,14.7525;13.1387,45.0000;60.0000,True,True,2.9347751488109304,B:LYS95:CB,0.9347751488109304,True,5.794017090703478,"sym2[1,1,0]/B:LYS116:O",3.794017090703478,True,True,True,235.5804443359375,370.739990234375,-135.1595458984375,True,True
expanded13,8FBE_B_ILE92__003__3,8FBE_B_ILE92,3,3,0.64817429,B,1,0.64817429,True,B,0.64817429,2.28133225440979,0.22867006063461304,-66.7637;-168.6079,g-/t,6.7637;11.3921,45.0000;60.0000,True,True,3.3055336942729103,B:LYS93:N,1.3055336942729103,True,6.233990880691626,"sym2[1,1,0]/B:LYS116:O",4.233990880691626,True,True,True,150.0465545654297,149.9482879638672,0.0982666015625,True,True
expanded13,8FBE_B_ILE92__004__0,8FBE_B_ILE92,4,0,0.34013247,A,0,0.34013247,True,A,0.34013247,0.5000075101852417,2.1671924591064453,45.2229;-166.8556,g+/t,14.7771;13.1444,45.0000;60.0000,True,True,2.935278549068261,B:LYS95:CB,0.9352785490682609,True,5.794320188740704,"sym2[1,1,0]/B:LYS116:O",3.794320188740704,True,True,True,235.32933044433594,370.739990234375,-135.41065979003906,True,True
expanded13,8FBE_B_ILE92__004__3,8FBE_B_ILE92,4,3,0.62851012,B,1,0.62851012,True,B,0.62851012,2.2783496379852295,0.23023541271686554,-66.6819;-169.1678,g-/t,6.6819;10.8322,45.0000;60.0000,True,True,3.3059632063861932,B:LYS93:N,1.3059632063861932,True,6.2318720626651585,"sym2[1,1,0]/B:LYS116:O",4.2318720626651585,True,True,True,149.9099578857422,149.9482879638672,-0.038330078125,True,True
expanded13,8FBE_B_ILE92__005__1,8FBE_B_ILE92,5,1,0.64841467,B,0,0.64841467,True,B,0.64841467,2.2812814712524414,0.22863642871379852,-66.7656;-168.6244,g-/t,6.7656;11.3756,45.0000;60.0000,True,True,3.3055196699925395,B:LYS93:N,1.3055196699925395,True,6.233910285755682,"sym2[1,1,0]/B:LYS116:O",4.233910285755682,True,True,True,150.0465545654297,149.9482879638672,0.0982666015625,True,True
expanded13,8FBE_B_ILE92__005__2,8FBE_B_ILE92,5,2,0.34799033,A,1,0.34799033,True,A,0.34799033,0.4995076358318329,2.1674513816833496,45.2454;-166.8638,g+/t,14.7546;13.1362,45.0000;60.0000,True,True,2.934817439171281,B:LYS95:CB,0.9348174391712809,True,5.7939960171718035,"sym2[1,1,0]/B:LYS116:O",3.7939960171718035,True,True,True,235.4913330078125,370.739990234375,-135.2486572265625,True,True
expanded13,8FBE_B_ILE92__006__0,8FBE_B_ILE92,6,0,0.62861449,B,0,0.62861449,True,B,0.62861449,2.280787706375122,0.2359997183084488,-66.3555;-167.8423,g-/t,6.3555;12.1577,45.0000;60.0000,True,True,3.3077140189818413,B:LYS93:N,1.3077140189818413,True,6.2387675885173275,"sym2[1,1,0]/B:LYS116:O",4.2387675885173275,True,True,True,150.19888305664062,149.9482879638672,0.2505950927734375,True,True
expanded13,8FBE_B_ILE92__006__1,8FBE_B_ILE92,6,1,0.34518251,A,1,0.34518251,True,A,0.34518251,0.5002111196517944,2.1671559810638428,45.2227;-166.8377,g+/t,14.7773;13.1623,45.0000;60.0000,True,True,2.9352842093020133,B:LYS95:CB,0.9352842093020133,True,5.794583168104096,"sym2[1,1,0]/B:LYS116:O",3.7945831681040962,True,True,True,235.2621612548828,370.739990234375,-135.4778289794922,True,True
expanded13,8FBE_B_ILE92__007__0,8FBE_B_ILE92,7,0,0.64837551,B,0,0.64837551,True,B,0.64837551,2.281358242034912,0.22853325307369232,-66.7713;-168.6183,g-/t,6.7713;11.3817,45.0000;60.0000,True,True,3.3054910901783483,B:LYS93:N,1.3054910901783483,True,6.233924203670646,"sym2[1,1,0]/B:LYS116:O",4.233924203670646,True,True,True,150.0445556640625,149.9482879638672,0.0962677001953125,True,True
expanded13,8FBE_B_ILE92__007__2,8FBE_B_ILE92,7,2,0.34853551,A,1,0.34853551,True,A,0.34853551,0.4995277523994446,2.1674416065216064,45.2446;-166.8634,g+/t,14.7554;13.1366,45.0000;60.0000,True,True,2.9348363883874784,B:LYS95:CB,0.9348363883874784,True,5.794013024719852,"sym2[1,1,0]/B:LYS116:O",3.7940130247198516,True,True,True,235.4913330078125,370.739990234375,-135.2486572265625,True,True
expanded13,8FBE_B_ILE92__008__2,8FBE_B_ILE92,8,2,0.64605534,B,0,0.64605534,True,B,0.64605534,2.2813384532928467,0.22737091779708862,-66.8366;-168.7686,g-/t,6.8366;11.2314,45.0000;60.0000,True,True,3.305145396186696,B:LYS93:N,1.305145396186696,True,6.233070508810162,"sym2[1,1,0]/B:LYS116:O",4.233070508810162,True,True,True,150.01844787597656,149.9482879638672,0.070159912109375,True,True
expanded13,8FBE_B_ILE92__008__3,8FBE_B_ILE92,8,3,0.34875396,A,1,0.34875396,True,A,0.34875396,0.49952295422554016,2.167351722717285,45.2329;-166.8828,g+/t,14.7671;13.1172,45.0000;60.0000,True,True,2.935074876841194,B:LYS95:CB,0.9350748768411941,True,5.7938373762356825,"sym2[1,1,0]/B:LYS116:O",3.7938373762356825,True,True,True,235.4871826171875,370.739990234375,-135.2528076171875,True,True
expanded13,8FBE_B_ILE92__009__2,8FBE_B_ILE92,9,2,0.63282222,B,0,0.63282222,True,B,0.63282222,2.2797186374664307,0.22909501194953918,-66.7416;-168.9596,g-/t,6.7416;11.0404,45.0000;60.0000,True,True,3.3056524047938805,B:LYS93:N,1.3056524047938805,True,6.232554214264663,"sym2[1,1,0]/B:LYS116:O",4.232554214264663,True,True,True,149.9644317626953,149.9482879638672,0.016143798828125,True,True
expanded13,8FBE_B_ILE92__009__3,8FBE_B_ILE92,9,3,0.33796832,A,1,0.33796832,True,A,0.33796832,0.49999967217445374,2.16721773147583,45.2261;-166.8512,g+/t,14.7739;13.1488,45.0000;60.0000,True,True,2.935215715156875,B:LYS95:CB,0.935215715156875,True,5.794352081211155,"sym2[1,1,0]/B:LYS116:O",3.794352081211155,True,True,True,235.32933044433594,370.739990234375,-135.41065979003906,True,True
expanded13,8FBE_B_ILE92__010__0,8FBE_B_ILE92,10,0,0.64370656,B,0,0.64370656,True,B,0.64370656,2.280838966369629,0.22865398228168488,-66.7646;-168.7321,g-/t,6.7646;11.2679,45.0000;60.0000,True,True,3.3055237426135196,B:LYS93:N,1.3055237426135196,True,6.233449483219319,"sym2[1,1,0]/B:LYS116:O",4.233449483219319,True,True,True,150.01470947265625,149.9482879638672,0.0664215087890625,True,True
expanded13,8FBE_B_ILE92__010__2,8FBE_B_ILE92,10,2,0.34709123,A,1,0.34709123,True,A,0.34709123,0.4996197819709778,2.1674091815948486,45.2425;-166.8585,g+/t,14.7575;13.1415,45.0000;60.0000,True,True,2.934878697564457,B:LYS95:CB,0.9348786975644572,True,5.794100182596658,"sym2[1,1,0]/B:LYS116:O",3.794100182596658,True,True,True,235.51028442382812,370.739990234375,-135.22970581054688,True,True
expanded13,8FBE_B_ILE92__011__1,8FBE_B_ILE92,11,1,0.63458765,B,0,0.63458765,True,B,0.63458765,2.2799434661865234,0.23202483355998993,-66.5753;-168.5320,g-/t,6.5753;11.4680,45.0000;60.0000,True,True,3.306532041012825,B:LYS93:N,1.306532041012825,True,6.23490466347793,"sym2[1,1,0]/B:LYS116:O",4.23490466347793,True,True,True,150.05056762695312,149.9482879638672,0.1022796630859375,True,True
expanded13,8FBE_B_ILE92__011__3,8FBE_B_ILE92,11,3,0.33819973,A,1,0.33819973,True,A,0.33819973,0.49980494379997253,2.1673712730407715,45.2416;-166.8434,g+/t,14.7584;13.1566,45.0000;60.0000,True,True,2.9348959999544797,B:LYS95:CB,0.9348959999544797,True,5.794326621212392,"sym2[1,1,0]/B:LYS116:O",3.7943266212123916,True,True,True,235.4580078125,370.739990234375,-135.281982421875,True,True
expanded13,8FBE_B_ILE92__012__0,8FBE_B_ILE92,12,0,0.34851101,A,0,0.34851101,True,A,0.34851101,0.4994818866252899,2.167475938796997,45.2480;-166.8619,g+/t,14.7520;13.1381,45.0000;60.0000,True,True,2.9347640466917233,B:LYS95:CB,0.9347640466917233,True,5.794000141483791,"sym2[1,1,0]/B:LYS116:O",3.7940001414837914,True,True,True,235.5804443359375,370.739990234375,-135.1595458984375,True,True
expanded13,8FBE_B_ILE92__012__2,8FBE_B_ILE92,12,2,0.64801717,B,1,0.64801717,True,B,0.64801717,2.2813961505889893,0.22868743538856506,-66.7627;-168.5896,g-/t,6.7627;11.4104,45.0000;60.0000,True,True,3.305536558865986,B:LYS93:N,1.305536558865986,True,6.234071197468765,"sym2[1,1,0]/B:LYS116:O",4.234071197468765,True,True,True,150.0465545654297,149.9482879638672,0.0982666015625,True,True
expanded13,8FBE_B_ILE92__013__0,8FBE_B_ILE92,13,0,0.35028479,A,0,0.35028479,True,A,0.35028479,0.4993431568145752,2.1677489280700684,45.2803;-166.8219,g+/t,14.7197;13.1781,45.0000;60.0000,True,True,2.9340995105853267,B:LYS95:CB,0.9340995105853267,True,5.794288066984723,"sym2[1,1,0]/B:LYS116:O",3.7942880669847234,True,True,True,235.73947143554688,370.739990234375,-135.00051879882812,True,True
expanded13,8FBE_B_ILE92__013__3,8FBE_B_ILE92,13,3,0.64471805,B,1,0.64471805,True,B,0.64471805,2.2813315391540527,0.22867611050605774,-66.7634;-168.6070,g-/t,6.7634;11.3930,45.0000;60.0000,True,True,3.3055355882084743,B:LYS93:N,1.3055355882084743,True,6.233996262675773,"sym2[1,1,0]/B:LYS116:O",4.233996262675773,True,True,True,150.0465545654297,149.9482879638672,0.0982666015625,True,True
expanded13,8FBE_B_ILE92__014__2,8FBE_B_ILE92,14,2,0.64838082,B,0,0.64838082,True,B,0.64838082,2.281315326690674,0.2286929339170456,-66.7624;-168.6092,g-/t,6.7624;11.3908,45.0000;60.0000,True,True,3.3055384528571383,B:LYS93:N,1.3055384528571383,True,6.233994139667409,"sym2[1,1,0]/B:LYS116:O",4.233994139667409,True,True,True,150.0465545654297,149.9482879638672,0.0982666015625,True,True
expanded13,8FBE_B_ILE92__014__3,8FBE_B_ILE92,14,3,0.35008809,A,1,0.35008809,True,A,0.35008809,0.4994533956050873,2.1675007343292236,45.2504;-166.8605,g+/t,14.7496;13.1395,45.0000;60.0000,True,True,2.934713891308292,B:LYS95:CB,0.934713891308292,True,5.794003995212093,"sym2[1,1,0]/B:LYS116:O",3.794003995212093,True,True,True,235.5804443359375,370.739990234375,-135.1595458984375,True,True
expanded13,8FBE_B_ILE92__015__0,8FBE_B_ILE92,15,0,0.6451717,B,0,0.6451717,True,B,0.6451717,2.2811527252197266,0.22990460693836212,-66.6945;-168.4983,g-/t,6.6945;11.5017,45.0000;60.0000,True,True,3.3059022116707157,B:LYS93:N,1.3059022116707157,True,6.234686325796,"sym2[1,1,0]/B:LYS116:O",4.234686325796,True,True,True,150.0803680419922,149.9482879638672,0.132080078125,True,True
expanded13,8FBE_B_ILE92__015__2,8FBE_B_ILE92,15,2,0.35019556,A,1,0.35019556,True,A,0.35019556,0.4997245669364929,2.167379856109619,45.2411;-166.8515,g+/t,14.7589;13.1485,45.0000;60.0000,True,True,2.9349070838230022,B:LYS95:CB,0.9349070838230022,True,5.7942186357706005,"sym2[1,1,0]/B:LYS116:O",3.7942186357706005,True,True,True,235.4580078125,370.739990234375,-135.281982421875,True,True
expanded13,8FBE_B_ILE92__016__2,8FBE_B_ILE92,16,2,0.33023131,A,0,0.33023131,True,A,0.33023131,0.499872088432312,2.167273998260498,45.2306;-166.8553,g+/t,14.7694;13.1447,45.0000;60.0000,True,True,2.935122847810519,B:LYS95:CB,0.9351228478105189,True,5.794256148324322,"sym2[1,1,0]/B:LYS116:O",3.7942561483243216,True,True,True,235.45387268066406,370.739990234375,-135.28611755371094,True,True
expanded13,8FBE_B_ILE92__016__3,8FBE_B_ILE92,16,3,0.62225139,B,1,0.62225139,True,B,0.62225139,2.2793936729431152,0.23578549921512604,-66.3641;-168.2000,g-/t,6.3641;11.8000,45.0000;60.0000,True,True,3.307670715288419,B:LYS93:N,1.307670715288419,True,6.2370531968876,"sym2[1,1,0]/B:LYS116:O",4.2370531968876,True,True,True,150.12445068359375,149.9482879638672,0.1761627197265625,True,True
expanded13,8FBE_B_ILE92__017__0,8FBE_B_ILE92,17,0,0.34464821,A,0,0.34464821,True,A,0.34464821,0.4996964633464813,2.1673684120178223,45.2389;-166.8575,g+/t,14.7611;13.1425,45.0000;60.0000,True,True,2.934952214371981,B:LYS95:CB,0.9349522143719811,True,5.79415062478951,"sym2[1,1,0]/B:LYS116:O",3.79415062478951,True,True,True,235.4580078125,370.739990234375,-135.281982421875,True,True
expanded13,8FBE_B_ILE92__017__1,8FBE_B_ILE92,17,1,0.64039361,B,1,0.64039361,True,B,0.64039361,2.2808470726013184,0.22947531938552856,-66.7183;-168.6271,g-/t,6.7183;11.3729,45.0000;60.0000,True,True,3.3057722121917146,B:LYS93:N,1.3057722121917146,True,6.2340463465921,"sym2[1,1,0]/B:LYS116:O",4.2340463465921,True,True,True,150.03289794921875,149.9482879638672,0.0846099853515625,True,True
expanded13,8FBE_B_ILE92__018__1,8FBE_B_ILE92,18,1,0.64582443,B,0,0.64582443,True,B,0.64582443,2.28110408782959,0.22839747369289398,-66.7789;-168.6982,g-/t,6.7789;11.3018,45.0000;60.0000,True,True,3.3054507795953363,B:LYS93:N,1.3054507795953363,True,6.233552085337988,"sym2[1,1,0]/B:LYS116:O",4.233552085337988,True,True,True,150.03765869140625,149.9482879638672,0.0893707275390625,True,True
expanded13,8FBE_B_ILE92__018__3,8FBE_B_ILE92,18,3,0.35038736,A,1,0.35038736,True,A,0.35038736,0.49943631887435913,2.167517900466919,45.2523;-166.8590,g+/t,14.7477;13.1410,45.0000;60.0000,True,True,2.9346737883105307,B:LYS95:CB,0.9346737883105307,True,5.794006543391667,"sym2[1,1,0]/B:LYS116:O",3.794006543391667,True,True,True,235.5804443359375,370.739990234375,-135.1595458984375,True,True
expanded13,8FBE_B_ILE92__019__2,8FBE_B_ILE92,19,2,0.34200826,A,0,0.34200826,True,A,0.34200826,0.4997420310974121,2.1673498153686523,45.2374;-166.8559,g+/t,14.7626;13.1441,45.0000;60.0000,True,True,2.9349830428352064,B:LYS95:CB,0.9349830428352064,True,5.794184972538377,"sym2[1,1,0]/B:LYS116:O",3.7941849725383774,True,True,True,235.45387268066406,370.739990234375,-135.28611755371094,True,True
expanded13,8FBE_B_ILE92__019__3,8FBE_B_ILE92,19,3,0.64115238,B,1,0.64115238,True,B,0.64115238,2.28064227104187,0.2293328195810318,-66.7264;-168.6958,g-/t,6.7264;11.3042,45.0000;60.0000,True,True,3.305731929821209,B:LYS93:N,1.3057319298212091,True,6.233725083038701,"sym2[1,1,0]/B:LYS116:O",4.233725083038701,True,True,True,150.02401733398438,149.9482879638672,0.0757293701171875,True,True
expanded13,8FBE_B_ILE92__020__1,8FBE_B_ILE92,20,1,0.59563386,B,0,0.59563386,True,B,0.59563386,2.2671258449554443,0.2517241835594177,-65.5295;-169.3429,g-/t,5.5295;10.6571,45.0000;60.0000,True,True,3.3122637030275475,B:LYS93:N,1.3122637030275475,True,6.234485870581501,"sym2[1,1,0]/B:LYS116:O",4.234485870581501,True,True,True,149.7803497314453,149.9482879638672,-0.167938232421875,True,True
expanded13,8FBE_B_ILE92__020__2,8FBE_B_ILE92,20,2,0.057366595,other,1,0.057366595,True,other,0.057366595,2.456794500350952,0.4104369878768921,-96.0264;-174.6780,g-/t,36.0264;5.3220,45.0000;60.0000,True,True,3.2559298869385613,B:LYS95:CB,1.2559298869385613,True,5.849108409789889,"sym2[1,1,0]/B:LYS116:CD",3.8491084097898893,True,True,True,374.4622802734375,nan,nan,False,False
expanded13,8FBE_B_ILE92__020__3,8FBE_B_ILE92,20,3,0.3441214,A,2,0.3441214,True,A,0.3441214,0.4992923140525818,2.167828321456909,45.2894;-166.8117,g+/t,14.7106;13.1883,45.0000;60.0000,True,True,2.9339148410319655,B:LYS95:CB,0.9339148410319655,True,5.794356814936037,"sym2[1,1,0]/B:LYS116:O",3.7943568149360374,True,True,True,235.86404418945312,370.739990234375,-134.87594604492188,True,True
expanded13,8FBE_B_ILE92__021__1,8FBE_B_ILE92,21,1,0.60368484,B,0,0.60368484,True,B,0.60368484,2.2729244232177734,0.23850329220294952,-66.2454;-169.5351,g-/t,6.2454;10.4649,45.0000;60.0000,True,True,3.308313625676253,B:LYS93:N,1.308313625676253,True,6.231669832871931,"sym2[1,1,0]/B:LYS116:O",4.231669832871931,True,True,True,149.79071044921875,149.9482879638672,-0.1575775146484375,True,True
expanded13,8FBE_B_ILE92__021__2,8FBE_B_ILE92,21,2,0.33642763,A,1,0.33642763,True,A,0.33642763,0.5000354647636414,2.1672682762145996,45.2334;-166.8361,g+/t,14.7666;13.1639,45.0000;60.0000,True,True,2.9350637927250425,B:LYS95:CB,0.9350637927250425,True,5.794507881020867,"sym2[1,1,0]/B:LYS116:O",3.7945078810208672,True,True,True,235.45387268066406,370.739990234375,-135.28611755371094,True,True
expanded13,8FBE_B_ILE92__022__0,8FBE_B_ILE92,22,0,0.34828562,A,0,0.34828562,True,A,0.34828562,0.49952733516693115,2.1674413681030273,45.2446;-166.8634,g+/t,14.7554;13.1366,45.0000;60.0000,True,True,2.9348363883874784,B:LYS95:CB,0.9348363883874784,True,5.794013433332877,"sym2[1,1,0]/B:LYS116:O",3.7940134333328768,True,True,True,235.4913330078125,370.739990234375,-135.2486572265625,True,True
expanded13,8FBE_B_ILE92__022__3,8FBE_B_ILE92,22,3,0.64769322,B,1,0.64769322,True,B,0.64769322,2.281280040740967,0.22868409752845764,-66.7628;-168.6187,g-/t,6.7628;11.3813,45.0000;60.0000,True,True,3.3055342756933697,B:LYS93:N,1.3055342756933697,True,6.233948612456058,"sym2[1,1,0]/B:LYS116:O",4.233948612456058,True,True,True,150.0465545654297,149.9482879638672,0.0982666015625,True,True
expanded13,8FBE_B_ILE92__023__0,8FBE_B_ILE92,23,0,0.64763945,B,0,0.64763945,True,B,0.64763945,2.2809650897979736,0.22722648084163666,-66.8450;-168.8804,g-/t,6.8450;11.1196,45.0000;60.0000,True,True,3.305103531544102,B:LYS93:N,1.305103531544102,True,6.232568465315856,"sym2[1,1,0]/B:LYS116:O",4.232568465315856,True,True,True,149.99168395996094,149.9482879638672,0.04339599609375,True,True
expanded13,8FBE_B_ILE92__023__1,8FBE_B_ILE92,23,1,0.34758365,A,1,0.34758365,True,A,0.34758365,0.5001065731048584,2.1672606468200684,45.2341;-166.8286,g+/t,14.7659;13.1714,45.0000;60.0000,True,True,2.9350505031527248,B:LYS95:CB,0.9350505031527248,True,5.794611324359306,"sym2[1,1,0]/B:LYS116:O",3.7946113243593063,True,True,True,235.3867950439453,370.739990234375,-135.3531951904297,True,True
expanded13,8FBE_B_ILE92__024__0,8FBE_B_ILE92,24,0,0.34763688,A,0,0.34763688,True,A,0.34763688,0.4995306432247162,2.167435646057129,45.2439;-166.8643,g+/t,14.7561;13.1357,45.0000;60.0000,True,True,2.9348496774567288,B:LYS95:CB,0.9348496774567288,True,5.794003002885515,"sym2[1,1,0]/B:LYS116:O",3.794003002885515,True,True,True,235.4913330078125,370.739990234375,-135.2486572265625,True,True
expanded13,8FBE_B_ILE92__024__1,8FBE_B_ILE92,24,1,0.64824843,B,1,0.64824843,True,B,0.64824843,2.281414747238159,0.22850127518177032,-66.7733;-168.6086,g-/t,6.7733;11.3914,45.0000;60.0000,True,True,3.3054794848774747,B:LYS93:N,1.3054794848774747,True,6.233957260474263,"sym2[1,1,0]/B:LYS116:O",4.233957260474263,True,True,True,150.0445556640625,149.9482879638672,0.0962677001953125,True,True
expanded13,8FBE_B_ILE92__025__0,8FBE_B_ILE92,25,0,0.63460648,B,0,0.63460648,True,B,0.63460648,2.279033660888672,0.22976656258106232,-66.7056;-169.0500,g-/t,6.7056;10.9500,45.0000;60.0000,True,True,3.3058389308966176,B:LYS93:N,1.3058389308966176,True,6.2322852135122,"sym2[1,1,0]/B:LYS116:O",4.2322852135122,True,True,True,149.93528747558594,149.9482879638672,-0.01300048828125,True,True
expanded13,8FBE_B_ILE92__025__3,8FBE_B_ILE92,25,3,0.34320343,A,1,0.34320343,True,A,0.34320343,0.49985918402671814,2.1672956943511963,45.2331;-166.8524,g+/t,14.7669;13.1476,45.0000;60.0000,True,True,2.935072292238992,B:LYS95:CB,0.935072292238992,True,5.794280452203279,"sym2[1,1,0]/B:LYS116:O",3.794280452203279,True,True,True,235.45387268066406,370.739990234375,-135.28611755371094,True,True
expanded13,8FBE_B_ILE92__026__0,8FBE_B_ILE92,26,0,0.64442247,B,0,0.64442247,True,B,0.64442247,2.2806756496429443,0.22990718483924866,-66.6941;-168.6155,g-/t,6.6941;11.3845,45.0000;60.0000,True,True,3.3059027673771495,B:LYS93:N,1.3059027673771495,True,6.234173250962685,"sym2[1,1,0]/B:LYS116:O",4.234173250962685,True,True,True,150.04119873046875,149.9482879638672,0.0929107666015625,True,True
expanded13,8FBE_B_ILE92__026__2,8FBE_B_ILE92,26,2,0.35142675,A,1,0.35142675,True,A,0.35142675,0.4993473291397095,2.1675686836242676,45.2570;-166.8594,g+/t,14.7430;13.1406,45.0000;60.0000,True,True,2.9345787235671255,B:LYS95:CB,0.9345787235671255,True,5.793955212785939,"sym2[1,1,0]/B:LYS116:O",3.7939552127859386,True,True,True,235.5804443359375,370.739990234375,-135.1595458984375,True,True
expanded13,8FBE_B_ILE92__027__0,8FBE_B_ILE92,27,0,0.35046297,A,0,0.35046297,True,A,0.35046297,0.4994657039642334,2.167484998703003,45.2488;-166.8621,g+/t,14.7512;13.1379,45.0000;60.0000,True,True,2.9347479369456386,B:LYS95:CB,0.9347479369456386,True,5.793993935225588,"sym2[1,1,0]/B:LYS116:O",3.793993935225588,True,True,True,235.5804443359375,370.739990234375,-135.1595458984375,True,True
expanded13,8FBE_B_ILE92__027__2,8FBE_B_ILE92,27,2,0.6465227,B,1,0.6465227,True,B,0.6465227,2.280953884124756,0.22909101843833923,-66.7399;-168.6487,g-/t,6.7399;11.3513,45.0000;60.0000,True,True,3.30565879685839,B:LYS93:N,1.3056587968583901,True,6.233883245585031,"sym2[1,1,0]/B:LYS116:O",4.233883245585031,True,True,True,150.04180908203125,149.9482879638672,0.0935211181640625,True,True
expanded13,8FBE_B_ILE92__028__0,8FBE_B_ILE92,28,0,0.64814967,B,0,0.64814967,True,B,0.64814967,2.281364917755127,0.22855257987976074,-66.7703;-168.6141,g-/t,6.7703;11.3859,45.0000;60.0000,True,True,3.305493430463649,B:LYS93:N,1.305493430463649,True,6.233943583631984,"sym2[1,1,0]/B:LYS116:O",4.233943583631984,True,True,True,150.0445556640625,149.9482879638672,0.0962677001953125,True,True
expanded13,8FBE_B_ILE92__028__3,8FBE_B_ILE92,28,3,0.34771088,A,1,0.34771088,True,A,0.34771088,0.4995247721672058,2.167433738708496,45.2433;-166.8657,g+/t,14.7567;13.1343,45.0000;60.0000,True,True,2.9348601456821193,B:LYS95:CB,0.9348601456821193,True,5.793990588733313,"sym2[1,1,0]/B:LYS116:O",3.7939905887333127,True,True,True,235.4913330078125,370.739990234375,-135.2486572265625,True,True
expanded13,8FBE_B_ILE92__029__1,8FBE_B_ILE92,29,1,0.64839941,B,0,0.64839941,True,B,0.64839941,2.2813355922698975,0.2286502867937088,-66.7648;-168.6092,g-/t,6.7648;11.3908,45.0000;60.0000,True,True,3.3055272048518347,B:LYS93:N,1.3055272048518347,True,6.233979207710813,"sym2[1,1,0]/B:LYS116:O",4.233979207710813,True,True,True,150.0465545654297,149.9482879638672,0.0982666015625,True,True
expanded13,8FBE_B_ILE92__029__3,8FBE_B_ILE92,29,3,0.35036284,A,1,0.35036284,True,A,0.35036284,0.4994787871837616,2.1674835681915283,45.2489;-166.8607,g+/t,14.7511;13.1393,45.0000;60.0000,True,True,2.93474573173121,B:LYS95:CB,0.9347457317312098,True,5.794011914205618,"sym2[1,1,0]/B:LYS116:O",3.794011914205618,True,True,True,235.5804443359375,370.739990234375,-135.1595458984375,True,True
expanded13,8FBE_B_ILE92__030__1,8FBE_B_ILE92,30,1,0.61397064,B,0,0.61397064,True,B,0.61397064,2.273009777069092,0.24261660873889923,-65.9992;-168.9547,g-/t,5.9992;11.0453,45.0000;60.0000,True,True,3.3096575303191034,B:LYS93:N,1.3096575303191034,True,6.23478186727797,"sym2[1,1,0]/B:LYS116:O",4.23478186727797,True,True,True,149.91323852539062,149.9482879638672,-0.0350494384765625,True,True
expanded13,8FBE_B_ILE92__030__3,8FBE_B_ILE92,30,3,0.35069615,A,1,0.35069615,True,A,0.35069615,0.49937841296195984,2.1676089763641357,45.2628;-166.8471,g+/t,14.7372;13.1529,45.0000;60.0000,True,True,2.9344596861538403,B:LYS95:CB,0.9344596861538403,True,5.794081359614472,"sym2[1,1,0]/B:LYS116:O",3.794081359614472,True,True,True,235.5804443359375,370.739990234375,-135.1595458984375,True,True
expanded13,8FBE_B_ILE92__031__1,8FBE_B_ILE92,31,1,0.63807464,B,0,0.63807464,True,B,0.63807464,2.2803163528442383,0.23068317770957947,-66.6505;-168.6074,g-/t,6.6505;11.3926,45.0000;60.0000,True,True,3.3061314207630974,B:LYS93:N,1.3061314207630974,True,6.2343439946655925,"sym2[1,1,0]/B:LYS116:O",4.2343439946655925,True,True,True,150.03994750976562,149.9482879638672,0.0916595458984375,True,True
expanded13,8FBE_B_ILE92__031__2,8FBE_B_ILE92,31,2,0.33945173,A,1,0.33945173,True,A,0.33945173,0.49980801343917847,2.167327404022217,45.2361;-166.8520,g+/t,14.7639;13.1480,45.0000;60.0000,True,True,2.9350092241911088,B:LYS95:CB,0.9350092241911088,True,5.794252793725188,"sym2[1,1,0]/B:LYS116:O",3.794252793725188,True,True,True,235.45387268066406,370.739990234375,-135.28611755371094,True,True
expanded13,8FBE_B_ILE92__032__1,8FBE_B_ILE92,32,1,0.63426447,B,0,0.63426447,True,B,0.63426447,2.28031325340271,0.23036949336528778,-66.6683;-168.6476,g-/t,6.6683;11.3524,45.0000;60.0000,True,True,3.306038246795319,B:LYS93:N,1.3060382467953189,True,6.2341104332683965,"sym2[1,1,0]/B:LYS116:O",4.2341104332683965,True,True,True,150.03768920898438,149.9482879638672,0.0894012451171875,True,True
expanded13,8FBE_B_ILE92__032__2,8FBE_B_ILE92,32,2,0.33967769,A,1,0.33967769,True,A,0.33967769,0.49995526671409607,2.167231321334839,45.2270;-166.8537,g+/t,14.7730;13.1463,45.0000;60.0000,True,True,2.9351967650269772,B:LYS95:CB,0.9351967650269772,True,5.794310937764801,"sym2[1,1,0]/B:LYS116:O",3.794310937764801,True,True,True,235.32933044433594,370.739990234375,-135.41065979003906,True,True
expanded13,8FBE_B_ILE92__033__1,8FBE_B_ILE92,33,1,0.57426578,B,0,0.633555753,True,B,0.633555753,2.267765760421753,0.25150027871131897,-65.5326;-169.1919,g-/t,5.5326;10.8081,45.0000;60.0000,True,True,3.312244240979207,B:LYS93:N,1.312244240979207,True,6.235110049427184,"sym2[1,1,0]/B:LYS116:O",4.235110049427184,True,True,True,149.8247833251953,149.9482879638672,-0.123504638671875,True,True
expanded13,8FBE_B_ILE92__033__2,8FBE_B_ILE92,33,2,0.33531415,A,1,0.33531415,True,A,0.33531415,0.49998629093170166,2.16736102104187,45.2443;-166.8228,g+/t,14.7557;13.1772,45.0000;60.0000,True,True,2.9348383570884407,B:LYS95:CB,0.9348383570884407,True,5.794599274981878,"sym2[1,1,0]/B:LYS116:O",3.794599274981878,True,True,True,235.39096069335938,370.739990234375,-135.34902954101562,True,True
expanded13,8FBE_B_ILE92__033__3,8FBE_B_ILE92,33,3,0.059289973,merged_duplicate,0,0.633555753,False,B,0.0,2.3702034950256348,0.1697809249162674,-76.1894;-165.2793,g-/t,16.1894;14.7207,45.0000;60.0000,True,True,3.2676743570199505,B:LYS93:N,1.2676743570199505,True,6.123214518202843,"sym2[1,1,0]/B:LYS116:CD",4.123214518202843,True,True,True,360.55169677734375,nan,nan,False,False
expanded13,8FBE_B_ILE92__034__0,8FBE_B_ILE92,34,0,0.34430835,A,0,0.34430835,True,A,0.34430835,0.4996036887168884,2.1673731803894043,45.2374;-166.8683,g+/t,14.7626;13.1317,45.0000;60.0000,True,True,2.9349830428352064,B:LYS95:CB,0.9349830428352064,True,5.794008006991862,"sym2[1,1,0]/B:LYS116:O",3.794008006991862,True,True,True,235.4871826171875,370.739990234375,-135.2528076171875,True,True
expanded13,8FBE_B_ILE92__034__1,8FBE_B_ILE92,34,1,0.64862424,B,1,0.64862424,True,B,0.64862424,2.2812705039978027,0.22868752479553223,-66.7627;-168.6209,g-/t,6.7627;11.3791,45.0000;60.0000,True,True,3.305537900740052,B:LYS93:N,1.305537900740052,True,6.233938229413119,"sym2[1,1,0]/B:LYS116:O",4.233938229413119,True,True,True,150.0465545654297,149.9482879638672,0.0982666015625,True,True
expanded13,8FBE_B_ILE92__035__0,8FBE_B_ILE92,35,0,0.31239891,A,0,0.31239891,True,A,0.31239891,0.5015864372253418,2.1661651134490967,45.1254;-166.8728,g+/t,14.8746;13.1272,45.0000;60.0000,True,True,2.9372874217306193,B:LYS95:CB,0.9372874217306193,True,5.794953892787893,"sym2[1,1,0]/B:LYS116:O",3.794953892787893,True,True,True,234.947021484375,370.739990234375,-135.79296875,True,True
expanded13,8FBE_B_ILE92__035__1,8FBE_B_ILE92,35,1,0.64625293,B,1,0.64625293,True,B,0.64625293,2.2824974060058594,0.2261919528245926,-66.9034;-168.6295,g-/t,6.9034;11.3705,45.0000;60.0000,True,True,3.3047941280602435,B:LYS93:N,1.3047941280602435,True,6.233468387945862,"sym2[1,1,0]/B:LYS116:O",4.233468387945862,True,True,True,150.05242919921875,149.9482879638672,0.1041412353515625,True,True
expanded13,8FBE_B_ILE92__036__0,8FBE_B_ILE92,36,0,0.64676434,B,0,0.64676434,True,B,0.64676434,2.2823195457458496,0.2282411754131317,-66.7891;-168.4200,g-/t,6.7891;11.5800,45.0000;60.0000,True,True,3.3053958847430414,B:LYS93:N,1.3053958847430414,True,6.234738239950439,"sym2[1,1,0]/B:LYS116:O",4.234738239950439,True,True,True,150.1065673828125,149.9482879638672,0.1582794189453125,True,True
expanded13,8FBE_B_ILE92__036__2,8FBE_B_ILE92,36,2,0.34057906,A,1,0.34057906,True,A,0.34057906,0.5000233054161072,2.1670150756835938,45.2004;-166.8909,g+/t,14.7996;13.1091,45.0000;60.0000,True,True,2.9357441591445537,B:LYS95:CB,0.9357441591445537,True,5.7940127567964375,"sym2[1,1,0]/B:LYS116:O",3.7940127567964375,True,True,True,235.31053161621094,370.739990234375,-135.42945861816406,True,True
expanded13,8FBE_B_ILE92__037__2,8FBE_B_ILE92,37,2,0.63055038,B,0,0.63055038,True,B,0.63055038,2.2795825004577637,0.22913357615470886,-66.7398;-168.9897,g-/t,6.7398;11.0103,45.0000;60.0000,True,True,3.3056582750182364,B:LYS93:N,1.3056582750182364,True,6.2324294446952235,"sym2[1,1,0]/B:LYS116:O",4.2324294446952235,True,True,True,149.95921325683594,149.9482879638672,0.01092529296875,True,True
expanded13,8FBE_B_ILE92__037__3,8FBE_B_ILE92,37,3,0.33685774,A,1,0.33685774,True,A,0.33685774,0.5001353025436401,2.1671576499938965,45.2213;-166.8467,g+/t,14.7787;13.1533,45.0000;60.0000,True,True,2.935312200001105,B:LYS95:CB,0.9353122000011052,True,5.794464329899758,"sym2[1,1,0]/B:LYS116:O",3.794464329899758,True,True,True,235.32933044433594,370.739990234375,-135.41065979003906,True,True
expanded13,8FBE_B_ILE92__038__1,8FBE_B_ILE92,38,1,0.64559418,B,0,0.64559418,True,B,0.64559418,2.281029224395752,0.22858256101608276,-66.7685;-168.6937,g-/t,6.7685;11.3063,45.0000;60.0000,True,True,3.305506378453173,B:LYS93:N,1.305506378453173,True,6.2336021809139375,"sym2[1,1,0]/B:LYS116:O",4.2336021809139375,True,True,True,150.0251922607422,149.9482879638672,0.076904296875,True,True
expanded13,8FBE_B_ILE92__038__3,8FBE_B_ILE92,38,3,0.34974754,A,1,0.34974754,True,A,0.34974754,0.49961966276168823,2.1674389839172363,45.2463;-166.8524,g+/t,14.7537;13.1476,45.0000;60.0000,True,True,2.934799521455428,B:LYS95:CB,0.9347995214554281,True,5.7941582083788195,"sym2[1,1,0]/B:LYS116:O",3.7941582083788195,True,True,True,235.59922790527344,370.739990234375,-135.14076232910156,True,True
expanded13,8FBE_B_ILE92__039__0,8FBE_B_ILE92,39,0,0.33014295,A,0,0.33014295,True,A,0.33014295,0.5000274777412415,2.1675174236297607,45.2655;-166.7847,g+/t,14.7345;13.2153,45.0000;60.0000,True,True,2.9344048860932355,B:LYS95:CB,0.9344048860932355,True,5.794958849672989,"sym2[1,1,0]/B:LYS116:O",3.794958849672989,True,True,True,235.4982147216797,370.739990234375,-135.2417755126953,True,True
expanded13,8FBE_B_ILE92__039__1,8FBE_B_ILE92,39,1,0.053236537,other,1,0.053236537,True,other,0.053236537,2.4481093883514404,0.36921167373657227,-92.1937;-170.5045,g-/t,32.1937;9.4955,45.0000;60.0000,True,True,3.2613271304615266,B:LYS93:N,1.2613271304615266,True,5.8529548233642,"sym2[1,1,0]/B:LYS116:CD",3.8529548233642004,True,True,True,369.4296875,nan,nan,False,False
expanded13,8FBE_B_ILE92__039__3,8FBE_B_ILE92,39,3,0.57472068,B,2,0.57472068,True,B,0.57472068,2.2639567852020264,0.24754102528095245,-65.8785;-170.9585,g-/t,5.8785;9.0415,45.0000;60.0000,True,True,3.3103195055189567,B:LYS93:N,1.3103195055189567,True,6.2275117628596925,"sym2[1,1,0]/B:LYS116:O",4.2275117628596925,True,True,True,149.4304962158203,149.9482879638672,-0.517791748046875,True,True
expanded13,8FBE_B_ILE92__040__1,8FBE_B_ILE92,40,1,0.33519071,A,0,0.33519071,True,A,0.33519071,0.5002649426460266,2.1670780181884766,45.2140;-166.8471,g+/t,14.7860;13.1529,45.0000;60.0000,True,True,2.9354655384117594,B:LYS95:CB,0.9354655384117594,True,5.794524567270098,"sym2[1,1,0]/B:LYS116:O",3.7945245672700976,True,True,True,235.2621612548828,370.739990234375,-135.4778289794922,True,True
expanded13,8FBE_B_ILE92__040__2,8FBE_B_ILE92,40,2,0.62442428,B,1,0.62442428,True,B,0.62442428,2.2775790691375732,0.2303251028060913,-66.6818;-169.3613,g-/t,6.6818;10.6387,45.0000;60.0000,True,True,3.305965491577882,B:LYS93:N,1.305965491577882,True,6.231085628837402,"sym2[1,1,0]/B:LYS116:O",4.231085628837402,True,True,True,149.8662567138672,149.9482879638672,-0.08203125,True,True
expanded13,8FBE_B_ILE92__041__2,8FBE_B_ILE92,41,2,0.63472319,B,0,0.63472319,True,B,0.63472319,2.2797048091888428,0.22866977751255035,-66.7660;-169.0183,g-/t,6.7660;10.9817,45.0000;60.0000,True,True,3.3055179097195038,B:LYS93:N,1.3055179097195038,True,6.23223465226943,"sym2[1,1,0]/B:LYS116:O",4.23223465226943,True,True,True,149.94801330566406,149.9482879638672,-0.000274658203125,True,True
expanded13,8FBE_B_ILE92__041__3,8FBE_B_ILE92,41,3,0.34048447,A,1,0.34048447,True,A,0.34048447,0.49993598461151123,2.167262554168701,45.2306;-166.8496,g+/t,14.7694;13.1504,45.0000;60.0000,True,True,2.935123245345032,B:LYS95:CB,0.9351232453450322,True,5.794337555282581,"sym2[1,1,0]/B:LYS116:O",3.7943375552825813,True,True,True,235.45387268066406,370.739990234375,-135.28611755371094,True,True
expanded13,8FBE_B_ILE92__042__1,8FBE_B_ILE92,42,1,0.64802873,B,0,0.64802873,True,B,0.64802873,2.281327724456787,0.2286994457244873,-66.7620;-168.6051,g-/t,6.7620;11.3949,45.0000;60.0000,True,True,3.3055442275851856,B:LYS93:N,1.3055442275851856,True,6.234009906677173,"sym2[1,1,0]/B:LYS116:O",4.234009906677173,True,True,True,150.0465545654297,149.9482879638672,0.0982666015625,True,True
expanded13,8FBE_B_ILE92__042__2,8FBE_B_ILE92,42,2,0.34912351,A,1,0.34912351,True,A,0.34912351,0.49952974915504456,2.1674396991729736,45.2443;-166.8636,g+/t,14.7557;13.1364,45.0000;60.0000,True,True,2.9348379596603698,B:LYS95:CB,0.9348379596603698,True,5.794009326960543,"sym2[1,1,0]/B:LYS116:O",3.794009326960543,True,True,True,235.4913330078125,370.739990234375,-135.2486572265625,True,True
expanded13,8FBE_B_ILE92__043__1,8FBE_B_ILE92,43,1,0.34048033,A,0,0.34048033,True,A,0.34048033,0.49974849820137024,2.1673779487609863,45.2412;-166.8491,g+/t,14.7588;13.1509,45.0000;60.0000,True,True,2.9349052759290006,B:LYS95:CB,0.9349052759290006,True,5.794251912258988,"sym2[1,1,0]/B:LYS116:O",3.7942519122589884,True,True,True,235.4580078125,370.739990234375,-135.281982421875,True,True
expanded13,8FBE_B_ILE92__043__2,8FBE_B_ILE92,43,2,0.63889235,B,1,0.63889235,True,B,0.63889235,2.2803521156311035,0.2307164967060089,-66.6487;-168.5944,g-/t,6.6487;11.4056,45.0000;60.0000,True,True,3.3061425448469954,B:LYS93:N,1.3061425448469954,True,6.234404064645702,"sym2[1,1,0]/B:LYS116:O",4.234404064645702,True,True,True,150.04150390625,149.9482879638672,0.0932159423828125,True,True
expanded13,8FBE_B_ILE92__044__2,8FBE_B_ILE92,44,2,0.34302685,A,0,0.34302685,True,A,0.34302685,0.4999205470085144,2.167368173599243,45.2438;-166.8294,g+/t,14.7562;13.1706,45.0000;60.0000,True,True,2.9348514853254803,B:LYS95:CB,0.9348514853254803,True,5.794509729932988,"sym2[1,1,0]/B:LYS116:O",3.7945097299329884,True,True,True,235.4580078125,370.739990234375,-135.281982421875,True,True
expanded13,8FBE_B_ILE92__044__3,8FBE_B_ILE92,44,3,0.62095809,B,1,0.62095809,True,B,0.62095809,2.2744503021240234,0.23686327040195465,-66.3251;-169.3348,g-/t,6.3251;10.6652,45.0000;60.0000,True,True,3.3078791163203096,B:LYS93:N,1.3078791163203096,True,6.2322400595357905,"sym2[1,1,0]/B:LYS116:O",4.2322400595357905,True,True,True,149.84378051757812,149.9482879638672,-0.1045074462890625,True,True
expanded13,8FBE_B_ILE92__045__0,8FBE_B_ILE92,45,0,0.34858376,A,0,0.34858376,True,A,0.34858376,0.49949365854263306,2.167471408843994,45.2477;-166.8614,g+/t,14.7523;13.1386,45.0000;60.0000,True,True,2.9347705016655525,B:LYS95:CB,0.9347705016655525,True,5.7940119924983655,"sym2[1,1,0]/B:LYS116:O",3.7940119924983655,True,True,True,235.5804443359375,370.739990234375,-135.1595458984375,True,True
expanded13,8FBE_B_ILE92__045__1,8FBE_B_ILE92,45,1,0.64486039,B,1,0.64486039,True,B,0.64486039,2.280681848526001,0.22994078695774078,-66.6923;-168.6097,g-/t,6.6923;11.3903,45.0000;60.0000,True,True,3.305908000127352,B:LYS93:N,1.305908000127352,True,6.23419970141985,"sym2[1,1,0]/B:LYS116:O",4.23419970141985,True,True,True,150.03955078125,149.9482879638672,0.0912628173828125,True,True
expanded13,8FBE_B_ILE92__046__1,8FBE_B_ILE92,46,1,0.83798987,B,0,0.83798987,True,B,0.83798987,2.304807186126709,0.14419768750667572,-71.5330;-173.5669,g-/t,11.5330;6.4331,45.0000;60.0000,True,True,3.283327210790402,B:LYS93:N,1.283327210790402,True,6.205522236646644,"sym2[1,1,0]/B:LYS116:O",4.205522236646644,True,True,True,149.55555725097656,149.9482879638672,-0.392730712890625,True,True
expanded13,8FBE_B_ILE92__046__3,8FBE_B_ILE92,46,3,0.15452252,other,1,0.15452252,True,other,0.15452252,1.9537428617477417,1.4618189334869385,-39.7026;103.9822,g-/g+,20.2974;43.9822,45.0000;60.0000,True,True,3.4255198355044514,B:LYS93:N,1.4255198355044514,True,6.286718068633375,"sym2[1,1,0]/B:LYS116:CD",4.286718068633375,True,True,True,360.4048767089844,nan,nan,False,False
expanded13,8FBE_B_ILE92__047__1,8FBE_B_ILE92,47,1,0.63038224,B,0,0.63038224,True,B,0.63038224,2.2795422077178955,0.22920973598957062,-66.7356;-168.9902,g-/t,6.7356;11.0098,45.0000;60.0000,True,True,3.3056833002952346,B:LYS93:N,1.3056833002952346,True,6.232439515510116,"sym2[1,1,0]/B:LYS116:O",4.232439515510116,True,True,True,149.95921325683594,149.9482879638672,0.01092529296875,True,True
expanded13,8FBE_B_ILE92__047__2,8FBE_B_ILE92,47,2,0.33773285,A,1,0.33773285,True,A,0.33773285,0.5001450777053833,2.167142629623413,45.2196;-166.8487,g+/t,14.7804;13.1513,45.0000;60.0000,True,True,2.935347043943379,B:LYS95:CB,0.9353470439433789,True,5.794449172591261,"sym2[1,1,0]/B:LYS116:O",3.7944491725912606,True,True,True,235.32933044433594,370.739990234375,-135.41065979003906,True,True
expanded13,8FBE_B_ILE92__048__1,8FBE_B_ILE92,48,1,0.61559355,B,0,0.61559355,True,B,0.61559355,2.2761683464050293,0.23340816795825958,-66.5126;-169.3309,g-/t,6.5126;10.6691,45.0000;60.0000,True,True,3.3068696934426254,B:LYS93:N,1.3068696934426254,True,6.231703944706616,"sym2[1,1,0]/B:LYS116:O",4.231703944706616,True,True,True,149.8556671142578,149.9482879638672,-0.092620849609375,True,True
expanded13,8FBE_B_ILE92__048__3,8FBE_B_ILE92,48,3,0.32954887,A,1,0.32954887,True,A,0.32954887,0.5004147887229919,2.1670420169830322,45.2128;-166.8355,g+/t,14.7872;13.1645,45.0000;60.0000,True,True,2.935488900814623,B:LYS95:CB,0.9354889008146232,True,5.794704827967139,"sym2[1,1,0]/B:LYS116:O",3.7947048279671387,True,True,True,235.2621612548828,370.739990234375,-135.4778289794922,True,True
expanded13,8FBE_B_ILE92__049__2,8FBE_B_ILE92,49,2,0.35043427,A,0,0.35043427,True,A,0.35043427,0.49946287274360657,2.167484760284424,45.2488;-166.8623,g+/t,14.7512;13.1377,45.0000;60.0000,True,True,2.9347475395536677,B:LYS95:CB,0.9347475395536677,True,5.793989303860415,"sym2[1,1,0]/B:LYS116:O",3.793989303860415,True,True,True,235.5804443359375,370.739990234375,-135.1595458984375,True,True
expanded13,8FBE_B_ILE92__049__3,8FBE_B_ILE92,49,3,0.64839309,B,1,0.64839309,True,B,0.64839309,2.2813384532928467,0.22864319384098053,-66.7651;-168.6093,g-/t,6.7651;11.3907,45.0000;60.0000,True,True,3.305524503278721,B:LYS93:N,1.305524503278721,True,6.233977994821421,"sym2[1,1,0]/B:LYS116:O",4.233977994821421,True,True,True,150.0465545654297,149.9482879638672,0.0982666015625,True,True
expanded13,7T7A_A_LEU396__000__2,7T7A_A_LEU396,0,2,0.59445381,B,0,0.59445381,True,B,0.59445381,1.6807281970977783,0.030325209721922874,-68.9209;-178.0952,g-/t,8.9209;1.9048,45.0000;60.0000,True,True,3.352060949872392,A:ASP397:N,1.3520609498723921,True,3.354083077093707,"sym3[0,-1,1]/A:GLN575:NE2",1.3540830770937071,True,True,True,33.76081466674805,35.04841995239258,-1.2876052856445312,True,True
expanded13,7T7A_A_LEU396__000__3,7T7A_A_LEU396,0,3,0.34272802,A,1,0.34272802,True,A,0.34272802,0.11379574984312057,1.7083117961883545,-170.9727;64.0170,t/g+,9.0273;4.0170,45.0000;60.0000,True,True,3.352060949872392,A:ASP397:N,1.3520609498723921,True,3.392932662128387,"sym3[0,-1,1]/A:GLN575:NE2",1.3929326621283868,True,True,True,34.831947326660156,35.175498962402344,-0.3435516357421875,True,True
expanded13,7T7A_A_LEU396__001__0,7T7A_A_LEU396,1,0,0.58317155,B,0,0.58317155,True,B,0.58317155,1.6978224515914917,0.03702276945114136,-68.0304;-177.5697,g-/t,8.0304;2.4303,45.0000;60.0000,True,True,3.352060949872392,A:ASP397:N,1.3520609498723921,True,3.35346803153479,"sym3[0,-1,1]/A:GLN575:NE2",1.3534680315347898,True,True,True,33.776084899902344,35.04841995239258,-1.2723350524902344,True,True
expanded13,7T7A_A_LEU396__001__2,7T7A_A_LEU396,1,2,0.347738,A,1,0.347738,True,A,0.347738,0.1284915655851364,1.7428851127624512,-172.6248;65.5877,t/g+,7.3752;5.5877,45.0000;60.0000,True,True,3.352060949872392,A:ASP397:N,1.3520609498723921,True,3.3847216243956826,"sym3[0,-1,1]/A:GLN575:NE2",1.3847216243956826,True,True,True,34.91757583618164,35.175498962402344,-0.2579231262207031,True,True
expanded13,7T7A_A_LEU396__002__1,7T7A_A_LEU396,2,1,0.6102432,B,0,0.6102432,True,B,0.6102432,1.6800459623336792,0.022698158398270607,-68.9856;-177.6570,g-/t,8.9856;2.3430,45.0000;60.0000,True,True,3.352060949872392,A:ASP397:N,1.3520609498723921,True,3.3578394176889796,"sym3[0,-1,1]/A:GLN575:NE2",1.3578394176889796,True,True,True,33.80959701538086,35.04841995239258,-1.2388229370117188,True,True
expanded13,7T7A_A_LEU396__002__2,7T7A_A_LEU396,2,2,0.37378156,A,1,0.37378156,True,A,0.37378156,0.09697303920984268,1.720671534538269,-171.4060;65.9583,t/g+,8.5940;5.9583,45.0000;60.0000,True,True,3.352060949872392,A:ASP397:N,1.3520609498723921,True,3.39151389554953,"sym3[0,-1,1]/A:GLN575:NE2",1.3915138955495299,True,True,True,34.93207931518555,35.175498962402344,-0.24341964721679688,True,True
expanded13,7T7A_A_LEU396__003__0,7T7A_A_LEU396,3,0,0.6692692,B,0,0.6692692,True,B,0.6692692,1.6471725702285767,0.07923458516597748,-70.6670;179.9012,g-/t,10.6670;0.0988,45.0000;60.0000,True,True,3.352060949872392,A:ASP397:N,1.3520609498723921,True,3.3493448234447114,"sym3[0,-1,1]/A:GLN575:NE2",1.3493448234447114,True,True,True,33.66558837890625,35.04841995239258,-1.3828315734863281,True,True
expanded13,7T7A_A_LEU396__003__1,7T7A_A_LEU396,3,1,0.24789275,other,1,0.24789275,True,other,0.24789275,1.366828441619873,2.3399505615234375,-166.3941;155.4213,t/t,13.6059;24.5787,45.0000;60.0000,True,True,3.352060949872392,A:ASP397:N,1.3520609498723921,True,2.9577224484360363,"sym3[0,-1,1]/A:PHE571:CE2",0.9577224484360363,True,True,True,39.430633544921875,nan,nan,False,False
expanded13,7T7A_A_LEU396__004__1,7T7A_A_LEU396,4,1,0.54045773,B,0,0.54045773,True,B,0.54045773,1.8902391195297241,0.5769881010055542,-92.8106;35.4798,g-/g+,32.8106;24.5202,45.0000;60.0000,True,True,3.352060949872392,A:ASP397:N,1.3520609498723921,True,3.4845224857555084,"sym3[0,-1,1]/A:GLN575:NE2",1.4845224857555084,True,True,True,37.462589263916016,35.04841995239258,2.4141693115234375,False,False
expanded13,7T7A_A_LEU396__004__2,7T7A_A_LEU396,4,2,0.40396219,A,1,0.40396219,True,A,0.40396219,0.03335370868444443,1.670005202293396,-168.5450;67.2408,t/g+,11.4550;7.2408,45.0000;60.0000,True,True,3.352060949872392,A:ASP397:N,1.3520609498723921,True,3.408529598327488,"sym3[0,-1,1]/A:GLN575:NE2",1.4085295983274881,True,True,True,35.012657165527344,35.175498962402344,-0.162841796875,True,True
expanded13,7T7A_A_LEU396__005__0,7T7A_A_LEU396,5,0,0.069734231,other,0,0.069734231,True,other,0.069734231,2.186699867248535,1.0059845447540283,-77.6056;57.5191,g-/g+,17.6056;2.4809,45.0000;60.0000,True,True,3.011381697774097,A:HOH970:O,1.0113816977740968,True,3.3942269674837604,"sym3[0,-1,1]/A:GLN575:NE2",1.3942269674837604,True,True,True,36.73711013793945,nan,nan,False,False
expanded13,7T7A_A_LEU396__005__1,7T7A_A_LEU396,5,1,0.51300097,B,1,0.51300097,True,B,0.51300097,1.903841257095337,0.5940354466438293,-92.0942;36.6781,g-/g+,32.0942;23.3219,45.0000;60.0000,True,True,3.352060949872392,A:ASP397:N,1.3520609498723921,True,3.471482905282207,"sym3[0,-1,1]/A:GLN575:NE2",1.471482905282207,True,True,True,37.17068099975586,35.04841995239258,2.1222610473632812,False,False
expanded13,7T7A_A_LEU396__005__2,7T7A_A_LEU396,5,2,0.40324247,A,2,0.40324247,True,A,0.40324247,0.029480602592229843,1.6643157005310059,-168.1969;67.5289,t/g+,11.8031;7.5289,45.0000;60.0000,True,True,3.352060949872392,A:ASP397:N,1.3520609498723921,True,3.4109729743674326,"sym3[0,-1,1]/A:GLN575:NE2",1.4109729743674326,True,True,True,35.036922454833984,35.175498962402344,-0.13857650756835938,True,True
expanded13,7T7A_A_LEU396__006__1,7T7A_A_LEU396,6,1,0.37073711,A,0,0.37073711,True,A,0.37073711,0.10018429905176163,1.723238468170166,-171.5437;65.9424,t/g+,8.4563;5.9424,45.0000;60.0000,True,True,3.352060949872392,A:ASP397:N,1.3520609498723921,True,3.390770471976947,"sym3[0,-1,1]/A:GLN575:NE2",1.3907704719769471,True,True,True,34.93389129638672,35.175498962402344,-0.241607666015625,True,True
expanded13,7T7A_A_LEU396__006__3,7T7A_A_LEU396,6,3,0.60637492,B,1,0.60637492,True,B,0.60637492,1.6856622695922852,0.024211322888731956,-68.6891;-177.5553,g-/t,8.6891;2.4447,45.0000;60.0000,True,True,3.352060949872392,A:ASP397:N,1.3520609498723921,True,3.3570919773610224,"sym3[0,-1,1]/A:GLN575:NE2",1.3570919773610224,True,True,True,33.80741500854492,35.04841995239258,-1.2410049438476562,True,True
expanded13,7T7A_A_LEU396__007__0,7T7A_A_LEU396,7,0,0.60708743,B,0,0.60708743,True,B,0.60708743,1.6804015636444092,0.023879950866103172,-68.9622;-177.7204,g-/t,8.9622;2.2796,45.0000;60.0000,True,True,3.352060949872392,A:ASP397:N,1.3520609498723921,True,3.3572116731717614,"sym3[0,-1,1]/A:GLN575:NE2",1.3572116731717614,True,True,True,33.8045539855957,35.04841995239258,-1.243865966796875,True,True
expanded13,7T7A_A_LEU396__007__3,7T7A_A_LEU396,7,3,0.37175742,A,1,0.37175742,True,A,0.37175742,0.09966229647397995,1.7235037088394165,-171.5499;66.0047,t/g+,8.4501;6.0047,45.0000;60.0000,True,True,3.352060949872392,A:ASP397:N,1.3520609498723921,True,3.3907956094322085,"sym3[0,-1,1]/A:GLN575:NE2",1.3907956094322085,True,True,True,34.93415832519531,35.175498962402344,-0.24134063720703125,True,True
expanded13,7T7A_A_LEU396__008__0,7T7A_A_LEU396,8,0,0.14299181,other,0,0.27379202999999996,True,other,0.27379202999999996,1.417868733406067,2.4976375102996826,-176.1461;155.0506,t/t,3.8539;24.9494,45.0000;60.0000,True,True,3.352060949872392,A:ASP397:N,1.3520609498723921,True,2.722203944564264,"sym3[0,-1,1]/A:PHE571:CE2",0.7222039445642641,True,True,True,38.78746795654297,nan,nan,False,False
expanded13,7T7A_A_LEU396__008__1,7T7A_A_LEU396,8,1,0.69990051,B,1,0.69990051,True,B,0.69990051,1.637499213218689,0.08336516469717026,-71.2040;-179.7400,g-/t,11.2040;0.2600,45.0000;60.0000,True,True,3.352060949872392,A:ASP397:N,1.3520609498723921,True,3.35450255845018,"sym3[0,-1,1]/A:GLN575:NE2",1.35450255845018,True,True,True,33.74287414550781,35.04841995239258,-1.3055458068847656,True,True
expanded13,7T7A_A_LEU396__008__3,7T7A_A_LEU396,8,3,0.13080022,other,0,0.27379202999999996,False,other,0.0,1.4207462072372437,2.5046002864837646,-176.6011;155.0012,t/t,3.3989;24.9988,45.0000;60.0000,True,True,3.352060949872392,A:ASP397:N,1.3520609498723921,True,2.7128986573855056,"sym3[0,-1,1]/A:PHE571:CE2",0.7128986573855056,True,True,True,38.732391357421875,nan,nan,False,False
expanded13,7T7A_A_LEU396__009__0,7T7A_A_LEU396,9,0,0.37234163,A,0,0.37234163,True,A,0.37234163,0.0754946693778038,1.7086052894592285,-170.6965;66.5067,t/g+,9.3035;6.5067,45.0000;60.0000,True,True,3.352060949872392,A:ASP397:N,1.3520609498723921,True,3.3959354353220177,"sym3[0,-1,1]/A:GLN575:NE2",1.3959354353220177,True,True,True,34.96421813964844,35.175498962402344,-0.21128082275390625,True,True
expanded13,7T7A_A_LEU396__009__3,7T7A_A_LEU396,9,3,0.60525692,B,1,0.60525692,True,B,0.60525692,1.6792399883270264,0.0226418599486351,-69.0285;-177.6665,g-/t,9.0285;2.3335,45.0000;60.0000,True,True,3.352060949872392,A:ASP397:N,1.3520609498723921,True,3.3579804370405917,"sym3[0,-1,1]/A:GLN575:NE2",1.3579804370405917,True,True,True,33.80946731567383,35.04841995239258,-1.23895263671875,True,True
expanded13,7T7A_A_LEU396__010__1,7T7A_A_LEU396,10,1,0.19225784,other,0,0.19225784,True,other,0.19225784,2.2292397022247314,1.156599760055542,-80.1438;-53.5454,g-/g-,20.1438;6.4546,45.0000;60.0000,True,True,2.9724865298249754,A:HOH970:O,0.9724865298249754,True,3.9480370772934474,"sym3[0,-1,1]/A:HOH762:O",1.9480370772934474,True,True,True,36.6707649230957,nan,nan,False,False
expanded13,7T7A_A_LEU396__010__2,7T7A_A_LEU396,10,2,0.35836923,A,1,0.35836923,True,A,0.35836923,0.12411139905452728,1.7306503057479858,-172.0632;64.8105,t/g+,7.9368;4.8105,45.0000;60.0000,True,True,3.352060949872392,A:ASP397:N,1.3520609498723921,True,3.3873495440989445,"sym3[0,-1,1]/A:GLN575:NE2",1.3873495440989445,True,True,True,34.87245559692383,35.175498962402344,-0.3030433654785156,True,True
expanded13,7T7A_A_LEU396__010__3,7T7A_A_LEU396,10,3,0.41495097,B,2,0.41495097,True,B,0.41495097,1.862265944480896,0.5840152502059937,-94.0506;38.9603,g-/g+,34.0506;21.0397,45.0000;60.0000,True,True,3.352060949872392,A:ASP397:N,1.3520609498723921,True,3.4671256135858983,"sym3[0,-1,1]/A:GLN575:NE2",1.4671256135858983,True,True,True,36.996177673339844,35.04841995239258,1.9477577209472656,False,False
expanded13,7T7A_A_LEU396__011__0,7T7A_A_LEU396,11,0,0.59720773,B,0,0.59720773,True,B,0.59720773,1.689390778541565,0.027499394491314888,-68.4874;-177.5537,g-/t,8.4874;2.4463,45.0000;60.0000,True,True,3.352060949872392,A:ASP397:N,1.3520609498723921,True,3.35601465484997,"sym3[0,-1,1]/A:GLN575:NE2",1.3560146548499699,True,True,True,33.80009841918945,35.04841995239258,-1.248321533203125,True,True
expanded13,7T7A_A_LEU396__011__2,7T7A_A_LEU396,11,2,0.37137353,A,1,0.37137353,True,A,0.37137353,0.10190179198980331,1.7242348194122314,-171.6013;65.9017,t/g+,8.3987;5.9017,45.0000;60.0000,True,True,3.352060949872392,A:ASP397:N,1.3520609498723921,True,3.390423239107071,"sym3[0,-1,1]/A:GLN575:NE2",1.3904232391070712,True,True,True,34.92997741699219,35.175498962402344,-0.24552154541015625,True,True
expanded13,7T7A_A_LEU396__012__1,7T7A_A_LEU396,12,1,0.62325472,B,0,0.62325472,True,B,0.62325472,1.678636074066162,0.019909193739295006,-69.0711;-177.5146,g-/t,9.0711;2.4854,45.0000;60.0000,True,True,3.352060949872392,A:ASP397:N,1.3520609498723921,True,3.359413288720023,"sym3[0,-1,1]/A:GLN575:NE2",1.359413288720023,True,True,True,33.829734802246094,35.04841995239258,-1.2186851501464844,True,True
expanded13,7T7A_A_LEU396__012__2,7T7A_A_LEU396,12,2,0.36466724,A,1,0.36466724,True,A,0.36466724,0.10480299592018127,1.7260226011276245,-171.7032;65.8422,t/g+,8.2968;5.8422,45.0000;60.0000,True,True,3.352060949872392,A:ASP397:N,1.3520609498723921,True,3.389829580139336,"sym3[0,-1,1]/A:GLN575:NE2",1.3898295801393359,True,True,True,34.9256591796875,35.175498962402344,-0.24983978271484375,True,True
expanded13,7T7A_A_LEU396__013__1,7T7A_A_LEU396,13,1,0.36209318,A,0,0.36209318,True,A,0.36209318,0.09484109282493591,1.713494896888733,-171.0770;65.5495,t/g+,8.9230;5.5495,45.0000;60.0000,True,True,3.352060949872392,A:ASP397:N,1.3520609498723921,True,3.392882158522171,"sym3[0,-1,1]/A:GLN575:NE2",1.3928821585221711,True,True,True,34.90391159057617,35.175498962402344,-0.2715873718261719,True,True
expanded13,7T7A_A_LEU396__013__2,7T7A_A_LEU396,13,2,0.6195218,B,1,0.6195218,True,B,0.6195218,1.6828954219818115,0.02517019212245941,-68.8264;-177.7349,g-/t,8.8264;2.2651,45.0000;60.0000,True,True,3.352060949872392,A:ASP397:N,1.3520609498723921,True,3.3563785644594146,"sym3[0,-1,1]/A:GLN575:NE2",1.3563785644594146,True,True,True,33.78740692138672,35.04841995239258,-1.2610130310058594,True,True
expanded13,7T7A_A_LEU396__014__1,7T7A_A_LEU396,14,1,0.62061673,B,0,0.62061673,True,B,0.62061673,1.6810909509658813,0.022643040865659714,-68.9310;-177.6315,g-/t,8.9310;2.3685,45.0000;60.0000,True,True,3.352060949872392,A:ASP397:N,1.3520609498723921,True,3.357748713971003,"sym3[0,-1,1]/A:GLN575:NE2",1.3577487139710032,True,True,True,33.807918548583984,35.04841995239258,-1.2405014038085938,True,True
expanded13,7T7A_A_LEU396__014__3,7T7A_A_LEU396,14,3,0.35423699,A,1,0.35423699,True,A,0.35423699,0.10699295997619629,1.7279062271118164,-171.8023;65.8458,t/g+,8.1977;5.8458,45.0000;60.0000,True,True,3.352060949872392,A:ASP397:N,1.3520609498723921,True,3.3893061968097324,"sym3[0,-1,1]/A:GLN575:NE2",1.3893061968097324,True,True,True,34.92592239379883,35.175498962402344,-0.24957656860351562,True,True
expanded13,7T7A_A_LEU396__015__1,7T7A_A_LEU396,15,1,0.35419342,A,0,0.35419342,True,A,0.35419342,0.11268739402294159,1.7278779745101929,-171.8511;65.4154,t/g+,8.1489;5.4154,45.0000;60.0000,True,True,3.352060949872392,A:ASP397:N,1.3520609498723921,True,3.388723095168563,"sym3[0,-1,1]/A:GLN575:NE2",1.388723095168563,True,True,True,34.89654541015625,35.175498962402344,-0.27895355224609375,True,True
expanded13,7T7A_A_LEU396__015__2,7T7A_A_LEU396,15,2,0.61345601,B,1,0.61345601,True,B,0.61345601,1.682541012763977,0.02357511594891548,-68.8514;-177.6471,g-/t,8.8514;2.3529,45.0000;60.0000,True,True,3.352060949872392,A:ASP397:N,1.3520609498723921,True,3.357208806740617,"sym3[0,-1,1]/A:GLN575:NE2",1.357208806740617,True,True,True,33.80128479003906,35.04841995239258,-1.2471351623535156,True,True
expanded13,7T7A_A_LEU396__016__2,7T7A_A_LEU396,16,2,0.59910768,B,0,0.59910768,True,B,0.59910768,1.6732587814331055,0.010789090767502785,-69.4015;-176.9399,g-/t,9.4015;3.0601,45.0000;60.0000,True,True,3.352060949872392,A:ASP397:N,1.3520609498723921,True,3.365813543121079,"sym3[0,-1,1]/A:GLN575:NE2",1.365813543121079,True,True,True,33.917537689208984,35.04841995239258,-1.1308822631835938,True,True
expanded13,7T7A_A_LEU396__016__3,7T7A_A_LEU396,16,3,0.37075201,A,1,0.37075201,True,A,0.37075201,0.1122678816318512,1.7317087650299072,-172.0099;65.7910,t/g+,7.9901;5.7910,45.0000;60.0000,True,True,3.352060949872392,A:ASP397:N,1.3520609498723921,True,3.388153230065486,"sym3[0,-1,1]/A:GLN575:NE2",1.3881532300654862,True,True,True,34.928497314453125,35.175498962402344,-0.24700164794921875,True,True
expanded13,7T7A_A_LEU396__017__0,7T7A_A_LEU396,17,0,0.37057343,A,0,0.37057343,True,A,0.37057343,0.10600871592760086,1.7273322343826294,-171.7692;65.8686,t/g+,8.2308;5.8686,45.0000;60.0000,True,True,3.352060949872392,A:ASP397:N,1.3520609498723921,True,3.3895047814783634,"sym3[0,-1,1]/A:GLN575:NE2",1.3895047814783634,True,True,True,34.927345275878906,35.175498962402344,-0.2481536865234375,True,True
expanded13,7T7A_A_LEU396__017__2,7T7A_A_LEU396,17,2,0.59125936,B,1,0.59125936,True,B,0.59125936,1.6891378164291382,0.02919754572212696,-68.4910;-177.7027,g-/t,8.4910;2.2973,45.0000;60.0000,True,True,3.352060949872392,A:ASP397:N,1.3520609498723921,True,3.354861039394016,"sym3[0,-1,1]/A:GLN575:NE2",1.3548610393940161,True,True,True,33.78426742553711,35.04841995239258,-1.2641525268554688,True,True
expanded13,7T7A_A_LEU396__018__0,7T7A_A_LEU396,18,0,0.60963464,B,0,0.60963464,True,B,0.60963464,1.6810699701309204,0.023739220574498177,-68.9275;-177.6979,g-/t,8.9275;2.3021,45.0000;60.0000,True,True,3.352060949872392,A:ASP397:N,1.3520609498723921,True,3.3572018099899625,"sym3[0,-1,1]/A:GLN575:NE2",1.3572018099899625,True,True,True,33.80272674560547,35.04841995239258,-1.2456932067871094,True,True
expanded13,7T7A_A_LEU396__018__1,7T7A_A_LEU396,18,1,0.37417132,A,1,0.37417132,True,A,0.37417132,0.09721291810274124,1.7205345630645752,-171.4023;65.9292,t/g+,8.5977;5.9292,45.0000;60.0000,True,True,3.352060949872392,A:ASP397:N,1.3520609498723921,True,3.391504324405083,"sym3[0,-1,1]/A:GLN575:NE2",1.391504324405083,True,True,True,34.931034088134766,35.175498962402344,-0.24446487426757812,True,True
expanded13,7T7A_A_LEU396__019__1,7T7A_A_LEU396,19,1,0.36001036,A,0,0.36001036,True,A,0.36001036,0.12806443870067596,1.7414288520812988,-172.5602;65.4754,t/g+,7.4398;5.4754,45.0000;60.0000,True,True,3.352060949872392,A:ASP397:N,1.3520609498723921,True,3.384996916384937,"sym3[0,-1,1]/A:GLN575:NE2",1.384996916384937,True,True,True,34.91249084472656,35.175498962402344,-0.26300811767578125,True,True
expanded13,7T7A_A_LEU396__019__2,7T7A_A_LEU396,19,2,0.57676911,B,1,0.57676911,True,B,0.57676911,1.6979445219039917,0.036057110875844955,-68.0330;-177.4466,g-/t,8.0330;2.5534,45.0000;60.0000,True,True,3.352060949872392,A:ASP397:N,1.3520609498723921,True,3.3544791637451192,"sym3[0,-1,1]/A:GLN575:NE2",1.3544791637451192,True,True,True,33.7869873046875,35.04841995239258,-1.2614326477050781,True,True
expanded13,7T7A_A_LEU396__020__1,7T7A_A_LEU396,20,1,0.41938871,B,0,0.41938871,True,B,0.41938871,1.8840579986572266,0.5978986620903015,-92.9867;39.0258,g-/g+,32.9867;20.9742,45.0000;60.0000,True,True,3.352060949872392,A:ASP397:N,1.3520609498723921,True,3.46112968310648,"sym3[0,-1,1]/A:GLN575:NE2",1.46112968310648,True,True,True,36.8831672668457,35.04841995239258,1.834747314453125,False,False
expanded13,7T7A_A_LEU396__020__2,7T7A_A_LEU396,20,2,0.20807537,other,1,0.20807537,True,other,0.20807537,2.2205698490142822,1.1324703693389893,-80.5156;-50.9491,g-/g-,20.5156;9.0509,45.0000;60.0000,True,True,2.96987283942546,A:HOH970:O,0.9698728394254599,True,3.9026681704407804,"sym3[0,-1,1]/A:HOH762:O",1.9026681704407804,True,True,True,36.820411682128906,nan,nan,False,False
expanded13,7T7A_A_LEU396__020__3,7T7A_A_LEU396,20,3,0.33417699,A,2,0.33417699,True,A,0.33417699,0.15386682748794556,1.7460490465164185,-172.9601;63.8905,t/g+,7.0399;3.8905,45.0000;60.0000,True,True,3.352060949872392,A:ASP397:N,1.3520609498723921,True,3.382757065789251,"sym3[0,-1,1]/A:GLN575:NE2",1.3827570657892512,True,True,True,34.83970260620117,35.175498962402344,-0.3357963562011719,True,True
expanded13,7T7A_A_LEU396__021__1,7T7A_A_LEU396,21,1,0.061547488,merged_duplicate,0,0.382815038,False,A,0.0,0.2849041521549225,1.4752700328826904,-159.5337;59.5318,t/g+,20.4663;0.4682,45.0000;60.0000,True,True,3.352060949872392,A:ASP397:N,1.3520609498723921,True,3.447045806855532,"sym3[0,-1,1]/A:GLN575:NE2",1.4470458068555319,True,True,True,35.11703872680664,nan,nan,False,False
expanded13,7T7A_A_LEU396__021__2,7T7A_A_LEU396,21,2,0.32126755,A,0,0.382815038,True,A,0.382815038,0.14778712391853333,1.7661300897598267,-173.7383;66.6420,t/g+,6.2617;6.6420,45.0000;60.0000,True,True,3.352060949872392,A:ASP397:N,1.3520609498723921,True,3.379642353068627,"sym3[0,-1,1]/A:GLN575:NE2",1.3796423530686268,True,True,True,35.01660919189453,35.175498962402344,-0.1588897705078125,True,True
expanded13,7T7A_A_LEU396__021__3,7T7A_A_LEU396,21,3,0.57990396,B,1,0.57990396,True,B,0.57990396,1.701912760734558,0.044145241379737854,-67.7925;-177.8014,g-/t,7.7925;2.1986,45.0000;60.0000,True,True,3.352060949872392,A:ASP397:N,1.3520609498723921,True,3.3503621904248617,"sym3[0,-1,1]/A:GLN575:NE2",1.3503621904248617,True,True,True,33.74142837524414,35.04841995239258,-1.3069915771484375,True,True
expanded13,7T7A_A_LEU396__022__0,7T7A_A_LEU396,22,0,0.62535375,B,0,0.62535375,True,B,0.62535375,1.6773635149002075,0.020497500896453857,-69.1370;-177.5588,g-/t,9.1370;2.4412,45.0000;60.0000,True,True,3.352060949872392,A:ASP397:N,1.3520609498723921,True,3.3594132819118117,"sym3[0,-1,1]/A:GLN575:NE2",1.3594132819118117,True,True,True,33.83147430419922,35.04841995239258,-1.2169456481933594,True,True
expanded13,7T7A_A_LEU396__022__2,7T7A_A_LEU396,22,2,0.36087477,A,1,0.36087477,True,A,0.36087477,0.11053970456123352,1.7307435274124146,-171.9538;65.8351,t/g+,8.0462;5.8351,45.0000;60.0000,True,True,3.352060949872392,A:ASP397:N,1.3520609498723921,True,3.388496350801643,"sym3[0,-1,1]/A:GLN575:NE2",1.3884963508016428,True,True,True,34.93230056762695,35.175498962402344,-0.24319839477539062,True,True
expanded13,7T7A_A_LEU396__023__1,7T7A_A_LEU396,23,1,0.62652546,B,0,0.62652546,True,B,0.62652546,1.6769471168518066,0.02101833187043667,-69.1572;-177.5897,g-/t,9.1572;2.4103,45.0000;60.0000,True,True,3.352060949872392,A:ASP397:N,1.3520609498723921,True,3.359260425533395,"sym3[0,-1,1]/A:GLN575:NE2",1.359260425533395,True,True,True,33.823158264160156,35.04841995239258,-1.2252616882324219,True,True
expanded13,7T7A_A_LEU396__023__3,7T7A_A_LEU396,23,3,0.3536095,A,1,0.3536095,True,A,0.3536095,0.115325927734375,1.7358219623565674,-172.2089;65.9499,t/g+,7.7911;5.9499,45.0000;60.0000,True,True,3.352060949872392,A:ASP397:N,1.3520609498723921,True,3.387234650896066,"sym3[0,-1,1]/A:GLN575:NE2",1.3872346508960658,True,True,True,34.94004821777344,35.175498962402344,-0.23545074462890625,True,True
expanded13,7T7A_A_LEU396__024__0,7T7A_A_LEU396,24,0,0.41535351,other,0,0.41535351,True,other,0.41535351,1.6836652755737305,1.4695042371749878,-109.1014;-79.5292,g-/g-,49.1014;19.5292,45.0000;60.0000,False,False,3.352060949872392,A:ASP397:N,1.3520609498723921,True,4.723698249179492,"sym3[0,-1,1]/A:HOH762:O",2.723698249179492,True,True,False,38.60660934448242,nan,nan,False,False
expanded13,7T7A_A_LEU396__024__1,7T7A_A_LEU396,24,1,0.16457623,other,1,0.21547287099999998,True,other,0.21547287099999998,1.562756061553955,2.658644676208496,172.4772;157.8250,t/t,7.5228;22.1750,45.0000;60.0000,True,True,3.352060949872392,A:ASP397:N,1.3520609498723921,True,2.603006231376268,"sym3[0,-1,1]/A:PHE571:CE2",0.6030062313762681,True,True,True,40.50326919555664,nan,nan,False,False
expanded13,7T7A_A_LEU396__024__2,7T7A_A_LEU396,24,2,0.36917362,other,2,0.36917362,True,other,0.36917362,2.205781936645508,1.0140036344528198,-76.5597;56.1471,g-/g+,16.5597;3.8529,45.0000;60.0000,True,True,2.9850680969276393,A:HOH970:O,0.9850680969276393,True,3.3803960826613455,"sym3[0,-1,1]/A:GLN575:NE2",1.3803960826613455,True,True,True,36.978668212890625,nan,nan,False,False
expanded13,7T7A_A_LEU396__024__3,7T7A_A_LEU396,24,3,0.050896641,other,1,0.21547287099999998,False,other,0.0,1.4777553081512451,2.5814268589019775,178.1535;155.8444,t/t,1.8465;24.1556,45.0000;60.0000,True,True,3.352060949872392,A:ASP397:N,1.3520609498723921,True,2.6388536193146797,"sym3[0,-1,1]/A:PHE571:CE2",0.6388536193146797,True,True,True,39.097808837890625,nan,nan,False,False
expanded13,7T7A_A_LEU396__025__0,7T7A_A_LEU396,25,0,0.21744615,A,0,0.21744615,True,A,0.21744615,0.9882755279541016,2.203747034072876,-160.6372;-78.7423,t/g-,19.3628;18.7423,45.0000;60.0000,True,True,3.352060949872392,A:ASP397:N,1.3520609498723921,True,3.152676772367865,"sym3[0,-1,1]/A:PHE571:CE2",1.1526767723678648,True,True,True,48.330055236816406,35.175498962402344,13.154556274414062,False,False
expanded13,7T7A_A_LEU396__025__1,7T7A_A_LEU396,25,1,0.060928266,other,1,0.13223816,False,other,0.0,1.4233391284942627,2.5858943462371826,177.9805;151.6121,t/t,2.0195;28.3879,45.0000;60.0000,True,True,3.352060949872392,A:ASP397:N,1.3520609498723921,True,2.588707901489139,"sym3[0,-1,1]/A:PHE571:CE2",0.5887079014891392,True,True,True,37.17691421508789,nan,nan,False,False
expanded13,7T7A_A_LEU396__025__2,7T7A_A_LEU396,25,2,0.6503157,B,2,0.6503157,True,B,0.6503157,1.6652847528457642,0.023530809208750725,-69.8023;-177.3475,g-/t,9.8023;2.6525,45.0000;60.0000,True,True,3.352060949872392,A:ASP397:N,1.3520609498723921,True,3.36456558980521,"sym3[0,-1,1]/A:GLN575:NE2",1.3645655898052098,True,True,True,33.897926330566406,35.04841995239258,-1.1504936218261719,True,True
expanded13,7T7A_A_LEU396__025__3,7T7A_A_LEU396,25,3,0.071309894,other,1,0.13223816,True,other,0.13223816,1.5270501375198364,2.6313512325286865,174.5399;156.8061,t/t,5.4601;23.1939,45.0000;60.0000,True,True,3.352060949872392,A:ASP397:N,1.3520609498723921,True,2.608712806992996,"sym3[0,-1,1]/A:PHE571:CE2",0.6087128069929961,True,True,True,39.72684860229492,nan,nan,False,False
expanded13,7T7A_A_LEU396__026__1,7T7A_A_LEU396,26,1,0.36708781,A,0,0.36708781,True,A,0.36708781,0.10871858894824982,1.7269036769866943,-171.7755;65.6260,t/g+,8.2245;5.6260,45.0000;60.0000,True,True,3.352060949872392,A:ASP397:N,1.3520609498723921,True,3.389271181187526,"sym3[0,-1,1]/A:GLN575:NE2",1.3892711811875258,True,True,True,34.91391372680664,35.175498962402344,-0.2615852355957031,True,True
expanded13,7T7A_A_LEU396__026__3,7T7A_A_LEU396,26,3,0.60300505,B,1,0.60300505,True,B,0.60300505,1.6816493272781372,0.03115934133529663,-68.8691;-178.1287,g-/t,8.8691;1.8713,45.0000;60.0000,True,True,3.352060949872392,A:ASP397:N,1.3520609498723921,True,3.3535531993257677,"sym3[0,-1,1]/A:GLN575:NE2",1.3535531993257677,True,True,True,33.7468376159668,35.04841995239258,-1.3015823364257812,True,True
expanded13,7T7A_A_LEU396__027__0,7T7A_A_LEU396,27,0,0.22045979,A,0,0.22045979,True,A,0.22045979,0.9883087277412415,2.2048497200012207,-160.7044;-78.7568,t/g-,19.2956;18.7568,45.0000;60.0000,True,True,3.352060949872392,A:ASP397:N,1.3520609498723921,True,3.15031152481082,"sym3[0,-1,1]/A:PHE571:CE2",1.15031152481082,True,True,True,48.39368438720703,35.175498962402344,13.218185424804688,False,False
expanded13,7T7A_A_LEU396__027__2,7T7A_A_LEU396,27,2,0.11291467,other,1,0.11291467,True,other,0.11291467,1.5450608730316162,2.64717698097229,173.3560;157.2056,t/t,6.6440;22.7944,45.0000;60.0000,True,True,3.352060949872392,A:ASP397:N,1.3520609498723921,True,2.602776237387984,"sym3[0,-1,1]/A:PHE571:CE2",0.6027762373879839,True,True,True,40.01808166503906,nan,nan,False,False
expanded13,7T7A_A_LEU396__027__3,7T7A_A_LEU396,27,3,0.64997333,B,2,0.64997333,True,B,0.64997333,1.6642826795578003,0.023170877248048782,-69.8640;-177.2302,g-/t,9.8640;2.7698,45.0000;60.0000,True,True,3.352060949872392,A:ASP397:N,1.3520609498723921,True,3.3658273232219895,"sym3[0,-1,1]/A:GLN575:NE2",1.3658273232219895,True,True,True,33.92083740234375,35.04841995239258,-1.1275825500488281,True,True
expanded13,7T7A_A_LEU396__028__0,7T7A_A_LEU396,28,0,0.50982976,B,0,0.50982976,True,B,0.50982976,1.866680383682251,0.5671679973602295,-93.9394;36.2142,g-/g+,33.9394;23.7858,45.0000;60.0000,True,True,3.352060949872392,A:ASP397:N,1.3520609498723921,True,3.48517034865506,"sym3[0,-1,1]/A:GLN575:NE2",1.48517034865506,True,True,True,37.45675277709961,35.04841995239258,2.4083328247070312,False,False
expanded13,7T7A_A_LEU396__028__1,7T7A_A_LEU396,28,1,0.084844671,other,1,0.084844671,True,other,0.084844671,2.19716477394104,1.0197712182998657,-77.0566;57.9850,g-/g+,17.0566;2.0150,45.0000;60.0000,True,True,2.9814042650012533,A:HOH970:O,0.9814042650012533,True,3.3949417425880406,"sym3[0,-1,1]/A:GLN575:NE2",1.3949417425880406,True,True,True,36.87076950073242,nan,nan,False,False
expanded13,7T7A_A_LEU396__028__3,7T7A_A_LEU396,28,3,0.39544353,A,2,0.39544353,True,A,0.39544353,0.02999887801706791,1.6701728105545044,-168.5233;67.4311,t/g+,11.4767;7.4311,45.0000;60.0000,True,True,3.352060949872392,A:ASP397:N,1.3520609498723921,True,3.409049633649995,"sym3[0,-1,1]/A:GLN575:NE2",1.4090496336499951,True,True,True,35.03326416015625,35.175498962402344,-0.14223480224609375,True,True
expanded13,7T7A_A_LEU396__029__2,7T7A_A_LEU396,29,2,0.36476344,A,0,0.36476344,True,A,0.36476344,0.10140196233987808,1.7256513833999634,-171.6558;66.0673,t/g+,8.3442;6.0673,45.0000;60.0000,True,True,3.352060949872392,A:ASP397:N,1.3520609498723921,True,3.3903006752202636,"sym3[0,-1,1]/A:GLN575:NE2",1.3903006752202636,True,True,True,34.9427490234375,35.175498962402344,-0.23274993896484375,True,True
expanded13,7T7A_A_LEU396__029__3,7T7A_A_LEU396,29,3,0.62359911,B,1,0.62359911,True,B,0.62359911,1.6788814067840576,0.020705455914139748,-69.0550;-177.5580,g-/t,9.0550;2.4420,45.0000;60.0000,True,True,3.352060949872392,A:ASP397:N,1.3520609498723921,True,3.3589826014170856,"sym3[0,-1,1]/A:GLN575:NE2",1.3589826014170856,True,True,True,33.83140563964844,35.04841995239258,-1.2170143127441406,True,True
expanded13,7T7A_A_LEU396__030__0,7T7A_A_LEU396,30,0,0.6099093,B,0,0.6099093,True,B,0.6099093,1.6746176481246948,0.02777688391506672,-69.2595;-177.9670,g-/t,9.2595;2.0330,45.0000;60.0000,True,True,3.352060949872392,A:ASP397:N,1.3520609498723921,True,3.3568483299330536,"sym3[0,-1,1]/A:GLN575:NE2",1.3568483299330536,True,True,True,33.79389953613281,35.04841995239258,-1.2545204162597656,True,True
expanded13,7T7A_A_LEU396__030__3,7T7A_A_LEU396,30,3,0.37517247,A,1,0.37517247,True,A,0.37517247,0.09552852809429169,1.7198597192764282,-171.3585;65.9949,t/g+,8.6415;5.9949,45.0000;60.0000,True,True,3.352060949872392,A:ASP397:N,1.3520609498723921,True,3.3918058171762904,"sym3[0,-1,1]/A:GLN575:NE2",1.3918058171762904,True,True,True,34.93666076660156,35.175498962402344,-0.23883819580078125,True,True
expanded13,7T7A_A_LEU396__031__0,7T7A_A_LEU396,31,0,0.61136144,B,0,0.61136144,True,B,0.61136144,1.6678344011306763,0.015326488763093948,-69.6968;-176.8875,g-/t,9.6968;3.1125,45.0000;60.0000,True,True,3.352060949872392,A:ASP397:N,1.3520609498723921,True,3.367775604212457,"sym3[0,-1,1]/A:GLN575:NE2",1.367775604212457,True,True,True,33.941871643066406,35.04841995239258,-1.1065483093261719,True,True
expanded13,7T7A_A_LEU396__031__1,7T7A_A_LEU396,31,1,0.052548852,other,1,0.052548852,True,other,0.052548852,2.2257962226867676,1.2738142013549805,-81.6762;-65.5762,g-/g-,21.6762;5.5762,45.0000;60.0000,True,True,3.164855802771646,A:HOH970:O,1.1648558027716458,True,4.28437403368039,"sym3[0,-1,1]/A:HOH762:O",2.2843740336803897,True,True,True,35.963134765625,nan,nan,False,False
expanded13,7T7A_A_LEU396__031__2,7T7A_A_LEU396,31,2,0.20648564,A,2,0.20648564,True,A,0.20648564,0.9895238876342773,2.229991912841797,-162.2415;-79.1850,t/g-,17.7585;19.1850,45.0000;60.0000,True,True,3.352060949872392,A:ASP397:N,1.3520609498723921,True,3.0953982565459057,"sym3[0,-1,1]/A:PHE571:CE2",1.0953982565459057,True,True,True,48.311973571777344,35.175498962402344,13.136474609375,False,False
expanded13,7T7A_A_LEU396__031__3,7T7A_A_LEU396,31,3,0.12960409,other,3,0.12960409,True,other,0.12960409,1.5336369276046753,2.6368610858917236,174.1290;156.9737,t/t,5.8710;23.0263,45.0000;60.0000,True,True,3.352060949872392,A:ASP397:N,1.3520609498723921,True,2.6068287778623844,"sym3[0,-1,1]/A:PHE571:CE2",0.6068287778623844,True,True,True,39.878963470458984,nan,nan,False,False
expanded13,7T7A_A_LEU396__032__0,7T7A_A_LEU396,32,0,0.61266392,B,0,0.61266392,True,B,0.61266392,1.679783821105957,0.021420322358608246,-69.0043;-177.5860,g-/t,9.0043;2.4140,45.0000;60.0000,True,True,3.352060949872392,A:ASP397:N,1.3520609498723921,True,3.358492924591577,"sym3[0,-1,1]/A:GLN575:NE2",1.3584929245915771,True,True,True,33.821266174316406,35.04841995239258,-1.2271537780761719,True,True
expanded13,7T7A_A_LEU396__032__2,7T7A_A_LEU396,32,2,0.37439823,A,1,0.37439823,True,A,0.37439823,0.09620724618434906,1.7199021577835083,-171.3665;65.9493,t/g+,8.6335;5.9493,45.0000;60.0000,True,True,3.352060949872392,A:ASP397:N,1.3520609498723921,True,3.3917204614889656,"sym3[0,-1,1]/A:GLN575:NE2",1.3917204614889656,True,True,True,34.93255615234375,35.175498962402344,-0.24294281005859375,True,True
expanded13,7T7A_A_LEU396__033__0,7T7A_A_LEU396,33,0,0.36308944,A,0,0.36308944,True,A,0.36308944,0.11918263882398605,1.7267967462539673,-171.8554;64.8581,t/g+,8.1446;4.8581,45.0000;60.0000,True,True,3.352060949872392,A:ASP397:N,1.3520609498723921,True,3.388450058087838,"sym3[0,-1,1]/A:GLN575:NE2",1.3884500580878378,True,True,True,34.873878479003906,35.175498962402344,-0.3016204833984375,True,True
expanded13,7T7A_A_LEU396__033__1,7T7A_A_LEU396,33,1,0.42099211,B,1,0.42099211,True,B,0.42099211,1.8809845447540283,0.5944039821624756,-93.1435;38.8208,g-/g+,33.1435;21.1792,45.0000;60.0000,True,True,3.352060949872392,A:ASP397:N,1.3520609498723921,True,3.4631689125136638,"sym3[0,-1,1]/A:GLN575:NE2",1.4631689125136638,True,True,True,36.91358184814453,35.04841995239258,1.8651618957519531,False,False
expanded13,7T7A_A_LEU396__033__2,7T7A_A_LEU396,33,2,0.20727324,other,2,0.20727324,True,other,0.20727324,2.2211997509002686,1.134491205215454,-80.4915;-51.1651,g-/g-,20.4915;8.8349,45.0000;60.0000,True,True,2.9702549558751343,A:HOH970:O,0.9702549558751343,True,3.906630106258193,"sym3[0,-1,1]/A:HOH762:O",1.9066301062581932,True,True,True,36.81106185913086,nan,nan,False,False
expanded13,7T7A_A_LEU396__034__0,7T7A_A_LEU396,34,0,0.37660566,A,0,0.37660566,True,A,0.37660566,0.09287610650062561,1.7178707122802734,-171.2501;66.0213,t/g+,8.7499;6.0213,45.0000;60.0000,True,True,3.352060949872392,A:ASP397:N,1.3520609498723921,True,3.3924087680642554,"sym3[0,-1,1]/A:GLN575:NE2",1.3924087680642554,True,True,True,34.93803405761719,35.175498962402344,-0.23746490478515625,True,True
expanded13,7T7A_A_LEU396__034__2,7T7A_A_LEU396,34,2,0.62339222,B,1,0.62339222,True,B,0.62339222,1.6795742511749268,0.020762430503964424,-69.0181;-177.5510,g-/t,9.0181;2.4490,45.0000;60.0000,True,True,3.352060949872392,A:ASP397:N,1.3520609498723921,True,3.3588431613993093,"sym3[0,-1,1]/A:GLN575:NE2",1.3588431613993093,True,True,True,33.82573699951172,35.04841995239258,-1.2226829528808594,True,True
expanded13,7T7A_A_LEU396__035__0,7T7A_A_LEU396,35,0,0.5967288,B,0,0.5967288,True,B,0.5967288,1.6889879703521729,0.02585127204656601,-68.5165;-177.4540,g-/t,8.5165;2.5460,45.0000;60.0000,True,True,3.352060949872392,A:ASP397:N,1.3520609498723921,True,3.3569755188132597,"sym3[0,-1,1]/A:GLN575:NE2",1.3569755188132597,True,True,True,33.811431884765625,35.04841995239258,-1.2369880676269531,True,True
expanded13,7T7A_A_LEU396__035__3,7T7A_A_LEU396,35,3,0.35613108,A,1,0.35613108,True,A,0.35613108,0.11290322989225388,1.728470802307129,-171.8785;65.4501,t/g+,8.1215;5.4501,45.0000;60.0000,True,True,3.352060949872392,A:ASP397:N,1.3520609498723921,True,3.3886057485925254,"sym3[0,-1,1]/A:GLN575:NE2",1.3886057485925254,True,True,True,34.90642547607422,35.175498962402344,-0.269073486328125,True,True
expanded13,7T7A_A_LEU396__036__2,7T7A_A_LEU396,36,2,0.37306827,A,0,0.37306827,True,A,0.37306827,0.09872598201036453,1.7220932245254517,-171.4821;65.9511,t/g+,8.5179;5.9511,45.0000;60.0000,True,True,3.352060949872392,A:ASP397:N,1.3520609498723921,True,3.391107110136788,"sym3[0,-1,1]/A:GLN575:NE2",1.391107110136788,True,True,True,34.93465042114258,35.175498962402344,-0.24084854125976562,True,True
expanded13,7T7A_A_LEU396__036__3,7T7A_A_LEU396,36,3,0.61219668,B,1,0.61219668,True,B,0.61219668,1.6800481081008911,0.02274170145392418,-68.9854;-177.6597,g-/t,8.9854;2.3403,45.0000;60.0000,True,True,3.352060949872392,A:ASP397:N,1.3520609498723921,True,3.357815664556511,"sym3[0,-1,1]/A:GLN575:NE2",1.3578156645565111,True,True,True,33.80959701538086,35.04841995239258,-1.2388229370117188,True,True
expanded13,7T7A_A_LEU396__037__0,7T7A_A_LEU396,37,0,0.57742864,B,0,0.6280158100000001,True,B,0.6280158100000001,1.6560921669006348,0.03315649926662445,-70.3051;-177.2261,g-/t,10.3051;2.7739,45.0000;60.0000,True,True,3.352060949872392,A:ASP397:N,1.3520609498723921,True,3.3681327352341586,"sym3[0,-1,1]/A:GLN575:NE2",1.3681327352341586,True,True,True,33.944053649902344,35.04841995239258,-1.1043663024902344,True,True
expanded13,7T7A_A_LEU396__037__2,7T7A_A_LEU396,37,2,0.33720204,A,1,0.33720204,True,A,0.33720204,0.0997096374630928,1.7253680229187012,-171.6279;66.1715,t/g+,8.3721;6.1715,45.0000;60.0000,True,True,3.352060949872392,A:ASP397:N,1.3520609498723921,True,3.3905606357410703,"sym3[0,-1,1]/A:GLN575:NE2",1.3905606357410703,True,True,True,34.94953155517578,35.175498962402344,-0.2259674072265625,True,True
expanded13,7T7A_A_LEU396__037__3,7T7A_A_LEU396,37,3,0.05058717,merged_duplicate,0,0.6280158100000001,False,B,0.0,1.8741406202316284,0.2986844778060913,-58.1029;-179.9569,g-/t,1.8971;0.0431,45.0000;60.0000,True,True,3.352060949872392,A:ASP397:N,1.3520609498723921,True,3.278236429400199,"sym3[0,-1,1]/A:GLN575:NE2",1.278236429400199,True,True,True,34.02371597290039,nan,nan,False,False
expanded13,7T7A_A_LEU396__038__0,7T7A_A_LEU396,38,0,0.69239384,B,0,0.69239384,True,B,0.69239384,1.6444600820541382,0.08157847076654434,-70.8156;179.9030,g-/t,10.8156;0.0970,45.0000;60.0000,True,True,3.352060949872392,A:ASP397:N,1.3520609498723921,True,3.350143524471628,"sym3[0,-1,1]/A:GLN575:NE2",1.350143524471628,True,True,True,33.68993377685547,35.04841995239258,-1.3584861755371094,True,True
expanded13,7T7A_A_LEU396__038__3,7T7A_A_LEU396,38,3,0.2452559,other,1,0.2452559,True,other,0.2452559,1.3665847778320312,2.4053092002868652,-170.2512;154.0585,t/t,9.7488;25.9415,45.0000;60.0000,True,True,3.352060949872392,A:ASP397:N,1.3520609498723921,True,2.837467223024631,"sym3[0,-1,1]/A:PHE571:CE2",0.837467223024631,True,True,True,38.48365020751953,nan,nan,False,False
expanded13,7T7A_A_LEU396__039__1,7T7A_A_LEU396,39,1,0.61164874,B,0,0.61164874,True,B,0.61164874,1.6745554208755493,0.02068820409476757,-69.2888;-177.5574,g-/t,9.2888;2.4426,45.0000;60.0000,True,True,3.352060949872392,A:ASP397:N,1.3520609498723921,True,3.3602168972101323,"sym3[0,-1,1]/A:GLN575:NE2",1.3602168972101323,True,True,True,33.83820343017578,35.04841995239258,-1.2102165222167969,True,True
expanded13,7T7A_A_LEU396__039__2,7T7A_A_LEU396,39,2,0.37522992,A,1,0.37522992,True,A,0.37522992,0.09468884021043777,1.719202995300293,-171.3231;66.0011,t/g+,8.6769;6.0011,45.0000;60.0000,True,True,3.352060949872392,A:ASP397:N,1.3520609498723921,True,3.3919981704613402,"sym3[0,-1,1]/A:GLN575:NE2",1.3919981704613402,True,True,True,34.928436279296875,35.175498962402344,-0.24706268310546875,True,True
expanded13,7T7A_A_LEU396__040__0,7T7A_A_LEU396,40,0,0.4149645,B,0,0.4149645,True,B,0.4149645,1.8622732162475586,0.5840245485305786,-94.0503;38.9609,g-/g+,34.0503;21.0391,45.0000;60.0000,True,True,3.352060949872392,A:ASP397:N,1.3520609498723921,True,3.4671277580128415,"sym3[0,-1,1]/A:GLN575:NE2",1.4671277580128415,True,True,True,36.996177673339844,35.04841995239258,1.9477577209472656,False,False
expanded13,7T7A_A_LEU396__040__1,7T7A_A_LEU396,40,1,0.3583557,A,1,0.3583557,True,A,0.3583557,0.12404968589544296,1.7306104898452759,-172.0608;64.8116,t/g+,7.9392;4.8116,45.0000;60.0000,True,True,3.352060949872392,A:ASP397:N,1.3520609498723921,True,3.387361780080962,"sym3[0,-1,1]/A:GLN575:NE2",1.387361780080962,True,True,True,34.87090301513672,35.175498962402344,-0.304595947265625,True,True
expanded13,7T7A_A_LEU396__040__3,7T7A_A_LEU396,40,3,0.19225249,other,2,0.19225249,True,other,0.19225249,2.2291951179504395,1.1565849781036377,-80.1464;-53.5445,g-/g-,20.1464;6.4555,45.0000;60.0000,True,True,2.972595052260419,A:HOH970:O,0.9725950522604192,True,3.9480958641228083,"sym3[0,-1,1]/A:HOH762:O",1.9480958641228083,True,True,True,36.6707649230957,nan,nan,False,False
expanded13,7T7A_A_LEU396__041__1,7T7A_A_LEU396,41,1,0.6224649,B,0,0.6224649,True,B,0.6224649,1.6782854795455933,0.018701232969760895,-69.0947;-177.4485,g-/t,9.0947;2.5515,45.0000;60.0000,True,True,3.352060949872392,A:ASP397:N,1.3520609498723921,True,3.3600705370908712,"sym3[0,-1,1]/A:GLN575:NE2",1.3600705370908712,True,True,True,33.83914566040039,35.04841995239258,-1.2092742919921875,True,True
expanded13,7T7A_A_LEU396__041__3,7T7A_A_LEU396,41,3,0.34968075,A,1,0.34968075,True,A,0.34968075,0.1225324422121048,1.7407276630401611,-172.4794;65.8602,t/g+,7.5206;5.8602,45.0000;60.0000,True,True,3.352060949872392,A:ASP397:N,1.3520609498723921,True,3.385697936838792,"sym3[0,-1,1]/A:GLN575:NE2",1.3856979368387918,True,True,True,34.928436279296875,35.175498962402344,-0.24706268310546875,True,True
expanded13,7T7A_A_LEU396__042__0,7T7A_A_LEU396,42,0,0.34422636,A,0,0.34422636,True,A,0.34422636,0.09048271179199219,1.7150044441223145,-171.1062;65.9610,t/g+,8.8938;5.9610,45.0000;60.0000,True,True,3.352060949872392,A:ASP397:N,1.3520609498723921,True,3.3931043461817403,"sym3[0,-1,1]/A:GLN575:NE2",1.3931043461817403,True,True,True,34.92992401123047,35.175498962402344,-0.245574951171875,True,True
expanded13,7T7A_A_LEU396__042__1,7T7A_A_LEU396,42,1,0.62538528,B,1,0.62538528,True,B,0.62538528,1.6759202480316162,0.019447175785899162,-69.2189;-177.4978,g-/t,9.2189;2.5022,45.0000;60.0000,True,True,3.352060949872392,A:ASP397:N,1.3520609498723921,True,3.360322587221795,"sym3[0,-1,1]/A:GLN575:NE2",1.3603225872217952,True,True,True,33.8454475402832,35.04841995239258,-1.202972412109375,True,True
expanded13,7T7A_A_LEU396__043__0,7T7A_A_LEU396,43,0,0.56454384,B,0,0.6347760530000001,True,B,0.6347760530000001,1.6967644691467285,0.0334608219563961,-68.1068;-177.3157,g-/t,8.1068;2.6843,45.0000;60.0000,True,True,3.352060949872392,A:ASP397:N,1.3520609498723921,True,3.35593971725895,"sym3[0,-1,1]/A:GLN575:NE2",1.3559397172589498,True,True,True,33.809139251708984,35.04841995239258,-1.2392807006835938,True,True
expanded13,7T7A_A_LEU396__043__2,7T7A_A_LEU396,43,2,0.070232213,merged_duplicate,0,0.6347760530000001,False,B,0.0,1.5339152812957764,0.24293383955955505,-76.9653;177.5962,g-/t,16.9653;2.4038,45.0000;60.0000,True,True,3.352060949872392,A:ASP397:N,1.3520609498723921,True,3.3698163228131026,"sym3[0,-1,1]/A:GLN575:NE2",1.3698163228131026,True,True,True,34.21633529663086,nan,nan,False,False
expanded13,7T7A_A_LEU396__043__3,7T7A_A_LEU396,43,3,0.334878,A,1,0.334878,True,A,0.334878,0.13189995288848877,1.7422726154327393,-172.6294;65.2487,t/g+,7.3706;5.2487,45.0000;60.0000,True,True,3.352060949872392,A:ASP397:N,1.3520609498723921,True,3.384508236149187,"sym3[0,-1,1]/A:GLN575:NE2",1.3845082361491872,True,True,True,34.89906311035156,35.175498962402344,-0.27643585205078125,True,True
expanded13,7T7A_A_LEU396__044__0,7T7A_A_LEU396,44,0,0.67719716,B,0,0.67719716,True,B,0.67719716,1.644296407699585,0.08041368424892426,-70.8263;179.9927,g-/t,10.8263;0.0073,45.0000;60.0000,True,True,3.352060949872392,A:ASP397:N,1.3520609498723921,True,3.350770903262474,"sym3[0,-1,1]/A:GLN575:NE2",1.350770903262474,True,True,True,33.69434356689453,35.04841995239258,-1.3540763854980469,True,True
expanded13,7T7A_A_LEU396__044__1,7T7A_A_LEU396,44,1,0.24009487,other,1,0.290238868,True,other,0.290238868,1.3766229152679443,2.396792411804199,-169.7791;155.0205,t/t,10.2209;24.9795,45.0000;60.0000,True,True,3.352060949872392,A:ASP397:N,1.3520609498723921,True,2.862893948672401,"sym3[0,-1,1]/A:PHE571:CE2",0.8628939486724012,True,True,True,39.07819366455078,nan,nan,False,False
expanded13,7T7A_A_LEU396__044__2,7T7A_A_LEU396,44,2,0.050143998,other,1,0.290238868,False,other,0.0,1.479142427444458,2.5832958221435547,178.0221;155.8535,t/t,1.9779;24.1465,45.0000;60.0000,True,True,3.352060949872392,A:ASP397:N,1.3520609498723921,True,2.6372051682690936,"sym3[0,-1,1]/A:PHE571:CE2",0.6372051682690936,True,True,True,39.10780715942383,nan,nan,False,False
expanded13,7T7A_A_LEU396__045__0,7T7A_A_LEU396,45,0,0.57814312,B,0,0.63152843,True,B,0.63152843,1.6971677541732788,0.03981770575046539,-68.0419;-177.9109,g-/t,8.0419;2.0891,45.0000;60.0000,True,True,3.352060949872392,A:ASP397:N,1.3520609498723921,True,3.350826273279603,"sym3[0,-1,1]/A:GLN575:NE2",1.350826273279603,True,True,True,33.73505401611328,35.04841995239258,-1.3133659362792969,True,True
expanded13,7T7A_A_LEU396__045__1,7T7A_A_LEU396,45,1,0.072739236,merged_duplicate,1,0.368471526,False,A,0.0,0.07172305136919022,1.7114572525024414,-170.7761;67.0221,t/g+,9.2239;7.0221,45.0000;60.0000,True,True,3.352060949872392,A:ASP397:N,1.3520609498723921,True,3.396312925526955,"sym3[0,-1,1]/A:GLN575:NE2",1.396312925526955,True,True,True,34.770137786865234,nan,nan,False,False
expanded13,7T7A_A_LEU396__045__2,7T7A_A_LEU396,45,2,0.05338531,merged_duplicate,0,0.63152843,False,B,0.0,1.3704349994659424,0.4353017508983612,-85.6537;-172.9105,g-/t,25.6537;7.0895,45.0000;60.0000,True,True,3.352060949872392,A:ASP397:N,1.3520609498723921,True,3.471702567418073,"sym3[0,-1,1]/A:GLN575:NE2",1.471702567418073,True,True,True,37.76907730102539,nan,nan,False,False
expanded13,7T7A_A_LEU396__045__3,7T7A_A_LEU396,45,3,0.29573229,A,1,0.368471526,True,A,0.368471526,0.15050645172595978,1.7535473108291626,-173.2659;64.8519,t/g+,6.7341;4.8519,45.0000;60.0000,True,True,3.352060949872392,A:ASP397:N,1.3520609498723921,True,3.3810133197719057,"sym3[0,-1,1]/A:GLN575:NE2",1.3810133197719057,True,True,True,34.88392639160156,35.175498962402344,-0.29157257080078125,True,True
expanded13,7T7A_A_LEU396__046__0,7T7A_A_LEU396,46,0,0.69436634,B,0,0.69436634,True,B,0.69436634,1.6423842906951904,0.08159592747688293,-70.9320;-179.9660,g-/t,10.9320;0.0340,45.0000;60.0000,True,True,3.352060949872392,A:ASP397:N,1.3520609498723921,True,3.3515995964447605,"sym3[0,-1,1]/A:GLN575:NE2",1.3515995964447605,True,True,True,33.6995735168457,35.04841995239258,-1.348846435546875,True,True
expanded13,7T7A_A_LEU396__046__1,7T7A_A_LEU396,46,1,0.21104833,other,1,0.264732185,True,other,0.264732185,1.386244297027588,2.432828664779663,-171.9930;154.8105,t/t,8.0070;25.1895,45.0000;60.0000,True,True,3.352060949872392,A:ASP397:N,1.3520609498723921,True,2.806803434179268,"sym3[0,-1,1]/A:PHE571:CE2",0.806803434179268,True,True,True,38.83138656616211,nan,nan,False,False
expanded13,7T7A_A_LEU396__046__2,7T7A_A_LEU396,46,2,0.053683855,other,1,0.264732185,False,other,0.0,1.5447156429290771,2.6348955631256104,174.2463;157.9371,t/t,5.7537;22.0629,45.0000;60.0000,True,True,3.352060949872392,A:ASP397:N,1.3520609498723921,True,2.61937857798485,"sym3[0,-1,1]/A:PHE571:CE2",0.61937857798485,True,True,True,40.61001205444336,nan,nan,False,False
expanded13,7T7A_A_LEU396__047__1,7T7A_A_LEU396,47,1,0.36302146,A,0,0.36302146,True,A,0.36302146,0.09434796124696732,1.727634310722351,-171.6614;66.8381,t/g+,8.3386;6.8381,45.0000;60.0000,True,True,3.352060949872392,A:ASP397:N,1.3520609498723921,True,3.391255417900401,"sym3[0,-1,1]/A:GLN575:NE2",1.391255417900401,True,True,True,35.00010681152344,35.175498962402344,-0.17539215087890625,True,True
expanded13,7T7A_A_LEU396__047__3,7T7A_A_LEU396,47,3,0.56360775,B,1,0.56360775,True,B,0.56360775,1.6993399858474731,0.041160956025123596,-67.9312;-177.8083,g-/t,7.9312;2.1917,45.0000;60.0000,True,True,3.352060949872392,A:ASP397:N,1.3520609498723921,True,3.351046321468598,"sym3[0,-1,1]/A:GLN575:NE2",1.3510463214685982,True,True,True,33.75253677368164,35.04841995239258,-1.2958831787109375,True,True
expanded13,7T7A_A_LEU396__048__2,7T7A_A_LEU396,48,2,0.37031466,A,0,0.37031466,True,A,0.37031466,0.10095610469579697,1.723501443862915,-171.5618;65.9079,t/g+,8.4382;5.9079,45.0000;60.0000,True,True,3.352060949872392,A:ASP397:N,1.3520609498723921,True,3.3906387153453283,"sym3[0,-1,1]/A:GLN575:NE2",1.3906387153453283,True,True,True,34.925941467285156,35.175498962402344,-0.2495574951171875,True,True
expanded13,7T7A_A_LEU396__048__3,7T7A_A_LEU396,48,3,0.59457231,B,1,0.59457231,True,B,0.59457231,1.6894865036010742,0.02971777319908142,-68.4712;-177.7183,g-/t,8.4712;2.2817,45.0000;60.0000,True,True,3.352060949872392,A:ASP397:N,1.3520609498723921,True,3.354638208044117,"sym3[0,-1,1]/A:GLN575:NE2",1.354638208044117,True,True,True,33.780433654785156,35.04841995239258,-1.2679862976074219,True,True
expanded13,7T7A_A_LEU396__049__1,7T7A_A_LEU396,49,1,0.60901397,B,0,0.60901397,True,B,0.60901397,1.6799815893173218,0.01856793463230133,-69.0056;-177.4126,g-/t,9.0056;2.5874,45.0000;60.0000,True,True,3.352060949872392,A:ASP397:N,1.3520609498723921,True,3.359891753407789,"sym3[0,-1,1]/A:GLN575:NE2",1.3598917534077888,True,True,True,33.83829116821289,35.04841995239258,-1.2101287841796875,True,True
expanded13,7T7A_A_LEU396__049__3,7T7A_A_LEU396,49,3,0.34820926,A,1,0.34820926,True,A,0.34820926,0.11374296247959137,1.7254782915115356,-171.7554;65.1414,t/g+,8.2446;5.1414,45.0000;60.0000,True,True,3.352060949872392,A:ASP397:N,1.3520609498723921,True,3.3890753387953496,"sym3[0,-1,1]/A:GLN575:NE2",1.3890753387953496,True,True,True,34.88660430908203,35.175498962402344,-0.2888946533203125,True,True
expanded13,3NY7_B_LYS19__000__0,3NY7_B_LYS19,0,0,0.45903477,B,0,0.45903477,True,B,0.45903477,3.1524250507354736,0.6433968544006348,-62.5779;162.5043;-66.4157;-173.4638,g-/t/g-/t,2.5779;17.4957;6.4157;6.5362,45.0000;45.0000;45.0000;60.0000,True,True,3.237828621524664,B:GLN20:N,1.237828621524664,True,4.043624744796734,"sym2[-1,0,1]/S:HOH138:O",2.1636247495651055,True,True,True,81.0665054321289,81.05062866210938,0.01587677001953125,True,True
expanded13,3NY7_B_LYS19__000__1,3NY7_B_LYS19,0,1,0.077280737,other,1,0.077280737,True,other,0.077280737,3.089169979095459,1.0107680559158325,-64.5464;176.7183;-65.2243;55.9790,g-/t/g-/g+,4.5464;3.2817;5.2243;4.0210,45.0000;45.0000;45.0000;60.0000,True,True,3.237828621524664,B:GLN20:N,1.237828621524664,True,5.229892707912728,"sym2[-1,0,1]/S:HOH138:O",3.3498927126810996,True,True,True,114.37002563476562,nan,nan,False,False
expanded13,3NY7_B_LYS19__000__2,3NY7_B_LYS19,0,2,0.44402468,A,2,0.44402468,True,A,0.44402468,0.32406193017959595,2.9090893268585205,-71.4814;-144.5511;166.6099;-163.4883,g-/t/t/t,11.4814;35.4489;13.3901;16.5117,45.0000;45.0000;45.0000;60.0000,True,True,3.237828621524664,B:GLN20:N,1.237828621524664,True,4.910218280256577,"sym2[-1,0,1]/S:HOH109:O",3.3502183374770356,True,True,True,83.56777954101562,89.36123657226562,-5.79345703125,True,True
expanded13,3NY7_B_LYS19__001__0,3NY7_B_LYS19,1,0,0.11715782,other,0,0.11715782,True,other,0.11715782,1.9998486042022705,1.6658257246017456,-65.4616;-175.2663;-179.0776;56.5329,g-/t/t/g+,5.4616;4.7337;0.9224;3.4671,45.0000;45.0000;45.0000;60.0000,True,True,3.237828621524664,B:GLN20:N,1.237828621524664,True,3.1633634571274163,"sym2[-1,0,1]/S:HOH229:O",1.7633634809692742,True,True,True,70.75299072265625,nan,nan,False,False
expanded13,3NY7_B_LYS19__001__1,3NY7_B_LYS19,1,1,0.41973621,B,1,0.41973621,True,B,0.41973621,3.12435245513916,0.8208961486816406,-64.0811;132.8158;49.6404;-170.5905,g-/t/g+/t,4.0811;47.1842;10.3596;9.4095,45.0000;45.0000;45.0000;60.0000,False,False,3.237828621524664,B:GLN20:N,1.237828621524664,True,4.378520542216595,"sym2[-1,0,1]/S:HOH138:O",2.4985205469849667,True,True,False,86.15211486816406,81.05062866210938,5.1014862060546875,False,False
expanded13,3NY7_B_LYS19__001__2,3NY7_B_LYS19,1,2,0.074219555,other,2,0.074219555,True,other,0.074219555,1.0123322010040283,3.303658962249756,-77.4884;-64.3722;-179.8179;66.2645,g-/g-/t/g+,17.4884;4.3722;0.1821;6.2645,45.0000;45.0000;45.0000;60.0000,True,True,3.237828621524664,B:GLN20:N,1.237828621524664,True,4.890887143141132,"sym0[-1,0,0]/S:HOH49:O",3.1108871717513615,True,True,True,73.33731079101562,nan,nan,False,False
expanded13,3NY7_B_LYS19__001__3,3NY7_B_LYS19,1,3,0.38888639,A,3,0.38888639,True,A,0.38888639,0.36967018246650696,2.8764142990112305,-71.4104;-146.4280;166.0033;-163.9768,g-/t/t/t,11.4104;33.5720;13.9967;16.0232,45.0000;45.0000;45.0000;60.0000,True,True,3.237828621524664,B:GLN20:N,1.237828621524664,True,4.848912646413757,"sym2[-1,0,1]/S:HOH109:O",3.2889127036342156,True,True,True,83.14112091064453,89.36123657226562,-6.220115661621094,True,True
expanded13,3NY7_B_LYS19__002__1,3NY7_B_LYS19,2,1,0.42111126,A,0,0.42111126,True,A,0.42111126,0.3020268678665161,2.9274168014526367,-71.7210;-143.0159;166.6741;-166.2867,g-/t/t/t,11.7210;36.9841;13.3259;13.7133,45.0000;45.0000;45.0000;60.0000,True,True,3.237828621524664,B:GLN20:N,1.237828621524664,True,4.918487377383641,"sym2[-1,0,1]/S:HOH109:O",3.3584874346040996,True,True,True,83.7686538696289,89.36123657226562,-5.592582702636719,True,True
expanded13,3NY7_B_LYS19__002__3,3NY7_B_LYS19,2,3,0.5360567,B,1,0.5360567,True,B,0.5360567,3.06528902053833,0.10652174800634384,-58.6753;-178.6650;-63.6665;-69.1719,g-/t/g-/g-,1.3247;1.3350;3.6665;9.1719,45.0000;45.0000;45.0000;60.0000,True,True,3.237828621524664,B:GLN20:N,1.237828621524664,True,4.977298574564983,"sym2[-1,0,1]/S:HOH138:O",3.097298579333355,True,True,True,80.75029754638672,81.05062866210938,-0.30033111572265625,True,True
expanded13,3NY7_B_LYS19__003__0,3NY7_B_LYS19,3,0,0.49470285,B,0,0.49470285,True,B,0.49470285,3.040961265563965,0.7719176411628723,-69.0875;175.2691;-81.9359;66.9863,g-/t/g-/g+,9.0875;4.7309;21.9359;6.9863,45.0000;45.0000;45.0000;60.0000,True,True,3.237828621524664,B:GLN20:N,1.237828621524664,True,5.055490345486633,"sym2[-1,0,1]/S:HOH138:O",3.1754903502550045,True,True,True,87.27601623535156,81.05062866210938,6.2253875732421875,False,False
expanded13,3NY7_B_LYS19__003__2,3NY7_B_LYS19,3,2,0.22032058,other,1,0.22032058,True,other,0.22032058,1.1136196851730347,3.037449359893799,-57.2372;-64.9364;-73.5623;-73.2584,g-/g-/g-/g-,2.7628;4.9364;13.5623;13.2584,45.0000;45.0000;45.0000;60.0000,True,True,3.237828621524664,B:GLN20:N,1.237828621524664,True,5.728211570778518,"sym0[-1,0,0]/S:HOH176:O",3.9082115183264303,True,True,True,72.56343841552734,nan,nan,False,False
expanded13,3NY7_B_LYS19__003__3,3NY7_B_LYS19,3,3,0.27451581,other,2,0.27451581,True,other,0.27451581,1.138596773147583,2.4947640895843506,-56.5753;-175.3031;74.6688;70.6040,g-/t/g+/g+,3.4247;4.6969;14.6688;10.6040,45.0000;45.0000;45.0000;60.0000,True,True,3.237828621524664,B:GLN20:N,1.237828621524664,True,5.659333405630908,"sym0[-1,0,0]/S:HOH176:O",3.8393333531788203,True,True,True,72.16887664794922,nan,nan,False,False
expanded13,3NY7_B_LYS19__004__0,3NY7_B_LYS19,4,0,0.54491019,B,0,0.54491019,True,B,0.54491019,3.0697078704833984,0.10662984848022461,-58.6016;-178.8359;-63.6743;-69.2694,g-/t/g-/g-,1.3984;1.1641;3.6743;9.2694,45.0000;45.0000;45.0000;60.0000,True,True,3.237828621524664,B:GLN20:N,1.237828621524664,True,4.9811389240256325,"sym2[-1,0,1]/S:HOH138:O",3.101138928794004,True,True,True,80.79637145996094,81.05062866210938,-0.2542572021484375,True,True
expanded13,3NY7_B_LYS19__004__2,3NY7_B_LYS19,4,2,0.42865852,A,1,0.42865852,True,A,0.42865852,0.2889607548713684,2.936229705810547,-71.7000;-142.3060;166.7734;-166.8410,g-/t/t/t,11.7000;37.6940;13.2266;13.1590,45.0000;45.0000;45.0000;60.0000,True,True,3.237828621524664,B:GLN20:N,1.237828621524664,True,5.185618165850183,"sym0[-1,0,0]/S:HOH176:O",3.365618113398096,True,True,True,83.90740966796875,89.36123657226562,-5.453826904296875,True,True
expanded13,3NY7_B_LYS19__005__1,3NY7_B_LYS19,5,1,0.38255805,A,0,0.38255805,True,A,0.38255805,0.36644473671913147,2.915506362915039,-74.0935;-145.6010;167.7206;-166.4319,g-/t/t/t,14.0935;34.3990;12.2794;13.5681,45.0000;45.0000;45.0000;60.0000,True,True,3.237828621524664,B:GLN20:N,1.237828621524664,True,4.927221068072862,"sym2[-1,0,1]/S:HOH109:O",3.3672211252933213,True,True,True,83.2401123046875,89.36123657226562,-6.121124267578125,True,True
expanded13,3NY7_B_LYS19__005__2,3NY7_B_LYS19,5,2,0.52305627,B,1,0.52305627,True,B,0.52305627,3.0638716220855713,0.10713503509759903,-58.6476;-178.5627;-63.8966;-68.7975,g-/t/g-/g-,1.3524;1.4373;3.8966;8.7975,45.0000;45.0000;45.0000;60.0000,True,True,3.237828621524664,B:GLN20:N,1.237828621524664,True,4.979939106402111,"sym2[-1,0,1]/S:HOH138:O",3.0999391111704826,True,True,True,80.69713592529297,81.05062866210938,-0.35349273681640625,True,True
expanded13,3NY7_B_LYS19__005__3,3NY7_B_LYS19,5,3,0.091146864,other,2,0.091146864,True,other,0.091146864,1.73664391040802,3.47788405418396,-58.2146;-63.4702;-177.4638;179.4402,g-/g-/t/t,1.7854;3.4702;2.5362;0.5598,45.0000;45.0000;45.0000;60.0000,True,True,3.237828621524664,B:GLN20:N,1.237828621524664,True,3.665701224932923,"sym0[-1,0,0]/S:HOH49:O",1.8857012535431523,True,True,True,70.530517578125,nan,nan,False,False
expanded13,3NY7_B_LYS19__006__1,3NY7_B_LYS19,6,1,0.41933268,A,0,0.41933268,True,A,0.41933268,0.313252717256546,2.916306972503662,-71.3850;-143.6264;166.2148;-165.8197,g-/t/t/t,11.3850;36.3736;13.7852;14.1803,45.0000;45.0000;45.0000;60.0000,True,True,3.237828621524664,B:GLN20:N,1.237828621524664,True,4.9003801286640165,"sym2[-1,0,1]/S:HOH109:O",3.3403801858844755,True,True,True,83.66461181640625,89.36123657226562,-5.696624755859375,True,True
expanded13,3NY7_B_LYS19__006__2,3NY7_B_LYS19,6,2,0.087147199,other,1,0.087147199,True,other,0.087147199,3.800635814666748,1.5834959745407104,-67.2299;75.9710;62.7730;178.3903,g-/g+/g+/t,7.2299;15.9710;2.7730;1.6097,45.0000;45.0000;45.0000;60.0000,True,True,3.237828621524664,B:GLN20:N,1.237828621524664,True,4.5103303765723615,"sym2[-1,0,1]/S:HOH229:O",3.1103304004142194,True,True,True,76.3336181640625,nan,nan,False,False
expanded13,3NY7_B_LYS19__006__3,3NY7_B_LYS19,6,3,0.47226962,B,2,0.47226962,True,B,0.47226962,3.0651192665100098,0.799807071685791,-65.8300;176.8023;-81.7555;67.2512,g-/t/g-/g+,5.8300;3.1977;21.7555;7.2512,45.0000;45.0000;45.0000;60.0000,True,True,3.237828621524664,B:GLN20:N,1.237828621524664,True,5.0488758307927375,"sym2[-1,0,1]/S:HOH138:O",3.168875835561109,True,True,True,87.35411834716797,81.05062866210938,6.303489685058594,False,False
expanded13,3NY7_B_LYS19__007__0,3NY7_B_LYS19,7,0,0.10054088,other,0,0.10054088,True,other,0.10054088,4.355234146118164,1.8412624597549438,44.3331;-91.6209;-150.1370;176.8649,g+/g-/t/t,15.6669;31.6209;29.8630;3.1351,45.0000;45.0000;45.0000;60.0000,True,True,2.9801001390262987,B:GLU22:OE1,0.9801001390262987,True,5.185270545600318,"sym2[-1,0,1]/S:HOH138:O",3.3052705503686894,True,True,True,94.92577362060547,nan,nan,False,False
expanded13,3NY7_B_LYS19__007__1,3NY7_B_LYS19,7,1,0.42535084,B,1,0.42535084,True,B,0.42535084,2.9911301136016846,0.7470217347145081,-73.1263;133.8701;47.8862;-168.1278,g-/t/g+/t,13.1263;46.1299;12.1138;11.8722,45.0000;45.0000;45.0000;60.0000,False,False,3.237828621524664,B:GLN20:N,1.237828621524664,True,4.277988359861346,"sym2[-1,0,1]/S:HOH138:O",2.3979883646297173,True,True,False,86.63138580322266,81.05062866210938,5.580757141113281,False,False
expanded13,3NY7_B_LYS19__007__2,3NY7_B_LYS19,7,2,0.47237691,A,2,0.47237691,True,A,0.47237691,0.7491120100021362,2.8211734294891357,-53.2074;-150.1301;78.5290;157.0217,g-/t/g+/t,6.7926;29.8699;18.5290;22.9783,45.0000;45.0000;45.0000;60.0000,True,True,3.237828621524664,B:GLN20:N,1.237828621524664,True,5.094233640345372,"sym2[-1,0,1]/S:HOH109:O",3.5342336975658313,True,True,True,83.31204223632812,89.36123657226562,-6.0491943359375,True,True
expanded13,3NY7_B_LYS19__008__2,3NY7_B_LYS19,8,2,0.47776362,A,0,0.47776362,True,A,0.47776362,0.7536827325820923,2.8113901615142822,-53.0777;-150.5059;78.5273;157.3786,g-/t/g+/t,6.9223;29.4941;18.5273;22.6214,45.0000;45.0000;45.0000;60.0000,True,True,3.237828621524664,B:GLN20:N,1.237828621524664,True,5.0809748845241645,"sym2[-1,0,1]/S:HOH109:O",3.5209749417446234,True,True,True,83.26419830322266,89.36123657226562,-6.097038269042969,True,True
expanded13,3NY7_B_LYS19__008__3,3NY7_B_LYS19,8,3,0.45781717,B,1,0.45781717,True,B,0.45781717,3.044461965560913,0.705193281173706,-73.0467;132.5553;45.6286;-167.2574,g-/t/g+/t,13.0467;47.4447;14.3714;12.7426,45.0000;45.0000;45.0000;60.0000,False,False,3.237828621524664,B:GLN20:N,1.237828621524664,True,4.338167721264123,"sym2[-1,0,1]/S:HOH138:O",2.458167726032495,True,True,False,89.01569366455078,81.05062866210938,7.965065002441406,False,False
expanded13,3NY7_B_LYS19__009__0,3NY7_B_LYS19,9,0,0.44241416,A,0,0.44241416,True,A,0.44241416,0.28041648864746094,2.9415507316589355,-71.6258;-141.9144;166.7750;-166.9046,g-/t/t/t,11.6258;38.0856;13.2250;13.0954,45.0000;45.0000;45.0000;60.0000,True,True,3.237828621524664,B:GLN20:N,1.237828621524664,True,5.175905741894731,"sym0[-1,0,0]/S:HOH176:O",3.3559056894426433,True,True,True,84.00081634521484,89.36123657226562,-5.360420227050781,True,True
expanded13,3NY7_B_LYS19__009__1,3NY7_B_LYS19,9,1,0.55298525,B,1,0.55298525,True,B,0.55298525,3.0692715644836426,0.10804175585508347,-58.6877;-178.9108;-63.7429;-69.2083,g-/t/g-/g-,1.3123;1.0892;3.7429;9.2083,45.0000;45.0000;45.0000;60.0000,True,True,3.237828621524664,B:GLN20:N,1.237828621524664,True,4.98290608938541,"sym2[-1,0,1]/S:HOH138:O",3.1029060941537816,True,True,True,80.77030181884766,81.05062866210938,-0.28032684326171875,True,True
expanded13,3NY7_B_LYS19__010__2,3NY7_B_LYS19,10,2,0.429497,A,0,0.429497,True,A,0.429497,0.29180020093917847,2.934892177581787,-71.7239;-142.5026;166.7130;-166.6014,g-/t/t/t,11.7239;37.4974;13.2870;13.3986,45.0000;45.0000;45.0000;60.0000,True,True,3.237828621524664,B:GLN20:N,1.237828621524664,True,4.928835472388607,"sym2[-1,0,1]/S:HOH109:O",3.3688355296090657,True,True,True,83.8711166381836,89.36123657226562,-5.490119934082031,True,True
expanded13,3NY7_B_LYS19__010__3,3NY7_B_LYS19,10,3,0.53944248,B,1,0.53944248,True,B,0.53944248,3.064274311065674,0.10627354681491852,-58.7190;-178.6632;-63.6211;-69.2858,g-/t/g-/g-,1.2810;1.3368;3.6211;9.2858,45.0000;45.0000;45.0000;60.0000,True,True,3.237828621524664,B:GLN20:N,1.237828621524664,True,4.974677395239902,"sym2[-1,0,1]/S:HOH138:O",3.0946774000082735,True,True,True,80.74295043945312,81.05062866210938,-0.30767822265625,True,True
expanded13,3NY7_B_LYS19__011__1,3NY7_B_LYS19,11,1,0.42084074,A,0,0.42084074,True,A,0.42084074,0.3102931082248688,2.917036533355713,-71.6494;-143.0702;167.2592;-166.7635,g-/t/t/t,11.6494;36.9298;12.7408;13.2365,45.0000;45.0000;45.0000;60.0000,True,True,3.237828621524664,B:GLN20:N,1.237828621524664,True,4.889807865558634,"sym2[-1,0,1]/S:HOH109:O",3.329807922779093,True,True,True,83.67324829101562,89.36123657226562,-5.68798828125,True,True
expanded13,3NY7_B_LYS19__011__2,3NY7_B_LYS19,11,2,0.544815,B,1,0.544815,True,B,0.544815,3.070476531982422,0.10717647522687912,-58.6001;-178.8964;-63.8124;-69.1881,g-/t/g-/g-,1.3999;1.1036;3.8124;9.1881,45.0000;45.0000;45.0000;60.0000,True,True,3.237828621524664,B:GLN20:N,1.237828621524664,True,4.9829962330275865,"sym2[-1,0,1]/S:HOH138:O",3.102996237795958,True,True,True,80.77020263671875,81.05062866210938,-0.280426025390625,True,True
expanded13,3NY7_B_LYS19__012__0,3NY7_B_LYS19,12,0,0.51630211,B,0,0.51630211,True,B,0.51630211,3.101442337036133,0.7717673778533936,-65.0056;175.4787;-84.2540;65.7821,g-/t/g-/g+,5.0056;4.5213;24.2540;5.7821,45.0000;45.0000;45.0000;60.0000,True,True,3.237828621524664,B:GLN20:N,1.237828621524664,True,5.043833790464918,"sym2[-1,0,1]/S:HOH138:O",3.1638337952332893,True,True,True,86.089599609375,81.05062866210938,5.038970947265625,False,False
expanded13,3NY7_B_LYS19__012__1,3NY7_B_LYS19,12,1,0.44619629,A,1,0.44619629,True,A,0.44619629,0.29025405645370483,2.9237332344055176,-70.6244;-142.2949;166.0461;-166.4996,g-/t/t/t,10.6244;37.7051;13.9539;13.5004,45.0000;45.0000;45.0000;60.0000,True,True,3.237828621524664,B:GLN20:N,1.237828621524664,True,4.895712426914178,"sym2[-1,0,1]/S:HOH109:O",3.3357124841346373,True,True,True,83.93345642089844,89.36123657226562,-5.4277801513671875,True,True
expanded13,3NY7_B_LYS19__013__0,3NY7_B_LYS19,13,0,0.53954589,B,0,0.53954589,True,B,0.53954589,3.0692102909088135,0.10614083707332611,-58.5319;-178.7677;-63.9458;-69.0246,g-/t/g-/g-,1.4681;1.2323;3.9458;9.0246,45.0000;45.0000;45.0000;60.0000,True,True,3.237828621524664,B:GLN20:N,1.237828621524664,True,4.981702821549591,"sym2[-1,0,1]/S:HOH138:O",3.101702826317963,True,True,True,80.73997497558594,81.05062866210938,-0.3106536865234375,True,True
expanded13,3NY7_B_LYS19__013__2,3NY7_B_LYS19,13,2,0.38031352,A,1,0.38031352,True,A,0.38031352,0.34167423844337463,2.9125211238861084,-72.8004;-144.5803;167.1742;-166.8019,g-/t/t/t,12.8004;35.4197;12.8258;13.1981,45.0000;45.0000;45.0000;60.0000,True,True,3.237828621524664,B:GLN20:N,1.237828621524664,True,4.900274434105681,"sym2[-1,0,1]/S:HOH109:O",3.3402744913261397,True,True,True,83.39132690429688,89.36123657226562,-5.96990966796875,True,True
expanded13,3NY7_B_LYS19__013__3,3NY7_B_LYS19,13,3,0.06017847,other,2,0.06017847,True,other,0.06017847,1.3079839944839478,3.017601490020752,-63.5821;-60.6717;-178.7155;61.4053,g-/g-/t/g+,3.5821;0.6717;1.2845;1.4053,45.0000;45.0000;45.0000;60.0000,True,True,3.237828621524664,B:GLN20:N,1.237828621524664,True,4.867512149775738,"sym0[-1,0,0]/S:HOH49:O",3.0875121783859676,True,True,True,71.80216217041016,nan,nan,False,False
expanded13,3NY7_B_LYS19__014__1,3NY7_B_LYS19,14,1,0.53163642,B,0,0.53163642,True,B,0.53163642,3.0661094188690186,0.12408267706632614,-59.3029;-178.9948;-62.6992;-68.2947,g-/t/g-/g-,0.6971;1.0052;2.6992;8.2947,45.0000;45.0000;45.0000;60.0000,True,True,3.237828621524664,B:GLN20:N,1.237828621524664,True,5.0146610751887835,"sym2[-1,0,1]/S:HOH138:O",3.134661079957155,True,True,True,80.8147964477539,81.05062866210938,-0.23583221435546875,True,True
expanded13,3NY7_B_LYS19__014__2,3NY7_B_LYS19,14,2,0.4450838,A,1,0.4450838,True,A,0.4450838,0.27539050579071045,2.945726156234741,-71.4557;-141.8315;166.2150;-166.7600,g-/t/t/t,11.4557;38.1685;13.7850;13.2400,45.0000;45.0000;45.0000;60.0000,True,True,3.237828621524664,B:GLN20:N,1.237828621524664,True,5.16968572913015,"sym0[-1,0,0]/S:HOH176:O",3.349685676678063,True,True,True,84.06852722167969,89.36123657226562,-5.2927093505859375,True,True
expanded13,3NY7_B_LYS19__015__0,3NY7_B_LYS19,15,0,0.54375094,B,0,0.54375094,True,B,0.54375094,3.0693788528442383,0.10717710107564926,-58.6029;-178.8346;-63.8399;-69.0926,g-/t/g-/g-,1.3971;1.1654;3.8399;9.0926,45.0000;45.0000;45.0000;60.0000,True,True,3.237828621524664,B:GLN20:N,1.237828621524664,True,4.982862626073127,"sym2[-1,0,1]/S:HOH138:O",3.102862630841498,True,True,True,80.75776672363281,81.05062866210938,-0.2928619384765625,True,True
expanded13,3NY7_B_LYS19__015__1,3NY7_B_LYS19,15,1,0.42489243,A,1,0.42489243,True,A,0.42489243,0.30550700426101685,2.925666093826294,-71.8863;-143.0699;167.0048;-166.4619,g-/t/t/t,11.8863;36.9301;12.9952;13.5381,45.0000;45.0000;45.0000;60.0000,True,True,3.237828621524664,B:GLN20:N,1.237828621524664,True,4.914107564630662,"sym2[-1,0,1]/S:HOH109:O",3.3541076218511208,True,True,True,83.7255630493164,89.36123657226562,-5.635673522949219,True,True
expanded13,3NY7_B_LYS19__016__1,3NY7_B_LYS19,16,1,0.53903067,B,0,0.53903067,True,B,0.53903067,3.069690465927124,0.10670872032642365,-58.5687;-178.8173;-63.8436;-69.1005,g-/t/g-/g-,1.4313;1.1827;3.8436;9.1005,45.0000;45.0000;45.0000;60.0000,True,True,3.237828621524664,B:GLN20:N,1.237828621524664,True,4.982486402569253,"sym2[-1,0,1]/S:HOH138:O",3.102486407337625,True,True,True,80.7633056640625,81.05062866210938,-0.287322998046875,True,True
expanded13,3NY7_B_LYS19__016__2,3NY7_B_LYS19,16,2,0.42629048,A,1,0.42629048,True,A,0.42629048,0.29183411598205566,2.9310619831085205,-71.3985;-142.5190;166.4792;-166.4655,g-/t/t/t,11.3985;37.4810;13.5208;13.5345,45.0000;45.0000;45.0000;60.0000,True,True,3.237828621524664,B:GLN20:N,1.237828621524664,True,4.919334785110153,"sym2[-1,0,1]/S:HOH109:O",3.359334842330612,True,True,True,83.88306427001953,89.36123657226562,-5.478172302246094,True,True
expanded13,3NY7_B_LYS19__017__0,3NY7_B_LYS19,17,0,0.067832641,other,0,0.067832641,True,other,0.067832641,1.3531880378723145,3.952221393585205,-89.0818;-86.8080;-179.0716;-160.0983,g-/g-/t/t,29.0818;26.8080;0.9284;19.9017,45.0000;45.0000;45.0000;60.0000,True,True,3.237828621524664,B:GLN20:N,1.237828621524664,True,5.282725504869354,"sym0[-1,0,0]/S:HOH49:O",3.502725533479584,True,True,True,75.1907958984375,nan,nan,False,False
expanded13,3NY7_B_LYS19__017__1,3NY7_B_LYS19,17,1,0.37058899,A,1,0.37058899,True,A,0.37058899,0.3779497444629669,2.8604509830474854,-71.0615;-145.7621;167.1563;-166.0470,g-/t/t/t,11.0615;34.2379;12.8437;13.9530,45.0000;45.0000;45.0000;60.0000,True,True,3.237828621524664,B:GLN20:N,1.237828621524664,True,4.785588546789909,"sym2[-1,0,1]/S:HOH109:O",3.225588604010368,True,True,True,83.04998779296875,89.36123657226562,-6.311248779296875,True,True
expanded13,3NY7_B_LYS19__017__3,3NY7_B_LYS19,17,3,0.52715999,B,2,0.52715999,True,B,0.52715999,3.068636894226074,0.10440081357955933,-58.4710;-178.6949;-63.9852;-69.0984,g-/t/g-/g-,1.5290;1.3051;3.9852;9.0984,45.0000;45.0000;45.0000;60.0000,True,True,3.237828621524664,B:GLN20:N,1.237828621524664,True,4.977844902367891,"sym2[-1,0,1]/S:HOH138:O",3.0978449071362624,True,True,True,80.73627471923828,81.05062866210938,-0.31435394287109375,True,True
expanded13,3NY7_B_LYS19__018__1,3NY7_B_LYS19,18,1,0.54292452,B,0,0.54292452,True,B,0.54292452,3.0658740997314453,0.10602042078971863,-58.6421;-178.6389;-63.4816;-69.3249,g-/t/g-/g-,1.3579;1.3611;3.4816;9.3249,45.0000;45.0000;45.0000;60.0000,True,True,3.237828621524664,B:GLN20:N,1.237828621524664,True,4.975943020951882,"sym2[-1,0,1]/S:HOH138:O",3.0959430257202536,True,True,True,80.77851867675781,81.05062866210938,-0.2721099853515625,True,True
expanded13,3NY7_B_LYS19__018__2,3NY7_B_LYS19,18,2,0.43997273,A,1,0.43997273,True,A,0.43997273,0.28271791338920593,2.939316511154175,-71.5761;-142.0259;166.7173;-166.8596,g-/t/t/t,11.5761;37.9741;13.2827;13.1404,45.0000;45.0000;45.0000;60.0000,True,True,3.237828621524664,B:GLN20:N,1.237828621524664,True,5.176693176911364,"sym0[-1,0,0]/S:HOH176:O",3.3566931244592766,True,True,True,83.97196197509766,89.36123657226562,-5.389274597167969,True,True
expanded13,3NY7_B_LYS19__019__1,3NY7_B_LYS19,19,1,0.43690029,A,0,0.43690029,True,A,0.43690029,0.28276240825653076,2.942697286605835,-71.8343;-142.0222;166.8579;-166.9502,g-/t/t/t,11.8343;37.9778;13.1421;13.0498,45.0000;45.0000;45.0000;60.0000,True,True,3.237828621524664,B:GLN20:N,1.237828621524664,True,5.183886686579151,"sym0[-1,0,0]/S:HOH176:O",3.3638866341270637,True,True,True,83.97734069824219,89.36123657226562,-5.3838958740234375,True,True
expanded13,3NY7_B_LYS19__019__2,3NY7_B_LYS19,19,2,0.54317534,B,1,0.54317534,True,B,0.54317534,3.0638487339019775,0.11006195843219757,-58.9146;-178.8051;-63.5466;-69.1433,g-/t/g-/g-,1.0854;1.1949;3.5466;9.1433,45.0000;45.0000;45.0000;60.0000,True,True,3.237828621524664,B:GLN20:N,1.237828621524664,True,4.981190545339991,"sym2[-1,0,1]/S:HOH138:O",3.1011905501083623,True,True,True,80.74666595458984,81.05062866210938,-0.30396270751953125,True,True
expanded13,3NY7_B_LYS19__020__0,3NY7_B_LYS19,20,0,0.47114021,A,0,0.47114021,True,A,0.47114021,0.3338387608528137,2.898005723953247,-70.4440;-145.3883;164.6159;-162.2487,g-/t/t/t,10.4440;34.6117;15.3841;17.7513,45.0000;45.0000;45.0000;60.0000,True,True,3.237828621524664,B:GLN20:N,1.237828621524664,True,4.901104705727786,"sym2[-1,0,1]/S:HOH109:O",3.3411047629482447,True,True,True,83.56302642822266,89.36123657226562,-5.798210144042969,True,True
expanded13,3NY7_B_LYS19__020__2,3NY7_B_LYS19,20,2,0.48738056,B,1,0.48738056,True,B,0.48738056,3.0856189727783203,0.7345317602157593,-69.4736;131.0512;50.2339;-167.2653,g-/t/g+/t,9.4736;48.9488;9.7661;12.7347,45.0000;45.0000;45.0000;60.0000,False,False,3.237828621524664,B:GLN20:N,1.237828621524664,True,4.35426224036464,"sym2[-1,0,1]/S:HOH138:O",2.474262245133011,True,True,False,86.61835479736328,81.05062866210938,5.567726135253906,False,False
expanded13,3NY7_B_LYS19__021__0,3NY7_B_LYS19,21,0,0.44266257,A,0,0.44266257,True,A,0.44266257,0.28046295046806335,2.9418387413024902,-71.6437;-141.9397;166.7785;-166.8188,g-/t/t/t,11.6437;38.0603;13.2215;13.1812,45.0000;45.0000;45.0000;60.0000,True,True,3.237828621524664,B:GLN20:N,1.237828621524664,True,5.176485225956204,"sym0[-1,0,0]/S:HOH176:O",3.356485173504117,True,True,True,83.99735260009766,89.36123657226562,-5.363883972167969,True,True
expanded13,3NY7_B_LYS19__021__2,3NY7_B_LYS19,21,2,0.55003989,B,1,0.55003989,True,B,0.55003989,3.068408727645874,0.10890403389930725,-58.7422;-178.9062;-63.7107;-69.1521,g-/t/g-/g-,1.2578;1.0938;3.7107;9.1521,45.0000;45.0000;45.0000;60.0000,True,True,3.237828621524664,B:GLN20:N,1.237828621524664,True,4.983895889104207,"sym2[-1,0,1]/S:HOH138:O",3.1038958938725782,True,True,True,80.76266479492188,81.05062866210938,-0.2879638671875,True,True
expanded13,3NY7_B_LYS19__022__1,3NY7_B_LYS19,22,1,0.39573687,A,0,0.39573687,True,A,0.39573687,0.3384767174720764,2.897645950317383,-71.7962;-144.2071;167.3903;-166.7957,g-/t/t/t,11.7962;35.7929;12.6097;13.2043,45.0000;45.0000;45.0000;60.0000,True,True,3.237828621524664,B:GLN20:N,1.237828621524664,True,4.855603921818552,"sym2[-1,0,1]/S:HOH109:O",3.2956039790390106,True,True,True,83.40023040771484,89.36123657226562,-5.961006164550781,True,True
expanded13,3NY7_B_LYS19__022__2,3NY7_B_LYS19,22,2,0.52999383,B,1,0.52999383,True,B,0.52999383,3.058879852294922,0.11107677966356277,-59.0320;-178.6419;-63.5442;-68.9785,g-/t/g-/g-,0.9680;1.3581;3.5442;8.9785,45.0000;45.0000;45.0000;60.0000,True,True,3.237828621524664,B:GLN20:N,1.237828621524664,True,4.978587281953627,"sym2[-1,0,1]/S:HOH138:O",3.0985872867219983,True,True,True,80.68428039550781,81.05062866210938,-0.3663482666015625,True,True
expanded13,3NY7_B_LYS19__023__0,3NY7_B_LYS19,23,0,0.068278156,other,0,0.068278156,True,other,0.068278156,2.4765281677246094,2.9975955486297607,-59.1383;-49.3211;175.7685;-60.7332,g-/g-/t/g-,0.8617;10.6789;4.2315;0.7332,45.0000;45.0000;45.0000;60.0000,True,True,3.237828621524664,B:GLN20:N,1.237828621524664,True,3.161711072361362,"sym2[-1,0,1]/S:HOH229:O",1.76171109620322,True,True,True,73.1919937133789,nan,nan,False,False
expanded13,3NY7_B_LYS19__023__1,3NY7_B_LYS19,23,1,0.41243839,A,1,0.41243839,True,A,0.41243839,0.285727858543396,2.9383668899536133,-71.6249;-142.3370;166.6931;-166.1541,g-/t/t/t,11.6249;37.6630;13.3069;13.8459,45.0000;45.0000;45.0000;60.0000,True,True,3.237828621524664,B:GLN20:N,1.237828621524664,True,5.181018341282826,"sym0[-1,0,0]/S:HOH176:O",3.3610182888307385,True,True,True,83.94298553466797,89.36123657226562,-5.418251037597656,True,True
expanded13,3NY7_B_LYS19__023__2,3NY7_B_LYS19,23,2,0.515185,B,2,0.515185,True,B,0.515185,3.06636118888855,0.1101115271449089,-58.7283;-178.7195;-63.6924;-68.7473,g-/t/g-/g-,1.2717;1.2805;3.6924;8.7473,45.0000;45.0000;45.0000;60.0000,True,True,3.237828621524664,B:GLN20:N,1.237828621524664,True,4.987984357611639,"sym2[-1,0,1]/S:HOH138:O",3.1079843623800105,True,True,True,80.74215698242188,81.05062866210938,-0.3084716796875,True,True
expanded13,3NY7_B_LYS19__024__0,3NY7_B_LYS19,24,0,0.43261421,A,0,0.43261421,True,A,0.43261421,0.2870013117790222,2.9346940517425537,-71.4572;-142.2317;166.6365;-166.7186,g-/t/t/t,11.4572;37.7683;13.3635;13.2814,45.0000;45.0000;45.0000;60.0000,True,True,3.237828621524664,B:GLN20:N,1.237828621524664,True,5.177138789781884,"sym0[-1,0,0]/S:HOH176:O",3.3571387373297963,True,True,True,83.93021392822266,89.36123657226562,-5.431022644042969,True,True
expanded13,3NY7_B_LYS19__024__3,3NY7_B_LYS19,24,3,0.54264694,B,1,0.54264694,True,B,0.54264694,3.0678961277008057,0.10691884160041809,-58.6404;-178.7618;-63.6330;-69.2045,g-/t/g-/g-,1.3596;1.2382;3.6330;9.2045,45.0000;45.0000;45.0000;60.0000,True,True,3.237828621524664,B:GLN20:N,1.237828621524664,True,4.980463166887967,"sym2[-1,0,1]/S:HOH138:O",3.1004631716563384,True,True,True,80.7736587524414,81.05062866210938,-0.27696990966796875,True,True
expanded13,3NY7_B_LYS19__025__1,3NY7_B_LYS19,25,1,0.52704,B,0,0.52704,True,B,0.52704,3.0537304878234863,0.09852685779333115,-58.4700;-178.0285;-64.3863;-69.1783,g-/t/g-/g-,1.5300;1.9715;4.3863;9.1783,45.0000;45.0000;45.0000;60.0000,True,True,3.237828621524664,B:GLN20:N,1.237828621524664,True,4.949455658279874,"sym2[-1,0,1]/S:HOH138:O",3.0694556630482452,True,True,True,80.58290100097656,81.05062866210938,-0.4677276611328125,True,True
expanded13,3NY7_B_LYS19__025__2,3NY7_B_LYS19,25,2,0.4325577,A,1,0.4325577,True,A,0.4325577,0.2820480465888977,2.9499361515045166,-72.3651;-141.5995;167.1918;-168.4849,g-/t/t/t,12.3651;38.4005;12.8082;11.5151,45.0000;45.0000;45.0000;60.0000,True,True,3.237828621524664,B:GLN20:N,1.237828621524664,True,5.196934786918598,"sym0[-1,0,0]/S:HOH176:O",3.37693473446651,True,True,True,84.01445770263672,89.36123657226562,-5.346778869628906,True,True
expanded13,3NY7_B_LYS19__026__0,3NY7_B_LYS19,26,0,0.065360822,other,0,0.065360822,True,other,0.065360822,1.247080683708191,3.3301753997802734,-83.0340;-82.6454;-164.2624;-60.6792,g-/g-/t/g-,23.0340;22.6454;15.7376;0.6792,45.0000;45.0000;45.0000;60.0000,True,True,3.237828621524664,B:GLN20:N,1.237828621524664,True,4.331741953440257,"sym0[-1,0,0]/S:HOH49:O",2.551741982050486,True,True,True,73.55107116699219,nan,nan,False,False
expanded13,3NY7_B_LYS19__026__1,3NY7_B_LYS19,26,1,0.54102945,B,1,0.54102945,True,B,0.54102945,3.0700783729553223,0.10565104335546494,-58.5123;-178.8105;-63.9587;-69.1247,g-/t/g-/g-,1.4877;1.1895;3.9587;9.1247,45.0000;45.0000;45.0000;60.0000,True,True,3.237828621524664,B:GLN20:N,1.237828621524664,True,4.980753104916646,"sym2[-1,0,1]/S:HOH138:O",3.1007531096850176,True,True,True,80.7624282836914,81.05062866210938,-0.28820037841796875,True,True
expanded13,3NY7_B_LYS19__026__2,3NY7_B_LYS19,26,2,0.38219255,A,2,0.38219255,True,A,0.38219255,0.36541077494621277,2.8727331161499023,-71.2873;-145.2871;166.9979;-166.5345,g-/t/t/t,11.2873;34.7129;13.0021;13.4655,45.0000;45.0000;45.0000;60.0000,True,True,3.237828621524664,B:GLN20:N,1.237828621524664,True,4.8073326267753735,"sym2[-1,0,1]/S:HOH109:O",3.2473326839958325,True,True,True,83.15172576904297,89.36123657226562,-6.209510803222656,True,True
expanded13,3NY7_B_LYS19__027__1,3NY7_B_LYS19,27,1,0.53232723,B,0,0.53232723,True,B,0.53232723,3.0594546794891357,0.11277619749307632,-59.1022;-178.7214;-63.4800;-68.9245,g-/t/g-/g-,0.8978;1.2786;3.4800;8.9245,45.0000;45.0000;45.0000;60.0000,True,True,3.237828621524664,B:GLN20:N,1.237828621524664,True,4.982419647372055,"sym2[-1,0,1]/S:HOH138:O",3.1024196521404264,True,True,True,80.7086181640625,81.05062866210938,-0.342010498046875,True,True
expanded13,3NY7_B_LYS19__027__3,3NY7_B_LYS19,27,3,0.42943645,A,1,0.42943645,True,A,0.42943645,0.28409186005592346,2.939823627471924,-71.6353;-142.0744;166.5634;-167.1079,g-/t/t/t,11.6353;37.9256;13.4366;12.8921,45.0000;45.0000;45.0000;60.0000,True,True,3.237828621524664,B:GLN20:N,1.237828621524664,True,5.180660765343071,"sym0[-1,0,0]/S:HOH176:O",3.360660712890984,True,True,True,83.9626693725586,89.36123657226562,-5.398567199707031,True,True
expanded13,3NY7_B_LYS19__028__1,3NY7_B_LYS19,28,1,0.05112632,other,0,0.05112632,True,other,0.05112632,1.359381079673767,2.9905359745025635,-62.4008;-60.5750;-179.5874;60.8442,g-/g-/t/g+,2.4008;0.5750;0.4126;0.8442,45.0000;45.0000;45.0000;60.0000,True,True,3.237828621524664,B:GLN20:N,1.237828621524664,True,4.463704966876598,"sym2[-1,0,1]/S:HOH229:O",3.063704990718456,True,True,True,71.8148193359375,nan,nan,False,False
expanded13,3NY7_B_LYS19__028__2,3NY7_B_LYS19,28,2,0.40500957,A,1,0.40500957,True,A,0.40500957,0.3197110593318939,2.9334323406219482,-72.9666;-143.6884;167.0817;-166.7352,g-/t/t/t,12.9666;36.3116;12.9183;13.2648,45.0000;45.0000;45.0000;60.0000,True,True,3.237828621524664,B:GLN20:N,1.237828621524664,True,4.942762799911442,"sym2[-1,0,1]/S:HOH109:O",3.382762857131901,True,True,True,83.63217163085938,89.36123657226562,-5.72906494140625,True,True
expanded13,3NY7_B_LYS19__028__3,3NY7_B_LYS19,28,3,0.54014325,B,2,0.54014325,True,B,0.54014325,3.066702127456665,0.10630745440721512,-58.5791;-178.6593;-63.8807;-68.9556,g-/t/g-/g-,1.4209;1.3407;3.8807;8.9556,45.0000;45.0000;45.0000;60.0000,True,True,3.237828621524664,B:GLN20:N,1.237828621524664,True,4.980282681746118,"sym2[-1,0,1]/S:HOH138:O",3.1002826865144897,True,True,True,80.73329162597656,81.05062866210938,-0.3173370361328125,True,True
expanded13,3NY7_B_LYS19__029__0,3NY7_B_LYS19,29,0,0.50526637,B,0,0.50526637,True,B,0.50526637,3.061760902404785,0.1125338226556778,-58.8770;-178.5953;-63.7521;-68.3934,g-/t/g-/g-,1.1230;1.4047;3.7521;8.3934,45.0000;45.0000;45.0000;60.0000,True,True,3.237828621524664,B:GLN20:N,1.237828621524664,True,4.989769844331668,"sym2[-1,0,1]/S:HOH138:O",3.109769849100039,True,True,True,80.67764282226562,81.05062866210938,-0.37298583984375,True,True
expanded13,3NY7_B_LYS19__029__2,3NY7_B_LYS19,29,2,0.39149854,A,1,0.39149854,True,A,0.39149854,0.31696248054504395,2.9179155826568604,-71.5425;-144.0889;165.8935;-165.0277,g-/t/t/t,11.5425;35.9111;14.1065;14.9723,45.0000;45.0000;45.0000;60.0000,True,True,3.237828621524664,B:GLN20:N,1.237828621524664,True,4.9163134948289295,"sym2[-1,0,1]/S:HOH109:O",3.3563135520493885,True,True,True,83.63231658935547,89.36123657226562,-5.728919982910156,True,True
expanded13,3NY7_B_LYS19__029__3,3NY7_B_LYS19,29,3,0.063961506,other,2,0.063961506,True,other,0.063961506,3.7748284339904785,4.7376556396484375,176.3922;48.1994;-170.1917;60.2994,t/g+/t/g+,3.6078;11.8006;9.8083;0.2994,45.0000;45.0000;45.0000;60.0000,True,True,2.914532404270324,B:GLU21:N,0.9145324042703238,True,5.705149685155851,"sym0[-1,0,0]/S:HOH312:O",4.7651496875400365,True,True,True,119.04354858398438,nan,nan,False,False
expanded13,3NY7_B_LYS19__030__0,3NY7_B_LYS19,30,0,0.54000336,B,0,0.54000336,True,B,0.54000336,3.0694878101348877,0.10747233778238297,-58.6239;-178.8615;-63.8221;-69.1165,g-/t/g-/g-,1.3761;1.1385;3.8221;9.1165,45.0000;45.0000;45.0000;60.0000,True,True,3.237828621524664,B:GLN20:N,1.237828621524664,True,4.9831444438716295,"sym2[-1,0,1]/S:HOH138:O",3.103144448640001,True,True,True,80.76533508300781,81.05062866210938,-0.2852935791015625,True,True
expanded13,3NY7_B_LYS19__030__1,3NY7_B_LYS19,30,1,0.42316872,A,1,0.42316872,True,A,0.42316872,0.2995167672634125,2.920664072036743,-71.0624;-142.7366;166.4383;-166.5002,g-/t/t/t,11.0624;37.2634;13.5617;13.4998,45.0000;45.0000;45.0000;60.0000,True,True,3.237828621524664,B:GLN20:N,1.237828621524664,True,4.894677008435181,"sym2[-1,0,1]/S:HOH109:O",3.33467706565564,True,True,True,83.80624389648438,89.36123657226562,-5.55499267578125,True,True
expanded13,3NY7_B_LYS19__031__0,3NY7_B_LYS19,31,0,0.40460831,A,0,0.40460831,True,A,0.40460831,0.3385077118873596,2.910355806350708,-72.1843;-144.9860;166.1296;-165.3172,g-/t/t/t,12.1843;35.0140;13.8704;14.6828,45.0000;45.0000;45.0000;60.0000,True,True,3.237828621524664,B:GLN20:N,1.237828621524664,True,4.908306286108825,"sym2[-1,0,1]/S:HOH109:O",3.348306343329284,True,True,True,83.42074584960938,89.36123657226562,-5.94049072265625,True,True
expanded13,3NY7_B_LYS19__031__1,3NY7_B_LYS19,31,1,0.33285615,B,1,0.33285615,True,B,0.33285615,3.0293140411376953,0.9549093246459961,-65.7610;179.0079;-71.0671;64.1164,g-/t/g-/g+,5.7610;0.9921;11.0671;4.1164,45.0000;45.0000;45.0000;60.0000,True,True,3.237828621524664,B:GLN20:N,1.237828621524664,True,5.140970621827229,"sym2[-1,0,1]/S:HOH138:O",3.2609706265956007,True,True,True,100.6630630493164,81.05062866210938,19.61243438720703,False,False
expanded13,3NY7_B_LYS19__031__3,3NY7_B_LYS19,31,3,0.22459774,other,2,0.22459774,True,other,0.22459774,3.2443478107452393,1.3074923753738403,-64.8788;77.8784;64.7448;62.6370,g-/g+/g+/g+,4.8788;17.8784;4.7448;2.6370,45.0000;45.0000;45.0000;60.0000,True,True,3.237828621524664,B:GLN20:N,1.237828621524664,True,4.706938618034303,"sym2[-1,0,1]/S:HOH138:O",2.8269386228026745,True,True,True,82.53164672851562,nan,nan,False,False
expanded13,3NY7_B_LYS19__032__0,3NY7_B_LYS19,32,0,0.55297083,B,0,0.55297083,True,B,0.55297083,3.0691323280334473,0.10900726914405823,-58.7279;-178.9366;-63.7450;-69.1449,g-/t/g-/g-,1.2721;1.0634;3.7450;9.1449,45.0000;45.0000;45.0000;60.0000,True,True,3.237828621524664,B:GLN20:N,1.237828621524664,True,4.984694614200068,"sym2[-1,0,1]/S:HOH138:O",3.1046946189684395,True,True,True,80.77438354492188,81.05062866210938,-0.2762451171875,True,True
expanded13,3NY7_B_LYS19__032__1,3NY7_B_LYS19,32,1,0.44204205,A,1,0.44204205,True,A,0.44204205,0.28037452697753906,2.9423015117645264,-71.6674;-141.9423;166.7770;-166.8136,g-/t/t/t,11.6674;38.0577;13.2230;13.1864,45.0000;45.0000;45.0000;60.0000,True,True,3.237828621524664,B:GLN20:N,1.237828621524664,True,5.177162439958086,"sym0[-1,0,0]/S:HOH176:O",3.3571623875059986,True,True,True,83.99737548828125,89.36123657226562,-5.363861083984375,True,True
expanded13,3NY7_B_LYS19__033__1,3NY7_B_LYS19,33,1,0.44558045,A,0,0.44558045,True,A,0.44558045,0.2808959484100342,2.9418985843658447,-71.5896;-142.0801;166.5817;-166.4558,g-/t/t/t,11.5896;37.9199;13.4183;13.5442,45.0000;45.0000;45.0000;60.0000,True,True,3.237828621524664,B:GLN20:N,1.237828621524664,True,5.176426353031407,"sym0[-1,0,0]/S:HOH176:O",3.3564263005793196,True,True,True,83.99301147460938,89.36123657226562,-5.36822509765625,True,True
expanded13,3NY7_B_LYS19__033__2,3NY7_B_LYS19,33,2,0.052992333,other,1,0.052992333,True,other,0.052992333,2.808716058731079,1.2522224187850952,-36.4052;159.3744;151.1256;66.1976,g-/t/t/g+,23.5948;20.6256;28.8744;6.1976,45.0000;45.0000;45.0000;60.0000,True,True,3.237828621524664,B:GLN20:N,1.237828621524664,True,3.201467331459236,"sym2[-1,0,1]/S:HOH229:O",1.801467355301094,True,True,True,79.23951721191406,nan,nan,False,False
expanded13,3NY7_B_LYS19__033__3,3NY7_B_LYS19,33,3,0.46219173,B,2,0.46219173,True,B,0.46219173,3.062732219696045,0.13393324613571167,-59.2157;-178.4301;-62.2435;-67.0192,g-/t/g-/g-,0.7843;1.5699;2.2435;7.0192,45.0000;45.0000;45.0000;60.0000,True,True,3.237828621524664,B:GLN20:N,1.237828621524664,True,5.034883125296067,"sym2[-1,0,1]/S:HOH138:O",3.154883130064438,True,True,True,80.79034423828125,81.05062866210938,-0.260284423828125,True,True
expanded13,3NY7_B_LYS19__034__0,3NY7_B_LYS19,34,0,0.057613425,other,0,0.057613425,True,other,0.057613425,3.0545430183410645,1.1154364347457886,-61.8021;179.3741;-62.4966;59.2233,g-/t/g-/g+,1.8021;0.6259;2.4966;0.7767,45.0000;45.0000;45.0000;60.0000,True,True,2.997802620623624,B:GLU21:CG,0.9978026206236241,True,5.265627841033447,"sym2[-1,0,1]/S:HOH138:O",3.3856278458018183,True,True,True,112.23800659179688,nan,nan,False,False
expanded13,3NY7_B_LYS19__034__1,3NY7_B_LYS19,34,1,0.45397332,A,1,0.45397332,True,A,0.45397332,0.3095235526561737,2.919313907623291,-71.3135;-143.7399;166.1049;-164.7210,g-/t/t/t,11.3135;36.2601;13.8951;15.2790,45.0000;45.0000;45.0000;60.0000,True,True,3.237828621524664,B:GLN20:N,1.237828621524664,True,4.91693313255571,"sym2[-1,0,1]/S:HOH109:O",3.3569331897761687,True,True,True,83.7041015625,89.36123657226562,-5.657135009765625,True,True
expanded13,3NY7_B_LYS19__034__2,3NY7_B_LYS19,34,2,0.45053798,B,2,0.45053798,True,B,0.45053798,3.14945387840271,0.6392838954925537,-62.9894;162.2235;-66.4733;-172.8364,g-/t/g-/t,2.9894;17.7765;6.4733;7.1636,45.0000;45.0000;45.0000;60.0000,True,True,3.237828621524664,B:GLN20:N,1.237828621524664,True,4.038301942700628,"sym2[-1,0,1]/S:HOH138:O",2.158301947469,True,True,True,81.0700912475586,81.05062866210938,0.01946258544921875,True,True
expanded13,3NY7_B_LYS19__035__0,3NY7_B_LYS19,35,0,0.43166754,A,0,0.43166754,True,A,0.43166754,0.29279255867004395,2.9338693618774414,-71.3602;-142.9429;165.7926;-165.4998,g-/t/t/t,11.3602;37.0571;14.2074;14.5002,45.0000;45.0000;45.0000;60.0000,True,True,3.237828621524664,B:GLN20:N,1.237828621524664,True,5.184939565361074,"sym0[-1,0,0]/S:HOH176:O",3.364939512908987,True,True,True,83.8749771118164,89.36123657226562,-5.486259460449219,True,True
expanded13,3NY7_B_LYS19__035__1,3NY7_B_LYS19,35,1,0.54326206,B,1,0.54326206,True,B,0.54326206,3.0685136318206787,0.10233654826879501,-58.3694;-178.6520;-64.2800;-69.0766,g-/t/g-/g-,1.6306;1.3480;4.2800;9.0766,45.0000;45.0000;45.0000;60.0000,True,True,3.237828621524664,B:GLN20:N,1.237828621524664,True,4.974026370432492,"sym2[-1,0,1]/S:HOH138:O",3.0940263752008637,True,True,True,80.71257781982422,81.05062866210938,-0.33805084228515625,True,True
expanded13,3NY7_B_LYS19__036__1,3NY7_B_LYS19,36,1,0.54281771,B,0,0.54281771,True,B,0.54281771,3.073391914367676,0.10798893123865128,-58.5557;-179.0150;-63.8709;-69.1730,g-/t/g-/g-,1.4443;0.9850;3.8709;9.1730,45.0000;45.0000;45.0000;60.0000,True,True,3.237828621524664,B:GLN20:N,1.237828621524664,True,4.98678957409638,"sym2[-1,0,1]/S:HOH138:O",3.1067895788647517,True,True,True,80.79757690429688,81.05062866210938,-0.2530517578125,True,True
expanded13,3NY7_B_LYS19__036__3,3NY7_B_LYS19,36,3,0.42884183,A,1,0.42884183,True,A,0.42884183,0.29621562361717224,2.926363229751587,-71.4411;-142.7341;166.9745;-165.8477,g-/t/t/t,11.4411;37.2659;13.0255;14.1523,45.0000;45.0000;45.0000;60.0000,True,True,3.237828621524664,B:GLN20:N,1.237828621524664,True,4.914655801014181,"sym2[-1,0,1]/S:HOH109:O",3.35465585823464,True,True,True,83.82351684570312,89.36123657226562,-5.5377197265625,True,True
expanded13,3NY7_B_LYS19__037__0,3NY7_B_LYS19,37,0,0.40135762,A,0,0.40135762,True,A,0.40135762,0.3272198736667633,2.9286603927612305,-73.0458;-144.0238;167.1587;-166.6210,g-/t/t/t,13.0458;35.9762;12.8413;13.3790,45.0000;45.0000;45.0000;60.0000,True,True,3.237828621524664,B:GLN20:N,1.237828621524664,True,4.935926912772025,"sym2[-1,0,1]/S:HOH109:O",3.3759269699924843,True,True,True,83.56214141845703,89.36123657226562,-5.799095153808594,True,True
expanded13,3NY7_B_LYS19__037__1,3NY7_B_LYS19,37,1,0.052290652,other,1,0.052290652,True,other,0.052290652,1.2768433094024658,3.0296168327331543,-63.9860;-60.3356;-177.2861;61.5501,g-/g-/t/g+,3.9860;0.3356;2.7139;1.5501,45.0000;45.0000;45.0000;60.0000,True,True,3.237828621524664,B:GLN20:N,1.237828621524664,True,4.863791916429802,"sym0[-1,0,0]/S:HOH49:O",3.0837919450400317,True,True,True,71.80067443847656,nan,nan,False,False
expanded13,3NY7_B_LYS19__037__2,3NY7_B_LYS19,37,2,0.54211825,B,2,0.54211825,True,B,0.54211825,3.0666756629943848,0.10621356219053268,-58.5798;-178.6643;-63.8963;-68.9664,g-/t/g-/g-,1.4202;1.3357;3.8963;8.9664,45.0000;45.0000;45.0000;60.0000,True,True,3.237828621524664,B:GLN20:N,1.237828621524664,True,4.979956041976829,"sym2[-1,0,1]/S:HOH138:O",3.0999560467452003,True,True,True,80.71864318847656,81.05062866210938,-0.3319854736328125,True,True
expanded13,3NY7_B_LYS19__038__0,3NY7_B_LYS19,38,0,0.54492718,B,0,0.54492718,True,B,0.54492718,3.0670738220214844,0.10622023791074753,-58.5782;-178.6970;-63.9477;-68.9717,g-/t/g-/g-,1.4218;1.3030;3.9477;8.9717,45.0000;45.0000;45.0000;60.0000,True,True,3.237828621524664,B:GLN20:N,1.237828621524664,True,4.980131276726561,"sym2[-1,0,1]/S:HOH138:O",3.1001312814949324,True,True,True,80.71656036376953,81.05062866210938,-0.33406829833984375,True,True
expanded13,3NY7_B_LYS19__038__3,3NY7_B_LYS19,38,3,0.41172272,A,1,0.41172272,True,A,0.41172272,0.32066231966018677,2.923642635345459,-72.5809;-143.3813;167.3048;-167.8648,g-/t/t/t,12.5809;36.6187;12.6952;12.1352,45.0000;45.0000;45.0000;60.0000,True,True,3.237828621524664,B:GLN20:N,1.237828621524664,True,4.905584309656007,"sym2[-1,0,1]/S:HOH109:O",3.3455843668764658,True,True,True,83.5997085571289,89.36123657226562,-5.761528015136719,True,True
expanded13,3NY7_B_LYS19__039__2,3NY7_B_LYS19,39,2,0.48859537,B,0,0.48859537,True,B,0.48859537,3.1060242652893066,0.7776259183883667,-65.6266;174.6391;-83.3705;66.3247,g-/t/g-/g+,5.6266;5.3609;23.3705;6.3247,45.0000;45.0000;45.0000;60.0000,True,True,3.237828621524664,B:GLN20:N,1.237828621524664,True,5.059767286997412,"sym2[-1,0,1]/S:HOH138:O",3.179767291765784,True,True,True,86.58575439453125,81.05062866210938,5.535125732421875,False,False
expanded13,3NY7_B_LYS19__039__3,3NY7_B_LYS19,39,3,0.42262676,A,1,0.42262676,True,A,0.42262676,0.3297197222709656,2.9076380729675293,-71.8765;-143.9986;166.8759;-166.8617,g-/t/t/t,11.8765;36.0014;13.1241;13.1383,45.0000;45.0000;45.0000;60.0000,True,True,3.237828621524664,B:GLN20:N,1.237828621524664,True,4.877563914214919,"sym2[-1,0,1]/S:HOH109:O",3.317563971435378,True,True,True,83.48540496826172,89.36123657226562,-5.875831604003906,True,True
expanded13,3NY7_B_LYS19__040__1,3NY7_B_LYS19,40,1,0.5377773,B,0,0.5377773,True,B,0.5377773,3.0675761699676514,0.10615118592977524,-58.5634;-178.7028;-63.9170;-68.9916,g-/t/g-/g-,1.4366;1.2972;3.9170;8.9916,45.0000;45.0000;45.0000;60.0000,True,True,3.237828621524664,B:GLN20:N,1.237828621524664,True,4.980484379249236,"sym2[-1,0,1]/S:HOH138:O",3.1004843840176077,True,True,True,80.72490692138672,81.05062866210938,-0.32572174072265625,True,True
expanded13,3NY7_B_LYS19__040__2,3NY7_B_LYS19,40,2,0.072684191,other,1,0.072684191,True,other,0.072684191,1.1784089803695679,3.4859073162078857,-76.8504;-48.7669;-174.7080;75.2807,g-/g-/t/g+,16.8504;11.2331;5.2920;15.2807,45.0000;45.0000;45.0000;60.0000,True,True,3.237828621524664,B:GLN20:N,1.237828621524664,True,4.814708810559016,"sym0[-1,0,0]/S:HOH49:O",3.0347088391692454,True,True,True,75.11589050292969,nan,nan,False,False
expanded13,3NY7_B_LYS19__040__3,3NY7_B_LYS19,40,3,0.38832498,A,2,0.38832498,True,A,0.38832498,0.35588371753692627,2.882584810256958,-71.6461;-144.8065;167.4099;-166.9591,g-/t/t/t,11.6461;35.1935;12.5901;13.0409,45.0000;45.0000;45.0000;60.0000,True,True,3.237828621524664,B:GLN20:N,1.237828621524664,True,4.824076544405424,"sym2[-1,0,1]/S:HOH109:O",3.2640766016258826,True,True,True,83.23602294921875,89.36123657226562,-6.125213623046875,True,True
expanded13,3NY7_B_LYS19__041__1,3NY7_B_LYS19,41,1,0.058850128,other,0,0.058850128,True,other,0.058850128,1.781542181968689,3.7679526805877686,-60.9140;-60.6929;-60.2543;179.9749,g-/g-/g-/t,0.9140;0.6929;0.2543;0.0251,45.0000;45.0000;45.0000;60.0000,True,True,3.237828621524664,B:GLN20:N,1.237828621524664,True,5.300617893806493,"sym0[-1,0,0]/S:HOH49:O",3.5206179224167222,True,True,True,72.44293212890625,nan,nan,False,False
expanded13,3NY7_B_LYS19__041__2,3NY7_B_LYS19,41,2,0.40505931,A,1,0.40505931,True,A,0.40505931,0.3179969787597656,2.913080930709839,-71.6478;-143.6386;166.9350;-166.0900,g-/t/t/t,11.6478;36.3614;13.0650;13.9100,45.0000;45.0000;45.0000;60.0000,True,True,3.237828621524664,B:GLN20:N,1.237828621524664,True,4.891357593569778,"sym2[-1,0,1]/S:HOH109:O",3.3313576507902374,True,True,True,83.59637451171875,89.36123657226562,-5.764862060546875,True,True
expanded13,3NY7_B_LYS19__041__3,3NY7_B_LYS19,41,3,0.52677155,B,2,0.52677155,True,B,0.52677155,3.065824270248413,0.10744313895702362,-58.6420;-178.6632;-63.8685;-68.8702,g-/t/g-/g-,1.3580;1.3368;3.8685;8.8702,45.0000;45.0000;45.0000;60.0000,True,True,3.237828621524664,B:GLN20:N,1.237828621524664,True,4.981834321042499,"sym2[-1,0,1]/S:HOH138:O",3.101834325810871,True,True,True,80.71977996826172,81.05062866210938,-0.33084869384765625,True,True
expanded13,3NY7_B_LYS19__042__0,3NY7_B_LYS19,42,0,0.40851241,A,0,0.40851241,True,A,0.40851241,0.31338852643966675,2.922074556350708,-72.0543;-143.2023;166.9670;-167.4187,g-/t/t/t,12.0543;36.7977;13.0330;12.5813,45.0000;45.0000;45.0000;60.0000,True,True,3.237828621524664,B:GLN20:N,1.237828621524664,True,4.90066305470311,"sym2[-1,0,1]/S:HOH109:O",3.3406631119235692,True,True,True,83.65421295166016,89.36123657226562,-5.707023620605469,True,True
expanded13,3NY7_B_LYS19__042__1,3NY7_B_LYS19,42,1,0.53347486,B,1,0.53347486,True,B,0.53347486,3.0673696994781494,0.10564979910850525,-58.5330;-178.6716;-63.9851;-68.9552,g-/t/g-/g-,1.4670;1.3284;3.9851;8.9552,45.0000;45.0000;45.0000;60.0000,True,True,3.237828621524664,B:GLN20:N,1.237828621524664,True,4.979750771324417,"sym2[-1,0,1]/S:HOH138:O",3.0997507760927885,True,True,True,80.71906280517578,81.05062866210938,-0.33156585693359375,True,True
expanded13,3NY7_B_LYS19__043__0,3NY7_B_LYS19,43,0,0.097789638,other,0,0.097789638,True,other,0.097789638,1.9568020105361938,3.835421085357666,-60.7083;-55.4964;-57.0892;179.6215,g-/g-/g-/t,0.7083;4.5036;2.9108;0.3785,45.0000;45.0000;45.0000;60.0000,True,True,3.237828621524664,B:GLN20:N,1.237828621524664,True,5.261887572359967,"sym0[-1,0,0]/S:HOH49:O",3.4818876009701967,True,True,True,72.8802261352539,nan,nan,False,False
expanded13,3NY7_B_LYS19__043__1,3NY7_B_LYS19,43,1,0.41548035,A,1,0.41548035,True,A,0.41548035,0.33783283829689026,2.894104480743408,-70.7782;-145.1225;165.5221;-163.6677,g-/t/t/t,10.7782;34.8775;14.4779;16.3323,45.0000;45.0000;45.0000;60.0000,True,True,3.237828621524664,B:GLN20:N,1.237828621524664,True,4.877413602672087,"sym2[-1,0,1]/S:HOH109:O",3.317413659892546,True,True,True,83.46660614013672,89.36123657226562,-5.894630432128906,True,True
expanded13,3NY7_B_LYS19__043__2,3NY7_B_LYS19,43,2,0.44441676,B,2,0.44441676,True,B,0.44441676,3.0980911254882812,0.8140198588371277,-64.4783;176.3213;-80.9866;65.0349,g-/t/g-/g+,4.4783;3.6787;20.9866;5.0349,45.0000;45.0000;45.0000;60.0000,True,True,3.237828621524664,B:GLN20:N,1.237828621524664,True,5.065909808184385,"sym2[-1,0,1]/S:HOH138:O",3.1859098129527563,True,True,True,88.8071517944336,81.05062866210938,7.756523132324219,False,False
expanded13,3NY7_B_LYS19__044__0,3NY7_B_LYS19,44,0,0.3914988,A,0,0.3914988,True,A,0.3914988,0.34411078691482544,2.8915796279907227,-71.4583;-144.7427;166.8268;-165.7925,g-/t/t/t,11.4583;35.2573;13.1732;14.2075,45.0000;45.0000;45.0000;60.0000,True,True,3.237828621524664,B:GLN20:N,1.237828621524664,True,4.852795220220759,"sym2[-1,0,1]/S:HOH109:O",3.2927952774412184,True,True,True,83.34877014160156,89.36123657226562,-6.0124664306640625,True,True
expanded13,3NY7_B_LYS19__044__1,3NY7_B_LYS19,44,1,0.46527517,B,1,0.46527517,True,B,0.46527517,3.0681819915771484,0.8029740452766418,-65.8188;176.6651;-81.4334;67.0775,g-/t/g-/g+,5.8188;3.3349;21.4334;7.0775,45.0000;45.0000;45.0000;60.0000,True,True,3.237828621524664,B:GLN20:N,1.237828621524664,True,5.053299870912446,"sym2[-1,0,1]/S:HOH138:O",3.1732998756808177,True,True,True,87.692138671875,81.05062866210938,6.641510009765625,False,False
expanded13,3NY7_B_LYS19__044__2,3NY7_B_LYS19,44,2,0.088548377,other,2,0.088548377,True,other,0.088548377,3.7979862689971924,1.5875507593154907,-67.3754;75.8360;62.7543;178.3590,g-/g+/g+/t,7.3754;15.8360;2.7543;1.6410,45.0000;45.0000;45.0000;60.0000,True,True,3.237828621524664,B:GLN20:N,1.237828621524664,True,4.497941732222462,"sym2[-1,0,1]/S:HOH229:O",3.09794175606432,True,True,True,76.30064392089844,nan,nan,False,False
expanded13,3NY7_B_LYS19__044__3,3NY7_B_LYS19,44,3,0.054677568,other,3,0.054677568,True,other,0.054677568,1.1089935302734375,2.8464908599853516,-59.4656;-157.7178;81.5972;55.4862,g-/t/g+/g+,0.5344;22.2822;21.5972;4.5138,45.0000;45.0000;45.0000;60.0000,True,True,3.237828621524664,B:GLN20:N,1.237828621524664,True,5.2298607693353905,"sym0[-1,0,0]/S:HOH49:O",3.44986079794562,True,True,True,73.52030944824219,nan,nan,False,False
expanded13,3NY7_B_LYS19__045__0,3NY7_B_LYS19,45,0,0.40852308,A,0,0.40852308,True,A,0.40852308,0.3157842755317688,2.9252054691314697,-72.5289;-143.2168;167.6040;-167.3917,g-/t/t/t,12.5289;36.7832;12.3960;12.6083,45.0000;45.0000;45.0000;60.0000,True,True,3.237828621524664,B:GLN20:N,1.237828621524664,True,4.910690654169345,"sym2[-1,0,1]/S:HOH109:O",3.350690711389804,True,True,True,83.64329528808594,89.36123657226562,-5.7179412841796875,True,True
expanded13,3NY7_B_LYS19__045__1,3NY7_B_LYS19,45,1,0.530855,B,1,0.530855,True,B,0.530855,3.069798469543457,0.10407628864049911,-58.3850;-178.6777;-64.1144;-68.9642,g-/t/g-/g-,1.6150;1.3223;4.1144;8.9642,45.0000;45.0000;45.0000;60.0000,True,True,3.237828621524664,B:GLN20:N,1.237828621524664,True,4.979665621182853,"sym2[-1,0,1]/S:HOH138:O",3.099665625951225,True,True,True,80.73919677734375,81.05062866210938,-0.311431884765625,True,True
expanded13,3NY7_B_LYS19__045__3,3NY7_B_LYS19,45,3,0.058606315,other,2,0.058606315,True,other,0.058606315,1.8938201665878296,3.712528944015503,-67.1448;-54.7360;178.6379;-171.4557,g-/g-/t/t,7.1448;5.2640;1.3621;8.5443,45.0000;45.0000;45.0000;60.0000,True,True,3.237828621524664,B:GLN20:N,1.237828621524664,True,3.7400898674909704,"sym0[-1,0,0]/S:HOH49:O",1.9600898961011999,True,True,True,72.03167724609375,nan,nan,False,False
expanded13,3NY7_B_LYS19__046__0,3NY7_B_LYS19,46,0,0.39467198,other,0,0.39467198,True,other,0.39467198,3.1223483085632324,1.217971682548523,-64.1170;87.9486;62.9441;56.2693,g-/g+/g+/g+,4.1170;27.9486;2.9441;3.7307,45.0000;45.0000;45.0000;60.0000,True,True,3.237828621524664,B:GLN20:N,1.237828621524664,True,4.709168507209506,"sym2[-1,0,1]/S:HOH138:O",2.829168511977878,True,True,True,81.03546905517578,nan,nan,False,False
expanded13,3NY7_B_LYS19__046__1,3NY7_B_LYS19,46,1,0.087316267,other,1,0.087316267,True,other,0.087316267,1.9691733121871948,1.984815001487732,-61.8872;174.7253;57.9695;-178.7776,g-/t/g+/t,1.8872;5.2747;2.0305;1.2224,45.0000;45.0000;45.0000;60.0000,True,True,3.2243882971012168,B:GLU21:OE2,1.2243882971012168,True,5.171370303406457,"sym2[-1,0,1]/S:HOH138:O",3.2913703081748285,True,True,True,71.06729125976562,nan,nan,False,False
expanded13,3NY7_B_LYS19__046__3,3NY7_B_LYS19,46,3,0.51770067,A,2,0.51770067,True,A,0.51770067,0.7420455813407898,2.8177499771118164,-53.4592;-150.3820;79.6124;155.2959,g-/t/g+/t,6.5408;29.6180;19.6124;24.7041,45.0000;45.0000;45.0000;60.0000,True,True,3.237828621524664,B:GLN20:N,1.237828621524664,True,5.057284686683823,"sym2[-1,0,1]/S:HOH109:O",3.497284743904282,True,True,True,83.36151123046875,89.36123657226562,-5.999725341796875,True,True
expanded13,3NY7_B_LYS19__047__2,3NY7_B_LYS19,47,2,0.52843082,B,0,0.52843082,True,B,0.52843082,3.062777519226074,0.11011646687984467,-58.9151;-178.7500;-63.6105;-69.0397,g-/t/g-/g-,1.0849;1.2500;3.6105;9.0397,45.0000;45.0000;45.0000;60.0000,True,True,3.237828621524664,B:GLN20:N,1.237828621524664,True,4.980982747592329,"sym2[-1,0,1]/S:HOH138:O",3.100982752360701,True,True,True,80.7199935913086,81.05062866210938,-0.33063507080078125,True,True
expanded13,3NY7_B_LYS19__047__3,3NY7_B_LYS19,47,3,0.41044682,A,1,0.41044682,True,A,0.41044682,0.30946189165115356,2.9128353595733643,-71.0735;-143.1095;166.5625;-166.5114,g-/t/t/t,11.0735;36.8905;13.4375;13.4886,45.0000;45.0000;45.0000;60.0000,True,True,3.237828621524664,B:GLN20:N,1.237828621524664,True,4.879634587761803,"sym2[-1,0,1]/S:HOH109:O",3.319634644982262,True,True,True,83.7066421508789,89.36123657226562,-5.654594421386719,True,True
expanded13,3NY7_B_LYS19__048__0,3NY7_B_LYS19,48,0,0.55216771,B,0,0.55216771,True,B,0.55216771,3.0677073001861572,0.10758819431066513,-58.7016;-178.8378;-63.7230;-69.2047,g-/t/g-/g-,1.2984;1.1622;3.7230;9.2047,45.0000;45.0000;45.0000;60.0000,True,True,3.237828621524664,B:GLN20:N,1.237828621524664,True,4.98081064633645,"sym2[-1,0,1]/S:HOH138:O",3.1008106511048217,True,True,True,80.76057434082031,81.05062866210938,-0.2900543212890625,True,True
expanded13,3NY7_B_LYS19__048__3,3NY7_B_LYS19,48,3,0.44141811,A,1,0.44141811,True,A,0.44141811,0.2817043960094452,2.9387199878692627,-71.5137;-141.9313;166.7856;-166.9457,g-/t/t/t,11.5137;38.0687;13.2144;13.0543,45.0000;45.0000;45.0000;60.0000,True,True,3.237828621524664,B:GLN20:N,1.237828621524664,True,5.17339952559611,"sym0[-1,0,0]/S:HOH176:O",3.353399473144022,True,True,True,83.98177337646484,89.36123657226562,-5.379463195800781,True,True
expanded13,3NY7_B_LYS19__049__0,3NY7_B_LYS19,49,0,0.55082279,B,0,0.55082279,True,B,0.55082279,3.069162130355835,0.10862687975168228,-58.7104;-178.9162;-63.7160;-69.1681,g-/t/g-/g-,1.2896;1.0838;3.7160;9.1681,45.0000;45.0000;45.0000;60.0000,True,True,3.237828621524664,B:GLN20:N,1.237828621524664,True,4.984123447343585,"sym2[-1,0,1]/S:HOH138:O",3.1041234521119563,True,True,True,80.76686096191406,81.05062866210938,-0.2837677001953125,True,True
expanded13,3NY7_B_LYS19__049__3,3NY7_B_LYS19,49,3,0.44214544,A,1,0.44214544,True,A,0.44214544,0.2808763086795807,2.939664840698242,-71.5094;-141.9409;166.7264;-166.8176,g-/t/t/t,11.5094;38.0591;13.2736;13.1824,45.0000;45.0000;45.0000;60.0000,True,True,3.237828621524664,B:GLN20:N,1.237828621524664,True,5.172927536361884,"sym0[-1,0,0]/S:HOH176:O",3.352927483909797,True,True,True,83.99076843261719,89.36123657226562,-5.3704681396484375,True,True
expanded13,5KWB_A_PHE591__000__2,5KWB_A_PHE591,0,2,0.35327092,A,0,0.35327092,True,A,0.35327092,0.0664849728345871,0.657957136631012,179.7248;-96.4421,t/m-,0.2752;6.4421,45.0000;45.0000,True,True,3.257267432781815,A:SER592:N,1.257267432781815,True,nan,,inf,True,True,True,228.84771728515625,228.7633514404297,0.0843658447265625,True,True
expanded13,5KWB_A_PHE591__000__3,5KWB_A_PHE591,0,3,0.6171158,B,1,0.6171158,True,B,0.6171158,0.5381550788879395,0.08042830973863602,167.7605;90.7702,t/m+,12.2395;0.7702,45.0000;45.0000,True,True,3.1885177402383733,A:SER592:N,1.1885177402383733,True,nan,,inf,True,True,True,202.54161071777344,202.7101287841797,-0.16851806640625,True,True
expanded13,5KWB_A_PHE591__001__0,5KWB_A_PHE591,1,0,0.61839116,B,0,0.61839116,True,B,0.61839116,0.5374754667282104,0.08150450885295868,167.7693;90.6432,t/m+,12.2307;0.6432,45.0000;45.0000,True,True,3.18855429263885,A:SER592:N,1.18855429263885,True,nan,,inf,True,True,True,202.52197265625,202.7101287841797,-0.1881561279296875,True,True
expanded13,5KWB_A_PHE591__001__1,5KWB_A_PHE591,1,1,0.061440613,merged_duplicate,1,0.378988883,False,A,0.0,0.09614329785108566,0.706097424030304,-179.3164;-98.5147,t/m-,0.6836;8.5147,45.0000;45.0000,True,True,3.264353668802483,A:SER592:N,1.264353668802483,True,nan,,inf,True,True,True,77.02839660644531,nan,nan,False,False
expanded13,5KWB_A_PHE591__001__2,5KWB_A_PHE591,1,2,0.31754827,A,1,0.378988883,True,A,0.378988883,0.07696530222892761,0.6522917151451111,179.6403;-95.2945,t/m-,0.3597;5.2945,45.0000;45.0000,True,True,3.256653441935332,A:SER592:N,1.256653441935332,True,nan,,inf,True,True,True,228.86093139648438,228.7633514404297,0.0975799560546875,True,True
expanded13,5KWB_A_PHE591__002__1,5KWB_A_PHE591,2,1,0.35981897,A,0,0.35981897,True,A,0.35981897,0.08169417083263397,0.6738800406455994,-179.6403;83.2585,t/m+,0.3597;6.7415,45.0000;45.0000,True,True,3.261935273758454,A:SER592:N,1.261935273758454,True,nan,,inf,True,True,True,228.85061645507812,228.7633514404297,0.0872650146484375,True,True
expanded13,5KWB_A_PHE591__002__3,5KWB_A_PHE591,2,3,0.6357789,B,1,0.6357789,True,B,0.6357789,0.541923999786377,0.07660268247127533,167.6829;90.8732,t/m+,12.3171;0.8732,45.0000;45.0000,True,True,3.188197160494263,A:SER592:N,1.188197160494263,True,nan,,inf,True,True,True,202.55076599121094,202.7101287841797,-0.15936279296875,True,True
expanded13,5KWB_A_PHE591__003__0,5KWB_A_PHE591,3,0,0.61864984,B,0,0.61864984,True,B,0.61864984,0.5270520448684692,0.09380857646465302,167.7077;-89.4200,t/m-,12.2923;0.5800,45.0000;45.0000,True,True,3.188299764941949,A:SER592:N,1.188299764941949,True,nan,,inf,True,True,True,202.4520263671875,202.7101287841797,-0.2581024169921875,True,True
expanded13,5KWB_A_PHE591__003__2,5KWB_A_PHE591,3,2,0.35027462,A,1,0.35027462,True,A,0.35027462,0.09077111631631851,0.6837199926376343,-179.7136;-96.3138,t/m-,0.2864;6.3138,45.0000;45.0000,True,True,3.2613921297413384,A:SER592:N,1.2613921297413384,True,nan,,inf,True,True,True,228.88839721679688,228.7633514404297,0.1250457763671875,True,True
expanded13,5KWB_A_PHE591__004__0,5KWB_A_PHE591,4,0,0.61689466,B,0,0.61689466,True,B,0.61689466,0.526875913143158,0.09380245953798294,167.7144;-89.3687,t/m-,12.2856;0.6313,45.0000;45.0000,True,True,3.1883272588999674,A:SER592:N,1.1883272588999674,True,nan,,inf,True,True,True,202.4615936279297,202.7101287841797,-0.24853515625,True,True
expanded13,5KWB_A_PHE591__004__1,5KWB_A_PHE591,4,1,0.37770459,A,1,0.37770459,True,A,0.37770459,0.08772589266300201,0.6824904084205627,-179.7466;-96.5044,t/m-,0.2534;6.5044,45.0000;45.0000,True,True,3.261146952448436,A:SER592:N,1.2611469524484362,True,nan,,inf,True,True,True,228.88095092773438,228.7633514404297,0.1175994873046875,True,True
expanded13,5KWB_A_PHE591__005__2,5KWB_A_PHE591,5,2,0.60928208,B,0,0.60928208,True,B,0.60928208,0.5219365358352661,0.09852605313062668,167.8170;-89.4688,t/m-,12.1830;0.5312,45.0000;45.0000,True,True,3.188752570015445,A:SER592:N,1.188752570015445,True,nan,,inf,True,True,True,202.44741821289062,202.7101287841797,-0.2627105712890625,True,True
expanded13,5KWB_A_PHE591__005__3,5KWB_A_PHE591,5,3,0.372922,A,1,0.372922,True,A,0.372922,0.08998801559209824,0.6845273971557617,-179.7014;-96.4678,t/m-,0.2986;6.4678,45.0000;45.0000,True,True,3.261482028410125,A:SER592:N,1.261482028410125,True,nan,,inf,True,True,True,228.88467407226562,228.7633514404297,0.1213226318359375,True,True
expanded13,5KWB_A_PHE591__006__2,5KWB_A_PHE591,6,2,0.37811303,A,0,0.37811303,True,A,0.37811303,0.0878828838467598,0.6825875043869019,-179.7443;-96.4977,t/m-,0.2557;6.4977,45.0000;45.0000,True,True,3.2611629930888704,A:SER592:N,1.2611629930888704,True,nan,,inf,True,True,True,228.88192749023438,228.7633514404297,0.1185760498046875,True,True
expanded13,5KWB_A_PHE591__006__3,5KWB_A_PHE591,6,3,0.61739886,B,1,0.61739886,True,B,0.61739886,0.5268479585647583,0.09381838887929916,167.7152;-89.3658,t/m-,12.2848;0.6342,45.0000;45.0000,True,True,3.1883310755345438,A:SER592:N,1.1883310755345438,True,nan,,inf,True,True,True,202.4615936279297,202.7101287841797,-0.24853515625,True,True
expanded13,5KWB_A_PHE591__007__2,5KWB_A_PHE591,7,2,0.33993113,A,0,0.33993113,True,A,0.33993113,0.09679001569747925,0.6842295527458191,-179.6861;-95.7799,t/m-,0.3139;5.7799,45.0000;45.0000,True,True,3.2615955302365607,A:SER592:N,1.2615955302365607,True,nan,,inf,True,True,True,228.90211486816406,228.7633514404297,0.138763427734375,True,True
expanded13,5KWB_A_PHE591__007__3,5KWB_A_PHE591,7,3,0.61634904,B,1,0.61634904,True,B,0.61634904,0.5233657360076904,0.09700585156679153,167.7902;-89.3882,t/m-,12.2098;0.6118,45.0000;45.0000,True,True,3.1886407617293626,A:SER592:N,1.1886407617293626,True,nan,,inf,True,True,True,202.45919799804688,202.7101287841797,-0.2509307861328125,True,True
expanded13,5KWB_A_PHE591__008__0,5KWB_A_PHE591,8,0,0.6247701,B,0,0.6247701,True,B,0.6247701,0.5268681049346924,0.09436600655317307,167.7053;-89.5352,t/m-,12.2947;0.4648,45.0000;45.0000,True,True,3.188290273322389,A:SER592:N,1.188290273322389,True,nan,,inf,True,True,True,202.44046020507812,202.7101287841797,-0.2696685791015625,True,True
expanded13,5KWB_A_PHE591__008__2,5KWB_A_PHE591,8,2,0.32035181,A,1,0.37373232900000003,True,A,0.37373232900000003,0.09775863587856293,0.6824653148651123,-179.7175;-95.5490,t/m-,0.2825;5.5490,45.0000;45.0000,True,True,3.261362626135159,A:SER592:N,1.261362626135159,True,nan,,inf,True,True,True,228.90365600585938,228.7633514404297,0.1403045654296875,True,True
expanded13,5KWB_A_PHE591__008__3,5KWB_A_PHE591,8,3,0.053380519,merged_duplicate,1,0.37373232900000003,False,A,0.0,0.09536381810903549,0.690491795539856,-179.2858;83.1090,t/m+,0.7142;6.8910,45.0000;45.0000,True,True,3.264583966552936,A:SER592:N,1.264583966552936,True,nan,,inf,True,True,True,77.26600646972656,nan,nan,False,False
expanded13,5KWB_A_PHE591__009__0,5KWB_A_PHE591,9,0,0.35566616,A,0,0.35566616,True,A,0.35566616,0.096923828125,0.6886554956436157,-179.3159;83.4676,t/m+,0.6841;6.5324,45.0000;45.0000,True,True,3.2643571836791176,A:SER592:N,1.2643571836791176,True,nan,,inf,True,True,True,228.8761444091797,228.7633514404297,0.11279296875,True,True
expanded13,5KWB_A_PHE591__009__1,5KWB_A_PHE591,9,1,0.62691188,B,1,0.62691188,True,B,0.62691188,0.5215082764625549,0.09897530823945999,167.8252;-89.4904,t/m-,12.1748;0.5096,45.0000;45.0000,True,True,3.188786635559483,A:SER592:N,1.1887866355594832,True,nan,,inf,True,True,True,202.446044921875,202.7101287841797,-0.2640838623046875,True,True
expanded13,5KWB_A_PHE591__010__0,5KWB_A_PHE591,10,0,0.63344371,B,0,0.63344371,True,B,0.63344371,0.5315706133842468,0.0924403965473175,167.5791;-89.9895,t/m-,12.4209;0.0105,45.0000;45.0000,True,True,3.1877718656490885,A:SER592:N,1.1877718656490885,True,nan,,inf,True,True,True,202.39938354492188,202.7101287841797,-0.3107452392578125,True,True
expanded13,5KWB_A_PHE591__010__2,5KWB_A_PHE591,10,2,0.30296984,A,1,0.362624497,True,A,0.362624497,0.1019301488995552,0.6736026406288147,-179.6074;85.1001,t/m+,0.3926;4.8999,45.0000;45.0000,True,True,3.2621799804017253,A:SER592:N,1.2621799804017253,True,nan,,inf,True,True,True,228.9019775390625,228.7633514404297,0.1386260986328125,True,True
expanded13,5KWB_A_PHE591__010__3,5KWB_A_PHE591,10,3,0.059654657,merged_duplicate,1,0.362624497,False,A,0.0,0.29591846466064453,0.7173324823379517,-179.1370;98.1406,t/m+,0.8630;8.1406,45.0000;45.0000,True,True,3.158236560959995,A:SER592:N,1.158236560959995,True,nan,,inf,True,True,True,84.53129577636719,nan,nan,False,False
expanded13,5KWB_A_PHE591__011__0,5KWB_A_PHE591,11,0,0.61802149,B,0,0.61802149,True,B,0.61802149,0.53537917137146,0.08290356397628784,167.8230;90.8025,t/m+,12.1770;0.8025,45.0000;45.0000,True,True,3.1887768300116637,A:SER592:N,1.1887768300116637,True,nan,,inf,True,True,True,202.54342651367188,202.7101287841797,-0.1667022705078125,True,True
expanded13,5KWB_A_PHE591__011__3,5KWB_A_PHE591,11,3,0.37503815,A,1,0.37503815,True,A,0.37503815,0.06769353151321411,0.661446750164032,179.7947;-96.5937,t/m-,0.2053;6.5937,45.0000;45.0000,True,True,3.2577780200029474,A:SER592:N,1.2577780200029474,True,nan,,inf,True,True,True,228.8459930419922,228.7633514404297,0.0826416015625,True,True
expanded13,5KWB_A_PHE591__012__0,5KWB_A_PHE591,12,0,0.63269389,B,0,0.63269389,True,B,0.63269389,0.5268518328666687,0.09379393607378006,167.7155;-89.3589,t/m-,12.2845;0.6411,45.0000;45.0000,True,True,3.1883313589714963,A:SER592:N,1.1883313589714963,True,nan,,inf,True,True,True,202.46095275878906,202.7101287841797,-0.249176025390625,True,True
expanded13,5KWB_A_PHE591__012__1,5KWB_A_PHE591,12,1,0.36271372,A,1,0.36271372,True,A,0.36271372,0.09401542693376541,0.6857044100761414,-179.3802;83.4425,t/m+,0.6198;6.5575,45.0000;45.0000,True,True,3.263875563685401,A:SER592:N,1.263875563685401,True,nan,,inf,True,True,True,228.87191772460938,228.7633514404297,0.1085662841796875,True,True
expanded13,5KWB_A_PHE591__013__2,5KWB_A_PHE591,13,2,0.95070887,B,0,0.95070887,True,B,0.95070887,0.34247881174087524,0.2750827372074127,171.6166;-91.8476,t/m-,8.3834;1.8476,45.0000;45.0000,True,True,3.206539054627013,A:SER592:N,1.206539054627013,True,nan,,inf,True,True,True,202.2626953125,202.7101287841797,-0.4474334716796875,True,True
expanded13,5KWB_A_PHE591__014__0,5KWB_A_PHE591,14,0,0.36312199,A,0,0.36312199,True,A,0.36312199,0.09463617950677872,0.6863019466400146,-179.3671;83.4513,t/m+,0.6329;6.5487,45.0000;45.0000,True,True,3.2639743119749993,A:SER592:N,1.2639743119749993,True,nan,,inf,True,True,True,228.8765411376953,228.7633514404297,0.113189697265625,True,True
expanded13,5KWB_A_PHE591__014__1,5KWB_A_PHE591,14,1,0.63362384,B,1,0.63362384,True,B,0.63362384,0.5267111659049988,0.09394879639148712,167.7180;-89.3685,t/m-,12.2820;0.6315,45.0000;45.0000,True,True,3.1883427756221536,A:SER592:N,1.1883427756221536,True,nan,,inf,True,True,True,202.4615936279297,202.7101287841797,-0.24853515625,True,True
expanded13,5KWB_A_PHE591__015__0,5KWB_A_PHE591,15,0,0.362452,A,0,0.362452,True,A,0.362452,0.093712717294693,0.6853601336479187,-179.3876;83.4434,t/m+,0.6124;6.5566,45.0000;45.0000,True,True,3.263819798687677,A:SER592:N,1.2638197986876771,True,nan,,inf,True,True,True,228.87396240234375,228.7633514404297,0.1106109619140625,True,True
expanded13,5KWB_A_PHE591__015__2,5KWB_A_PHE591,15,2,0.63170475,B,1,0.63170475,True,B,0.63170475,0.5268338918685913,0.09378809481859207,167.7163;-89.3518,t/m-,12.2837;0.6482,45.0000;45.0000,True,True,3.1883346668805945,A:SER592:N,1.1883346668805945,True,nan,,inf,True,True,True,202.46287536621094,202.7101287841797,-0.24725341796875,True,True
expanded13,5KWB_A_PHE591__016__1,5KWB_A_PHE591,16,1,0.36267707,A,0,0.36267707,True,A,0.36267707,0.09395839273929596,0.6856263875961304,-179.3819;83.4441,t/m+,0.6181;6.5559,45.0000;45.0000,True,True,3.2638631045715405,A:SER592:N,1.2638631045715405,True,nan,,inf,True,True,True,228.87191772460938,228.7633514404297,0.1085662841796875,True,True
expanded13,5KWB_A_PHE591__016__3,5KWB_A_PHE591,16,3,0.63241929,B,1,0.63241929,True,B,0.63241929,0.526913583278656,0.09372634440660477,167.7144;-89.3548,t/m-,12.2856;0.6452,45.0000;45.0000,True,True,3.188326983778853,A:SER592:N,1.188326983778853,True,nan,,inf,True,True,True,202.4613800048828,202.7101287841797,-0.248748779296875,True,True
expanded13,5KWB_A_PHE591__017__0,5KWB_A_PHE591,17,0,0.63265157,B,0,0.63265157,True,B,0.63265157,0.5268803238868713,0.09375562518835068,167.7151;-89.3548,t/m-,12.2849;0.6452,45.0000;45.0000,True,True,3.1883302904829636,A:SER592:N,1.1883302904829636,True,nan,,inf,True,True,True,202.4613800048828,202.7101287841797,-0.248748779296875,True,True
expanded13,5KWB_A_PHE591__017__1,5KWB_A_PHE591,17,1,0.362762,A,1,0.362762,True,A,0.362762,0.09401319921016693,0.6857223510742188,-179.3799;83.4407,t/m+,0.6201;6.5593,45.0000;45.0000,True,True,3.2638780367470144,A:SER592:N,1.2638780367470144,True,nan,,inf,True,True,True,228.87210083007812,228.7633514404297,0.1087493896484375,True,True
expanded13,5KWB_A_PHE591__018__0,5KWB_A_PHE591,18,0,0.35764781,A,0,0.35764781,True,A,0.35764781,0.09605137258768082,0.6878341436386108,-179.3340;83.4542,t/m+,0.6660;6.5458,45.0000;45.0000,True,True,3.2642217931186237,A:SER592:N,1.2642217931186237,True,nan,,inf,True,True,True,228.87649536132812,228.7633514404297,0.1131439208984375,True,True
expanded13,5KWB_A_PHE591__018__3,5KWB_A_PHE591,18,3,0.62611777,B,1,0.62611777,True,B,0.62611777,0.5223867297172546,0.09810815006494522,167.8074;-89.4642,t/m-,12.1926;0.5358,45.0000;45.0000,True,True,3.1887132070074817,A:SER592:N,1.1887132070074817,True,nan,,inf,True,True,True,202.44581604003906,202.7101287841797,-0.264312744140625,True,True
expanded13,5KWB_A_PHE591__019__0,5KWB_A_PHE591,19,0,0.36262229,A,0,0.36262229,True,A,0.36262229,0.0939817726612091,0.6856882572174072,-179.3806;83.4405,t/m+,0.6194;6.5595,45.0000;45.0000,True,True,3.2638720573250146,A:SER592:N,1.2638720573250146,True,nan,,inf,True,True,True,228.87210083007812,228.7633514404297,0.1087493896484375,True,True
expanded13,5KWB_A_PHE591__019__2,5KWB_A_PHE591,19,2,0.6324026,B,1,0.6324026,True,B,0.6324026,0.5268728137016296,0.09376385062932968,167.7152;-89.3551,t/m-,12.2848;0.6449,45.0000;45.0000,True,True,3.188330841784597,A:SER592:N,1.1883308417845968,True,nan,,inf,True,True,True,202.4613800048828,202.7101287841797,-0.248748779296875,True,True
expanded13,5KWB_A_PHE591__020__0,5KWB_A_PHE591,20,0,0.61750686,B,0,0.61750686,True,B,0.61750686,0.5201383233070374,0.10567018389701843,168.0779;88.9279,t/m+,11.9221;1.0721,45.0000;45.0000,True,True,3.189846528325372,A:SER592:N,1.189846528325372,True,nan,,inf,True,True,True,202.34173583984375,202.7101287841797,-0.3683929443359375,True,True
expanded13,5KWB_A_PHE591__020__2,5KWB_A_PHE591,20,2,0.3262282,A,1,0.379270757,True,A,0.379270757,0.06425894051790237,0.6517089009284973,179.5980;-96.2148,t/m-,0.4020;6.2148,45.0000;45.0000,True,True,3.2563467360463414,A:SER592:N,1.2563467360463414,True,nan,,inf,True,True,True,228.84304809570312,228.7633514404297,0.0796966552734375,True,True
expanded13,5KWB_A_PHE591__020__3,5KWB_A_PHE591,20,3,0.053042557,merged_duplicate,1,0.379270757,False,A,0.0,0.4533924460411072,0.870058536529541,-176.5046;104.6595,t/m+,3.4954;14.6595,45.0000;45.0000,True,True,3.039480955681787,A:SER592:N,1.0394809556817872,True,nan,,inf,True,True,True,86.89435577392578,nan,nan,False,False
expanded13,5KWB_A_PHE591__021__0,5KWB_A_PHE591,21,0,0.63223487,B,0,0.63223487,True,B,0.63223487,0.5267819762229919,0.0938398689031601,167.7173;-89.3535,t/m-,12.2827;0.6465,45.0000;45.0000,True,True,3.1883398605498616,A:SER592:N,1.1883398605498616,True,nan,,inf,True,True,True,202.46287536621094,202.7101287841797,-0.24725341796875,True,True
expanded13,5KWB_A_PHE591__021__2,5KWB_A_PHE591,21,2,0.36239699,A,1,0.36239699,True,A,0.36239699,0.0937628373503685,0.6855601072311401,-179.3836;83.4296,t/m+,0.6164;6.5704,45.0000;45.0000,True,True,3.263849413186701,A:SER592:N,1.2638494131867009,True,nan,,inf,True,True,True,228.87167358398438,228.7633514404297,0.1083221435546875,True,True
expanded13,5KWB_A_PHE591__022__0,5KWB_A_PHE591,22,0,0.62882656,B,0,0.62882656,True,B,0.62882656,0.5275810956954956,0.09266234934329987,167.7092;-89.1895,t/m-,12.2908;0.8105,45.0000;45.0000,True,True,3.188305950499421,A:SER592:N,1.1883059504994211,True,nan,,inf,True,True,True,202.4783935546875,202.7101287841797,-0.2317352294921875,True,True
expanded13,5KWB_A_PHE591__022__1,5KWB_A_PHE591,22,1,0.30762142,A,1,0.36816758299999996,True,A,0.36816758299999996,0.11707049608230591,0.687660813331604,-179.3026;85.4637,t/m+,0.6974;4.5363,45.0000;45.0000,True,True,3.2644577049257912,A:SER592:N,1.2644577049257912,True,nan,,inf,True,True,True,228.9363250732422,228.7633514404297,0.1729736328125,True,True
expanded13,5KWB_A_PHE591__022__2,5KWB_A_PHE591,22,2,0.060546163,merged_duplicate,1,0.36816758299999996,False,A,0.0,0.14018647372722626,0.6981257796287537,-179.8924;72.2775,t/m+,0.1076;17.7225,45.0000;45.0000,True,True,3.2600699880522175,A:SER592:N,1.2600699880522175,True,nan,,inf,True,True,True,76.82425689697266,nan,nan,False,False
expanded13,5KWB_A_PHE591__023__1,5KWB_A_PHE591,23,1,0.61953443,B,0,0.61953443,True,B,0.61953443,0.536418616771698,0.08186747133731842,167.8012;90.8243,t/m+,12.1988;0.8243,45.0000;45.0000,True,True,3.1886869972266814,A:SER592:N,1.1886869972266814,True,nan,,inf,True,True,True,202.54458618164062,202.7101287841797,-0.1655426025390625,True,True
expanded13,5KWB_A_PHE591__023__3,5KWB_A_PHE591,23,3,0.35354808,A,1,0.35354808,True,A,0.35354808,0.07422664016485214,0.6565335988998413,179.7185;-95.7333,t/m-,0.2815;5.7333,45.0000;45.0000,True,True,3.2572219614045856,A:SER592:N,1.2572219614045856,True,nan,,inf,True,True,True,228.858154296875,228.7633514404297,0.0948028564453125,True,True
expanded13,5KWB_A_PHE591__024__0,5KWB_A_PHE591,24,0,0.61615056,B,0,0.61615056,True,B,0.61615056,0.5282752513885498,0.09230662137269974,167.6884;-89.2868,t/m-,12.3116;0.7132,45.0000;45.0000,True,True,3.1882198213011113,A:SER592:N,1.1882198213011113,True,nan,,inf,True,True,True,202.46530151367188,202.7101287841797,-0.2448272705078125,True,True
expanded13,5KWB_A_PHE591__024__1,5KWB_A_PHE591,24,1,0.34386903,A,1,0.34386903,True,A,0.34386903,0.09927867352962494,0.686528205871582,-179.6354;-95.7382,t/m-,0.3646;5.7382,45.0000;45.0000,True,True,3.2619721039594207,A:SER592:N,1.2619721039594207,True,nan,,inf,True,True,True,228.905517578125,228.7633514404297,0.1421661376953125,True,True
expanded13,5KWB_A_PHE591__025__0,5KWB_A_PHE591,25,0,0.63548118,B,0,0.63548118,True,B,0.63548118,0.541889488697052,0.07663347572088242,167.6837;90.8736,t/m+,12.3163;0.8736,45.0000;45.0000,True,True,3.1881996446760574,A:SER592:N,1.1881996446760574,True,nan,,inf,True,True,True,202.55076599121094,202.7101287841797,-0.15936279296875,True,True
expanded13,5KWB_A_PHE591__025__3,5KWB_A_PHE591,25,3,0.35964811,A,1,0.35964811,True,A,0.35964811,0.08163821697235107,0.6738771796226501,-179.6405;83.2533,t/m+,0.3595;6.7467,45.0000;45.0000,True,True,3.2619340438207796,A:SER592:N,1.2619340438207796,True,nan,,inf,True,True,True,228.85061645507812,228.7633514404297,0.0872650146484375,True,True
expanded13,5KWB_A_PHE591__026__2,5KWB_A_PHE591,26,2,0.63466632,B,0,0.63466632,True,B,0.63466632,0.5263317227363586,0.09445590525865555,167.7233;-89.4225,t/m-,12.2767;0.5775,45.0000;45.0000,True,True,3.1883652278267225,A:SER592:N,1.1883652278267225,True,nan,,inf,True,True,True,202.4541015625,202.7101287841797,-0.2560272216796875,True,True
expanded13,5KWB_A_PHE591__026__3,5KWB_A_PHE591,26,3,0.32643718,A,1,0.32643718,True,A,0.32643718,0.09803197532892227,0.6857133507728577,-179.3702;83.8528,t/m+,0.6298;6.1472,45.0000;45.0000,True,True,3.26394989193505,A:SER592:N,1.26394989193505,True,nan,,inf,True,True,True,228.88525390625,228.7633514404297,0.1219024658203125,True,True
expanded13,5KWB_A_PHE591__027__0,5KWB_A_PHE591,27,0,0.35961989,A,0,0.35961989,True,A,0.35961989,0.08161904662847519,0.6738646626472473,-179.6408;83.2525,t/m+,0.3592;6.7475,45.0000;45.0000,True,True,3.261931684075249,A:SER592:N,1.261931684075249,True,nan,,inf,True,True,True,228.85061645507812,228.7633514404297,0.0872650146484375,True,True
expanded13,5KWB_A_PHE591__027__3,5KWB_A_PHE591,27,3,0.63491637,B,1,0.63491637,True,B,0.63491637,0.5419986248016357,0.07653312385082245,167.6812;90.8736,t/m+,12.3188;0.8736,45.0000;45.0000,True,True,3.188191057319517,A:SER592:N,1.188191057319517,True,nan,,inf,True,True,True,202.55076599121094,202.7101287841797,-0.15936279296875,True,True
expanded13,5KWB_A_PHE591__028__2,5KWB_A_PHE591,28,2,0.3671003,A,0,0.3671003,True,A,0.3671003,0.0878962054848671,0.6830061078071594,-179.7366;-96.5359,t/m-,0.2634;6.5359,45.0000;45.0000,True,True,3.261221380406718,A:SER592:N,1.261221380406718,True,nan,,inf,True,True,True,228.88275146484375,228.7633514404297,0.1194000244140625,True,True
expanded13,5KWB_A_PHE591__028__3,5KWB_A_PHE591,28,3,0.61757326,B,1,0.61757326,True,B,0.61757326,0.527054488658905,0.09371709823608398,167.7091;-89.3922,t/m-,12.2909;0.6078,45.0000;45.0000,True,True,3.188305440657254,A:SER592:N,1.188305440657254,True,nan,,inf,True,True,True,202.458251953125,202.7101287841797,-0.2518768310546875,True,True
expanded13,5KWB_A_PHE591__029__0,5KWB_A_PHE591,29,0,0.6172173,B,0,0.6172173,True,B,0.6172173,0.5268806219100952,0.0937790721654892,167.7146;-89.3625,t/m-,12.2854;0.6375,45.0000;45.0000,True,True,3.1883272671762333,A:SER592:N,1.1883272671762333,True,nan,,inf,True,True,True,202.46095275878906,202.7101287841797,-0.249176025390625,True,True
expanded13,5KWB_A_PHE591__029__1,5KWB_A_PHE591,29,1,0.37810951,A,1,0.37810951,True,A,0.37810951,0.08785472065210342,0.6826059818267822,-179.7441;-96.5022,t/m-,0.2559;6.5022,45.0000;45.0000,True,True,3.261165053732346,A:SER592:N,1.2611650537323462,True,nan,,inf,True,True,True,228.88192749023438,228.7633514404297,0.1185760498046875,True,True
expanded13,5KWB_A_PHE591__030__0,5KWB_A_PHE591,30,0,0.33136913,A,0,0.394307753,True,A,0.394307753,0.08149020373821259,0.6947335600852966,-179.5959;-99.1213,t/m-,0.4041;9.1213,45.0000;45.0000,True,True,3.262264329442244,A:SER592:N,1.2622643294422442,True,nan,,inf,True,True,True,228.87918090820312,228.7633514404297,0.1158294677734375,True,True
expanded13,5KWB_A_PHE591__030__2,5KWB_A_PHE591,30,2,0.60366362,B,1,0.60366362,True,B,0.60366362,0.5156079530715942,0.10900680720806122,167.8962;-90.6285,t/m-,12.1038;0.6285,45.0000;45.0000,True,True,3.189081991032204,A:SER592:N,1.1890819910322041,True,nan,,inf,True,True,True,202.3362274169922,202.7101287841797,-0.3739013671875,True,True
expanded13,5KWB_A_PHE591__030__3,5KWB_A_PHE591,30,3,0.062938623,merged_duplicate,0,0.394307753,False,A,0.0,0.46561071276664734,0.850663959980011,-177.1836;106.8387,t/m+,2.8164;16.8387,45.0000;45.0000,True,True,3.0003857265923215,A:SER592:N,1.0003857265923215,True,nan,,inf,True,True,True,88.40573120117188,nan,nan,False,False
expanded13,5KWB_A_PHE591__031__1,5KWB_A_PHE591,31,1,0.38080835,A,0,0.38080835,True,A,0.38080835,0.08247017115354538,0.6728962659835815,-179.9427;-96.1744,t/m-,0.0573;6.1744,45.0000;45.0000,True,True,3.259699467505412,A:SER592:N,1.259699467505412,True,nan,,inf,True,True,True,228.87191772460938,228.7633514404297,0.1085662841796875,True,True
expanded13,5KWB_A_PHE591__031__3,5KWB_A_PHE591,31,3,0.61044288,B,1,0.61044288,True,B,0.61044288,0.5222987532615662,0.09806281328201294,167.8117;-89.4217,t/m-,12.1883;0.5783,45.0000;45.0000,True,True,3.188730148023896,A:SER592:N,1.1887301480238959,True,nan,,inf,True,True,True,202.45111083984375,202.7101287841797,-0.2590179443359375,True,True
expanded13,5KWB_A_PHE591__032__1,5KWB_A_PHE591,32,1,0.21280298,A,0,0.37261977,True,A,0.37261977,0.0913061574101448,0.6701956987380981,-179.6917;84.4249,t/m+,0.3083;5.5751,45.0000;45.0000,True,True,3.261553926797368,A:SER592:N,1.2615539267973679,True,nan,,inf,True,True,True,228.8701629638672,228.7633514404297,0.1068115234375,True,True
expanded13,5KWB_A_PHE591__032__2,5KWB_A_PHE591,32,2,0.15981679,merged_duplicate,0,0.37261977,False,A,0.0,0.12813663482666016,0.6927862763404846,-179.4593;-93.6505,t/m-,0.5407;3.6505,45.0000;45.0000,True,True,3.2518258045647714,A:TYR426:OH,1.2518258045647714,True,nan,,inf,True,True,True,77.65409088134766,nan,nan,False,False
expanded13,5KWB_A_PHE591__032__3,5KWB_A_PHE591,32,3,0.62304795,B,1,0.62304795,True,B,0.62304795,0.5265107154846191,0.09614209830760956,167.6942;-89.8916,t/m-,12.3058;0.1084,45.0000;45.0000,True,True,3.1882428118144497,A:SER592:N,1.1882428118144497,True,nan,,inf,True,True,True,202.4062957763672,202.7101287841797,-0.3038330078125,True,True
expanded13,5KWB_A_PHE591__033__0,5KWB_A_PHE591,33,0,0.36244017,A,0,0.36244017,True,A,0.36244017,0.09400510787963867,0.6856926679611206,-179.3804;83.4425,t/m+,0.6196;6.5575,45.0000;45.0000,True,True,3.2638733916805887,A:SER592:N,1.2638733916805887,True,nan,,inf,True,True,True,228.87191772460938,228.7633514404297,0.1085662841796875,True,True
expanded13,5KWB_A_PHE591__033__1,5KWB_A_PHE591,33,1,0.63226825,B,1,0.63226825,True,B,0.63226825,0.5268616080284119,0.09377488493919373,167.7155;-89.3556,t/m-,12.2845;0.6444,45.0000;45.0000,True,True,3.188330850094157,A:SER592:N,1.188330850094157,True,nan,,inf,True,True,True,202.46095275878906,202.7101287841797,-0.249176025390625,True,True
expanded13,5KWB_A_PHE591__034__0,5KWB_A_PHE591,34,0,0.62543786,B,0,0.62543786,True,B,0.62543786,0.5515256524085999,0.06688655912876129,167.4850;91.1294,t/m+,12.5150;1.1294,45.0000;45.0000,True,True,3.1873864438151487,A:SER592:N,1.1873864438151487,True,nan,,inf,True,True,True,202.5907745361328,202.7101287841797,-0.119354248046875,True,True
expanded13,5KWB_A_PHE591__034__2,5KWB_A_PHE591,34,2,0.3390938,A,1,0.3390938,True,A,0.3390938,0.08411739021539688,0.6660754680633545,-179.7874;84.0846,t/m+,0.2126;5.9154,45.0000;45.0000,True,True,3.260844647615455,A:SER592:N,1.2608446476154551,True,nan,,inf,True,True,True,228.85690307617188,228.7633514404297,0.0935516357421875,True,True
expanded13,5KWB_A_PHE591__035__2,5KWB_A_PHE591,35,2,0.62639904,B,0,0.62639904,True,B,0.62639904,0.5226280093193054,0.0977940484881401,167.8039;-89.4313,t/m-,12.1961;0.5687,45.0000;45.0000,True,True,3.1886973693918925,A:SER592:N,1.1886973693918925,True,nan,,inf,True,True,True,202.45260620117188,202.7101287841797,-0.2575225830078125,True,True
expanded13,5KWB_A_PHE591__035__3,5KWB_A_PHE591,35,3,0.35790125,A,1,0.35790125,True,A,0.35790125,0.09588641673326492,0.6874675750732422,-179.3415;83.4719,t/m+,0.6585;6.5281,45.0000;45.0000,True,True,3.26416587176216,A:SER592:N,1.26416587176216,True,nan,,inf,True,True,True,228.87490844726562,228.7633514404297,0.1115570068359375,True,True
expanded13,5KWB_A_PHE591__036__1,5KWB_A_PHE591,36,1,0.61913782,B,0,0.61913782,True,B,0.61913782,0.5370773673057556,0.08115867525339127,167.7883;90.8555,t/m+,12.2117;0.8555,45.0000;45.0000,True,True,3.1886336376265736,A:SER592:N,1.1886336376265736,True,nan,,inf,True,True,True,202.54852294921875,202.7101287841797,-0.1616058349609375,True,True
expanded13,5KWB_A_PHE591__036__3,5KWB_A_PHE591,36,3,0.35048771,A,1,0.35048771,True,A,0.35048771,0.0761776939034462,0.659417450428009,179.7800;-95.7554,t/m-,0.2200;5.7554,45.0000;45.0000,True,True,3.2576696277164716,A:SER592:N,1.2576696277164716,True,nan,,inf,True,True,True,228.86190795898438,228.7633514404297,0.0985565185546875,True,True
expanded13,5KWB_A_PHE591__037__0,5KWB_A_PHE591,37,0,0.62985182,B,0,0.62985182,True,B,0.62985182,0.5255290269851685,0.09501752257347107,167.7437;-89.3726,t/m-,12.2563;0.6274,45.0000;45.0000,True,True,3.1884488109640206,A:SER592:N,1.1884488109640206,True,nan,,inf,True,True,True,202.45706176757812,202.7101287841797,-0.2530670166015625,True,True
expanded13,5KWB_A_PHE591__037__1,5KWB_A_PHE591,37,1,0.36114028,A,1,0.36114028,True,A,0.36114028,0.09454529732465744,0.6862430572509766,-179.3685;83.4471,t/m+,0.6315;6.5529,45.0000;45.0000,True,True,3.2639629962439,A:SER592:N,1.2639629962439,True,nan,,inf,True,True,True,228.87631225585938,228.7633514404297,0.1129608154296875,True,True
expanded13,5KWB_A_PHE591__038__0,5KWB_A_PHE591,38,0,0.63568354,B,0,0.63568354,True,B,0.63568354,0.5419005751609802,0.07661823183298111,167.6835;90.8751,t/m+,12.3165;0.8751,45.0000;45.0000,True,True,3.1882004971864473,A:SER592:N,1.1882004971864473,True,nan,,inf,True,True,True,202.55076599121094,202.7101287841797,-0.15936279296875,True,True
expanded13,5KWB_A_PHE591__038__1,5KWB_A_PHE591,38,1,0.35978734,A,1,0.35978734,True,A,0.35978734,0.08155705034732819,0.6738309264183044,-179.6416;83.2491,t/m+,0.3584;6.7509,45.0000;45.0000,True,True,3.261925636521651,A:SER592:N,1.2619256365216511,True,nan,,inf,True,True,True,228.85006713867188,228.7633514404297,0.0867156982421875,True,True
expanded13,5KWB_A_PHE591__039__0,5KWB_A_PHE591,39,0,0.2864264,A,0,0.339601093,True,A,0.339601093,0.10944490134716034,0.6797797679901123,-179.7480;-94.3602,t/m-,0.2520;4.3602,45.0000;45.0000,True,True,3.261136650054968,A:SER592:N,1.2611366500549681,True,nan,,inf,True,True,True,228.93280029296875,228.7633514404297,0.1694488525390625,True,True
expanded13,5KWB_A_PHE591__039__1,5KWB_A_PHE591,39,1,0.61767787,B,1,0.61767787,True,B,0.61767787,0.5300470590591431,0.09142545610666275,167.6382;-89.4898,t/m-,12.3618;0.5102,45.0000;45.0000,True,True,3.1880141701612326,A:SER592:N,1.1880141701612326,True,nan,,inf,True,True,True,202.44659423828125,202.7101287841797,-0.2635345458984375,True,True
expanded13,5KWB_A_PHE591__039__2,5KWB_A_PHE591,39,2,0.053174693,merged_duplicate,0,0.339601093,False,A,0.0,0.22304578125476837,0.6843778491020203,-179.5440;93.7774,t/m+,0.4560;3.7774,45.0000;45.0000,True,True,3.2342620543265173,A:TYR426:OH,1.2342620543265173,True,nan,,inf,True,True,True,81.25895690917969,nan,nan,False,False
expanded13,5KWB_A_PHE591__040__1,5KWB_A_PHE591,40,1,0.62527859,B,0,0.62527859,True,B,0.62527859,0.5220952033996582,0.09830403327941895,167.8151;-89.4418,t/m-,12.1849;0.5582,45.0000;45.0000,True,True,3.188743834697938,A:SER592:N,1.188743834697938,True,nan,,inf,True,True,True,202.45074462890625,202.7101287841797,-0.2593841552734375,True,True
expanded13,5KWB_A_PHE591__040__2,5KWB_A_PHE591,40,2,0.35681036,A,1,0.35681036,True,A,0.35681036,0.09624709188938141,0.6878270506858826,-179.3336;83.4756,t/m+,0.6664;6.5244,45.0000;45.0000,True,True,3.2642244686106388,A:SER592:N,1.2642244686106388,True,nan,,inf,True,True,True,228.87591552734375,228.7633514404297,0.1125640869140625,True,True
expanded13,5KWB_A_PHE591__041__0,5KWB_A_PHE591,41,0,0.63293386,B,0,0.63293386,True,B,0.63293386,0.5270359516143799,0.09359724074602127,167.7120;-89.3483,t/m-,12.2880;0.6517,45.0000;45.0000,True,True,3.188316904992367,A:SER592:N,1.1883169049923672,True,nan,,inf,True,True,True,202.46035766601562,202.7101287841797,-0.2497711181640625,True,True
expanded13,5KWB_A_PHE591__041__1,5KWB_A_PHE591,41,1,0.36314952,A,1,0.36314952,True,A,0.36314952,0.09364915639162064,0.68552166223526,-179.3847;83.4215,t/m+,0.6153;6.5785,45.0000;45.0000,True,True,3.263841795285966,A:SER592:N,1.2638417952859662,True,nan,,inf,True,True,True,228.87039184570312,228.7633514404297,0.1070404052734375,True,True
expanded13,5KWB_A_PHE591__042__0,5KWB_A_PHE591,42,0,0.61543828,B,0,0.61543828,True,B,0.61543828,0.5372878313064575,0.08061623573303223,167.7900;90.9808,t/m+,12.2100;0.9808,45.0000;45.0000,True,True,3.1886401245260485,A:SER592:N,1.1886401245260485,True,nan,,inf,True,True,True,202.56591796875,202.7101287841797,-0.1442108154296875,True,True
expanded13,5KWB_A_PHE591__042__2,5KWB_A_PHE591,42,2,0.37959054,A,1,0.37959054,True,A,0.37959054,0.0646776556968689,0.6598433256149292,179.7546;-96.7343,t/m-,0.2454;6.7343,45.0000;45.0000,True,True,3.257484708099261,A:SER592:N,1.2574847080992608,True,nan,,inf,True,True,True,228.84262084960938,228.7633514404297,0.0792694091796875,True,True
expanded13,5KWB_A_PHE591__043__0,5KWB_A_PHE591,43,0,0.35962707,A,0,0.35962707,True,A,0.35962707,0.09113126248121262,0.6830302476882935,-179.4392;83.3927,t/m+,0.5608;6.6073,45.0000;45.0000,True,True,3.2634343531718097,A:SER592:N,1.2634343531718097,True,nan,,inf,True,True,True,228.86663818359375,228.7633514404297,0.1032867431640625,True,True
expanded13,5KWB_A_PHE591__043__3,5KWB_A_PHE591,43,3,0.63042235,B,1,0.63042235,True,B,0.63042235,0.5266826748847961,0.09391598403453827,167.7198;-89.3493,t/m-,12.2802;0.6507,45.0000;45.0000,True,True,3.1883507266226627,A:SER592:N,1.1883507266226627,True,nan,,inf,True,True,True,202.4634552001953,202.7101287841797,-0.246673583984375,True,True
expanded13,5KWB_A_PHE591__044__2,5KWB_A_PHE591,44,2,0.3752,A,0,0.3752,True,A,0.3752,0.08897563070058823,0.6814231872558594,-179.7622;-96.2830,t/m-,0.2378;6.2830,45.0000;45.0000,True,True,3.2610316385097806,A:SER592:N,1.2610316385097806,True,nan,,inf,True,True,True,228.88302612304688,228.7633514404297,0.1196746826171875,True,True
expanded13,5KWB_A_PHE591__044__3,5KWB_A_PHE591,44,3,0.60572892,B,1,0.60572892,True,B,0.60572892,0.5221799612045288,0.09713161736726761,167.8444;-88.9176,t/m-,12.1556;1.0824,45.0000;45.0000,True,True,3.18886664960883,A:SER592:N,1.1888666496088298,True,nan,,inf,True,True,True,202.5095977783203,202.7101287841797,-0.200531005859375,True,True
expanded13,5KWB_A_PHE591__045__1,5KWB_A_PHE591,45,1,0.36257723,A,0,0.36257723,True,A,0.36257723,0.09397128224372864,0.6856562495231628,-179.3812;83.4423,t/m+,0.6188;6.5577,45.0000;45.0000,True,True,3.263867212894488,A:SER592:N,1.2638672128944881,True,nan,,inf,True,True,True,228.87191772460938,228.7633514404297,0.1085662841796875,True,True
expanded13,5KWB_A_PHE591__045__3,5KWB_A_PHE591,45,3,0.63229102,B,1,0.63229102,True,B,0.63229102,0.5268840193748474,0.09375398606061935,167.7150;-89.3553,t/m-,12.2850;0.6447,45.0000;45.0000,True,True,3.188329505433757,A:SER592:N,1.188329505433757,True,nan,,inf,True,True,True,202.4613800048828,202.7101287841797,-0.248748779296875,True,True
expanded13,5KWB_A_PHE591__046__0,5KWB_A_PHE591,46,0,0.36396104,A,0,0.36396104,True,A,0.36396104,0.09630247950553894,0.6850724220275879,-179.6713;-95.8967,t/m-,0.3287;5.8967,45.0000;45.0000,True,True,3.2617049411461614,A:SER592:N,1.2617049411461614,True,nan,,inf,True,True,True,228.89846801757812,228.7633514404297,0.1351165771484375,True,True
expanded13,5KWB_A_PHE591__046__3,5KWB_A_PHE591,46,3,0.61713731,B,1,0.61713731,True,B,0.61713731,0.5301839709281921,0.09089850634336472,167.6415;-89.3762,t/m-,12.3585;0.6238,45.0000;45.0000,True,True,3.1880261936712997,A:SER592:N,1.1880261936712997,True,nan,,inf,True,True,True,202.45877075195312,202.7101287841797,-0.2513580322265625,True,True
expanded13,5KWB_A_PHE591__047__0,5KWB_A_PHE591,47,0,0.61939293,B,0,0.61939293,True,B,0.61939293,0.5273465514183044,0.09251490980386734,167.7237;-89.0332,t/m-,12.2763;0.9668,45.0000;45.0000,True,True,3.188365787959112,A:SER592:N,1.1883657879591119,True,nan,,inf,True,True,True,202.49917602539062,202.7101287841797,-0.2109527587890625,True,True
expanded13,5KWB_A_PHE591__047__1,5KWB_A_PHE591,47,1,0.055822384,merged_duplicate,1,0.376700234,False,A,0.0,0.15983393788337708,0.6852107644081116,-179.6159;-90.7328,t/m-,0.3841;0.7328,45.0000;45.0000,True,True,3.239878366182207,A:TYR426:OH,1.2398783661822068,True,nan,,inf,True,True,True,78.38011169433594,nan,nan,False,False
expanded13,5KWB_A_PHE591__047__3,5KWB_A_PHE591,47,3,0.32087785,A,1,0.376700234,True,A,0.376700234,0.07875831425189972,0.6846140623092651,-179.7503;-97.7618,t/m-,0.2497;7.7618,45.0000;45.0000,True,True,3.261119284810134,A:SER592:N,1.261119284810134,True,nan,,inf,True,True,True,228.86932373046875,228.7633514404297,0.1059722900390625,True,True
expanded13,5KWB_A_PHE591__048__2,5KWB_A_PHE591,48,2,0.37811533,A,0,0.37811533,True,A,0.37811533,0.08776216953992844,0.6824808120727539,-179.7467;-96.4998,t/m-,0.2533;6.4998,45.0000;45.0000,True,True,3.26114675637935,A:SER592:N,1.26114675637935,True,nan,,inf,True,True,True,228.88145446777344,228.7633514404297,0.11810302734375,True,True
expanded13,5KWB_A_PHE591__048__3,5KWB_A_PHE591,48,3,0.61712712,B,1,0.61712712,True,B,0.61712712,0.5269217491149902,0.09374276548624039,167.7138;-89.3625,t/m-,12.2862;0.6375,45.0000;45.0000,True,True,3.1883243453143373,A:SER592:N,1.1883243453143373,True,nan,,inf,True,True,True,202.46095275878906,202.7101287841797,-0.249176025390625,True,True
expanded13,5KWB_A_PHE591__049__2,5KWB_A_PHE591,49,2,0.36234784,A,0,0.36234784,True,A,0.36234784,0.09394042938947678,0.6856464743614197,-179.3815;83.4402,t/m+,0.6185;6.5598,45.0000;45.0000,True,True,3.263865675380814,A:SER592:N,1.263865675380814,True,nan,,inf,True,True,True,228.87210083007812,228.7633514404297,0.1087493896484375,True,True
expanded13,5KWB_A_PHE591__049__3,5KWB_A_PHE591,49,3,0.63186139,B,1,0.63186139,True,B,0.63186139,0.5268678069114685,0.09377062320709229,167.7153;-89.3559,t/m-,12.2847;0.6441,45.0000;45.0000,True,True,3.1883319774633208,A:SER592:N,1.1883319774633208,True,nan,,inf,True,True,True,202.46095275878906,202.7101287841797,-0.249176025390625,True,True
expanded13,3K8W_A_SER337__000__0,3K8W_A_SER337,0,0,0.45195252,B,0,0.45195252,True,B,0.45195252,1.7424981594085693,0.12453796714544296,65.0911,g+,5.0911,45.0000,True,True,2.9815408925394222,A:ALA338:N,0.9815408925394222,True,nan,,inf,True,True,True,233.33877563476562,233.5887908935547,-0.2500152587890625,True,True
expanded13,3K8W_A_SER337__000__3,3K8W_A_SER337,0,3,0.48800933,A,1,0.48800933,True,A,0.48800933,0.020329466089606285,1.7781453132629395,-70.5001,g-,10.5001,45.0000,True,True,3.074577034521689,A:GLU333:O,1.0745770345216892,True,nan,,inf,True,True,True,130.89566040039062,130.98184204101562,-0.086181640625,True,True
expanded13,3K8W_A_SER337__001__0,3K8W_A_SER337,1,0,0.052660245,merged_duplicate,0,0.5364929350000001,False,A,0.0,0.019095785915851593,1.7785344123840332,-70.5756,g-,10.5756,45.0000,True,True,3.0762159435062686,A:GLU333:O,1.0762159435062686,True,nan,,inf,True,True,True,38.90754318237305,nan,nan,False,False
expanded13,3K8W_A_SER337__001__1,3K8W_A_SER337,1,1,0.41843304,B,1,0.41843304,True,B,0.41843304,1.7420334815979004,0.12579627335071564,65.0139,g+,5.0139,45.0000,True,True,2.9822078087256947,A:ALA338:N,0.9822078087256947,True,nan,,inf,True,True,True,233.338134765625,233.5887908935547,-0.2506561279296875,True,True
expanded13,3K8W_A_SER337__001__2,3K8W_A_SER337,1,2,0.48383269,A,0,0.5364929350000001,True,A,0.5364929350000001,0.020149117335677147,1.7782013416290283,-70.5112,g-,10.5112,45.0000,True,True,3.0748166392012877,A:GLU333:O,1.0748166392012877,True,nan,,inf,True,True,True,130.89566040039062,130.98184204101562,-0.086181640625,True,True
expanded13,3K8W_A_SER337__002__0,3K8W_A_SER337,2,0,0.093396418,merged_duplicate,0,0.537406588,False,A,0.0,0.02065393701195717,1.7780431509017944,-70.4803,g-,10.4803,45.0000,True,True,3.0741454984663057,A:GLU333:O,1.0741454984663057,True,nan,,inf,True,True,True,38.8988037109375,nan,nan,False,False
expanded13,3K8W_A_SER337__002__1,3K8W_A_SER337,2,1,0.22541615,merged_duplicate,1,0.46259348,False,B,0.0,1.7379539012908936,0.13676108419895172,64.3418,g+,4.3418,45.0000,True,True,2.98215505421371,A:ASN334:O,0.9821550542137101,True,nan,,inf,True,True,True,39.35205841064453,nan,nan,False,False
expanded13,3K8W_A_SER337__002__2,3K8W_A_SER337,2,2,0.44401017,A,0,0.537406588,True,A,0.537406588,0.02240143157541752,1.777490258216858,-70.3734,g-,10.3734,45.0000,True,True,3.071825101636942,A:GLU333:O,1.071825101636942,True,nan,,inf,True,True,True,130.88833618164062,130.98184204101562,-0.093505859375,True,True
expanded13,3K8W_A_SER337__002__3,3K8W_A_SER337,2,3,0.23717733,B,1,0.46259348,True,B,0.46259348,1.7382187843322754,0.1360505223274231,64.3853,g+,4.3853,45.0000,True,True,2.9824700644364364,A:ASN334:O,0.9824700644364364,True,nan,,inf,True,True,True,233.34332275390625,233.5887908935547,-0.2454681396484375,True,True
expanded13,3K8W_A_SER337__003__0,3K8W_A_SER337,3,0,0.53624278,A,0,0.53624278,True,A,0.53624278,0.018927954137325287,1.778588056564331,-70.5858,g-,10.5858,45.0000,True,True,3.0764384845275408,A:GLU333:O,1.0764384845275408,True,nan,,inf,True,True,True,130.902099609375,130.98184204101562,-0.079742431640625,True,True
expanded13,3K8W_A_SER337__003__3,3K8W_A_SER337,3,3,0.45586011,B,1,0.45586011,True,B,0.45586011,1.7425163984298706,0.12448781728744507,65.0941,g+,5.0941,45.0000,True,True,2.98151478063473,A:ALA338:N,0.98151478063473,True,nan,,inf,True,True,True,233.33877563476562,233.5887908935547,-0.2500152587890625,True,True
expanded13,3K8W_A_SER337__004__0,3K8W_A_SER337,4,0,0.37674561,A,0,0.53528853,True,A,0.53528853,0.02170238271355629,1.777711272239685,-70.4162,g-,10.4162,45.0000,True,True,3.072753383978607,A:GLU333:O,1.0727533839786072,True,nan,,inf,True,True,True,130.8912353515625,130.98184204101562,-0.090606689453125,True,True
expanded13,3K8W_A_SER337__004__1,3K8W_A_SER337,4,1,0.41671869,B,1,0.41671869,True,B,0.41671869,1.7424362897872925,0.12470314651727676,65.0809,g+,5.0809,45.0000,True,True,2.981628251455548,A:ALA338:N,0.9816282514555481,True,nan,,inf,True,True,True,233.33877563476562,233.5887908935547,-0.2500152587890625,True,True
expanded13,3K8W_A_SER337__004__3,3K8W_A_SER337,4,3,0.15854292,merged_duplicate,0,0.53528853,False,A,0.0,0.03205283731222153,1.7744110822677612,-69.7831,g-,9.7831,45.0000,True,True,3.0590328978933092,A:GLU333:O,1.0590328978933092,True,nan,,inf,True,True,True,38.85104751586914,nan,nan,False,False
expanded13,3K8W_A_SER337__005__0,3K8W_A_SER337,5,0,0.063792057,merged_duplicate,0,0.450079297,False,B,0.0,1.7260723114013672,0.1677902191877365,62.4379,g+,2.4379,45.0000,True,True,2.969481954211438,A:ASN334:O,0.9694819542114379,True,nan,,inf,True,True,True,39.47126770019531,nan,nan,False,False
expanded13,3K8W_A_SER337__005__1,3K8W_A_SER337,5,1,0.38628724,B,0,0.450079297,True,B,0.450079297,1.7416067123413086,0.1269487738609314,64.9433,g+,4.9433,45.0000,True,True,2.982819163244354,A:ALA338:N,0.9828191632443541,True,nan,,inf,True,True,True,233.34059143066406,233.5887908935547,-0.248199462890625,True,True
expanded13,3K8W_A_SER337__005__2,3K8W_A_SER337,5,2,0.53596652,A,1,0.53596652,True,A,0.53596652,0.01845804788172245,1.7787355184555054,-70.6146,g-,10.6146,45.0000,True,True,3.077063476037309,A:GLU333:O,1.077063476037309,True,nan,,inf,True,True,True,130.90264892578125,130.98184204101562,-0.079193115234375,True,True
expanded13,3K8W_A_SER337__006__0,3K8W_A_SER337,6,0,0.071538381,merged_duplicate,0,0.536141681,False,A,0.0,0.013673227280378342,1.7802348136901855,-70.9072,g-,10.9072,45.0000,True,True,3.083428809865102,A:GLU333:O,1.0834288098651021,True,nan,,inf,True,True,True,38.931236267089844,nan,nan,False,False
expanded13,3K8W_A_SER337__006__1,3K8W_A_SER337,6,1,0.44311255,B,1,0.44311255,True,B,0.44311255,1.742541790008545,0.1244187206029892,65.0984,g+,5.0984,45.0000,True,True,2.9814779686509207,A:ALA338:N,0.9814779686509207,True,nan,,inf,True,True,True,233.33877563476562,233.5887908935547,-0.2500152587890625,True,True
expanded13,3K8W_A_SER337__006__2,3K8W_A_SER337,6,2,0.4646033,A,0,0.536141681,True,A,0.536141681,0.020816024392843246,1.7779911756515503,-70.4704,g-,10.4704,45.0000,True,True,3.0739305859869632,A:GLU333:O,1.0739305859869632,True,nan,,inf,True,True,True,130.89515686035156,130.98184204101562,-0.0866851806640625,True,True
expanded13,3K8W_A_SER337__007__2,3K8W_A_SER337,7,2,0.41827524,B,0,0.41827524,True,B,0.41827524,1.7416894435882568,0.12672676146030426,64.9569,g+,4.9569,45.0000,True,True,2.982700925944258,A:ALA338:N,0.9827009259442581,True,nan,,inf,True,True,True,233.34059143066406,233.5887908935547,-0.248199462890625,True,True
expanded13,3K8W_A_SER337__007__3,3K8W_A_SER337,7,3,0.49083254,A,1,0.49083254,True,A,0.49083254,0.021472224965691566,1.777785062789917,-70.4302,g-,10.4302,45.0000,True,True,3.073058670427348,A:GLU333:O,1.073058670427348,True,nan,,inf,True,True,True,130.89224243164062,130.98184204101562,-0.089599609375,True,True
expanded13,3K8W_A_SER337__008__1,3K8W_A_SER337,8,1,0.46347108,B,0,0.46347108,True,B,0.46347108,1.7425816059112549,0.12431034445762634,65.1050,g+,5.1050,45.0000,True,True,2.98142046021896,A:ALA338:N,0.9814204602189598,True,nan,,inf,True,True,True,233.33877563476562,233.5887908935547,-0.2500152587890625,True,True
expanded13,3K8W_A_SER337__008__2,3K8W_A_SER337,8,2,0.090566419,merged_duplicate,1,0.488122869,False,A,0.0,0.03484131023287773,1.7735124826431274,-69.6126,g-,9.6126,45.0000,True,True,3.055344571938578,A:GLU333:O,1.0553445719385781,True,nan,,inf,True,True,True,38.83977508544922,nan,nan,False,False
expanded13,3K8W_A_SER337__008__3,3K8W_A_SER337,8,3,0.39755645,A,1,0.488122869,True,A,0.488122869,0.020910289138555527,1.7779611349105835,-70.4646,g-,10.4646,45.0000,True,True,3.073805304366375,A:GLU333:O,1.073805304366375,True,nan,,inf,True,True,True,130.89515686035156,130.98184204101562,-0.0866851806640625,True,True
expanded13,3K8W_A_SER337__009__1,3K8W_A_SER337,9,1,0.4149437,B,0,0.4149437,True,B,0.4149437,1.7418874502182007,0.12619034945964813,64.9898,g+,4.9898,45.0000,True,True,2.9824169144310386,A:ALA338:N,0.9824169144310386,True,nan,,inf,True,True,True,233.34088134765625,233.5887908935547,-0.2479095458984375,True,True
expanded13,3K8W_A_SER337__009__3,3K8W_A_SER337,9,3,0.53644598,A,1,0.53644598,True,A,0.53644598,0.019014108926057816,1.7785602807998657,-70.5806,g-,10.5806,45.0000,True,True,3.0763247232479602,A:GLU333:O,1.0763247232479602,True,nan,,inf,True,True,True,130.902099609375,130.98184204101562,-0.079742431640625,True,True
expanded13,3K8W_A_SER337__010__0,3K8W_A_SER337,10,0,0.48291197,A,0,0.5366434640000001,True,A,0.5366434640000001,0.01402067020535469,1.7801252603530884,-70.8859,g-,10.8859,45.0000,True,True,3.082966675307354,A:GLU333:O,1.082966675307354,True,nan,,inf,True,True,True,130.9210205078125,130.98184204101562,-0.060821533203125,True,True
expanded13,3K8W_A_SER337__010__1,3K8W_A_SER337,10,1,0.46160743,B,1,0.46160743,True,B,0.46160743,1.7426657676696777,0.12407998740673065,65.1191,g+,5.1191,45.0000,True,True,2.9812983468892362,A:ALA338:N,0.9812983468892362,True,nan,,inf,True,True,True,233.339111328125,233.5887908935547,-0.2496795654296875,True,True
expanded13,3K8W_A_SER337__010__3,3K8W_A_SER337,10,3,0.053731494,merged_duplicate,0,0.5366434640000001,False,A,0.0,0.0701846331357956,1.7617807388305664,-67.4504,g-,7.4504,45.0000,True,True,3.0089225930917105,A:GLU333:O,1.0089225930917105,True,nan,,inf,True,True,True,38.7414665222168,nan,nan,False,False
expanded13,3K8W_A_SER337__011__0,3K8W_A_SER337,11,0,0.071761601,merged_duplicate,0,0.41671752100000004,False,B,0.0,1.7145448923110962,0.196732759475708,60.6596,g+,0.6596,45.0000,True,True,2.95942965796192,A:ASN334:O,0.9594296579619201,True,nan,,inf,True,True,True,39.656036376953125,nan,nan,False,False
expanded13,3K8W_A_SER337__011__1,3K8W_A_SER337,11,1,0.34495592,B,0,0.41671752100000004,True,B,0.41671752100000004,1.74048912525177,0.1299670785665512,64.7583,g+,4.7583,45.0000,True,True,2.9844278497088625,A:ALA338:N,0.9844278497088625,True,nan,,inf,True,True,True,233.33941650390625,233.5887908935547,-0.2493743896484375,True,True
expanded13,3K8W_A_SER337__011__3,3K8W_A_SER337,11,3,0.53581858,A,1,0.53581858,True,A,0.53581858,0.01849290542304516,1.7787224054336548,-70.6124,g-,10.6124,45.0000,True,True,3.077018205624457,A:GLU333:O,1.0770182056244568,True,nan,,inf,True,True,True,130.902099609375,130.98184204101562,-0.079742431640625,True,True
expanded13,3K8W_A_SER337__012__0,3K8W_A_SER337,12,0,0.45554128,A,0,0.45554128,True,A,0.45554128,0.024865584447979927,1.776708722114563,-70.2227,g-,10.2227,45.0000,True,True,3.0685553002593564,A:GLU333:O,1.0685553002593564,True,nan,,inf,True,True,True,130.8817901611328,130.98184204101562,-0.1000518798828125,True,True
expanded13,3K8W_A_SER337__012__3,3K8W_A_SER337,12,3,0.46307719,B,1,0.46307719,True,B,0.46307719,1.7425181865692139,0.12448382377624512,65.0944,g+,5.0944,45.0000,True,True,2.9815120940213675,A:ALA338:N,0.9815120940213675,True,nan,,inf,True,True,True,233.33877563476562,233.5887908935547,-0.2500152587890625,True,True
expanded13,3K8W_A_SER337__013__1,3K8W_A_SER337,13,1,0.38893795,B,0,0.443349436,True,B,0.443349436,1.7402607202529907,0.13057884573936462,64.7208,g+,4.7208,45.0000,True,True,2.98475506392953,A:ALA338:N,0.9847550639295299,True,nan,,inf,True,True,True,233.33941650390625,233.5887908935547,-0.2493743896484375,True,True
expanded13,3K8W_A_SER337__013__2,3K8W_A_SER337,13,2,0.53539348,A,1,0.53539348,True,A,0.53539348,0.01920166239142418,1.778501272201538,-70.5691,g-,10.5691,45.0000,True,True,3.0760750564675146,A:GLU333:O,1.0760750564675146,True,nan,,inf,True,True,True,130.89910888671875,130.98184204101562,-0.082733154296875,True,True
expanded13,3K8W_A_SER337__013__3,3K8W_A_SER337,13,3,0.054411486,merged_duplicate,0,0.443349436,False,B,0.0,1.7863444089889526,0.006219496484845877,73.0927,g+,13.0927,45.0000,True,True,2.921067106533141,A:ALA338:N,0.9210671065331408,True,nan,,inf,True,True,True,40.130096435546875,nan,nan,False,False
expanded13,3K8W_A_SER337__014__1,3K8W_A_SER337,14,1,0.53623307,A,0,0.53623307,True,A,0.53623307,0.018948350101709366,1.778579831123352,-70.5846,g-,10.5846,45.0000,True,True,3.076412139679608,A:GLU333:O,1.0764121396796078,True,nan,,inf,True,True,True,130.902099609375,130.98184204101562,-0.079742431640625,True,True
expanded13,3K8W_A_SER337__014__3,3K8W_A_SER337,14,3,0.45739737,B,1,0.45739737,True,B,0.45739737,1.7425463199615479,0.12440651655197144,65.0991,g+,5.0991,45.0000,True,True,2.9814716652765028,A:ALA338:N,0.9814716652765028,True,nan,,inf,True,True,True,233.33877563476562,233.5887908935547,-0.2500152587890625,True,True
expanded13,3K8W_A_SER337__015__0,3K8W_A_SER337,15,0,0.45307016,B,0,0.45307016,True,B,0.45307016,1.742510437965393,0.12450557202100754,65.0930,g+,5.0930,45.0000,True,True,2.9815229108499324,A:ALA338:N,0.9815229108499324,True,nan,,inf,True,True,True,233.33877563476562,233.5887908935547,-0.2500152587890625,True,True
expanded13,3K8W_A_SER337__015__2,3K8W_A_SER337,15,2,0.53615481,A,1,0.53615481,True,A,0.53615481,0.018890023231506348,1.7785992622375488,-70.5882,g-,10.5882,45.0000,True,True,3.076489354223926,A:GLU333:O,1.0764893542239262,True,nan,,inf,True,True,True,130.902099609375,130.98184204101562,-0.079742431640625,True,True
expanded13,3K8W_A_SER337__016__0,3K8W_A_SER337,16,0,0.087784842,merged_duplicate,0,0.46230461199999995,False,B,0.0,1.7348052263259888,0.14511030912399292,63.8297,g+,3.8297,45.0000,True,True,2.9785547106910983,A:ASN334:O,0.9785547106910983,True,nan,,inf,True,True,True,39.371952056884766,nan,nan,False,False
expanded13,3K8W_A_SER337__016__1,3K8W_A_SER337,16,1,0.53632814,A,1,0.53632814,True,A,0.53632814,0.018687227740883827,1.7786624431610107,-70.6006,g-,10.6006,45.0000,True,True,3.076759057728342,A:GLU333:O,1.0767590577283421,True,nan,,inf,True,True,True,130.902099609375,130.98184204101562,-0.079742431640625,True,True
expanded13,3K8W_A_SER337__016__2,3K8W_A_SER337,16,2,0.37451977,B,0,0.46230461199999995,True,B,0.46230461199999995,1.7411848306655884,0.1280876100063324,64.8735,g+,4.8735,45.0000,True,True,2.983424976180167,A:ALA338:N,0.9834249761801672,True,nan,,inf,True,True,True,233.34005737304688,233.5887908935547,-0.2487335205078125,True,True
expanded13,3K8W_A_SER337__017__0,3K8W_A_SER337,17,0,0.074678026,merged_duplicate,0,0.536344106,False,A,0.0,0.036013174802064896,1.7731339931488037,-69.5409,g-,9.5409,45.0000,True,True,3.0537955681484243,A:GLU333:O,1.0537955681484243,True,nan,,inf,True,True,True,38.83626937866211,nan,nan,False,False
expanded13,3K8W_A_SER337__017__1,3K8W_A_SER337,17,1,0.23393399,A,0,0.536344106,True,A,0.536344106,0.027518734335899353,1.7758634090423584,-70.0604,g-,10.0604,45.0000,True,True,3.065037398509592,A:GLU333:O,1.0650373985095918,True,nan,,inf,True,True,True,130.8719482421875,130.98184204101562,-0.109893798828125,True,True
expanded13,3K8W_A_SER337__017__2,3K8W_A_SER337,17,2,0.22773209,merged_duplicate,0,0.536344106,False,A,0.0,0.02783828228712082,1.7757608890533447,-70.0409,g-,10.0409,45.0000,True,True,3.0646140538504314,A:GLU333:O,1.0646140538504314,True,nan,,inf,True,True,True,38.86992645263672,nan,nan,False,False
expanded13,3K8W_A_SER337__017__3,3K8W_A_SER337,17,3,0.46365589,B,1,0.46365589,True,B,0.46365589,1.7426376342773438,0.12415722012519836,65.1144,g+,5.1144,45.0000,True,True,2.981339599317075,A:ALA338:N,0.9813395993170748,True,nan,,inf,True,True,True,233.339111328125,233.5887908935547,-0.2496795654296875,True,True
expanded13,3K8W_A_SER337__018__1,3K8W_A_SER337,18,1,0.48958677,A,0,0.48958677,True,A,0.48958677,0.019739393144845963,1.778331995010376,-70.5362,g-,10.5362,45.0000,True,True,3.075360455848999,A:GLU333:O,1.0753604558489989,True,nan,,inf,True,True,True,130.89859008789062,130.98184204101562,-0.083251953125,True,True
expanded13,3K8W_A_SER337__018__3,3K8W_A_SER337,18,3,0.4602524,B,1,0.4602524,True,B,0.4602524,1.742561936378479,0.12436450272798538,65.1017,g+,5.1017,45.0000,True,True,2.981450012166878,A:ALA338:N,0.9814500121668779,True,nan,,inf,True,True,True,233.33877563476562,233.5887908935547,-0.2500152587890625,True,True
expanded13,3K8W_A_SER337__019__0,3K8W_A_SER337,19,0,0.21553916,B,0,0.463489617,True,B,0.463489617,1.7376490831375122,0.13757266104221344,64.2920,g+,4.2920,45.0000,True,True,2.981799620287765,A:ASN334:O,0.9817996202877648,True,nan,,inf,True,True,True,233.34335327148438,233.5887908935547,-0.2454376220703125,True,True
expanded13,3K8W_A_SER337__019__1,3K8W_A_SER337,19,1,0.53651035,A,1,0.53651035,True,A,0.53651035,0.018712399527430534,1.7786537408828735,-70.5990,g-,10.5990,45.0000,True,True,3.076726027237901,A:GLU333:O,1.0767260272379011,True,nan,,inf,True,True,True,130.902099609375,130.98184204101562,-0.079742431640625,True,True
expanded13,3K8W_A_SER337__019__2,3K8W_A_SER337,19,2,0.19544445,merged_duplicate,0,0.463489617,False,B,0.0,1.7372044324874878,0.13875488936901093,64.2195,g+,4.2195,45.0000,True,True,2.9812838205124628,A:ASN334:O,0.9812838205124628,True,nan,,inf,True,True,True,39.35502243041992,nan,nan,False,False
expanded13,3K8W_A_SER337__019__3,3K8W_A_SER337,19,3,0.052506007,merged_duplicate,0,0.463489617,False,B,0.0,1.7491064071655273,0.1063801646232605,66.2036,g+,6.2036,45.0000,True,True,2.9720973351987645,A:ALA338:N,0.9720973351987645,True,nan,,inf,True,True,True,39.33915328979492,nan,nan,False,False
expanded13,3K8W_A_SER337__020__0,3K8W_A_SER337,20,0,0.38538387,B,0,0.38538387,True,B,0.38538387,1.7409474849700928,0.12872806191444397,64.8342,g+,4.8342,45.0000,True,True,2.9837665726830713,A:ALA338:N,0.9837665726830713,True,nan,,inf,True,True,True,233.33981323242188,233.5887908935547,-0.2489776611328125,True,True
expanded13,3K8W_A_SER337__020__2,3K8W_A_SER337,20,2,0.5359723,A,1,0.5359723,True,A,0.5359723,0.018948350101709366,1.778579831123352,-70.5846,g-,10.5846,45.0000,True,True,3.076412139679608,A:GLU333:O,1.0764121396796078,True,nan,,inf,True,True,True,130.902099609375,130.98184204101562,-0.079742431640625,True,True
expanded13,3K8W_A_SER337__021__1,3K8W_A_SER337,21,1,0.48715261,A,0,0.48715261,True,A,0.48715261,0.01948123797774315,1.7784128189086914,-70.5520,g-,10.5520,45.0000,True,True,3.075703648012944,A:GLU333:O,1.075703648012944,True,nan,,inf,True,True,True,130.89910888671875,130.98184204101562,-0.082733154296875,True,True
expanded13,3K8W_A_SER337__021__3,3K8W_A_SER337,21,3,0.41606811,B,1,0.41606811,True,B,0.41606811,1.7423847913742065,0.12484406679868698,65.0723,g+,5.0723,45.0000,True,True,2.9817028543578514,A:ALA338:N,0.9817028543578514,True,nan,,inf,True,True,True,233.33877563476562,233.5887908935547,-0.2500152587890625,True,True
expanded13,3K8W_A_SER337__022__0,3K8W_A_SER337,22,0,0.48385206,A,0,0.5363440709999999,True,A,0.5363440709999999,0.018871691077947617,1.7786051034927368,-70.5893,g-,10.5893,45.0000,True,True,3.0765134761951556,A:GLU333:O,1.0765134761951556,True,nan,,inf,True,True,True,130.902099609375,130.98184204101562,-0.079742431640625,True,True
expanded13,3K8W_A_SER337__022__2,3K8W_A_SER337,22,2,0.44257605,B,1,0.44257605,True,B,0.44257605,1.7421067953109741,0.12559571862220764,65.0262,g+,5.0262,45.0000,True,True,2.9821016264734497,A:ALA338:N,0.9821016264734497,True,nan,,inf,True,True,True,233.33843994140625,233.5887908935547,-0.2503509521484375,True,True
expanded13,3K8W_A_SER337__022__3,3K8W_A_SER337,22,3,0.052492011,merged_duplicate,0,0.5363440709999999,False,A,0.0,0.04575019329786301,1.7699583768844604,-68.9453,g-,8.9453,45.0000,True,True,3.0409516387114834,A:GLU333:O,1.0409516387114834,True,nan,,inf,True,True,True,38.803428649902344,nan,nan,False,False
expanded13,3K8W_A_SER337__023__1,3K8W_A_SER337,23,1,0.53619045,A,0,0.53619045,True,A,0.53619045,0.018915247172117233,1.7785923480987549,-70.5866,g-,10.5866,45.0000,True,True,3.076455379027367,A:GLU333:O,1.076455379027367,True,nan,,inf,True,True,True,130.902099609375,130.98184204101562,-0.079742431640625,True,True
expanded13,3K8W_A_SER337__023__2,3K8W_A_SER337,23,2,0.45840248,B,1,0.45840248,True,B,0.45840248,1.7425870895385742,0.12429258227348328,65.1061,g+,5.1061,45.0000,True,True,2.9814115731708446,A:ALA338:N,0.9814115731708446,True,nan,,inf,True,True,True,233.33877563476562,233.5887908935547,-0.2500152587890625,True,True
expanded13,3K8W_A_SER337__024__1,3K8W_A_SER337,24,1,0.53617275,A,0,0.53617275,True,A,0.53617275,0.01872788369655609,1.7786495685577393,-70.5981,g-,10.5981,45.0000,True,True,3.076705235994925,A:GLU333:O,1.076705235994925,True,nan,,inf,True,True,True,130.902099609375,130.98184204101562,-0.079742431640625,True,True
expanded13,3K8W_A_SER337__024__2,3K8W_A_SER337,24,2,0.42219177,B,1,0.42219177,True,B,0.42219177,1.7422598600387573,0.12518273293972015,65.0516,g+,5.0516,45.0000,True,True,2.9818819467107787,A:ALA338:N,0.9818819467107787,True,nan,,inf,True,True,True,233.33843994140625,233.5887908935547,-0.2503509521484375,True,True
expanded13,3K8W_A_SER337__025__0,3K8W_A_SER337,25,0,0.49194109,A,0,0.49194109,True,A,0.49194109,0.021103346720337868,1.7779009342193604,-70.4528,g-,10.4528,45.0000,True,True,3.0735488177912234,A:GLU333:O,1.0735488177912234,True,nan,,inf,True,True,True,130.89224243164062,130.98184204101562,-0.089599609375,True,True
expanded13,3K8W_A_SER337__025__1,3K8W_A_SER337,25,1,0.40907091,B,1,0.463225124,True,B,0.463225124,1.7423019409179688,0.12506894767284393,65.0585,g+,5.0585,45.0000,True,True,2.9818216445556853,A:ALA338:N,0.9818216445556853,True,nan,,inf,True,True,True,233.33843994140625,233.5887908935547,-0.2503509521484375,True,True
expanded13,3K8W_A_SER337__025__2,3K8W_A_SER337,25,2,0.054154214,merged_duplicate,1,0.463225124,False,B,0.0,1.7061395645141602,0.21718278527259827,59.4014,g+,0.5986,45.0000,True,True,2.9533751462249396,A:ASN334:O,0.9533751462249396,True,nan,,inf,True,True,True,39.82590103149414,nan,nan,False,False
expanded13,3K8W_A_SER337__026__0,3K8W_A_SER337,26,0,0.40616092,B,0,0.45821097,True,B,0.45821097,1.741541862487793,0.1271248310804367,64.9325,g+,4.9325,45.0000,True,True,2.9829129365565836,A:ALA338:N,0.9829129365565836,True,nan,,inf,True,True,True,233.34030151367188,233.5887908935547,-0.2484893798828125,True,True
expanded13,3K8W_A_SER337__026__1,3K8W_A_SER337,26,1,0.53610188,A,1,0.53610188,True,A,0.53610188,0.018878286704421043,1.7786024808883667,-70.5889,g-,10.5889,45.0000,True,True,3.0765053270038,A:GLU333:O,1.0765053270038,True,nan,,inf,True,True,True,130.902099609375,130.98184204101562,-0.079742431640625,True,True
expanded13,3K8W_A_SER337__026__2,3K8W_A_SER337,26,2,0.05205005,merged_duplicate,0,0.45821097,False,B,0.0,1.7484519481658936,0.10819900780916214,66.0922,g+,6.0922,45.0000,True,True,2.9730296590784637,A:ALA338:N,0.9730296590784637,True,nan,,inf,True,True,True,39.33443069458008,nan,nan,False,False
expanded13,3K8W_A_SER337__027__0,3K8W_A_SER337,27,0,0.43357137,A,0,0.488124931,True,A,0.488124931,0.020192671567201614,1.778188705444336,-70.5085,g-,10.5085,45.0000,True,True,3.0747585461564446,A:GLU333:O,1.0747585461564446,True,nan,,inf,True,True,True,130.89566040039062,130.98184204101562,-0.086181640625,True,True
expanded13,3K8W_A_SER337__027__1,3K8W_A_SER337,27,1,0.46351627,B,1,0.46351627,True,B,0.46351627,1.7427089214324951,0.12396489828824997,65.1262,g+,5.1262,45.0000,True,True,2.9812379812548397,A:ALA338:N,0.9812379812548397,True,nan,,inf,True,True,True,233.339111328125,233.5887908935547,-0.2496795654296875,True,True
expanded13,3K8W_A_SER337__027__3,3K8W_A_SER337,27,3,0.054553561,merged_duplicate,0,0.488124931,False,A,0.0,0.05928478389978409,1.7654668092727661,-68.1173,g-,8.1173,45.0000,True,True,3.0231727932157435,A:GLU333:O,1.0231727932157435,True,nan,,inf,True,True,True,38.763832092285156,nan,nan,False,False
expanded13,3K8W_A_SER337__028__0,3K8W_A_SER337,28,0,0.05626436,merged_duplicate,0,0.49452497,False,A,0.0,0.06311902403831482,1.7641757726669312,-67.8828,g-,7.8828,45.0000,True,True,3.01815380818938,A:GLU333:O,1.0181538081893802,True,nan,,inf,True,True,True,38.754966735839844,nan,nan,False,False
expanded13,3K8W_A_SER337__028__1,3K8W_A_SER337,28,1,0.46379846,B,1,0.46379846,True,B,0.46379846,1.7426023483276367,0.12425338476896286,65.1085,g+,5.1085,45.0000,True,True,2.9813907958435446,A:ALA338:N,0.9813907958435446,True,nan,,inf,True,True,True,233.33877563476562,233.5887908935547,-0.2500152587890625,True,True
expanded13,3K8W_A_SER337__028__3,3K8W_A_SER337,28,3,0.43826061,A,0,0.49452497,True,A,0.49452497,0.021080899983644485,1.7779079675674438,-70.4542,g-,10.4542,45.0000,True,True,3.073578892935954,A:GLU333:O,1.073578892935954,True,nan,,inf,True,True,True,130.89224243164062,130.98184204101562,-0.089599609375,True,True
expanded13,3K8W_A_SER337__029__0,3K8W_A_SER337,29,0,0.062085792,merged_duplicate,0,0.500409442,False,A,0.0,0.06848616898059845,1.76235830783844,-67.5543,g-,7.5543,45.0000,True,True,3.0111395852641842,A:GLU333:O,1.0111395852641842,True,nan,,inf,True,True,True,38.745361328125,nan,nan,False,False
expanded13,3K8W_A_SER337__029__1,3K8W_A_SER337,29,1,0.43832365,A,0,0.500409442,True,A,0.500409442,0.016385745257139206,1.7793866395950317,-70.7413,g-,10.7413,45.0000,True,True,3.079819023015766,A:GLU333:O,1.0798190230157658,True,nan,,inf,True,True,True,130.90985107421875,130.98184204101562,-0.071990966796875,True,True
expanded13,3K8W_A_SER337__029__2,3K8W_A_SER337,29,2,0.46415058,B,1,0.46415058,True,B,0.46415058,1.7426488399505615,0.12412466108798981,65.1164,g+,5.1164,45.0000,True,True,2.9813217835844976,A:ALA338:N,0.9813217835844976,True,nan,,inf,True,True,True,233.339111328125,233.5887908935547,-0.2496795654296875,True,True
expanded13,3K8W_A_SER337__030__0,3K8W_A_SER337,30,0,0.53661758,A,0,0.53661758,True,A,0.53661758,0.018537485972046852,1.7787103652954102,-70.6097,g-,10.6097,45.0000,True,True,3.076958240444067,A:GLU333:O,1.0769582404440672,True,nan,,inf,True,True,True,130.902099609375,130.98184204101562,-0.079742431640625,True,True
expanded13,3K8W_A_SER337__030__1,3K8W_A_SER337,30,1,0.40954036,B,1,0.461899311,True,B,0.461899311,1.7417930364608765,0.1264478713274002,64.9740,g+,4.9740,45.0000,True,True,2.982552142310716,A:ALA338:N,0.9825521423107162,True,nan,,inf,True,True,True,233.34059143066406,233.5887908935547,-0.248199462890625,True,True
expanded13,3K8W_A_SER337__030__2,3K8W_A_SER337,30,2,0.052358951,merged_duplicate,1,0.461899311,False,B,0.0,1.7155327796936035,0.19429202377796173,60.8097,g+,0.8097,45.0000,True,True,2.960211724734161,A:ASN334:O,0.9602117247341608,True,nan,,inf,True,True,True,39.63705825805664,nan,nan,False,False
expanded13,3K8W_A_SER337__031__0,3K8W_A_SER337,31,0,0.53649616,A,0,0.53649616,True,A,0.53649616,0.018361007794737816,1.7787654399871826,-70.6205,g-,10.6205,45.0000,True,True,3.0771926718654576,A:GLU333:O,1.0771926718654576,True,nan,,inf,True,True,True,130.90264892578125,130.98184204101562,-0.079193115234375,True,True
expanded13,3K8W_A_SER337__031__2,3K8W_A_SER337,31,2,0.40064177,B,1,0.462974579,True,B,0.462974579,1.7421040534973145,0.12560245394706726,65.0258,g+,5.0258,45.0000,True,True,2.9821052702400834,A:ALA338:N,0.9821052702400834,True,nan,,inf,True,True,True,233.33843994140625,233.5887908935547,-0.2503509521484375,True,True
expanded13,3K8W_A_SER337__031__3,3K8W_A_SER337,31,3,0.062332809,merged_duplicate,1,0.462974579,False,B,0.0,1.7102652788162231,0.2072102576494217,60.0151,g+,0.0151,45.0000,True,True,2.956218562238605,A:ASN334:O,0.9562185622386048,True,nan,,inf,True,True,True,39.73933410644531,nan,nan,False,False
expanded13,3K8W_A_SER337__032__0,3K8W_A_SER337,32,0,0.46210462,B,0,0.46210462,True,B,0.46210462,1.7425652742385864,0.12435220927000046,65.1024,g+,5.1024,45.0000,True,True,2.9814430297208574,A:ALA338:N,0.9814430297208574,True,nan,,inf,True,True,True,233.33877563476562,233.5887908935547,-0.2500152587890625,True,True
expanded13,3K8W_A_SER337__032__1,3K8W_A_SER337,32,1,0.49052629,A,1,0.49052629,True,A,0.49052629,0.021978994831442833,1.7776249647140503,-70.3992,g-,10.3992,45.0000,True,True,3.0723857384933186,A:GLU333:O,1.0723857384933186,True,nan,,inf,True,True,True,130.8912353515625,130.98184204101562,-0.090606689453125,True,True
expanded13,3K8W_A_SER337__033__1,3K8W_A_SER337,33,1,0.46981889,A,0,0.536263198,True,A,0.536263198,0.015428896062076092,1.779685378074646,-70.7998,g-,10.7998,45.0000,True,True,3.081092212901451,A:GLU333:O,1.081092212901451,True,nan,,inf,True,True,True,130.91348266601562,130.98184204101562,-0.068359375,True,True
expanded13,3K8W_A_SER337__033__2,3K8W_A_SER337,33,2,0.42110509,B,1,0.42110509,True,B,0.42110509,1.742403268814087,0.1247953251004219,65.0753,g+,5.0753,45.0000,True,True,2.9816775498943726,A:ALA338:N,0.9816775498943726,True,nan,,inf,True,True,True,233.33877563476562,233.5887908935547,-0.2500152587890625,True,True
expanded13,3K8W_A_SER337__033__3,3K8W_A_SER337,33,3,0.066444308,merged_duplicate,0,0.536263198,False,A,0.0,0.07671467959880829,1.759543776512146,-67.0508,g-,7.0508,45.0000,True,True,3.000415134531602,A:GLU333:O,1.0004151345316021,True,nan,,inf,True,True,True,38.7304573059082,nan,nan,False,False
expanded13,3K8W_A_SER337__034__0,3K8W_A_SER337,34,0,0.46382207,B,0,0.46382207,True,B,0.46382207,1.7425540685653687,0.12438483536243439,65.1004,g+,5.1004,45.0000,True,True,2.9814600114256296,A:ALA338:N,0.9814600114256296,True,nan,,inf,True,True,True,233.33877563476562,233.5887908935547,-0.2500152587890625,True,True
expanded13,3K8W_A_SER337__034__2,3K8W_A_SER337,34,2,0.054740138,merged_duplicate,1,0.488357938,False,A,0.0,0.006993809249252081,1.7865785360336304,-72.1710,g-,12.1710,45.0000,True,True,3.1110318536749575,A:GLU333:O,1.1110318536749575,True,nan,,inf,True,True,True,39.04252624511719,nan,nan,False,False
expanded13,3K8W_A_SER337__034__3,3K8W_A_SER337,34,3,0.4336178,A,1,0.488357938,True,A,0.488357938,0.02511909417808056,1.776628851890564,-70.2072,g-,10.2072,45.0000,True,True,3.0682185185104527,A:GLU333:O,1.0682185185104527,True,nan,,inf,True,True,True,130.87863159179688,130.98184204101562,-0.10321044921875,True,True
expanded13,3K8W_A_SER337__035__0,3K8W_A_SER337,35,0,0.43382993,B,0,0.43382993,True,B,0.43382993,1.7424705028533936,0.12460964173078537,65.0866,g+,5.0866,45.0000,True,True,2.9815788211244185,A:ALA338:N,0.9815788211244185,True,nan,,inf,True,True,True,233.33877563476562,233.5887908935547,-0.2500152587890625,True,True
expanded13,3K8W_A_SER337__035__2,3K8W_A_SER337,35,2,0.067601807,merged_duplicate,1,0.536634567,False,A,0.0,0.03624816611409187,1.7730578184127808,-69.5266,g-,9.5266,45.0000,True,True,3.053485390027921,A:GLU333:O,1.0534853900279209,True,nan,,inf,True,True,True,38.83626937866211,nan,nan,False,False
expanded13,3K8W_A_SER337__035__3,3K8W_A_SER337,35,3,0.46903276,A,1,0.536634567,True,A,0.536634567,0.019775398075580597,1.7783195972442627,-70.5340,g-,10.5340,45.0000,True,True,3.0753129428778174,A:GLU333:O,1.0753129428778174,True,nan,,inf,True,True,True,130.89859008789062,130.98184204101562,-0.083251953125,True,True
expanded13,3K8W_A_SER337__036__0,3K8W_A_SER337,36,0,0.059217807,merged_duplicate,0,0.462432707,False,B,0.0,1.7069028615951538,0.21534574031829834,59.5144,g+,0.4856,45.0000,True,True,2.9538839161762973,A:ASN334:O,0.9538839161762973,True,nan,,inf,True,True,True,39.80842590332031,nan,nan,False,False
expanded13,3K8W_A_SER337__036__1,3K8W_A_SER337,36,1,0.083429284,merged_duplicate,1,0.537567354,False,A,0.0,0.03575947880744934,1.7732160091400146,-69.5564,g-,9.5564,45.0000,True,True,3.05413098965449,A:GLU333:O,1.0541309896544901,True,nan,,inf,True,True,True,38.83626937866211,nan,nan,False,False
expanded13,3K8W_A_SER337__036__2,3K8W_A_SER337,36,2,0.45413807,A,1,0.537567354,True,A,0.537567354,0.01960841566324234,1.778372049331665,-70.5442,g-,10.5442,45.0000,True,True,3.0755349330149433,A:GLU333:O,1.0755349330149433,True,nan,,inf,True,True,True,130.89859008789062,130.98184204101562,-0.083251953125,True,True
expanded13,3K8W_A_SER337__036__3,3K8W_A_SER337,36,3,0.4032149,B,0,0.462432707,True,B,0.462432707,1.7414720058441162,0.12731310725212097,64.9210,g+,4.9210,45.0000,True,True,2.983012293305382,A:ALA338:N,0.9830122933053822,True,nan,,inf,True,True,True,233.34030151367188,233.5887908935547,-0.2484893798828125,True,True
expanded13,3K8W_A_SER337__037__0,3K8W_A_SER337,37,0,0.44405293,A,0,0.517628851,True,A,0.517628851,0.020396683365106583,1.778124451637268,-70.4960,g-,10.4960,45.0000,True,True,3.074487185168503,A:GLU333:O,1.0744871851685032,True,nan,,inf,True,True,True,130.89566040039062,130.98184204101562,-0.086181640625,True,True
expanded13,3K8W_A_SER337__037__1,3K8W_A_SER337,37,1,0.073575921,merged_duplicate,0,0.517628851,False,A,0.0,0.03634052723646164,1.7730273008346558,-69.5209,g-,9.5209,45.0000,True,True,3.053363580620582,A:GLU333:O,1.0533635806205819,True,nan,,inf,True,True,True,38.83626937866211,nan,nan,False,False
expanded13,3K8W_A_SER337__037__2,3K8W_A_SER337,37,2,0.46358204,B,1,0.46358204,True,B,0.46358204,1.7425693273544312,0.12434282153844833,65.1030,g+,5.1030,45.0000,True,True,2.981437599967603,A:ALA338:N,0.9814375999676028,True,nan,,inf,True,True,True,233.33877563476562,233.5887908935547,-0.2500152587890625,True,True
expanded13,3K8W_A_SER337__038__0,3K8W_A_SER337,38,0,0.49119225,A,0,0.49119225,True,A,0.49119225,0.020687753334641457,1.7780331373214722,-70.4782,g-,10.4782,45.0000,True,True,3.0741005900511116,A:GLU333:O,1.0741005900511116,True,nan,,inf,True,True,True,130.89515686035156,130.98184204101562,-0.0866851806640625,True,True
expanded13,3K8W_A_SER337__038__1,3K8W_A_SER337,38,1,0.41485104,B,1,0.41485104,True,B,0.41485104,1.7423222064971924,0.1250147968530655,65.0618,g+,5.0618,45.0000,True,True,2.9817928293721074,A:ALA338:N,0.9817928293721074,True,nan,,inf,True,True,True,233.33843994140625,233.5887908935547,-0.2503509521484375,True,True
expanded13,3K8W_A_SER337__039__0,3K8W_A_SER337,39,0,0.06961298,merged_duplicate,0,0.46356076,False,B,0.0,1.7343699932098389,0.14625662565231323,63.7594,g+,3.7594,45.0000,True,True,2.978071215864362,A:ASN334:O,0.9780712158643619,True,nan,,inf,True,True,True,39.37522888183594,nan,nan,False,False
expanded13,3K8W_A_SER337__039__1,3K8W_A_SER337,39,1,0.39394778,B,0,0.46356076,True,B,0.46356076,1.7414735555648804,0.12731045484542847,64.9211,g+,4.9211,45.0000,True,True,2.9830112564524134,A:ALA338:N,0.9830112564524134,True,nan,,inf,True,True,True,233.34030151367188,233.5887908935547,-0.2484893798828125,True,True
expanded13,3K8W_A_SER337__039__2,3K8W_A_SER337,39,2,0.48977789,A,1,0.48977789,True,A,0.48977789,0.019687123596668243,1.7783480882644653,-70.5394,g-,10.5394,45.0000,True,True,3.0754298670174647,A:GLU333:O,1.0754298670174647,True,nan,,inf,True,True,True,130.89859008789062,130.98184204101562,-0.083251953125,True,True
expanded13,3K8W_A_SER337__040__0,3K8W_A_SER337,40,0,0.41219014,B,0,0.463224211,True,B,0.463224211,1.741448998451233,0.12737680971622467,64.9171,g+,4.9171,45.0000,True,True,2.983046467979559,A:ALA338:N,0.983046467979559,True,nan,,inf,True,True,True,233.34030151367188,233.5887908935547,-0.2484893798828125,True,True
expanded13,3K8W_A_SER337__040__1,3K8W_A_SER337,40,1,0.46964487,A,1,0.536775808,True,A,0.536775808,0.01976347155869007,1.7783247232437134,-70.5347,g-,10.5347,45.0000,True,True,3.0753287286621074,A:GLU333:O,1.0753287286621074,True,nan,,inf,True,True,True,130.89859008789062,130.98184204101562,-0.083251953125,True,True
expanded13,3K8W_A_SER337__040__2,3K8W_A_SER337,40,2,0.067130938,merged_duplicate,1,0.536775808,False,A,0.0,0.036289069801568985,1.773045301437378,-69.5241,g-,9.5241,45.0000,True,True,3.0534308638458625,A:GLU333:O,1.0534308638458625,True,nan,,inf,True,True,True,38.83626937866211,nan,nan,False,False
expanded13,3K8W_A_SER337__040__3,3K8W_A_SER337,40,3,0.051034071,merged_duplicate,0,0.463224211,False,B,0.0,1.7307188510894775,0.15580867230892181,63.1734,g+,3.1734,45.0000,True,True,2.974145253882182,A:ASN334:O,0.974145253882182,True,nan,,inf,True,True,True,39.412193298339844,nan,nan,False,False
expanded13,3K8W_A_SER337__041__0,3K8W_A_SER337,41,0,0.5351218,A,0,0.5351218,True,A,0.5351218,0.0189735759049654,1.7785730361938477,-70.5830,g-,10.5830,45.0000,True,True,3.0763781645858015,A:GLU333:O,1.0763781645858015,True,nan,,inf,True,True,True,130.902099609375,130.98184204101562,-0.079742431640625,True,True
expanded13,3K8W_A_SER337__041__1,3K8W_A_SER337,41,1,0.35471007,B,1,0.41859187,True,B,0.41859187,1.7401264905929565,0.13094183802604675,64.6985,g+,4.6985,45.0000,True,True,2.984748105791987,A:ASN334:O,0.9847481057919869,True,nan,,inf,True,True,True,233.3392333984375,233.5887908935547,-0.2495574951171875,True,True
expanded13,3K8W_A_SER337__041__3,3K8W_A_SER337,41,3,0.0638818,merged_duplicate,1,0.41859187,False,B,0.0,1.7519886493682861,0.09831763058900833,66.6973,g+,6.6973,45.0000,True,True,2.968010629612698,A:ALA338:N,0.968010629612698,True,nan,,inf,True,True,True,39.34986877441406,nan,nan,False,False
expanded13,3K8W_A_SER337__042__0,3K8W_A_SER337,42,0,0.33852804,A,0,0.5363518129999999,True,A,0.5363518129999999,0.022788960486650467,1.7773668766021729,-70.3497,g-,10.3497,45.0000,True,True,3.0713106821438187,A:GLU333:O,1.0713106821438187,True,nan,,inf,True,True,True,130.88790893554688,130.98184204101562,-0.09393310546875,True,True
expanded13,3K8W_A_SER337__042__1,3K8W_A_SER337,42,1,0.13772863,merged_duplicate,0,0.5363518129999999,False,A,0.0,0.03243859484791756,1.7742881774902344,-69.7596,g-,9.7596,45.0000,True,True,3.0585217496355934,A:GLU333:O,1.0585217496355934,True,nan,,inf,True,True,True,38.85104751586914,nan,nan,False,False
expanded13,3K8W_A_SER337__042__2,3K8W_A_SER337,42,2,0.46364826,B,1,0.46364826,True,B,0.46364826,1.7426247596740723,0.12419243156909943,65.1122,g+,5.1122,45.0000,True,True,2.9813584473930477,A:ALA338:N,0.9813584473930477,True,nan,,inf,True,True,True,233.339111328125,233.5887908935547,-0.2496795654296875,True,True
expanded13,3K8W_A_SER337__042__3,3K8W_A_SER337,42,3,0.060095143,merged_duplicate,0,0.5363518129999999,False,A,0.0,0.05593147128820419,1.7665886878967285,-68.3225,g-,8.3225,45.0000,True,True,3.0275692751233896,A:GLU333:O,1.0275692751233896,True,nan,,inf,True,True,True,38.77338409423828,nan,nan,False,False
expanded13,3K8W_A_SER337__043__1,3K8W_A_SER337,43,1,0.33801064,A,0,0.48647339999999994,True,A,0.48647339999999994,0.023308319970965385,1.7772027254104614,-70.3179,g-,10.3179,45.0000,True,True,3.0706212914413658,A:GLU333:O,1.0706212914413658,True,nan,,inf,True,True,True,130.88504028320312,130.98184204101562,-0.0968017578125,True,True
expanded13,3K8W_A_SER337__043__2,3K8W_A_SER337,43,2,0.4635548,B,1,0.4635548,True,B,0.4635548,1.7426203489303589,0.1242060512304306,65.1114,g+,5.1114,45.0000,True,True,2.981365565153571,A:ALA338:N,0.9813655651535709,True,nan,,inf,True,True,True,233.339111328125,233.5887908935547,-0.2496795654296875,True,True
expanded13,3K8W_A_SER337__043__3,3K8W_A_SER337,43,3,0.14846276,merged_duplicate,0,0.48647339999999994,False,A,0.0,0.03241337835788727,1.7742948532104492,-69.7611,g-,9.7611,45.0000,True,True,3.058555701140486,A:GLU333:O,1.0585557011404858,True,nan,,inf,True,True,True,38.85104751586914,nan,nan,False,False
expanded13,3K8W_A_SER337__044__1,3K8W_A_SER337,44,1,0.45937163,B,0,0.45937163,True,B,0.45937163,1.7425663471221924,0.124352365732193,65.1024,g+,5.1024,45.0000,True,True,2.9814428708863994,A:ALA338:N,0.9814428708863994,True,nan,,inf,True,True,True,233.33877563476562,233.5887908935547,-0.2500152587890625,True,True
expanded13,3K8W_A_SER337__044__2,3K8W_A_SER337,44,2,0.53622931,A,1,0.53622931,True,A,0.53622931,0.018944479525089264,1.778580904006958,-70.5848,g-,10.5848,45.0000,True,True,3.0764173374294863,A:GLU333:O,1.0764173374294863,True,nan,,inf,True,True,True,130.902099609375,130.98184204101562,-0.079742431640625,True,True
expanded13,3K8W_A_SER337__045__0,3K8W_A_SER337,45,0,0.536421,A,0,0.536421,True,A,0.536421,0.018514500930905342,1.7787164449691772,-70.6111,g-,10.6111,45.0000,True,True,3.076988668727228,A:GLU333:O,1.0769886687272279,True,nan,,inf,True,True,True,130.902099609375,130.98184204101562,-0.079742431640625,True,True
expanded13,3K8W_A_SER337__045__1,3K8W_A_SER337,45,1,0.053653609,merged_duplicate,1,0.41370097899999997,False,B,0.0,1.7386399507522583,0.13492614030838013,64.4543,g+,4.4543,45.0000,True,True,2.9829671071651185,A:ASN334:O,0.9829671071651185,True,nan,,inf,True,True,True,39.346614837646484,nan,nan,False,False
expanded13,3K8W_A_SER337__045__2,3K8W_A_SER337,45,2,0.36004737,B,1,0.41370097899999997,True,B,0.41370097899999997,1.7411575317382812,0.12816500663757324,64.8687,g+,4.8687,45.0000,True,True,2.983465490720647,A:ALA338:N,0.983465490720647,True,nan,,inf,True,True,True,233.34005737304688,233.5887908935547,-0.2487335205078125,True,True
expanded13,3K8W_A_SER337__046__0,3K8W_A_SER337,46,0,0.53609163,A,0,0.53609163,True,A,0.53609163,0.019213275983929634,1.7784980535507202,-70.5684,g-,10.5684,45.0000,True,True,3.0760594634273573,A:GLU333:O,1.0760594634273573,True,nan,,inf,True,True,True,130.89910888671875,130.98184204101562,-0.082733154296875,True,True
expanded13,3K8W_A_SER337__046__1,3K8W_A_SER337,46,1,0.051362339,merged_duplicate,1,0.452925029,False,B,0.0,1.7758599519729614,0.027528172358870506,71.0290,g+,11.0290,45.0000,True,True,2.9349662840273556,A:ALA338:N,0.9349662840273556,True,nan,,inf,True,True,True,39.825408935546875,nan,nan,False,False
expanded13,3K8W_A_SER337__046__3,3K8W_A_SER337,46,3,0.40156269,B,1,0.452925029,True,B,0.452925029,1.7408287525177002,0.12905047833919525,64.8145,g+,4.8145,45.0000,True,True,2.9839374729232717,A:ALA338:N,0.9839374729232717,True,nan,,inf,True,True,True,233.33981323242188,233.5887908935547,-0.2489776611328125,True,True
expanded13,3K8W_A_SER337__047__0,3K8W_A_SER337,47,0,0.53625304,A,0,0.53625304,True,A,0.53625304,0.018975449725985527,1.7785724401474,-70.5829,g-,10.5829,45.0000,True,True,3.076375755457731,A:GLU333:O,1.0763757554577311,True,nan,,inf,True,True,True,130.902099609375,130.98184204101562,-0.079742431640625,True,True
expanded13,3K8W_A_SER337__047__2,3K8W_A_SER337,47,2,0.46086755,B,1,0.46086755,True,B,0.46086755,1.7425557374954224,0.12437935918569565,65.1008,g+,5.1008,45.0000,True,True,2.9814573472852057,A:ALA338:N,0.9814573472852057,True,nan,,inf,True,True,True,233.33877563476562,233.5887908935547,-0.2500152587890625,True,True
expanded13,3K8W_A_SER337__048__1,3K8W_A_SER337,48,1,0.4387393,A,0,0.497630131,True,A,0.497630131,0.01747383363544941,1.7790443897247314,-70.6748,g-,10.6748,45.0000,True,True,3.0783721531580652,A:GLU333:O,1.0783721531580652,True,nan,,inf,True,True,True,130.90621948242188,130.98184204101562,-0.07562255859375,True,True
expanded13,3K8W_A_SER337__048__2,3K8W_A_SER337,48,2,0.46386522,B,1,0.46386522,True,B,0.46386522,1.7426236867904663,0.1241951659321785,65.1120,g+,5.1120,45.0000,True,True,2.9813593997118453,A:ALA338:N,0.9813593997118453,True,nan,,inf,True,True,True,233.339111328125,233.5887908935547,-0.2496795654296875,True,True
expanded13,3K8W_A_SER337__048__3,3K8W_A_SER337,48,3,0.058890831,merged_duplicate,0,0.497630131,False,A,0.0,0.07950182259082794,1.7585833072662354,-66.8802,g-,6.8802,45.0000,True,True,2.996790741759665,A:GLU333:O,0.9967907417596651,True,nan,,inf,True,True,True,38.72663116455078,nan,nan,False,False
expanded13,3K8W_A_SER337__049__0,3K8W_A_SER337,49,0,0.14133808,merged_duplicate,0,0.5364023,False,A,0.0,0.03206257522106171,1.7744084596633911,-69.7825,g-,9.7825,45.0000,True,True,3.0590197222641384,A:GLU333:O,1.0590197222641384,True,nan,,inf,True,True,True,38.85104751586914,nan,nan,False,False
expanded13,3K8W_A_SER337__049__1,3K8W_A_SER337,49,1,0.46359763,B,1,0.46359763,True,B,0.46359763,1.742645502090454,0.12413695454597473,65.1157,g+,5.1157,45.0000,True,True,2.9813287644420035,A:ALA338:N,0.9813287644420035,True,nan,,inf,True,True,True,233.339111328125,233.5887908935547,-0.2496795654296875,True,True
expanded13,3K8W_A_SER337__049__2,3K8W_A_SER337,49,2,0.20192859,A,0,0.5364023,True,A,0.5364023,0.028899913653731346,1.775421142578125,-69.9760,g-,9.9760,45.0000,True,True,3.06320753627972,A:GLU333:O,1.06320753627972,True,nan,,inf,True,True,True,130.86622619628906,130.98184204101562,-0.1156158447265625,True,True
expanded13,3K8W_A_SER337__049__3,3K8W_A_SER337,49,3,0.19313563,merged_duplicate,0,0.5364023,False,A,0.0,0.029359236359596252,1.7752745151519775,-69.9479,g-,9.9479,45.0000,True,True,3.0625991053326627,A:GLU333:O,1.0625991053326627,True,nan,,inf,True,True,True,38.86174774169922,nan,nan,False,False
expanded13,4MKM_A_THR77__000__0,4MKM_A_THR77,0,0,0.051871482,merged_duplicate,0,0.41372606199999995,False,A,0.0,0.17576268315315247,2.0139498710632324,-173.5030,t,6.4970,45.0000,True,True,2.9026497777366522,A:GLU78:N,0.9026497777366522,True,5.468924255622359,"sym1[-1,-1,0]/A:ASN202:ND2",3.468924255622359,True,True,True,55.841896057128906,nan,nan,False,False
expanded13,4MKM_A_THR77__000__1,4MKM_A_THR77,0,1,0.36185458,A,0,0.41372606199999995,True,A,0.41372606199999995,0.12497005611658096,2.036720037460327,-170.9272,t,9.0728,45.0000,True,True,2.9322109198444126,A:GLU78:N,0.9322109198444126,True,5.487441771200207,"sym1[-1,-1,0]/A:ASN202:ND2",3.4874417712002073,True,True,True,100.3395004272461,100.75887298583984,-0.41937255859375,True,True
expanded13,4MKM_A_THR77__000__2,4MKM_A_THR77,0,2,0.52425861,B,1,0.586273898,True,B,0.586273898,2.0974230766296387,0.02399163320660591,59.7127,g+,0.2873,45.0000,True,True,3.1042149582250254,A:GLU78:N,1.1042149582250254,True,6.803738777873935,"sym1[-1,-1,0]/A:ASN202:ND2",4.803738777873935,True,True,True,106.16526794433594,105.96530151367188,0.1999664306640625,True,True
expanded13,4MKM_A_THR77__000__3,4MKM_A_THR77,0,3,0.062015288,merged_duplicate,1,0.586273898,False,B,0.0,2.0726137161254883,0.03960532695055008,62.9309,g+,2.9309,45.0000,True,True,3.1042149582250254,A:GLU78:N,1.1042149582250254,True,6.803738777873935,"sym1[-1,-1,0]/A:ASN202:ND2",4.803738777873935,True,True,True,53.72215270996094,nan,nan,False,False
expanded13,4MKM_A_THR77__001__0,4MKM_A_THR77,1,0,0.40456259,A,0,0.40456259,True,A,0.40456259,0.12524260580539703,2.0366013050079346,-170.9411,t,9.0589,45.0000,True,True,2.9320447918165673,A:GLU78:N,0.9320447918165673,True,5.487336380470835,"sym1[-1,-1,0]/A:ASN202:ND2",3.4873363804708353,True,True,True,100.33878326416016,100.75887298583984,-0.4200897216796875,True,True
expanded13,4MKM_A_THR77__001__2,4MKM_A_THR77,1,2,0.54949492,B,1,0.54949492,True,B,0.54949492,2.0964953899383545,0.02153727039694786,59.8370,g+,0.1630,45.0000,True,True,3.1042149582250254,A:GLU78:N,1.1042149582250254,True,6.803738777873935,"sym1[-1,-1,0]/A:ASN202:ND2",4.803738777873935,True,True,True,106.15813446044922,105.96530151367188,0.19283294677734375,True,True
expanded13,4MKM_A_THR77__002__0,4MKM_A_THR77,2,0,0.53624833,B,0,0.53624833,True,B,0.53624833,2.0996663570404053,0.029958471655845642,59.4107,g+,0.5893,45.0000,True,True,3.1042149582250254,A:GLU78:N,1.1042149582250254,True,6.803738777873935,"sym1[-1,-1,0]/A:ASN202:ND2",4.803738777873935,True,True,True,106.18437194824219,105.96530151367188,0.2190704345703125,True,True
expanded13,4MKM_A_THR77__002__2,4MKM_A_THR77,2,2,0.40235719,A,1,0.40235719,True,A,0.40235719,0.1260671764612198,2.0362393856048584,-170.9828,t,9.0172,45.0000,True,True,2.9315546433165123,A:GLU78:N,0.9315546433165123,True,5.487015619390567,"sym1[-1,-1,0]/A:ASN202:ND2",3.487015619390567,True,True,True,100.33863830566406,100.75887298583984,-0.42023468017578125,True,True
expanded13,4MKM_A_THR77__003__1,4MKM_A_THR77,3,1,0.35238019,A,0,0.410548199,True,A,0.410548199,0.12842829525470734,2.0352022647857666,-171.1024,t,8.8976,45.0000,True,True,2.930155261467427,A:GLU78:N,0.9301552614674269,True,5.486099491696676,"sym1[-1,-1,0]/A:ASN202:ND2",3.4860994916966757,True,True,True,100.33439636230469,100.75887298583984,-0.42447662353515625,True,True
expanded13,4MKM_A_THR77__003__2,4MKM_A_THR77,3,2,0.54588151,B,1,0.54588151,True,B,0.54588151,2.099559783935547,0.029676878824830055,59.4250,g+,0.5750,45.0000,True,True,3.1042149582250254,A:GLU78:N,1.1042149582250254,True,6.803738777873935,"sym1[-1,-1,0]/A:ASN202:ND2",4.803738777873935,True,True,True,106.17994689941406,105.96530151367188,0.2146453857421875,True,True
expanded13,4MKM_A_THR77__003__3,4MKM_A_THR77,3,3,0.058168009,merged_duplicate,0,0.410548199,False,A,0.0,0.12017565965652466,2.038814067840576,-170.6842,t,9.3158,45.0000,True,True,2.9350756772122377,A:GLU78:N,0.9350756772122377,True,5.489326011831422,"sym1[-1,-1,0]/A:ASN202:ND2",3.489326011831422,True,True,True,56.06454849243164,nan,nan,False,False
expanded13,4MKM_A_THR77__004__0,4MKM_A_THR77,4,0,0.57391357,B,0,0.57391357,True,B,0.57391357,2.0963001251220703,0.02102114073932171,59.8631,g+,0.1369,45.0000,True,True,3.1042149582250254,A:GLU78:N,1.1042149582250254,True,6.803738777873935,"sym1[-1,-1,0]/A:ASN202:ND2",4.803738777873935,True,True,True,106.15840148925781,105.96530151367188,0.1930999755859375,True,True
expanded13,4MKM_A_THR77__004__1,4MKM_A_THR77,4,1,0.38917565,A,1,0.38917565,True,A,0.38917565,0.12582087516784668,2.036346912384033,-170.9703,t,9.0297,45.0000,True,True,2.931701304289897,A:GLU78:N,0.9317013042898972,True,5.487112471547658,"sym1[-1,-1,0]/A:ASN202:ND2",3.4871124715476576,True,True,True,100.33863830566406,100.75887298583984,-0.42023468017578125,True,True
expanded13,4MKM_A_THR77__005__0,4MKM_A_THR77,5,0,0.053143233,merged_duplicate,0,0.405262973,False,A,0.0,0.12486861646175385,2.036763906478882,-170.9220,t,9.0780,45.0000,True,True,2.9322706632555637,A:GLU78:N,0.9322706632555637,True,5.487483309228948,"sym1[-1,-1,0]/A:ASN202:ND2",3.4874833092289483,True,True,True,56.041473388671875,nan,nan,False,False
expanded13,4MKM_A_THR77__005__1,4MKM_A_THR77,5,1,0.57372802,B,1,0.57372802,True,B,0.57372802,2.096264600753784,0.020928919315338135,59.8677,g+,0.1323,45.0000,True,True,3.1042149582250254,A:GLU78:N,1.1042149582250254,True,6.803738777873935,"sym1[-1,-1,0]/A:ASN202:ND2",4.803738777873935,True,True,True,106.15840148925781,105.96530151367188,0.1930999755859375,True,True
expanded13,4MKM_A_THR77__005__2,4MKM_A_THR77,5,2,0.35211974,A,0,0.405262973,True,A,0.405262973,0.12758266925811768,2.0355749130249023,-171.0596,t,8.9404,45.0000,True,True,2.930653625454755,A:GLU78:N,0.930653625454755,True,5.486426125465037,"sym1[-1,-1,0]/A:ASN202:ND2",3.4864261254650373,True,True,True,100.33617401123047,100.75887298583984,-0.422698974609375,True,True
expanded13,4MKM_A_THR77__006__0,4MKM_A_THR77,6,0,0.57961082,B,0,0.57961082,True,B,0.57961082,2.0960419178009033,0.020338235422968864,59.8976,g+,0.1024,45.0000,True,True,3.1042149582250254,A:GLU78:N,1.1042149582250254,True,6.803738777873935,"sym1[-1,-1,0]/A:ASN202:ND2",4.803738777873935,True,True,True,106.15508270263672,105.96530151367188,0.18978118896484375,True,True
expanded13,4MKM_A_THR77__006__1,4MKM_A_THR77,6,1,0.05043871,merged_duplicate,1,0.41484449,False,A,0.0,0.1343485563993454,2.032595157623291,-171.4026,t,8.5974,45.0000,True,True,2.926644358842847,A:GLU78:N,0.926644358842847,True,5.4838261854747445,"sym1[-1,-1,0]/A:ASN202:ND2",3.4838261854747445,True,True,True,55.994712829589844,nan,nan,False,False
expanded13,4MKM_A_THR77__006__2,4MKM_A_THR77,6,2,0.36440578,A,1,0.41484449,True,A,0.41484449,0.12578387558460236,2.036363124847412,-170.9684,t,9.0316,45.0000,True,True,2.9317279455386096,A:GLU78:N,0.9317279455386096,True,5.4871254757098935,"sym1[-1,-1,0]/A:ASN202:ND2",3.4871254757098935,True,True,True,100.33863830566406,100.75887298583984,-0.42023468017578125,True,True
expanded13,4MKM_A_THR77__007__0,4MKM_A_THR77,7,0,0.53836542,B,0,0.53836542,True,B,0.53836542,2.097473621368408,0.024125585332512856,59.7059,g+,0.2941,45.0000,True,True,3.1042149582250254,A:GLU78:N,1.1042149582250254,True,6.803738777873935,"sym1[-1,-1,0]/A:ASN202:ND2",4.803738777873935,True,True,True,106.16526794433594,105.96530151367188,0.1999664306640625,True,True
expanded13,4MKM_A_THR77__007__2,4MKM_A_THR77,7,2,0.37024611,A,1,0.37024611,True,A,0.37024611,0.12515901029109955,2.0366368293762207,-170.9368,t,9.0632,45.0000,True,True,2.9320972836204597,A:GLU78:N,0.9320972836204597,True,5.487369830789564,"sym1[-1,-1,0]/A:ASN202:ND2",3.4873698307895644,True,True,True,100.33878326416016,100.75887298583984,-0.4200897216796875,True,True
expanded13,4MKM_A_THR77__008__1,4MKM_A_THR77,8,1,0.053032897,merged_duplicate,0,0.41442303700000005,False,A,0.0,0.12913626432418823,2.034891128540039,-171.1383,t,8.8617,45.0000,True,True,2.9297327325861433,A:GLU78:N,0.9297327325861433,True,5.485826413336317,"sym1[-1,-1,0]/A:ASN202:ND2",3.4858264133363166,True,True,True,56.01777648925781,nan,nan,False,False
expanded13,4MKM_A_THR77__008__2,4MKM_A_THR77,8,2,0.5632267,B,1,0.5632267,True,B,0.5632267,2.0969974994659424,0.02286805398762226,59.7696,g+,0.2304,45.0000,True,True,3.1042149582250254,A:GLU78:N,1.1042149582250254,True,6.803738777873935,"sym1[-1,-1,0]/A:ASN202:ND2",4.803738777873935,True,True,True,106.16183471679688,105.96530151367188,0.196533203125,True,True
expanded13,4MKM_A_THR77__008__3,4MKM_A_THR77,8,3,0.36139014,A,0,0.41442303700000005,True,A,0.41442303700000005,0.12621116638183594,2.0361757278442383,-170.9900,t,9.0100,45.0000,True,True,2.9314716499957982,A:GLU78:N,0.9314716499957982,True,5.486959396214861,"sym1[-1,-1,0]/A:ASN202:ND2",3.4869593962148606,True,True,True,100.3379135131836,100.75887298583984,-0.42095947265625,True,True
expanded13,4MKM_A_THR77__009__0,4MKM_A_THR77,9,0,0.53014946,B,0,0.586215358,True,B,0.586215358,2.096278190612793,0.02096368744969368,59.8659,g+,0.1341,45.0000,True,True,3.1042149582250254,A:GLU78:N,1.1042149582250254,True,6.803738777873935,"sym1[-1,-1,0]/A:ASN202:ND2",4.803738777873935,True,True,True,106.15840148925781,105.96530151367188,0.1930999755859375,True,True
expanded13,4MKM_A_THR77__009__1,4MKM_A_THR77,9,1,0.056065898,merged_duplicate,0,0.586215358,False,B,0.0,2.103015899658203,0.03894355520606041,58.9561,g+,1.0439,45.0000,True,True,3.1042149582250254,A:GLU78:N,1.1042149582250254,True,6.803738777873935,"sym1[-1,-1,0]/A:ASN202:ND2",4.803738777873935,True,True,True,53.914093017578125,nan,nan,False,False
expanded13,4MKM_A_THR77__009__2,4MKM_A_THR77,9,2,0.40000185,A,1,0.40000185,True,A,0.40000185,0.12403427064418793,2.0371291637420654,-170.8797,t,9.1203,45.0000,True,True,2.9327682740277283,A:GLU78:N,0.9327682740277283,True,5.48780995119669,"sym1[-1,-1,0]/A:ASN202:ND2",3.48780995119669,True,True,True,100.3405990600586,100.75887298583984,-0.41827392578125,True,True
expanded13,4MKM_A_THR77__010__0,4MKM_A_THR77,10,0,0.56166399,B,0,0.56166399,True,B,0.56166399,2.097264528274536,0.02357391268014908,59.7338,g+,0.2662,45.0000,True,True,3.1042149582250254,A:GLU78:N,1.1042149582250254,True,6.803738777873935,"sym1[-1,-1,0]/A:ASN202:ND2",4.803738777873935,True,True,True,106.16552734375,105.96530151367188,0.200225830078125,True,True
expanded13,4MKM_A_THR77__010__1,4MKM_A_THR77,10,1,0.3659496,A,1,0.3659496,True,A,0.3659496,0.12733148038387299,2.035684823989868,-171.0469,t,8.9531,45.0000,True,True,2.9308047119752954,A:GLU78:N,0.9308047119752954,True,5.486522819576712,"sym1[-1,-1,0]/A:ASN202:ND2",3.486522819576712,True,True,True,100.33621215820312,100.75887298583984,-0.42266082763671875,True,True
expanded13,4MKM_A_THR77__011__0,4MKM_A_THR77,11,0,0.40677649,A,0,0.40677649,True,A,0.40677649,0.12471849471330643,2.0368306636810303,-170.9145,t,9.0855,45.0000,True,True,2.9323575124670755,A:GLU78:N,0.9323575124670755,True,5.4875415974929025,"sym1[-1,-1,0]/A:ASN202:ND2",3.4875415974929025,True,True,True,100.3403091430664,100.75887298583984,-0.4185638427734375,True,True
expanded13,4MKM_A_THR77__011__1,4MKM_A_THR77,11,1,0.50294399,B,1,0.573080619,True,B,0.573080619,2.0947277545928955,0.016873406246304512,60.0728,g+,0.0728,45.0000,True,True,3.1042149582250254,A:GLU78:N,1.1042149582250254,True,6.803738777873935,"sym1[-1,-1,0]/A:ASN202:ND2",4.803738777873935,True,True,True,106.14571380615234,105.96530151367188,0.18041229248046875,True,True
expanded13,4MKM_A_THR77__011__2,4MKM_A_THR77,11,2,0.070136629,merged_duplicate,1,0.573080619,False,B,0.0,2.1520919799804688,0.18254251778125763,51.6800,g+,8.3200,45.0000,True,True,3.1042149582250254,A:GLU78:N,1.1042149582250254,True,6.803738777873935,"sym1[-1,-1,0]/A:ASN202:ND2",4.803738777873935,True,True,True,54.65056610107422,nan,nan,False,False
expanded13,4MKM_A_THR77__012__0,4MKM_A_THR77,12,0,0.40648618,A,0,0.40648618,True,A,0.40648618,0.1257307529449463,2.036386489868164,-170.9657,t,9.0343,45.0000,True,True,2.93175803212929,A:GLU78:N,0.9317580321292902,True,5.487146320434295,"sym1[-1,-1,0]/A:ASN202:ND2",3.487146320434295,True,True,True,100.33863830566406,100.75887298583984,-0.42023468017578125,True,True
expanded13,4MKM_A_THR77__012__3,4MKM_A_THR77,12,3,0.55193841,B,1,0.55193841,True,B,0.55193841,2.09716534614563,0.023311683908104897,59.7472,g+,0.2528,45.0000,True,True,3.1042149582250254,A:GLU78:N,1.1042149582250254,True,6.803738777873935,"sym1[-1,-1,0]/A:ASN202:ND2",4.803738777873935,True,True,True,106.16527557373047,105.96530151367188,0.19997406005859375,True,True
expanded13,4MKM_A_THR77__013__0,4MKM_A_THR77,13,0,0.54147494,B,0,0.54147494,True,B,0.54147494,2.0973455905914307,0.023788966238498688,59.7230,g+,0.2770,45.0000,True,True,3.1042149582250254,A:GLU78:N,1.1042149582250254,True,6.803738777873935,"sym1[-1,-1,0]/A:ASN202:ND2",4.803738777873935,True,True,True,106.16526794433594,105.96530151367188,0.1999664306640625,True,True
expanded13,4MKM_A_THR77__013__3,4MKM_A_THR77,13,3,0.36351088,A,1,0.36351088,True,A,0.36351088,0.12575221061706543,2.036377429962158,-170.9668,t,9.0332,45.0000,True,True,2.9317427395846103,A:GLU78:N,0.9317427395846103,True,5.487139373448593,"sym1[-1,-1,0]/A:ASN202:ND2",3.487139373448593,True,True,True,100.33863830566406,100.75887298583984,-0.42023468017578125,True,True
expanded13,4MKM_A_THR77__014__0,4MKM_A_THR77,14,0,0.45756361,B,0,0.58460717,True,B,0.58460717,2.097379207611084,0.02387714572250843,59.7185,g+,0.2815,45.0000,True,True,3.1042149582250254,A:GLU78:N,1.1042149582250254,True,6.803738777873935,"sym1[-1,-1,0]/A:ASN202:ND2",4.803738777873935,True,True,True,106.16526794433594,105.96530151367188,0.1999664306640625,True,True
expanded13,4MKM_A_THR77__014__1,4MKM_A_THR77,14,1,0.36755508,A,1,0.36755508,True,A,0.36755508,0.12634959816932678,2.0361149311065674,-170.9971,t,9.0029,45.0000,True,True,2.9313884937094357,A:GLU78:N,0.9313884937094357,True,5.4869060876427485,"sym1[-1,-1,0]/A:ASN202:ND2",3.4869060876427485,True,True,True,100.33718872070312,100.75887298583984,-0.42168426513671875,True,True
expanded13,4MKM_A_THR77__014__3,4MKM_A_THR77,14,3,0.12704356,merged_duplicate,0,0.58460717,False,B,0.0,2.1015260219573975,0.03493887931108475,59.1587,g+,0.8413,45.0000,True,True,3.1042149582250254,A:GLU78:N,1.1042149582250254,True,6.803738777873935,"sym1[-1,-1,0]/A:ASN202:ND2",4.803738777873935,True,True,True,53.89884948730469,nan,nan,False,False
expanded13,4MKM_A_THR77__015__0,4MKM_A_THR77,15,0,0.57361972,B,0,0.57361972,True,B,0.57361972,2.096297264099121,0.021010160446166992,59.8636,g+,0.1364,45.0000,True,True,3.1042149582250254,A:GLU78:N,1.1042149582250254,True,6.803738777873935,"sym1[-1,-1,0]/A:ASN202:ND2",4.803738777873935,True,True,True,106.15840148925781,105.96530151367188,0.1930999755859375,True,True
expanded13,4MKM_A_THR77__015__1,4MKM_A_THR77,15,1,0.34941009,A,1,0.405158813,True,A,0.405158813,0.12732014060020447,2.0356903076171875,-171.0463,t,8.9537,45.0000,True,True,2.930811961882967,A:GLU78:N,0.9308119618829669,True,5.486527333580395,"sym1[-1,-1,0]/A:ASN202:ND2",3.486527333580395,True,True,True,100.33621215820312,100.75887298583984,-0.42266082763671875,True,True
expanded13,4MKM_A_THR77__015__2,4MKM_A_THR77,15,2,0.055748723,merged_duplicate,1,0.405158813,False,A,0.0,0.1721259206533432,2.015615224838257,-173.3185,t,6.6815,45.0000,True,True,2.904718124483018,A:GLU78:N,0.904718124483018,True,5.470163369185418,"sym1[-1,-1,0]/A:ASN202:ND2",3.4701633691854177,True,True,True,55.84989547729492,nan,nan,False,False
expanded13,4MKM_A_THR77__016__1,4MKM_A_THR77,16,1,0.57402521,B,0,0.57402521,True,B,0.57402521,2.096327304840088,0.02109377272427082,59.8593,g+,0.1407,45.0000,True,True,3.1042149582250254,A:GLU78:N,1.1042149582250254,True,6.803738777873935,"sym1[-1,-1,0]/A:ASN202:ND2",4.803738777873935,True,True,True,106.15813446044922,105.96530151367188,0.19283294677734375,True,True
expanded13,4MKM_A_THR77__016__3,4MKM_A_THR77,16,3,0.38270959,A,1,0.38270959,True,A,0.38270959,0.12629669904708862,2.036137819290161,-170.9944,t,9.0056,45.0000,True,True,2.931422211424779,A:GLU78:N,0.931422211424779,True,5.486926513575504,"sym1[-1,-1,0]/A:ASN202:ND2",3.4869265135755043,True,True,True,100.33784484863281,100.75887298583984,-0.42102813720703125,True,True
expanded13,4MKM_A_THR77__017__0,4MKM_A_THR77,17,0,0.40568024,A,0,0.40568024,True,A,0.40568024,0.1251765489578247,2.0366296768188477,-170.9376,t,9.0624,45.0000,True,True,2.9320864010566514,A:GLU78:N,0.9320864010566514,True,5.487362161466695,"sym1[-1,-1,0]/A:ASN202:ND2",3.487362161466695,True,True,True,100.33878326416016,100.75887298583984,-0.4200897216796875,True,True
expanded13,4MKM_A_THR77__017__3,4MKM_A_THR77,17,3,0.57407087,B,1,0.57407087,True,B,0.57407087,2.096342086791992,0.021130600944161415,59.8574,g+,0.1426,45.0000,True,True,3.1042149582250254,A:GLU78:N,1.1042149582250254,True,6.803738777873935,"sym1[-1,-1,0]/A:ASN202:ND2",4.803738777873935,True,True,True,106.15813446044922,105.96530151367188,0.19283294677734375,True,True
expanded13,4MKM_A_THR77__018__1,4MKM_A_THR77,18,1,0.3606391,A,0,0.414998313,True,A,0.414998313,0.12559953331947327,2.036444902420044,-170.9591,t,9.0409,45.0000,True,True,2.931833643645073,A:GLU78:N,0.9318336436450729,True,5.487197390681469,"sym1[-1,-1,0]/A:ASN202:ND2",3.4871973906814686,True,True,True,100.33878326416016,100.75887298583984,-0.4200897216796875,True,True
expanded13,4MKM_A_THR77__018__2,4MKM_A_THR77,18,2,0.55150765,B,1,0.55150765,True,B,0.55150765,2.0961055755615234,0.02050992287695408,59.8890,g+,0.1110,45.0000,True,True,3.1042149582250254,A:GLU78:N,1.1042149582250254,True,6.803738777873935,"sym1[-1,-1,0]/A:ASN202:ND2",4.803738777873935,True,True,True,106.1564712524414,105.96530151367188,0.19116973876953125,True,True
expanded13,4MKM_A_THR77__018__3,4MKM_A_THR77,18,3,0.054359213,merged_duplicate,0,0.414998313,False,A,0.0,0.1258559674024582,2.03633189201355,-170.9721,t,9.0279,45.0000,True,True,2.931682568162855,A:GLU78:N,0.9316825681628549,True,5.487097685140627,"sym1[-1,-1,0]/A:ASN202:ND2",3.4870976851406272,True,True,True,56.03642654418945,nan,nan,False,False
expanded13,4MKM_A_THR77__019__1,4MKM_A_THR77,19,1,0.35090345,A,0,0.401991265,True,A,0.401991265,0.12779918313026428,2.0354788303375244,-171.0705,t,8.9295,45.0000,True,True,2.9305285571499757,A:GLU78:N,0.9305285571499757,True,5.4863433920531435,"sym1[-1,-1,0]/A:ASN202:ND2",3.4863433920531435,True,True,True,100.33534240722656,100.75887298583984,-0.42353057861328125,True,True
expanded13,4MKM_A_THR77__019__2,4MKM_A_THR77,19,2,0.051087815,merged_duplicate,0,0.401991265,False,A,0.0,0.0396091528236866,2.07261061668396,-166.6048,t,13.3952,45.0000,True,True,2.984967609385569,A:GLU78:N,0.9849676093855688,True,5.524371120379899,"sym1[-1,-1,0]/A:ASN202:ND2",3.5243711203798993,True,True,True,56.60209655761719,nan,nan,False,False
expanded13,4MKM_A_THR77__019__3,4MKM_A_THR77,19,3,0.58492953,B,1,0.58492953,True,B,0.58492953,2.096487045288086,0.021514201536774635,59.8381,g+,0.1619,45.0000,True,True,3.1042149582250254,A:GLU78:N,1.1042149582250254,True,6.803738777873935,"sym1[-1,-1,0]/A:ASN202:ND2",4.803738777873935,True,True,True,106.15813446044922,105.96530151367188,0.19283294677734375,True,True
expanded13,4MKM_A_THR77__020__1,4MKM_A_THR77,20,1,0.56945384,B,0,0.56945384,True,B,0.56945384,2.0962283611297607,0.02083396352827549,59.8726,g+,0.1274,45.0000,True,True,3.1042149582250254,A:GLU78:N,1.1042149582250254,True,6.803738777873935,"sym1[-1,-1,0]/A:ASN202:ND2",4.803738777873935,True,True,True,106.1564712524414,105.96530151367188,0.19116973876953125,True,True
expanded13,4MKM_A_THR77__020__2,4MKM_A_THR77,20,2,0.35294774,A,1,0.414319648,True,A,0.414319648,0.12370724976062775,2.0372726917266846,-170.8632,t,9.1368,45.0000,True,True,2.9329649581730917,A:GLU78:N,0.9329649581730917,True,5.487935808772011,"sym1[-1,-1,0]/A:ASN202:ND2",3.4879358087720114,True,True,True,100.34127807617188,100.75887298583984,-0.41759490966796875,True,True
expanded13,4MKM_A_THR77__020__3,4MKM_A_THR77,20,3,0.061371908,merged_duplicate,1,0.414319648,False,A,0.0,0.22287143766880035,1.9918831586837769,-175.8961,t,4.1039,45.0000,True,True,2.8765566087544436,A:GLU78:N,0.8765566087544436,True,5.454126916480773,"sym1[-1,-1,0]/A:ASN202:ND2",3.4541269164807726,True,True,True,55.771240234375,nan,nan,False,False
expanded13,4MKM_A_THR77__021__1,4MKM_A_THR77,21,1,0.5740732,B,0,0.5740732,True,B,0.5740732,2.0963382720947266,0.021122226491570473,59.8580,g+,0.1420,45.0000,True,True,3.1042149582250254,A:GLU78:N,1.1042149582250254,True,6.803738777873935,"sym1[-1,-1,0]/A:ASN202:ND2",4.803738777873935,True,True,True,106.15813446044922,105.96530151367188,0.19283294677734375,True,True
expanded13,4MKM_A_THR77__021__2,4MKM_A_THR77,21,2,0.40567952,A,1,0.40567952,True,A,0.40567952,0.12518310546875,2.0366270542144775,-170.9380,t,9.0620,45.0000,True,True,2.9320827763207515,A:GLU78:N,0.9320827763207515,True,5.4873590113852675,"sym1[-1,-1,0]/A:ASN202:ND2",3.4873590113852675,True,True,True,100.33878326416016,100.75887298583984,-0.4200897216796875,True,True
expanded13,4MKM_A_THR77__022__0,4MKM_A_THR77,22,0,0.55085593,B,0,0.55085593,True,B,0.55085593,2.0990891456604004,0.028424248099327087,59.4884,g+,0.5116,45.0000,True,True,3.1042149582250254,A:GLU78:N,1.1042149582250254,True,6.803738777873935,"sym1[-1,-1,0]/A:ASN202:ND2",4.803738777873935,True,True,True,106.17852020263672,105.96530151367188,0.21321868896484375,True,True
expanded13,4MKM_A_THR77__022__2,4MKM_A_THR77,22,2,0.36508396,A,1,0.36508396,True,A,0.36508396,0.12824290990829468,2.0352847576141357,-171.0931,t,8.9069,45.0000,True,True,2.9302614012119887,A:GLU78:N,0.9302614012119887,True,5.486170334824746,"sym1[-1,-1,0]/A:ASN202:ND2",3.486170334824746,True,True,True,100.3350601196289,100.75887298583984,-0.4238128662109375,True,True
expanded13,4MKM_A_THR77__023__1,4MKM_A_THR77,23,1,0.081173941,merged_duplicate,0,0.573855711,False,B,0.0,2.175128936767578,0.2602839469909668,47.7272,g+,12.2728,45.0000,True,True,3.1042149582250254,A:GLU78:N,1.1042149582250254,True,6.803738777873935,"sym1[-1,-1,0]/A:ASN202:ND2",4.803738777873935,True,True,True,55.294944763183594,nan,nan,False,False
expanded13,4MKM_A_THR77__023__2,4MKM_A_THR77,23,2,0.40633154,A,1,0.40633154,True,A,0.40633154,0.1238006204366684,2.037231922149658,-170.8679,t,9.1321,45.0000,True,True,2.932908171676194,A:GLU78:N,0.932908171676194,True,5.487900135713209,"sym1[-1,-1,0]/A:ASN202:ND2",3.4879001357132093,True,True,True,100.34127807617188,100.75887298583984,-0.41759490966796875,True,True
expanded13,4MKM_A_THR77__023__3,4MKM_A_THR77,23,3,0.49268177,B,0,0.573855711,True,B,0.573855711,2.093904972076416,0.014711079187691212,60.1823,g+,0.1823,45.0000,True,True,3.1042149582250254,A:GLU78:N,1.1042149582250254,True,6.803738777873935,"sym1[-1,-1,0]/A:ASN202:ND2",4.803738777873935,True,True,True,106.13900756835938,105.96530151367188,0.1737060546875,True,True
expanded13,4MKM_A_THR77__024__1,4MKM_A_THR77,24,1,0.38265839,A,0,0.38265839,True,A,0.38265839,0.1268468201160431,2.0358972549438477,-171.0223,t,8.9777,45.0000,True,True,2.931094679319377,A:GLU78:N,0.9310946793193771,True,5.486711637052301,"sym1[-1,-1,0]/A:ASN202:ND2",3.4867116370523012,True,True,True,100.33688354492188,100.75887298583984,-0.42198944091796875,True,True
expanded13,4MKM_A_THR77__024__3,4MKM_A_THR77,24,3,0.57434511,B,1,0.57434511,True,B,0.57434511,2.0964128971099854,0.021319568157196045,59.8479,g+,0.1521,45.0000,True,True,3.1042149582250254,A:GLU78:N,1.1042149582250254,True,6.803738777873935,"sym1[-1,-1,0]/A:ASN202:ND2",4.803738777873935,True,True,True,106.15813446044922,105.96530151367188,0.19283294677734375,True,True
expanded13,4MKM_A_THR77__025__0,4MKM_A_THR77,25,0,0.33844987,A,0,0.40456615799999995,True,A,0.40456615799999995,0.12955793738365173,2.0347063541412354,-171.1596,t,8.8404,45.0000,True,True,2.929480261171676,A:GLU78:N,0.9294802611716761,True,5.485664289044805,"sym1[-1,-1,0]/A:ASN202:ND2",3.485664289044805,True,True,True,100.33301544189453,100.75887298583984,-0.4258575439453125,True,True
expanded13,4MKM_A_THR77__025__1,4MKM_A_THR77,25,1,0.57231188,B,1,0.57231188,True,B,0.57231188,2.0963964462280273,0.02127455174922943,59.8502,g+,0.1498,45.0000,True,True,3.1042149582250254,A:GLU78:N,1.1042149582250254,True,6.803738777873935,"sym1[-1,-1,0]/A:ASN202:ND2",4.803738777873935,True,True,True,106.15813446044922,105.96530151367188,0.19283294677734375,True,True
expanded13,4MKM_A_THR77__025__2,4MKM_A_THR77,25,2,0.066116288,merged_duplicate,0,0.40456615799999995,False,A,0.0,0.08407075703144073,2.0542874336242676,-168.8554,t,11.1446,45.0000,True,True,2.9570258112535206,A:GLU78:N,0.9570258112535206,True,5.504242761439478,"sym1[-1,-1,0]/A:ASN202:ND2",3.504242761439478,True,True,True,56.2772216796875,nan,nan,False,False
expanded13,4MKM_A_THR77__026__0,4MKM_A_THR77,26,0,0.52728379,B,0,0.584521307,True,B,0.584521307,2.097086191177368,0.0231024120002985,59.7577,g+,0.2423,45.0000,True,True,3.1042149582250254,A:GLU78:N,1.1042149582250254,True,6.803738777873935,"sym1[-1,-1,0]/A:ASN202:ND2",4.803738777873935,True,True,True,106.16329193115234,105.96530151367188,0.19799041748046875,True,True
expanded13,4MKM_A_THR77__026__1,4MKM_A_THR77,26,1,0.37131056,A,1,0.37131056,True,A,0.37131056,0.12669023871421814,2.035966396331787,-171.0144,t,8.9856,45.0000,True,True,2.9311850410710836,A:GLU78:N,0.9311850410710836,True,5.486773004785807,"sym1[-1,-1,0]/A:ASN202:ND2",3.4867730047858068,True,True,True,100.33688354492188,100.75887298583984,-0.42198944091796875,True,True
expanded13,4MKM_A_THR77__026__3,4MKM_A_THR77,26,3,0.057237517,merged_duplicate,0,0.584521307,False,B,0.0,2.097327470779419,0.02373921312391758,59.7254,g+,0.2746,45.0000,True,True,3.1042149582250254,A:GLU78:N,1.1042149582250254,True,6.803738777873935,"sym1[-1,-1,0]/A:ASN202:ND2",4.803738777873935,True,True,True,53.8665771484375,nan,nan,False,False
expanded13,4MKM_A_THR77__027__0,4MKM_A_THR77,27,0,0.057672262,merged_duplicate,0,0.415575283,False,A,0.0,0.1202823594212532,2.038768768310547,-170.6897,t,9.3103,45.0000,True,True,2.9350083261243833,A:GLU78:N,0.9350083261243833,True,5.489282748326872,"sym1[-1,-1,0]/A:ASN202:ND2",3.489282748326872,True,True,True,56.06454849243164,nan,nan,False,False
expanded13,4MKM_A_THR77__027__1,4MKM_A_THR77,27,1,0.050248701,merged_duplicate,0,0.415575283,False,A,0.0,0.1111997663974762,2.042711019515991,-170.2295,t,9.7705,45.0000,True,True,2.9404651707156386,A:GLU78:N,0.9404651707156386,True,5.492913303523305,"sym1[-1,-1,0]/A:ASN202:ND2",3.492913303523305,True,True,True,56.112239837646484,nan,nan,False,False
expanded13,4MKM_A_THR77__027__2,4MKM_A_THR77,27,2,0.58442473,B,1,0.58442473,True,B,0.58442473,2.0964434146881104,0.021404234692454338,59.8437,g+,0.1563,45.0000,True,True,3.1042149582250254,A:GLU78:N,1.1042149582250254,True,6.803738777873935,"sym1[-1,-1,0]/A:ASN202:ND2",4.803738777873935,True,True,True,106.15813446044922,105.96530151367188,0.19283294677734375,True,True
expanded13,4MKM_A_THR77__027__3,4MKM_A_THR77,27,3,0.30765432,A,0,0.415575283,True,A,0.415575283,0.1296192854642868,2.0346806049346924,-171.1629,t,8.8371,45.0000,True,True,2.9294434799401827,A:GLU78:N,0.9294434799401827,True,5.485637373543654,"sym1[-1,-1,0]/A:ASN202:ND2",3.4856373735436543,True,True,True,100.33301544189453,100.75887298583984,-0.4258575439453125,True,True
expanded13,4MKM_A_THR77__028__0,4MKM_A_THR77,28,0,0.57324588,B,0,0.57324588,True,B,0.57324588,2.096254348754883,0.020898917689919472,59.8692,g+,0.1308,45.0000,True,True,3.1042149582250254,A:GLU78:N,1.1042149582250254,True,6.803738777873935,"sym1[-1,-1,0]/A:ASN202:ND2",4.803738777873935,True,True,True,106.15840148925781,105.96530151367188,0.1930999755859375,True,True
expanded13,4MKM_A_THR77__028__3,4MKM_A_THR77,28,3,0.3742156,A,1,0.3742156,True,A,0.3742156,0.12639331817626953,2.0360963344573975,-170.9993,t,9.0007,45.0000,True,True,2.931362351068442,A:GLU78:N,0.9313623510684419,True,5.486887919091047,"sym1[-1,-1,0]/A:ASN202:ND2",3.486887919091047,True,True,True,100.33688354492188,100.75887298583984,-0.42198944091796875,True,True
expanded13,4MKM_A_THR77__029__1,4MKM_A_THR77,29,1,0.40740061,A,0,0.40740061,True,A,0.40740061,0.12437032163143158,2.036983013153076,-170.8969,t,9.1031,45.0000,True,True,2.9325653070074953,A:GLU78:N,0.9325653070074953,True,5.487676378103465,"sym1[-1,-1,0]/A:ASN202:ND2",3.4876763781034654,True,True,True,100.3405990600586,100.75887298583984,-0.41827392578125,True,True
expanded13,4MKM_A_THR77__029__2,4MKM_A_THR77,29,2,0.52494514,B,1,0.52494514,True,B,0.52494514,2.0958070755004883,0.019719472154974937,59.9289,g+,0.0711,45.0000,True,True,3.1042149582250254,A:GLU78:N,1.1042149582250254,True,6.803738777873935,"sym1[-1,-1,0]/A:ASN202:ND2",4.803738777873935,True,True,True,106.15228271484375,105.96530151367188,0.186981201171875,True,True
expanded13,4MKM_A_THR77__030__0,4MKM_A_THR77,30,0,0.57407272,B,0,0.57407272,True,B,0.57407272,2.0963423252105713,0.02112993784248829,59.8576,g+,0.1424,45.0000,True,True,3.1042149582250254,A:GLU78:N,1.1042149582250254,True,6.803738777873935,"sym1[-1,-1,0]/A:ASN202:ND2",4.803738777873935,True,True,True,106.15813446044922,105.96530151367188,0.19283294677734375,True,True
expanded13,4MKM_A_THR77__030__2,4MKM_A_THR77,30,2,0.40568146,A,1,0.40568146,True,A,0.40568146,0.12518246471881866,2.036627769470215,-170.9380,t,9.0620,45.0000,True,True,2.9320830870284738,A:GLU78:N,0.9320830870284738,True,5.4873585321069775,"sym1[-1,-1,0]/A:ASN202:ND2",3.4873585321069775,True,True,True,100.33878326416016,100.75887298583984,-0.4200897216796875,True,True
expanded13,4MKM_A_THR77__031__0,4MKM_A_THR77,31,0,0.56557846,B,0,0.56557846,True,B,0.56557846,2.096395969390869,0.021274173632264137,59.8502,g+,0.1498,45.0000,True,True,3.1042149582250254,A:GLU78:N,1.1042149582250254,True,6.803738777873935,"sym1[-1,-1,0]/A:ASN202:ND2",4.803738777873935,True,True,True,106.15813446044922,105.96530151367188,0.19283294677734375,True,True
expanded13,4MKM_A_THR77__031__2,4MKM_A_THR77,31,2,0.41477764,A,1,0.41477764,True,A,0.41477764,0.12329748272895813,2.0374510288238525,-170.8424,t,9.1576,45.0000,True,True,2.933209656340431,A:GLU78:N,0.9332096563404311,True,5.488097026708448,"sym1[-1,-1,0]/A:ASN202:ND2",3.4880970267084477,True,True,True,100.34231567382812,100.75887298583984,-0.41655731201171875,True,True
expanded13,4MKM_A_THR77__032__1,4MKM_A_THR77,32,1,0.36143732,A,0,0.36143732,True,A,0.36143732,0.12799860537052155,2.035391330718994,-171.0807,t,8.9193,45.0000,True,True,2.930408027965259,A:GLU78:N,0.9304080279652589,True,5.486265933465656,"sym1[-1,-1,0]/A:ASN202:ND2",3.4862659334656563,True,True,True,100.33534240722656,100.75887298583984,-0.42353057861328125,True,True
expanded13,4MKM_A_THR77__032__2,4MKM_A_THR77,32,2,0.57378358,B,1,0.57378358,True,B,0.57378358,2.096410036087036,0.021313078701496124,59.8483,g+,0.1517,45.0000,True,True,3.1042149582250254,A:GLU78:N,1.1042149582250254,True,6.803738777873935,"sym1[-1,-1,0]/A:ASN202:ND2",4.803738777873935,True,True,True,106.15813446044922,105.96530151367188,0.19283294677734375,True,True
expanded13,4MKM_A_THR77__033__1,4MKM_A_THR77,33,1,0.07044398,merged_duplicate,0,0.37184965000000003,False,A,0.0,0.17429688572883606,2.0146210193634033,-173.4286,t,6.5714,45.0000,True,True,2.9034831775180834,A:GLU78:N,0.9034831775180834,True,5.469423641690848,"sym1[-1,-1,0]/A:ASN202:ND2",3.469423641690848,True,True,True,55.84436798095703,nan,nan,False,False
expanded13,4MKM_A_THR77__033__2,4MKM_A_THR77,33,2,0.58443826,B,1,0.58443826,True,B,0.58443826,2.0959341526031494,0.020055701956152916,59.9120,g+,0.0880,45.0000,True,True,3.1042149582250254,A:GLU78:N,1.1042149582250254,True,6.803738777873935,"sym1[-1,-1,0]/A:ASN202:ND2",4.803738777873935,True,True,True,106.15531921386719,105.96530151367188,0.1900177001953125,True,True
expanded13,4MKM_A_THR77__033__3,4MKM_A_THR77,33,3,0.30140567,A,0,0.37184965000000003,True,A,0.37184965000000003,0.127579003572464,2.0355758666992188,-171.0595,t,8.9405,45.0000,True,True,2.9306574173764366,A:GLU78:N,0.9306574173764366,True,5.486426363192806,"sym1[-1,-1,0]/A:ASN202:ND2",3.4864263631928063,True,True,True,100.33617401123047,100.75887298583984,-0.422698974609375,True,True
expanded13,4MKM_A_THR77__034__0,4MKM_A_THR77,34,0,0.36868593,A,0,0.36868593,True,A,0.36868593,0.1254788637161255,2.0364975929260254,-170.9530,t,9.0470,45.0000,True,True,2.9319053356826337,A:GLU78:N,0.9319053356826337,True,5.487244013863443,"sym1[-1,-1,0]/A:ASN202:ND2",3.4872440138634433,True,True,True,100.33878326416016,100.75887298583984,-0.4200897216796875,True,True
expanded13,4MKM_A_THR77__034__3,4MKM_A_THR77,34,3,0.5564931,B,1,0.5564931,True,B,0.5564931,2.0981569290161133,0.025941237807273865,59.6141,g+,0.3859,45.0000,True,True,3.1042149582250254,A:GLU78:N,1.1042149582250254,True,6.803738777873935,"sym1[-1,-1,0]/A:ASN202:ND2",4.803738777873935,True,True,True,106.17253112792969,105.96530151367188,0.2072296142578125,True,True
expanded13,4MKM_A_THR77__035__0,4MKM_A_THR77,35,0,0.060697023,merged_duplicate,0,0.364702853,False,A,0.0,0.21561932563781738,1.9953396320343018,-175.5274,t,4.4726,45.0000,True,True,2.880487748835156,A:GLU78:N,0.8804877488351561,True,5.456252268816913,"sym1[-1,-1,0]/A:ASN202:ND2",3.456252268816913,True,True,True,55.774574279785156,nan,nan,False,False
expanded13,4MKM_A_THR77__035__1,4MKM_A_THR77,35,1,0.30400583,A,0,0.364702853,True,A,0.364702853,0.1265558898448944,2.036025047302246,-171.0076,t,8.9924,45.0000,True,True,2.931264398561701,A:GLU78:N,0.9312643985617011,True,5.486824284195125,"sym1[-1,-1,0]/A:ASN202:ND2",3.4868242841951247,True,True,True,100.33688354492188,100.75887298583984,-0.42198944091796875,True,True
expanded13,4MKM_A_THR77__035__3,4MKM_A_THR77,35,3,0.58578849,B,1,0.58578849,True,B,0.58578849,2.0956342220306396,0.01926369033753872,59.9520,g+,0.0480,45.0000,True,True,3.1042149582250254,A:GLU78:N,1.1042149582250254,True,6.803738777873935,"sym1[-1,-1,0]/A:ASN202:ND2",4.803738777873935,True,True,True,106.15254974365234,105.96530151367188,0.18724822998046875,True,True
expanded13,4MKM_A_THR77__036__0,4MKM_A_THR77,36,0,0.059393387,merged_duplicate,0,0.41425898699999997,False,A,0.0,0.18981614708900452,2.0074639320373535,-174.2165,t,5.7835,45.0000,True,True,2.8947244140453274,A:GLU78:N,0.8947244140453274,True,5.464266712659055,"sym1[-1,-1,0]/A:ASN202:ND2",3.4642667126590547,True,True,True,55.80642318725586,nan,nan,False,False
expanded13,4MKM_A_THR77__036__1,4MKM_A_THR77,36,1,0.09994711,merged_duplicate,0,0.41425898699999997,False,A,0.0,0.13990089297294617,2.0301361083984375,-171.6840,t,8.3160,45.0000,True,True,2.9233701929422464,A:GLU78:N,0.9233701929422464,True,5.481727586716709,"sym1[-1,-1,0]/A:ASN202:ND2",3.4817275867167092,True,True,True,55.96917724609375,nan,nan,False,False
expanded13,4MKM_A_THR77__036__2,4MKM_A_THR77,36,2,0.25491849,A,0,0.41425898699999997,True,A,0.41425898699999997,0.1300535351037979,2.034489393234253,-171.1849,t,8.8151,45.0000,True,True,2.9291870305763457,A:GLU78:N,0.9291870305763457,True,5.485470208384642,"sym1[-1,-1,0]/A:ASN202:ND2",3.4854702083846423,True,True,True,100.3326187133789,100.75887298583984,-0.4262542724609375,True,True
expanded13,4MKM_A_THR77__036__3,4MKM_A_THR77,36,3,0.58574104,B,1,0.58574104,True,B,0.58574104,2.0957818031311035,0.019651010632514954,59.9324,g+,0.0676,45.0000,True,True,3.1042149582250254,A:GLU78:N,1.1042149582250254,True,6.803738777873935,"sym1[-1,-1,0]/A:ASN202:ND2",4.803738777873935,True,True,True,106.15228271484375,105.96530151367188,0.186981201171875,True,True
expanded13,4MKM_A_THR77__037__0,4MKM_A_THR77,37,0,0.40946662,A,0,0.40946662,True,A,0.40946662,0.12397556006908417,2.0371551513671875,-170.8768,t,9.1232,45.0000,True,True,2.93280296142851,A:GLU78:N,0.9328029614285098,True,5.487830749967976,"sym1[-1,-1,0]/A:ASN202:ND2",3.4878307499679764,True,True,True,100.3405990600586,100.75887298583984,-0.41827392578125,True,True
expanded13,4MKM_A_THR77__037__1,4MKM_A_THR77,37,1,0.49229509,B,1,0.574973348,True,B,0.574973348,2.0962510108947754,0.020895877853035927,59.8693,g+,0.1307,45.0000,True,True,3.1042149582250254,A:GLU78:N,1.1042149582250254,True,6.803738777873935,"sym1[-1,-1,0]/A:ASN202:ND2",4.803738777873935,True,True,True,106.15840148925781,105.96530151367188,0.1930999755859375,True,True
expanded13,4MKM_A_THR77__037__2,4MKM_A_THR77,37,2,0.082678258,merged_duplicate,1,0.574973348,False,B,0.0,2.1243205070495605,0.09829101711511612,55.9516,g+,4.0484,45.0000,True,True,3.1042149582250254,A:GLU78:N,1.1042149582250254,True,6.803738777873935,"sym1[-1,-1,0]/A:ASN202:ND2",4.803738777873935,True,True,True,54.14949035644531,nan,nan,False,False
expanded13,4MKM_A_THR77__038__0,4MKM_A_THR77,38,0,0.35199767,A,0,0.40672499,True,A,0.40672499,0.1257498562335968,2.0363776683807373,-170.9667,t,9.0333,45.0000,True,True,2.931746531953384,A:GLU78:N,0.931746531953384,True,5.487139612136978,"sym1[-1,-1,0]/A:ASN202:ND2",3.4871396121369784,True,True,True,100.33863830566406,100.75887298583984,-0.42023468017578125,True,True
expanded13,4MKM_A_THR77__038__1,4MKM_A_THR77,38,1,0.57400799,B,1,0.57400799,True,B,0.57400799,2.0959551334381104,0.020110061392188072,59.9091,g+,0.0909,45.0000,True,True,3.1042149582250254,A:GLU78:N,1.1042149582250254,True,6.803738777873935,"sym1[-1,-1,0]/A:ASN202:ND2",4.803738777873935,True,True,True,106.15531921386719,105.96530151367188,0.1900177001953125,True,True
expanded13,4MKM_A_THR77__038__3,4MKM_A_THR77,38,3,0.05472732,merged_duplicate,0,0.40672499,False,A,0.0,0.20955751836299896,1.9982128143310547,-175.2193,t,4.7807,45.0000,True,True,2.8837955455376276,A:GLU78:N,0.8837955455376276,True,5.458073192763005,"sym1[-1,-1,0]/A:ASN202:ND2",3.4580731927630053,True,True,True,55.77873992919922,nan,nan,False,False
expanded13,4MKM_A_THR77__039__0,4MKM_A_THR77,39,0,0.41288704,A,0,0.41288704,True,A,0.41288704,0.12234470993280411,2.037867546081543,-170.7942,t,9.2058,45.0000,True,True,2.9337787967512887,A:GLU78:N,0.9337787967512887,True,5.488470988123059,"sym1[-1,-1,0]/A:ASN202:ND2",3.4884709881230593,True,True,True,100.34330749511719,100.75887298583984,-0.41556549072265625,True,True
expanded13,4MKM_A_THR77__039__2,4MKM_A_THR77,39,2,0.054701526,merged_duplicate,1,0.572185776,False,B,0.0,2.219965934753418,0.4461807906627655,38.2013,g+,21.7987,45.0000,True,True,3.1042149582250254,A:GLU78:N,1.1042149582250254,True,6.803738777873935,"sym1[-1,-1,0]/A:ASN202:ND2",4.803738777873935,True,True,True,57.57969665527344,nan,nan,False,False
expanded13,4MKM_A_THR77__039__3,4MKM_A_THR77,39,3,0.51748425,B,1,0.572185776,True,B,0.572185776,2.0922276973724365,0.010319694876670837,60.4045,g+,0.4045,45.0000,True,True,3.1042149582250254,A:GLU78:N,1.1042149582250254,True,6.803738777873935,"sym1[-1,-1,0]/A:ASN202:ND2",4.803738777873935,True,True,True,106.12964630126953,105.96530151367188,0.16434478759765625,True,True
expanded13,4MKM_A_THR77__040__1,4MKM_A_THR77,40,1,0.57437688,B,0,0.57437688,True,B,0.57437688,2.0965158939361572,0.02159140817821026,59.8342,g+,0.1658,45.0000,True,True,3.1042149582250254,A:GLU78:N,1.1042149582250254,True,6.803738777873935,"sym1[-1,-1,0]/A:ASN202:ND2",4.803738777873935,True,True,True,106.15813446044922,105.96530151367188,0.19283294677734375,True,True
expanded13,4MKM_A_THR77__040__2,4MKM_A_THR77,40,2,0.35737494,A,1,0.35737494,True,A,0.35737494,0.1279202401638031,2.0354254245758057,-171.0766,t,8.9234,45.0000,True,True,2.9304569665290794,A:GLU78:N,0.9304569665290794,True,5.486296833379413,"sym1[-1,-1,0]/A:ASN202:ND2",3.486296833379413,True,True,True,100.33534240722656,100.75887298583984,-0.42353057861328125,True,True
expanded13,4MKM_A_THR77__041__0,4MKM_A_THR77,41,0,0.30553833,A,0,0.369841534,True,A,0.369841534,0.12917594611644745,2.0348756313323975,-171.1404,t,8.8596,45.0000,True,True,2.9297075512603694,A:GLU78:N,0.9297075512603694,True,5.485808611942877,"sym1[-1,-1,0]/A:ASN202:ND2",3.4858086119428773,True,True,True,100.33368682861328,100.75887298583984,-0.4251861572265625,True,True
expanded13,4MKM_A_THR77__041__1,4MKM_A_THR77,41,1,0.064303204,merged_duplicate,0,0.369841534,False,A,0.0,0.15306821465492249,2.024254560470581,-172.3517,t,7.6483,45.0000,True,True,2.915680280023164,A:GLU78:N,0.9156802800231638,True,5.476874021051208,"sym1[-1,-1,0]/A:ASN202:ND2",3.4768740210512084,True,True,True,55.91432189941406,nan,nan,False,False
expanded13,4MKM_A_THR77__041__3,4MKM_A_THR77,41,3,0.58532071,B,1,0.58532071,True,B,0.58532071,2.0962867736816406,0.020986344665288925,59.8648,g+,0.1352,45.0000,True,True,3.1042149582250254,A:GLU78:N,1.1042149582250254,True,6.803738777873935,"sym1[-1,-1,0]/A:ASN202:ND2",4.803738777873935,True,True,True,106.15840148925781,105.96530151367188,0.1930999755859375,True,True
expanded13,4MKM_A_THR77__042__0,4MKM_A_THR77,42,0,0.060386423,merged_duplicate,0,0.41267288300000005,False,A,0.0,0.08826161921024323,2.052518606185913,-169.0677,t,10.9323,45.0000,True,True,2.9544447286380673,A:GLU78:N,0.9544447286380673,True,5.502443414429397,"sym1[-1,-1,0]/A:ASN202:ND2",3.502443414429397,True,True,True,56.24964904785156,nan,nan,False,False
expanded13,4MKM_A_THR77__042__1,4MKM_A_THR77,42,1,0.35228646,A,0,0.41267288300000005,True,A,0.41267288300000005,0.12817981839179993,2.0353126525878906,-171.0899,t,8.9101,45.0000,True,True,2.9302989971581104,A:GLU78:N,0.9302989971581104,True,5.4861951818738826,"sym1[-1,-1,0]/A:ASN202:ND2",3.4861951818738826,True,True,True,100.3350601196289,100.75887298583984,-0.4238128662109375,True,True
expanded13,4MKM_A_THR77__042__2,4MKM_A_THR77,42,2,0.55249798,B,1,0.55249798,True,B,0.55249798,2.0981998443603516,0.02605450712144375,59.6083,g+,0.3917,45.0000,True,True,3.1042149582250254,A:GLU78:N,1.1042149582250254,True,6.803738777873935,"sym1[-1,-1,0]/A:ASN202:ND2",4.803738777873935,True,True,True,106.17253112792969,105.96530151367188,0.2072296142578125,True,True
expanded13,4MKM_A_THR77__043__0,4MKM_A_THR77,43,0,0.57293099,B,0,0.57293099,True,B,0.57293099,2.0961766242980957,0.020692486315965652,59.8797,g+,0.1203,45.0000,True,True,3.1042149582250254,A:GLU78:N,1.1042149582250254,True,6.803738777873935,"sym1[-1,-1,0]/A:ASN202:ND2",4.803738777873935,True,True,True,106.1564712524414,105.96530151367188,0.19116973876953125,True,True
expanded13,4MKM_A_THR77__043__1,4MKM_A_THR77,43,1,0.059851561,merged_duplicate,1,0.405771021,False,A,0.0,0.14942681789398193,2.0258877277374268,-172.1669,t,7.8331,45.0000,True,True,2.9178015529572234,A:GLU78:N,0.9178015529572234,True,5.478197753621294,"sym1[-1,-1,0]/A:ASN202:ND2",3.478197753621294,True,True,True,55.92853546142578,nan,nan,False,False
expanded13,4MKM_A_THR77__043__3,4MKM_A_THR77,43,3,0.34591946,A,1,0.405771021,True,A,0.405771021,0.12776267528533936,2.035496473312378,-171.0688,t,8.9312,45.0000,True,True,2.9305440954602124,A:GLU78:N,0.9305440954602124,True,5.486356965403656,"sym1[-1,-1,0]/A:ASN202:ND2",3.4863569654036564,True,True,True,100.33534240722656,100.75887298583984,-0.42353057861328125,True,True
expanded13,4MKM_A_THR77__044__0,4MKM_A_THR77,44,0,0.31332049,A,0,0.412401254,True,A,0.412401254,0.12878666818141937,2.035045862197876,-171.1206,t,8.8794,45.0000,True,True,2.9299372544180726,A:GLU78:N,0.9299372544180726,True,5.485959810513048,"sym1[-1,-1,0]/A:ASN202:ND2",3.485959810513048,True,True,True,100.33436584472656,100.75887298583984,-0.42450714111328125,True,True
expanded13,4MKM_A_THR77__044__2,4MKM_A_THR77,44,2,0.55826467,B,1,0.55826467,True,B,0.55826467,2.098238706588745,0.02615974098443985,59.6030,g+,0.3970,45.0000,True,True,3.1042149582250254,A:GLU78:N,1.1042149582250254,True,6.803738777873935,"sym1[-1,-1,0]/A:ASN202:ND2",4.803738777873935,True,True,True,106.17229461669922,105.96530151367188,0.20699310302734375,True,True
expanded13,4MKM_A_THR77__044__3,4MKM_A_THR77,44,3,0.099080764,merged_duplicate,0,0.412401254,False,A,0.0,0.14080722630023956,2.029733657836914,-171.7300,t,8.2700,45.0000,True,True,2.9228385455377466,A:GLU78:N,0.9228385455377466,True,5.481387137523944,"sym1[-1,-1,0]/A:ASN202:ND2",3.481387137523944,True,True,True,55.96426010131836,nan,nan,False,False
expanded13,4MKM_A_THR77__045__0,4MKM_A_THR77,45,0,0.40823403,A,0,0.40823403,True,A,0.40823403,0.12364007532596588,2.0373008251190186,-170.8598,t,9.1402,45.0000,True,True,2.9330055134867354,A:GLU78:N,0.9330055134867354,True,5.487964181564491,"sym1[-1,-1,0]/A:ASN202:ND2",3.4879641815644913,True,True,True,100.34127807617188,100.75887298583984,-0.41759490966796875,True,True
expanded13,4MKM_A_THR77__045__2,4MKM_A_THR77,45,2,0.53188109,B,1,0.5850111689999999,True,B,0.5850111689999999,2.0968165397644043,0.022390305995941162,59.7938,g+,0.2062,45.0000,True,True,3.1042149582250254,A:GLU78:N,1.1042149582250254,True,6.803738777873935,"sym1[-1,-1,0]/A:ASN202:ND2",4.803738777873935,True,True,True,106.16207885742188,105.96530151367188,0.19677734375,True,True
expanded13,4MKM_A_THR77__045__3,4MKM_A_THR77,45,3,0.053130079,merged_duplicate,1,0.5850111689999999,False,B,0.0,2.096330165863037,0.021099910140037537,59.8591,g+,0.1409,45.0000,True,True,3.1042149582250254,A:GLU78:N,1.1042149582250254,True,6.803738777873935,"sym1[-1,-1,0]/A:ASN202:ND2",4.803738777873935,True,True,True,53.859439849853516,nan,nan,False,False
expanded13,4MKM_A_THR77__046__0,4MKM_A_THR77,46,0,0.37077919,A,0,0.37077919,True,A,0.37077919,0.12670114636421204,2.035961389541626,-171.0149,t,8.9851,45.0000,True,True,2.931177788855511,A:GLU78:N,0.9311777888555111,True,5.486768489258332,"sym1[-1,-1,0]/A:ASN202:ND2",3.486768489258332,True,True,True,100.33688354492188,100.75887298583984,-0.42198944091796875,True,True
expanded13,4MKM_A_THR77__046__2,4MKM_A_THR77,46,2,0.57398206,B,1,0.57398206,True,B,0.57398206,2.096292495727539,0.020999852567911148,59.8641,g+,0.1359,45.0000,True,True,3.1042149582250254,A:GLU78:N,1.1042149582250254,True,6.803738777873935,"sym1[-1,-1,0]/A:ASN202:ND2",4.803738777873935,True,True,True,106.15840148925781,105.96530151367188,0.1930999755859375,True,True
expanded13,4MKM_A_THR77__047__0,4MKM_A_THR77,47,0,0.36880282,A,0,0.36880282,True,A,0.36880282,0.1257181614637375,2.0363929271698,-170.9652,t,9.0348,45.0000,True,True,2.931762267462854,A:GLU78:N,0.9317622674628541,True,5.487150291475742,"sym1[-1,-1,0]/A:ASN202:ND2",3.487150291475742,True,True,True,100.33863830566406,100.75887298583984,-0.42023468017578125,True,True
expanded13,4MKM_A_THR77__047__3,4MKM_A_THR77,47,3,0.56817698,B,1,0.56817698,True,B,0.56817698,2.096728563308716,0.022156987339258194,59.8056,g+,0.1944,45.0000,True,True,3.1042149582250254,A:GLU78:N,1.1042149582250254,True,6.803738777873935,"sym1[-1,-1,0]/A:ASN202:ND2",4.803738777873935,True,True,True,106.16207885742188,105.96530151367188,0.19677734375,True,True
expanded13,4MKM_A_THR77__048__1,4MKM_A_THR77,48,1,0.35445857,A,0,0.412260089,True,A,0.412260089,0.12446345388889313,2.0369410514831543,-170.9014,t,9.0986,45.0000,True,True,2.9325158173171175,A:GLU78:N,0.9325158173171175,True,5.487641677288635,"sym1[-1,-1,0]/A:ASN202:ND2",3.487641677288635,True,True,True,100.3405990600586,100.75887298583984,-0.41827392578125,True,True
expanded13,4MKM_A_THR77__048__2,4MKM_A_THR77,48,2,0.58589089,B,1,0.58589089,True,B,0.58589089,2.0959362983703613,0.02005777508020401,59.9117,g+,0.0883,45.0000,True,True,3.1042149582250254,A:GLU78:N,1.1042149582250254,True,6.803738777873935,"sym1[-1,-1,0]/A:ASN202:ND2",4.803738777873935,True,True,True,106.15531921386719,105.96530151367188,0.1900177001953125,True,True
expanded13,4MKM_A_THR77__048__3,4MKM_A_THR77,48,3,0.057801519,merged_duplicate,0,0.412260089,False,A,0.0,0.19023001194000244,2.0072708129882812,-174.2375,t,5.7625,45.0000,True,True,2.8944975566474973,A:GLU78:N,0.8944975566474973,True,5.464132761043341,"sym1[-1,-1,0]/A:ASN202:ND2",3.4641327610433406,True,True,True,55.80642318725586,nan,nan,False,False
expanded13,4MKM_A_THR77__049__1,4MKM_A_THR77,49,1,0.574072,B,0,0.574072,True,B,0.574072,2.096342086791992,0.021130692213773727,59.8575,g+,0.1425,45.0000,True,True,3.1042149582250254,A:GLU78:N,1.1042149582250254,True,6.803738777873935,"sym1[-1,-1,0]/A:ASN202:ND2",4.803738777873935,True,True,True,106.15813446044922,105.96530151367188,0.19283294677734375,True,True
expanded13,4MKM_A_THR77__049__3,4MKM_A_THR77,49,3,0.40567857,A,1,0.40567857,True,A,0.40567857,0.12518246471881866,2.036627769470215,-170.9380,t,9.0620,45.0000,True,True,2.9320830870284738,A:GLU78:N,0.9320830870284738,True,5.4873585321069775,"sym1[-1,-1,0]/A:ASN202:ND2",3.4873585321069775,True,True,True,100.33878326416016,100.75887298583984,-0.4200897216796875,True,True
expanded13,5DBA_A_TRP325__000__2,5DBA_A_TRP325,0,2,0.54419112,A,0,0.54419112,True,A,0.54419112,0.03130640462040901,2.840272903442383,-99.4538;7.7626,g-/p0,39.4538;7.7626,45.0000;60.0000,True,True,3.1459231601262894,A:LYS326:N,1.1459231601262894,True,5.996839555285797,"sym0[0,0,-1]/A:ASN245:CA",3.9968395552857974,True,True,True,155.064208984375,155.23419189453125,-0.16998291015625,True,True
expanded13,5DBA_A_TRP325__000__3,5DBA_A_TRP325,0,3,0.40049693,B,1,0.40049693,True,B,0.40049693,2.7233922481536865,0.20381766557693481,-95.4521;108.4315,g-/m+105,35.4521;3.4315,45.0000;60.0000,True,True,2.9928500680847074,A:HIS285:CG,0.9928500680847074,True,5.383547996120502,"sym0[0,0,-1]/A:ASN245:CB",3.3835479961205017,True,True,True,155.27809143066406,155.79147338867188,-0.5133819580078125,True,True
expanded13,5DBA_A_TRP325__001__3,5DBA_A_TRP325,1,3,1.0,B,0,1.0,True,B,1.0,2.778076171875,0.1811940222978592,-95.8494;111.0219,g-/m+105,35.8494;6.0219,45.0000;60.0000,True,True,3.0278241161345196,A:HIS285:CG,1.0278241161345196,True,5.27400790280234,"sym0[0,0,-1]/A:ASN245:CB",3.2740079028023397,True,True,True,155.56781005859375,155.79147338867188,-0.223663330078125,True,True
expanded13,5DBA_A_TRP325__002__1,5DBA_A_TRP325,2,1,0.55200231,A,0,0.55200231,True,A,0.55200231,0.03397032618522644,2.8292508125305176,-99.0900;8.4781,g-/p0,39.0900;8.4781,45.0000;60.0000,True,True,3.1459231601262894,A:LYS326:N,1.1459231601262894,True,5.999476245997209,"sym0[0,0,-1]/A:ASN245:CA",3.999476245997209,True,True,True,154.93112182617188,155.23419189453125,-0.303070068359375,True,True
expanded13,5DBA_A_TRP325__002__2,5DBA_A_TRP325,2,2,0.43721274,B,1,0.43721274,True,B,0.43721274,2.728149652481079,0.19851817190647125,-95.5335;108.6439,g-/m+105,35.5335;3.6439,45.0000;60.0000,True,True,2.997897337402407,A:HIS285:CG,0.9978973374024069,True,5.376558527493069,"sym0[0,0,-1]/A:ASN245:CB",3.376558527493069,True,True,True,155.30416870117188,155.79147338867188,-0.4873046875,True,True
expanded13,5DBA_A_TRP325__003__0,5DBA_A_TRP325,3,0,0.54319441,A,0,0.54319441,True,A,0.54319441,0.043980326503515244,2.828321695327759,-98.8186;8.6297,g-/p0,38.8186;8.6297,45.0000;60.0000,True,True,3.1459231601262894,A:LYS326:N,1.1459231601262894,True,6.0009679691509925,"sym0[0,0,-1]/A:ASN245:CA",4.0009679691509925,True,True,True,154.8372802734375,155.23419189453125,-0.39691162109375,True,True
expanded13,5DBA_A_TRP325__003__1,5DBA_A_TRP325,3,1,0.44862285,B,1,0.44862285,True,B,0.44862285,2.7361042499542236,0.20039547979831696,-95.4611;109.0445,g-/m+105,35.4611;4.0445,45.0000;60.0000,True,True,2.9971417784162697,A:HIS285:CG,0.9971417784162697,True,5.353982321556221,"sym0[0,0,-1]/A:ASN245:CB",3.353982321556221,True,True,True,155.3658447265625,155.79147338867188,-0.425628662109375,True,True
expanded13,5DBA_A_TRP325__004__2,5DBA_A_TRP325,4,2,0.7094509,A,0,0.7094509,True,A,0.7094509,0.11577216535806656,2.8850457668304443,-98.5975;5.7535,g-/p0,38.5975;5.7535,45.0000;60.0000,True,True,3.1459231601262894,A:LYS326:N,1.1459231601262894,True,5.996949309669804,"sym0[0,0,-1]/A:ASN245:CA",3.9969493096698043,True,True,True,154.82058715820312,155.23419189453125,-0.413604736328125,True,True
expanded13,5DBA_A_TRP325__004__3,5DBA_A_TRP325,4,3,0.28065771,other,1,0.28065771,True,other,0.28065771,2.5839831829071045,2.4864931106567383,-144.8089;-83.8884,t/m-105,35.1911;21.1116,45.0000;60.0000,True,True,2.791498913272144,A:ARG328:NH2,0.791498913272144,True,5.812952361961153,"sym0[0,0,-1]/A:ASN245:C",3.8129523619611527,True,True,True,107.90493774414062,nan,nan,False,False
expanded13,5DBA_A_TRP325__005__0,5DBA_A_TRP325,5,0,0.27211639,B,0,0.41321633,True,B,0.41321633,2.7226829528808594,0.21083799004554749,-95.3105;108.4267,g-/m+105,35.3105;3.4267,45.0000;60.0000,True,True,2.986380677261943,A:HIS285:CG,0.986380677261943,True,5.37791091365708,"sym0[0,0,-1]/A:ASN245:CB",3.3779109136570797,True,True,True,155.3051300048828,155.79147338867188,-0.4863433837890625,True,True
expanded13,5DBA_A_TRP325__005__1,5DBA_A_TRP325,5,1,0.14109994,merged_duplicate,0,0.41321633,False,B,0.0,2.7589495182037354,0.23038803040981293,-94.9344;110.2607,g-/m+105,34.9344;5.2607,45.0000;60.0000,True,True,2.9812895970134545,A:HIS285:CG,0.9812895970134545,True,5.273326590287714,"sym0[0,0,-1]/A:ASN245:CB",3.2733265902877138,True,True,True,101.97698974609375,nan,nan,False,False
expanded13,5DBA_A_TRP325__005__2,5DBA_A_TRP325,5,2,0.53795552,A,1,0.53795552,True,A,0.53795552,0.07260656356811523,2.8306257724761963,-98.0915;8.7990,g-/p0,38.0915;8.7990,45.0000;60.0000,True,True,3.1459231601262894,A:LYS326:N,1.1459231601262894,True,6.005128497560387,"sym0[0,0,-1]/A:ASN245:CA",4.005128497560387,True,True,True,154.59326171875,155.23419189453125,-0.64093017578125,True,True
expanded13,5DBA_A_TRP325__006__0,5DBA_A_TRP325,6,0,0.079851024,merged_duplicate,0,0.45136276399999997,False,B,0.0,2.7718048095703125,0.2640034258365631,-94.4389;110.9752,g-/m+105,34.4389;5.9752,45.0000;60.0000,True,True,2.964032084408733,A:HIS285:CG,0.9640320844087329,True,5.219168135133888,"sym0[0,0,-1]/A:ASN245:CB",3.219168135133888,True,True,True,102.56331634521484,nan,nan,False,False
expanded13,5DBA_A_TRP325__006__1,5DBA_A_TRP325,6,1,0.54863727,A,1,0.54863727,True,A,0.54863727,0.042387135326862335,2.827291250228882,-98.8516;8.6702,g-/p0,38.8516;8.6702,45.0000;60.0000,True,True,3.1459231601262894,A:LYS326:N,1.1459231601262894,True,6.000895625723875,"sym0[0,0,-1]/A:ASN245:CA",4.000895625723875,True,True,True,154.8478546142578,155.23419189453125,-0.3863372802734375,True,True
expanded13,5DBA_A_TRP325__006__2,5DBA_A_TRP325,6,2,0.10016669,merged_duplicate,0,0.45136276399999997,False,B,0.0,2.7654523849487305,0.23957812786102295,-94.8075;110.6020,g-/m+105,34.8075;5.6020,45.0000;60.0000,True,True,2.9778961814712868,A:HIS285:CG,0.9778961814712868,True,5.25172491835436,"sym0[0,0,-1]/A:ASN245:CB",3.25172491835436,True,True,True,102.17362213134766,nan,nan,False,False
expanded13,5DBA_A_TRP325__006__3,5DBA_A_TRP325,6,3,0.27134505,B,0,0.45136276399999997,True,B,0.45136276399999997,2.720327854156494,0.20617876946926117,-95.4228;108.2901,g-/m+105,35.4228;3.2901,45.0000;60.0000,True,True,2.9906313107517737,A:HIS285:CG,0.9906313107517737,True,5.389250207272469,"sym0[0,0,-1]/A:ASN245:CB",3.389250207272469,True,True,True,155.2740936279297,155.79147338867188,-0.5173797607421875,True,True
expanded13,5DBA_A_TRP325__007__0,5DBA_A_TRP325,7,0,0.10399339,other,0,0.10399339,True,other,0.10399339,6.331929683685303,6.525069236755371,67.9550;-140.9230,g+/m-105,7.9550;35.9230,45.0000;60.0000,True,True,0.7855657594400978,A:PHE320:CB,-1.2144342405599022,False,8.077154104829399,"sym0[0,0,-1]/A:ASN245:OD1",6.077154104829399,True,False,False,2463.3095703125,nan,nan,False,False
expanded13,5DBA_A_TRP325__007__3,5DBA_A_TRP325,7,3,0.89598417,B,1,0.89598417,True,B,0.89598417,2.776780128479004,0.1825813353061676,-95.8198;110.9639,g-/m+105,35.8198;5.9639,45.0000;60.0000,True,True,3.0260812554963135,A:HIS285:CG,1.0260812554963135,True,5.275580653754477,"sym0[0,0,-1]/A:ASN245:CB",3.275580653754477,True,True,True,155.5590362548828,155.79147338867188,-0.2324371337890625,True,True
expanded13,5DBA_A_TRP325__008__0,5DBA_A_TRP325,8,0,0.54632306,A,0,0.54632306,True,A,0.54632306,0.043806374073028564,2.8270859718322754,-98.8130;8.6955,g-/p0,38.8130;8.6955,45.0000;60.0000,True,True,3.1459231601262894,A:LYS326:N,1.1459231601262894,True,6.001125763730639,"sym0[0,0,-1]/A:ASN245:CA",4.001125763730639,True,True,True,154.83804321289062,155.23419189453125,-0.396148681640625,True,True
expanded13,5DBA_A_TRP325__008__1,5DBA_A_TRP325,8,1,0.24706766,B,1,0.44909751,True,B,0.44909751,2.731523036956787,0.208637535572052,-95.3151;108.8526,g-/m+105,35.3151;3.8526,45.0000;60.0000,True,True,2.9892830242039348,A:HIS285:CG,0.9892830242039348,True,5.357302559367767,"sym0[0,0,-1]/A:ASN245:CB",3.357302559367767,True,True,True,155.35650634765625,155.79147338867188,-0.434967041015625,True,True
expanded13,5DBA_A_TRP325__008__3,5DBA_A_TRP325,8,3,0.20202985,merged_duplicate,1,0.44909751,False,B,0.0,2.742591142654419,0.21869128942489624,-95.1081;109.4302,g-/m+105,35.1081;4.4302,45.0000;60.0000,True,True,2.983634725775686,A:HIS285:CG,0.9836347257756861,True,5.320669376537476,"sym0[0,0,-1]/A:ASN245:CB",3.3206693765374764,True,True,True,101.63870239257812,nan,nan,False,False
expanded13,5DBA_A_TRP325__009__0,5DBA_A_TRP325,9,0,0.4399434,B,0,0.4399434,True,B,0.4399434,2.751215934753418,0.20910318195819855,-95.2862;109.8159,g-/m+105,35.2862;4.8159,45.0000;60.0000,True,True,2.994198220677182,A:HIS285:CG,0.9941982206771822,True,5.309205148581569,"sym0[0,0,-1]/A:ASN245:CB",3.309205148581569,True,True,True,155.4900665283203,155.79147338867188,-0.3014068603515625,True,True
expanded13,5DBA_A_TRP325__009__3,5DBA_A_TRP325,9,3,0.52138901,A,1,0.52138901,True,A,0.52138901,0.06259486079216003,2.824009656906128,-98.3060;9.0501,g-/p0,38.3060;9.0501,45.0000;60.0000,True,True,3.1459231601262894,A:LYS326:N,1.1459231601262894,True,6.00446616779797,"sym0[0,0,-1]/A:ASN245:CA",4.00446616779797,True,True,True,154.66226196289062,155.23419189453125,-0.571929931640625,True,True
expanded13,5DBA_A_TRP325__010__0,5DBA_A_TRP325,10,0,0.53952712,A,0,0.53952712,True,A,0.53952712,0.04749803617596626,2.828469753265381,-98.7281;8.6571,g-/p0,38.7281;8.6571,45.0000;60.0000,True,True,3.1459231601262894,A:LYS326:N,1.1459231601262894,True,6.001448442705003,"sym0[0,0,-1]/A:ASN245:CA",4.001448442705003,True,True,True,154.80157470703125,155.23419189453125,-0.4326171875,True,True
expanded13,5DBA_A_TRP325__010__2,5DBA_A_TRP325,10,2,0.4422608,B,1,0.4422608,True,B,0.4422608,2.7450249195098877,0.2042551189661026,-95.3721;109.4968,g-/m+105,35.3721;4.4968,45.0000;60.0000,True,True,2.996009235222854,A:HIS285:CG,0.996009235222854,True,5.328266878173491,"sym0[0,0,-1]/A:ASN245:CB",3.3282668781734914,True,True,True,155.4308319091797,155.79147338867188,-0.3606414794921875,True,True
expanded13,5DBA_A_TRP325__011__0,5DBA_A_TRP325,11,0,0.72552621,A,0,0.72552621,True,A,0.72552621,0.1498546004295349,2.857164144515991,-96.4139;8.1981,g-/p0,36.4139;8.1981,45.0000;60.0000,True,True,3.1459231601262894,A:LYS326:N,1.1459231601262894,True,6.015442736386381,"sym0[0,0,-1]/A:ASN245:CA",4.015442736386381,True,True,True,154.09011840820312,155.23419189453125,-1.144073486328125,True,True
expanded13,5DBA_A_TRP325__011__3,5DBA_A_TRP325,11,3,0.27447361,other,1,0.27447361,True,other,0.27447361,3.328728675842285,2.073058605194092,-129.2273;-132.9395,t/m-105,50.7727;27.9395,45.0000;60.0000,False,False,2.9036049471947942,A:ARG328:NH2,0.9036049471947942,True,4.14942099639286,"sym0[0,0,-1]/A:ASN245:CA",2.14942099639286,True,True,False,108.21977996826172,nan,nan,False,False
expanded13,5DBA_A_TRP325__012__0,5DBA_A_TRP325,12,0,0.38612592,B,0,0.45193384400000003,True,B,0.45193384400000003,2.7249345779418945,0.20165030658245087,-95.4877;108.4984,g-/m+105,35.4877;3.4984,45.0000;60.0000,True,True,2.994891328811722,A:HIS285:CG,0.9948913288117218,True,5.381760824162012,"sym0[0,0,-1]/A:ASN245:CB",3.3817608241620123,True,True,True,155.29412841796875,155.79147338867188,-0.497344970703125,True,True
expanded13,5DBA_A_TRP325__012__1,5DBA_A_TRP325,12,1,0.54243577,A,1,0.54243577,True,A,0.54243577,0.04628904536366463,2.8307290077209473,-98.7843;8.5187,g-/p0,38.7843;8.5187,45.0000;60.0000,True,True,3.1459231601262894,A:LYS326:N,1.1459231601262894,True,6.000907092447824,"sym0[0,0,-1]/A:ASN245:CA",4.000907092447824,True,True,True,154.82534790039062,155.23419189453125,-0.408843994140625,True,True
expanded13,5DBA_A_TRP325__012__3,5DBA_A_TRP325,12,3,0.065807924,merged_duplicate,0,0.45193384400000003,False,B,0.0,2.8051252365112305,0.27758803963661194,-94.5156;112.6156,g-/m+105,34.5156;7.6156,45.0000;60.0000,True,True,2.978899450440854,A:HIS285:CG,0.9788994504408541,True,5.14350619827615,"sym0[0,0,-1]/A:ASN245:CB",3.1435061982761496,True,True,True,103.00163269042969,nan,nan,False,False
expanded13,5DBA_A_TRP325__013__0,5DBA_A_TRP325,13,0,0.70398593,A,0,0.70398593,True,A,0.70398593,0.11045858263969421,2.885976552963257,-98.9545;5.5421,g-/p0,38.9545;5.5421,45.0000;60.0000,True,True,3.1459231601262894,A:LYS326:N,1.1459231601262894,True,5.995280848804128,"sym0[0,0,-1]/A:ASN245:CA",3.9952808488041276,True,True,True,154.943603515625,155.23419189453125,-0.29058837890625,True,True
expanded13,5DBA_A_TRP325__013__2,5DBA_A_TRP325,13,2,0.28392765,other,1,0.28392765,True,other,0.28392765,2.5105483531951904,2.5238842964172363,-141.7308;-82.7183,t/m-105,38.2692;22.2817,45.0000;60.0000,True,True,2.806049473453361,A:ARG328:NH2,0.8060494734533612,True,5.836026912322163,"sym0[0,0,-1]/A:ASN245:C",3.836026912322163,True,True,True,105.52411651611328,nan,nan,False,False
expanded13,5DBA_A_TRP325__014__1,5DBA_A_TRP325,14,1,0.44740954,B,0,0.44740954,True,B,0.44740954,2.73626971244812,0.20032930374145508,-95.4619;109.0524,g-/m+105,35.4619;4.0524,45.0000;60.0000,True,True,2.9972298089485294,A:HIS285:CG,0.9972298089485294,True,5.353632615235871,"sym0[0,0,-1]/A:ASN245:CB",3.3536326152358713,True,True,True,155.3660125732422,155.79147338867188,-0.4254608154296875,True,True
expanded13,5DBA_A_TRP325__014__3,5DBA_A_TRP325,14,3,0.54308039,A,1,0.54308039,True,A,0.54308039,0.04484578222036362,2.8284928798675537,-98.7976;8.6290,g-/p0,38.7976;8.6290,45.0000;60.0000,True,True,3.1459231601262894,A:LYS326:N,1.1459231601262894,True,6.001064664158627,"sym0[0,0,-1]/A:ASN245:CA",4.001064664158627,True,True,True,154.827392578125,155.23419189453125,-0.40679931640625,True,True
expanded13,5DBA_A_TRP325__015__2,5DBA_A_TRP325,15,2,1.0,B,0,1.0,True,B,1.0,2.7780754566192627,0.18119211494922638,-95.8494;111.0218,g-/m+105,35.8494;6.0218,45.0000;60.0000,True,True,3.0278230928858645,A:HIS285:CG,1.0278230928858645,True,5.274012318564955,"sym0[0,0,-1]/A:ASN245:CB",3.274012318564955,True,True,True,155.56781005859375,155.79147338867188,-0.223663330078125,True,True
expanded13,5DBA_A_TRP325__016__0,5DBA_A_TRP325,16,0,0.43371025,B,0,0.43371025,True,B,0.43371025,2.7453291416168213,0.20405660569667816,-95.3755;109.5106,g-/m+105,35.3755;4.5106,45.0000;60.0000,True,True,2.996256018948025,A:HIS285:CG,0.9962560189480252,True,5.3277247144186655,"sym0[0,0,-1]/A:ASN245:CB",3.3277247144186655,True,True,True,155.43711853027344,155.79147338867188,-0.3543548583984375,True,True
expanded13,5DBA_A_TRP325__016__3,5DBA_A_TRP325,16,3,0.53814554,A,1,0.53814554,True,A,0.53814554,0.06086365878582001,2.829164505004883,-98.3850;8.7560,g-/p0,38.3850;8.7560,45.0000;60.0000,True,True,3.1459231601262894,A:LYS326:N,1.1459231601262894,True,6.003395032029043,"sym0[0,0,-1]/A:ASN245:CA",4.003395032029043,True,True,True,154.69444274902344,155.23419189453125,-0.5397491455078125,True,True
expanded13,5DBA_A_TRP325__017__1,5DBA_A_TRP325,17,1,0.54714835,A,0,0.54714835,True,A,0.54714835,0.0377742238342762,2.8293614387512207,-98.9916;8.5098,g-/p0,38.9916;8.5098,45.0000;60.0000,True,True,3.1459231601262894,A:LYS326:N,1.1459231601262894,True,5.999957010587986,"sym0[0,0,-1]/A:ASN245:CA",3.999957010587986,True,True,True,154.89962768554688,155.23419189453125,-0.334564208984375,True,True
expanded13,5DBA_A_TRP325__017__2,5DBA_A_TRP325,17,2,0.29453146,B,1,0.41093567000000003,True,B,0.41093567000000003,2.715373992919922,0.2064782679080963,-95.4554;108.0450,g-/m+105,35.4554;3.0450,45.0000;60.0000,True,True,2.990587067457731,A:HIS285:CG,0.9905870674577311,True,5.402600025413952,"sym0[0,0,-1]/A:ASN245:CB",3.4026000254139523,True,True,True,155.2327423095703,155.79147338867188,-0.5587310791015625,True,True
expanded13,5DBA_A_TRP325__017__3,5DBA_A_TRP325,17,3,0.11640421,merged_duplicate,1,0.41093567000000003,False,B,0.0,2.7739429473876953,0.24082809686660767,-94.8353;111.0149,g-/m+105,34.8353;6.0149,45.0000;60.0000,True,True,2.981942777754073,A:HIS285:CG,0.9819427777540728,True,5.2329062082285045,"sym0[0,0,-1]/A:ASN245:CB",3.2329062082285045,True,True,True,102.29933166503906,nan,nan,False,False
expanded13,5DBA_A_TRP325__018__0,5DBA_A_TRP325,18,0,0.17604925,merged_duplicate,0,0.44326698,False,B,0.0,2.7562167644500732,0.2235739827156067,-95.0424;110.1070,g-/m+105,35.0424;5.1070,45.0000;60.0000,True,True,2.9851215746017172,A:HIS285:CG,0.9851215746017172,True,5.285133486423034,"sym0[0,0,-1]/A:ASN245:CB",3.2851334864230344,True,True,True,101.88890075683594,nan,nan,False,False
expanded13,5DBA_A_TRP325__018__1,5DBA_A_TRP325,18,1,0.26721773,B,0,0.44326698,True,B,0.44326698,2.733809471130371,0.2113177329301834,-95.2563;108.9752,g-/m+105,35.2563;3.9752,45.0000;60.0000,True,True,2.9874019413403317,A:HIS285:CG,0.9874019413403317,True,5.348906256604658,"sym0[0,0,-1]/A:ASN245:CB",3.348906256604658,True,True,True,155.3792724609375,155.79147338867188,-0.412200927734375,True,True
expanded13,5DBA_A_TRP325__018__3,5DBA_A_TRP325,18,3,0.5438202,A,1,0.5438202,True,A,0.5438202,0.04619019851088524,2.829669952392578,-98.7744;8.5772,g-/p0,38.7744;8.5772,45.0000;60.0000,True,True,3.1459231601262894,A:LYS326:N,1.1459231601262894,True,6.001070263796186,"sym0[0,0,-1]/A:ASN245:CA",4.001070263796186,True,True,True,154.82484436035156,155.23419189453125,-0.4093475341796875,True,True
expanded13,5DBA_A_TRP325__019__2,5DBA_A_TRP325,19,2,1.0,B,0,1.0,True,B,1.0,2.7781007289886475,0.1811935305595398,-95.8496;111.0232,g-/m+105,35.8496;6.0232,45.0000;60.0000,True,True,3.0278367918692575,A:HIS285:CG,1.0278367918692575,True,5.273957002839113,"sym0[0,0,-1]/A:ASN245:CB",3.273957002839113,True,True,True,155.56781005859375,155.79147338867188,-0.223663330078125,True,True
expanded13,5DBA_A_TRP325__020__1,5DBA_A_TRP325,20,1,0.40138078,B,0,0.40138078,True,B,0.40138078,2.7317097187042236,0.20288480818271637,-95.4279;108.8386,g-/m+105,35.4279;3.8386,45.0000;60.0000,True,True,2.9943204086759243,A:HIS285:CG,0.9943204086759243,True,5.362659796487653,"sym0[0,0,-1]/A:ASN245:CB",3.3626597964876526,True,True,True,155.33877563476562,155.79147338867188,-0.45269775390625,True,True
expanded13,5DBA_A_TRP325__020__3,5DBA_A_TRP325,20,3,0.53196812,A,1,0.53196812,True,A,0.53196812,0.05655009299516678,2.822955369949341,-98.4610;9.0433,g-/p0,38.4610;9.0433,45.0000;60.0000,True,True,3.1459231601262894,A:LYS326:N,1.1459231601262894,True,6.003609527267165,"sym0[0,0,-1]/A:ASN245:CA",4.003609527267165,True,True,True,154.7053985595703,155.23419189453125,-0.5287933349609375,True,True
expanded13,5DBA_A_TRP325__021__0,5DBA_A_TRP325,21,0,0.43569016,B,0,0.43569016,True,B,0.43569016,2.743654251098633,0.20330554246902466,-95.3906;109.4260,g-/m+105,35.3906;4.4260,45.0000;60.0000,True,True,2.9963918261197713,A:HIS285:CG,0.9963918261197713,True,5.332469111784988,"sym0[0,0,-1]/A:ASN245:CB",3.332469111784988,True,True,True,155.41908264160156,155.79147338867188,-0.3723907470703125,True,True
expanded13,5DBA_A_TRP325__021__3,5DBA_A_TRP325,21,3,0.53636718,A,1,0.53636718,True,A,0.53636718,0.05891549587249756,2.8286755084991455,-98.4315;8.7625,g-/p0,38.4315;8.7625,45.0000;60.0000,True,True,3.1459231601262894,A:LYS326:N,1.1459231601262894,True,6.0031622111819045,"sym0[0,0,-1]/A:ASN245:CA",4.0031622111819045,True,True,True,154.711669921875,155.23419189453125,-0.52252197265625,True,True
expanded13,5DBA_A_TRP325__022__0,5DBA_A_TRP325,22,0,0.53868496,A,0,0.53868496,True,A,0.53868496,0.047605860978364944,2.8295810222625732,-98.7363;8.5966,g-/p0,38.7363;8.5966,45.0000;60.0000,True,True,3.1459231601262894,A:LYS326:N,1.1459231601262894,True,6.001287885691741,"sym0[0,0,-1]/A:ASN245:CA",4.001287885691741,True,True,True,154.80810546875,155.23419189453125,-0.42608642578125,True,True
expanded13,5DBA_A_TRP325__022__3,5DBA_A_TRP325,22,3,0.43997505,B,1,0.43997505,True,B,0.43997505,2.7444746494293213,0.21118247509002686,-95.2451;109.4954,g-/m+105,35.2451;4.4954,45.0000;60.0000,True,True,2.9902470994091894,A:HIS285:CG,0.9902470994091894,True,5.323109593798485,"sym0[0,0,-1]/A:ASN245:CB",3.3231095937984847,True,True,True,155.4508056640625,155.79147338867188,-0.340667724609375,True,True
expanded13,5DBA_A_TRP325__023__1,5DBA_A_TRP325,23,1,0.54663295,A,0,0.54663295,True,A,0.54663295,0.04415510967373848,2.8278729915618896,-98.8101;8.6561,g-/p0,38.8101;8.6561,45.0000;60.0000,True,True,3.1459231601262894,A:LYS326:N,1.1459231601262894,True,6.001060810937844,"sym0[0,0,-1]/A:ASN245:CA",4.001060810937844,True,True,True,154.8351593017578,155.23419189453125,-0.3990325927734375,True,True
expanded13,5DBA_A_TRP325__023__3,5DBA_A_TRP325,23,3,0.45153546,B,1,0.45153546,True,B,0.45153546,2.736288070678711,0.20027375221252441,-95.4629;109.0532,g-/m+105,35.4629;4.0532,45.0000;60.0000,True,True,2.9972800507215656,A:HIS285:CG,0.9972800507215656,True,5.3536411587053685,"sym0[0,0,-1]/A:ASN245:CB",3.3536411587053685,True,True,True,155.364013671875,155.79147338867188,-0.427459716796875,True,True
expanded13,5DBA_A_TRP325__024__0,5DBA_A_TRP325,24,0,0.4270086,B,0,0.4270086,True,B,0.4270086,2.744032382965088,0.2066764384508133,-95.3279;109.4572,g-/m+105,35.3279;4.4572,45.0000;60.0000,True,True,2.993750237305443,A:HIS285:CG,0.9937502373054432,True,5.328368360748744,"sym0[0,0,-1]/A:ASN245:CB",3.328368360748744,True,True,True,155.43338012695312,155.79147338867188,-0.35809326171875,True,True
expanded13,5DBA_A_TRP325__024__2,5DBA_A_TRP325,24,2,0.51206392,A,1,0.51206392,True,A,0.51206392,0.08589497208595276,2.820768356323242,-97.6864;9.4610,g-/p0,37.6864;9.4610,45.0000;60.0000,True,True,3.1459231601262894,A:LYS326:N,1.1459231601262894,True,6.009206651605997,"sym0[0,0,-1]/A:ASN245:CA",4.009206651605997,True,True,True,154.45533752441406,155.23419189453125,-0.7788543701171875,True,True
expanded13,5DBA_A_TRP325__025__0,5DBA_A_TRP325,25,0,0.44633305,B,0,0.44633305,True,B,0.44633305,2.7526161670684814,0.19337132573127747,-95.5701;109.8263,g-/m+105,35.5701;4.8263,45.0000;60.0000,True,True,3.0071564978146585,A:HIS285:CG,1.0071564978146585,True,5.32041779546997,"sym0[0,0,-1]/A:ASN245:CB",3.32041779546997,True,True,True,155.44725036621094,155.79147338867188,-0.3442230224609375,True,True
expanded13,5DBA_A_TRP325__025__3,5DBA_A_TRP325,25,3,0.50724113,A,1,0.50724113,True,A,0.50724113,0.08069688081741333,2.7854251861572266,-98.4196;10.9541,g-/p0,38.4196;10.9541,45.0000;60.0000,True,True,3.1459231601262894,A:LYS326:N,1.1459231601262894,True,6.008368201951519,"sym0[0,0,-1]/A:ASN245:CA",4.008368201951519,True,True,True,154.66265869140625,155.23419189453125,-0.571533203125,True,True
expanded13,5DBA_A_TRP325__026__0,5DBA_A_TRP325,26,0,0.43693307,B,0,0.43693307,True,B,0.43693307,2.748892307281494,0.2069018930196762,-95.3237;109.6948,g-/m+105,35.3237;4.6948,45.0000;60.0000,True,True,2.9951054301823907,A:HIS285:CG,0.9951054301823907,True,5.31662673551799,"sym0[0,0,-1]/A:ASN245:CB",3.31662673551799,True,True,True,155.4667510986328,155.79147338867188,-0.3247222900390625,True,True
expanded13,5DBA_A_TRP325__026__1,5DBA_A_TRP325,26,1,0.53654879,A,1,0.53654879,True,A,0.53654879,0.0559476763010025,2.82822847366333,-98.5052;8.7564,g-/p0,38.5052;8.7564,45.0000;60.0000,True,True,3.1459231601262894,A:LYS326:N,1.1459231601262894,True,6.002764482357756,"sym0[0,0,-1]/A:ASN245:CA",4.002764482357756,True,True,True,154.7282257080078,155.23419189453125,-0.5059661865234375,True,True
expanded13,5DBA_A_TRP325__027__0,5DBA_A_TRP325,27,0,0.52943081,A,0,0.52943081,True,A,0.52943081,0.06298425048589706,2.83247971534729,-98.3660;8.5939,g-/p0,38.3660;8.5939,45.0000;60.0000,True,True,3.1459231601262894,A:LYS326:N,1.1459231601262894,True,6.003151181202721,"sym0[0,0,-1]/A:ASN245:CA",4.003151181202721,True,True,True,154.68588256835938,155.23419189453125,-0.548309326171875,True,True
expanded13,5DBA_A_TRP325__027__1,5DBA_A_TRP325,27,1,0.44807345,B,1,0.44807345,True,B,0.44807345,2.798020601272583,0.19016402959823608,-95.8425;112.0187,g-/m+105,35.8425;7.0187,45.0000;60.0000,True,True,3.034307290868651,A:HIS285:CG,1.034307290868651,True,5.225516805993853,"sym0[0,0,-1]/A:ASN245:CB",3.225516805993853,True,True,True,155.70126342773438,155.79147338867188,-0.0902099609375,True,True
expanded13,5DBA_A_TRP325__028__0,5DBA_A_TRP325,28,0,0.055621788,other,0,0.055621788,True,other,0.055621788,0.781618058681488,2.9760122299194336,-121.1082;-5.7169,t/p0,58.8918;5.7169,45.0000;60.0000,False,False,3.1459231601262894,A:LYS326:N,1.1459231601262894,True,6.095729996428758,"sym0[0,0,-1]/A:ASN245:CB",4.095729996428758,True,True,False,109.30630493164062,nan,nan,False,False
expanded13,5DBA_A_TRP325__028__1,5DBA_A_TRP325,28,1,0.50565588,A,1,0.50565588,True,A,0.50565588,0.0915813222527504,2.8226373195648193,-97.5427;9.4259,g-/p0,37.5427;9.4259,45.0000;60.0000,True,True,3.1459231601262894,A:LYS326:N,1.1459231601262894,True,6.01008600636282,"sym0[0,0,-1]/A:ASN245:CA",4.01008600636282,True,True,True,154.41285705566406,155.23419189453125,-0.8213348388671875,True,True
expanded13,5DBA_A_TRP325__028__2,5DBA_A_TRP325,28,2,0.37580955,B,2,0.438722253,True,B,0.438722253,2.7351841926574707,0.2069973349571228,-95.3359;109.0257,g-/m+105,35.3359;4.0257,45.0000;60.0000,True,True,2.991332755318055,A:HIS285:CG,0.9913327553180551,True,5.349718674324274,"sym0[0,0,-1]/A:ASN245:CB",3.349718674324274,True,True,True,155.37579345703125,155.79147338867188,-0.415679931640625,True,True
expanded13,5DBA_A_TRP325__028__3,5DBA_A_TRP325,28,3,0.062912703,merged_duplicate,2,0.438722253,False,B,0.0,2.806813955307007,0.23801447451114655,-95.1668;112.5920,g-/m+105,35.1668;7.5920,45.0000;60.0000,True,True,3.0077537797092875,A:HIS285:CG,1.0077537797092875,True,5.170322538617132,"sym0[0,0,-1]/A:ASN245:CB",3.170322538617132,True,True,True,102.49464416503906,nan,nan,False,False
expanded13,5DBA_A_TRP325__029__2,5DBA_A_TRP325,29,2,0.54473406,A,0,0.54473406,True,A,0.54473406,0.044747184962034225,2.828720808029175,-98.8024;8.6154,g-/p0,38.8024;8.6154,45.0000;60.0000,True,True,3.1459231601262894,A:LYS326:N,1.1459231601262894,True,6.00101479785371,"sym0[0,0,-1]/A:ASN245:CA",4.00101479785371,True,True,True,154.83645629882812,155.23419189453125,-0.397735595703125,True,True
expanded13,5DBA_A_TRP325__029__3,5DBA_A_TRP325,29,3,0.44148308,B,1,0.44148308,True,B,0.44148308,2.7392666339874268,0.2013750672340393,-95.4338;109.2038,g-/m+105,35.4338;4.2038,45.0000;60.0000,True,True,2.996922126582916,A:HIS285:CG,0.9969221265829158,True,5.3450875801544475,"sym0[0,0,-1]/A:ASN245:CB",3.3450875801544475,True,True,True,155.3883514404297,155.79147338867188,-0.4031219482421875,True,True
expanded13,5DBA_A_TRP325__030__0,5DBA_A_TRP325,30,0,0.24972926,other,0,0.24972926,True,other,0.24972926,3.2961530685424805,1.3227225542068481,-88.6084;140.7125,g-/m+105,28.6084;35.7125,45.0000;60.0000,True,True,2.99615483608965,A:HIS285:CG,0.9961548360896502,True,3.9669877755686556,"sym0[0,0,-1]/A:ASN245:CB",1.9669877755686556,True,True,True,108.15155792236328,nan,nan,False,False
expanded13,5DBA_A_TRP325__030__2,5DBA_A_TRP325,30,2,0.091029659,merged_duplicate,1,0.7312364690000001,False,B,0.0,2.8504958152770996,0.33793485164642334,-94.1689;114.9596,g-/m+105,34.1689;9.9596,45.0000;60.0000,True,True,2.9808998474406696,A:HIS285:CG,0.9808998474406696,True,5.019400226857638,"sym0[0,0,-1]/A:ASN245:CB",3.0194002268576376,True,True,True,103.94291687011719,nan,nan,False,False
expanded13,5DBA_A_TRP325__030__3,5DBA_A_TRP325,30,3,0.64020681,B,1,0.7312364690000001,True,B,0.7312364690000001,2.702007532119751,0.17109888792037964,-98.2116;106.6511,g-/m+105,38.2116;1.6511,45.0000;60.0000,True,True,3.094597155756767,A:HIS285:CD2,1.0945971557567669,True,5.593214806858077,"sym0[0,0,-1]/A:ASN245:CB",3.593214806858077,True,True,True,155.18743896484375,155.79147338867188,-0.604034423828125,True,True
expanded13,5DBA_A_TRP325__031__0,5DBA_A_TRP325,31,0,0.43880281,B,0,0.43880281,True,B,0.43880281,2.7462730407714844,0.19931793212890625,-95.4625;109.5390,g-/m+105,35.4625;4.5390,45.0000;60.0000,True,True,3.0003885692118337,A:HIS285:CG,1.0003885692118337,True,5.329942512237826,"sym0[0,0,-1]/A:ASN245:CB",3.3299425122378263,True,True,True,155.42465209960938,155.79147338867188,-0.3668212890625,True,True
expanded13,5DBA_A_TRP325__031__2,5DBA_A_TRP325,31,2,0.53944612,A,1,0.53944612,True,A,0.53944612,0.04903949424624443,2.8247768878936768,-98.6635;8.8719,g-/p0,38.6635;8.8719,45.0000;60.0000,True,True,3.1459231601262894,A:LYS326:N,1.1459231601262894,True,6.002205571018493,"sym0[0,0,-1]/A:ASN245:CA",4.002205571018493,True,True,True,154.7889404296875,155.23419189453125,-0.44525146484375,True,True
expanded13,5DBA_A_TRP325__032__2,5DBA_A_TRP325,32,2,0.54351765,A,0,0.54351765,True,A,0.54351765,0.03852067142724991,2.8322713375091553,-99.0125;8.3508,g-/p0,39.0125;8.3508,45.0000;60.0000,True,True,3.1459231601262894,A:LYS326:N,1.1459231601262894,True,5.999564504742843,"sym0[0,0,-1]/A:ASN245:CA",3.9995645047428434,True,True,True,154.90798950195312,155.23419189453125,-0.326202392578125,True,True
expanded13,5DBA_A_TRP325__032__3,5DBA_A_TRP325,32,3,0.44855213,B,1,0.44855213,True,B,0.44855213,2.7396926879882812,0.2000924050807953,-95.4574;109.2196,g-/m+105,35.4574;4.2196,45.0000;60.0000,True,True,2.998094935431601,A:HIS285:CG,0.9980949354316011,True,5.34528945636161,"sym0[0,0,-1]/A:ASN245:CB",3.34528945636161,True,True,True,155.3850555419922,155.79147338867188,-0.4064178466796875,True,True
expanded13,5DBA_A_TRP325__033__2,5DBA_A_TRP325,33,2,0.45497498,B,0,0.45497498,True,B,0.45497498,2.75779128074646,0.17748308181762695,-95.8601;110.0178,g-/m+105,35.8601;5.0178,45.0000;60.0000,True,True,3.0216486623356915,A:HIS285:CG,1.0216486623356915,True,5.323235325263134,"sym0[0,0,-1]/A:ASN245:CB",3.323235325263134,True,True,True,155.4399871826172,155.79147338867188,-0.3514862060546875,True,True
expanded13,5DBA_A_TRP325__033__3,5DBA_A_TRP325,33,3,0.53965968,A,1,0.53965968,True,A,0.53965968,0.10941703617572784,2.802837610244751,-97.1156;10.5810,g-/p0,37.1156;10.5810,45.0000;60.0000,True,True,3.1459231601262894,A:LYS326:N,1.1459231601262894,True,6.016317879272876,"sym0[0,0,-1]/A:ASN245:CA",4.016317879272876,True,True,True,154.2466278076172,155.23419189453125,-0.9875640869140625,True,True
expanded13,5DBA_A_TRP325__034__0,5DBA_A_TRP325,34,0,0.20805959,B,0,0.4494513379999999,True,B,0.4494513379999999,2.726027011871338,0.20972976088523865,-95.3158;108.5869,g-/m+105,35.3158;3.5869,45.0000;60.0000,True,True,2.9876302332490217,A:HIS285:CG,0.9876302332490217,True,5.370303833344132,"sym0[0,0,-1]/A:ASN245:CB",3.370303833344132,True,True,True,155.31455993652344,155.79147338867188,-0.4769134521484375,True,True
expanded13,5DBA_A_TRP325__034__1,5DBA_A_TRP325,34,1,0.55054867,A,1,0.55054867,True,A,0.55054867,0.03915339708328247,2.8253891468048096,-98.9244;8.7407,g-/p0,38.9244;8.7407,45.0000;60.0000,True,True,3.1459231601262894,A:LYS326:N,1.1459231601262894,True,6.000703824907634,"sym0[0,0,-1]/A:ASN245:CA",4.000703824907634,True,True,True,154.8659210205078,155.23419189453125,-0.3682708740234375,True,True
expanded13,5DBA_A_TRP325__034__2,5DBA_A_TRP325,34,2,0.069405198,merged_duplicate,0,0.4494513379999999,False,B,0.0,2.787351369857788,0.25704601407051086,-94.6711;111.7056,g-/m+105,34.6711;6.7056,45.0000;60.0000,True,True,2.9793805634209045,A:HIS285:CG,0.9793805634209045,True,5.193150083589951,"sym0[0,0,-1]/A:ASN245:CB",3.193150083589951,True,True,True,102.61565399169922,nan,nan,False,False
expanded13,5DBA_A_TRP325__034__3,5DBA_A_TRP325,34,3,0.17198655,merged_duplicate,0,0.4494513379999999,False,B,0.0,2.731518030166626,0.21205949783325195,-95.2484;108.8659,g-/m+105,35.2484;3.8659,45.0000;60.0000,True,True,2.986343986722676,A:HIS285:CG,0.9863439867226762,True,5.3539100921866,"sym0[0,0,-1]/A:ASN245:CB",3.3539100921865996,True,True,True,101.39752960205078,nan,nan,False,False
expanded13,5DBA_A_TRP325__035__0,5DBA_A_TRP325,35,0,0.068989582,other,0,0.068989582,True,other,0.068989582,6.337942600250244,6.534451484680176,67.6089;-141.5632,g+/m-105,7.6089;36.5632,45.0000;60.0000,True,True,0.7934862845455123,A:PHE320:CB,-1.2065137154544878,False,8.077154104829399,"sym0[0,0,-1]/A:ASN245:OD1",6.077154104829399,True,False,False,2466.105224609375,nan,nan,False,False
expanded13,5DBA_A_TRP325__035__1,5DBA_A_TRP325,35,1,0.24808699,other,1,0.24808699,True,other,0.24808699,3.295581340789795,1.3199270963668823,-88.6504;140.6879,g-/m+105,28.6504;35.6879,45.0000;60.0000,True,True,2.9974737321555662,A:HIS285:CG,0.9974737321555662,True,3.9674236235741116,"sym0[0,0,-1]/A:ASN245:CB",1.9674236235741116,True,True,True,108.08726501464844,nan,nan,False,False
expanded13,5DBA_A_TRP325__035__2,5DBA_A_TRP325,35,2,0.67699724,B,2,0.67699724,True,B,0.67699724,2.7361397743225098,0.12354667484760284,-98.3440;108.2690,g-/m+105,38.3440;3.2690,45.0000;60.0000,True,True,3.1162302490140927,A:HIS285:CD2,1.1162302490140927,True,5.519607619003859,"sym0[0,0,-1]/A:ASN245:CB",3.5196076190038594,True,True,True,155.3226318359375,155.79147338867188,-0.468841552734375,True,True
expanded13,5DBA_A_TRP325__036__0,5DBA_A_TRP325,36,0,0.19174086,other,0,0.19174086,True,other,0.19174086,3.318993091583252,1.226559042930603,-121.7371;124.0733,t/m+105,58.2629;19.0733,45.0000;60.0000,False,False,2.982863245745648,A:ARG328:NH2,0.9828632457456479,True,6.128205055803776,"sym0[0,0,-1]/A:ASN245:CB",4.128205055803776,True,True,False,129.04129028320312,nan,nan,False,False
expanded13,5DBA_A_TRP325__036__1,5DBA_A_TRP325,36,1,0.07723669,other,1,0.07723669,True,other,0.07723669,6.331941604614258,6.525097370147705,67.9535;-140.9241,g+/m-105,7.9535;35.9241,45.0000;60.0000,True,True,0.7855923114970936,A:PHE320:CB,-1.2144076885029063,False,8.077154104829399,"sym0[0,0,-1]/A:ASN245:OD1",6.077154104829399,True,False,False,2462.94287109375,nan,nan,False,False
expanded13,5DBA_A_TRP325__036__2,5DBA_A_TRP325,36,2,0.73042941,B,2,0.73042941,True,B,0.73042941,2.850792407989502,0.34062302112579346,-94.1301;114.9795,g-/m+105,34.1301;9.9795,45.0000;60.0000,True,True,2.979351140249988,A:HIS285:CG,0.9793511402499879,True,5.017014984037632,"sym0[0,0,-1]/A:ASN245:CB",3.0170149840376324,True,True,True,156.41546630859375,155.79147338867188,0.623992919921875,False,False
expanded13,5DBA_A_TRP325__037__0,5DBA_A_TRP325,37,0,1.0,A,0,1.0,True,A,1.0,0.09185958653688431,2.87787127494812,-101.3069;5.0021,g-/p0,41.3069;5.0021,45.0000;60.0000,True,True,3.1459231601262894,A:LYS326:N,1.1459231601262894,True,5.99091962598694,"sym0[0,0,-1]/A:ASN245:CA",3.9909196259869404,True,True,True,155.78277587890625,155.23419189453125,0.548583984375,False,False
expanded13,5DBA_A_TRP325__038__0,5DBA_A_TRP325,38,0,0.43764532,B,0,0.43764532,True,B,0.43764532,2.743781089782715,0.20734553039073944,-95.3157;109.4473,g-/m+105,35.3157;4.4473,45.0000;60.0000,True,True,2.9931336961906494,A:HIS285:CG,0.9931336961906494,True,5.328342351541508,"sym0[0,0,-1]/A:ASN245:CB",3.328342351541508,True,True,True,155.42237854003906,155.79147338867188,-0.3690948486328125,True,True
expanded13,5DBA_A_TRP325__038__2,5DBA_A_TRP325,38,2,0.51221263,A,1,0.51221263,True,A,0.51221263,0.0760064348578453,2.8364949226379395,-98.0760;8.5064,g-/p0,38.0760;8.5064,45.0000;60.0000,True,True,3.1459231601262894,A:LYS326:N,1.1459231601262894,True,6.004571378272715,"sym0[0,0,-1]/A:ASN245:CA",4.004571378272715,True,True,True,154.59835815429688,155.23419189453125,-0.635833740234375,True,True
expanded13,5DBA_A_TRP325__039__0,5DBA_A_TRP325,39,0,0.15132138,other,0,0.15132138,True,other,0.15132138,0.9897475838661194,3.362092971801758,-94.3417;-19.4798,g-/p0,34.3417;19.4798,45.0000;60.0000,True,True,2.9812239913869374,A:MET282:CG,0.9812239913869374,True,6.024232160164235,"sym0[0,0,-1]/A:ASN245:CA",4.024232160164235,True,True,True,106.61856079101562,nan,nan,False,False
expanded13,5DBA_A_TRP325__039__1,5DBA_A_TRP325,39,1,0.58960509,A,1,0.58960509,True,A,0.58960509,0.016858993098139763,2.819131851196289,-99.6161;8.8121,g-/p0,39.6161;8.8121,45.0000;60.0000,True,True,3.1459231601262894,A:LYS326:N,1.1459231601262894,True,5.998079985760767,"sym0[0,0,-1]/A:ASN245:CA",3.998079985760767,True,True,True,155.10743713378906,155.23419189453125,-0.1267547607421875,True,True
expanded13,5DBA_A_TRP325__039__3,5DBA_A_TRP325,39,3,0.25834936,other,2,0.25834936,True,other,0.25834936,2.587045907974243,2.4855239391326904,-145.0183;-83.8676,t/m-105,34.9817;21.1324,45.0000;60.0000,True,True,2.791721077719962,A:ARG328:NH2,0.7917210777199619,True,5.816602799883691,"sym0[0,0,-1]/A:ASN245:C",3.8166027998836913,True,True,True,108.21641540527344,nan,nan,False,False
expanded13,5DBA_A_TRP325__040__0,5DBA_A_TRP325,40,0,0.43937087,B,0,0.43937087,True,B,0.43937087,2.753396987915039,0.2112099826335907,-95.2519;109.9291,g-/m+105,35.2519;4.9291,45.0000;60.0000,True,True,2.9933906431985564,A:HIS285:CG,0.9933906431985564,True,5.302293472906728,"sym0[0,0,-1]/A:ASN245:CB",3.3022934729067277,True,True,True,155.50575256347656,155.79147338867188,-0.2857208251953125,True,True
expanded13,5DBA_A_TRP325__040__1,5DBA_A_TRP325,40,1,0.50080025,A,1,0.50080025,True,A,0.50080025,0.09111832082271576,2.8304667472839355,-97.6041;9.0073,g-/p0,37.6041;9.0073,45.0000;60.0000,True,True,3.1459231601262894,A:LYS326:N,1.1459231601262894,True,6.008642618665941,"sym0[0,0,-1]/A:ASN245:CA",4.008642618665941,True,True,True,154.43775939941406,155.23419189453125,-0.7964324951171875,True,True
expanded13,5DBA_A_TRP325__040__3,5DBA_A_TRP325,40,3,0.05801633,other,2,0.05801633,True,other,0.05801633,1.234459638595581,3.0614962577819824,-133.5082;-16.6012,t/p0,46.4918;16.6012,45.0000;60.0000,False,False,2.9846140710705376,A:ARG328:NH1,0.9846140710705376,True,6.513788591978844,"sym0[0,0,-1]/A:ASN245:CB",4.513788591978844,True,True,False,112.42998504638672,nan,nan,False,False
expanded13,5DBA_A_TRP325__041__0,5DBA_A_TRP325,41,0,0.45108756,B,0,0.45108756,True,B,0.45108756,2.7359917163848877,0.20203563570976257,-95.4295;109.0457,g-/m+105,35.4295;4.0457,45.0000;60.0000,True,True,2.9957142811469946,A:HIS285:CG,0.9957142811469946,True,5.352621166273156,"sym0[0,0,-1]/A:ASN245:CB",3.352621166273156,True,True,True,155.36524963378906,155.79147338867188,-0.4262237548828125,True,True
expanded13,5DBA_A_TRP325__041__1,5DBA_A_TRP325,41,1,0.53961474,A,1,0.53961474,True,A,0.53961474,0.04817107319831848,2.8222343921661377,-98.6804;8.9958,g-/p0,38.6804;8.9958,45.0000;60.0000,True,True,3.1459231601262894,A:LYS326:N,1.1459231601262894,True,6.002381485028916,"sym0[0,0,-1]/A:ASN245:CA",4.002381485028916,True,True,True,154.78321838378906,155.23419189453125,-0.4509735107421875,True,True
expanded13,5DBA_A_TRP325__042__0,5DBA_A_TRP325,42,0,0.44866297,B,0,0.44866297,True,B,0.44866297,2.7363998889923096,0.2003704309463501,-95.4607;109.0588,g-/m+105,35.4607;4.0588,45.0000;60.0000,True,True,2.997213632134232,A:HIS285:CG,0.997213632134232,True,5.353260564771183,"sym0[0,0,-1]/A:ASN245:CB",3.3532605647711833,True,True,True,155.36622619628906,155.79147338867188,-0.4252471923828125,True,True
expanded13,5DBA_A_TRP325__042__3,5DBA_A_TRP325,42,3,0.54524332,A,1,0.54524332,True,A,0.54524332,0.04434577003121376,2.8284449577331543,-98.8102;8.6265,g-/p0,38.8102;8.6265,45.0000;60.0000,True,True,3.1459231601262894,A:LYS326:N,1.1459231601262894,True,6.001001165506372,"sym0[0,0,-1]/A:ASN245:CA",4.001001165506372,True,True,True,154.83639526367188,155.23419189453125,-0.397796630859375,True,True
expanded13,5DBA_A_TRP325__043__0,5DBA_A_TRP325,43,0,0.36036837,B,0,0.411687515,True,B,0.411687515,2.7243685722351074,0.2054017037153244,-95.4131;108.4868,g-/m+105,35.4131;3.4868,45.0000;60.0000,True,True,2.991420028712989,A:HIS285:CG,0.9914200287129891,True,5.379225445858255,"sym0[0,0,-1]/A:ASN245:CB",3.379225445858255,True,True,True,155.30226135253906,155.79147338867188,-0.4892120361328125,True,True
expanded13,5DBA_A_TRP325__043__1,5DBA_A_TRP325,43,1,0.051319145,merged_duplicate,0,0.411687515,False,B,0.0,2.812264919281006,0.28755125403404236,-94.4383;112.9848,g-/m+105,34.4383;7.9848,45.0000;60.0000,True,True,2.97813045828244,A:HIS285:CG,0.9781304582824402,True,5.122907211869466,"sym0[0,0,-1]/A:ASN245:CB",3.1229072118694656,True,True,True,103.17215728759766,nan,nan,False,False
expanded13,5DBA_A_TRP325__043__3,5DBA_A_TRP325,43,3,0.54807621,A,1,0.54807621,True,A,0.54807621,0.04571441933512688,2.827650547027588,-98.7676;8.6840,g-/p0,38.7676;8.6840,45.0000;60.0000,True,True,3.1459231601262894,A:LYS326:N,1.1459231601262894,True,6.0013165593254545,"sym0[0,0,-1]/A:ASN245:CA",4.0013165593254545,True,True,True,154.81961059570312,155.23419189453125,-0.414581298828125,True,True
expanded13,5DBA_A_TRP325__044__2,5DBA_A_TRP325,44,2,1.0,B,0,1.0,True,B,1.0,2.7781028747558594,0.1811876744031906,-95.8496;111.0232,g-/m+105,35.8496;6.0232,45.0000;60.0000,True,True,3.0278401121666065,A:HIS285:CG,1.0278401121666065,True,5.273957083186805,"sym0[0,0,-1]/A:ASN245:CB",3.2739570831868052,True,True,True,155.56781005859375,155.79147338867188,-0.223663330078125,True,True
expanded13,5DBA_A_TRP325__045__0,5DBA_A_TRP325,45,0,0.54700005,A,0,0.54700005,True,A,0.54700005,0.049204420298337936,2.82084321975708,-98.6535;9.0773,g-/p0,38.6535;9.0773,45.0000;60.0000,True,True,3.1459231601262894,A:LYS326:N,1.1459231601262894,True,6.002688182367729,"sym0[0,0,-1]/A:ASN245:CA",4.002688182367729,True,True,True,154.77528381347656,155.23419189453125,-0.4589080810546875,True,True
expanded13,5DBA_A_TRP325__045__1,5DBA_A_TRP325,45,1,0.34092897,B,1,0.452999936,True,B,0.452999936,2.7504632472991943,0.21491578221321106,-95.1817;109.7995,g-/m+105,35.1817;4.7995,45.0000;60.0000,True,True,2.9893681399627745,A:HIS285:CG,0.9893681399627745,True,5.305722754821239,"sym0[0,0,-1]/A:ASN245:CB",3.3057227548212387,True,True,True,155.49339294433594,155.79147338867188,-0.2980804443359375,True,True
expanded13,5DBA_A_TRP325__045__2,5DBA_A_TRP325,45,2,0.054909408,merged_duplicate,1,0.452999936,False,B,0.0,2.8483171463012695,0.22981414198875427,-102.8127;112.1198,g-/m+105,42.8127;7.1198,45.0000;60.0000,True,True,3.1459231601262894,A:LYS326:N,1.1459231601262894,True,5.5557319940002685,"sym0[0,0,-1]/A:ASN245:CB",3.5557319940002685,True,True,True,101.25366973876953,nan,nan,False,False
expanded13,5DBA_A_TRP325__045__3,5DBA_A_TRP325,45,3,0.057161558,merged_duplicate,1,0.452999936,False,B,0.0,2.764392852783203,0.3569013178348541,-92.8530;110.8124,g-/m+105,32.8530;5.8124,45.0000;60.0000,True,True,2.8940046260905796,A:HIS285:CG,0.8940046260905796,True,5.16761185442857,"sym0[0,0,-1]/A:ASN245:CB",3.1676118544285696,True,True,True,104.09333801269531,nan,nan,False,False
expanded13,5DBA_A_TRP325__046__1,5DBA_A_TRP325,46,1,0.41553247,B,0,0.41553247,True,B,0.41553247,2.7345986366271973,0.20704898238182068,-95.3365;108.9972,g-/m+105,35.3365;3.9972,45.0000;60.0000,True,True,2.9911774268478863,A:HIS285:CG,0.9911774268478863,True,5.3511339625527095,"sym0[0,0,-1]/A:ASN245:CB",3.3511339625527095,True,True,True,155.37767028808594,155.79147338867188,-0.4138031005859375,True,True
expanded13,5DBA_A_TRP325__046__3,5DBA_A_TRP325,46,3,0.53717893,A,1,0.53717893,True,A,0.53717893,0.06704467535018921,2.830656051635742,-98.2378;8.7385,g-/p0,38.2378;8.7385,45.0000;60.0000,True,True,3.1459231601262894,A:LYS326:N,1.1459231601262894,True,6.004161022937253,"sym0[0,0,-1]/A:ASN245:CA",4.004161022937253,True,True,True,154.64630126953125,155.23419189453125,-0.587890625,True,True
expanded13,5DBA_A_TRP325__047__0,5DBA_A_TRP325,47,0,0.06736283,merged_duplicate,0,0.45738256,False,B,0.0,2.8127880096435547,0.07001753151416779,-99.9327;111.5519,g-/m+105,39.9327;6.5519,45.0000;60.0000,True,True,3.1459231601262894,A:LYS326:N,1.1459231601262894,True,5.434697999284655,"sym0[0,0,-1]/A:ASN245:CB",3.434697999284655,True,True,True,100.83836364746094,nan,nan,False,False
expanded13,5DBA_A_TRP325__047__1,5DBA_A_TRP325,47,1,0.54261744,A,1,0.54261744,True,A,0.54261744,0.05033828318119049,2.8327016830444336,-98.7042;8.4482,g-/p0,38.7042;8.4482,45.0000;60.0000,True,True,3.1459231601262894,A:LYS326:N,1.1459231601262894,True,6.001145660319136,"sym0[0,0,-1]/A:ASN245:CA",4.001145660319136,True,True,True,154.7947235107422,155.23419189453125,-0.4394683837890625,True,True
expanded13,5DBA_A_TRP325__047__2,5DBA_A_TRP325,47,2,0.11649098,B,0,0.45738256,True,B,0.45738256,2.811082601547241,0.19867722690105438,-95.8390;112.6769,g-/m+105,35.8390;7.6769,45.0000;60.0000,True,True,3.0387446613393347,A:HIS285:CG,1.0387446613393347,True,5.19366616224227,"sym0[0,0,-1]/A:ASN245:CB",3.1936661622422697,True,True,True,155.78036499023438,155.79147338867188,-0.0111083984375,True,True
expanded13,5DBA_A_TRP325__047__3,5DBA_A_TRP325,47,3,0.27352875,merged_duplicate,0,0.45738256,False,B,0.0,2.7241861820220947,0.20727941393852234,-95.3753;108.4859,g-/m+105,35.3753;3.4859,45.0000;60.0000,True,True,2.9896984382877005,A:HIS285:CG,0.9896984382877005,True,5.3777049511348425,"sym0[0,0,-1]/A:ASN245:CB",3.3777049511348425,True,True,True,101.21994018554688,nan,nan,False,False
expanded13,5DBA_A_TRP325__048__0,5DBA_A_TRP325,48,0,0.10142928,merged_duplicate,0,0.44960102,False,B,0.0,2.7846591472625732,0.25206613540649414,-94.7294;111.5625,g-/m+105,34.7294;6.5625,45.0000;60.0000,True,True,2.980980761306053,A:HIS285:CG,0.980980761306053,True,5.202324109021084,"sym0[0,0,-1]/A:ASN245:CB",3.2023241090210837,True,True,True,102.52400970458984,nan,nan,False,False
expanded13,5DBA_A_TRP325__048__1,5DBA_A_TRP325,48,1,0.34817174,B,0,0.44960102,True,B,0.44960102,2.7224559783935547,0.20316839218139648,-95.4720;108.3822,g-/m+105,35.4720;3.3822,45.0000;60.0000,True,True,2.993445540952601,A:HIS285:CG,0.9934455409526008,True,5.3867879609358775,"sym0[0,0,-1]/A:ASN245:CB",3.3867879609358775,True,True,True,155.29127502441406,155.79147338867188,-0.5001983642578125,True,True
expanded13,5DBA_A_TRP325__048__2,5DBA_A_TRP325,48,2,0.54560351,A,1,0.54560351,True,A,0.54560351,0.04351520538330078,2.828486680984497,-98.8323;8.6159,g-/p0,38.8323;8.6159,45.0000;60.0000,True,True,3.1459231601262894,A:LYS326:N,1.1459231601262894,True,6.000876614346559,"sym0[0,0,-1]/A:ASN245:CA",4.000876614346559,True,True,True,154.83615112304688,155.23419189453125,-0.398040771484375,True,True
expanded13,5DBA_A_TRP325__049__0,5DBA_A_TRP325,49,0,0.19005162,merged_duplicate,0,0.45612684000000003,False,B,0.0,2.738569498062134,0.21456754207611084,-95.1862;109.2201,g-/m+105,35.1862;4.2201,45.0000;60.0000,True,True,2.9858022151194055,A:HIS285:CG,0.9858022151194055,True,5.334105771240281,"sym0[0,0,-1]/A:ASN245:CB",3.3341057712402806,True,True,True,101.52489471435547,nan,nan,False,False
expanded13,5DBA_A_TRP325__049__1,5DBA_A_TRP325,49,1,0.065273285,other,1,0.065273285,True,other,0.065273285,1.0640455484390259,3.396705389022827,-81.3929;-6.6475,g-/p0,21.3929;6.6475,45.0000;60.0000,True,True,2.7319004032916046,A:HIS285:CB,0.7319004032916046,True,6.223541710107556,"sym0[0,0,-1]/A:ASN245:OD1",4.223541710107556,True,True,True,95.32806396484375,nan,nan,False,False
expanded13,5DBA_A_TRP325__049__2,5DBA_A_TRP325,49,2,0.47859985,A,2,0.47859985,True,A,0.47859985,0.08159107714891434,2.7811951637268066,-100.4193;10.5316,g-/p0,40.4193;10.5316,45.0000;60.0000,True,True,3.1459231601262894,A:LYS326:N,1.1459231601262894,True,5.998773913514148,"sym0[0,0,-1]/A:ASN245:CA",3.998773913514148,True,True,True,155.3856201171875,155.23419189453125,0.15142822265625,True,True
expanded13,5DBA_A_TRP325__049__3,5DBA_A_TRP325,49,3,0.26607522,B,0,0.45612684000000003,True,B,0.45612684000000003,2.7259860038757324,0.20524856448173523,-95.4071;108.5661,g-/m+105,35.4071;3.5661,45.0000;60.0000,True,True,2.991648911502206,A:HIS285:CG,0.9916489115022058,True,5.375102918299279,"sym0[0,0,-1]/A:ASN245:CB",3.3751029182992793,True,True,True,155.30616760253906,155.79147338867188,-0.4853057861328125,True,True
expanded13,8DJ2_A_VAL893__000__0,8DJ2_A_VAL893,0,0,0.1092691,merged_duplicate,0,0.28221113999999997,False,B,0.0,1.2109341621398926,0.5001641511917114,-179.6116,t,0.3884,45.0000,True,True,3.3742161547797265,A:PRO894:N,1.3742161547797265,True,3.364100250923823,"sym6[0,0,0]/B:PRO772:N",1.3641002509238231,True,True,True,37.689491271972656,nan,nan,False,False
expanded13,8DJ2_A_VAL893__000__2,8DJ2_A_VAL893,0,2,0.66788256,A,1,0.66788256,True,A,0.66788256,0.3817055821418762,1.1790075302124023,52.0999,g+,7.9001,45.0000,True,True,3.074326111465157,A:ASP891:OD1,1.0743261114651572,True,4.620563880479714,"sym6[0,0,0]/B:PRO772:CD",2.620563880479714,True,True,True,52.53687286376953,54.11301803588867,-1.5761451721191406,True,True
expanded13,8DJ2_A_VAL893__000__3,8DJ2_A_VAL893,0,3,0.17294204,B,0,0.28221113999999997,True,B,0.28221113999999997,1.2089849710464478,0.4934437870979309,-179.2729,t,0.7271,45.0000,True,True,3.3769841295585743,A:PRO894:N,1.3769841295585743,True,3.3675766787038124,"sym6[0,0,0]/B:PRO772:N",1.3675766787038124,True,True,True,50.59233856201172,58.37147521972656,-7.779136657714844,True,True
expanded13,8DJ2_A_VAL893__001__0,8DJ2_A_VAL893,1,0,0.59164643,A,0,0.59164643,True,A,0.59164643,0.3876398503780365,1.1804810762405396,52.3961,g+,7.6039,45.0000,True,True,3.0763632575045574,A:ASP891:OD1,1.0763632575045574,True,4.620563880479714,"sym6[0,0,0]/B:PRO772:CD",2.620563880479714,True,True,True,52.542015075683594,54.11301803588867,-1.5710029602050781,True,True
expanded13,8DJ2_A_VAL893__001__1,8DJ2_A_VAL893,1,1,0.33120415,B,1,0.33120415,True,B,0.33120415,1.204990029335022,0.4794915020465851,-178.5705,t,1.4295,45.0000,True,True,3.38280445265373,A:PRO894:N,1.3828044526537302,True,3.374964933456836,"sym6[0,0,0]/B:PRO772:N",1.3749649334568361,True,True,True,50.62959289550781,58.37147521972656,-7.74188232421875,True,True
expanded13,8DJ2_A_VAL893__002__0,8DJ2_A_VAL893,2,0,0.23724546,B,0,0.307944138,True,B,0.307944138,1.207124948501587,0.48697200417518616,-178.9469,t,1.0531,45.0000,True,True,3.379671557539778,A:PRO894:N,1.379671557539778,True,3.3709709070151614,"sym6[0,0,0]/B:PRO772:N",1.3709709070151614,True,True,True,50.60961151123047,58.37147521972656,-7.761863708496094,True,True
expanded13,8DJ2_A_VAL893__002__1,8DJ2_A_VAL893,2,1,0.053768948,other,1,0.053768948,True,other,0.053768948,1.5599768161773682,1.606420636177063,-67.5074,g-,7.5074,45.0000,True,True,3.0919140552916162,A:ASP891:OD1,1.0919140552916162,True,3.291465430845269,"sym6[0,0,0]/B:PRO772:N",1.2914654308452689,True,True,True,40.63836669921875,nan,nan,False,False
expanded13,8DJ2_A_VAL893__002__2,8DJ2_A_VAL893,2,2,0.63828689,A,2,0.63828689,True,A,0.63828689,0.3851507604122162,1.179860234260559,52.2718,g+,7.7282,45.0000,True,True,3.0755046496359295,A:ASP891:OD1,1.0755046496359295,True,4.620563880479714,"sym6[0,0,0]/B:PRO772:CD",2.620563880479714,True,True,True,52.53974914550781,54.11301803588867,-1.5732688903808594,True,True
expanded13,8DJ2_A_VAL893__002__3,8DJ2_A_VAL893,2,3,0.070698678,merged_duplicate,0,0.307944138,False,B,0.0,1.212052822113037,0.5039919018745422,-179.8045,t,0.1955,45.0000,True,True,3.3726550593070166,A:PRO894:N,1.3726550593070166,True,3.36214622332556,"sym6[0,0,0]/B:PRO772:N",1.36214622332556,True,True,True,37.68310546875,nan,nan,False,False
expanded13,8DJ2_A_VAL893__003__0,8DJ2_A_VAL893,3,0,0.59295809,A,0,0.664543559,True,A,0.664543559,0.393427312374115,1.1819305419921875,52.6851,g+,7.3149,45.0000,True,True,3.0784001009212814,A:ASP891:OD1,1.0784001009212814,True,4.619161470008581,"sym6[0,0,0]/B:PRO772:CD",2.6191614700085806,True,True,True,52.547271728515625,54.11301803588867,-1.5657463073730469,True,True
expanded13,8DJ2_A_VAL893__003__1,8DJ2_A_VAL893,3,1,0.21761157,B,1,0.33545641000000004,True,B,0.33545641000000004,1.2077417373657227,0.48913338780403137,-179.0558,t,0.9442,45.0000,True,True,3.3787705798794936,A:PRO894:N,1.3787705798794936,True,3.369837173640661,"sym6[0,0,0]/B:PRO772:N",1.369837173640661,True,True,True,50.603023529052734,58.37147521972656,-7.768451690673828,True,True
expanded13,8DJ2_A_VAL893__003__2,8DJ2_A_VAL893,3,2,0.11784484,merged_duplicate,1,0.33545641000000004,False,B,0.0,1.2108176946640015,0.49977001547813416,-179.5918,t,0.4082,45.0000,True,True,3.3743792130259487,A:PRO894:N,1.3743792130259487,True,3.3643079628658406,"sym6[0,0,0]/B:PRO772:N",1.3643079628658406,True,True,True,37.68846130371094,nan,nan,False,False
expanded13,8DJ2_A_VAL893__003__3,8DJ2_A_VAL893,3,3,0.071585469,merged_duplicate,0,0.664543559,False,A,0.0,0.42763039469718933,1.1907609701156616,54.3958,g+,5.6042,45.0000,True,True,3.091367785226219,A:ASP891:OD1,1.0913677852262191,True,4.582885935146022,"sym6[0,0,0]/B:PRO772:CD",2.582885935146022,True,True,True,39.61765670776367,nan,nan,False,False
expanded13,8DJ2_A_VAL893__004__0,8DJ2_A_VAL893,4,0,0.66298372,A,0,0.66298372,True,A,0.66298372,0.38079068064689636,1.1787816286087036,52.0542,g+,7.9458,45.0000,True,True,3.074017747465588,A:ASP891:OD1,1.074017747465588,True,4.620563880479714,"sym6[0,0,0]/B:PRO772:CD",2.620563880479714,True,True,True,52.537662506103516,54.11301803588867,-1.5753555297851562,True,True
expanded13,8DJ2_A_VAL893__004__1,8DJ2_A_VAL893,4,1,0.33261579,B,1,0.33261579,True,B,0.33261579,1.204763650894165,0.47869911789894104,-178.5307,t,1.4693,45.0000,True,True,3.3831358554924806,A:PRO894:N,1.3831358554924806,True,3.3753944454720095,"sym6[0,0,0]/B:PRO772:N",1.3753944454720095,True,True,True,50.634090423583984,58.37147521972656,-7.737384796142578,True,True
expanded13,8DJ2_A_VAL893__005__1,8DJ2_A_VAL893,5,1,0.3363044,B,0,0.3363044,True,B,0.3363044,1.204991102218628,0.47949960827827454,-178.5709,t,1.4291,45.0000,True,True,3.3827981314183764,A:PRO894:N,1.3827981314183764,True,3.374963330902427,"sym6[0,0,0]/B:PRO772:N",1.374963330902427,True,True,True,50.62959289550781,58.37147521972656,-7.74188232421875,True,True
expanded13,8DJ2_A_VAL893__005__2,8DJ2_A_VAL893,5,2,0.59401238,A,1,0.59401238,True,A,0.59401238,0.3891819715499878,1.180864691734314,52.4730,g+,7.5270,45.0000,True,True,3.0769032308107587,A:ASP891:OD1,1.0769032308107587,True,4.620563880479714,"sym6[0,0,0]/B:PRO772:CD",2.620563880479714,True,True,True,52.544246673583984,54.11301803588867,-1.5687713623046875,True,True
expanded13,8DJ2_A_VAL893__006__1,8DJ2_A_VAL893,6,1,0.62145698,A,0,0.62145698,True,A,0.62145698,0.38778600096702576,1.1805166006088257,52.4033,g+,7.5967,45.0000,True,True,3.076413840856382,A:ASP891:OD1,1.076413840856382,True,4.620563880479714,"sym6[0,0,0]/B:PRO772:CD",2.620563880479714,True,True,True,52.542015075683594,54.11301803588867,-1.5710029602050781,True,True
expanded13,8DJ2_A_VAL893__006__3,8DJ2_A_VAL893,6,3,0.33549055,B,1,0.33549055,True,B,0.33549055,1.2048397064208984,0.47896432876586914,-178.5440,t,1.4560,45.0000,True,True,3.383024613518569,A:PRO894:N,1.383024613518569,True,3.3752498396809836,"sym6[0,0,0]/B:PRO772:N",1.3752498396809836,True,True,True,50.634090423583984,58.37147521972656,-7.737384796142578,True,True
expanded13,8DJ2_A_VAL893__007__0,8DJ2_A_VAL893,7,0,0.19075456,B,0,0.33421449000000003,True,B,0.33421449000000003,1.2107819318771362,0.4996357560157776,-179.5849,t,0.4151,45.0000,True,True,3.3744341894465135,A:PRO894:N,1.3744341894465135,True,3.3643704595131347,"sym6[0,0,0]/B:PRO772:N",1.3643704595131347,True,True,True,50.576053619384766,58.37147521972656,-7.795421600341797,True,True
expanded13,8DJ2_A_VAL893__007__1,8DJ2_A_VAL893,7,1,0.58839506,A,1,0.665785485,True,A,0.665785485,0.391858845949173,1.1815348863601685,52.6067,g+,7.3933,45.0000,True,True,3.077843611723085,A:ASP891:OD1,1.0778436117230852,True,4.620563880479714,"sym6[0,0,0]/B:PRO772:CD",2.620563880479714,True,True,True,52.545494079589844,54.11301803588867,-1.5675239562988281,True,True
expanded13,8DJ2_A_VAL893__007__2,8DJ2_A_VAL893,7,2,0.14345993,merged_duplicate,0,0.33421449000000003,False,B,0.0,1.2236579656600952,0.5427538156509399,178.2370,t,1.7630,45.0000,True,True,3.3572702762491264,A:PRO894:N,1.3572702762491264,True,3.3434044141099797,"sym6[0,0,0]/B:PRO772:N",1.3434044141099797,True,True,True,37.65522766113281,nan,nan,False,False
expanded13,8DJ2_A_VAL893__007__3,8DJ2_A_VAL893,7,3,0.077390425,merged_duplicate,1,0.665785485,False,A,0.0,0.5568079948425293,1.227992057800293,60.9036,g+,0.9036,45.0000,True,True,3.154643741548568,A:ASP891:OD1,1.154643741548568,True,4.442508365619187,"sym6[0,0,0]/B:PRO772:CD",2.4425083656191866,True,True,True,39.87324142456055,nan,nan,False,False
expanded13,8DJ2_A_VAL893__008__0,8DJ2_A_VAL893,8,0,0.6496436,A,0,0.6496436,True,A,0.6496436,0.38344675302505493,1.1794370412826538,52.1867,g+,7.8133,45.0000,True,True,3.074919906631267,A:ASP891:OD1,1.074919906631267,True,4.620563880479714,"sym6[0,0,0]/B:PRO772:CD",2.620563880479714,True,True,True,52.53900909423828,54.11301803588867,-1.5740089416503906,True,True
expanded13,8DJ2_A_VAL893__008__1,8DJ2_A_VAL893,8,1,0.053330481,merged_duplicate,1,0.33369115099999996,False,B,0.0,1.2131034135818481,0.5075798630714417,-179.9856,t,0.0144,45.0000,True,True,3.371195960094467,A:PRO894:N,1.3711959600944672,True,3.3603339023426506,"sym6[0,0,0]/B:PRO772:N",1.3603339023426506,True,True,True,37.67343521118164,nan,nan,False,False
expanded13,8DJ2_A_VAL893__008__2,8DJ2_A_VAL893,8,2,0.28036067,B,1,0.33369115099999996,True,B,0.33369115099999996,1.2065688371658325,0.485034704208374,-178.8495,t,1.1505,45.0000,True,True,3.3804784096957525,A:PRO894:N,1.3804784096957525,True,3.3720006874869766,"sym6[0,0,0]/B:PRO772:N",1.3720006874869766,True,True,True,50.61260986328125,58.37147521972656,-7.7588653564453125,True,True
expanded13,8DJ2_A_VAL893__009__1,8DJ2_A_VAL893,9,1,0.33521608,B,0,0.33521608,True,B,0.33521608,1.2046793699264526,0.47839805483818054,-178.5155,t,1.4845,45.0000,True,True,3.3832635461187195,A:PRO894:N,1.3832635461187195,True,3.375554452771493,"sym6[0,0,0]/B:PRO772:N",1.375554452771493,True,True,True,50.63402557373047,58.37147521972656,-7.737449645996094,True,True
expanded13,8DJ2_A_VAL893__009__3,8DJ2_A_VAL893,9,3,0.63888735,A,1,0.63888735,True,A,0.63888735,0.38562649488449097,1.1799803972244263,52.2956,g+,7.7044,45.0000,True,True,3.0756671192143346,A:ASP891:OD1,1.0756671192143346,True,4.620563880479714,"sym6[0,0,0]/B:PRO772:CD",2.620563880479714,True,True,True,52.54597473144531,54.11301803588867,-1.5670433044433594,True,True
expanded13,8DJ2_A_VAL893__010__0,8DJ2_A_VAL893,10,0,0.056285236,merged_duplicate,0,0.656567186,False,A,0.0,0.5309903025627136,1.2200788259506226,59.5963,g+,0.4037,45.0000,True,True,3.140220721233454,A:ASP891:OD1,1.140220721233454,True,4.470969530207678,"sym6[0,0,0]/B:PRO772:CD",2.470969530207678,True,True,True,39.8168830871582,nan,nan,False,False
expanded13,8DJ2_A_VAL893__010__1,8DJ2_A_VAL893,10,1,0.60028195,A,0,0.656567186,True,A,0.656567186,0.3807431161403656,1.1787703037261963,52.0518,g+,7.9482,45.0000,True,True,3.07399890762314,A:ASP891:OD1,1.0739989076231402,True,4.620563880479714,"sym6[0,0,0]/B:PRO772:CD",2.620563880479714,True,True,True,52.542274475097656,54.11301803588867,-1.5707435607910156,True,True
expanded13,8DJ2_A_VAL893__010__2,8DJ2_A_VAL893,10,2,0.34143665,B,1,0.34143665,True,B,0.34143665,1.205942988395691,0.48284777998924255,-178.7395,t,1.2605,45.0000,True,True,3.3813931687165013,A:PRO894:N,1.3813931687165013,True,3.3731682938323146,"sym6[0,0,0]/B:PRO772:N",1.3731682938323146,True,True,True,50.62008285522461,58.37147521972656,-7.751392364501953,True,True
expanded13,8DJ2_A_VAL893__011__0,8DJ2_A_VAL893,11,0,0.051500779,merged_duplicate,0,0.332352667,False,B,0.0,1.212882161140442,0.5068271160125732,-179.9477,t,0.0523,45.0000,True,True,3.3714986351624803,A:PRO894:N,1.3714986351624803,True,3.3607117418651593,"sym6[0,0,0]/B:PRO772:N",1.3607117418651593,True,True,True,37.67539978027344,nan,nan,False,False
expanded13,8DJ2_A_VAL893__011__1,8DJ2_A_VAL893,11,1,0.6676473,A,1,0.6676473,True,A,0.6676473,0.3817220628261566,1.1790111064910889,52.1006,g+,7.8994,45.0000,True,True,3.0743310240154327,A:ASP891:OD1,1.0743310240154327,True,4.620563880479714,"sym6[0,0,0]/B:PRO772:CD",2.620563880479714,True,True,True,52.53687286376953,54.11301803588867,-1.5761451721191406,True,True
expanded13,8DJ2_A_VAL893__011__2,8DJ2_A_VAL893,11,2,0.068303898,merged_duplicate,0,0.332352667,False,B,0.0,1.2121154069900513,0.5042083859443665,-179.8155,t,0.1845,45.0000,True,True,3.3725654518650803,A:PRO894:N,1.3725654518650803,True,3.362036610522672,"sym6[0,0,0]/B:PRO772:N",1.3620366105226722,True,True,True,37.679954528808594,nan,nan,False,False
expanded13,8DJ2_A_VAL893__011__3,8DJ2_A_VAL893,11,3,0.21254799,B,0,0.332352667,True,B,0.332352667,1.207909107208252,0.48970282077789307,-179.0844,t,0.9156,45.0000,True,True,3.3785346374071703,A:PRO894:N,1.3785346374071703,True,3.3695300791259912,"sym6[0,0,0]/B:PRO772:N",1.3695300791259912,True,True,True,50.60041809082031,58.37147521972656,-7.77105712890625,True,True
expanded13,8DJ2_A_VAL893__012__0,8DJ2_A_VAL893,12,0,0.21695089,B,0,0.32576735,True,B,0.32576735,1.2087346315383911,0.4925732910633087,-179.2291,t,0.7709,45.0000,True,True,3.377343934739552,A:PRO894:N,1.3773439347395522,True,3.368027487459582,"sym6[0,0,0]/B:PRO772:N",1.3680274874595821,True,True,True,50.594730377197266,58.37147521972656,-7.776744842529297,True,True
expanded13,8DJ2_A_VAL893__012__1,8DJ2_A_VAL893,12,1,0.051914684,merged_duplicate,1,0.674232654,False,A,0.0,0.49748167395591736,1.2101540565490723,57.9049,g+,2.0951,45.0000,True,True,3.1228106366492705,A:ASP891:OD1,1.1228106366492705,True,4.507615524338055,"sym6[0,0,0]/B:PRO772:CD",2.507615524338055,True,True,True,39.74762725830078,nan,nan,False,False
expanded13,8DJ2_A_VAL893__012__2,8DJ2_A_VAL893,12,2,0.62231797,A,1,0.674232654,True,A,0.674232654,0.3837016820907593,1.1795026063919067,52.1995,g+,7.8005,45.0000,True,True,3.0750053903334793,A:ASP891:OD1,1.0750053903334793,True,4.620563880479714,"sym6[0,0,0]/B:PRO772:CD",2.620563880479714,True,True,True,52.53997039794922,54.11301803588867,-1.5730476379394531,True,True
expanded13,8DJ2_A_VAL893__012__3,8DJ2_A_VAL893,12,3,0.10881646,merged_duplicate,0,0.32576735,False,B,0.0,1.2110713720321655,0.5006356835365295,-179.6354,t,0.3646,45.0000,True,True,3.3740253955822888,A:PRO894:N,1.3740253955822888,True,3.363860160345092,"sym6[0,0,0]/B:PRO772:N",1.3638601603450922,True,True,True,37.68964385986328,nan,nan,False,False
expanded13,8DJ2_A_VAL893__013__0,8DJ2_A_VAL893,13,0,0.068108261,merged_duplicate,0,0.331156911,False,B,0.0,1.2118043899536133,0.5031431913375854,-179.7617,t,0.2383,45.0000,True,True,3.373000402914992,A:PRO894:N,1.3730004029149918,True,3.3625783402852103,"sym6[0,0,0]/B:PRO772:N",1.3625783402852103,True,True,True,37.681766510009766,nan,nan,False,False
expanded13,8DJ2_A_VAL893__013__1,8DJ2_A_VAL893,13,1,0.26304865,B,0,0.331156911,True,B,0.331156911,1.2061192989349365,0.48346051573753357,-178.7702,t,1.2298,45.0000,True,True,3.38113807371873,A:PRO894:N,1.3811380737187302,True,3.372839204317235,"sym6[0,0,0]/B:PRO772:N",1.372839204317235,True,True,True,50.61957550048828,58.37147521972656,-7.751899719238281,True,True
expanded13,8DJ2_A_VAL893__013__2,8DJ2_A_VAL893,13,2,0.63332766,A,1,0.63332766,True,A,0.63332766,0.3859897553920746,1.1800687313079834,52.3136,g+,7.6864,45.0000,True,True,3.0757924428830106,A:ASP891:OD1,1.0757924428830106,True,4.620563880479714,"sym6[0,0,0]/B:PRO772:CD",2.620563880479714,True,True,True,52.54597473144531,54.11301803588867,-1.5670433044433594,True,True
expanded13,8DJ2_A_VAL893__014__0,8DJ2_A_VAL893,14,0,0.65064222,A,0,0.65064222,True,A,0.65064222,0.3820304572582245,1.1790878772735596,52.1160,g+,7.8840,45.0000,True,True,3.074434891926774,A:ASP891:OD1,1.0744348919267739,True,4.620563880479714,"sym6[0,0,0]/B:PRO772:CD",2.620563880479714,True,True,True,52.53687286376953,54.11301803588867,-1.5761451721191406,True,True
expanded13,8DJ2_A_VAL893__014__2,8DJ2_A_VAL893,14,2,0.1207608,merged_duplicate,1,0.32832235,False,B,0.0,1.2106884717941284,0.4993188679218292,-179.5690,t,0.4310,45.0000,True,True,3.3745649502601234,A:PRO894:N,1.3745649502601234,True,3.3645357319482074,"sym6[0,0,0]/B:PRO772:N",1.3645357319482074,True,True,True,37.692222595214844,nan,nan,False,False
expanded13,8DJ2_A_VAL893__014__3,8DJ2_A_VAL893,14,3,0.20756155,B,1,0.32832235,True,B,0.32832235,1.2083885669708252,0.4913771450519562,-179.1688,t,0.8312,45.0000,True,True,3.3778396444774104,A:PRO894:N,1.3778396444774104,True,3.3686570063200314,"sym6[0,0,0]/B:PRO772:N",1.3686570063200314,True,True,True,50.597900390625,58.37147521972656,-7.7735748291015625,True,True
expanded13,8DJ2_A_VAL893__015__0,8DJ2_A_VAL893,15,0,0.23612657,B,0,0.307181021,True,B,0.307181021,1.2073746919631958,0.4878491163253784,-178.9911,t,1.0089,45.0000,True,True,3.3793033967448505,A:PRO894:N,1.3793033967448505,True,3.3705103600782578,"sym6[0,0,0]/B:PRO772:N",1.3705103600782578,True,True,True,50.60636901855469,58.37147521972656,-7.765106201171875,True,True
expanded13,8DJ2_A_VAL893__015__1,8DJ2_A_VAL893,15,1,0.071054451,merged_duplicate,0,0.307181021,False,B,0.0,1.212042212486267,0.5039598941802979,-179.8030,t,0.1970,45.0000,True,True,3.372666872603052,A:PRO894:N,1.3726668726030522,True,3.3621643976149804,"sym6[0,0,0]/B:PRO772:N",1.3621643976149804,True,True,True,37.68310546875,nan,nan,False,False
expanded13,8DJ2_A_VAL893__015__2,8DJ2_A_VAL893,15,2,0.63936383,A,1,0.63936383,True,A,0.63936383,0.38489779829978943,1.1797984838485718,52.2592,g+,7.7408,45.0000,True,True,3.075416668076415,A:ASP891:OD1,1.0754166680764148,True,4.620563880479714,"sym6[0,0,0]/B:PRO772:CD",2.620563880479714,True,True,True,52.53974914550781,54.11301803588867,-1.5732688903808594,True,True
expanded13,8DJ2_A_VAL893__015__3,8DJ2_A_VAL893,15,3,0.053455129,other,2,0.053455129,True,other,0.053455129,1.5640813112258911,1.6138333082199097,-67.0020,g-,7.0020,45.0000,True,True,3.0964034460648717,A:ASP891:OD1,1.0964034460648717,True,3.2936431034887725,"sym6[0,0,0]/B:PRO772:N",1.2936431034887725,True,True,True,40.64732360839844,nan,nan,False,False
expanded13,8DJ2_A_VAL893__016__1,8DJ2_A_VAL893,16,1,0.61319292,A,0,0.61319292,True,A,0.61319292,0.3870277404785156,1.1803282499313354,52.3655,g+,7.6345,45.0000,True,True,3.07615058782356,A:ASP891:OD1,1.0761505878235602,True,4.620563880479714,"sym6[0,0,0]/B:PRO772:CD",2.620563880479714,True,True,True,52.543121337890625,54.11301803588867,-1.5698966979980469,True,True
expanded13,8DJ2_A_VAL893__016__3,8DJ2_A_VAL893,16,3,0.33438176,B,1,0.33438176,True,B,0.33438176,1.2050230503082275,0.4796084463596344,-178.5764,t,1.4236,45.0000,True,True,3.382752549001123,A:PRO894:N,1.3827525490011232,True,3.374902257444257,"sym6[0,0,0]/B:PRO772:N",1.374902257444257,True,True,True,50.62959289550781,58.37147521972656,-7.74188232421875,True,True
expanded13,8DJ2_A_VAL893__017__0,8DJ2_A_VAL893,17,0,0.66573685,A,0,0.66573685,True,A,0.66573685,0.3811591565608978,1.1788742542266846,52.0726,g+,7.9274,45.0000,True,True,3.074138808114774,A:ASP891:OD1,1.0741388081147738,True,4.620563880479714,"sym6[0,0,0]/B:PRO772:CD",2.620563880479714,True,True,True,52.53260040283203,54.11301803588867,-1.5804176330566406,True,True
expanded13,8DJ2_A_VAL893__017__1,8DJ2_A_VAL893,17,1,0.050764214,merged_duplicate,1,0.33260743400000004,False,B,0.0,1.2125976085662842,0.5058519840240479,-179.8984,t,0.1016,45.0000,True,True,3.3718974762733587,A:PRO894:N,1.3718974762733587,True,3.3612032754631533,"sym6[0,0,0]/B:PRO772:N",1.3612032754631533,True,True,True,37.67881774902344,nan,nan,False,False
expanded13,8DJ2_A_VAL893__017__3,8DJ2_A_VAL893,17,3,0.28184322,B,1,0.33260743400000004,True,B,0.33260743400000004,1.2060961723327637,0.4833787679672241,-178.7661,t,1.2339,45.0000,True,True,3.381171164295664,A:PRO894:N,1.381171164295664,True,3.372883476191492,"sym6[0,0,0]/B:PRO772:N",1.3728834761914919,True,True,True,50.61957550048828,58.37147521972656,-7.751899719238281,True,True
expanded13,8DJ2_A_VAL893__018__0,8DJ2_A_VAL893,18,0,0.091396287,merged_duplicate,0,0.671613827,False,A,0.0,0.6673827171325684,1.2643706798553467,66.5468,g+,6.5468,45.0000,True,True,3.226125612048439,A:ASP891:OD1,1.2261256120484392,True,4.3185959169037655,"sym6[0,0,0]/B:PRO772:CD",2.3185959169037655,True,True,True,40.1028938293457,nan,nan,False,False
expanded13,8DJ2_A_VAL893__018__1,8DJ2_A_VAL893,18,1,0.065661259,merged_duplicate,1,0.328386139,False,B,0.0,1.2123339176177979,0.5049530863761902,-179.8530,t,0.1470,45.0000,True,True,3.372263618039716,A:PRO894:N,1.372263618039716,True,3.3616603946869716,"sym6[0,0,0]/B:PRO772:N",1.3616603946869716,True,True,True,37.68062210083008,nan,nan,False,False
expanded13,8DJ2_A_VAL893__018__2,8DJ2_A_VAL893,18,2,0.26272488,B,1,0.328386139,True,B,0.328386139,1.2077364921569824,0.48911264538764954,-179.0548,t,0.9452,45.0000,True,True,3.378779027194776,A:PRO894:N,1.378779027194776,True,3.369845820488729,"sym6[0,0,0]/B:PRO772:N",1.3698458204887292,True,True,True,50.603023529052734,58.37147521972656,-7.768451690673828,True,True
expanded13,8DJ2_A_VAL893__018__3,8DJ2_A_VAL893,18,3,0.58021754,A,0,0.671613827,True,A,0.671613827,0.37824365496635437,1.178153157234192,51.9271,g+,8.0729,45.0000,True,True,3.0731616360589222,A:ASP891:OD1,1.0731616360589222,True,4.620563880479714,"sym6[0,0,0]/B:PRO772:CD",2.620563880479714,True,True,True,52.530860900878906,54.11301803588867,-1.5821571350097656,True,True
expanded13,8DJ2_A_VAL893__019__0,8DJ2_A_VAL893,19,0,0.25956783,B,0,0.333480905,True,B,0.333480905,1.206633448600769,0.4852612316608429,-178.8609,t,1.1391,45.0000,True,True,3.380382581803391,A:PRO894:N,1.3803825818033908,True,3.371880147161614,"sym6[0,0,0]/B:PRO772:N",1.371880147161614,True,True,True,50.61260986328125,58.37147521972656,-7.7588653564453125,True,True
expanded13,8DJ2_A_VAL893__019__1,8DJ2_A_VAL893,19,1,0.64066046,A,1,0.64066046,True,A,0.64066046,0.3852548897266388,1.1798871755599976,52.2770,g+,7.7230,45.0000,True,True,3.07554023751498,A:ASP891:OD1,1.0755402375149798,True,4.620563880479714,"sym6[0,0,0]/B:PRO772:CD",2.620563880479714,True,True,True,52.54029846191406,54.11301803588867,-1.5727195739746094,True,True
expanded13,8DJ2_A_VAL893__019__2,8DJ2_A_VAL893,19,2,0.073913075,merged_duplicate,0,0.333480905,False,B,0.0,1.2120217084884644,0.5038878917694092,-179.7994,t,0.2006,45.0000,True,True,3.3726962233354456,A:PRO894:N,1.3726962233354456,True,3.3621987373541975,"sym6[0,0,0]/B:PRO772:N",1.3621987373541975,True,True,True,37.68296432495117,nan,nan,False,False
expanded13,8DJ2_A_VAL893__020__1,8DJ2_A_VAL893,20,1,0.3357375,B,0,0.3357375,True,B,0.3357375,1.2048792839050293,0.4791032373905182,-178.5510,t,1.4490,45.0000,True,True,3.3829661830044495,A:PRO894:N,1.3829661830044495,True,3.375174481782715,"sym6[0,0,0]/B:PRO772:N",1.375174481782715,True,True,True,50.634090423583984,58.37147521972656,-7.737384796142578,True,True
expanded13,8DJ2_A_VAL893__020__2,8DJ2_A_VAL893,20,2,0.58692211,A,1,0.58692211,True,A,0.58692211,0.3927076756954193,1.1817489862442017,52.6491,g+,7.3509,45.0000,True,True,3.0781428780989883,A:ASP891:OD1,1.0781428780989883,True,4.61991833468312,"sym6[0,0,0]/B:PRO772:CD",2.6199183346831196,True,True,True,52.547828674316406,54.11301803588867,-1.5651893615722656,True,True
expanded13,8DJ2_A_VAL893__021__0,8DJ2_A_VAL893,21,0,0.25575909,B,0,0.33083775600000004,True,B,0.33083775600000004,1.2052485942840576,0.4804009199142456,-178.6162,t,1.3838,45.0000,True,True,3.382422134123213,A:PRO894:N,1.382422134123213,True,3.374476644661064,"sym6[0,0,0]/B:PRO772:N",1.3744766446610641,True,True,True,50.6265869140625,58.37147521972656,-7.7448883056640625,True,True
expanded13,8DJ2_A_VAL893__021__1,8DJ2_A_VAL893,21,1,0.075078666,merged_duplicate,0,0.33083775600000004,False,B,0.0,1.2763147354125977,0.7013577222824097,170.1317,t,9.8683,45.0000,True,True,3.3036048618518525,A:PRO894:N,1.3036048618518525,True,3.2877464745280305,"sym6[0,0,0]/B:PRO772:N",1.2877464745280305,True,True,True,38.42295837402344,nan,nan,False,False
expanded13,8DJ2_A_VAL893__021__2,8DJ2_A_VAL893,21,2,0.65423298,A,1,0.65423298,True,A,0.65423298,0.38676533102989197,1.180262565612793,52.3524,g+,7.6476,45.0000,True,True,3.076061075499066,A:ASP891:OD1,1.0760610754990658,True,4.620563880479714,"sym6[0,0,0]/B:PRO772:CD",2.620563880479714,True,True,True,52.54075241088867,54.11301803588867,-1.572265625,True,True
expanded13,8DJ2_A_VAL893__022__0,8DJ2_A_VAL893,22,0,0.66619796,A,0,0.66619796,True,A,0.66619796,0.38120055198669434,1.1788830757141113,52.0746,g+,7.9254,45.0000,True,True,3.0741544055675503,A:ASP891:OD1,1.0741544055675503,True,4.620563880479714,"sym6[0,0,0]/B:PRO772:CD",2.620563880479714,True,True,True,52.53260040283203,54.11301803588867,-1.5804176330566406,True,True
expanded13,8DJ2_A_VAL893__022__1,8DJ2_A_VAL893,22,1,0.27781472,B,1,0.331877005,True,B,0.331877005,1.205641269683838,0.48178091645240784,-178.6857,t,1.3143,45.0000,True,True,3.381841107432794,A:PRO894:N,1.3818411074327939,True,3.3737354274763693,"sym6[0,0,0]/B:PRO772:N",1.3737354274763693,True,True,True,50.622955322265625,58.37147521972656,-7.7485198974609375,True,True
expanded13,8DJ2_A_VAL893__022__3,8DJ2_A_VAL893,22,3,0.054062285,merged_duplicate,1,0.331877005,False,B,0.0,1.2179263830184937,0.5238266587257385,179.1942,t,0.8058,45.0000,True,True,3.3646789479374335,A:PRO894:N,1.3646789479374335,True,3.352316255378138,"sym6[0,0,0]/B:PRO772:N",1.3523162553781378,True,True,True,37.65644836425781,nan,nan,False,False
expanded13,8DJ2_A_VAL893__023__0,8DJ2_A_VAL893,23,0,0.050419502,other,0,0.050419502,True,other,0.050419502,1.561172366142273,1.6085816621780396,-67.3601,g-,7.3601,45.0000,True,True,3.093209558286818,A:ASP891:OD1,1.093209558286818,True,3.2920855710125414,"sym6[0,0,0]/B:PRO772:N",1.2920855710125414,True,True,True,40.63988494873047,nan,nan,False,False
expanded13,8DJ2_A_VAL893__023__1,8DJ2_A_VAL893,23,1,0.59561843,A,1,0.649035125,True,A,0.649035125,0.3867509067058563,1.1802605390548706,52.3517,g+,7.6483,45.0000,True,True,3.076053325007598,A:ASP891:OD1,1.076053325007598,True,4.620563880479714,"sym6[0,0,0]/B:PRO772:CD",2.620563880479714,True,True,True,52.54075241088867,54.11301803588867,-1.572265625,True,True
expanded13,8DJ2_A_VAL893__023__2,8DJ2_A_VAL893,23,2,0.053416695,merged_duplicate,1,0.649035125,False,A,0.0,0.49885064363479614,1.2105529308319092,57.9738,g+,2.0262,45.0000,True,True,3.12349024095639,A:ASP891:OD1,1.1234902409563898,True,4.506125712780061,"sym6[0,0,0]/B:PRO772:CD",2.5061257127800607,True,True,True,39.75061798095703,nan,nan,False,False
expanded13,8DJ2_A_VAL893__023__3,8DJ2_A_VAL893,23,3,0.30054539,B,2,0.30054539,True,B,0.30054539,1.2060688734054565,0.483283668756485,-178.7613,t,1.2387,45.0000,True,True,3.381210766582987,A:PRO894:N,1.3812107665829871,True,3.3729341598580063,"sym6[0,0,0]/B:PRO772:N",1.3729341598580063,True,True,True,50.61957550048828,58.37147521972656,-7.751899719238281,True,True
expanded13,8DJ2_A_VAL893__024__0,8DJ2_A_VAL893,24,0,0.23682606,B,0,0.327763056,True,B,0.327763056,1.2076300382614136,0.4887382984161377,-179.0360,t,0.9640,45.0000,True,True,3.3789329459704027,A:PRO894:N,1.3789329459704027,True,3.370039996586303,"sym6[0,0,0]/B:PRO772:N",1.370039996586303,True,True,True,50.603023529052734,58.37147521972656,-7.768451690673828,True,True
expanded13,8DJ2_A_VAL893__024__1,8DJ2_A_VAL893,24,1,0.60193223,A,1,0.6722369739999999,True,A,0.6722369739999999,0.39399462938308716,1.1820732355117798,52.7134,g+,7.2866,45.0000,True,True,3.0785993455694363,A:ASP891:OD1,1.0785993455694363,True,4.618560311982207,"sym6[0,0,0]/B:PRO772:CD",2.6185603119822067,True,True,True,52.55375671386719,54.11301803588867,-1.5592613220214844,True,True
expanded13,8DJ2_A_VAL893__024__2,8DJ2_A_VAL893,24,2,0.090936996,merged_duplicate,0,0.327763056,False,B,0.0,1.2113913297653198,0.5017349720001221,-179.6908,t,0.3092,45.0000,True,True,3.3735754770305784,A:PRO894:N,1.3735754770305784,True,3.363299192472697,"sym6[0,0,0]/B:PRO772:N",1.363299192472697,True,True,True,37.687381744384766,nan,nan,False,False
expanded13,8DJ2_A_VAL893__024__3,8DJ2_A_VAL893,24,3,0.070304744,merged_duplicate,1,0.6722369739999999,False,A,0.0,0.3595293164253235,1.1736260652542114,50.9940,g+,9.0060,45.0000,True,True,3.067142046402865,A:ASP891:OD1,1.0671420464028651,True,4.620563880479714,"sym6[0,0,0]/B:PRO772:CD",2.620563880479714,True,True,True,39.538787841796875,nan,nan,False,False
expanded13,8DJ2_A_VAL893__025__0,8DJ2_A_VAL893,25,0,0.65633762,A,0,0.65633762,True,A,0.65633762,0.38146618008613586,1.1789487600326538,52.0879,g+,7.9121,45.0000,True,True,3.0742440300293263,A:ASP891:OD1,1.0742440300293263,True,4.620563880479714,"sym6[0,0,0]/B:PRO772:CD",2.620563880479714,True,True,True,52.53687286376953,54.11301803588867,-1.5761451721191406,True,True
expanded13,8DJ2_A_VAL893__025__1,8DJ2_A_VAL893,25,1,0.33279711,B,1,0.33279711,True,B,0.33279711,1.2048336267471313,0.4789412319660187,-178.5428,t,1.4572,45.0000,True,True,3.3830344942047765,A:PRO894:N,1.3830344942047765,True,3.375262299388003,"sym6[0,0,0]/B:PRO772:N",1.375262299388003,True,True,True,50.634090423583984,58.37147521972656,-7.737384796142578,True,True
expanded13,8DJ2_A_VAL893__026__0,8DJ2_A_VAL893,26,0,0.27597433,B,0,0.335571956,True,B,0.335571956,1.2071701288223267,0.4871358275413513,-178.9553,t,1.0447,45.0000,True,True,3.379600855227955,A:PRO894:N,1.379600855227955,True,3.3708868149328377,"sym6[0,0,0]/B:PRO772:N",1.3708868149328377,True,True,True,50.606407165527344,58.37147521972656,-7.765068054199219,True,True
expanded13,8DJ2_A_VAL893__026__1,8DJ2_A_VAL893,26,1,0.62034494,A,1,0.62034494,True,A,0.62034494,0.39035579562187195,1.1811589002609253,52.5317,g+,7.4683,45.0000,True,True,3.0773133856598687,A:ASP891:OD1,1.0773133856598687,True,4.620563880479714,"sym6[0,0,0]/B:PRO772:CD",2.620563880479714,True,True,True,52.54593276977539,54.11301803588867,-1.5670852661132812,True,True
expanded13,8DJ2_A_VAL893__026__2,8DJ2_A_VAL893,26,2,0.059597626,merged_duplicate,0,0.335571956,False,B,0.0,1.204999566078186,0.4795241355895996,-178.5721,t,1.4279,45.0000,True,True,3.3827882561951705,A:PRO894:N,1.3827882561951705,True,3.374946850805621,"sym6[0,0,0]/B:PRO772:N",1.374946850805621,True,True,True,37.74205017089844,nan,nan,False,False
expanded13,8DJ2_A_VAL893__027__0,8DJ2_A_VAL893,27,0,0.66775173,A,0,0.66775173,True,A,0.66775173,0.3819558024406433,1.1790695190429688,52.1123,g+,7.8877,45.0000,True,True,3.074408977539174,A:ASP891:OD1,1.074408977539174,True,4.620563880479714,"sym6[0,0,0]/B:PRO772:CD",2.620563880479714,True,True,True,52.53687286376953,54.11301803588867,-1.5761451721191406,True,True
expanded13,8DJ2_A_VAL893__027__1,8DJ2_A_VAL893,27,1,0.089879386,merged_duplicate,1,0.332248225,False,B,0.0,1.210890293121338,0.5000156760215759,-179.6041,t,0.3959,45.0000,True,True,3.3742775308219746,A:PRO894:N,1.3742775308219746,True,3.3641800542232647,"sym6[0,0,0]/B:PRO772:N",1.3641800542232647,True,True,True,37.689491271972656,nan,nan,False,False
expanded13,8DJ2_A_VAL893__027__2,8DJ2_A_VAL893,27,2,0.18781406,B,1,0.332248225,True,B,0.332248225,1.2081091403961182,0.4904044270515442,-179.1198,t,0.8802,45.0000,True,True,3.3782421775805718,A:PRO894:N,1.3782421775805718,True,3.3691643356090704,"sym6[0,0,0]/B:PRO772:N",1.3691643356090704,True,True,True,50.60107421875,58.37147521972656,-7.7704010009765625,True,True
expanded13,8DJ2_A_VAL893__027__3,8DJ2_A_VAL893,27,3,0.054554779,merged_duplicate,1,0.332248225,False,B,0.0,1.2151256799697876,0.514430582523346,179.6687,t,0.3313,45.0000,True,True,3.3684288380502747,A:PRO894:N,1.3684288380502747,True,3.3569125828953803,"sym6[0,0,0]/B:PRO772:N",1.3569125828953803,True,True,True,37.66470718383789,nan,nan,False,False
expanded13,8DJ2_A_VAL893__028__0,8DJ2_A_VAL893,28,0,0.28448543,B,0,0.28448543,True,B,0.28448543,1.2065620422363281,0.4850083589553833,-178.8481,t,1.1519,45.0000,True,True,3.380489570349941,A:PRO894:N,1.380489570349941,True,3.3720136895793877,"sym6[0,0,0]/B:PRO772:N",1.3720136895793877,True,True,True,50.61260986328125,58.37147521972656,-7.7588653564453125,True,True
expanded13,8DJ2_A_VAL893__028__2,8DJ2_A_VAL893,28,2,0.66677439,A,1,0.66677439,True,A,0.66677439,0.3808433413505554,1.178795337677002,52.0568,g+,7.9432,45.0000,True,True,3.0740328764081304,A:ASP891:OD1,1.0740328764081304,True,4.620563880479714,"sym6[0,0,0]/B:PRO772:CD",2.620563880479714,True,True,True,52.537662506103516,54.11301803588867,-1.5753555297851562,True,True
expanded13,8DJ2_A_VAL893__029__1,8DJ2_A_VAL893,29,1,0.59894919,A,0,0.59894919,True,A,0.59894919,0.38762494921684265,1.180479645729065,52.3954,g+,7.6046,45.0000,True,True,3.076357189169637,A:ASP891:OD1,1.076357189169637,True,4.620563880479714,"sym6[0,0,0]/B:PRO772:CD",2.620563880479714,True,True,True,52.542015075683594,54.11301803588867,-1.5710029602050781,True,True
expanded13,8DJ2_A_VAL893__029__2,8DJ2_A_VAL893,29,2,0.33583057,B,1,0.33583057,True,B,0.33583057,1.2053167819976807,0.48064669966697693,-178.6286,t,1.3714,45.0000,True,True,3.3823166630737735,A:PRO894:N,1.3823166630737735,True,3.3743476817204887,"sym6[0,0,0]/B:PRO772:N",1.3743476817204887,True,True,True,50.6265869140625,58.37147521972656,-7.7448883056640625,True,True
expanded13,8DJ2_A_VAL893__030__0,8DJ2_A_VAL893,30,0,0.29135588,B,0,0.29135588,True,B,0.29135588,1.2059139013290405,0.48273974657058716,-178.7340,t,1.2660,45.0000,True,True,3.3814381620191964,A:PRO894:N,1.3814381620191964,True,3.373222182528955,"sym6[0,0,0]/B:PRO772:N",1.3732221825289548,True,True,True,50.62008285522461,58.37147521972656,-7.751392364501953,True,True
expanded13,8DJ2_A_VAL893__030__2,8DJ2_A_VAL893,30,2,0.61536366,A,1,0.61536366,True,A,0.61536366,0.38688668608665466,1.1802928447723389,52.3585,g+,7.6415,45.0000,True,True,3.0761025347996425,A:ASP891:OD1,1.0761025347996425,True,4.620563880479714,"sym6[0,0,0]/B:PRO772:CD",2.620563880479714,True,True,True,52.54075241088867,54.11301803588867,-1.572265625,True,True
expanded13,8DJ2_A_VAL893__031__0,8DJ2_A_VAL893,31,0,0.15663314,B,0,0.28470814,True,B,0.28470814,1.209359049797058,0.49473699927330017,-179.3381,t,0.6619,45.0000,True,True,3.3764471678446504,A:PRO894:N,1.3764471678446504,True,3.366900789731274,"sym6[0,0,0]/B:PRO772:N",1.366900789731274,True,True,True,50.589561462402344,58.37147521972656,-7.781913757324219,True,True
expanded13,8DJ2_A_VAL893__031__1,8DJ2_A_VAL893,31,1,0.128075,merged_duplicate,0,0.28470814,False,B,0.0,1.2104461193084717,0.49848708510398865,-179.5271,t,0.4729,45.0000,True,True,3.3749058452121132,A:PRO894:N,1.3749058452121132,True,3.364961798599549,"sym6[0,0,0]/B:PRO772:N",1.3649617985995488,True,True,True,37.69117736816406,nan,nan,False,False
expanded13,8DJ2_A_VAL893__031__2,8DJ2_A_VAL893,31,2,0.66798592,A,1,0.66798592,True,A,0.66798592,0.3816916048526764,1.1790035963058472,52.0991,g+,7.9009,45.0000,True,True,3.0743209789683994,A:ASP891:OD1,1.0743209789683994,True,4.620563880479714,"sym6[0,0,0]/B:PRO772:CD",2.620563880479714,True,True,True,52.53687286376953,54.11301803588867,-1.5761451721191406,True,True
expanded13,8DJ2_A_VAL893__032__1,8DJ2_A_VAL893,32,1,0.59644288,A,0,0.59644288,True,A,0.59644288,0.3905505836009979,1.1812084913253784,52.5414,g+,7.4586,45.0000,True,True,3.0773817833557344,A:ASP891:OD1,1.0773817833557344,True,4.620563880479714,"sym6[0,0,0]/B:PRO772:CD",2.620563880479714,True,True,True,52.54593276977539,54.11301803588867,-1.5670852661132812,True,True
expanded13,8DJ2_A_VAL893__032__2,8DJ2_A_VAL893,32,2,0.33465979,B,1,0.33465979,True,B,0.33465979,1.2049429416656494,0.4793299436569214,-178.5624,t,1.4376,45.0000,True,True,3.382870250948672,A:PRO894:N,1.382870250948672,True,3.3750532279799788,"sym6[0,0,0]/B:PRO772:N",1.3750532279799788,True,True,True,50.63093566894531,58.37147521972656,-7.74053955078125,True,True
expanded13,8DJ2_A_VAL893__033__0,8DJ2_A_VAL893,33,0,0.33094037,B,0,0.33094037,True,B,0.33094037,1.2049800157546997,0.47946426272392273,-178.5692,t,1.4308,45.0000,True,True,3.3828127432753266,A:PRO894:N,1.3828127432753266,True,3.374982815070218,"sym6[0,0,0]/B:PRO772:N",1.3749828150702181,True,True,True,50.62959289550781,58.37147521972656,-7.74188232421875,True,True
expanded13,8DJ2_A_VAL893__033__3,8DJ2_A_VAL893,33,3,0.6396817,A,1,0.6396817,True,A,0.6396817,0.38338568806648254,1.1794229745864868,52.1837,g+,7.8163,45.0000,True,True,3.0748982450537925,A:ASP891:OD1,1.0748982450537925,True,4.620563880479714,"sym6[0,0,0]/B:PRO772:CD",2.620563880479714,True,True,True,52.53900909423828,54.11301803588867,-1.5740089416503906,True,True
expanded13,8DJ2_A_VAL893__034__0,8DJ2_A_VAL893,34,0,0.22708797,B,0,0.331748,True,B,0.331748,1.2071492671966553,0.4870615303516388,-178.9515,t,1.0485,45.0000,True,True,3.3796322920263853,A:PRO894:N,1.3796322920263853,True,3.3709255656692556,"sym6[0,0,0]/B:PRO772:N",1.3709255656692556,True,True,True,50.60961151123047,58.37147521972656,-7.761863708496094,True,True
expanded13,8DJ2_A_VAL893__034__1,8DJ2_A_VAL893,34,1,0.10466003,merged_duplicate,0,0.331748,False,B,0.0,1.2112979888916016,0.5014140009880066,-179.6747,t,0.3253,45.0000,True,True,3.3737049803243595,A:PRO894:N,1.3737049803243595,True,3.3634615270462254,"sym6[0,0,0]/B:PRO772:N",1.3634615270462254,True,True,True,37.68702697753906,nan,nan,False,False
expanded13,8DJ2_A_VAL893__034__2,8DJ2_A_VAL893,34,2,0.059186157,merged_duplicate,1,0.668251987,False,A,0.0,0.5385224223136902,1.2223670482635498,59.9774,g+,0.0226,45.0000,True,True,3.144335008737101,A:ASP891:OD1,1.1443350087371011,True,4.462689056955007,"sym6[0,0,0]/B:PRO772:CD",2.462689056955007,True,True,True,39.836151123046875,nan,nan,False,False
expanded13,8DJ2_A_VAL893__034__3,8DJ2_A_VAL893,34,3,0.60906583,A,1,0.668251987,True,A,0.668251987,0.3857453465461731,1.1800087690353394,52.3015,g+,7.6985,45.0000,True,True,3.075708787790301,A:ASP891:OD1,1.075708787790301,True,4.620563880479714,"sym6[0,0,0]/B:PRO772:CD",2.620563880479714,True,True,True,52.54597473144531,54.11301803588867,-1.5670433044433594,True,True
expanded13,8DJ2_A_VAL893__035__1,8DJ2_A_VAL893,35,1,0.33339334,B,0,0.33339334,True,B,0.33339334,1.204743504524231,0.478622168302536,-178.5267,t,1.4733,45.0000,True,True,3.38316775779356,A:PRO894:N,1.3831677577935602,True,3.3754337383983217,"sym6[0,0,0]/B:PRO772:N",1.3754337383983217,True,True,True,50.634090423583984,58.37147521972656,-7.737384796142578,True,True
expanded13,8DJ2_A_VAL893__035__3,8DJ2_A_VAL893,35,3,0.60902607,A,1,0.60902607,True,A,0.60902607,0.3869524300098419,1.1803069114685059,52.3617,g+,7.6383,45.0000,True,True,3.0761269918423184,A:ASP891:OD1,1.0761269918423184,True,4.620563880479714,"sym6[0,0,0]/B:PRO772:CD",2.620563880479714,True,True,True,52.54075241088867,54.11301803588867,-1.572265625,True,True
expanded13,8DJ2_A_VAL893__036__1,8DJ2_A_VAL893,36,1,0.62580436,A,0,0.62580436,True,A,0.62580436,0.388518750667572,1.1807008981704712,52.4400,g+,7.5600,45.0000,True,True,3.076669117523219,A:ASP891:OD1,1.076669117523219,True,4.620563880479714,"sym6[0,0,0]/B:PRO772:CD",2.620563880479714,True,True,True,52.5425910949707,54.11301803588867,-1.5704269409179688,True,True
expanded13,8DJ2_A_VAL893__036__3,8DJ2_A_VAL893,36,3,0.33471701,B,1,0.33471701,True,B,0.33471701,1.2047368288040161,0.478598952293396,-178.5256,t,1.4744,45.0000,True,True,3.3831783362388848,A:PRO894:N,1.3831783362388848,True,3.3754461019609185,"sym6[0,0,0]/B:PRO772:N",1.3754461019609185,True,True,True,50.634090423583984,58.37147521972656,-7.737384796142578,True,True
expanded13,8DJ2_A_VAL893__037__1,8DJ2_A_VAL893,37,1,0.26395929,B,0,0.337045783,True,B,0.337045783,1.206404685974121,0.48446306586265564,-178.8207,t,1.1793,45.0000,True,True,3.3807158863514895,A:PRO894:N,1.3807158863514895,True,3.3723054742332614,"sym6[0,0,0]/B:PRO772:N",1.3723054742332614,True,True,True,50.616722106933594,58.37147521972656,-7.754753112792969,True,True
expanded13,8DJ2_A_VAL893__037__2,8DJ2_A_VAL893,37,2,0.073086493,merged_duplicate,0,0.337045783,False,B,0.0,1.212160348892212,0.5043620467185974,-179.8233,t,0.1767,45.0000,True,True,3.3725032816210683,A:PRO894:N,1.3725032816210683,True,3.3619588621949656,"sym6[0,0,0]/B:PRO772:N",1.3619588621949656,True,True,True,37.679954528808594,nan,nan,False,False
expanded13,8DJ2_A_VAL893__037__3,8DJ2_A_VAL893,37,3,0.62909704,A,1,0.62909704,True,A,0.62909704,0.3926563858985901,1.1817364692687988,52.6466,g+,7.3534,45.0000,True,True,3.078126570851122,A:ASP891:OD1,1.078126570851122,True,4.619974109649315,"sym6[0,0,0]/B:PRO772:CD",2.6199741096493154,True,True,True,52.547828674316406,54.11301803588867,-1.5651893615722656,True,True
expanded13,8DJ2_A_VAL893__038__0,8DJ2_A_VAL893,38,0,0.64206201,A,0,0.64206201,True,A,0.64206201,0.38269326090812683,1.1792513132095337,52.1492,g+,7.8508,45.0000,True,True,3.074663384952865,A:ASP891:OD1,1.0746633849528648,True,4.620563880479714,"sym6[0,0,0]/B:PRO772:CD",2.620563880479714,True,True,True,52.53838348388672,54.11301803588867,-1.5746345520019531,True,True
expanded13,8DJ2_A_VAL893__038__1,8DJ2_A_VAL893,38,1,0.17494947,B,1,0.3330288,True,B,0.3330288,1.209093689918518,0.49381741881370544,-179.2917,t,0.7083,45.0000,True,True,3.3768288976195455,A:PRO894:N,1.3768288976195455,True,3.367380146087302,"sym6[0,0,0]/B:PRO772:N",1.367380146087302,True,True,True,50.59246826171875,58.37147521972656,-7.7790069580078125,True,True
expanded13,8DJ2_A_VAL893__038__2,8DJ2_A_VAL893,38,2,0.15807933,merged_duplicate,1,0.3330288,False,B,0.0,1.209623098373413,0.49564847350120544,-179.3840,t,0.6160,45.0000,True,True,3.376075226898849,A:PRO894:N,1.3760752268988492,True,3.366430003609806,"sym6[0,0,0]/B:PRO772:N",1.366430003609806,True,True,True,37.699649810791016,nan,nan,False,False
expanded13,8DJ2_A_VAL893__039__0,8DJ2_A_VAL893,39,0,0.61062497,A,0,0.6626200950000001,True,A,0.6626200950000001,0.39430132508277893,1.1821506023406982,52.7287,g+,7.2713,45.0000,True,True,3.0787091238178124,A:ASP891:OD1,1.0787091238178124,True,4.61823750264854,"sym6[0,0,0]/B:PRO772:CD",2.6182375026485403,True,True,True,52.5490608215332,54.11301803588867,-1.5639572143554688,True,True
expanded13,8DJ2_A_VAL893__039__1,8DJ2_A_VAL893,39,1,0.27400509,B,1,0.337379907,True,B,0.337379907,1.2064274549484253,0.484536349773407,-178.8244,t,1.1756,45.0000,True,True,3.3806868526109213,A:PRO894:N,1.3806868526109213,True,3.372263122411074,"sym6[0,0,0]/B:PRO772:N",1.372263122411074,True,True,True,50.616722106933594,58.37147521972656,-7.754753112792969,True,True
expanded13,8DJ2_A_VAL893__039__2,8DJ2_A_VAL893,39,2,0.051995125,merged_duplicate,0,0.6626200950000001,False,A,0.0,0.051780425012111664,1.1203584671020508,35.7719,g+,24.2281,45.0000,True,True,3.039033338570493,A:ASP891:OD1,1.0390333385704928,True,4.620563880479714,"sym6[0,0,0]/B:PRO772:CD",2.620563880479714,True,True,True,40.638221740722656,nan,nan,False,False
expanded13,8DJ2_A_VAL893__039__3,8DJ2_A_VAL893,39,3,0.063374817,merged_duplicate,1,0.337379907,False,B,0.0,1.2134296894073486,0.5086905360221863,179.9584,t,0.0416,45.0000,True,True,3.3707444686402273,A:PRO894:N,1.3707444686402273,True,3.359776332815873,"sym6[0,0,0]/B:PRO772:N",1.3597763328158732,True,True,True,37.675010681152344,nan,nan,False,False
expanded13,8DJ2_A_VAL893__040__0,8DJ2_A_VAL893,40,0,0.14264755,merged_duplicate,0,0.30674233,False,B,0.0,1.2099119424819946,0.4966416358947754,-179.4340,t,0.5660,45.0000,True,True,3.375666216987987,A:PRO894:N,1.375666216987987,True,3.36591292907299,"sym6[0,0,0]/B:PRO772:N",1.36591292907299,True,True,True,37.69676208496094,nan,nan,False,False
expanded13,8DJ2_A_VAL893__040__1,8DJ2_A_VAL893,40,1,0.63809842,A,1,0.63809842,True,A,0.63809842,0.38536107540130615,1.17991304397583,52.2823,g+,7.7177,45.0000,True,True,3.075574455436483,A:ASP891:OD1,1.0755744554364828,True,4.620563880479714,"sym6[0,0,0]/B:PRO772:CD",2.620563880479714,True,True,True,52.54212188720703,54.11301803588867,-1.5708961486816406,True,True
expanded13,8DJ2_A_VAL893__040__2,8DJ2_A_VAL893,40,2,0.055159245,other,2,0.055159245,True,other,0.055159245,1.5597610473632812,1.6060316562652588,-67.5337,g-,7.5337,45.0000,True,True,3.0916852660835095,A:ASP891:OD1,1.0916852660835095,True,3.291359050020318,"sym6[0,0,0]/B:PRO772:N",1.291359050020318,True,True,True,40.62893295288086,nan,nan,False,False
expanded13,8DJ2_A_VAL893__040__3,8DJ2_A_VAL893,40,3,0.16409478,B,0,0.30674233,True,B,0.30674233,1.2092781066894531,0.4944567382335663,-179.3240,t,0.6760,45.0000,True,True,3.376566261259724,A:PRO894:N,1.376566261259724,True,3.3670473051658227,"sym6[0,0,0]/B:PRO772:N",1.3670473051658227,True,True,True,50.58943176269531,58.37147521972656,-7.78204345703125,True,True
expanded13,8DJ2_A_VAL893__041__0,8DJ2_A_VAL893,41,0,0.60589981,A,0,0.6625129160000001,True,A,0.6625129160000001,0.39049094915390015,1.1811941862106323,52.5385,g+,7.4615,45.0000,True,True,3.077359708083395,A:ASP891:OD1,1.077359708083395,True,4.620563880479714,"sym6[0,0,0]/B:PRO772:CD",2.620563880479714,True,True,True,52.54593276977539,54.11301803588867,-1.5670852661132812,True,True
expanded13,8DJ2_A_VAL893__041__1,8DJ2_A_VAL893,41,1,0.27524313,B,1,0.33748708,True,B,0.33748708,1.2056541442871094,0.4818272590637207,-178.6880,t,1.3120,45.0000,True,True,3.381821151398122,A:PRO894:N,1.381821151398122,True,3.3737106561355357,"sym6[0,0,0]/B:PRO772:N",1.3737106561355357,True,True,True,50.622955322265625,58.37147521972656,-7.7485198974609375,True,True
expanded13,8DJ2_A_VAL893__041__2,8DJ2_A_VAL893,41,2,0.06224395,merged_duplicate,1,0.33748708,False,B,0.0,1.213868260383606,0.510178804397583,179.8833,t,0.1167,45.0000,True,True,3.370144131842165,A:PRO894:N,1.370144131842165,True,3.3590302669101297,"sym6[0,0,0]/B:PRO772:N",1.3590302669101297,True,True,True,37.67095947265625,nan,nan,False,False
expanded13,8DJ2_A_VAL893__041__3,8DJ2_A_VAL893,41,3,0.056613106,merged_duplicate,0,0.6625129160000001,False,A,0.0,0.38236451148986816,1.179172396659851,52.1328,g+,7.8672,45.0000,True,True,3.0745475416101544,A:ASP891:OD1,1.0745475416101544,True,4.620563880479714,"sym6[0,0,0]/B:PRO772:CD",2.620563880479714,True,True,True,39.5540885925293,nan,nan,False,False
expanded13,8DJ2_A_VAL893__042__1,8DJ2_A_VAL893,42,1,0.66326177,A,0,0.66326177,True,A,0.66326177,0.38136589527130127,1.178923487663269,52.0829,g+,7.9171,45.0000,True,True,3.0742105636005603,A:ASP891:OD1,1.0742105636005603,True,4.620563880479714,"sym6[0,0,0]/B:PRO772:CD",2.620563880479714,True,True,True,52.53260040283203,54.11301803588867,-1.5804176330566406,True,True
expanded13,8DJ2_A_VAL893__042__3,8DJ2_A_VAL893,42,3,0.28290102,B,1,0.28290102,True,B,0.28290102,1.2060153484344482,0.48309990763664246,-178.7521,t,1.2479,45.0000,True,True,3.3812872980007915,A:PRO894:N,1.3812872980007915,True,3.373034045337354,"sym6[0,0,0]/B:PRO772:N",1.373034045337354,True,True,True,50.61890411376953,58.37147521972656,-7.752571105957031,True,True
expanded13,8DJ2_A_VAL893__043__0,8DJ2_A_VAL893,43,0,0.27536839,B,0,0.33196024700000004,True,B,0.33196024700000004,1.2061318159103394,0.48350608348846436,-178.7726,t,1.2274,45.0000,True,True,3.381116563115636,A:PRO894:N,1.381116563115636,True,3.3728145606458955,"sym6[0,0,0]/B:PRO772:N",1.3728145606458955,True,True,True,50.61957550048828,58.37147521972656,-7.751899719238281,True,True
expanded13,8DJ2_A_VAL893__043__1,8DJ2_A_VAL893,43,1,0.056591857,merged_duplicate,0,0.33196024700000004,False,B,0.0,1.2548131942749023,0.6394514441490173,173.3145,t,6.6855,45.0000,True,True,3.3226926312358187,A:PRO894:N,1.3226926312358187,True,3.305287998934871,"sym6[0,0,0]/B:PRO772:N",1.3052879989348711,True,True,True,37.95724868774414,nan,nan,False,False
expanded13,8DJ2_A_VAL893__043__3,8DJ2_A_VAL893,43,3,0.66350842,A,1,0.66350842,True,A,0.66350842,0.3827964961528778,1.1792786121368408,52.1544,g+,7.8456,45.0000,True,True,3.074696635962568,A:ASP891:OD1,1.0746966359625678,True,4.620563880479714,"sym6[0,0,0]/B:PRO772:CD",2.620563880479714,True,True,True,52.53838348388672,54.11301803588867,-1.5746345520019531,True,True
expanded13,8DJ2_A_VAL893__044__0,8DJ2_A_VAL893,44,0,0.28382745,B,0,0.28382745,True,B,0.28382745,1.2068780660629272,0.48611775040626526,-178.9040,t,1.0960,45.0000,True,True,3.380027045266354,A:PRO894:N,1.380027045266354,True,3.371427001680398,"sym6[0,0,0]/B:PRO772:N",1.3714270016803982,True,True,True,50.60985565185547,58.37147521972656,-7.761619567871094,True,True
expanded13,8DJ2_A_VAL893__044__3,8DJ2_A_VAL893,44,3,0.6553598,A,1,0.6553598,True,A,0.6553598,0.3813024163246155,1.1789082288742065,52.0797,g+,7.9203,45.0000,True,True,3.0741890185326732,A:ASP891:OD1,1.0741890185326732,True,4.620563880479714,"sym6[0,0,0]/B:PRO772:CD",2.620563880479714,True,True,True,52.53260040283203,54.11301803588867,-1.5804176330566406,True,True
expanded13,8DJ2_A_VAL893__045__0,8DJ2_A_VAL893,45,0,0.60863197,A,0,0.66776525,True,A,0.66776525,0.38554731011390686,1.1799607276916504,52.2916,g+,7.7084,45.0000,True,True,3.0756374490944736,A:ASP891:OD1,1.0756374490944736,True,4.620563880479714,"sym6[0,0,0]/B:PRO772:CD",2.620563880479714,True,True,True,52.54597473144531,54.11301803588867,-1.5670433044433594,True,True
expanded13,8DJ2_A_VAL893__045__1,8DJ2_A_VAL893,45,1,0.05913328,merged_duplicate,0,0.66776525,False,A,0.0,0.5513147115707397,1.2262903451919556,60.6252,g+,0.6252,45.0000,True,True,3.151502479681893,A:ASP891:OD1,1.1515024796818931,True,4.448580235387741,"sym6[0,0,0]/B:PRO772:CD",2.448580235387741,True,True,True,39.864044189453125,nan,nan,False,False
expanded13,8DJ2_A_VAL893__045__2,8DJ2_A_VAL893,45,2,0.11609598,merged_duplicate,1,0.33223473,False,B,0.0,1.2109979391098022,0.5003806352615356,-179.6225,t,0.3775,45.0000,True,True,3.3741286697694792,A:PRO894:N,1.3741286697694792,True,3.3639897411418342,"sym6[0,0,0]/B:PRO772:N",1.3639897411418342,True,True,True,37.689491271972656,nan,nan,False,False
expanded13,8DJ2_A_VAL893__045__3,8DJ2_A_VAL893,45,3,0.21613875,B,1,0.33223473,True,B,0.33223473,1.2080731391906738,0.4902730882167816,-179.1131,t,0.8869,45.0000,True,True,3.378297049311291,A:PRO894:N,1.378297049311291,True,3.369230467435093,"sym6[0,0,0]/B:PRO772:N",1.3692304674350928,True,True,True,50.60038375854492,58.37147521972656,-7.771091461181641,True,True
expanded13,8DJ2_A_VAL893__046__0,8DJ2_A_VAL893,46,0,0.66467798,A,0,0.66467798,True,A,0.66467798,0.38128018379211426,1.1789047718048096,52.0787,g+,7.9213,45.0000,True,True,3.074179423082525,A:ASP891:OD1,1.074179423082525,True,4.620563880479714,"sym6[0,0,0]/B:PRO772:CD",2.620563880479714,True,True,True,52.53260040283203,54.11301803588867,-1.5804176330566406,True,True
expanded13,8DJ2_A_VAL893__046__1,8DJ2_A_VAL893,46,1,0.060533211,merged_duplicate,1,0.33532207099999994,False,B,0.0,1.1997292041778564,0.46073514223098755,-177.6277,t,2.3723,45.0000,True,True,3.390785963436882,A:PRO894:N,1.390785963436882,True,3.3852723401891627,"sym6[0,0,0]/B:PRO772:N",1.3852723401891627,True,True,True,37.81543731689453,nan,nan,False,False
expanded13,8DJ2_A_VAL893__046__2,8DJ2_A_VAL893,46,2,0.21711291,B,1,0.33532207099999994,True,B,0.33532207099999994,1.2082120180130005,0.4907664358615875,-179.1381,t,0.8619,45.0000,True,True,3.378090219272287,A:PRO894:N,1.3780902192722868,True,3.3689772701837186,"sym6[0,0,0]/B:PRO772:N",1.3689772701837186,True,True,True,50.59718322753906,58.37147521972656,-7.7742919921875,True,True
expanded13,8DJ2_A_VAL893__046__3,8DJ2_A_VAL893,46,3,0.05767595,merged_duplicate,1,0.33532207099999994,False,B,0.0,1.2127811908721924,0.5064834356307983,-179.9303,t,0.0697,45.0000,True,True,3.371638668354504,A:PRO894:N,1.371638668354504,True,3.360885761002239,"sym6[0,0,0]/B:PRO772:N",1.3608857610022391,True,True,True,37.67628479003906,nan,nan,False,False
expanded13,8DJ2_A_VAL893__047__0,8DJ2_A_VAL893,47,0,0.66682315,A,0,0.66682315,True,A,0.66682315,0.3815816342830658,1.17897629737854,52.0936,g+,7.9064,45.0000,True,True,3.0742841577399456,A:ASP891:OD1,1.0742841577399456,True,4.620563880479714,"sym6[0,0,0]/B:PRO772:CD",2.620563880479714,True,True,True,52.53687286376953,54.11301803588867,-1.5761451721191406,True,True
expanded13,8DJ2_A_VAL893__047__2,8DJ2_A_VAL893,47,2,0.060707048,merged_duplicate,1,0.332310098,False,B,0.0,1.2099509239196777,0.49677422642707825,-179.4407,t,0.5593,45.0000,True,True,3.3756112467074946,A:PRO894:N,1.3756112467074946,True,3.3658433022201026,"sym6[0,0,0]/B:PRO772:N",1.3658433022201026,True,True,True,37.69676208496094,nan,nan,False,False
expanded13,8DJ2_A_VAL893__047__3,8DJ2_A_VAL893,47,3,0.27160305,B,1,0.332310098,True,B,0.332310098,1.2073954343795776,0.48792076110839844,-178.9948,t,1.0052,45.0000,True,True,3.379274462871337,A:PRO894:N,1.379274462871337,True,3.370472323280624,"sym6[0,0,0]/B:PRO772:N",1.370472323280624,True,True,True,50.60636901855469,58.37147521972656,-7.765106201171875,True,True
expanded13,8DJ2_A_VAL893__048__1,8DJ2_A_VAL893,48,1,0.58036226,A,0,0.58036226,True,A,0.58036226,0.3952620327472687,1.1823935508728027,52.7768,g+,7.2232,45.0000,True,True,3.0790526634425355,A:ASP891:OD1,1.0790526634425355,True,4.617224810274155,"sym6[0,0,0]/B:PRO772:CD",2.6172248102741547,True,True,True,52.55556869506836,54.11301803588867,-1.5574493408203125,True,True
expanded13,8DJ2_A_VAL893__048__2,8DJ2_A_VAL893,48,2,0.34052289,B,1,0.34052289,True,B,0.34052289,1.204440712928772,0.47755166888237,-178.4729,t,1.5271,45.0000,True,True,3.383620972016984,A:PRO894:N,1.3836209720169839,True,3.3760106465670248,"sym6[0,0,0]/B:PRO772:N",1.3760106465670248,True,True,True,50.63766098022461,58.37147521972656,-7.733814239501953,True,True
expanded13,8DJ2_A_VAL893__049__1,8DJ2_A_VAL893,49,1,0.33780572,B,0,0.33780572,True,B,0.33780572,1.204391598701477,0.4773890972137451,-178.4648,t,1.5352,45.0000,True,True,3.3836864522022605,A:PRO894:N,1.3836864522022605,True,3.376102686761495,"sym6[0,0,0]/B:PRO772:N",1.3761026867614952,True,True,True,50.638545989990234,58.37147521972656,-7.732929229736328,True,True
expanded13,8DJ2_A_VAL893__049__2,8DJ2_A_VAL893,49,2,0.57216847,A,1,0.641338759,True,A,0.641338759,0.3993290066719055,1.183423399925232,52.9800,g+,7.0200,45.0000,True,True,3.0805197273741043,A:ASP891:OD1,1.0805197273741043,True,4.612930279681138,"sym6[0,0,0]/B:PRO772:CD",2.6129302796811382,True,True,True,52.559471130371094,54.11301803588867,-1.5535469055175781,True,True
expanded13,8DJ2_A_VAL893__049__3,8DJ2_A_VAL893,49,3,0.069170289,merged_duplicate,1,0.641338759,False,A,0.0,0.3441922962665558,1.1700149774551392,50.2300,g+,9.7700,45.0000,True,True,3.0625754334326176,A:ASP891:OD1,1.0625754334326176,True,4.620563880479714,"sym6[0,0,0]/B:PRO772:CD",2.620563880479714,True,True,True,39.53397750854492,nan,nan,False,False
expanded13,5Z8H_A_MET730__000__0,5Z8H_A_MET730,0,0,0.11930697,other,0,0.11930697,True,other,0.11930697,1.4990328550338745,0.990138828754425,-142.5673;60.6972;166.1071,t/g+/t,37.4327;0.6972;13.8929,45.0000;45.0000;60.0000,True,True,3.228178081795288,A:ALA731:N,1.228178081795288,True,6.070633515420465,"sym0[0,-1,-1]/A:GOL802:C1",4.070633515420465,True,True,True,61.1314582824707,nan,nan,False,False
expanded13,5Z8H_A_MET730__000__1,5Z8H_A_MET730,0,1,0.87728131,B,1,0.87728131,True,B,0.87728131,1.1669175624847412,0.07331067323684692,-66.1109;-61.8126;-78.7465,g-/g-/m-,6.1109;1.8126;11.2535,45.0000;45.0000;60.0000,True,True,3.228178081795288,A:ALA731:N,1.228178081795288,True,6.309997321343673,"sym0[0,-1,-1]/A:GOL802:O1",4.309997321343673,True,True,True,105.0009765625,104.77444458007812,0.226531982421875,True,True
expanded13,5Z8H_A_MET730__001__0,5Z8H_A_MET730,1,0,0.085658439,other,0,0.085658439,True,other,0.085658439,2.112135171890259,1.3478602170944214,-160.4554;81.9871;-176.3307,t/g+/t,19.5446;21.9871;3.6693,45.0000;45.0000;60.0000,True,True,3.179997546714364,S:HOH29:O,1.1799975467143642,True,5.310959276742689,"sym0[0,-1,-1]/A:GOL802:O1",3.3109592767426888,True,True,True,60.5004997253418,nan,nan,False,False
expanded13,5Z8H_A_MET730__001__2,5Z8H_A_MET730,1,2,0.84418184,other,1,0.84418184,True,other,0.84418184,1.518655776977539,1.6389377117156982,-63.6757;-69.2772;89.7196,g-/g-/m+,3.6757;9.2772;0.2804,45.0000;45.0000;60.0000,True,True,3.071614475428721,A:TRP699:CZ2,1.0716144754287211,True,6.681747414770737,"sym0[0,-1,-1]/A:GOL802:C1",4.681747414770737,True,True,True,59.5571174621582,nan,nan,False,False
expanded13,5Z8H_A_MET730__001__3,5Z8H_A_MET730,1,3,0.050719414,other,2,0.050719414,True,other,0.050719414,1.6009891033172607,1.1544806957244873,-152.6015;77.4799;149.6249,t/g+/t,27.3985;17.4799;30.3751,45.0000;45.0000;60.0000,True,True,3.2180510337293082,S:HOH29:O,1.2180510337293082,True,5.930442678014364,"sym0[0,-1,-1]/A:GOL802:O1",3.930442678014364,True,True,True,61.145423889160156,nan,nan,False,False
expanded13,5Z8H_A_MET730__002__1,5Z8H_A_MET730,2,1,0.094427899,other,0,0.094427899,True,other,0.094427899,2.0091888904571533,1.5695886611938477,-154.6176;81.9641;-71.8367,t/g+/m-,25.3824;21.9641;18.1633,45.0000;45.0000;60.0000,True,True,2.993740732093034,S:HOH29:O,0.993740732093034,True,5.714062218483661,"sym0[0,-1,-1]/A:GOL802:C1",3.7140622184836607,True,True,True,74.5051498413086,nan,nan,False,False
expanded13,5Z8H_A_MET730__002__2,5Z8H_A_MET730,2,2,0.83235914,other,1,0.83235914,True,other,0.83235914,1.5197726488113403,1.6250357627868652,-64.2120;-69.4297;89.2784,g-/g-/m+,4.2120;9.4297;0.7216,45.0000;45.0000;60.0000,True,True,3.0538986867311912,A:TRP699:CZ2,1.0538986867311912,True,6.681747414770737,"sym0[0,-1,-1]/A:GOL802:C1",4.681747414770737,True,True,True,60.06825256347656,nan,nan,False,False
expanded13,5Z8H_A_MET730__002__3,5Z8H_A_MET730,2,3,0.069941036,other,2,0.069941036,True,other,0.069941036,2.2685546875,1.4686119556427002,-164.0794;72.3057;178.6917,t/g+/t,15.9206;12.3057;1.3083,45.0000;45.0000;60.0000,True,True,2.9902903940233334,S:HOH29:O,0.9902903940233334,True,5.0547884570310195,"sym0[0,-1,-1]/A:GOL802:O1",3.0547884570310195,True,True,True,58.73780059814453,nan,nan,False,False
expanded13,5Z8H_A_MET730__003__2,5Z8H_A_MET730,3,2,0.98212206,B,0,0.98212206,True,B,0.98212206,1.1555414199829102,0.094807930290699,-65.3740;-62.8787;-78.0309,g-/g-/m-,5.3740;2.8787;11.9691,45.0000;45.0000;60.0000,True,True,3.228178081795288,A:ALA731:N,1.228178081795288,True,6.335092574624086,"sym0[0,-1,-1]/A:GOL802:O1",4.335092574624086,True,True,True,105.0906753540039,104.77444458007812,0.31623077392578125,True,True
expanded13,5Z8H_A_MET730__004__0,5Z8H_A_MET730,4,0,0.11066619,other,0,0.11066619,True,other,0.11066619,1.609357476234436,1.7960455417633057,-61.8313;-62.6080;89.6728,g-/g-/m+,1.8313;2.6080;0.3272,45.0000;45.0000;60.0000,True,True,3.0049623381163086,A:VAL704:CG2,1.0049623381163086,True,6.681747414770737,"sym0[0,-1,-1]/A:GOL802:C1",4.681747414770737,True,True,True,58.21150588989258,nan,nan,False,False
expanded13,5Z8H_A_MET730__004__1,5Z8H_A_MET730,4,1,0.87084347,B,1,0.87084347,True,B,0.87084347,1.1521613597869873,0.1148381158709526,-66.0213;-63.2058;-79.5816,g-/g-/m-,6.0213;3.2058;10.4184,45.0000;45.0000;60.0000,True,True,3.228178081795288,A:ALA731:N,1.228178081795288,True,6.350949560412579,"sym0[0,-1,-1]/A:GOL802:O1",4.350949560412579,True,True,True,105.11186218261719,104.77444458007812,0.3374176025390625,True,True
expanded13,5Z8H_A_MET730__005__1,5Z8H_A_MET730,5,1,0.25371903,A,0,0.25371903,True,A,0.25371903,0.32857951521873474,1.343674898147583,-64.8290;-66.7081;-173.9685,g-/g-/t,4.8290;6.7081;6.0315,45.0000;45.0000;60.0000,True,True,3.0480278163972607,A:VAL704:CG1,1.0480278163972607,True,6.681747414770737,"sym0[0,-1,-1]/A:GOL802:C1",4.681747414770737,True,True,True,111.62339782714844,107.81575775146484,3.8076400756835938,False,False
expanded13,5Z8H_A_MET730__005__3,5Z8H_A_MET730,5,3,0.73514277,B,1,0.73514277,True,B,0.73514277,1.1590971946716309,0.08822569996118546,-66.4425;-61.8480;-80.0360,g-/g-/m-,6.4425;1.8480;9.9640,45.0000;45.0000;60.0000,True,True,3.228178081795288,A:ALA731:N,1.228178081795288,True,6.330665747915225,"sym0[0,-1,-1]/A:GOL802:O1",4.330665747915225,True,True,True,105.04566955566406,104.77444458007812,0.2712249755859375,True,True
expanded13,5Z8H_A_MET730__006__0,5Z8H_A_MET730,6,0,0.15519477,other,0,0.15519477,True,other,0.15519477,2.047487497329712,2.166750907897949,-81.0994;48.3132;-86.3747,g-/g+/m-,21.0994;11.6868;3.6253,45.0000;45.0000;60.0000,True,True,2.985268047401607,A:LEU726:O,0.9852680474016071,True,6.681747414770737,"sym0[0,-1,-1]/A:GOL802:C1",4.681747414770737,True,True,True,73.48455047607422,nan,nan,False,False
expanded13,5Z8H_A_MET730__006__2,5Z8H_A_MET730,6,2,0.84363377,B,1,0.84363377,True,B,0.84363377,1.2460180521011353,0.9229535460472107,-131.8554;65.9827;178.9018,t/g+/t,48.1446;5.9827;1.0982,45.0000;45.0000;60.0000,False,False,3.228178081795288,A:ALA731:N,1.228178081795288,True,6.2442244706022,"sym0[0,-1,-1]/A:GOL802:C1",4.2442244706022,True,True,False,111.64192199707031,104.77444458007812,6.8674774169921875,False,False
expanded13,5Z8H_A_MET730__007__1,5Z8H_A_MET730,7,1,0.28235456,A,0,0.28235456,True,A,0.28235456,0.18060839176177979,1.2321363687515259,-65.8258;-68.0720;-165.1597,g-/g-/t,5.8258;8.0720;14.8403,45.0000;45.0000;60.0000,True,True,3.228178081795288,A:ALA731:N,1.228178081795288,True,6.681747414770737,"sym0[0,-1,-1]/A:GOL802:C1",4.681747414770737,True,True,True,107.76669311523438,107.81575775146484,-0.04906463623046875,True,True
expanded13,5Z8H_A_MET730__007__2,5Z8H_A_MET730,7,2,0.69800055,B,1,0.69800055,True,B,0.69800055,1.1867105960845947,0.03903346136212349,-66.6158;-60.5441;-78.3920,g-/g-/m-,6.6158;0.5441;11.6080,45.0000;45.0000;60.0000,True,True,3.228178081795288,A:ALA731:N,1.228178081795288,True,6.264720182419307,"sym0[0,-1,-1]/A:GOL802:O1",4.264720182419307,True,True,True,104.89874267578125,104.77444458007812,0.124298095703125,True,True
expanded13,5Z8H_A_MET730__008__0,5Z8H_A_MET730,8,0,0.87243098,other,0,0.87243098,True,other,0.87243098,1.5224535465240479,1.5968613624572754,-64.7463;-70.2276;87.8816,g-/g-/m+,4.7463;10.2276;2.1184,45.0000;45.0000;60.0000,True,True,3.022782480051173,A:TRP699:CZ2,1.022782480051173,True,6.681747414770737,"sym0[0,-1,-1]/A:GOL802:C1",4.681747414770737,True,True,True,61.964515686035156,nan,nan,False,False
expanded13,5Z8H_A_MET730__008__2,5Z8H_A_MET730,8,2,0.070821643,other,1,0.125429966,True,other,0.125429966,2.272247314453125,1.4639363288879395,-163.6617;72.1815;-179.1942,t/g+/t,16.3383;12.1815;0.8058,45.0000;45.0000;60.0000,True,True,2.9961836013937737,S:HOH29:O,0.9961836013937737,True,5.018306249385344,"sym0[0,-1,-1]/A:GOL802:O1",3.0183062493853443,True,True,True,58.71565246582031,nan,nan,False,False
expanded13,5Z8H_A_MET730__008__3,5Z8H_A_MET730,8,3,0.054608323,other,1,0.125429966,False,other,0.0,2.2619075775146484,1.4619157314300537,-163.8032;72.0864;178.8255,t/g+/t,16.1968;12.0864;1.1745,45.0000;45.0000;60.0000,True,True,2.994739038776399,S:HOH29:O,0.994739038776399,True,5.0619895962532,"sym0[0,-1,-1]/A:GOL802:O1",3.0619895962532,True,True,True,58.723289489746094,nan,nan,False,False
expanded13,5Z8H_A_MET730__009__2,5Z8H_A_MET730,9,2,0.8675946,other,0,0.8675946,True,other,0.8675946,1.525319218635559,1.5999717712402344,-64.6417;-70.1193;87.6777,g-/g-/m+,4.6417;10.1193;2.3223,45.0000;45.0000;60.0000,True,True,3.0193789007582517,A:TRP699:CZ2,1.0193789007582517,True,6.681747414770737,"sym0[0,-1,-1]/A:GOL802:C1",4.681747414770737,True,True,True,62.14534378051758,nan,nan,False,False
expanded13,5Z8H_A_MET730__009__3,5Z8H_A_MET730,9,3,0.080935866,other,1,0.080935866,True,other,0.080935866,2.2723073959350586,1.4726625680923462,-164.2143;72.0084;178.2976,t/g+/t,15.7857;12.0084;1.7024,45.0000;45.0000;60.0000,True,True,2.977317084358124,S:HOH29:O,0.9773170843581238,True,5.052540052080309,"sym0[0,-1,-1]/A:GOL802:O1",3.0525400520803094,True,True,True,58.70935821533203,nan,nan,False,False
expanded13,5Z8H_A_MET730__010__1,5Z8H_A_MET730,10,1,0.98108965,B,0,0.98108965,True,B,0.98108965,1.1563537120819092,0.09253282099962234,-65.4856;-62.7304;-78.2073,g-/g-/m-,5.4856;2.7304;11.7927,45.0000;45.0000;60.0000,True,True,3.228178081795288,A:ALA731:N,1.228178081795288,True,6.333339058792936,"sym0[0,-1,-1]/A:GOL802:O1",4.333339058792936,True,True,True,105.07528686523438,104.77444458007812,0.30084228515625,True,True
expanded13,5Z8H_A_MET730__011__0,5Z8H_A_MET730,11,0,0.71444589,B,0,0.71444589,True,B,0.71444589,1.165765404701233,0.07664668560028076,-66.7141;-61.3029;-80.1356,g-/g-/m-,6.7141;1.3029;9.8644,45.0000;45.0000;60.0000,True,True,3.228178081795288,A:ALA731:N,1.228178081795288,True,6.3153400207058725,"sym0[0,-1,-1]/A:GOL802:O1",4.3153400207058725,True,True,True,105.0089111328125,104.77444458007812,0.234466552734375,True,True
expanded13,5Z8H_A_MET730__011__3,5Z8H_A_MET730,11,3,0.23630734,A,1,0.23630734,True,A,0.23630734,0.3442109525203705,1.3521201610565186,-64.5513;-65.4863;-173.4908,g-/g-/t,4.5513;5.4863;6.5092,45.0000;45.0000;60.0000,True,True,3.032171240313138,A:VAL704:CG1,1.0321712403131378,True,6.681747414770737,"sym0[0,-1,-1]/A:GOL802:C1",4.681747414770737,True,True,True,112.91053009033203,107.81575775146484,5.0947723388671875,False,False
expanded13,5Z8H_A_MET730__012__1,5Z8H_A_MET730,12,1,0.75630897,B,0,0.75630897,True,B,0.75630897,1.1649367809295654,0.09922448545694351,-66.7394;-62.3633;-80.1293,g-/g-/m-,6.7394;2.3633;9.8707,45.0000;45.0000;60.0000,True,True,3.228178081795288,A:ALA731:N,1.228178081795288,True,6.323619884967161,"sym0[0,-1,-1]/A:GOL802:O1",4.323619884967161,True,True,True,105.04484558105469,104.77444458007812,0.2704010009765625,True,True
expanded13,5Z8H_A_MET730__012__2,5Z8H_A_MET730,12,2,0.11742733,merged_duplicate,1,0.24159746999999998,False,A,0.0,0.3702288269996643,1.3706060647964478,-64.2015;-64.6914;-174.0462,g-/g-/t,4.2015;4.6914;5.9538,45.0000;45.0000;60.0000,True,True,2.9978269590261766,A:VAL704:CG1,0.9978269590261766,True,6.681747414770737,"sym0[0,-1,-1]/A:GOL802:C1",4.681747414770737,True,True,True,60.8830680847168,nan,nan,False,False
expanded13,5Z8H_A_MET730__012__3,5Z8H_A_MET730,12,3,0.12417014,A,1,0.24159746999999998,True,A,0.24159746999999998,0.36939260363578796,1.3697470426559448,-64.2552;-64.7958;-174.1678,g-/g-/t,4.2552;4.7958;5.8322,45.0000;45.0000;60.0000,True,True,2.997789831370663,A:VAL704:CG1,0.997789831370663,True,6.681747414770737,"sym0[0,-1,-1]/A:GOL802:C1",4.681747414770737,True,True,True,114.06645202636719,107.81575775146484,6.250694274902344,False,False
expanded13,5Z8H_A_MET730__013__1,5Z8H_A_MET730,13,1,0.99206263,B,0,0.99206263,True,B,0.99206263,1.1561474800109863,0.09268932044506073,-65.5232;-62.7026;-78.3028,g-/g-/m-,5.5232;2.7026;11.6972,45.0000;45.0000;60.0000,True,True,3.228178081795288,A:ALA731:N,1.228178081795288,True,6.333961891257025,"sym0[0,-1,-1]/A:GOL802:O1",4.333961891257025,True,True,True,105.076904296875,104.77444458007812,0.302459716796875,True,True
expanded13,5Z8H_A_MET730__014__0,5Z8H_A_MET730,14,0,0.22652808,A,0,0.22652808,True,A,0.22652808,0.35418346524238586,1.3522820472717285,-65.0099;-65.8561;-175.0667,g-/g-/t,5.0099;5.8561;4.9333,45.0000;45.0000;60.0000,True,True,3.0100026462252134,A:VAL704:CG1,1.0100026462252134,True,6.681747414770737,"sym0[0,-1,-1]/A:GOL802:C1",4.681747414770737,True,True,True,111.48634338378906,107.81575775146484,3.6705856323242188,False,False
expanded13,5Z8H_A_MET730__014__1,5Z8H_A_MET730,14,1,0.74135542,B,1,0.74135542,True,B,0.74135542,1.163132905960083,0.08549801260232925,-66.6268;-61.7329;-80.1091,g-/g-/m-,6.6268;1.7329;9.8909,45.0000;45.0000;60.0000,True,True,3.228178081795288,A:ALA731:N,1.228178081795288,True,6.322691899191186,"sym0[0,-1,-1]/A:GOL802:O1",4.322691899191186,True,True,True,105.02693176269531,104.77444458007812,0.2524871826171875,True,True
expanded13,5Z8H_A_MET730__015__2,5Z8H_A_MET730,15,2,0.95718372,B,0,0.95718372,True,B,0.95718372,1.1512130498886108,0.08996015042066574,-65.4174;-62.3052;-78.5295,g-/g-/m-,5.4174;2.3052;11.4705,45.0000;45.0000;60.0000,True,True,3.228178081795288,A:ALA731:N,1.228178081795288,True,6.342029019977947,"sym0[0,-1,-1]/A:GOL802:O1",4.342029019977947,True,True,True,105.08447265625,104.77444458007812,0.310028076171875,True,True
expanded13,5Z8H_A_MET730__016__2,5Z8H_A_MET730,16,2,0.99420553,B,0,0.99420553,True,B,0.99420553,1.1596835851669312,0.08928298950195312,-65.5126;-62.7193;-77.9986,g-/g-/m-,5.5126;2.7193;12.0014,45.0000;45.0000;60.0000,True,True,3.228178081795288,A:ALA731:N,1.228178081795288,True,6.326014824930418,"sym0[0,-1,-1]/A:GOL802:O1",4.326014824930418,True,True,True,105.06509399414062,104.77444458007812,0.2906494140625,True,True
expanded13,5Z8H_A_MET730__017__0,5Z8H_A_MET730,17,0,0.25465,A,0,0.25465,True,A,0.25465,0.323546826839447,1.33631432056427,-65.0854;-66.8004;-173.9620,g-/g-/t,5.0854;6.8004;6.0380,45.0000;45.0000;60.0000,True,True,3.0553611516773493,A:VAL704:CG1,1.0553611516773493,True,6.681747414770737,"sym0[0,-1,-1]/A:GOL802:C1",4.681747414770737,True,True,True,110.89057922363281,107.81575775146484,3.0748214721679688,False,False
expanded13,5Z8H_A_MET730__017__1,5Z8H_A_MET730,17,1,0.73775464,B,1,0.73775464,True,B,0.73775464,1.1607697010040283,0.08705516159534454,-66.5751;-61.7396;-80.1889,g-/g-/m-,6.5751;1.7396;9.8111,45.0000;45.0000;60.0000,True,True,3.228178081795288,A:ALA731:N,1.228178081795288,True,6.32754922491242,"sym0[0,-1,-1]/A:GOL802:O1",4.32754922491242,True,True,True,105.03678894042969,104.77444458007812,0.2623443603515625,True,True
expanded13,5Z8H_A_MET730__018__1,5Z8H_A_MET730,18,1,0.99350667,B,0,0.99350667,True,B,0.99350667,1.158318042755127,0.09089405089616776,-65.5951;-62.6761;-78.2782,g-/g-/m-,5.5951;2.6761;11.7218,45.0000;45.0000;60.0000,True,True,3.228178081795288,A:ALA731:N,1.228178081795288,True,6.3295382785245655,"sym0[0,-1,-1]/A:GOL802:O1",4.3295382785245655,True,True,True,105.06549072265625,104.77444458007812,0.291046142578125,True,True
expanded13,5Z8H_A_MET730__019__0,5Z8H_A_MET730,19,0,0.7344138,B,0,0.7344138,True,B,0.7344138,1.155155897140503,0.09296982735395432,-66.4623;-61.8554;-80.3858,g-/g-/m-,6.4623;1.8554;9.6142,45.0000;45.0000;60.0000,True,True,3.228178081795288,A:ALA731:N,1.228178081795288,True,6.339748729687144,"sym0[0,-1,-1]/A:GOL802:O1",4.339748729687144,True,True,True,105.06126403808594,104.77444458007812,0.2868194580078125,True,True
expanded13,5Z8H_A_MET730__019__1,5Z8H_A_MET730,19,1,0.25885725,A,1,0.25885725,True,A,0.25885725,0.326875239610672,1.3419438600540161,-64.9007;-66.8341;-174.0494,g-/g-/t,4.9007;6.8341;5.9506,45.0000;45.0000;60.0000,True,True,3.0498057983574527,A:VAL704:CG1,1.0498057983574527,True,6.681747414770737,"sym0[0,-1,-1]/A:GOL802:C1",4.681747414770737,True,True,True,111.36418151855469,107.81575775146484,3.5484237670898438,False,False
expanded13,5Z8H_A_MET730__020__1,5Z8H_A_MET730,20,1,0.73866576,B,0,0.73866576,True,B,0.73866576,1.1605511903762817,0.08672570437192917,-66.5461;-61.7408;-80.1461,g-/g-/m-,6.5461;1.7408;9.8539,45.0000;45.0000;60.0000,True,True,3.228178081795288,A:ALA731:N,1.228178081795288,True,6.327773573755244,"sym0[0,-1,-1]/A:GOL802:O1",4.327773573755244,True,True,True,105.03688049316406,104.77444458007812,0.2624359130859375,True,True
expanded13,5Z8H_A_MET730__020__3,5Z8H_A_MET730,20,3,0.25785777,A,1,0.25785777,True,A,0.25785777,0.32345089316368103,1.3382290601730347,-64.9913;-66.8450;-173.9116,g-/g-/t,4.9913;6.8450;6.0884,45.0000;45.0000;60.0000,True,True,3.055368515218204,A:VAL704:CG1,1.0553685152182042,True,6.681747414770737,"sym0[0,-1,-1]/A:GOL802:C1",4.681747414770737,True,True,True,111.10606384277344,107.81575775146484,3.2903060913085938,False,False
expanded13,5Z8H_A_MET730__021__1,5Z8H_A_MET730,21,1,0.69835097,B,0,0.69835097,True,B,0.69835097,1.1415469646453857,0.10326776653528214,-66.3484;-61.6977;-81.2397,g-/g-/m-,6.3484;1.6977;8.7603,45.0000;45.0000;60.0000,True,True,3.228178081795288,A:ALA731:N,1.228178081795288,True,6.368381887689873,"sym0[0,-1,-1]/A:GOL802:O1",4.368381887689873,True,True,True,105.12043762207031,104.77444458007812,0.3459930419921875,True,True
expanded13,5Z8H_A_MET730__021__2,5Z8H_A_MET730,21,2,0.25074995,A,1,0.25074995,True,A,0.25074995,0.3505127727985382,1.3588639497756958,-64.4914;-65.8135;-174.2076,g-/g-/t,4.4914;5.8135;5.7924,45.0000;45.0000;60.0000,True,True,3.0193375405651,A:VAL704:CG1,1.0193375405651,True,6.681747414770737,"sym0[0,-1,-1]/A:GOL802:C1",4.681747414770737,True,True,True,112.93235778808594,107.81575775146484,5.116600036621094,False,False
expanded13,5Z8H_A_MET730__022__0,5Z8H_A_MET730,22,0,0.93572074,B,0,0.93572074,True,B,0.93572074,1.128526210784912,0.12989437580108643,-65.3182;-63.3070;-80.0145,g-/g-/m-,5.3182;3.3070;9.9855,45.0000;45.0000;60.0000,True,True,3.228178081795288,A:ALA731:N,1.228178081795288,True,6.398362332297162,"sym0[0,-1,-1]/A:GOL802:O1",4.398362332297162,True,True,True,105.2177734375,104.77444458007812,0.443328857421875,False,False
expanded13,5Z8H_A_MET730__023__0,5Z8H_A_MET730,23,0,0.88687843,B,0,0.88687843,True,B,0.88687843,1.1545615196228027,0.11050207912921906,-66.0772;-63.0649;-79.5179,g-/g-/m-,6.0772;3.0649;10.4821,45.0000;45.0000;60.0000,True,True,3.228178081795288,A:ALA731:N,1.228178081795288,True,6.345061667430923,"sym0[0,-1,-1]/A:GOL802:O1",4.345061667430923,True,True,True,105.1006851196289,104.77444458007812,0.32624053955078125,True,True
expanded13,5Z8H_A_MET730__023__2,5Z8H_A_MET730,23,2,0.096469499,other,1,0.096469499,True,other,0.096469499,1.608940601348877,1.797354817390442,-61.7436;-62.6449;89.7474,g-/g-/m+,1.7436;2.6449;0.2526,45.0000;45.0000;60.0000,True,True,3.002530993614007,A:VAL704:CG2,1.0025309936140072,True,6.681747414770737,"sym0[0,-1,-1]/A:GOL802:C1",4.681747414770737,True,True,True,58.17439270019531,nan,nan,False,False
expanded13,5Z8H_A_MET730__024__0,5Z8H_A_MET730,24,0,0.23893827,A,0,0.23893827,True,A,0.23893827,0.32852277159690857,1.3310476541519165,-65.4556;-66.5313;-174.3647,g-/g-/t,5.4556;6.5313;5.6353,45.0000;45.0000;60.0000,True,True,3.0488112976371413,A:VAL704:CG1,1.0488112976371413,True,6.681747414770737,"sym0[0,-1,-1]/A:GOL802:C1",4.681747414770737,True,True,True,110.06185913085938,107.81575775146484,2.2461013793945312,False,False
expanded13,5Z8H_A_MET730__024__2,5Z8H_A_MET730,24,2,0.70479286,B,1,0.70479286,True,B,0.70479286,1.1670691967010498,0.09321200102567673,-67.0534;-61.8220;-80.6698,g-/g-/m-,7.0534;1.8220;9.3302,45.0000;45.0000;60.0000,True,True,3.228178081795288,A:ALA731:N,1.228178081795288,True,6.318624635950789,"sym0[0,-1,-1]/A:GOL802:O1",4.318624635950789,True,True,True,105.03507995605469,104.77444458007812,0.2606353759765625,True,True
expanded13,5Z8H_A_MET730__025__2,5Z8H_A_MET730,25,2,0.98378342,B,0,0.98378342,True,B,0.98378342,1.1587247848510742,0.08845594525337219,-65.5308;-62.6113;-78.1233,g-/g-/m-,5.5308;2.6113;11.8767,45.0000;45.0000;60.0000,True,True,3.228178081795288,A:ALA731:N,1.228178081795288,True,6.3277106930793465,"sym0[0,-1,-1]/A:GOL802:O1",4.3277106930793465,True,True,True,105.06224060058594,104.77444458007812,0.2877960205078125,True,True
expanded13,5Z8H_A_MET730__026__3,5Z8H_A_MET730,26,3,1.0,B,0,1.0,True,B,1.0,1.225225806236267,0.9258955121040344,-130.8336;65.6146;179.5060,t/g+/t,49.1664;5.6146;0.4940,45.0000;45.0000;60.0000,False,False,3.228178081795288,A:ALA731:N,1.228178081795288,True,6.262276414897058,"sym0[0,-1,-1]/A:GOL802:C1",4.262276414897058,True,True,False,111.86282348632812,104.77444458007812,7.08837890625,False,False
expanded13,5Z8H_A_MET730__027__1,5Z8H_A_MET730,27,1,0.8421647,B,0,0.8421647,True,B,0.8421647,1.245285987854004,0.9230186343193054,-131.8324;65.9628;178.8799,t/g+/t,48.1676;5.9628;1.1201,45.0000;45.0000;60.0000,False,False,3.228178081795288,A:ALA731:N,1.228178081795288,True,6.244627715741492,"sym0[0,-1,-1]/A:GOL802:C1",4.244627715741492,True,True,False,111.65593719482422,104.77444458007812,6.881492614746094,False,False
expanded13,5Z8H_A_MET730__027__2,5Z8H_A_MET730,27,2,0.15407488,other,1,0.15407488,True,other,0.15407488,2.053414821624756,2.1736032962799072,-81.2985;48.8184;-85.7323,g-/g+/m-,21.2985;11.1816;4.2677,45.0000;45.0000;60.0000,True,True,2.9841311226344978,A:LEU726:O,0.9841311226344978,True,6.681747414770737,"sym0[0,-1,-1]/A:GOL802:C1",4.681747414770737,True,True,True,74.04720306396484,nan,nan,False,False
expanded13,5Z8H_A_MET730__028__1,5Z8H_A_MET730,28,1,0.94061196,B,0,0.94061196,True,B,0.94061196,1.158786654472351,0.08244606107473373,-65.9768;-61.9472;-79.1013,g-/g-/m-,5.9768;1.9472;10.8987,45.0000;45.0000;60.0000,True,True,3.228178081795288,A:ALA731:N,1.228178081795288,True,6.327761132009921,"sym0[0,-1,-1]/A:GOL802:O1",4.327761132009921,True,True,True,105.03923797607422,104.77444458007812,0.26479339599609375,True,True
expanded13,5Z8H_A_MET730__029__0,5Z8H_A_MET730,29,0,0.81123352,A,0,0.81123352,True,A,0.81123352,0.2450552135705948,1.2286030054092407,-65.8219;-63.1774;-163.6472,g-/g-/t,5.8219;3.1774;16.3528,45.0000;45.0000;60.0000,True,True,3.228178081795288,A:ALA731:N,1.228178081795288,True,6.681747414770737,"sym0[0,-1,-1]/A:GOL802:C1",4.681747414770737,True,True,True,108.10520935058594,107.81575775146484,0.28945159912109375,True,True
expanded13,5Z8H_A_MET730__029__1,5Z8H_A_MET730,29,1,0.12519599,other,1,0.12519599,True,other,0.12519599,2.0013067722320557,1.5640727281570435,-155.3162;83.2548;-72.3247,t/g+/m-,24.6838;23.2548;17.6753,45.0000;45.0000;60.0000,True,True,2.9975212301803964,S:HOH29:O,0.9975212301803964,True,5.7215023421837286,"sym0[0,-1,-1]/A:GOL802:C1",3.7215023421837286,True,True,True,72.77037811279297,nan,nan,False,False
expanded13,5Z8H_A_MET730__029__3,5Z8H_A_MET730,29,3,0.058121774,other,2,0.058121774,True,other,0.058121774,2.264756202697754,1.468045949935913,-164.1019;71.8531;177.7021,t/g+/t,15.8981;11.8531;2.2979,45.0000;45.0000;60.0000,True,True,2.9773517694772242,S:HOH29:O,0.9773517694772242,True,5.072020008219725,"sym0[0,-1,-1]/A:GOL802:O1",3.0720200082197247,True,True,True,58.70570755004883,nan,nan,False,False
expanded13,5Z8H_A_MET730__030__1,5Z8H_A_MET730,30,1,0.095870301,other,0,0.095870301,True,other,0.095870301,2.2799978256225586,1.4804387092590332,-164.6281;73.3934;178.8286,t/g+/t,15.3719;13.3934;1.1714,45.0000;45.0000;60.0000,True,True,2.998983360278589,S:HOH29:O,0.9989833602785891,True,5.042191773199756,"sym0[0,-1,-1]/A:GOL802:O1",3.0421917731997556,True,True,True,58.83671188354492,nan,nan,False,False
expanded13,5Z8H_A_MET730__030__2,5Z8H_A_MET730,30,2,0.86715889,other,1,0.86715889,True,other,0.86715889,1.5244277715682983,1.6019470691680908,-64.6867;-70.0100;87.9254,g-/g-/m+,4.6867;10.0100;2.0746,45.0000;45.0000;60.0000,True,True,3.0227126536915945,A:TRP699:CZ2,1.0227126536915945,True,6.681747414770737,"sym0[0,-1,-1]/A:GOL802:C1",4.681747414770737,True,True,True,61.822967529296875,nan,nan,False,False
expanded13,5Z8H_A_MET730__031__0,5Z8H_A_MET730,31,0,0.054617476,other,0,0.118624289,False,other,0.0,2.2658426761627197,1.4652173519134521,-163.9117;72.0787;178.8446,t/g+/t,16.0883;12.0787;1.1554,45.0000;45.0000;60.0000,True,True,2.9904834295148452,S:HOH29:O,0.9904834295148452,True,5.055415171069215,"sym0[0,-1,-1]/A:GOL802:O1",3.055415171069215,True,True,True,58.717315673828125,nan,nan,False,False
expanded13,5Z8H_A_MET730__031__2,5Z8H_A_MET730,31,2,0.064006813,other,0,0.118624289,True,other,0.118624289,2.112330675125122,1.3826874494552612,-161.9451;68.4235;166.2311,t/g+/t,18.0549;8.4235;13.7689,45.0000;45.0000;60.0000,True,True,2.967224519359071,S:HOH29:O,0.9672245193590712,True,5.455000407964509,"sym0[0,-1,-1]/A:GOL802:O1",3.4550004079645094,True,True,True,58.7906494140625,nan,nan,False,False
expanded13,5Z8H_A_MET730__031__3,5Z8H_A_MET730,31,3,0.87963855,other,1,0.87963855,True,other,0.87963855,1.5226633548736572,1.5922585725784302,-64.6704;-70.4909;87.5167,g-/g-/m+,4.6704;10.4909;2.4833,45.0000;45.0000;60.0000,True,True,3.0190467738785602,A:TRP699:CZ2,1.0190467738785602,True,6.681747414770737,"sym0[0,-1,-1]/A:GOL802:C1",4.681747414770737,True,True,True,62.422332763671875,nan,nan,False,False
expanded13,5Z8H_A_MET730__032__2,5Z8H_A_MET730,32,2,0.97259563,B,0,0.97259563,True,B,0.97259563,1.1599618196487427,0.08835067600011826,-65.5903;-62.6333;-78.1426,g-/g-/m-,5.5903;2.6333;11.8574,45.0000;45.0000;60.0000,True,True,3.228178081795288,A:ALA731:N,1.228178081795288,True,6.325555083806677,"sym0[0,-1,-1]/A:GOL802:O1",4.325555083806677,True,True,True,105.05686950683594,104.77444458007812,0.2824249267578125,True,True
expanded13,5Z8H_A_MET730__033__0,5Z8H_A_MET730,33,0,0.053664789,other,0,0.155267319,False,other,0.0,2.0558645725250244,2.1788487434387207,-82.3620;50.4451;-84.6554,g-/g+/m-,22.3620;9.5549;5.3446,45.0000;45.0000;60.0000,True,True,2.9970488644608477,A:VAL704:CG2,0.9970488644608477,True,6.681747414770737,"sym0[0,-1,-1]/A:GOL802:C1",4.681747414770737,True,True,True,74.6069564819336,nan,nan,False,False
expanded13,5Z8H_A_MET730__033__1,5Z8H_A_MET730,33,1,0.84422898,B,1,0.84422898,True,B,0.84422898,1.2465733289718628,0.9228742122650146,-131.8742;65.9462;178.8737,t/g+/t,48.1258;5.9462;1.1263,45.0000;45.0000;60.0000,False,False,3.228178081795288,A:ALA731:N,1.228178081795288,True,6.243893396323756,"sym0[0,-1,-1]/A:GOL802:C1",4.243893396323756,True,True,False,111.64321899414062,104.77444458007812,6.8687744140625,False,False
expanded13,5Z8H_A_MET730__033__2,5Z8H_A_MET730,33,2,0.10160253,other,0,0.155267319,True,other,0.155267319,2.049713611602783,2.1697258949279785,-81.2571;48.6417;-86.0830,g-/g+/m-,21.2571;11.3583;3.9170,45.0000;45.0000;60.0000,True,True,2.9858204429040796,A:LEU726:O,0.9858204429040796,True,6.681747414770737,"sym0[0,-1,-1]/A:GOL802:C1",4.681747414770737,True,True,True,73.71752166748047,nan,nan,False,False
expanded13,5Z8H_A_MET730__034__0,5Z8H_A_MET730,34,0,0.88290524,B,0,0.88290524,True,B,0.88290524,1.1584899425506592,0.07797468453645706,-65.6930;-61.8640;-78.5635,g-/g-/m-,5.6930;1.8640;11.4365,45.0000;45.0000;60.0000,True,True,3.228178081795288,A:ALA731:N,1.228178081795288,True,6.325731802529848,"sym0[0,-1,-1]/A:GOL802:O1",4.325731802529848,True,True,True,105.03616333007812,104.77444458007812,0.26171875,True,True
expanded13,5Z8H_A_MET730__034__3,5Z8H_A_MET730,34,3,0.091456868,other,1,0.091456868,True,other,0.091456868,1.1506487131118774,1.5942462682724,-146.2290;73.0050;49.9288,t/g+/m+,33.7710;13.0050;40.0712,45.0000;45.0000;60.0000,True,True,3.228178081795288,A:ALA731:N,1.228178081795288,True,6.018794241283031,"sym0[0,-1,-1]/A:GOL802:C1",4.018794241283031,True,True,True,63.12671661376953,nan,nan,False,False
expanded13,5Z8H_A_MET730__035__3,5Z8H_A_MET730,35,3,0.97824097,B,0,0.97824097,True,B,0.97824097,1.155182957649231,0.09386222809553146,-65.4743;-62.7448;-78.2759,g-/g-/m-,5.4743;2.7448;11.7241,45.0000;45.0000;60.0000,True,True,3.228178081795288,A:ALA731:N,1.228178081795288,True,6.335961927408203,"sym0[0,-1,-1]/A:GOL802:O1",4.335961927408203,True,True,True,105.08041381835938,104.77444458007812,0.30596923828125,True,True
expanded13,5Z8H_A_MET730__036__0,5Z8H_A_MET730,36,0,0.75432229,B,0,0.75432229,True,B,0.75432229,1.1675524711608887,0.09648898243904114,-66.7737;-62.3149;-79.9982,g-/g-/m-,6.7737;2.3149;10.0018,45.0000;45.0000;60.0000,True,True,3.228178081795288,A:ALA731:N,1.228178081795288,True,6.317752891287074,"sym0[0,-1,-1]/A:GOL802:O1",4.317752891287074,True,True,True,105.03507995605469,104.77444458007812,0.2606353759765625,True,True
expanded13,5Z8H_A_MET730__036__1,5Z8H_A_MET730,36,1,0.057746559,merged_duplicate,1,0.243436749,False,A,0.0,0.37735751271247864,1.3756099939346313,-63.9655;-64.0596;-173.5477,g-/g-/t,3.9655;4.0596;6.4523,45.0000;45.0000;60.0000,True,True,2.994133486240666,A:VAL704:CG1,0.9941334862406661,True,6.681747414770737,"sym0[0,-1,-1]/A:GOL802:C1",4.681747414770737,True,True,True,61.79788589477539,nan,nan,False,False
expanded13,5Z8H_A_MET730__036__2,5Z8H_A_MET730,36,2,0.18569019,A,1,0.243436749,True,A,0.243436749,0.33620384335517883,1.340494990348816,-65.1225;-66.1842;-174.2556,g-/g-/t,5.1225;6.1842;5.7444,45.0000;45.0000;60.0000,True,True,3.0379455945844573,A:VAL704:CG1,1.0379455945844573,True,6.681747414770737,"sym0[0,-1,-1]/A:GOL802:C1",4.681747414770737,True,True,True,111.05724334716797,107.81575775146484,3.241485595703125,False,False
expanded13,5Z8H_A_MET730__037__0,5Z8H_A_MET730,37,0,1.0,B,0,1.0,True,B,1.0,1.2252203226089478,0.9258964657783508,-130.8335;65.6150;179.5060,t/g+/t,49.1665;5.6150;0.4940,45.0000;45.0000;60.0000,False,False,3.228178081795288,A:ALA731:N,1.228178081795288,True,6.262278195589165,"sym0[0,-1,-1]/A:GOL802:C1",4.262278195589165,True,True,False,111.86282348632812,104.77444458007812,7.08837890625,False,False
expanded13,5Z8H_A_MET730__038__0,5Z8H_A_MET730,38,0,0.7359643,B,0,0.7359643,True,B,0.7359643,1.1579275131225586,0.090476855635643,-66.5479;-61.7899;-80.3506,g-/g-/m-,6.5479;1.7899;9.6494,45.0000;45.0000;60.0000,True,True,3.228178081795288,A:ALA731:N,1.228178081795288,True,6.333959079438176,"sym0[0,-1,-1]/A:GOL802:O1",4.333959079438176,True,True,True,105.05123901367188,104.77444458007812,0.27679443359375,True,True
expanded13,5Z8H_A_MET730__038__2,5Z8H_A_MET730,38,2,0.26000756,A,1,0.26000756,True,A,0.26000756,0.3274669945240021,1.3440680503845215,-64.8159;-66.8802;-174.0513,g-/g-/t,4.8159;6.8802;5.9487,45.0000;45.0000;60.0000,True,True,3.048772518386879,A:VAL704:CG1,1.0487725183868788,True,6.681747414770737,"sym0[0,-1,-1]/A:GOL802:C1",4.681747414770737,True,True,True,111.57133483886719,107.81575775146484,3.7555770874023438,False,False
expanded13,5Z8H_A_MET730__039__0,5Z8H_A_MET730,39,0,0.89094025,B,0,0.89094025,True,B,0.89094025,1.1610268354415894,0.10584259778261185,-66.1219;-63.0946;-79.0947,g-/g-/m-,6.1219;3.0946;10.9053,45.0000;45.0000;60.0000,True,True,3.228178081795288,A:ALA731:N,1.228178081795288,True,6.331091274541575,"sym0[0,-1,-1]/A:GOL802:O1",4.331091274541575,True,True,True,105.07281494140625,104.77444458007812,0.298370361328125,True,True
expanded13,5Z8H_A_MET730__039__3,5Z8H_A_MET730,39,3,0.099357374,other,1,0.099357374,True,other,0.099357374,1.608115315437317,1.7983211278915405,-61.6625;-62.6974;89.8442,g-/g-/m+,1.6625;2.6974;0.1558,45.0000;45.0000;60.0000,True,True,3.0001628572338133,A:VAL704:CG2,1.0001628572338133,True,6.681747414770737,"sym0[0,-1,-1]/A:GOL802:C1",4.681747414770737,True,True,True,58.134674072265625,nan,nan,False,False
expanded13,5Z8H_A_MET730__040__1,5Z8H_A_MET730,40,1,0.73772269,B,0,0.73772269,True,B,0.73772269,1.1605781316757202,0.08670217543840408,-66.5443;-61.7432;-80.1398,g-/g-/m-,6.5443;1.7432;9.8602,45.0000;45.0000;60.0000,True,True,3.228178081795288,A:ALA731:N,1.228178081795288,True,6.327707556304935,"sym0[0,-1,-1]/A:GOL802:O1",4.327707556304935,True,True,True,105.03517150878906,104.77444458007812,0.2607269287109375,True,True
expanded13,5Z8H_A_MET730__040__2,5Z8H_A_MET730,40,2,0.2571806,A,1,0.2571806,True,A,0.2571806,0.3234269320964813,1.3381538391113281,-64.9942;-66.8437;-173.9115,g-/g-/t,4.9942;6.8437;6.0885,45.0000;45.0000;60.0000,True,True,3.055407893709848,A:VAL704:CG1,1.055407893709848,True,6.681747414770737,"sym0[0,-1,-1]/A:GOL802:C1",4.681747414770737,True,True,True,111.10604858398438,107.81575775146484,3.2902908325195312,False,False
expanded13,5Z8H_A_MET730__041__2,5Z8H_A_MET730,41,2,0.99418455,B,0,0.99418455,True,B,0.99418455,1.156556487083435,0.09232158213853836,-65.5476;-62.6888;-78.3209,g-/g-/m-,5.5476;2.6888;11.6791,45.0000;45.0000;60.0000,True,True,3.228178081795288,A:ALA731:N,1.228178081795288,True,6.33317003975616,"sym0[0,-1,-1]/A:GOL802:O1",4.33317003975616,True,True,True,105.07273864746094,104.77444458007812,0.2982940673828125,True,True
expanded13,5Z8H_A_MET730__042__0,5Z8H_A_MET730,42,0,0.6866684,B,0,0.6866684,True,B,0.6866684,1.1680853366851807,0.08363934606313705,-67.2440;-61.1414;-81.0664,g-/g-/m-,7.2440;1.1414;8.9336,45.0000;45.0000;60.0000,True,True,3.228178081795288,A:ALA731:N,1.228178081795288,True,6.314365202994726,"sym0[0,-1,-1]/A:GOL802:O1",4.314365202994726,True,True,True,105.02163696289062,104.77444458007812,0.2471923828125,True,True
expanded13,5Z8H_A_MET730__042__2,5Z8H_A_MET730,42,2,0.23238438,A,1,0.23238438,True,A,0.23238438,0.3567642569541931,1.3586312532424927,-64.5398;-65.1412;-173.9927,g-/g-/t,4.5398;5.1412;6.0073,45.0000;45.0000;60.0000,True,True,3.0136784305132505,A:VAL704:CG1,1.0136784305132505,True,6.681747414770737,"sym0[0,-1,-1]/A:GOL802:C1",4.681747414770737,True,True,True,113.11965942382812,107.81575775146484,5.303901672363281,False,False
expanded13,5Z8H_A_MET730__043__0,5Z8H_A_MET730,43,0,0.98885787,B,0,0.98885787,True,B,0.98885787,1.1593799591064453,0.08949610590934753,-65.5658;-62.6790;-78.1343,g-/g-/m-,5.5658;2.6790;11.8657,45.0000;45.0000;60.0000,True,True,3.228178081795288,A:ALA731:N,1.228178081795288,True,6.326917473951448,"sym0[0,-1,-1]/A:GOL802:O1",4.326917473951448,True,True,True,105.06278991699219,104.77444458007812,0.2883453369140625,True,True
expanded13,5Z8H_A_MET730__044__1,5Z8H_A_MET730,44,1,0.25751415,A,0,0.25751415,True,A,0.25751415,0.32339856028556824,1.3383328914642334,-64.9856;-66.8534;-173.9104,g-/g-/t,4.9856;6.8534;6.0896,45.0000;45.0000;60.0000,True,True,3.0554113996292216,A:VAL704:CG1,1.0554113996292216,True,6.681747414770737,"sym0[0,-1,-1]/A:GOL802:C1",4.681747414770737,True,True,True,111.14216613769531,107.81575775146484,3.3264083862304688,False,False
expanded13,5Z8H_A_MET730__044__3,5Z8H_A_MET730,44,3,0.73911887,B,1,0.73911887,True,B,0.73911887,1.1606132984161377,0.08667680621147156,-66.5458;-61.7424;-80.1402,g-/g-/m-,6.5458;1.7424;9.8598,45.0000;45.0000;60.0000,True,True,3.228178081795288,A:ALA731:N,1.228178081795288,True,6.327637613164639,"sym0[0,-1,-1]/A:GOL802:O1",4.327637613164639,True,True,True,105.03517150878906,104.77444458007812,0.2607269287109375,True,True
expanded13,5Z8H_A_MET730__045__1,5Z8H_A_MET730,45,1,0.089284107,other,0,0.089284107,True,other,0.089284107,2.2597403526306152,1.4713164567947388,-164.5652;73.5259;176.6998,t/g+/t,15.4348;13.5259;3.3002,45.0000;45.0000;60.0000,True,True,3.004835797338481,S:HOH29:O,1.004835797338481,True,5.1061902025600405,"sym0[0,-1,-1]/A:GOL802:O1",3.1061902025600405,True,True,True,58.88478088378906,nan,nan,False,False
expanded13,5Z8H_A_MET730__045__2,5Z8H_A_MET730,45,2,0.33330172,other,1,0.33330172,True,other,0.33330172,1.5822902917861938,1.7214170694351196,-64.4762;-63.8279;89.3380,g-/g-/m+,4.4762;3.8279;0.6620,45.0000;45.0000;60.0000,True,True,3.0333139292701237,A:TRP699:CZ2,1.0333139292701237,True,6.681747414770737,"sym0[0,-1,-1]/A:GOL802:C1",4.681747414770737,True,True,True,58.93266296386719,nan,nan,False,False
expanded13,5Z8H_A_MET730__045__3,5Z8H_A_MET730,45,3,0.53154451,A,2,0.53154451,True,A,0.53154451,0.24675333499908447,1.2497990131378174,-66.5602;-66.3767;-168.6560,g-/g-/t,6.5602;6.3767;11.3440,45.0000;45.0000;60.0000,True,True,3.2200304606230032,A:VAL704:CG1,1.2200304606230032,True,6.681747414770737,"sym0[0,-1,-1]/A:GOL802:C1",4.681747414770737,True,True,True,107.67727661132812,107.81575775146484,-0.13848114013671875,True,True
expanded13,5Z8H_A_MET730__046__0,5Z8H_A_MET730,46,0,0.2600216,A,0,0.2600216,True,A,0.2600216,0.3243710696697235,1.341627597808838,-64.8239;-66.8029;-173.7672,g-/g-/t,4.8239;6.8029;6.2328,45.0000;45.0000;60.0000,True,True,3.0545771448616503,A:VAL704:CG1,1.0545771448616503,True,6.681747414770737,"sym0[0,-1,-1]/A:GOL802:C1",4.681747414770737,True,True,True,111.55755615234375,107.81575775146484,3.7417984008789062,False,False
expanded13,5Z8H_A_MET730__046__3,5Z8H_A_MET730,46,3,0.73130512,B,1,0.73130512,True,B,0.73130512,1.1582392454147339,0.08855624496936798,-66.5518;-61.6991;-80.3453,g-/g-/m-,6.5518;1.6991;9.6547,45.0000;45.0000;60.0000,True,True,3.228178081795288,A:ALA731:N,1.228178081795288,True,6.332789441768088,"sym0[0,-1,-1]/A:GOL802:O1",4.332789441768088,True,True,True,105.04461669921875,104.77444458007812,0.270172119140625,True,True
expanded13,5Z8H_A_MET730__047__2,5Z8H_A_MET730,47,2,0.96745694,B,0,0.96745694,True,B,0.96745694,1.1588252782821655,0.0716877207159996,-65.0817;-61.5081;-77.3760,g-/g-/m-,5.0817;1.5081;12.6240,45.0000;45.0000;60.0000,True,True,3.228178081795288,A:ALA731:N,1.228178081795288,True,6.319485916135252,"sym0[0,-1,-1]/A:GOL802:O1",4.319485916135252,True,True,True,105.04071807861328,104.77444458007812,0.26627349853515625,True,True
expanded13,5Z8H_A_MET730__048__0,5Z8H_A_MET730,48,0,0.075459652,other,0,0.129966408,True,other,0.129966408,1.6256322860717773,1.8129174709320068,-61.4294;-62.0164;88.9420,g-/g-/m+,1.4294;2.0164;1.0580,45.0000;45.0000;60.0000,True,True,2.9984189711790927,A:VAL704:CG2,0.9984189711790927,True,6.681747414770737,"sym0[0,-1,-1]/A:GOL802:C1",4.681747414770737,True,True,True,58.62193298339844,nan,nan,False,False
expanded13,5Z8H_A_MET730__048__1,5Z8H_A_MET730,48,1,0.86639476,B,1,0.86639476,True,B,0.86639476,1.1641526222229004,0.09805464744567871,-66.1683;-62.8378;-78.9654,g-/g-/m-,6.1683;2.8378;11.0346,45.0000;45.0000;60.0000,True,True,3.228178081795288,A:ALA731:N,1.228178081795288,True,6.322710313629942,"sym0[0,-1,-1]/A:GOL802:O1",4.322710313629942,True,True,True,105.0482177734375,104.77444458007812,0.273773193359375,True,True
expanded13,5Z8H_A_MET730__048__3,5Z8H_A_MET730,48,3,0.054506756,other,0,0.129966408,False,other,0.0,1.4180917739868164,1.5566296577453613,-64.5090;-73.9706;95.1722,g-/g-/m+,4.5090;13.9706;5.1722,45.0000;45.0000;60.0000,True,True,3.203423123875835,A:TRP699:CH2,1.2034231238758348,True,6.681747414770737,"sym0[0,-1,-1]/A:GOL802:C1",4.681747414770737,True,True,True,58.1803092956543,nan,nan,False,False
expanded13,5Z8H_A_MET730__049__0,5Z8H_A_MET730,49,0,0.093821377,other,0,0.093821377,True,other,0.093821377,1.6226142644882202,1.7926071882247925,-61.9770;-62.3909;88.1596,g-/g-/m+,1.9770;2.3909;1.8404,45.0000;45.0000;60.0000,True,True,3.029231391375763,A:VAL704:CG2,1.0292313913757631,True,6.681747414770737,"sym0[0,-1,-1]/A:GOL802:C1",4.681747414770737,True,True,True,59.231163024902344,nan,nan,False,False
expanded13,5Z8H_A_MET730__049__1,5Z8H_A_MET730,49,1,0.89315271,B,1,0.89315271,True,B,0.89315271,1.169586420059204,0.10096237063407898,-65.9486;-63.3666;-78.0312,g-/g-/m-,5.9486;3.3666;11.9688,45.0000;45.0000;60.0000,True,True,3.228178081795288,A:ALA731:N,1.228178081795288,True,6.311876277865433,"sym0[0,-1,-1]/A:GOL802:O1",4.311876277865433,True,True,True,105.05075073242188,104.77444458007812,0.27630615234375,True,True
water2,7UO8_A_GLN53__000__1,7UO8_A_GLN53,0,1,0.70197469,other,0,0.70197469,True,other,0.70197469,4.740014553070068,1.4178228378295898,175.8582;71.5621;-160.6633,t/g+/t,4.1418;11.5621;19.3367,45.0000;45.0000;90.0000,True,True,3.501224378337586,A:PHE54:N,1.5012243783375858,True,4.261414866958602,"sym5[1,1,0]/A:GLU57:O",2.261414866958602,True,True,True,54.19884490966797,nan,nan,False,False
water2,7UO8_A_GLN53__000__3,7UO8_A_GLN53,0,3,0.28286377,A,1,0.28286377,True,A,0.28286377,0.7376319766044617,4.569044589996338,47.4007;-84.2488;-7.6164,g+/g-/p0,12.5993;24.2488;7.6164,45.0000;45.0000;90.0000,True,True,2.94085466055278,A:TRP72:O,0.9408546605527799,True,2.495214938113451,"sym4[0,0,0]/S:HOH58:O",1.195214985797167,True,True,True,113.50186157226562,154.7640380859375,-41.262176513671875,True,True
water2,7UO8_A_GLN53__001__1,7UO8_A_GLN53,1,1,0.69659829,B,0,0.69659829,True,B,0.69659829,4.667263984680176,0.016761353239417076,177.1545;70.9176;19.7215,t/g+/p0,2.8455;10.9176;19.7215,45.0000;45.0000;90.0000,True,True,3.501224378337586,A:PHE54:N,1.5012243783375858,True,2.676046687928811,"sym5[1,1,0]/S:HOH51:O",0.9960467403808986,True,True,True,157.61691284179688,157.52487182617188,0.092041015625,True,True
water2,7UO8_A_GLN53__001__2,7UO8_A_GLN53,1,2,0.26626047,other,1,0.26626047,True,other,0.26626047,1.524949312210083,4.610830783843994,49.5518;-84.3886;169.3482,g+/g-/t,10.4482;24.3886;10.6518,45.0000;45.0000;90.0000,True,True,2.9564090660862554,A:PHE51:CB,0.9564090660862554,True,2.5288570127223116,"sym4[0,0,0]/S:HOH58:O",1.2288570604060274,True,True,True,64.03374481201172,nan,nan,False,False
water2,7UO8_A_GLN53__002__1,7UO8_A_GLN53,2,1,0.70298702,B,0,0.70298702,True,B,0.70298702,4.667262077331543,0.016727514564990997,177.1531;70.9176;19.7233,t/g+/p0,2.8469;10.9176;19.7233,45.0000;45.0000;90.0000,True,True,3.501224378337586,A:PHE54:N,1.5012243783375858,True,2.6760619543849957,"sym5[1,1,0]/S:HOH51:O",0.9960620068370831,True,True,True,157.61691284179688,157.52487182617188,0.092041015625,True,True
water2,7UO8_A_GLN53__002__3,7UO8_A_GLN53,2,3,0.29069537,A,1,0.29069537,True,A,0.29069537,0.7380484938621521,4.569046497344971,47.3808;-84.2358;-7.6347,g+/g-/p0,12.6192;24.2358;7.6347,45.0000;45.0000;90.0000,True,True,2.941958091271055,A:TRP72:O,0.9419580912710548,True,2.4951775307032795,"sym4[0,0,0]/S:HOH58:O",1.1951775783869953,True,True,True,113.4679183959961,154.7640380859375,-41.296119689941406,True,True
water2,7UO8_A_GLN53__003__0,7UO8_A_GLN53,3,0,0.068056196,other,0,0.068056196,True,other,0.068056196,0.7507982850074768,4.566678047180176,47.1290;-84.4095;-7.2552,g+/g-/p0,12.8710;24.4095;7.2552,45.0000;45.0000;90.0000,True,True,2.942535085496724,A:PHE51:CD2,0.9425350854967238,True,2.4873250384645065,"sym4[0,0,0]/S:HOH58:O",1.1873250861482223,True,True,True,69.67326354980469,nan,nan,False,False
water2,7UO8_A_GLN53__003__1,7UO8_A_GLN53,3,1,0.69053555,other,1,0.69053555,True,other,0.69053555,4.740473747253418,1.417799711227417,175.8235;71.4688;-160.8024,t/g+/t,4.1765;11.4688;19.1976,45.0000;45.0000;90.0000,True,True,3.501224378337586,A:PHE54:N,1.5012243783375858,True,4.259152965945353,"sym5[1,1,0]/A:GLU57:O",2.2591529659453533,True,True,True,54.207496643066406,nan,nan,False,False
water2,7UO8_A_GLN53__003__3,7UO8_A_GLN53,3,3,0.22433327,other,2,0.22433327,True,other,0.22433327,1.527005672454834,4.609200477600098,49.4807;-84.5494;169.4163,g+/g-/t,10.5193;24.5494;10.5837,45.0000;45.0000;90.0000,True,True,2.960606066608978,A:PHE51:CB,0.9606060666089782,True,2.524079834985158,"sym4[0,0,0]/S:HOH58:O",1.2240798826688737,True,True,True,63.94751739501953,nan,nan,False,False
water2,7UO8_A_GLN53__004__0,7UO8_A_GLN53,4,0,0.24032637,other,0,0.24032637,True,other,0.24032637,1.5263906717300415,4.609737873077393,49.5027;-84.4921;169.3511,g+/g-/t,10.4973;24.4921;10.6489,45.0000;45.0000;90.0000,True,True,2.958587181334792,A:PHE51:CB,0.9585871813347921,True,2.5257244237671177,"sym4[0,0,0]/S:HOH58:O",1.2257244714508335,True,True,True,63.97791290283203,nan,nan,False,False
water2,7UO8_A_GLN53__004__2,7UO8_A_GLN53,4,2,0.69141728,B,1,0.69141728,True,B,0.69141728,4.668538570404053,0.022294480353593826,177.1881;70.5903;19.7207,t/g+/p0,2.8119;10.5903;19.7207,45.0000;45.0000;90.0000,True,True,3.501224378337586,A:PHE54:N,1.5012243783375858,True,2.666676241583283,"sym5[1,1,0]/S:HOH51:O",0.9866762940353704,True,True,True,157.59530639648438,157.52487182617188,0.0704345703125,True,True
water2,7UO8_A_GLN53__004__3,7UO8_A_GLN53,4,3,0.051441256,other,2,0.051441256,True,other,0.051441256,0.7668377161026001,4.562960147857666,47.0423;-84.8207;-5.5564,g+/g-/p0,12.9577;24.8207;5.5564,45.0000;45.0000;90.0000,True,True,2.9572382898657947,A:PHE51:CB,0.9572382898657947,True,2.4770250920364822,"sym4[0,0,0]/S:HOH58:O",1.177025139720198,True,True,True,68.89118194580078,nan,nan,False,False
water2,7UO8_A_GLN53__005__1,7UO8_A_GLN53,5,1,0.66006833,B,0,0.66006833,True,B,0.66006833,4.669656276702881,0.030087973922491074,177.3976;70.3295;19.5149,t/g+/p0,2.6024;10.3295;19.5149,45.0000;45.0000;90.0000,True,True,3.501224378337586,A:PHE54:N,1.5012243783375858,True,2.65784795348458,"sym5[1,1,0]/S:HOH51:O",0.9778480059366674,True,True,True,157.5947265625,157.52487182617188,0.069854736328125,True,True
water2,7UO8_A_GLN53__005__3,7UO8_A_GLN53,5,3,0.29232636,A,1,0.29232636,True,A,0.29232636,0.7380627989768982,4.569034099578857,47.3800;-84.2376;-7.6453,g+/g-/p0,12.6200;24.2376;7.6453,45.0000;45.0000;90.0000,True,True,2.9420258577868648,A:TRP72:O,0.9420258577868648,True,2.495122890646545,"sym4[0,0,0]/S:HOH58:O",1.1951229383302606,True,True,True,113.4679183959961,154.7640380859375,-41.296119689941406,True,True
water2,7UO8_A_GLN53__006__0,7UO8_A_GLN53,6,0,0.2436554,A,0,0.2436554,True,A,0.2436554,0.741006076335907,4.568483352661133,47.3221;-84.2801;-7.5623,g+/g-/p0,12.6779;24.2801;7.5623,45.0000;45.0000;90.0000,True,True,2.9447127569823106,A:PHE51:CD2,0.9447127569823106,True,2.493258195219407,"sym4[0,0,0]/S:HOH58:O",1.1932582429031227,True,True,True,113.369873046875,154.7640380859375,-41.3941650390625,True,True
water2,7UO8_A_GLN53__006__1,7UO8_A_GLN53,6,1,0.69220418,B,1,0.69220418,True,B,0.69220418,4.668537139892578,0.022271692752838135,177.1860;70.5901;19.7228,t/g+/p0,2.8140;10.5901;19.7228,45.0000;45.0000;90.0000,True,True,3.501224378337586,A:PHE54:N,1.5012243783375858,True,2.666686936640898,"sym5[1,1,0]/S:HOH51:O",0.9866869890929855,True,True,True,157.59530639648438,157.52487182617188,0.0704345703125,True,True
water2,7UO8_A_GLN53__007__0,7UO8_A_GLN53,7,0,0.28667235,other,0,0.28667235,True,other,0.28667235,1.5250111818313599,4.610963821411133,49.5434;-84.3532;169.2224,g+/g-/t,10.4566;24.3532;10.7776,45.0000;45.0000;90.0000,True,True,2.9541308714389367,A:PHE51:CB,0.9541308714389367,True,2.529478948809377,"sym4[0,0,0]/S:HOH58:O",1.2294789964930928,True,True,True,64.04753112792969,nan,nan,False,False
water2,7UO8_A_GLN53__007__3,7UO8_A_GLN53,7,3,0.66024226,B,1,0.66024226,True,B,0.66024226,4.669781684875488,0.03962598741054535,177.7618;70.3341;19.2072,t/g+/p0,2.2382;10.3341;19.2072,45.0000;45.0000;90.0000,True,True,3.501224378337586,A:PHE54:N,1.5012243783375858,True,2.656394821989468,"sym5[1,1,0]/S:HOH51:O",0.9763948744415556,True,True,True,157.62435913085938,157.52487182617188,0.0994873046875,True,True
water2,7UO8_A_GLN53__008__0,7UO8_A_GLN53,8,0,0.25184217,other,0,0.25184217,True,other,0.25184217,1.464907169342041,4.6677632331848145,48.5244;-74.5904;172.1390,g+/g-/t,11.4756;14.5904;7.8610,45.0000;45.0000;90.0000,True,True,2.8162825818481703,A:PHE51:CB,0.8162825818481703,True,2.7316557217674347,"sym4[0,0,0]/S:HOH58:O",1.4316557694511505,True,True,True,74.65249633789062,nan,nan,False,False
water2,7UO8_A_GLN53__008__2,7UO8_A_GLN53,8,2,0.67998344,other,1,0.67998344,True,other,0.67998344,4.740020275115967,1.4178240299224854,175.8620;71.5554;-160.6858,t/g+/t,4.1380;11.5554;19.3142,45.0000;45.0000;90.0000,True,True,3.501224378337586,A:PHE54:N,1.5012243783375858,True,4.261562960474405,"sym5[1,1,0]/A:GLU57:O",2.2615629604744054,True,True,True,54.20257568359375,nan,nan,False,False
water2,7UO8_A_GLN53__008__3,7UO8_A_GLN53,8,3,0.064301148,other,2,0.064301148,True,other,0.064301148,0.7532873153686523,4.565394878387451,47.1837;-84.6383;-6.9699,g+/g-/p0,12.8163;24.6383;6.9699,45.0000;45.0000;90.0000,True,True,2.94272896090168,A:PHE51:CD2,0.9427289609016798,True,2.4832459864921663,"sym4[0,0,0]/S:HOH58:O",1.1832460341758821,True,True,True,69.55389404296875,nan,nan,False,False
water2,7UO8_A_GLN53__009__0,7UO8_A_GLN53,9,0,0.076876916,other,0,0.076876916,True,other,0.076876916,1.4205729961395264,4.334151268005371,75.4934;-115.1872;55.6438,g+/g-/p0,15.4934;55.1872;55.6438,45.0000;45.0000;90.0000,False,False,2.9351930290824613,A:TRP72:O,0.9351930290824613,True,2.4796288906060493,"sym4[0,0,0]/S:HOH58:O",1.1796289382897651,True,True,False,68.89089965820312,nan,nan,False,False
water2,7UO8_A_GLN53__009__2,7UO8_A_GLN53,9,2,0.23670796,A,1,0.23670796,True,A,0.23670796,0.7427828907966614,4.5684638023376465,47.2454;-84.2298;-7.6055,g+/g-/p0,12.7546;24.2298;7.6055,45.0000;45.0000;90.0000,True,True,2.9440579989149622,A:PHE51:CD2,0.9440579989149622,True,2.4931066388302527,"sym4[0,0,0]/S:HOH58:O",1.1931066865139686,True,True,True,113.33744812011719,154.7640380859375,-41.42658996582031,True,True
water2,7UO8_A_GLN53__009__3,7UO8_A_GLN53,9,3,0.65538734,B,2,0.65538734,True,B,0.65538734,4.666949272155762,0.01638854295015335,177.0990;71.0173;19.5369,t/g+/p0,2.9010;11.0173;19.5369,45.0000;45.0000;90.0000,True,True,3.501224378337586,A:PHE54:N,1.5012243783375858,True,2.676613245879111,"sym5[1,1,0]/S:HOH51:O",0.9966132983311984,True,True,True,157.6351318359375,157.52487182617188,0.110260009765625,True,True
water2,7UO8_A_GLN53__010__2,7UO8_A_GLN53,10,2,0.70316464,B,0,0.70316464,True,B,0.70316464,4.667258262634277,0.016726264730095863,177.1545;70.9186;19.7241,t/g+/p0,2.8455;10.9186;19.7241,45.0000;45.0000;90.0000,True,True,3.501224378337586,A:PHE54:N,1.5012243783375858,True,2.6761081350251605,"sym5[1,1,0]/S:HOH51:O",0.9961081874772479,True,True,True,157.61691284179688,157.52487182617188,0.092041015625,True,True
water2,7UO8_A_GLN53__010__3,7UO8_A_GLN53,10,3,0.28521344,A,1,0.28521344,True,A,0.28521344,0.7380614280700684,4.5689311027526855,47.3919;-84.2625;-7.6300,g+/g-/p0,12.6081;24.2625;7.6300,45.0000;45.0000;90.0000,True,True,2.941460910608214,A:TRP72:O,0.9414609106082139,True,2.4947726323087265,"sym4[0,0,0]/S:HOH58:O",1.1947726799924423,True,True,True,113.44099426269531,154.7640380859375,-41.32304382324219,True,True
water2,7UO8_A_GLN53__011__1,7UO8_A_GLN53,11,1,0.69105506,B,0,0.69105506,True,B,0.69105506,4.668511867523193,0.02216935344040394,177.1907;70.5964;19.7255,t/g+/p0,2.8093;10.5964;19.7255,45.0000;45.0000;90.0000,True,True,3.501224378337586,A:PHE54:N,1.5012243783375858,True,2.666924047836487,"sym5[1,1,0]/S:HOH51:O",0.9869241002885745,True,True,True,157.59402465820312,157.52487182617188,0.06915283203125,True,True
water2,7UO8_A_GLN53__011__3,7UO8_A_GLN53,11,3,0.28902021,A,1,0.28902021,True,A,0.28902021,0.7380906343460083,4.569014549255371,47.3816;-84.2422;-7.6401,g+/g-/p0,12.6184;24.2422;7.6401,45.0000;45.0000;90.0000,True,True,2.9419579911850566,A:TRP72:O,0.9419579911850566,True,2.4950500254169072,"sym4[0,0,0]/S:HOH58:O",1.195050073100623,True,True,True,113.46941375732422,154.7640380859375,-41.29462432861328,True,True
water2,7UO8_A_GLN53__012__0,7UO8_A_GLN53,12,0,0.20504884,other,0,0.20504884,True,other,0.20504884,1.5283596515655518,4.608140468597412,49.3757;-84.6013;169.6520,g+/g-/t,10.6243;24.6013;10.3480,45.0000;45.0000;90.0000,True,True,2.9649833740275726,A:PHE51:CB,0.9649833740275726,True,2.521088133054399,"sym4[0,0,0]/S:HOH58:O",1.2210881807381146,True,True,True,63.87531280517578,nan,nan,False,False
water2,7UO8_A_GLN53__012__1,7UO8_A_GLN53,12,1,0.69761378,B,1,0.69761378,True,B,0.69761378,4.6672797203063965,0.016893452033400536,177.1721;70.9105;19.7507,t/g+/p0,2.8279;10.9105;19.7507,45.0000;45.0000;90.0000,True,True,3.501224378337586,A:PHE54:N,1.5012243783375858,True,2.676250255729934,"sym5[1,1,0]/S:HOH51:O",0.9962503081820215,True,True,True,157.61508178710938,157.52487182617188,0.0902099609375,True,True
water2,7UO8_A_GLN53__012__2,7UO8_A_GLN53,12,2,0.092134953,other,2,0.092134953,True,other,0.092134953,1.7438254356384277,4.430438041687012,83.2659;-121.4294;-129.9300,g+/t/t,23.2659;58.5706;50.0700,45.0000;45.0000;90.0000,False,False,2.9251805688754504,A:TRP72:O,0.9251805688754504,True,2.4487869150642703,"sym4[0,0,0]/S:HOH58:O",1.148786962747986,True,True,False,79.64524841308594,nan,nan,False,False
water2,7UO8_A_GLN53__013__0,7UO8_A_GLN53,13,0,0.27978623,other,0,0.27978623,True,other,0.27978623,1.5249595642089844,4.610978126525879,49.5511;-84.3591;169.2197,g+/g-/t,10.4489;24.3591;10.7803,45.0000;45.0000;90.0000,True,True,2.9541894392363233,A:PHE51:CB,0.9541894392363233,True,2.5294903630577967,"sym4[0,0,0]/S:HOH58:O",1.2294904107415126,True,True,True,64.05221557617188,nan,nan,False,False
water2,7UO8_A_GLN53__013__1,7UO8_A_GLN53,13,1,0.65820569,other,1,0.65820569,True,other,0.65820569,4.7414870262146,1.4176770448684692,175.5828;71.3529;-161.2916,t/g+/t,4.4172;11.3529;18.7084,45.0000;45.0000;90.0000,True,True,3.501224378337586,A:PHE54:N,1.5012243783375858,True,4.249612934095898,"sym5[1,1,0]/A:GLU57:O",2.2496129340958984,True,True,True,54.23381805419922,nan,nan,False,False
water2,7UO8_A_GLN53__013__2,7UO8_A_GLN53,13,2,0.050931048,other,2,0.050931048,True,other,0.050931048,4.50634765625,2.189378023147583,-75.5865;-77.8284;-13.8520,g-/g-/p0,15.5865;17.8284;13.8520,45.0000;45.0000;90.0000,True,True,3.501224378337586,A:PHE54:N,1.5012243783375858,True,3.703940641437205,"sym4[0,0,0]/S:HOH58:O",2.4039406891209207,True,True,True,52.344173431396484,nan,nan,False,False
water2,7UO8_A_GLN53__014__0,7UO8_A_GLN53,14,0,0.1146318,other,0,0.1146318,True,other,0.1146318,1.5310888290405273,4.605621814727783,49.3514;-84.9425;169.8121,g+/g-/t,10.6486;24.9425;10.1879,45.0000;45.0000;90.0000,True,True,2.973848836337526,A:PHE51:CB,0.9738488363375262,True,2.5132310635085,"sym4[0,0,0]/S:HOH58:O",1.2132311111922158,True,True,True,63.736392974853516,nan,nan,False,False
water2,7UO8_A_GLN53__014__1,7UO8_A_GLN53,14,1,0.17459822,A,1,0.17459822,True,A,0.17459822,0.7450084090232849,4.567801475524902,47.2373;-84.3200;-7.4424,g+/g-/p0,12.7627;24.3200;7.4424,45.0000;45.0000;90.0000,True,True,2.943761851251194,A:PHE51:CD2,0.9437618512511938,True,2.491014475508481,"sym4[0,0,0]/S:HOH58:O",1.1910145231921967,True,True,True,113.25082397460938,154.7640380859375,-41.513214111328125,True,True
water2,7UO8_A_GLN53__014__2,7UO8_A_GLN53,14,2,0.055218939,other,2,0.055218939,True,other,0.055218939,4.524693965911865,1.5538328886032104,-177.0953;102.7234;139.2411,t/g+/t,2.9047;42.7234;40.7589,45.0000;45.0000;90.0000,True,True,3.501224378337586,A:PHE54:N,1.5012243783375858,True,4.287981335283148,"sym4[0,0,0]/S:HOH58:O",2.987981382966864,True,True,True,64.81184387207031,nan,nan,False,False
water2,7UO8_A_GLN53__014__3,7UO8_A_GLN53,14,3,0.65555102,other,3,0.65555102,True,other,0.65555102,4.742834568023682,1.4178270101547241,175.6999;70.9834;-161.1045,t/g+/t,4.3001;10.9834;18.8955,45.0000;45.0000;90.0000,True,True,3.501224378337586,A:PHE54:N,1.5012243783375858,True,4.248164957257469,"sym5[1,1,0]/A:GLU57:O",2.248164957257469,True,True,True,54.19605255126953,nan,nan,False,False
water2,7UO8_A_GLN53__015__1,7UO8_A_GLN53,15,1,0.63008344,other,0,0.69940093,True,other,0.69940093,4.7380242347717285,1.417519450187683,174.9256;72.5216;-161.7968,t/g+/t,5.0744;12.5216;18.2032,45.0000;45.0000;90.0000,True,True,3.501224378337586,A:PHE54:N,1.5012243783375858,True,4.242549075798097,"sym5[1,1,0]/A:GLU57:O",2.242549075798097,True,True,True,54.35810852050781,nan,nan,False,False
water2,7UO8_A_GLN53__015__2,7UO8_A_GLN53,15,2,0.28803119,other,1,0.28803119,True,other,0.28803119,1.524857997894287,4.611076354980469,49.5531;-84.3466;169.2091,g+/g-/t,10.4469;24.3466;10.7909,45.0000;45.0000;90.0000,True,True,2.953805904084789,A:PHE51:CB,0.9538059040847888,True,2.52979783131589,"sym4[0,0,0]/S:HOH58:O",1.229797878999606,True,True,True,64.06232452392578,nan,nan,False,False
water2,7UO8_A_GLN53__015__3,7UO8_A_GLN53,15,3,0.06931749,other,0,0.69940093,False,other,0.0,4.747093677520752,1.4437787532806396,-175.8948;61.1230;-166.6397,t/g+/t,4.1052;1.1230;13.3603,45.0000;45.0000;90.0000,True,True,3.486216640460845,S:HOH101:O,1.486216640460845,True,4.497642198860424,"sym5[1,1,0]/A:GLU57:O",2.497642198860424,True,True,True,55.50216293334961,nan,nan,False,False
water2,7UO8_A_GLN53__016__0,7UO8_A_GLN53,16,0,0.24051645,other,0,0.24051645,True,other,0.24051645,1.5265299081802368,4.609622955322266,49.4981;-84.5041;169.3591,g+/g-/t,10.5019;24.5041;10.6409,45.0000;45.0000;90.0000,True,True,2.9589322555773268,A:PHE51:CB,0.9589322555773268,True,2.52537976035572,"sym4[0,0,0]/S:HOH58:O",1.225379808039436,True,True,True,63.97791290283203,nan,nan,False,False
water2,7UO8_A_GLN53__016__1,7UO8_A_GLN53,16,1,0.053750269,other,1,0.053750269,True,other,0.053750269,0.7638695240020752,4.563460350036621,47.1314;-84.8004;-5.4782,g+/g-/p0,12.8686;24.8004;5.4782,45.0000;45.0000;90.0000,True,True,2.9578532672406115,A:PHE51:CB,0.9578532672406115,True,2.4788944209733996,"sym4[0,0,0]/S:HOH58:O",1.1788944686571154,True,True,True,68.92378997802734,nan,nan,False,False
water2,7UO8_A_GLN53__016__2,7UO8_A_GLN53,16,2,0.70416075,B,2,0.70416075,True,B,0.70416075,4.667261123657227,0.0167474877089262,177.1553;70.9175;19.7248,t/g+/p0,2.8447;10.9175;19.7248,45.0000;45.0000;90.0000,True,True,3.501224378337586,A:PHE54:N,1.5012243783375858,True,2.6760887520386647,"sym5[1,1,0]/S:HOH51:O",0.9960888044907521,True,True,True,157.61691284179688,157.52487182617188,0.092041015625,True,True
water2,7UO8_A_GLN53__017__0,7UO8_A_GLN53,17,0,0.28013733,A,0,0.28013733,True,A,0.28013733,0.7382475733757019,4.568974018096924,47.3854;-84.2479;-7.5934,g+/g-/p0,12.6146;24.2479;7.5934,45.0000;45.0000;90.0000,True,True,2.941773660680369,A:TRP72:O,0.941773660680369,True,2.494986252324332,"sym4[0,0,0]/S:HOH58:O",1.1949863000080478,True,True,True,113.4378433227539,154.7640380859375,-41.326194763183594,True,True
water2,7UO8_A_GLN53__017__1,7UO8_A_GLN53,17,1,0.64245528,B,1,0.64245528,True,B,0.64245528,4.6653265953063965,0.0050933402962982655,177.0075;71.3240;20.5038,t/g+/p0,2.9925;11.3240;20.5038,45.0000;45.0000;90.0000,True,True,3.501224378337586,A:PHE54:N,1.5012243783375858,True,2.6962329501753373,"sym5[1,1,0]/S:HOH51:O",1.0162330026274247,True,True,True,157.61630249023438,157.52487182617188,0.0914306640625,True,True
water2,7UO8_A_GLN53__017__3,7UO8_A_GLN53,17,3,0.059437741,other,2,0.059437741,True,other,0.059437741,4.75103235244751,1.4153088331222534,179.8134;63.3290;-173.8756,t/g+/t,0.1866;3.3290;6.1244,45.0000;45.0000;90.0000,True,True,3.3360374553488543,S:HOH101:O,1.3360374553488543,True,4.387525752690344,"sym5[1,1,0]/A:GLU57:O",2.387525752690344,True,True,True,56.14915466308594,nan,nan,False,False
water2,7UO8_A_GLN53__018__1,7UO8_A_GLN53,18,1,0.70239955,B,0,0.70239955,True,B,0.70239955,4.667264938354492,0.016780449077486992,177.1555;70.9166;19.7227,t/g+/p0,2.8445;10.9166;19.7227,45.0000;45.0000;90.0000,True,True,3.501224378337586,A:PHE54:N,1.5012243783375858,True,2.6760373837882985,"sym5[1,1,0]/S:HOH51:O",0.9960374362403859,True,True,True,157.61691284179688,157.52487182617188,0.092041015625,True,True
water2,7UO8_A_GLN53__018__2,7UO8_A_GLN53,18,2,0.2931847,other,1,0.2931847,True,other,0.2931847,1.5249093770980835,4.611089706420898,49.5431;-84.3323;169.1918,g+/g-/t,10.4569;24.3323;10.8082,45.0000;45.0000;90.0000,True,True,2.953336857377279,A:PHE51:CB,0.9533368573772791,True,2.529931325870415,"sym4[0,0,0]/S:HOH58:O",1.2299313735541308,True,True,True,64.06542205810547,nan,nan,False,False
water2,7UO8_A_GLN53__019__2,7UO8_A_GLN53,19,2,0.20035151,other,0,0.20035151,True,other,0.20035151,2.2645468711853027,4.465106010437012,-50.7886;78.7321;21.1148,g-/g+/p0,9.2114;18.7321;21.1148,45.0000;45.0000;90.0000,True,True,3.501224378337586,A:PHE54:N,1.5012243783375858,True,2.499825684003374,"sym4[0,0,0]/S:HOH58:O",1.1998257316870897,True,True,True,52.071617126464844,nan,nan,False,False
water2,7UO8_A_GLN53__019__3,7UO8_A_GLN53,19,3,0.78299445,B,1,0.78299445,True,B,0.78299445,4.667177200317383,0.01593146100640297,177.1365;70.9341;19.7651,t/g+/p0,2.8635;10.9341;19.7651,45.0000;45.0000;90.0000,True,True,3.501224378337586,A:PHE54:N,1.5012243783375858,True,2.6769364276265737,"sym5[1,1,0]/S:HOH51:O",0.9969364800786611,True,True,True,157.62481689453125,157.52487182617188,0.099945068359375,True,True
water2,7UO8_A_GLN53__020__0,7UO8_A_GLN53,20,0,0.68985742,B,0,0.68985742,True,B,0.68985742,4.667331218719482,0.017057379707694054,177.0759;70.9128;19.5985,t/g+/p0,2.9241;10.9128;19.5985,45.0000;45.0000;90.0000,True,True,3.501224378337586,A:PHE54:N,1.5012243783375858,True,2.674148408632953,"sym5[1,1,0]/S:HOH51:O",0.9941484610850404,True,True,True,157.62255859375,157.52487182617188,0.097686767578125,True,True
water2,7UO8_A_GLN53__020__1,7UO8_A_GLN53,20,1,0.29225692,A,1,0.29225692,True,A,0.29225692,0.7380868792533875,4.569040775299072,47.3792;-84.2360;-7.6405,g+/g-/p0,12.6208;24.2360;7.6405,45.0000;45.0000;90.0000,True,True,2.942065455856285,A:TRP72:O,0.9420654558562851,True,2.4951429561962075,"sym4[0,0,0]/S:HOH58:O",1.1951430038799233,True,True,True,113.4679183959961,154.7640380859375,-41.296119689941406,True,True
water2,7UO8_A_GLN53__021__1,7UO8_A_GLN53,21,1,0.2806516,other,0,0.2806516,True,other,0.2806516,1.5252679586410522,4.6107001304626465,49.5362;-84.3856;169.2704,g+/g-/t,10.4638;24.3856;10.7296,45.0000;45.0000;90.0000,True,True,2.9553992420458712,A:PHE51:CB,0.9553992420458712,True,2.5286423478765623,"sym4[0,0,0]/S:HOH58:O",1.228642395560278,True,True,True,64.03817749023438,nan,nan,False,False
water2,7UO8_A_GLN53__021__3,7UO8_A_GLN53,21,3,0.6968419,other,1,0.6968419,True,other,0.6968419,4.739985466003418,1.4178273677825928,175.8710;71.5575;-160.6801,t/g+/t,4.1290;11.5575;19.3199,45.0000;45.0000;90.0000,True,True,3.501224378337586,A:PHE54:N,1.5012243783375858,True,4.2619333359816,"sym5[1,1,0]/A:GLU57:O",2.2619333359816,True,True,True,54.202239990234375,nan,nan,False,False
water2,7UO8_A_GLN53__022__1,7UO8_A_GLN53,22,1,0.70450354,B,0,0.70450354,True,B,0.70450354,4.667261123657227,0.016748283058404922,177.1549;70.9174;19.7245,t/g+/p0,2.8451;10.9174;19.7245,45.0000;45.0000;90.0000,True,True,3.501224378337586,A:PHE54:N,1.5012243783375858,True,2.67607829494498,"sym5[1,1,0]/S:HOH51:O",0.9960783473970674,True,True,True,157.61691284179688,157.52487182617188,0.092041015625,True,True
water2,7UO8_A_GLN53__022__3,7UO8_A_GLN53,22,3,0.28556144,A,1,0.28556144,True,A,0.28556144,0.7382853031158447,4.568981647491455,47.3805;-84.2443;-7.6122,g+/g-/p0,12.6195;24.2443;7.6122,45.0000;45.0000;90.0000,True,True,2.9420359753604632,A:TRP72:O,0.9420359753604632,True,2.4949808405654057,"sym4[0,0,0]/S:HOH58:O",1.1949808882491215,True,True,True,113.43092346191406,154.7640380859375,-41.33311462402344,True,True
water2,7UO8_A_GLN53__023__1,7UO8_A_GLN53,23,1,0.27157736,A,0,0.27157736,True,A,0.27157736,0.7392688393592834,4.568650722503662,47.3722;-84.2922;-7.6041,g+/g-/p0,12.6278;24.2922;7.6041,45.0000;45.0000;90.0000,True,True,2.9428174149079833,A:TRP72:O,0.9428174149079833,True,2.4938088414243835,"sym4[0,0,0]/S:HOH58:O",1.1938088891080993,True,True,True,113.39340209960938,154.7640380859375,-41.370635986328125,True,True
water2,7UO8_A_GLN53__023__2,7UO8_A_GLN53,23,2,0.70423299,B,1,0.70423299,True,B,0.70423299,4.667261123657227,0.016732340678572655,177.1546;70.9179;19.7245,t/g+/p0,2.8454;10.9179;19.7245,45.0000;45.0000;90.0000,True,True,3.501224378337586,A:PHE54:N,1.5012243783375858,True,2.676090557723219,"sym5[1,1,0]/S:HOH51:O",0.9960906101753064,True,True,True,157.61691284179688,157.52487182617188,0.092041015625,True,True
water2,7UO8_A_GLN53__024__0,7UO8_A_GLN53,24,0,0.70235467,B,0,0.70235467,True,B,0.70235467,4.667263031005859,0.01676160842180252,177.1558;70.9176;19.7239,t/g+/p0,2.8442;10.9176;19.7239,45.0000;45.0000;90.0000,True,True,3.501224378337586,A:PHE54:N,1.5012243783375858,True,2.676075311576161,"sym5[1,1,0]/S:HOH51:O",0.9960753640282483,True,True,True,157.61892700195312,157.52487182617188,0.09405517578125,True,True
water2,7UO8_A_GLN53__024__2,7UO8_A_GLN53,24,2,0.28925005,other,1,0.28925005,True,other,0.28925005,1.5249574184417725,4.6110005378723145,49.5463;-84.3509;169.2203,g+/g-/t,10.4537;24.3509;10.7797,45.0000;45.0000;90.0000,True,True,2.954052533075976,A:PHE51:CB,0.9540525330759762,True,2.529583044449257,"sym4[0,0,0]/S:HOH58:O",1.2295830921329727,True,True,True,64.0470199584961,nan,nan,False,False
water2,7UO8_A_GLN53__025__2,7UO8_A_GLN53,25,2,0.67369127,B,0,0.67369127,True,B,0.67369127,4.666995048522949,0.016797011718153954,177.2057;70.9849;19.7433,t/g+/p0,2.7943;10.9849;19.7433,45.0000;45.0000;90.0000,True,True,3.501224378337586,A:PHE54:N,1.5012243783375858,True,2.6785070259629116,"sym5[1,1,0]/S:HOH51:O",0.998507078414999,True,True,True,157.62684631347656,157.52487182617188,0.1019744873046875,True,True
water2,7UO8_A_GLN53__025__3,7UO8_A_GLN53,25,3,0.27866796,other,1,0.27866796,True,other,0.27866796,1.5251878499984741,4.610709190368652,49.5547;-84.4035;169.2596,g+/g-/t,10.4453;24.4035;10.7404,45.0000;45.0000;90.0000,True,True,2.955555945196559,A:PHE51:CB,0.9555559451965592,True,2.528582199510269,"sym4[0,0,0]/S:HOH58:O",1.2285822471939847,True,True,True,64.05207061767578,nan,nan,False,False
water2,7UO8_A_GLN53__026__1,7UO8_A_GLN53,26,1,0.29088303,other,0,0.29088303,True,other,0.29088303,1.5247150659561157,4.611184597015381,49.5559;-84.3342;169.2148,g+/g-/t,10.4441;24.3342;10.7852,45.0000;45.0000;90.0000,True,True,2.9536309002150327,A:PHE51:CB,0.9536309002150327,True,2.530117843532268,"sym4[0,0,0]/S:HOH58:O",1.230117891215984,True,True,True,64.06755065917969,nan,nan,False,False
water2,7UO8_A_GLN53__026__3,7UO8_A_GLN53,26,3,0.69525737,other,1,0.69525737,True,other,0.69525737,4.740113258361816,1.4178192615509033,175.8541;71.5373;-160.7226,t/g+/t,4.1459;11.5373;19.2774,45.0000;45.0000;90.0000,True,True,3.501224378337586,A:PHE54:N,1.5012243783375858,True,4.26110283261883,"sym5[1,1,0]/A:GLU57:O",2.26110283261883,True,True,True,54.203208923339844,nan,nan,False,False
water2,7UO8_A_GLN53__027__2,7UO8_A_GLN53,27,2,0.29370248,other,0,0.29370248,True,other,0.29370248,1.5248531103134155,4.61113166809082,49.5441;-84.3282;169.1980,g+/g-/t,10.4559;24.3282;10.8020,45.0000;45.0000;90.0000,True,True,2.9533313728822317,A:PHE51:CB,0.9533313728822317,True,2.530038332968628,"sym4[0,0,0]/S:HOH58:O",1.2300383806523438,True,True,True,64.06542205810547,nan,nan,False,False
water2,7UO8_A_GLN53__027__3,7UO8_A_GLN53,27,3,0.68696558,B,1,0.68696558,True,B,0.68696558,4.666831970214844,0.012805677950382233,177.0541;71.0051;19.9066,t/g+/p0,2.9459;11.0051;19.9066,45.0000;45.0000;90.0000,True,True,3.501224378337586,A:PHE54:N,1.5012243783375858,True,2.680228838743541,"sym5[1,1,0]/S:HOH51:O",1.0002288911956283,True,True,True,157.61288452148438,157.52487182617188,0.0880126953125,True,True
water2,7UO8_A_GLN53__028__1,7UO8_A_GLN53,28,1,0.24680199,other,0,0.24680199,True,other,0.24680199,1.5266989469528198,4.609736442565918,49.4445;-84.4265;169.3189,g+/g-/t,10.5555;24.4265;10.6811,45.0000;45.0000;90.0000,True,True,2.957062897973516,A:PHE51:CB,0.9570628979735161,True,2.526122674608584,"sym4[0,0,0]/S:HOH58:O",1.2261227222923,True,True,True,63.999000549316406,nan,nan,False,False
water2,7UO8_A_GLN53__028__2,7UO8_A_GLN53,28,2,0.058722991,other,1,0.058722991,True,other,0.058722991,1.4208365678787231,4.3339924812316895,75.4922;-115.2030;55.6516,g+/g-/p0,15.4922;55.2030;55.6516,45.0000;45.0000;90.0000,False,False,2.935656808502891,A:TRP72:O,0.9356568085028911,True,2.4796730782992547,"sym4[0,0,0]/S:HOH58:O",1.1796731259829705,True,True,False,68.88916778564453,nan,nan,False,False
water2,7UO8_A_GLN53__028__3,7UO8_A_GLN53,28,3,0.67835838,B,2,0.67835838,True,B,0.67835838,4.668514251708984,0.02271871082484722,177.2056;70.6069;19.6374,t/g+/p0,2.7944;10.6069;19.6374,45.0000;45.0000;90.0000,True,True,3.501224378337586,A:PHE54:N,1.5012243783375858,True,2.666310983279209,"sym5[1,1,0]/S:HOH51:O",0.9863110357312963,True,True,True,157.60012817382812,157.52487182617188,0.07525634765625,True,True
water2,7UO8_A_GLN53__029__1,7UO8_A_GLN53,29,1,0.28955156,A,0,0.28955156,True,A,0.28955156,0.7381316423416138,4.569016933441162,47.3790;-84.2399;-7.6436,g+/g-/p0,12.6210;24.2399;7.6436,45.0000;45.0000;90.0000,True,True,2.9420967975816805,A:TRP72:O,0.9420967975816805,True,2.4950560475418655,"sym4[0,0,0]/S:HOH58:O",1.1950560952255813,True,True,True,113.46941375732422,154.7640380859375,-41.29462432861328,True,True
water2,7UO8_A_GLN53__029__3,7UO8_A_GLN53,29,3,0.69076264,B,1,0.69076264,True,B,0.69076264,4.668542861938477,0.022692255675792694,177.1998;70.5964;19.6599,t/g+/p0,2.8002;10.5964;19.6599,45.0000;45.0000;90.0000,True,True,3.501224378337586,A:PHE54:N,1.5012243783375858,True,2.6662288171676236,"sym5[1,1,0]/S:HOH51:O",0.986228869619711,True,True,True,157.5985870361328,157.52487182617188,0.0737152099609375,True,True
water2,7UO8_A_GLN53__030__2,7UO8_A_GLN53,30,2,0.69556916,B,0,0.69556916,True,B,0.69556916,4.667393684387207,0.018617048859596252,177.2356;70.8869;19.7137,t/g+/p0,2.7644;10.8869;19.7137,45.0000;45.0000;90.0000,True,True,3.501224378337586,A:PHE54:N,1.5012243783375858,True,2.6754563562379556,"sym5[1,1,0]/S:HOH51:O",0.995456408690043,True,True,True,157.6224365234375,157.52487182617188,0.097564697265625,True,True
water2,7UO8_A_GLN53__030__3,7UO8_A_GLN53,30,3,0.28489614,other,1,0.28489614,True,other,0.28489614,1.5252385139465332,4.610794544219971,49.5275;-84.3615;169.2465,g+/g-/t,10.4725;24.3615;10.7535,45.0000;45.0000;90.0000,True,True,2.954641340890743,A:PHE51:CB,0.9546413408907428,True,2.529015999543834,"sym4[0,0,0]/S:HOH58:O",1.22901604722755,True,True,True,64.05097198486328,nan,nan,False,False
water2,7UO8_A_GLN53__031__0,7UO8_A_GLN53,31,0,0.62552631,other,0,0.703661122,True,other,0.703661122,4.740513801574707,1.4176597595214844,175.0724;72.0508;-159.8179,t/g+/t,4.9276;12.0508;20.1821,45.0000;45.0000;90.0000,True,True,3.501224378337586,A:PHE54:N,1.5012243783375858,True,4.234122384631275,"sym5[1,1,0]/A:GLU57:O",2.2341223846312754,True,True,True,54.194793701171875,nan,nan,False,False
water2,7UO8_A_GLN53__031__1,7UO8_A_GLN53,31,1,0.078134812,other,0,0.703661122,False,other,0.0,4.735457420349121,1.4352363348007202,-176.6521;64.5282;-169.3151,t/g+/t,3.3479;4.5282;10.6849,45.0000;45.0000;90.0000,True,True,3.501224378337586,A:PHE54:N,1.5012243783375858,True,4.53529227087253,"sym5[1,1,0]/A:GLU57:O",2.53529227087253,True,True,True,55.19453811645508,nan,nan,False,False
water2,7UO8_A_GLN53__031__3,7UO8_A_GLN53,31,3,0.29425392,other,1,0.29425392,True,other,0.29425392,1.524882197380066,4.611124515533447,49.5418;-84.3261;169.1894,g+/g-/t,10.4582;24.3261;10.8106,45.0000;45.0000;90.0000,True,True,2.953193707605693,A:PHE51:CB,0.9531937076056929,True,2.5300414491737357,"sym4[0,0,0]/S:HOH58:O",1.2300414968574516,True,True,True,64.07764434814453,nan,nan,False,False
water2,7UO8_A_GLN53__032__0,7UO8_A_GLN53,32,0,0.68043262,B,0,0.68043262,True,B,0.68043262,4.668484687805176,0.02196388877928257,177.2057;70.6000;19.7628,t/g+/p0,2.7943;10.6000;19.7628,45.0000;45.0000;90.0000,True,True,3.501224378337586,A:PHE54:N,1.5012243783375858,True,2.667512548048557,"sym5[1,1,0]/S:HOH51:O",0.9875126005006445,True,True,True,157.59617614746094,157.52487182617188,0.0713043212890625,True,True
water2,7UO8_A_GLN53__032__2,7UO8_A_GLN53,32,2,0.054835897,other,1,0.054835897,True,other,0.054835897,1.424434781074524,4.4644951820373535,-8.3192;103.1954;-135.0527,g-/g+/t,51.6808;43.1954;44.9473,45.0000;45.0000;90.0000,False,False,2.9221477604520554,A:TRP72:O,0.9221477604520554,True,2.523421286451012,"sym4[0,0,0]/S:HOH58:O",1.223421334134728,True,True,False,94.958740234375,nan,nan,False,False
water2,7UO8_A_GLN53__032__3,7UO8_A_GLN53,32,3,0.24953945,A,2,0.24953945,True,A,0.24953945,0.7409486174583435,4.568658351898193,47.2973;-84.2389;-7.6429,g+/g-/p0,12.7027;24.2389;7.6429,45.0000;45.0000;90.0000,True,True,2.944592021465999,A:PHE51:CD2,0.9445920214659989,True,2.4937522216194576,"sym4[0,0,0]/S:HOH58:O",1.1937522693031735,True,True,True,113.36953735351562,154.7640380859375,-41.394500732421875,True,True
water2,7UO8_A_GLN53__033__2,7UO8_A_GLN53,33,2,0.70046878,B,0,0.70046878,True,B,0.70046878,4.667261600494385,0.016735024750232697,177.1549;70.9171;19.7263,t/g+/p0,2.8451;10.9171;19.7263,45.0000;45.0000;90.0000,True,True,3.501224378337586,A:PHE54:N,1.5012243783375858,True,2.6760885667682954,"sym5[1,1,0]/S:HOH51:O",0.9960886192203828,True,True,True,157.61691284179688,157.52487182617188,0.092041015625,True,True
water2,7UO8_A_GLN53__033__3,7UO8_A_GLN53,33,3,0.27999392,A,1,0.27999392,True,A,0.27999392,0.7385748028755188,4.568953514099121,47.3745;-84.2429;-7.5872,g+/g-/p0,12.6255;24.2429;7.5872,45.0000;45.0000;90.0000,True,True,2.9423879820942562,A:TRP72:O,0.9423879820942562,True,2.4949192778423614,"sym4[0,0,0]/S:HOH58:O",1.1949193255260773,True,True,True,113.43006896972656,154.7640380859375,-41.33396911621094,True,True
water2,7UO8_A_GLN53__034__1,7UO8_A_GLN53,34,1,0.29203248,A,0,0.29203248,True,A,0.29203248,0.7380408048629761,4.569033622741699,47.3819;-84.2392;-7.6394,g+/g-/p0,12.6181;24.2392;7.6394,45.0000;45.0000;90.0000,True,True,2.941922906401602,A:TRP72:O,0.9419229064016021,True,2.4951179523986604,"sym4[0,0,0]/S:HOH58:O",1.1951180000823762,True,True,True,113.4679183959961,154.7640380859375,-41.296119689941406,True,True
water2,7UO8_A_GLN53__034__3,7UO8_A_GLN53,34,3,0.67501098,B,1,0.67501098,True,B,0.67501098,4.667147159576416,0.018698567524552345,177.1362;70.9845;19.3880,t/g+/p0,2.8638;10.9845;19.3880,45.0000;45.0000;90.0000,True,True,3.501224378337586,A:PHE54:N,1.5012243783375858,True,2.6741516965188765,"sym5[1,1,0]/S:HOH51:O",0.9941517489709639,True,True,True,157.63882446289062,157.52487182617188,0.11395263671875,True,True
water2,7UO8_A_GLN53__035__0,7UO8_A_GLN53,35,0,0.28573957,A,0,0.28573957,True,A,0.28573957,0.738045334815979,4.568979740142822,47.3892;-84.2519;-7.6205,g+/g-/p0,12.6108;24.2519;7.6205,45.0000;45.0000;90.0000,True,True,2.9415472640639035,A:TRP72:O,0.9415472640639035,True,2.494963787459419,"sym4[0,0,0]/S:HOH58:O",1.1949638351431346,True,True,True,113.4378433227539,154.7640380859375,-41.326194763183594,True,True
water2,7UO8_A_GLN53__035__3,7UO8_A_GLN53,35,3,0.70246607,other,1,0.70246607,True,other,0.70246607,4.739989757537842,1.4178282022476196,175.8699;71.5582;-160.6781,t/g+/t,4.1301;11.5582;19.3219,45.0000;45.0000;90.0000,True,True,3.501224378337586,A:PHE54:N,1.5012243783375858,True,4.261889531354515,"sym5[1,1,0]/A:GLU57:O",2.261889531354515,True,True,True,54.202239990234375,nan,nan,False,False
water2,7UO8_A_GLN53__036__0,7UO8_A_GLN53,36,0,0.70184994,other,0,0.70184994,True,other,0.70184994,4.739992141723633,1.41782808303833,175.8694;71.5588;-160.6771,t/g+/t,4.1306;11.5588;19.3229,45.0000;45.0000;90.0000,True,True,3.501224378337586,A:PHE54:N,1.5012243783375858,True,4.2618681107961764,"sym5[1,1,0]/A:GLU57:O",2.2618681107961764,True,True,True,54.202239990234375,nan,nan,False,False
water2,7UO8_A_GLN53__036__2,7UO8_A_GLN53,36,2,0.29354006,A,1,0.29354006,True,A,0.29354006,0.7379195690155029,4.5690598487854,47.3834;-84.2364;-7.6476,g+/g-/p0,12.6166;24.2364;7.6476,45.0000;45.0000;90.0000,True,True,2.941817802223749,A:TRP72:O,0.9418178022237491,True,2.4952024272101654,"sym4[0,0,0]/S:HOH58:O",1.1952024748938812,True,True,True,113.47486114501953,154.7640380859375,-41.28917694091797,True,True
water2,7UO8_A_GLN53__037__1,7UO8_A_GLN53,37,1,0.7036289,B,0,0.7036289,True,B,0.7036289,4.667260646820068,0.01671433635056019,177.1534;70.9178;19.7251,t/g+/p0,2.8466;10.9178;19.7251,45.0000;45.0000;90.0000,True,True,3.501224378337586,A:PHE54:N,1.5012243783375858,True,2.6760872785434056,"sym5[1,1,0]/S:HOH51:O",0.996087330995493,True,True,True,157.61691284179688,157.52487182617188,0.092041015625,True,True
water2,7UO8_A_GLN53__037__2,7UO8_A_GLN53,37,2,0.28928182,A,1,0.28928182,True,A,0.28928182,0.7381776571273804,4.569040298461914,47.3784;-84.2342;-7.6203,g+/g-/p0,12.6216;24.2342;7.6203,45.0000;45.0000;90.0000,True,True,2.9421023246856546,A:TRP72:O,0.9421023246856546,True,2.49517322122394,"sym4[0,0,0]/S:HOH58:O",1.1951732689076557,True,True,True,113.4679183959961,154.7640380859375,-41.296119689941406,True,True
water2,7UO8_A_GLN53__038__1,7UO8_A_GLN53,38,1,0.29192436,other,0,0.29192436,True,other,0.29192436,1.5249245166778564,4.6110711097717285,49.5414;-84.3333;169.1994,g+/g-/t,10.4586;24.3333;10.8006,45.0000;45.0000;90.0000,True,True,2.9534551183252944,A:PHE51:CB,0.9534551183252944,True,2.529880924820788,"sym4[0,0,0]/S:HOH58:O",1.2298809725045037,True,True,True,64.06542205810547,nan,nan,False,False
water2,7UO8_A_GLN53__038__2,7UO8_A_GLN53,38,2,0.69601893,B,1,0.69601893,True,B,0.69601893,4.667413234710693,0.019230589270591736,177.2587;70.8830;19.7027,t/g+/p0,2.7413;10.8830;19.7027,45.0000;45.0000;90.0000,True,True,3.501224378337586,A:PHE54:N,1.5012243783375858,True,2.6753251629708372,"sym5[1,1,0]/S:HOH51:O",0.9953252154229246,True,True,True,157.62625122070312,157.52487182617188,0.10137939453125,True,True
water2,7UO8_A_GLN53__039__1,7UO8_A_GLN53,39,1,0.66849983,other,0,0.66849983,True,other,0.66849983,4.741361618041992,1.4176968336105347,175.6113;71.3740;-161.1915,t/g+/t,4.3887;11.3740;18.8085,45.0000;45.0000;90.0000,True,True,3.501224378337586,A:PHE54:N,1.5012243783375858,True,4.250660921833165,"sym5[1,1,0]/A:GLU57:O",2.2506609218331652,True,True,True,54.223209381103516,nan,nan,False,False
water2,7UO8_A_GLN53__039__3,7UO8_A_GLN53,39,3,0.28217116,A,1,0.28217116,True,A,0.28217116,0.7381637096405029,4.569000244140625,47.3814;-84.2434;-7.6293,g+/g-/p0,12.6186;24.2434;7.6293,45.0000;45.0000;90.0000,True,True,2.9419781488397443,A:TRP72:O,0.9419781488397443,True,2.4950195835714064,"sym4[0,0,0]/S:HOH58:O",1.1950196312551222,True,True,True,113.4662857055664,154.7640380859375,-41.297752380371094,True,True
water2,7UO8_A_GLN53__040__0,7UO8_A_GLN53,40,0,0.70636404,B,0,0.70636404,True,B,0.70636404,4.667197227478027,0.016190676018595695,177.1349;70.9323;19.7333,t/g+/p0,2.8651;10.9323;19.7333,45.0000;45.0000;90.0000,True,True,3.501224378337586,A:PHE54:N,1.5012243783375858,True,2.676518858145529,"sym5[1,1,0]/S:HOH51:O",0.9965189105976164,True,True,True,157.62451171875,157.52487182617188,0.099639892578125,True,True
water2,7UO8_A_GLN53__040__1,7UO8_A_GLN53,40,1,0.10345332,other,1,0.10345332,True,other,0.10345332,2.399550199508667,4.385916709899902,-55.3904;77.2246;24.3155,g-/g+/p0,4.6096;17.2246;24.3155,45.0000;45.0000;90.0000,True,True,3.0090093106574134,S:HOH106:O,1.469009348804386,True,2.5603507224841904,"sym4[0,0,0]/S:HOH58:O",1.2603507701679062,True,True,True,51.58863830566406,nan,nan,False,False
water2,7UO8_A_GLN53__040__2,7UO8_A_GLN53,40,2,0.17306291,other,2,0.17306291,True,other,0.17306291,1.2167105674743652,4.54013729095459,-4.9699;92.1723;-161.3642,g-/g+/t,55.0301;32.1723;18.6358,45.0000;45.0000;90.0000,False,False,2.7718856147113997,A:TRP72:O,0.7718856147113997,True,2.498272947773038,"sym4[0,0,0]/S:HOH58:O",1.1982729954567537,True,True,False,94.88525390625,nan,nan,False,False
water2,7UO8_A_GLN53__041__1,7UO8_A_GLN53,41,1,0.70422757,B,0,0.70422757,True,B,0.70422757,4.667262077331543,0.016726551577448845,177.1546;70.9179;19.7252,t/g+/p0,2.8454;10.9179;19.7252,45.0000;45.0000;90.0000,True,True,3.501224378337586,A:PHE54:N,1.5012243783375858,True,2.676097008647723,"sym5[1,1,0]/S:HOH51:O",0.9960970610998103,True,True,True,157.61691284179688,157.52487182617188,0.092041015625,True,True
water2,7UO8_A_GLN53__041__3,7UO8_A_GLN53,41,3,0.28300035,A,1,0.28300035,True,A,0.28300035,0.7383140921592712,4.568960666656494,47.3821;-84.2489;-7.6062,g+/g-/p0,12.6179;24.2489;7.6062,45.0000;45.0000;90.0000,True,True,2.9419678698449663,A:TRP72:O,0.9419678698449663,True,2.4949115330027447,"sym4[0,0,0]/S:HOH58:O",1.1949115806864605,True,True,True,113.43092346191406,154.7640380859375,-41.33311462402344,True,True
water2,7UO8_A_GLN53__042__2,7UO8_A_GLN53,42,2,0.29218233,A,0,0.29218233,True,A,0.29218233,0.7380402088165283,4.569035530090332,47.3813;-84.2386;-7.6429,g+/g-/p0,12.6187;24.2386;7.6429,45.0000;45.0000;90.0000,True,True,2.9419531913375487,A:TRP72:O,0.9419531913375487,True,2.4951219260412096,"sym4[0,0,0]/S:HOH58:O",1.1951219737249255,True,True,True,113.4679183959961,154.7640380859375,-41.296119689941406,True,True
water2,7UO8_A_GLN53__042__3,7UO8_A_GLN53,42,3,0.68465656,B,1,0.68465656,True,B,0.68465656,4.667679309844971,0.020021390169858932,177.0533;70.8464;19.3835,t/g+/p0,2.9467;10.8464;19.3835,45.0000;45.0000;90.0000,True,True,3.501224378337586,A:PHE54:N,1.5012243783375858,True,2.6697032897650614,"sym5[1,1,0]/S:HOH51:O",0.9897033422171488,True,True,True,157.62428283691406,157.52487182617188,0.0994110107421875,True,True
water2,7UO8_A_GLN53__043__0,7UO8_A_GLN53,43,0,0.74071467,other,0,0.74071467,True,other,0.74071467,4.740765571594238,1.4177411794662476,175.6610;71.5192;-160.7447,t/g+/t,4.3390;11.5192;19.2553,45.0000;45.0000;90.0000,True,True,3.501224378337586,A:PHE54:N,1.5012243783375858,True,4.253112298508729,"sym5[1,1,0]/A:GLU57:O",2.2531122985087286,True,True,True,54.20752716064453,nan,nan,False,False
water2,7UO8_A_GLN53__043__1,7UO8_A_GLN53,43,1,0.20823495,other,1,0.20823495,True,other,0.20823495,2.2525012493133545,4.473178386688232,-50.3054;78.5739;21.5490,g-/g+/p0,9.6946;18.5739;21.5490,45.0000;45.0000;90.0000,True,True,3.501224378337586,A:PHE54:N,1.5012243783375858,True,2.498552263141004,"sym4[0,0,0]/S:HOH58:O",1.19855231082472,True,True,True,52.17097091674805,nan,nan,False,False
water2,7UO8_A_GLN53__043__3,7UO8_A_GLN53,43,3,0.050126854,other,2,0.050126854,True,other,0.050126854,4.621598243713379,1.4567049741744995,-96.2951;-78.3965;-126.7820,g-/g-/t,36.2951;18.3965;53.2180,45.0000;45.0000;90.0000,True,True,2.938190249614322,S:HOH101:O,0.9381902496143222,True,4.075963457860922,"sym4[0,0,0]/S:HOH58:O",2.775963505544638,True,True,True,62.585731506347656,nan,nan,False,False
water2,7UO8_A_GLN53__044__1,7UO8_A_GLN53,44,1,0.65767741,B,0,0.65767741,True,B,0.65767741,4.670444011688232,0.039634302258491516,177.7396;70.1439;19.3796,t/g+/p0,2.2604;10.1439;19.3796,45.0000;45.0000;90.0000,True,True,3.501224378337586,A:PHE54:N,1.5012243783375858,True,2.652708392488764,"sym5[1,1,0]/S:HOH51:O",0.9727084449408516,True,True,True,157.60345458984375,157.52487182617188,0.078582763671875,True,True
water2,7UO8_A_GLN53__044__3,7UO8_A_GLN53,44,3,0.28448373,A,1,0.28448373,True,A,0.28448373,0.7385099530220032,4.5692009925842285,47.3652;-84.1893;-7.5050,g+/g-/p0,12.6348;24.1893;7.5050,45.0000;45.0000;90.0000,True,True,2.942620412438921,A:TRP72:O,0.942620412438921,True,2.495934178415119,"sym4[0,0,0]/S:HOH58:O",1.195934226098835,True,True,True,113.4653091430664,154.7640380859375,-41.298728942871094,True,True
water2,7UO8_A_GLN53__045__0,7UO8_A_GLN53,45,0,0.10369158,merged_duplicate,0,0.28855253999999997,False,A,0.0,0.7617989182472229,4.563801288604736,47.1759;-84.7835;-5.5512,g+/g-/p0,12.8241;24.7835;5.5512,45.0000;45.0000;90.0000,True,True,2.9562876116479293,A:PHE51:CB,0.9562876116479293,True,2.4799762694260155,"sym4[0,0,0]/S:HOH58:O",1.1799763171097313,True,True,True,68.97039794921875,nan,nan,False,False
water2,7UO8_A_GLN53__045__1,7UO8_A_GLN53,45,1,0.68035686,other,1,0.68035686,True,other,0.68035686,4.740269184112549,1.4177110195159912,175.6537;71.6246;-160.8744,t/g+/t,4.3463;11.6246;19.1256,45.0000;45.0000;90.0000,True,True,3.501224378337586,A:PHE54:N,1.5012243783375858,True,4.254851784338193,"sym5[1,1,0]/A:GLU57:O",2.254851784338193,True,True,True,54.22418975830078,nan,nan,False,False
water2,7UO8_A_GLN53__045__2,7UO8_A_GLN53,45,2,0.18486096,A,0,0.28855253999999997,True,A,0.28855253999999997,0.757161021232605,4.564708709716797,47.2721;-84.7149;-5.6465,g+/g-/p0,12.7279;24.7149;5.6465,45.0000;45.0000;90.0000,True,True,2.9519467421351866,A:TRP72:O,0.9519467421351866,True,2.4830097584657183,"sym4[0,0,0]/S:HOH58:O",1.183009806149434,True,True,True,112.42958068847656,154.7640380859375,-42.33445739746094,True,True
water2,7UO8_A_GLN53__046__0,7UO8_A_GLN53,46,0,0.054808959,other,0,0.288619149,False,other,0.0,1.5805473327636719,4.587823390960693,45.1668;-82.2224;164.3139,g+/g-/t,14.8332;22.2224;15.6861,45.0000;45.0000;90.0000,True,True,2.8831042826071887,A:PHE51:CB,0.8831042826071887,True,2.504781406407044,"sym4[0,0,0]/S:HOH58:O",1.2047814540907598,True,True,True,63.69252395629883,nan,nan,False,False
water2,7UO8_A_GLN53__046__1,7UO8_A_GLN53,46,1,0.23381019,other,0,0.288619149,True,other,0.288619149,1.5258713960647583,4.609960556030273,49.5360;-84.5010;169.4334,g+/g-/t,10.4640;24.5010;10.5666,45.0000;45.0000;90.0000,True,True,2.9597338626565457,A:PHE51:CB,0.9597338626565457,True,2.5261215912792796,"sym4[0,0,0]/S:HOH58:O",1.2261216389629954,True,True,True,63.980804443359375,nan,nan,False,False
water2,7UO8_A_GLN53__046__2,7UO8_A_GLN53,46,2,0.70297951,other,1,0.70297951,True,other,0.70297951,4.739983558654785,1.4178287982940674,175.8707;71.5594;-160.6745,t/g+/t,4.1293;11.5594;19.3255,45.0000;45.0000;90.0000,True,True,3.501224378337586,A:PHE54:N,1.5012243783375858,True,4.2619209737057195,"sym5[1,1,0]/A:GLU57:O",2.2619209737057195,True,True,True,54.202239990234375,nan,nan,False,False
water2,7UO8_A_GLN53__047__1,7UO8_A_GLN53,47,1,0.4327192,other,0,0.4327192,True,other,0.4327192,4.582446098327637,1.0817393064498901,-98.9654;-67.7370;137.5272,g-/g-/t,38.9654;7.7370;42.4728,45.0000;45.0000;90.0000,True,True,3.501224378337586,A:PHE54:N,1.5012243783375858,True,4.1224424579477725,"sym4[0,0,0]/S:HOH58:O",2.8224425056314884,True,True,True,57.25748062133789,nan,nan,False,False
water2,7UO8_A_GLN53__047__2,7UO8_A_GLN53,47,2,0.30151701,other,1,0.30151701,True,other,0.30151701,1.5232187509536743,4.612576007843018,49.6036;-84.1750;169.0176,g+/g-/t,10.3964;24.1750;10.9824,45.0000;45.0000;90.0000,True,True,2.9479291264478364,A:PHE51:CB,0.9479291264478364,True,2.534454112980812,"sym4[0,0,0]/S:HOH58:O",1.2344541606645278,True,True,True,64.16522216796875,nan,nan,False,False
water2,7UO8_A_GLN53__047__3,7UO8_A_GLN53,47,3,0.25924164,other,2,0.25924164,True,other,0.25924164,4.527934551239014,1.7346580028533936,-147.9486;-68.8524;154.4340,t/g-/t,32.0514;8.8524;25.5660,45.0000;45.0000;90.0000,True,True,2.9962739546856816,A:GLN55:CG,0.9962739546856816,True,3.992049701341891,"sym5[1,1,0]/A:GLU57:O",1.992049701341891,True,True,True,59.583003997802734,nan,nan,False,False
water2,7UO8_A_GLN53__048__1,7UO8_A_GLN53,48,1,0.69374073,other,0,0.69374073,True,other,0.69374073,4.739989757537842,1.4178285598754883,175.8702;71.5583;-160.6811,t/g+/t,4.1298;11.5583;19.3189,45.0000;45.0000;90.0000,True,True,3.501224378337586,A:PHE54:N,1.5012243783375858,True,4.261907121317184,"sym5[1,1,0]/A:GLU57:O",2.2619071213171837,True,True,True,54.202239990234375,nan,nan,False,False
water2,7UO8_A_GLN53__048__2,7UO8_A_GLN53,48,2,0.26832798,other,1,0.26832798,True,other,0.26832798,1.5255317687988281,4.610414981842041,49.5275;-84.4215;169.3420,g+/g-/t,10.4725;24.4215;10.6580,45.0000;45.0000;90.0000,True,True,2.9570341287281563,A:PHE51:CB,0.9570341287281563,True,2.527702287634019,"sym4[0,0,0]/S:HOH58:O",1.2277023353177348,True,True,True,64.00985717773438,nan,nan,False,False
water2,7UO8_A_GLN53__049__1,7UO8_A_GLN53,49,1,0.28861377,other,0,0.28861377,True,other,0.28861377,1.5246609449386597,4.611223220825195,49.5560;-84.3298;169.2233,g+/g-/t,10.4440;24.3298;10.7767,45.0000;45.0000;90.0000,True,True,2.953655298611476,A:PHE51:CB,0.9536552986114759,True,2.530217765884744,"sym4[0,0,0]/S:HOH58:O",1.2302178135684598,True,True,True,64.06702423095703,nan,nan,False,False
water2,7UO8_A_GLN53__049__2,7UO8_A_GLN53,49,2,0.69617927,B,1,0.69617927,True,B,0.69617927,4.667552947998047,0.017254652455449104,177.1676;70.8301;19.8433,t/g+/p0,2.8324;10.8301;19.8433,45.0000;45.0000;90.0000,True,True,3.501224378337586,A:PHE54:N,1.5012243783375858,True,2.674922921718131,"sym5[1,1,0]/S:HOH51:O",0.9949229741702186,True,True,True,157.6060791015625,157.52487182617188,0.081207275390625,True,True
water2,2VFP_A_TYR417__000__0,2VFP_A_TYR417,0,0,1.0,other,0,1.0,True,other,1.0,5.960795879364014,6.028204917907715,132.5747;-123.1451,t/m-,47.4253;33.1451,45.0000;45.0000,False,False,1.6804333332576968,A:ASP399:OD2,-0.31956666674230316,False,8.952063198113414,"sym10[0,0,-1]/S:HOH152:O",7.452063198113414,True,False,False,908.2630004882812,nan,nan,False,False
water2,2VFP_A_TYR417__001__3,2VFP_A_TYR417,1,3,0.90160918,B,0,0.90160918,True,B,0.90160918,0.335210919380188,0.1842331737279892,-63.5848;-68.9359,g-/m-,3.5848;21.0641,45.0000;45.0000,True,True,2.9757297139232275,S:HOH391:O,1.0557297568385717,True,4.389734458193624,"sym10[0,0,-1]/S:HOH152:O",2.889734458193624,True,True,True,18.746540069580078,18.896686553955078,-0.150146484375,True,True
water2,2VFP_A_TYR417__002__0,2VFP_A_TYR417,2,0,0.055462673,other,0,0.055462673,True,other,0.055462673,5.959890365600586,6.027650833129883,132.6729;-123.3150,t/m-,47.3271;33.3150,45.0000;45.0000,False,False,1.6873448241361486,A:ASP399:OD2,-0.3126551758638514,False,8.952063198113414,"sym10[0,0,-1]/S:HOH152:O",7.452063198113414,True,False,False,910.3951416015625,nan,nan,False,False
water2,2VFP_A_TYR417__002__1,2VFP_A_TYR417,2,1,0.84418505,B,1,0.928729284,True,B,0.928729284,0.3341984748840332,0.18686477839946747,-63.1107;110.3635,g-/m+,3.1107;20.3635,45.0000;45.0000,True,True,2.9573239274890635,S:HOH391:O,1.0373239704044077,True,4.377383941718372,"sym10[0,0,-1]/S:HOH152:O",2.8773839417183718,True,True,True,18.614654541015625,18.896686553955078,-0.2820320129394531,True,True
water2,2VFP_A_TYR417__002__3,2VFP_A_TYR417,2,3,0.084544234,merged_duplicate,1,0.928729284,False,B,0.0,0.7472975850105286,0.4029228091239929,-56.0509;-87.4913,g-/m-,3.9491;2.5087,45.0000;45.0000,True,True,2.311652739063739,S:HOH392:O,0.8716526818432802,True,4.528749045372938,"sym10[0,0,-1]/S:HOH152:O",3.0287490453729378,True,True,True,23.259197235107422,nan,nan,False,False
water2,2VFP_A_TYR417__003__0,2VFP_A_TYR417,3,0,0.65632671,B,0,0.65632671,True,B,0.65632671,0.3853745758533478,0.128878653049469,-62.4499;114.2032,g-/m+,2.4499;24.2032,45.0000;45.0000,True,True,3.011410327134924,S:HOH391:O,1.0914103700502684,True,4.385629302219241,"sym10[0,0,-1]/S:HOH152:O",2.8856293022192414,True,True,True,18.74657440185547,18.896686553955078,-0.15011215209960938,True,True
water2,2VFP_A_TYR417__003__2,2VFP_A_TYR417,3,2,0.28761092,A,1,0.28761092,True,A,0.28761092,0.3322044909000397,0.3038049340248108,-63.6358;-80.1320,g-/m-,3.6358;9.8680,45.0000;45.0000,True,True,2.970441084538696,S:HOH391:O,1.0504411274540404,True,4.393784800318696,"sym10[0,0,-1]/S:HOH152:O",2.893784800318696,True,True,True,17.019012451171875,17.049381256103516,-0.030368804931640625,True,True
water2,2VFP_A_TYR417__004__0,2VFP_A_TYR417,4,0,0.68419772,B,0,0.68419772,True,B,0.68419772,0.36766985058784485,0.14737914502620697,-62.6517;112.7033,g-/m+,2.6517;22.7033,45.0000;45.0000,True,True,2.99485471792548,S:HOH391:O,1.0748547608408243,True,4.382873664459274,"sym10[0,0,-1]/S:HOH152:O",2.8828736644592743,True,True,True,18.679882049560547,18.896686553955078,-0.21680450439453125,True,True
water2,2VFP_A_TYR417__004__1,2VFP_A_TYR417,4,1,0.22873394,A,1,0.22873394,True,A,0.22873394,0.3368368148803711,0.30047452449798584,-63.5442;-80.1146,g-/m-,3.5442;9.8854,45.0000;45.0000,True,True,2.9779542008182083,S:HOH391:O,1.0579542437335525,True,4.3946655030225275,"sym10[0,0,-1]/S:HOH152:O",2.8946655030225275,True,True,True,17.019573211669922,17.049381256103516,-0.02980804443359375,True,True
water2,2VFP_A_TYR417__005__0,2VFP_A_TYR417,5,0,0.062843166,other,0,0.062843166,True,other,0.062843166,5.959937572479248,6.027680397033691,132.6680;-123.3131,t/m-,47.3320;33.3131,45.0000;45.0000,False,False,1.6869943713299687,A:ASP399:OD2,-0.31300562867003134,False,8.952063198113414,"sym10[0,0,-1]/S:HOH152:O",7.452063198113414,True,False,False,910.302001953125,nan,nan,False,False
water2,2VFP_A_TYR417__005__1,2VFP_A_TYR417,5,1,0.099457659,other,1,0.099457659,True,other,0.099457659,0.7830873131752014,0.44392749667167664,-55.4829;-89.6722,g-/m-,4.5171;0.3278,45.0000;45.0000,True,True,3.253623747260242,A:GLN416:CG,1.2536237472602418,True,4.543916472328795,"sym10[0,0,-1]/S:HOH152:O",3.043916472328795,True,True,True,23.918636322021484,nan,nan,False,False
water2,2VFP_A_TYR417__005__3,2VFP_A_TYR417,5,3,0.81469011,B,2,0.81469011,True,B,0.81469011,0.3221404552459717,0.1942184865474701,-63.8776;-68.2267,g-/m-,3.8776;21.7733,45.0000;45.0000,True,True,2.9517749204010704,S:HOH391:O,1.0317749633164146,True,4.386668626680558,"sym10[0,0,-1]/S:HOH152:O",2.8866686266805583,True,True,True,18.772968292236328,18.896686553955078,-0.12371826171875,True,True
water2,2VFP_A_TYR417__006__0,2VFP_A_TYR417,6,0,0.85669065,B,0,0.93268082,True,B,0.93268082,0.33638957142829895,0.18405470252037048,-63.0803;110.5344,g-/m+,3.0803;20.5344,45.0000;45.0000,True,True,2.959804611402798,S:HOH391:O,1.039804654318142,True,4.377740910120144,"sym10[0,0,-1]/S:HOH152:O",2.877740910120144,True,True,True,18.614356994628906,18.896686553955078,-0.2823295593261719,True,True
water2,2VFP_A_TYR417__006__1,2VFP_A_TYR417,6,1,0.07599017,merged_duplicate,0,0.93268082,False,B,0.0,0.7508477568626404,0.41422030329704285,-55.6484;91.3782,g-/m+,4.3516;1.3782,45.0000;45.0000,True,True,2.2978738253973283,S:HOH392:O,0.8578737681768693,True,4.498416072386826,"sym10[0,0,-1]/S:HOH152:O",2.998416072386826,True,True,True,23.060874938964844,nan,nan,False,False
water2,2VFP_A_TYR417__006__2,2VFP_A_TYR417,6,2,0.066210844,other,1,0.066210844,True,other,0.066210844,5.953232765197754,6.019525527954102,132.3748;57.1762,t/m+,47.6252;32.8238,45.0000;45.0000,False,False,1.669646522284007,A:ASP399:OD2,-0.3303534777159931,False,8.952063198113414,"sym10[0,0,-1]/S:HOH152:O",7.452063198113414,True,False,False,915.4744262695312,nan,nan,False,False
water2,2VFP_A_TYR417__007__0,2VFP_A_TYR417,7,0,0.2691488,other,0,0.2691488,True,other,0.2691488,5.456446647644043,5.253768444061279,55.5325;-58.1441,g+/m-,4.4675;31.8559,45.0000;45.0000,True,True,1.6481242746851255,A:LEU422:CD2,-0.35187572531487454,False,8.952063198113414,"sym10[0,0,-1]/S:HOH152:O",7.452063198113414,True,False,False,998.0982055664062,nan,nan,False,False
water2,2VFP_A_TYR417__007__2,2VFP_A_TYR417,7,2,0.17826079,other,1,0.7308512199999999,False,other,0.0,5.953304290771484,6.01956844329834,132.3669;57.2006,t/m+,47.6331;32.7994,45.0000;45.0000,False,False,1.6690909642852643,A:ASP399:OD2,-0.33090903571473573,False,8.952063198113414,"sym10[0,0,-1]/S:HOH152:O",7.452063198113414,True,False,False,915.2997436523438,nan,nan,False,False
water2,2VFP_A_TYR417__007__3,2VFP_A_TYR417,7,3,0.55259043,other,1,0.7308512199999999,True,other,0.7308512199999999,5.96022367477417,6.027856826782227,132.6378;-123.2767,t/m-,47.3622;33.2767,45.0000;45.0000,False,False,1.684858109030965,A:ASP399:OD2,-0.3151418909690351,False,8.952063198113414,"sym10[0,0,-1]/S:HOH152:O",7.452063198113414,True,False,False,909.8505249023438,nan,nan,False,False
water2,2VFP_A_TYR417__008__0,2VFP_A_TYR417,8,0,0.35349223,other,0,0.7224849200000001,False,other,0.0,5.9643964767456055,6.03108024597168,132.4694;-127.4572,t/m-,47.5306;37.4572,45.0000;45.0000,False,False,1.6708997527444638,A:ASP399:OD2,-0.3291002472555362,False,8.952063198113414,"sym10[0,0,-1]/S:HOH152:O",7.452063198113414,True,False,False,922.0321044921875,nan,nan,False,False
water2,2VFP_A_TYR417__008__1,2VFP_A_TYR417,8,1,0.27751505,other,1,0.27751505,True,other,0.27751505,5.45653772354126,5.253870010375977,55.5363;-58.1254,g+/m-,4.4637;31.8746,45.0000;45.0000,True,True,1.6477592102228127,A:LEU422:CD2,-0.3522407897771873,False,8.952063198113414,"sym10[0,0,-1]/S:HOH152:O",7.452063198113414,True,False,False,997.7860717773438,nan,nan,False,False
water2,2VFP_A_TYR417__008__2,2VFP_A_TYR417,8,2,0.36899269,other,0,0.7224849200000001,True,other,0.7224849200000001,5.953438758850098,6.019648551940918,132.3517;57.2448,t/m+,47.6483;32.7552,45.0000;45.0000,False,False,1.668027735951235,A:ASP399:OD2,-0.331972264048765,False,8.952063198113414,"sym10[0,0,-1]/S:HOH152:O",7.452063198113414,True,False,False,915.1370239257812,nan,nan,False,False
water2,2VFP_A_TYR417__009__1,2VFP_A_TYR417,9,1,0.87825841,B,0,0.87825841,True,B,0.87825841,0.3355259597301483,0.1839408576488495,-63.5790;-68.9354,g-/m-,3.5790;21.0646,45.0000;45.0000,True,True,2.9762041692419636,S:HOH391:O,1.0562042121573079,True,4.389790058652315,"sym10[0,0,-1]/S:HOH152:O",2.8897900586523146,True,True,True,18.745952606201172,18.896686553955078,-0.15073394775390625,True,True
water2,2VFP_A_TYR417__009__3,2VFP_A_TYR417,9,3,0.083714217,other,1,0.083714217,True,other,0.083714217,5.953183174133301,6.019494533538818,132.3801;57.1738,t/m+,47.6199;32.8262,45.0000;45.0000,False,False,1.6700012666026551,A:ASP399:OD2,-0.32999873339734487,False,8.952063198113414,"sym10[0,0,-1]/S:HOH152:O",7.452063198113414,True,False,False,915.5051879882812,nan,nan,False,False
water2,2VFP_A_TYR417__010__1,2VFP_A_TYR417,10,1,0.88594723,B,0,0.88594723,True,B,0.88594723,0.3351716995239258,0.18442125618457794,-63.5830;-68.9731,g-/m-,3.5830;21.0269,45.0000;45.0000,True,True,2.975868754483675,S:HOH391:O,1.055868797399019,True,4.389766208978102,"sym10[0,0,-1]/S:HOH152:O",2.889766208978102,True,True,True,18.747234344482422,18.896686553955078,-0.14945220947265625,True,True
water2,2VFP_A_TYR417__011__0,2VFP_A_TYR417,11,0,0.32765403,other,0,0.32765403,True,other,0.32765403,5.45833158493042,5.25640344619751,56.2122;120.6454,g+/m+,3.7878;30.6454,45.0000;45.0000,True,True,1.65534445525211,A:LEU422:CD2,-0.34465554474789006,False,8.952063198113414,"sym10[0,0,-1]/S:HOH152:O",7.452063198113414,True,False,False,978.2932739257812,nan,nan,False,False
water2,2VFP_A_TYR417__011__1,2VFP_A_TYR417,11,1,0.44383344,other,1,0.672345951,True,other,0.672345951,5.960294723510742,6.027865886688232,132.6145;-122.9541,t/m-,47.3855;32.9541,45.0000;45.0000,False,False,1.6833582318822038,A:ASP399:OD2,-0.3166417681177962,False,8.952063198113414,"sym10[0,0,-1]/S:HOH152:O",7.452063198113414,True,False,False,908.3716430664062,nan,nan,False,False
water2,2VFP_A_TYR417__011__2,2VFP_A_TYR417,11,2,0.088480011,other,1,0.672345951,False,other,0.0,5.953176498413086,6.019474983215332,132.3745;57.3392,t/m+,47.6255;32.6608,45.0000;45.0000,False,False,1.6695407449965673,A:ASP399:OD2,-0.33045925500343265,False,8.952063198113414,"sym10[0,0,-1]/S:HOH152:O",7.452063198113414,True,False,False,915.0313110351562,nan,nan,False,False
water2,2VFP_A_TYR417__011__3,2VFP_A_TYR417,11,3,0.1400325,other,1,0.672345951,False,other,0.0,5.960026741027832,6.027735710144043,132.6584;-123.2959,t/m-,47.3416;33.2959,45.0000;45.0000,False,False,1.6863208075725704,A:ASP399:OD2,-0.3136791924274296,False,8.952063198113414,"sym10[0,0,-1]/S:HOH152:O",7.452063198113414,True,False,False,909.9834594726562,nan,nan,False,False
water2,2VFP_A_TYR417__012__3,2VFP_A_TYR417,12,3,0.88625747,B,0,0.88625747,True,B,0.88625747,0.3405839502811432,0.18425628542900085,-62.9623;109.7935,g-/m+,2.9623;19.7935,45.0000;45.0000,True,True,2.969499552184887,S:HOH391:O,1.0494995951002313,True,4.378549916213941,"sym10[0,0,-1]/S:HOH152:O",2.8785499162139407,True,True,True,18.607112884521484,18.896686553955078,-0.28957366943359375,True,True
water2,2VFP_A_TYR417__013__1,2VFP_A_TYR417,13,1,0.48859674,B,0,0.48859674,True,B,0.48859674,0.43529483675956726,0.07954175770282745,-61.6153;115.3607,g-/m+,1.6153;25.3607,45.0000;45.0000,True,True,2.5158994066168896,S:HOH392:O,1.0758993493964306,True,4.395809553649306,"sym10[0,0,-1]/S:HOH152:O",2.895809553649306,True,True,True,18.798721313476562,18.896686553955078,-0.09796524047851562,True,True
water2,2VFP_A_TYR417__013__3,2VFP_A_TYR417,13,3,0.47508454,A,1,0.47508454,True,A,0.47508454,0.24795937538146973,0.2989274859428406,-65.0000;-74.5127,g-/m-,5.0000;15.4873,45.0000;45.0000,True,True,2.8602423809604365,S:HOH391:O,0.9402424238757807,True,4.380425969801158,"sym10[0,0,-1]/S:HOH152:O",2.8804259698011583,True,True,True,16.576446533203125,17.049381256103516,-0.4729347229003906,True,True
water2,2VFP_A_TYR417__014__0,2VFP_A_TYR417,14,0,0.98312116,B,0,0.98312116,True,B,0.98312116,0.36738404631614685,0.15261830389499664,-63.0254;-68.4195,g-/m-,3.0254;21.5805,45.0000;45.0000,True,True,3.021782036013268,S:HOH391:O,1.1017820789286121,True,4.395303774518288,"sym10[0,0,-1]/S:HOH152:O",2.895303774518288,True,True,True,18.729496002197266,18.896686553955078,-0.1671905517578125,True,True
water2,2VFP_A_TYR417__015__2,2VFP_A_TYR417,15,2,0.98776895,B,0,0.98776895,True,B,0.98776895,0.33563441038131714,0.18369562923908234,-63.5794;-68.8996,g-/m-,3.5794;21.1004,45.0000;45.0000,True,True,2.9761719012299284,S:HOH391:O,1.0561719441452726,True,4.389770981887767,"sym10[0,0,-1]/S:HOH152:O",2.889770981887767,True,True,True,18.747737884521484,18.896686553955078,-0.14894866943359375,True,True
water2,2VFP_A_TYR417__016__0,2VFP_A_TYR417,16,0,0.07330288,other,0,0.07330288,True,other,0.07330288,0.9273882508277893,0.5064135789871216,-52.5208;-84.2948,g-/m-,7.4792;5.7052,45.0000;45.0000,True,True,3.3043357301617466,A:TYR412:CB,1.3043357301617466,True,4.627884518006131,"sym10[0,0,-1]/S:HOH152:O",3.127884518006131,True,True,True,30.769622802734375,nan,nan,False,False
water2,2VFP_A_TYR417__016__2,2VFP_A_TYR417,16,2,0.88086224,B,1,0.88086224,True,B,0.88086224,0.33678871393203735,0.18586580455303192,-63.0483;110.1026,g-/m+,3.0483;20.1026,45.0000;45.0000,True,True,2.9624367701927254,S:HOH391:O,1.0424368131080697,True,4.37785734410774,"sym10[0,0,-1]/S:HOH152:O",2.87785734410774,True,True,True,18.612163543701172,18.896686553955078,-0.28452301025390625,True,True
water2,2VFP_A_TYR417__017__0,2VFP_A_TYR417,17,0,0.67455584,B,0,0.67455584,True,B,0.67455584,0.4027485251426697,0.1117342859506607,-62.0694;113.6083,g-/m+,2.0694;23.6083,45.0000;45.0000,True,True,2.5361499087987758,S:HOH392:O,1.0961498515783168,True,4.389602681868232,"sym10[0,0,-1]/S:HOH152:O",2.889602681868232,True,True,True,18.717273712158203,18.896686553955078,-0.179412841796875,True,True
water2,2VFP_A_TYR417__017__3,2VFP_A_TYR417,17,3,0.25313532,A,1,0.25313532,True,A,0.25313532,0.3199629485607147,0.2790844738483429,-63.7392;-77.7657,g-/m-,3.7392;12.2343,45.0000;45.0000,True,True,2.9622792939687423,S:HOH391:O,1.0422793368840866,True,4.3918748045343365,"sym10[0,0,-1]/S:HOH152:O",2.8918748045343365,True,True,True,16.753250122070312,17.049381256103516,-0.2961311340332031,True,True
water2,2VFP_A_TYR417__018__0,2VFP_A_TYR417,18,0,0.082992949,merged_duplicate,0,0.918646909,False,B,0.0,0.7473028302192688,0.4029093384742737,-56.0508;-87.4897,g-/m-,3.9492;2.5103,45.0000;45.0000,True,True,2.3116483201437363,S:HOH392:O,0.8716482629232774,True,4.52875497827166,"sym10[0,0,-1]/S:HOH152:O",3.0287549782716603,True,True,True,23.259994506835938,nan,nan,False,False
water2,2VFP_A_TYR417__018__1,2VFP_A_TYR417,18,1,0.83565396,B,0,0.918646909,True,B,0.918646909,0.33412066102027893,0.18703432381153107,-63.1109;110.3434,g-/m+,3.1109;20.3434,45.0000;45.0000,True,True,2.957302723963033,S:HOH391:O,1.0373027668783772,True,4.377369091332008,"sym10[0,0,-1]/S:HOH152:O",2.8773690913320076,True,True,True,18.61492156982422,18.896686553955078,-0.2817649841308594,True,True
water2,2VFP_A_TYR417__019__1,2VFP_A_TYR417,19,1,0.88682854,B,0,0.88682854,True,B,0.88682854,0.335185170173645,0.18440935015678406,-63.5827;-68.9732,g-/m-,3.5827;21.0268,45.0000;45.0000,True,True,2.9758900096446506,S:HOH391:O,1.0558900525599948,True,4.389768189068071,"sym10[0,0,-1]/S:HOH152:O",2.8897681890680706,True,True,True,18.747234344482422,18.896686553955078,-0.14945220947265625,True,True
water2,2VFP_A_TYR417__019__3,2VFP_A_TYR417,19,3,0.050420359,other,1,0.050420359,True,other,0.050420359,5.99445915222168,6.043031692504883,127.4149;70.2695,t/m+,52.5851;19.7305,45.0000;45.0000,False,False,1.3714268487014842,A:ASP399:OD2,-0.6285731512985158,False,8.952063198113414,"sym10[0,0,-1]/S:HOH152:O",7.452063198113414,True,False,False,816.0137939453125,nan,nan,False,False
water2,2VFP_A_TYR417__020__1,2VFP_A_TYR417,20,1,0.88957137,B,0,0.88957137,True,B,0.88957137,0.34053847193717957,0.1843302696943283,-62.9629;109.7879,g-/m+,2.9629;19.7879,45.0000;45.0000,True,True,2.9694512126535817,S:HOH391:O,1.049451255568926,True,4.3785371802536455,"sym10[0,0,-1]/S:HOH152:O",2.8785371802536455,True,True,True,18.607017517089844,18.896686553955078,-0.2896690368652344,True,True
water2,2VFP_A_TYR417__020__2,2VFP_A_TYR417,20,2,0.068367511,other,1,0.068367511,True,other,0.068367511,5.959933757781982,6.0276780128479,132.6684;-123.3149,t/m-,47.3316;33.3149,45.0000;45.0000,False,False,1.687020984491046,A:ASP399:OD2,-0.312979015508954,False,8.952063198113414,"sym10[0,0,-1]/S:HOH152:O",7.452063198113414,True,False,False,910.302001953125,nan,nan,False,False
water2,2VFP_A_TYR417__021__1,2VFP_A_TYR417,21,1,0.17400347,B,0,0.17400347,True,B,0.17400347,0.7602139115333557,0.27663111686706543,-55.7027;-70.3324,g-/m-,4.2973;19.6676,45.0000;45.0000,True,True,2.2979201847218014,S:HOH392:O,0.8579201275013424,True,4.5316399846883755,"sym10[0,0,-1]/S:HOH152:O",3.0316399846883755,True,True,True,20.146785736083984,18.896686553955078,1.2500991821289062,False,False
water2,2VFP_A_TYR417__021__3,2VFP_A_TYR417,21,3,0.77538341,A,1,0.77538341,True,A,0.77538341,0.3012921214103699,0.21641936898231506,-64.2010;-69.0849,g-/m-,4.2010;20.9151,45.0000;45.0000,True,True,2.9253625969001953,S:HOH391:O,1.0053626398155395,True,4.384195876102616,"sym10[0,0,-1]/S:HOH152:O",2.8841958761026163,True,True,True,16.491817474365234,17.049381256103516,-0.5575637817382812,True,True
water2,2VFP_A_TYR417__022__2,2VFP_A_TYR417,22,2,0.96266413,B,0,0.96266413,True,B,0.96266413,0.33538785576820374,0.1839880645275116,-63.5828;-68.9157,g-/m-,3.5828;21.0843,45.0000;45.0000,True,True,2.975887601047202,S:HOH391:O,1.0558876439625462,True,4.389744262919002,"sym10[0,0,-1]/S:HOH152:O",2.8897442629190024,True,True,True,18.745948791503906,18.896686553955078,-0.15073776245117188,True,True
water2,2VFP_A_TYR417__023__2,2VFP_A_TYR417,23,2,0.99321657,B,0,0.99321657,True,B,0.99321657,0.30386966466903687,0.2108995020389557,-64.2827;-67.4588,g-/m-,4.2827;22.5412,45.0000;45.0000,True,True,2.918779205024177,S:HOH391:O,0.9987792479395212,True,4.382820457076008,"sym10[0,0,-1]/S:HOH152:O",2.882820457076008,True,True,True,18.820415496826172,18.896686553955078,-0.07627105712890625,True,True
water2,2VFP_A_TYR417__024__0,2VFP_A_TYR417,24,0,0.90406203,B,0,0.90406203,True,B,0.90406203,0.3422468900680542,0.18182098865509033,-62.9402;109.9574,g-/m+,2.9402;19.9574,45.0000;45.0000,True,True,2.9713064529447735,S:HOH391:O,1.0513064958601177,True,4.378831673081964,"sym10[0,0,-1]/S:HOH152:O",2.8788316730819643,True,True,True,18.610191345214844,18.896686553955078,-0.2864952087402344,True,True
water2,2VFP_A_TYR417__024__1,2VFP_A_TYR417,24,1,0.059961356,other,1,0.059961356,True,other,0.059961356,5.952158451080322,6.0188517570495605,132.4831;57.1630,t/m+,47.5169;32.8370,45.0000;45.0000,False,False,1.6770657949477623,A:ASP399:OD2,-0.3229342050522377,False,8.952063198113414,"sym10[0,0,-1]/S:HOH152:O",7.452063198113414,True,False,False,917.3369750976562,nan,nan,False,False
water2,2VFP_A_TYR417__025__0,2VFP_A_TYR417,25,0,0.14033777,A,0,0.27184177,True,A,0.27184177,0.3503526449203491,0.33349505066871643,-63.5056;-82.8240,g-/m-,3.5056;7.1760,45.0000;45.0000,True,True,2.980692902488947,S:HOH391:O,1.0606929454042913,True,4.396075074002644,"sym10[0,0,-1]/S:HOH152:O",2.8960750740026437,True,True,True,17.460857391357422,17.049381256103516,0.41147613525390625,True,True
water2,2VFP_A_TYR417__025__1,2VFP_A_TYR417,25,1,0.131504,merged_duplicate,0,0.27184177,False,A,0.0,0.7209200859069824,0.24384869635105133,-56.4024;-70.9622,g-/m-,3.5976;19.0378,45.0000;45.0000,True,True,3.38419155202051,A:GLN416:O,1.3841915520205101,True,4.514300678072644,"sym10[0,0,-1]/S:HOH152:O",3.014300678072644,True,True,True,23.628673553466797,nan,nan,False,False
water2,2VFP_A_TYR417__025__2,2VFP_A_TYR417,25,2,0.68187904,B,1,0.68187904,True,B,0.68187904,0.3327992260456085,0.18450726568698883,-63.1925;111.2526,g-/m+,3.1925;21.2526,45.0000;45.0000,True,True,2.9505838418371324,S:HOH391:O,1.0305838847524766,True,4.377003280049801,"sym10[0,0,-1]/S:HOH152:O",2.8770032800498013,True,True,True,18.642471313476562,18.896686553955078,-0.2542152404785156,True,True
water2,2VFP_A_TYR417__026__0,2VFP_A_TYR417,26,0,0.053073965,other,0,0.053073965,True,other,0.053073965,5.951486587524414,6.018604278564453,132.6161;55.5374,t/m+,47.3839;34.4626,45.0000;45.0000,False,False,1.6870093976800007,A:ASP399:OD2,-0.3129906023199993,False,8.952063198113414,"sym10[0,0,-1]/S:HOH152:O",7.452063198113414,True,False,False,923.7081298828125,nan,nan,False,False
water2,2VFP_A_TYR417__026__2,2VFP_A_TYR417,26,2,0.81977403,A,1,0.81977403,True,A,0.81977403,0.3219827711582184,0.19419530034065247,-63.8864;-68.1519,g-/m-,3.8864;21.8481,45.0000;45.0000,True,True,2.951066324327134,S:HOH391:O,1.0310663672424782,True,4.386557193642065,"sym10[0,0,-1]/S:HOH152:O",2.886557193642065,True,True,True,16.488983154296875,17.049381256103516,-0.5603981018066406,True,True
water2,2VFP_A_TYR417__026__3,2VFP_A_TYR417,26,3,0.1023896,B,2,0.1023896,True,B,0.1023896,0.7575002312660217,0.4358254373073578,-56.0209;-90.2784,g-/m-,3.9791;0.2784,45.0000;45.0000,True,True,2.3119309721911074,S:HOH392:O,0.8719309149706485,True,4.5303153034012285,"sym10[0,0,-1]/S:HOH152:O",3.0303153034012285,True,True,True,23.63824462890625,18.896686553955078,4.741558074951172,False,False
water2,2VFP_A_TYR417__027__0,2VFP_A_TYR417,27,0,0.84535396,B,0,0.84535396,True,B,0.84535396,0.3498423993587494,0.17568455636501312,-62.7960;109.8705,g-/m+,2.7960;19.8705,45.0000;45.0000,True,True,2.9831351680406635,S:HOH391:O,1.0631352109560077,True,4.380213416041277,"sym10[0,0,-1]/S:HOH152:O",2.8802134160412773,True,True,True,18.61029052734375,18.896686553955078,-0.2863960266113281,True,True
water2,2VFP_A_TYR417__027__1,2VFP_A_TYR417,27,1,0.10022426,other,1,0.10022426,True,other,0.10022426,5.945354461669922,6.014537334442139,133.1557;57.1266,t/m+,46.8443;32.8734,45.0000;45.0000,False,False,1.7239148387562222,A:ASP399:OD2,-0.2760851612437778,False,8.952063198113414,"sym10[0,0,-1]/S:HOH152:O",7.452063198113414,True,False,False,930.0592041015625,nan,nan,False,False
water2,2VFP_A_TYR417__028__1,2VFP_A_TYR417,28,1,0.060267568,other,0,0.060267568,True,other,0.060267568,5.959926128387451,6.027674198150635,132.6695;-123.3195,t/m-,47.3305;33.3195,45.0000;45.0000,False,False,1.6870935288452678,A:ASP399:OD2,-0.31290647115473225,False,8.952063198113414,"sym10[0,0,-1]/S:HOH152:O",7.452063198113414,True,False,False,910.48876953125,nan,nan,False,False
water2,2VFP_A_TYR417__028__3,2VFP_A_TYR417,28,3,0.87115711,B,1,0.87115711,True,B,0.87115711,0.3354697823524475,0.1840672791004181,-63.5788;-68.9537,g-/m-,3.5788;21.0463,45.0000;45.0000,True,True,2.9762174716466827,S:HOH391:O,1.056217514562027,True,4.389799943420665,"sym10[0,0,-1]/S:HOH152:O",2.889799943420665,True,True,True,18.749217987060547,18.896686553955078,-0.14746856689453125,True,True
water2,2VFP_A_TYR417__029__0,2VFP_A_TYR417,29,0,0.88107497,B,0,0.88107497,True,B,0.88107497,0.33781325817108154,0.1820012927055359,-63.5342;-68.9748,g-/m-,3.5342;21.0252,45.0000;45.0000,True,True,2.979881189945465,S:HOH391:O,1.0598812328608092,True,4.390247224185701,"sym10[0,0,-1]/S:HOH152:O",2.8902472241857007,True,True,True,18.74405288696289,18.896686553955078,-0.1526336669921875,True,True
water2,2VFP_A_TYR417__030__0,2VFP_A_TYR417,30,0,0.11518343,B,0,0.11518343,True,B,0.11518343,0.7623486518859863,0.4391060471534729,-55.9312;-90.3561,g-/m-,4.0688;0.3561,45.0000;45.0000,True,True,2.309911450757426,S:HOH392:O,0.8699113935369671,True,4.532594850707365,"sym10[0,0,-1]/S:HOH152:O",3.0325948507073646,True,True,True,23.70819854736328,18.896686553955078,4.811511993408203,False,False
water2,2VFP_A_TYR417__030__3,2VFP_A_TYR417,30,3,0.86149812,A,1,0.86149812,True,A,0.86149812,0.3211756944656372,0.19476433098316193,-63.9089;-68.0569,g-/m-,3.9089;21.9431,45.0000;45.0000,True,True,2.949230789052961,S:HOH391:O,1.0292308319683054,True,4.386312857701628,"sym10[0,0,-1]/S:HOH152:O",2.886312857701628,True,True,True,16.489124298095703,17.049381256103516,-0.5602569580078125,True,True
water2,2VFP_A_TYR417__031__1,2VFP_A_TYR417,31,1,0.90221757,B,0,0.90221757,True,B,0.90221757,0.33273178339004517,0.18577636778354645,-63.6438;-68.7407,g-/m-,3.6438;21.2593,45.0000;45.0000,True,True,2.970894125217627,S:HOH391:O,1.050894168132971,True,4.389079280064344,"sym10[0,0,-1]/S:HOH152:O",2.889079280064344,True,True,True,18.75020980834961,18.896686553955078,-0.14647674560546875,True,True
water2,2VFP_A_TYR417__031__3,2VFP_A_TYR417,31,3,0.059615027,other,1,0.059615027,True,other,0.059615027,5.9531683921813965,6.0194854736328125,132.3816;57.1725,t/m+,47.6184;32.8275,45.0000;45.0000,False,False,1.6701040363779927,A:ASP399:OD2,-0.32989596362200735,False,8.952063198113414,"sym10[0,0,-1]/S:HOH152:O",7.452063198113414,True,False,False,915.5078735351562,nan,nan,False,False
water2,2VFP_A_TYR417__032__0,2VFP_A_TYR417,32,0,0.68014085,B,0,0.68014085,True,B,0.68014085,0.37177133560180664,0.14311596751213074,-62.5874;112.8584,g-/m+,2.5874;22.8584,45.0000;45.0000,True,True,3.0001233596584087,S:HOH391:O,1.080123402573753,True,4.383598702653229,"sym10[0,0,-1]/S:HOH152:O",2.883598702653229,True,True,True,18.687061309814453,18.896686553955078,-0.209625244140625,True,True
water2,2VFP_A_TYR417__032__1,2VFP_A_TYR417,32,1,0.24127521,A,1,0.24127521,True,A,0.24127521,0.334877073764801,0.30062663555145264,-63.5770;-80.0371,g-/m-,3.5770;9.9629,45.0000;45.0000,True,True,2.975264617999952,S:HOH391:O,1.055264660915296,True,4.394312895896799,"sym10[0,0,-1]/S:HOH152:O",2.8943128958967987,True,True,True,17.009075164794922,17.049381256103516,-0.04030609130859375,True,True
water2,2VFP_A_TYR417__033__0,2VFP_A_TYR417,33,0,0.061552037,other,0,0.061552037,True,other,0.061552037,0.9524989128112793,0.6394655704498291,-52.6514;79.1714,g-/m+,7.3486;10.8286,45.0000;45.0000,True,True,3.03234237395401,A:GLN416:CG,1.0323423739540099,True,4.578224125797391,"sym10[0,0,-1]/S:HOH152:O",3.078224125797391,True,True,True,30.65756607055664,nan,nan,False,False
water2,2VFP_A_TYR417__033__2,2VFP_A_TYR417,33,2,0.77530801,A,1,0.77530801,True,A,0.77530801,0.32479146122932434,0.19425876438617706,-63.3008;110.6410,g-/m+,3.3008;20.6410,45.0000;45.0000,True,True,2.9417746016184765,S:HOH391:O,1.0217746445338207,True,4.3757674534266755,"sym10[0,0,-1]/S:HOH152:O",2.8757674534266755,True,True,True,16.33120346069336,17.049381256103516,-0.7181777954101562,True,True
water2,2VFP_A_TYR417__033__3,2VFP_A_TYR417,33,3,0.11512378,B,2,0.11512378,True,B,0.11512378,1.2967383861541748,0.8017308115959167,-45.3813;112.1971,g-/m+,14.6187;22.1971,45.0000;45.0000,True,True,2.281446891526754,S:HOH392:O,0.8414468343062951,True,4.852435853457255,"sym10[0,0,-1]/S:HOH152:O",3.352435853457255,True,True,True,46.49126434326172,18.896686553955078,27.59457778930664,False,False
water2,2VFP_A_TYR417__034__0,2VFP_A_TYR417,34,0,0.081674501,merged_duplicate,0,0.9152552909999999,False,B,0.0,0.7430352568626404,0.4008394777774811,-56.1344;-87.5178,g-/m-,3.8656;2.4822,45.0000;45.0000,True,True,2.3136025625498737,S:HOH392:O,0.8736025053294147,True,4.526674857522389,"sym10[0,0,-1]/S:HOH152:O",3.026674857522389,True,True,True,23.17633819580078,nan,nan,False,False
water2,2VFP_A_TYR417__034__1,2VFP_A_TYR417,34,1,0.83358079,B,0,0.9152552909999999,True,B,0.9152552909999999,0.33280202746391296,0.18891341984272003,-63.1274;110.2060,g-/m+,3.1274;20.2060,45.0000;45.0000,True,True,2.9559580579876577,S:HOH391:O,1.0359581009030019,True,4.377157131069566,"sym10[0,0,-1]/S:HOH152:O",2.8771571310695663,True,True,True,18.610157012939453,18.896686553955078,-0.286529541015625,True,True
water2,2VFP_A_TYR417__034__3,2VFP_A_TYR417,34,3,0.055386234,other,1,0.055386234,True,other,0.055386234,5.953237056732178,6.019529342651367,132.3748;57.1693,t/m+,47.6252;32.8307,45.0000;45.0000,False,False,1.669640423690308,A:ASP399:OD2,-0.33035957630969204,False,8.952063198113414,"sym10[0,0,-1]/S:HOH152:O",7.452063198113414,True,False,False,915.2998046875,nan,nan,False,False
water2,2VFP_A_TYR417__035__1,2VFP_A_TYR417,35,1,0.8923263,B,0,0.8923263,True,B,0.8923263,0.3353027105331421,0.18420644104480743,-63.5821;-68.9502,g-/m-,3.5821;21.0498,45.0000;45.0000,True,True,2.9759451482779045,S:HOH391:O,1.0559451911932487,True,4.389766245287247,"sym10[0,0,-1]/S:HOH152:O",2.8897662452872472,True,True,True,18.749217987060547,18.896686553955078,-0.14746856689453125,True,True
water2,2VFP_A_TYR417__035__3,2VFP_A_TYR417,35,3,0.07173685,other,1,0.07173685,True,other,0.07173685,5.959897041320801,6.027656555175781,132.6730;-123.3305,t/m-,47.3270;33.3305,45.0000;45.0000,False,False,1.687341877493013,A:ASP399:OD2,-0.3126581225069871,False,8.952063198113414,"sym10[0,0,-1]/S:HOH152:O",7.452063198113414,True,False,False,910.6856689453125,nan,nan,False,False
water2,2VFP_A_TYR417__036__0,2VFP_A_TYR417,36,0,0.071240216,other,0,0.071240216,True,other,0.071240216,5.960193634033203,6.027833461761475,132.6388;-123.2356,t/m-,47.3612;33.2356,45.0000;45.0000,False,False,1.6849510613145255,A:ASP399:OD2,-0.31504893868547446,False,8.952063198113414,"sym10[0,0,-1]/S:HOH152:O",7.452063198113414,True,False,False,909.3296508789062,nan,nan,False,False
water2,2VFP_A_TYR417__036__2,2VFP_A_TYR417,36,2,0.81498903,A,1,0.81498903,True,A,0.81498903,0.32185062766075134,0.19435563683509827,-63.8877;-68.1668,g-/m-,3.8877;21.8332,45.0000;45.0000,True,True,2.9509590382356286,S:HOH391:O,1.0309590811509728,True,4.386552314146149,"sym10[0,0,-1]/S:HOH152:O",2.886552314146149,True,True,True,16.489185333251953,17.049381256103516,-0.5601959228515625,True,True
water2,2VFP_A_TYR417__036__3,2VFP_A_TYR417,36,3,0.10198804,B,2,0.10198804,True,B,0.10198804,0.7572407126426697,0.43318864703178406,-56.0091;-90.0259,g-/m-,3.9909;0.0259,45.0000;45.0000,True,True,2.3115715407391746,S:HOH392:O,0.8715714835187156,True,4.530542825765908,"sym10[0,0,-1]/S:HOH152:O",3.0305428257659077,True,True,True,23.502792358398438,18.896686553955078,4.606105804443359,False,False
water2,2VFP_A_TYR417__037__1,2VFP_A_TYR417,37,1,0.89772999,B,0,0.89772999,True,B,0.89772999,0.34155893325805664,0.1828293353319168,-62.9491;109.8890,g-/m+,2.9491;19.8890,45.0000;45.0000,True,True,2.970563582871736,S:HOH391:O,1.0505636257870803,True,4.378713635905069,"sym10[0,0,-1]/S:HOH152:O",2.8787136359050693,True,True,True,18.61194610595703,18.896686553955078,-0.2847404479980469,True,True
water2,2VFP_A_TYR417__037__2,2VFP_A_TYR417,37,2,0.071526125,other,1,0.071526125,True,other,0.071526125,5.959925174713135,6.027672290802002,132.6693;-123.3147,t/m-,47.3307;33.3147,45.0000;45.0000,False,False,1.6870820745910204,A:ASP399:OD2,-0.31291792540897956,False,8.952063198113414,"sym10[0,0,-1]/S:HOH152:O",7.452063198113414,True,False,False,910.302001953125,nan,nan,False,False
water2,2VFP_A_TYR417__038__0,2VFP_A_TYR417,38,0,0.24395618,A,0,0.24395618,True,A,0.24395618,0.33209338784217834,0.2932330369949341,-63.5902;-79.3992,g-/m-,3.5902;10.6008,45.0000;45.0000,True,True,2.974277534658158,S:HOH391:O,1.0542775775735023,True,4.393938712510003,"sym10[0,0,-1]/S:HOH152:O",2.8939387125100033,True,True,True,16.930789947509766,17.049381256103516,-0.11859130859375,True,True
water2,2VFP_A_TYR417__038__3,2VFP_A_TYR417,38,3,0.6966424,B,1,0.6966424,True,B,0.6966424,0.37114354968070984,0.1435653120279312,-62.6073;112.9572,g-/m+,2.6073;22.9572,45.0000;45.0000,True,True,2.998486223645331,S:HOH391:O,1.0784862665606751,True,4.383436226402578,"sym10[0,0,-1]/S:HOH152:O",2.883436226402578,True,True,True,18.693218231201172,18.896686553955078,-0.20346832275390625,True,True
water2,2VFP_A_TYR417__039__2,2VFP_A_TYR417,39,2,1.0,other,0,1.0,True,other,1.0,5.954040050506592,6.020015239715576,132.2873;57.3458,t/m+,47.7127;32.6542,45.0000;45.0000,False,False,1.6635890580109813,A:ASP399:OD2,-0.33641094198901866,False,8.952063198113414,"sym10[0,0,-1]/S:HOH152:O",7.452063198113414,True,False,False,913.1170043945312,nan,nan,False,False
water2,2VFP_A_TYR417__040__0,2VFP_A_TYR417,40,0,0.88148767,B,0,0.88148767,True,B,0.88148767,0.3351638913154602,0.18443942070007324,-63.5830;-68.9758,g-/m-,3.5830;21.0242,45.0000;45.0000,True,True,2.975872395930685,S:HOH391:O,1.0558724388460292,True,4.389768073383769,"sym10[0,0,-1]/S:HOH152:O",2.8897680733837694,True,True,True,18.747234344482422,18.896686553955078,-0.14945220947265625,True,True
water2,2VFP_A_TYR417__040__1,2VFP_A_TYR417,40,1,0.088278905,other,1,0.088278905,True,other,0.088278905,5.959963321685791,6.0276970863342285,132.6655;-123.3113,t/m-,47.3345;33.3113,45.0000;45.0000,False,False,1.6868139033527587,A:ASP399:OD2,-0.3131860966472413,False,8.952063198113414,"sym10[0,0,-1]/S:HOH152:O",7.452063198113414,True,False,False,910.3544921875,nan,nan,False,False
water2,2VFP_A_TYR417__041__0,2VFP_A_TYR417,41,0,0.054477304,other,0,0.054477304,True,other,0.054477304,5.954295635223389,6.020199775695801,132.2712;57.0896,t/m+,47.7288;32.9104,45.0000;45.0000,False,False,1.6626165974561868,A:ASP399:OD2,-0.33738340254381316,False,8.952063198113414,"sym10[0,0,-1]/S:HOH152:O",7.452063198113414,True,False,False,913.8905639648438,nan,nan,False,False
water2,2VFP_A_TYR417__041__1,2VFP_A_TYR417,41,1,0.081910037,merged_duplicate,1,0.915178677,False,B,0.0,0.7421619892120361,0.40019509196281433,-56.1503;-87.5007,g-/m-,3.8497;2.4993,45.0000;45.0000,True,True,2.3139695012980575,S:HOH392:O,0.8739694440775985,True,4.5262751288577325,"sym10[0,0,-1]/S:HOH152:O",3.0262751288577325,True,True,True,23.15716552734375,nan,nan,False,False
water2,2VFP_A_TYR417__041__2,2VFP_A_TYR417,41,2,0.83326864,B,1,0.915178677,True,B,0.915178677,0.3327450752258301,0.18895554542541504,-63.1286;110.2078,g-/m+,3.1286;20.2078,45.0000;45.0000,True,True,2.9558651008625714,S:HOH391:O,1.0358651437779156,True,4.377149044312351,"sym10[0,0,-1]/S:HOH152:O",2.8771490443123513,True,True,True,18.610157012939453,18.896686553955078,-0.286529541015625,True,True
water2,2VFP_A_TYR417__042__0,2VFP_A_TYR417,42,0,0.052266311,other,0,0.052266311,True,other,0.052266311,1.1618525981903076,0.7855585813522339,-48.3546;80.3031,g-/m+,11.6454;9.6969,45.0000;45.0000,True,True,3.0034243403608385,A:GLN416:CG,1.0034243403608385,True,4.725164711074719,"sym10[0,0,-1]/S:HOH152:O",3.2251647110747186,True,True,True,35.006126403808594,nan,nan,False,False
water2,2VFP_A_TYR417__042__2,2VFP_A_TYR417,42,2,0.91492683,B,1,0.91492683,True,B,0.91492683,0.34470316767692566,0.18005913496017456,-62.8914;109.8896,g-/m+,2.8914;19.8896,45.0000;45.0000,True,True,2.975298471248191,S:HOH391:O,1.0552985141635354,True,4.379274979586536,"sym10[0,0,-1]/S:HOH152:O",2.879274979586536,True,True,True,18.605525970458984,18.896686553955078,-0.29116058349609375,True,True
water2,2VFP_A_TYR417__043__1,2VFP_A_TYR417,43,1,0.88427001,B,0,0.88427001,True,B,0.88427001,0.33634552359580994,0.1833581179380417,-63.5611;-68.9770,g-/m-,3.5611;21.0230,45.0000;45.0000,True,True,2.977669407034227,S:HOH391:O,1.0576694499495711,True,4.3899827145238355,"sym10[0,0,-1]/S:HOH152:O",2.8899827145238355,True,True,True,18.744739532470703,18.896686553955078,-0.151947021484375,True,True
water2,2VFP_A_TYR417__044__0,2VFP_A_TYR417,44,0,0.67424518,B,0,0.67424518,True,B,0.67424518,0.37062984704971313,0.14424268901348114,-62.6079;112.8483,g-/m+,2.6079;22.8483,45.0000;45.0000,True,True,2.998431776200074,S:HOH391:O,1.0784318191154183,True,4.383383770546102,"sym10[0,0,-1]/S:HOH152:O",2.883383770546102,True,True,True,18.68730926513672,18.896686553955078,-0.20937728881835938,True,True
water2,2VFP_A_TYR417__044__3,2VFP_A_TYR417,44,3,0.2377639,A,1,0.2377639,True,A,0.2377639,0.33469530940055847,0.3003154695034027,-63.5786;-80.0076,g-/m-,3.5786;9.9924,45.0000;45.0000,True,True,2.9751428490132676,S:HOH391:O,1.0551428919286119,True,4.394286812269983,"sym10[0,0,-1]/S:HOH152:O",2.894286812269983,True,True,True,17.00149917602539,17.049381256103516,-0.047882080078125,True,True
water2,2VFP_A_TYR417__045__1,2VFP_A_TYR417,45,1,0.81725824,A,0,0.81725824,True,A,0.81725824,0.3220166862010956,0.19420096278190613,-63.8845;-68.1687,g-/m-,3.8845;21.8313,45.0000;45.0000,True,True,2.9512234581061176,S:HOH391:O,1.0312235010214619,True,4.386582189976625,"sym10[0,0,-1]/S:HOH152:O",2.8865821899766253,True,True,True,16.488983154296875,17.049381256103516,-0.5603981018066406,True,True
water2,2VFP_A_TYR417__045__2,2VFP_A_TYR417,45,2,0.10160525,B,1,0.10160525,True,B,0.10160525,0.7622277140617371,0.43713417649269104,-55.9206;-90.1619,g-/m-,4.0794;0.1619,45.0000;45.0000,True,True,2.3096035220358417,S:HOH392:O,0.8696034648153828,True,4.532809646263607,"sym10[0,0,-1]/S:HOH152:O",3.0328096462636074,True,True,True,23.595516204833984,18.896686553955078,4.698829650878906,False,False
water2,2VFP_A_TYR417__046__1,2VFP_A_TYR417,46,1,0.058299571,other,0,0.058299571,True,other,0.058299571,5.954817771911621,6.020471096038818,132.1967;57.6641,t/m+,47.8033;32.3359,45.0000;45.0000,False,False,1.6572841634980153,A:ASP399:OD2,-0.34271583650198467,False,8.952063198113414,"sym10[0,0,-1]/S:HOH152:O",7.452063198113414,True,False,False,911.1149291992188,nan,nan,False,False
water2,2VFP_A_TYR417__046__3,2VFP_A_TYR417,46,3,0.90397006,B,1,0.90397006,True,B,0.90397006,0.342255175113678,0.1818077117204666,-62.9401;109.9584,g-/m+,2.9401;19.9584,45.0000;45.0000,True,True,2.9713113776370745,S:HOH391:O,1.0513114205524188,True,4.378834086125609,"sym10[0,0,-1]/S:HOH152:O",2.878834086125609,True,True,True,18.610191345214844,18.896686553955078,-0.2864952087402344,True,True
water2,2VFP_A_TYR417__047__0,2VFP_A_TYR417,47,0,0.88421881,B,0,0.88421881,True,B,0.88421881,0.342142254114151,0.18176111578941345,-62.9433;109.9838,g-/m+,2.9433;19.9838,45.0000;45.0000,True,True,2.9710323507167686,S:HOH391:O,1.0510323936321129,True,4.378810281362428,"sym10[0,0,-1]/S:HOH152:O",2.878810281362428,True,True,True,18.607521057128906,18.896686553955078,-0.2891654968261719,True,True
water2,2VFP_A_TYR417__048__0,2VFP_A_TYR417,48,0,0.0751734,other,0,0.0751734,True,other,0.0751734,5.959969997406006,6.027684688568115,132.6577;-123.1749,t/m-,47.3423;33.1749,45.0000;45.0000,False,False,1.6863273581824374,A:ASP399:OD2,-0.3136726418175626,False,8.952063198113414,"sym10[0,0,-1]/S:HOH152:O",7.452063198113414,True,False,False,909.8447875976562,nan,nan,False,False
water2,2VFP_A_TYR417__048__3,2VFP_A_TYR417,48,3,0.87261069,B,1,0.87261069,True,B,0.87261069,0.3349483013153076,0.18452738225460052,-63.5888;-68.9488,g-/m-,3.5888;21.0512,45.0000;45.0000,True,True,2.975401351619814,S:HOH391:O,1.0554013945351581,True,4.38970125507416,"sym10[0,0,-1]/S:HOH152:O",2.8897012550741596,True,True,True,18.74807357788086,18.896686553955078,-0.14861297607421875,True,True
water2,2VFP_A_TYR417__049__0,2VFP_A_TYR417,49,0,0.877639,B,0,0.877639,True,B,0.877639,0.33447667956352234,0.18538373708724976,-63.5907;-69.0506,g-/m-,3.5907;20.9494,45.0000;45.0000,True,True,2.975233884319969,S:HOH391:O,1.0552339272353133,True,4.389725088649741,"sym10[0,0,-1]/S:HOH152:O",2.889725088649741,True,True,True,18.74502182006836,18.896686553955078,-0.15166473388671875,True,True
water2,2VFP_A_TYR417__049__2,2VFP_A_TYR417,49,2,0.053565115,other,1,0.053565115,True,other,0.053565115,5.959926128387451,6.027673244476318,132.6692;-123.3133,t/m-,47.3308;33.3133,45.0000;45.0000,False,False,1.6870800911554589,A:ASP399:OD2,-0.31291990884454113,False,8.952063198113414,"sym10[0,0,-1]/S:HOH152:O",7.452063198113414,True,False,False,910.302001953125,nan,nan,False,False
