experiment,site,start,rmsd_to_A,rmsd_to_B,chi_degrees,nearest_state,canonical_deviation_degrees,canonical_like_30deg,min_direct_distance,closest_direct_atom,min_symmetry_distance,closest_symmetry_atom,density_z_mean,polar_contacts
A_synthetic_fobs,A_MET112,0,1.2683501243591309,0.7319968938827515,-59.42;-90.09;58.67,g-/g-/m+,0.58;30.09;31.33,False,2.8864467366624353,CE--A:HOH29:O,4.583489051894112,"CE--sym6[0,0,1]/A:VAL136:CG2",0.6218859553337097,
A_synthetic_fobs,A_MET112,1,1.2660837173461914,0.7296961545944214,-59.42;-90.28;58.67,g-/g-/m+,0.58;30.28;31.33,False,2.882694023143663,CE--A:HOH29:O,4.590505710458022,"CE--sym6[0,0,1]/A:VAL136:CG2",0.6204835176467896,
A_synthetic_fobs,A_MET112,2,1.268423080444336,0.7320703864097595,-59.42;-90.08;58.67,g-/g-/m+,0.58;30.08;31.33,False,2.8865641543067633,CE--A:HOH29:O,4.583266563091425,"CE--sym6[0,0,1]/A:VAL136:CG2",0.6219336986541748,
A_synthetic_fobs,A_MET112,3,1.2667739391326904,0.7303958535194397,-59.42;-90.22;58.67,g-/g-/m+,0.58;30.22;31.33,False,2.883828822197251,CE--A:HOH29:O,4.588372207644486,"CE--sym6[0,0,1]/A:VAL136:CG2",0.6209057569503784,
A_synthetic_fobs,A_MET112,4,1.2671196460723877,0.7307475209236145,-59.42;-90.19;58.67,g-/g-/m+,0.58;30.19;31.33,False,2.8844093035384013,CE--A:HOH29:O,4.587295261232368,"CE--sym6[0,0,1]/A:VAL136:CG2",0.6211192011833191,
A_synthetic_fobs,A_MET112,5,1.2684407234191895,0.7320904731750488,-59.42;-90.08;58.67,g-/g-/m+,0.58;30.08;31.33,False,2.8866054000449846,CE--A:HOH29:O,4.58320100548722,"CE--sym6[0,0,1]/A:VAL136:CG2",0.6219480037689209,
A_synthetic_fobs,A_MET112,6,1.2654542922973633,0.7290599942207336,-59.42;-90.34;58.67,g-/g-/m+,0.58;30.34;31.33,False,2.8816645869987725,CE--A:HOH29:O,4.592449640806046,"CE--sym6[0,0,1]/A:VAL136:CG2",0.6200945973396301,
A_synthetic_fobs,A_MET112,7,1.26556396484375,0.7291690111160278,-59.42;-90.33;58.67,g-/g-/m+,0.58;30.33;31.33,False,2.881835859152591,CE--A:HOH29:O,4.5921183273640835,"CE--sym6[0,0,1]/A:VAL136:CG2",0.6201581358909607,
A_synthetic_fobs,A_MET112,8,1.2657150030136108,0.7293216586112976,-59.42;-90.31;58.67,g-/g-/m+,0.58;30.31;31.33,False,2.8820841931592756,CE--A:HOH29:O,4.591651085408727,"CE--sym6[0,0,1]/A:VAL136:CG2",0.6202527284622192,
A_synthetic_fobs,A_MET112,9,1.2684310674667358,0.7320799231529236,-59.42;-90.08;58.67,g-/g-/m+,0.58;30.08;31.33,False,2.8865875381623183,CE--A:HOH29:O,4.583233301818343,"CE--sym6[0,0,1]/A:VAL136:CG2",0.6219426989555359,
A_synthetic_fobs,A_MET112,10,1.2667616605758667,0.7303817868232727,-59.42;-90.22;58.67,g-/g-/m+,0.58;30.22;31.33,False,2.8837979304853065,CE--A:HOH29:O,4.588420218678251,"CE--sym6[0,0,1]/A:VAL136:CG2",0.6208928823471069,
A_synthetic_fobs,A_MET112,11,1.2668681144714355,0.730491578578949,-59.42;-90.21;58.67,g-/g-/m+,0.58;30.21;31.33,False,2.8839905651819002,CE--A:HOH29:O,4.588076907022469,"CE--sym6[0,0,1]/A:VAL136:CG2",0.6209607720375061,
A_synthetic_fobs,A_MET112,12,1.266997218132019,0.730621874332428,-59.42;-90.20;58.67,g-/g-/m+,0.58;30.20;31.33,False,2.884195244057046,CE--A:HOH29:O,4.587683326059184,"CE--sym6[0,0,1]/A:VAL136:CG2",0.6210392117500305,
A_synthetic_fobs,A_MET112,13,1.2659361362457275,0.7295475006103516,-59.42;-90.29;58.67,g-/g-/m+,0.58;30.29;31.33,False,2.8824614193087164,CE--A:HOH29:O,4.590955032577296,"CE--sym6[0,0,1]/A:VAL136:CG2",0.6203906536102295,
A_synthetic_fobs,A_MET112,14,1.2656368017196655,0.7292426228523254,-59.42;-90.32;58.67,g-/g-/m+,0.58;30.32;31.33,False,2.881958421757626,CE--A:HOH29:O,4.591891309602973,"CE--sym6[0,0,1]/A:VAL136:CG2",0.6202081441879272,
A_synthetic_fobs,A_MET112,15,1.26888906955719,0.732545793056488,-59.42;-90.04;58.67,g-/g-/m+,0.58;30.04;31.33,False,2.8873519906459957,CE--A:HOH29:O,4.58181490786997,"CE--sym6[0,0,1]/A:VAL136:CG2",0.6222286224365234,
A_synthetic_fobs,A_MET112,16,1.2654756307601929,0.7290799617767334,-59.42;-90.33;58.67,g-/g-/m+,0.58;30.33;31.33,False,2.8816921396434965,CE--A:HOH29:O,4.59239018338065,"CE--sym6[0,0,1]/A:VAL136:CG2",0.6201048493385315,
A_synthetic_fobs,A_MET112,17,1.2676631212234497,0.7312999367713928,-59.42;-90.14;58.67,g-/g-/m+,0.58;30.14;31.33,False,2.8853186518416285,CE--A:HOH29:O,4.585605310365005,"CE--sym6[0,0,1]/A:VAL136:CG2",0.6214626431465149,
A_synthetic_fobs,A_MET112,18,1.2675172090530396,0.7311526536941528,-59.42;-90.16;58.67,g-/g-/m+,0.58;30.16;31.33,False,2.8850762213873775,CE--A:HOH29:O,4.586056657283073,"CE--sym6[0,0,1]/A:VAL136:CG2",0.6213705539703369,
A_synthetic_fobs,A_MET112,19,1.2654659748077393,0.7290701270103455,-59.42;-90.33;58.67,g-/g-/m+,0.58;30.33;31.33,False,2.8816782172647475,CE--A:HOH29:O,4.592419546821147,"CE--sym6[0,0,1]/A:VAL136:CG2",0.6200975179672241,
A_synthetic_fobs,A_MET112,20,1.2661076784133911,0.7297211289405823,-59.42;-90.28;58.67,g-/g-/m+,0.58;30.28;31.33,False,2.8827414290006943,CE--A:HOH29:O,4.5904254570332945,"CE--sym6[0,0,1]/A:VAL136:CG2",0.6204948425292969,
A_synthetic_fobs,A_MET112,21,1.2666362524032593,0.7302569150924683,-59.42;-90.23;58.67,g-/g-/m+,0.58;30.23;31.33,False,2.8836062246034713,CE--A:HOH29:O,4.588795070178676,"CE--sym6[0,0,1]/A:VAL136:CG2",0.6208224296569824,
A_synthetic_fobs,A_MET112,22,1.2654826641082764,0.729087233543396,-59.42;-90.33;58.67,g-/g-/m+,0.58;30.33;31.33,False,2.8817011352153084,CE--A:HOH29:O,4.592369654024746,"CE--sym6[0,0,1]/A:VAL136:CG2",0.6201111674308777,
A_synthetic_fobs,A_MET112,23,1.2667642831802368,0.730385422706604,-59.42;-90.22;58.67,g-/g-/m+,0.58;30.22;31.33,False,2.883812493808291,CE--A:HOH29:O,4.588403459350547,"CE--sym6[0,0,1]/A:VAL136:CG2",0.6208945512771606,
A_synthetic_fobs,A_MET112,24,1.2654551267623901,0.729060709476471,-59.42;-90.34;58.67,g-/g-/m+,0.58;30.34;31.33,False,2.8816669064023754,CE--A:HOH29:O,4.592446039212383,"CE--sym6[0,0,1]/A:VAL136:CG2",0.6200945973396301,
A_synthetic_fobs,A_MET112,25,1.2654672861099243,0.7290712594985962,-59.42;-90.33;58.67,g-/g-/m+,0.58;30.33;31.33,False,2.8816747118151085,CE--A:HOH29:O,4.592418535863764,"CE--sym6[0,0,1]/A:VAL136:CG2",0.6200984120368958,
A_synthetic_fobs,A_MET112,26,1.2659612894058228,0.7295717597007751,-59.42;-90.29;58.67,g-/g-/m+,0.58;30.29;31.33,False,2.8824913573686883,CE--A:HOH29:O,4.590886599428358,"CE--sym6[0,0,1]/A:VAL136:CG2",0.6204034686088562,
A_synthetic_fobs,A_MET112,27,1.2658740282058716,0.7294836044311523,-59.42;-90.30;58.67,g-/g-/m+,0.58;30.30;31.33,False,2.8823547437216233,CE--A:HOH29:O,4.59115238022752,"CE--sym6[0,0,1]/A:VAL136:CG2",0.620352029800415,
A_synthetic_fobs,A_MET112,28,1.2666263580322266,0.7302461266517639,-59.42;-90.23;58.67,g-/g-/m+,0.58;30.23;31.33,False,2.883583499391767,CE--A:HOH29:O,4.588829815871492,"CE--sym6[0,0,1]/A:VAL136:CG2",0.620813250541687,
A_synthetic_fobs,A_MET112,29,1.2681337594985962,0.7317777872085571,-59.42;-90.10;58.67,g-/g-/m+,0.58;30.10;31.33,False,2.886103049007581,CE--A:HOH29:O,4.584147044359509,"CE--sym6[0,0,1]/A:VAL136:CG2",0.6217582821846008,
A_synthetic_fobs,A_MET112,30,1.2678331136703491,0.7314720153808594,-59.42;-90.13;58.67,g-/g-/m+,0.58;30.13;31.33,False,2.8855989074433857,CE--A:HOH29:O,4.585080341557518,"CE--sym6[0,0,1]/A:VAL136:CG2",0.6215708255767822,
A_synthetic_fobs,A_MET112,31,1.2656373977661133,0.7292430400848389,-59.42;-90.32;58.67,g-/g-/m+,0.58;30.32;31.33,False,2.8819581305645383,CE--A:HOH29:O,4.5918905793827065,"CE--sym6[0,0,1]/A:VAL136:CG2",0.6202060580253601,
A_synthetic_fobs,A_MET112,32,1.2668765783309937,0.7304995656013489,-59.42;-90.21;58.67,g-/g-/m+,0.58;30.21;31.33,False,2.8840013534632414,CE--A:HOH29:O,4.588053693390624,"CE--sym6[0,0,1]/A:VAL136:CG2",0.6209650039672852,
A_synthetic_fobs,A_MET112,33,1.2666964530944824,0.7303170561790466,-59.42;-90.23;58.67,g-/g-/m+,0.58;30.23;31.33,False,2.8836982797367696,CE--A:HOH29:O,4.588613825417006,"CE--sym6[0,0,1]/A:VAL136:CG2",0.6208553910255432,
A_synthetic_fobs,A_MET112,34,1.2667113542556763,0.7303317189216614,-59.42;-90.23;58.67,g-/g-/m+,0.58;30.23;31.33,False,2.8837242128039406,CE--A:HOH29:O,4.588568232886782,"CE--sym6[0,0,1]/A:VAL136:CG2",0.6208601593971252,
A_synthetic_fobs,A_MET112,35,1.2680858373641968,0.7317291498184204,-59.42;-90.11;58.67,g-/g-/m+,0.58;30.11;31.33,False,2.8860205602146483,CE--A:HOH29:O,4.584296367029121,"CE--sym6[0,0,1]/A:VAL136:CG2",0.6217279434204102,
A_synthetic_fobs,A_MET112,36,1.2666758298873901,0.7302964925765991,-59.42;-90.23;58.67,g-/g-/m+,0.58;30.23;31.33,False,2.8836673979282312,CE--A:HOH29:O,4.588675326027047,"CE--sym6[0,0,1]/A:VAL136:CG2",0.6208414435386658,
A_synthetic_fobs,A_MET112,37,1.2655529975891113,0.7291573286056519,-59.42;-90.33;58.67,g-/g-/m+,0.58;30.33;31.33,False,2.8818117403995,CE--A:HOH29:O,4.5921565225554595,"CE--sym6[0,0,1]/A:VAL136:CG2",0.6201514005661011,
A_synthetic_fobs,A_MET112,38,1.2650017738342285,0.7285986542701721,-59.42;-90.37;58.67,g-/g-/m+,0.58;30.37;31.33,False,2.8809009856533336,CE--A:HOH29:O,4.593868475094788,"CE--sym6[0,0,1]/A:VAL136:CG2",0.6198090314865112,
A_synthetic_fobs,A_MET112,39,1.2668794393539429,0.7305040955543518,-59.42;-90.21;58.67,g-/g-/m+,0.58;30.21;31.33,False,2.884015631218298,CE--A:HOH29:O,4.588036205941412,"CE--sym6[0,0,1]/A:VAL136:CG2",0.6209717988967896,
A_synthetic_fobs,A_MET112,40,1.2679599523544312,0.7316009402275085,-59.42;-90.12;58.67,g-/g-/m+,0.58;30.12;31.33,False,2.885808829120349,CE--A:HOH29:O,4.584688514799362,"CE--sym6[0,0,1]/A:VAL136:CG2",0.6216471195220947,
A_synthetic_fobs,A_MET112,41,1.265913963317871,0.7295234799385071,-59.42;-90.30;58.67,g-/g-/m+,0.58;30.30;31.33,False,2.882409949480237,CE--A:HOH29:O,4.591035181784761,"CE--sym6[0,0,1]/A:VAL136:CG2",0.6203755736351013,
A_synthetic_fobs,A_MET112,42,1.2645282745361328,0.728118360042572,-59.42;-90.42;58.67,g-/g-/m+,0.58;30.42;31.33,False,2.8801190588304335,CE--A:HOH29:O,4.595340915079293,"CE--sym6[0,0,1]/A:VAL136:CG2",0.6195234060287476,
A_synthetic_fobs,A_MET112,43,1.2680686712265015,0.7317115068435669,-59.42;-90.11;58.67,g-/g-/m+,0.58;30.11;31.33,False,2.8859898653756892,CE--A:HOH29:O,4.584351486384903,"CE--sym6[0,0,1]/A:VAL136:CG2",0.6217172145843506,
A_synthetic_fobs,A_MET112,44,1.265465497970581,0.729069709777832,-59.42;-90.33;58.67,g-/g-/m+,0.58;30.33;31.33,False,2.8816770575487944,CE--A:HOH29:O,4.592421347616837,"CE--sym6[0,0,1]/A:VAL136:CG2",0.6200973391532898,
A_synthetic_fobs,A_MET112,45,1.2678086757659912,0.7314479947090149,-59.42;-90.13;58.67,g-/g-/m+,0.58;30.13;31.33,False,2.885559449630027,CE--A:HOH29:O,4.585154340330722,"CE--sym6[0,0,1]/A:VAL136:CG2",0.6215556263923645,
A_synthetic_fobs,A_MET112,46,1.2655164003372192,0.7291218042373657,-59.42;-90.33;58.67,g-/g-/m+,0.58;30.33;31.33,False,2.8817638666340057,CE--A:HOH29:O,4.5922606370313765,"CE--sym6[0,0,1]/A:VAL136:CG2",0.62012779712677,
A_synthetic_fobs,A_MET112,47,1.268417239189148,0.7320655584335327,-59.42;-90.08;58.67,g-/g-/m+,0.58;30.08;31.33,False,2.8865606191567528,CE--A:HOH29:O,4.583279028551725,"CE--sym6[0,0,1]/A:VAL136:CG2",0.6219295859336853,
A_synthetic_fobs,A_MET112,48,1.2689945697784424,0.7326537370681763,-59.42;-90.03;58.67,g-/g-/m+,0.58;30.03;31.33,False,2.8875328942908474,CE--A:HOH29:O,4.581483642093167,"CE--sym6[0,0,1]/A:VAL136:CG2",0.6223003268241882,
A_synthetic_fobs,A_MET112,49,1.2657893896102905,0.7293978929519653,-59.42;-90.31;58.67,g-/g-/m+,0.58;30.31;31.33,False,2.8822088366061154,CE--A:HOH29:O,4.5914173922149395,"CE--sym6[0,0,1]/A:VAL136:CG2",0.6203014850616455,
B_localized_sf,A_MET112,0,0.9282104969024658,0.6318055391311646,-141.25;93.32;144.76,t/g+/t,38.75;33.32;35.24,False,2.55902863922168,CE--B:ASP114:OD1,5.535880529472152,"SD--sym6[0,0,1]/A:VAL136:CG2",0.5553896427154541,
B_localized_sf,A_MET112,1,0.9282104969024658,0.6318055391311646,-141.25;93.32;144.76,t/g+/t,38.75;33.32;35.24,False,2.55902863922168,CE--B:ASP114:OD1,5.535880529472152,"SD--sym6[0,0,1]/A:VAL136:CG2",0.5553896427154541,
B_localized_sf,A_MET112,2,0.9282104969024658,0.6318055391311646,-141.25;93.32;144.76,t/g+/t,38.75;33.32;35.24,False,2.5590280577519513,CE--B:ASP114:OD1,5.535879756578987,"SD--sym6[0,0,1]/A:VAL136:CG2",0.5553888082504272,
B_localized_sf,A_MET112,3,0.9282104969024658,0.6318055391311646,-141.25;93.32;144.76,t/g+/t,38.75;33.32;35.24,False,2.55902863922168,CE--B:ASP114:OD1,5.535880529472152,"SD--sym6[0,0,1]/A:VAL136:CG2",0.5553896427154541,
B_localized_sf,A_MET112,4,0.9282104969024658,0.6318055391311646,-141.25;93.32;144.76,t/g+/t,38.75;33.32;35.24,False,2.55902863922168,CE--B:ASP114:OD1,5.535880529472152,"SD--sym6[0,0,1]/A:VAL136:CG2",0.5553896427154541,
B_localized_sf,A_MET112,5,0.9282104969024658,0.6318055391311646,-141.25;93.32;144.76,t/g+/t,38.75;33.32;35.24,False,2.55902863922168,CE--B:ASP114:OD1,5.535880529472152,"SD--sym6[0,0,1]/A:VAL136:CG2",0.5553896427154541,
B_localized_sf,A_MET112,6,0.9282104969024658,0.6318055391311646,-141.25;93.32;144.76,t/g+/t,38.75;33.32;35.24,False,2.55902863922168,CE--B:ASP114:OD1,5.535880529472152,"SD--sym6[0,0,1]/A:VAL136:CG2",0.5553896427154541,
B_localized_sf,A_MET112,7,0.9282104969024658,0.6318055391311646,-141.25;93.32;144.76,t/g+/t,38.75;33.32;35.24,False,2.55902863922168,CE--B:ASP114:OD1,5.535880529472152,"SD--sym6[0,0,1]/A:VAL136:CG2",0.5553896427154541,
B_localized_sf,A_MET112,8,0.9282104969024658,0.6318055391311646,-141.25;93.32;144.76,t/g+/t,38.75;33.32;35.24,False,2.55902863922168,CE--B:ASP114:OD1,5.535880529472152,"SD--sym6[0,0,1]/A:VAL136:CG2",0.5553896427154541,
B_localized_sf,A_MET112,9,0.9282104969024658,0.6318055391311646,-141.25;93.32;144.76,t/g+/t,38.75;33.32;35.24,False,2.55902863922168,CE--B:ASP114:OD1,5.535880529472152,"SD--sym6[0,0,1]/A:VAL136:CG2",0.5553896427154541,
B_localized_sf,A_MET112,10,0.9282104969024658,0.6318055391311646,-141.25;93.32;144.76,t/g+/t,38.75;33.32;35.24,False,2.55902863922168,CE--B:ASP114:OD1,5.535880529472152,"SD--sym6[0,0,1]/A:VAL136:CG2",0.5553896427154541,
B_localized_sf,A_MET112,11,0.9282104969024658,0.6318055391311646,-141.25;93.32;144.76,t/g+/t,38.75;33.32;35.24,False,2.55902863922168,CE--B:ASP114:OD1,5.535880529472152,"SD--sym6[0,0,1]/A:VAL136:CG2",0.5553896427154541,
B_localized_sf,A_MET112,12,0.9282104969024658,0.6318055391311646,-141.25;93.32;144.76,t/g+/t,38.75;33.32;35.24,False,2.55902863922168,CE--B:ASP114:OD1,5.535880529472152,"SD--sym6[0,0,1]/A:VAL136:CG2",0.5553896427154541,
B_localized_sf,A_MET112,13,0.9282104969024658,0.6318055391311646,-141.25;93.32;144.76,t/g+/t,38.75;33.32;35.24,False,2.55902863922168,CE--B:ASP114:OD1,5.535880529472152,"SD--sym6[0,0,1]/A:VAL136:CG2",0.5553896427154541,
B_localized_sf,A_MET112,14,0.9282104969024658,0.6318055391311646,-141.25;93.32;144.76,t/g+/t,38.75;33.32;35.24,False,2.55902863922168,CE--B:ASP114:OD1,5.535880529472152,"SD--sym6[0,0,1]/A:VAL136:CG2",0.5553896427154541,
B_localized_sf,A_MET112,15,0.9282104969024658,0.6318055391311646,-141.25;93.32;144.76,t/g+/t,38.75;33.32;35.24,False,2.55902863922168,CE--B:ASP114:OD1,5.535880529472152,"SD--sym6[0,0,1]/A:VAL136:CG2",0.5553896427154541,
B_localized_sf,A_MET112,16,0.9282104969024658,0.6318055391311646,-141.25;93.32;144.76,t/g+/t,38.75;33.32;35.24,False,2.55902863922168,CE--B:ASP114:OD1,5.535880529472152,"SD--sym6[0,0,1]/A:VAL136:CG2",0.5553896427154541,
B_localized_sf,A_MET112,17,0.9282104969024658,0.6318055391311646,-141.25;93.32;144.76,t/g+/t,38.75;33.32;35.24,False,2.55902863922168,CE--B:ASP114:OD1,5.535880529472152,"SD--sym6[0,0,1]/A:VAL136:CG2",0.5553896427154541,
B_localized_sf,A_MET112,18,0.9282104969024658,0.6318055391311646,-141.25;93.32;144.76,t/g+/t,38.75;33.32;35.24,False,2.55902863922168,CE--B:ASP114:OD1,5.535880529472152,"SD--sym6[0,0,1]/A:VAL136:CG2",0.5553896427154541,
B_localized_sf,A_MET112,19,0.9282104969024658,0.6318055391311646,-141.25;93.32;144.76,t/g+/t,38.75;33.32;35.24,False,2.55902863922168,CE--B:ASP114:OD1,5.535880529472152,"SD--sym6[0,0,1]/A:VAL136:CG2",0.5553896427154541,
B_localized_sf,A_MET112,20,0.9282104969024658,0.6318055391311646,-141.25;93.32;144.76,t/g+/t,38.75;33.32;35.24,False,2.55902863922168,CE--B:ASP114:OD1,5.535880529472152,"SD--sym6[0,0,1]/A:VAL136:CG2",0.5553896427154541,
B_localized_sf,A_MET112,21,0.9282104969024658,0.6318055391311646,-141.25;93.32;144.76,t/g+/t,38.75;33.32;35.24,False,2.55902863922168,CE--B:ASP114:OD1,5.535880529472152,"SD--sym6[0,0,1]/A:VAL136:CG2",0.5553896427154541,
B_localized_sf,A_MET112,22,0.9282104969024658,0.6318055391311646,-141.25;93.32;144.76,t/g+/t,38.75;33.32;35.24,False,2.55902863922168,CE--B:ASP114:OD1,5.535880529472152,"SD--sym6[0,0,1]/A:VAL136:CG2",0.5553896427154541,
B_localized_sf,A_MET112,23,0.9282104969024658,0.6318055391311646,-141.25;93.32;144.76,t/g+/t,38.75;33.32;35.24,False,2.55902863922168,CE--B:ASP114:OD1,5.535880529472152,"SD--sym6[0,0,1]/A:VAL136:CG2",0.5553896427154541,
B_localized_sf,A_MET112,24,0.9282104969024658,0.6318055391311646,-141.25;93.32;144.76,t/g+/t,38.75;33.32;35.24,False,2.55902863922168,CE--B:ASP114:OD1,5.535880529472152,"SD--sym6[0,0,1]/A:VAL136:CG2",0.5553896427154541,
B_localized_sf,A_MET112,25,0.9282104969024658,0.6318055391311646,-141.25;93.32;144.76,t/g+/t,38.75;33.32;35.24,False,2.55902863922168,CE--B:ASP114:OD1,5.535880529472152,"SD--sym6[0,0,1]/A:VAL136:CG2",0.5553896427154541,
B_localized_sf,A_MET112,26,0.9282104969024658,0.6318055391311646,-141.25;93.32;144.76,t/g+/t,38.75;33.32;35.24,False,2.55902863922168,CE--B:ASP114:OD1,5.535880529472152,"SD--sym6[0,0,1]/A:VAL136:CG2",0.5553896427154541,
B_localized_sf,A_MET112,27,0.9282104969024658,0.6318055391311646,-141.25;93.32;144.76,t/g+/t,38.75;33.32;35.24,False,2.55902863922168,CE--B:ASP114:OD1,5.535880529472152,"SD--sym6[0,0,1]/A:VAL136:CG2",0.5553896427154541,
B_localized_sf,A_MET112,28,0.9282104969024658,0.6318055391311646,-141.25;93.32;144.76,t/g+/t,38.75;33.32;35.24,False,2.55902863922168,CE--B:ASP114:OD1,5.535880529472152,"SD--sym6[0,0,1]/A:VAL136:CG2",0.5553896427154541,
B_localized_sf,A_MET112,29,0.9282104969024658,0.6318055391311646,-141.25;93.32;144.76,t/g+/t,38.75;33.32;35.24,False,2.55902863922168,CE--B:ASP114:OD1,5.535880529472152,"SD--sym6[0,0,1]/A:VAL136:CG2",0.5553896427154541,
B_localized_sf,A_MET112,30,0.9282104969024658,0.6318055391311646,-141.25;93.32;144.76,t/g+/t,38.75;33.32;35.24,False,2.5590280577519513,CE--B:ASP114:OD1,5.535879756578987,"SD--sym6[0,0,1]/A:VAL136:CG2",0.5553888082504272,
B_localized_sf,A_MET112,31,0.9282104969024658,0.6318055391311646,-141.25;93.32;144.76,t/g+/t,38.75;33.32;35.24,False,2.55902863922168,CE--B:ASP114:OD1,5.535880529472152,"SD--sym6[0,0,1]/A:VAL136:CG2",0.5553896427154541,
B_localized_sf,A_MET112,32,0.9282104969024658,0.6318055391311646,-141.25;93.32;144.76,t/g+/t,38.75;33.32;35.24,False,2.55902863922168,CE--B:ASP114:OD1,5.535880529472152,"SD--sym6[0,0,1]/A:VAL136:CG2",0.5553896427154541,
B_localized_sf,A_MET112,33,0.9282104969024658,0.6318055391311646,-141.25;93.32;144.76,t/g+/t,38.75;33.32;35.24,False,2.55902863922168,CE--B:ASP114:OD1,5.535880529472152,"SD--sym6[0,0,1]/A:VAL136:CG2",0.5553896427154541,
B_localized_sf,A_MET112,34,0.9282104969024658,0.6318055391311646,-141.25;93.32;144.76,t/g+/t,38.75;33.32;35.24,False,2.55902863922168,CE--B:ASP114:OD1,5.535880529472152,"SD--sym6[0,0,1]/A:VAL136:CG2",0.5553896427154541,
B_localized_sf,A_MET112,35,0.9282104969024658,0.6318055391311646,-141.25;93.32;144.76,t/g+/t,38.75;33.32;35.24,False,2.55902863922168,CE--B:ASP114:OD1,5.535880529472152,"SD--sym6[0,0,1]/A:VAL136:CG2",0.5553896427154541,
B_localized_sf,A_MET112,36,0.9282104969024658,0.6318055391311646,-141.25;93.32;144.76,t/g+/t,38.75;33.32;35.24,False,2.55902863922168,CE--B:ASP114:OD1,5.535880529472152,"SD--sym6[0,0,1]/A:VAL136:CG2",0.5553896427154541,
B_localized_sf,A_MET112,37,0.9282104969024658,0.6318055391311646,-141.25;93.32;144.76,t/g+/t,38.75;33.32;35.24,False,2.55902863922168,CE--B:ASP114:OD1,5.535880529472152,"SD--sym6[0,0,1]/A:VAL136:CG2",0.5553896427154541,
B_localized_sf,A_MET112,38,0.9282104969024658,0.6318055391311646,-141.25;93.32;144.76,t/g+/t,38.75;33.32;35.24,False,2.55902863922168,CE--B:ASP114:OD1,5.535880529472152,"SD--sym6[0,0,1]/A:VAL136:CG2",0.5553896427154541,
B_localized_sf,A_MET112,39,0.9282104969024658,0.6318055391311646,-141.25;93.32;144.76,t/g+/t,38.75;33.32;35.24,False,2.55902863922168,CE--B:ASP114:OD1,5.535880529472152,"SD--sym6[0,0,1]/A:VAL136:CG2",0.5553896427154541,
B_localized_sf,A_MET112,40,0.9282104969024658,0.6318055391311646,-141.25;93.32;144.76,t/g+/t,38.75;33.32;35.24,False,2.55902863922168,CE--B:ASP114:OD1,5.535880529472152,"SD--sym6[0,0,1]/A:VAL136:CG2",0.5553896427154541,
B_localized_sf,A_MET112,41,0.928210437297821,0.6318055987358093,-141.25;93.32;144.76,t/g+/t,38.75;33.32;35.24,False,2.5590280577519513,CE--B:ASP114:OD1,5.535879756578987,"SD--sym6[0,0,1]/A:VAL136:CG2",0.5553888082504272,
B_localized_sf,A_MET112,42,0.9282104969024658,0.6318055391311646,-141.25;93.32;144.76,t/g+/t,38.75;33.32;35.24,False,2.55902863922168,CE--B:ASP114:OD1,5.535880529472152,"SD--sym6[0,0,1]/A:VAL136:CG2",0.5553896427154541,
B_localized_sf,A_MET112,43,0.9282104969024658,0.6318055391311646,-141.25;93.32;144.76,t/g+/t,38.75;33.32;35.24,False,2.55902863922168,CE--B:ASP114:OD1,5.535880529472152,"SD--sym6[0,0,1]/A:VAL136:CG2",0.5553896427154541,
B_localized_sf,A_MET112,44,0.9282104969024658,0.6318055391311646,-141.25;93.32;144.76,t/g+/t,38.75;33.32;35.24,False,2.55902863922168,CE--B:ASP114:OD1,5.535880529472152,"SD--sym6[0,0,1]/A:VAL136:CG2",0.5553896427154541,
B_localized_sf,A_MET112,45,0.9282104969024658,0.6318055391311646,-141.25;93.32;144.76,t/g+/t,38.75;33.32;35.24,False,2.55902863922168,CE--B:ASP114:OD1,5.535880529472152,"SD--sym6[0,0,1]/A:VAL136:CG2",0.5553896427154541,
B_localized_sf,A_MET112,46,0.9282104969024658,0.6318055391311646,-141.25;93.32;144.76,t/g+/t,38.75;33.32;35.24,False,2.55902863922168,CE--B:ASP114:OD1,5.535880529472152,"SD--sym6[0,0,1]/A:VAL136:CG2",0.5553896427154541,
B_localized_sf,A_MET112,47,0.9282104969024658,0.6318055391311646,-141.25;93.32;144.76,t/g+/t,38.75;33.32;35.24,False,2.55902863922168,CE--B:ASP114:OD1,5.535880529472152,"SD--sym6[0,0,1]/A:VAL136:CG2",0.5553896427154541,
B_localized_sf,A_MET112,48,0.9282104969024658,0.6318055391311646,-141.25;93.32;144.76,t/g+/t,38.75;33.32;35.24,False,2.55902863922168,CE--B:ASP114:OD1,5.535880529472152,"SD--sym6[0,0,1]/A:VAL136:CG2",0.5553896427154541,
B_localized_sf,A_MET112,49,0.9282104969024658,0.6318055391311646,-141.25;93.32;144.76,t/g+/t,38.75;33.32;35.24,False,2.55902863922168,CE--B:ASP114:OD1,5.535880529472152,"SD--sym6[0,0,1]/A:VAL136:CG2",0.5553896427154541,
C_realspace_local,A_MET112,0,0.7343711853027344,0.7711682319641113,-94.74;-156.73;64.49,g-/t/m+,34.74;23.27;25.51,False,2.8316308013239557,CE--B:ILE113:CG2,5.8754328925379395,"CG--sym6[0,0,1]/A:VAL136:CG2",0.7445818781852722,
C_realspace_local,A_MET112,1,0.7343711853027344,0.7711682319641113,-94.74;-156.73;64.49,g-/t/m+,34.74;23.27;25.51,False,2.8316308013239557,CE--B:ILE113:CG2,5.8754328925379395,"CG--sym6[0,0,1]/A:VAL136:CG2",0.7445818781852722,
C_realspace_local,A_MET112,2,0.7343711853027344,0.7711682319641113,-94.74;-156.73;64.49,g-/t/m+,34.74;23.27;25.51,False,2.8316308013239557,CE--B:ILE113:CG2,5.8754328925379395,"CG--sym6[0,0,1]/A:VAL136:CG2",0.7445818781852722,
C_realspace_local,A_MET112,3,0.7343711853027344,0.7711682319641113,-94.74;-156.73;64.49,g-/t/m+,34.74;23.27;25.51,False,2.8316308013239557,CE--B:ILE113:CG2,5.8754328925379395,"CG--sym6[0,0,1]/A:VAL136:CG2",0.7445818781852722,
C_realspace_local,A_MET112,4,0.7343711853027344,0.7711682319641113,-94.74;-156.73;64.49,g-/t/m+,34.74;23.27;25.51,False,2.8316308013239557,CE--B:ILE113:CG2,5.8754328925379395,"CG--sym6[0,0,1]/A:VAL136:CG2",0.7445818781852722,
C_realspace_local,A_MET112,5,0.7343711853027344,0.7711682319641113,-94.74;-156.73;64.49,g-/t/m+,34.74;23.27;25.51,False,2.8316308013239557,CE--B:ILE113:CG2,5.8754328925379395,"CG--sym6[0,0,1]/A:VAL136:CG2",0.7445818781852722,
C_realspace_local,A_MET112,6,0.7343711853027344,0.7711682319641113,-94.74;-156.73;64.49,g-/t/m+,34.74;23.27;25.51,False,2.8316308013239557,CE--B:ILE113:CG2,5.8754328925379395,"CG--sym6[0,0,1]/A:VAL136:CG2",0.7445818781852722,
C_realspace_local,A_MET112,7,0.7343711853027344,0.7711682319641113,-94.74;-156.73;64.49,g-/t/m+,34.74;23.27;25.51,False,2.8316308013239557,CE--B:ILE113:CG2,5.8754328925379395,"CG--sym6[0,0,1]/A:VAL136:CG2",0.7445818781852722,
C_realspace_local,A_MET112,8,0.7343711853027344,0.7711682319641113,-94.74;-156.73;64.49,g-/t/m+,34.74;23.27;25.51,False,2.8316308013239557,CE--B:ILE113:CG2,5.8754328925379395,"CG--sym6[0,0,1]/A:VAL136:CG2",0.7445818781852722,
C_realspace_local,A_MET112,9,0.7343711853027344,0.7711682319641113,-94.74;-156.73;64.49,g-/t/m+,34.74;23.27;25.51,False,2.8316308013239557,CE--B:ILE113:CG2,5.8754328925379395,"CG--sym6[0,0,1]/A:VAL136:CG2",0.7445818781852722,
C_realspace_local,A_MET112,10,0.7343711853027344,0.7711682319641113,-94.74;-156.73;64.49,g-/t/m+,34.74;23.27;25.51,False,2.8316308013239557,CE--B:ILE113:CG2,5.8754328925379395,"CG--sym6[0,0,1]/A:VAL136:CG2",0.7445818781852722,
C_realspace_local,A_MET112,11,0.7343711853027344,0.7711682319641113,-94.74;-156.73;64.49,g-/t/m+,34.74;23.27;25.51,False,2.8316308013239557,CE--B:ILE113:CG2,5.8754328925379395,"CG--sym6[0,0,1]/A:VAL136:CG2",0.7445818781852722,
C_realspace_local,A_MET112,12,0.7343711853027344,0.7711682319641113,-94.74;-156.73;64.49,g-/t/m+,34.74;23.27;25.51,False,2.8316308013239557,CE--B:ILE113:CG2,5.8754328925379395,"CG--sym6[0,0,1]/A:VAL136:CG2",0.7445818781852722,
C_realspace_local,A_MET112,13,0.7343711853027344,0.7711682319641113,-94.74;-156.73;64.49,g-/t/m+,34.74;23.27;25.51,False,2.8316308013239557,CE--B:ILE113:CG2,5.8754328925379395,"CG--sym6[0,0,1]/A:VAL136:CG2",0.7445818781852722,
C_realspace_local,A_MET112,14,0.7343711853027344,0.7711682319641113,-94.74;-156.73;64.49,g-/t/m+,34.74;23.27;25.51,False,2.8316308013239557,CE--B:ILE113:CG2,5.8754328925379395,"CG--sym6[0,0,1]/A:VAL136:CG2",0.7445818781852722,
C_realspace_local,A_MET112,15,0.7343711853027344,0.7711682319641113,-94.74;-156.73;64.49,g-/t/m+,34.74;23.27;25.51,False,2.8316308013239557,CE--B:ILE113:CG2,5.8754328925379395,"CG--sym6[0,0,1]/A:VAL136:CG2",0.7445818781852722,
C_realspace_local,A_MET112,16,0.7343711853027344,0.7711682319641113,-94.74;-156.73;64.49,g-/t/m+,34.74;23.27;25.51,False,2.8316308013239557,CE--B:ILE113:CG2,5.8754328925379395,"CG--sym6[0,0,1]/A:VAL136:CG2",0.7445818781852722,
C_realspace_local,A_MET112,17,0.7343711853027344,0.7711682319641113,-94.74;-156.73;64.49,g-/t/m+,34.74;23.27;25.51,False,2.8316308013239557,CE--B:ILE113:CG2,5.8754328925379395,"CG--sym6[0,0,1]/A:VAL136:CG2",0.7445818781852722,
C_realspace_local,A_MET112,18,0.7343711853027344,0.7711682319641113,-94.74;-156.73;64.49,g-/t/m+,34.74;23.27;25.51,False,2.8316308013239557,CE--B:ILE113:CG2,5.8754328925379395,"CG--sym6[0,0,1]/A:VAL136:CG2",0.7445818781852722,
C_realspace_local,A_MET112,19,0.7343711853027344,0.7711682319641113,-94.74;-156.73;64.49,g-/t/m+,34.74;23.27;25.51,False,2.8316308013239557,CE--B:ILE113:CG2,5.8754328925379395,"CG--sym6[0,0,1]/A:VAL136:CG2",0.7445818781852722,
C_realspace_local,A_MET112,20,0.7343711853027344,0.7711682319641113,-94.74;-156.73;64.49,g-/t/m+,34.74;23.27;25.51,False,2.8316308013239557,CE--B:ILE113:CG2,5.8754328925379395,"CG--sym6[0,0,1]/A:VAL136:CG2",0.7445818781852722,
C_realspace_local,A_MET112,21,0.7343711853027344,0.7711682319641113,-94.74;-156.73;64.49,g-/t/m+,34.74;23.27;25.51,False,2.8316308013239557,CE--B:ILE113:CG2,5.8754328925379395,"CG--sym6[0,0,1]/A:VAL136:CG2",0.7445818781852722,
C_realspace_local,A_MET112,22,0.7343711853027344,0.7711682319641113,-94.74;-156.73;64.49,g-/t/m+,34.74;23.27;25.51,False,2.8316308013239557,CE--B:ILE113:CG2,5.8754328925379395,"CG--sym6[0,0,1]/A:VAL136:CG2",0.7445818781852722,
C_realspace_local,A_MET112,23,0.7343711853027344,0.7711682319641113,-94.74;-156.73;64.49,g-/t/m+,34.74;23.27;25.51,False,2.8316308013239557,CE--B:ILE113:CG2,5.8754328925379395,"CG--sym6[0,0,1]/A:VAL136:CG2",0.7445818781852722,
C_realspace_local,A_MET112,24,0.7343711853027344,0.7711682319641113,-94.74;-156.73;64.49,g-/t/m+,34.74;23.27;25.51,False,2.8316308013239557,CE--B:ILE113:CG2,5.8754328925379395,"CG--sym6[0,0,1]/A:VAL136:CG2",0.7445818781852722,
C_realspace_local,A_MET112,25,0.7343711853027344,0.7711682319641113,-94.74;-156.73;64.49,g-/t/m+,34.74;23.27;25.51,False,2.8316308013239557,CE--B:ILE113:CG2,5.8754328925379395,"CG--sym6[0,0,1]/A:VAL136:CG2",0.7445818781852722,
C_realspace_local,A_MET112,26,0.7343711853027344,0.7711682319641113,-94.74;-156.73;64.49,g-/t/m+,34.74;23.27;25.51,False,2.8316308013239557,CE--B:ILE113:CG2,5.8754328925379395,"CG--sym6[0,0,1]/A:VAL136:CG2",0.7445818781852722,
C_realspace_local,A_MET112,27,0.7343711853027344,0.7711682319641113,-94.74;-156.73;64.49,g-/t/m+,34.74;23.27;25.51,False,2.8316308013239557,CE--B:ILE113:CG2,5.8754328925379395,"CG--sym6[0,0,1]/A:VAL136:CG2",0.7445818781852722,
C_realspace_local,A_MET112,28,0.7343711853027344,0.7711682319641113,-94.74;-156.73;64.49,g-/t/m+,34.74;23.27;25.51,False,2.8316308013239557,CE--B:ILE113:CG2,5.8754328925379395,"CG--sym6[0,0,1]/A:VAL136:CG2",0.7445818781852722,
C_realspace_local,A_MET112,29,0.7343711853027344,0.7711682319641113,-94.74;-156.73;64.49,g-/t/m+,34.74;23.27;25.51,False,2.8316308013239557,CE--B:ILE113:CG2,5.8754328925379395,"CG--sym6[0,0,1]/A:VAL136:CG2",0.7445818781852722,
C_realspace_local,A_MET112,30,0.7343711853027344,0.7711682319641113,-94.74;-156.73;64.49,g-/t/m+,34.74;23.27;25.51,False,2.8316308013239557,CE--B:ILE113:CG2,5.8754328925379395,"CG--sym6[0,0,1]/A:VAL136:CG2",0.7445818781852722,
C_realspace_local,A_MET112,31,0.7343711853027344,0.7711682319641113,-94.74;-156.73;64.49,g-/t/m+,34.74;23.27;25.51,False,2.8316308013239557,CE--B:ILE113:CG2,5.8754328925379395,"CG--sym6[0,0,1]/A:VAL136:CG2",0.7445818781852722,
C_realspace_local,A_MET112,32,0.7343711853027344,0.7711682319641113,-94.74;-156.73;64.49,g-/t/m+,34.74;23.27;25.51,False,2.8316308013239557,CE--B:ILE113:CG2,5.8754328925379395,"CG--sym6[0,0,1]/A:VAL136:CG2",0.7445818781852722,
C_realspace_local,A_MET112,33,0.7343711853027344,0.7711682319641113,-94.74;-156.73;64.49,g-/t/m+,34.74;23.27;25.51,False,2.8316308013239557,CE--B:ILE113:CG2,5.8754328925379395,"CG--sym6[0,0,1]/A:VAL136:CG2",0.7445818781852722,
C_realspace_local,A_MET112,34,0.7343711853027344,0.7711682319641113,-94.74;-156.73;64.49,g-/t/m+,34.74;23.27;25.51,False,2.8316308013239557,CE--B:ILE113:CG2,5.8754328925379395,"CG--sym6[0,0,1]/A:VAL136:CG2",0.7445818781852722,
C_realspace_local,A_MET112,35,0.7343711853027344,0.7711682319641113,-94.74;-156.73;64.49,g-/t/m+,34.74;23.27;25.51,False,2.8316308013239557,CE--B:ILE113:CG2,5.8754328925379395,"CG--sym6[0,0,1]/A:VAL136:CG2",0.7445818781852722,
C_realspace_local,A_MET112,36,0.7343711853027344,0.7711682319641113,-94.74;-156.73;64.49,g-/t/m+,34.74;23.27;25.51,False,2.8316308013239557,CE--B:ILE113:CG2,5.8754328925379395,"CG--sym6[0,0,1]/A:VAL136:CG2",0.7445818781852722,
C_realspace_local,A_MET112,37,0.7343711853027344,0.7711682319641113,-94.74;-156.73;64.49,g-/t/m+,34.74;23.27;25.51,False,2.8316308013239557,CE--B:ILE113:CG2,5.8754328925379395,"CG--sym6[0,0,1]/A:VAL136:CG2",0.7445818781852722,
C_realspace_local,A_MET112,38,0.7343711853027344,0.7711682319641113,-94.74;-156.73;64.49,g-/t/m+,34.74;23.27;25.51,False,2.8316308013239557,CE--B:ILE113:CG2,5.8754328925379395,"CG--sym6[0,0,1]/A:VAL136:CG2",0.7445818781852722,
C_realspace_local,A_MET112,39,0.7343711853027344,0.7711682319641113,-94.74;-156.73;64.49,g-/t/m+,34.74;23.27;25.51,False,2.8316308013239557,CE--B:ILE113:CG2,5.8754328925379395,"CG--sym6[0,0,1]/A:VAL136:CG2",0.7445818781852722,
C_realspace_local,A_MET112,40,0.7343711853027344,0.7711682319641113,-94.74;-156.73;64.49,g-/t/m+,34.74;23.27;25.51,False,2.8316308013239557,CE--B:ILE113:CG2,5.8754328925379395,"CG--sym6[0,0,1]/A:VAL136:CG2",0.7445818781852722,
C_realspace_local,A_MET112,41,0.7343711853027344,0.7711682319641113,-94.74;-156.73;64.49,g-/t/m+,34.74;23.27;25.51,False,2.8316308013239557,CE--B:ILE113:CG2,5.8754328925379395,"CG--sym6[0,0,1]/A:VAL136:CG2",0.7445818781852722,
C_realspace_local,A_MET112,42,0.7343711853027344,0.7711682319641113,-94.74;-156.73;64.49,g-/t/m+,34.74;23.27;25.51,False,2.8316308013239557,CE--B:ILE113:CG2,5.8754328925379395,"CG--sym6[0,0,1]/A:VAL136:CG2",0.7445818781852722,
C_realspace_local,A_MET112,43,0.7343711853027344,0.7711682319641113,-94.74;-156.73;64.49,g-/t/m+,34.74;23.27;25.51,False,2.8316308013239557,CE--B:ILE113:CG2,5.8754328925379395,"CG--sym6[0,0,1]/A:VAL136:CG2",0.7445818781852722,
C_realspace_local,A_MET112,44,0.7343711853027344,0.7711682319641113,-94.74;-156.73;64.49,g-/t/m+,34.74;23.27;25.51,False,2.8316308013239557,CE--B:ILE113:CG2,5.8754328925379395,"CG--sym6[0,0,1]/A:VAL136:CG2",0.7445818781852722,
C_realspace_local,A_MET112,45,0.7343711853027344,0.7711682319641113,-94.74;-156.73;64.49,g-/t/m+,34.74;23.27;25.51,False,2.8316308013239557,CE--B:ILE113:CG2,5.8754328925379395,"CG--sym6[0,0,1]/A:VAL136:CG2",0.7445818781852722,
C_realspace_local,A_MET112,46,0.7343711853027344,0.7711682319641113,-94.74;-156.73;64.49,g-/t/m+,34.74;23.27;25.51,False,2.8316308013239557,CE--B:ILE113:CG2,5.8754328925379395,"CG--sym6[0,0,1]/A:VAL136:CG2",0.7445818781852722,
C_realspace_local,A_MET112,47,0.7343711853027344,0.7711682319641113,-94.74;-156.73;64.49,g-/t/m+,34.74;23.27;25.51,False,2.8316308013239557,CE--B:ILE113:CG2,5.8754328925379395,"CG--sym6[0,0,1]/A:VAL136:CG2",0.7445818781852722,
C_realspace_local,A_MET112,48,0.7343711853027344,0.7711682319641113,-94.74;-156.73;64.49,g-/t/m+,34.74;23.27;25.51,False,2.8316308013239557,CE--B:ILE113:CG2,5.8754328925379395,"CG--sym6[0,0,1]/A:VAL136:CG2",0.7445818781852722,
C_realspace_local,A_MET112,49,0.7343711853027344,0.7711682319641113,-94.74;-156.73;64.49,g-/t/m+,34.74;23.27;25.51,False,2.8316308013239557,CE--B:ILE113:CG2,5.8754328925379395,"CG--sym6[0,0,1]/A:VAL136:CG2",0.7445818781852722,
A_synthetic_fobs,A_ARG129,0,1.4099235534667969,0.9973584413528442,65.70;169.85;70.99;-156.11,g+/t/g+/p180,5.70;10.15;10.99;23.89,True,2.3860848884911676,CG--A:LEU126:O,3.9434406483361806,"NH1--sym7[1,-1,1]/B:HOH41:O",0.1507367342710495,NH2--A:HOH24:O:3.40A;NH2--A:HOH16:O:3.46A
A_synthetic_fobs,A_ARG129,1,1.4099215269088745,0.997360110282898,65.70;169.85;70.99;-156.11,g+/t/g+/p-180,5.70;10.15;10.99;23.89,True,2.3860841112464097,CG--A:LEU126:O,3.9434341674899374,"NH1--sym7[1,-1,1]/B:HOH41:O",0.15073800086975098,NH2--A:HOH24:O:3.40A;NH2--A:HOH16:O:3.46A
A_synthetic_fobs,A_ARG129,2,1.4099215269088745,0.9973593354225159,65.70;169.85;70.99;-156.11,g+/t/g+/p180,5.70;10.15;10.99;23.89,True,2.3860841112464097,CG--A:LEU126:O,3.943435781517629,"NH1--sym7[1,-1,1]/B:HOH41:O",0.15073715150356293,NH2--A:HOH24:O:3.40A;NH2--A:HOH16:O:3.46A
A_synthetic_fobs,A_ARG129,3,1.4099212884902954,0.9973582029342651,65.70;169.85;70.99;-156.11,g+/t/g+/p180,5.70;10.15;10.99;23.89,True,2.3860841112464097,CG--A:LEU126:O,3.9434411354886776,"NH1--sym7[1,-1,1]/B:HOH41:O",0.15073859691619873,NH2--A:HOH24:O:3.40A;NH2--A:HOH16:O:3.46A
A_synthetic_fobs,A_ARG129,4,1.4099196195602417,0.9973606467247009,65.70;169.85;70.99;-156.11,g+/t/g+/p180,5.70;10.15;10.99;23.89,True,2.3860848884911676,CG--A:LEU126:O,3.9434361850245927,"NH1--sym7[1,-1,1]/B:HOH41:O",0.15073660016059875,NH2--A:HOH24:O:3.40A;NH2--A:HOH16:O:3.46A
A_synthetic_fobs,A_ARG129,5,1.4099193811416626,0.9973585605621338,65.70;169.85;70.99;-156.11,g+/t/g+/p180,5.70;10.15;10.99;23.89,True,2.3860848884911676,CG--A:LEU126:O,3.9434411354886776,"NH1--sym7[1,-1,1]/B:HOH41:O",0.1507379114627838,NH2--A:HOH24:O:3.40A;NH2--A:HOH16:O:3.46A
A_synthetic_fobs,A_ARG129,6,1.4099193811416626,0.9973585605621338,65.70;169.85;70.99;-156.11,g+/t/g+/p180,5.70;10.15;10.99;23.89,True,2.3860848884911676,CG--A:LEU126:O,3.9434411354886776,"NH1--sym7[1,-1,1]/B:HOH41:O",0.1507379114627838,NH2--A:HOH24:O:3.40A;NH2--A:HOH16:O:3.46A
A_synthetic_fobs,A_ARG129,7,1.4099605083465576,0.9973709583282471,65.70;169.85;70.99;-156.12,g+/t/g+/p180,5.70;10.15;10.99;23.88,True,2.3860848884911676,CG--A:LEU126:O,3.9434653219628735,"NH1--sym7[1,-1,1]/B:HOH41:O",0.15061581134796143,NH2--A:HOH24:O:3.40A;NH2--A:HOH16:O:3.46A
A_synthetic_fobs,A_ARG129,8,1.4099215269088745,0.997360110282898,65.70;169.85;70.99;-156.11,g+/t/g+/p180,5.70;10.15;10.99;23.89,True,2.3860841112464097,CG--A:LEU126:O,3.9434345709968355,"NH1--sym7[1,-1,1]/B:HOH41:O",0.15073822438716888,NH2--A:HOH24:O:3.40A;NH2--A:HOH16:O:3.46A
A_synthetic_fobs,A_ARG129,9,1.4099193811416626,0.9973585605621338,65.70;169.85;70.99;-156.11,g+/t/g+/p180,5.70;10.15;10.99;23.89,True,2.3860848884911676,CG--A:LEU126:O,3.9434411354886776,"NH1--sym7[1,-1,1]/B:HOH41:O",0.1507379114627838,NH2--A:HOH24:O:3.40A;NH2--A:HOH16:O:3.46A
A_synthetic_fobs,A_ARG129,10,1.4099215269088745,0.9973593950271606,65.70;169.85;70.99;-156.11,g+/t/g+/p180,5.70;10.15;10.99;23.89,True,2.3860841112464097,CG--A:LEU126:O,3.943440667951841,"NH1--sym7[1,-1,1]/B:HOH41:O",0.15073704719543457,NH2--A:HOH24:O:3.40A;NH2--A:HOH16:O:3.46A
A_synthetic_fobs,A_ARG129,11,1.4099202156066895,0.9973613023757935,65.70;169.85;70.99;-156.11,g+/t/g+/p180,5.70;10.15;10.99;23.89,True,2.3860848884911676,CG--A:LEU126:O,3.9434384738859367,"NH1--sym7[1,-1,1]/B:HOH41:O",0.15073518455028534,NH2--A:HOH24:O:3.40A;NH2--A:HOH16:O:3.46A
A_synthetic_fobs,A_ARG129,12,1.4099196195602417,0.9973597526550293,65.70;169.85;70.99;-156.11,g+/t/g+/p180,5.70;10.15;10.99;23.89,True,2.3860848884911676,CG--A:LEU126:O,3.9434406875677896,"NH1--sym7[1,-1,1]/B:HOH41:O",0.15073731541633606,NH2--A:HOH24:O:3.40A;NH2--A:HOH16:O:3.46A
A_synthetic_fobs,A_ARG129,13,1.4099215269088745,0.9973595142364502,65.70;169.85;70.99;-156.11,g+/t/g+/p180,5.70;10.15;10.99;23.89,True,2.3860841112464097,CG--A:LEU126:O,3.943440667951841,"NH1--sym7[1,-1,1]/B:HOH41:O",0.15073783695697784,NH2--A:HOH24:O:3.40A;NH2--A:HOH16:O:3.46A
A_synthetic_fobs,A_ARG129,14,1.4099193811416626,0.997358500957489,65.70;169.85;70.99;-156.11,g+/t/g+/p180,5.70;10.15;10.99;23.89,True,2.3860848884911676,CG--A:LEU126:O,3.9434411354886776,"NH1--sym7[1,-1,1]/B:HOH41:O",0.15073798596858978,NH2--A:HOH24:O:3.40A;NH2--A:HOH16:O:3.46A
A_synthetic_fobs,A_ARG129,15,1.4099195003509521,0.9973596334457397,65.70;169.85;70.99;-156.11,g+/t/g+/p180,5.70;10.15;10.99;23.89,True,2.3860848884911676,CG--A:LEU126:O,3.943440264445278,"NH1--sym7[1,-1,1]/B:HOH41:O",0.15073637664318085,NH2--A:HOH24:O:3.40A;NH2--A:HOH16:O:3.46A
A_synthetic_fobs,A_ARG129,16,1.4099195003509521,0.9973584413528442,65.70;169.85;70.99;-156.11,g+/t/g+/p180,5.70;10.15;10.99;23.89,True,2.3860848884911676,CG--A:LEU126:O,3.9434427887454513,"NH1--sym7[1,-1,1]/B:HOH41:O",0.15073810517787933,NH2--A:HOH24:O:3.40A;NH2--A:HOH16:O:3.46A
A_synthetic_fobs,A_ARG129,17,1.4099196195602417,0.9973597526550293,65.70;169.85;70.99;-156.11,g+/t/g+/p180,5.70;10.15;10.99;23.89,True,2.3860848884911676,CG--A:LEU126:O,3.9434406875677896,"NH1--sym7[1,-1,1]/B:HOH41:O",0.15073731541633606,NH2--A:HOH24:O:3.40A;NH2--A:HOH16:O:3.46A
A_synthetic_fobs,A_ARG129,18,1.4099215269088745,0.9973593354225159,65.70;169.85;70.99;-156.11,g+/t/g+/p180,5.70;10.15;10.99;23.89,True,2.3860841112464097,CG--A:LEU126:O,3.943439841322952,"NH1--sym7[1,-1,1]/B:HOH41:O",0.15073713660240173,NH2--A:HOH24:O:3.40A;NH2--A:HOH16:O:3.46A
A_synthetic_fobs,A_ARG129,19,1.4099195003509521,0.9973600506782532,65.70;169.85;70.99;-156.11,g+/t/g+/p180,5.70;10.15;10.99;23.89,True,2.3860848884911676,CG--A:LEU126:O,3.943440264445278,"NH1--sym7[1,-1,1]/B:HOH41:O",0.15073688328266144,NH2--A:HOH24:O:3.40A;NH2--A:HOH16:O:3.46A
A_synthetic_fobs,A_ARG129,20,1.409921646118164,0.997359573841095,65.70;169.85;70.99;-156.11,g+/t/g+/p180,5.70;10.15;10.99;23.89,True,2.3860841112464097,CG--A:LEU126:O,3.9434398217074604,"NH1--sym7[1,-1,1]/B:HOH41:O",0.1507362574338913,NH2--A:HOH24:O:3.40A;NH2--A:HOH16:O:3.46A
A_synthetic_fobs,A_ARG129,21,1.4099196195602417,0.9973598122596741,65.70;169.85;70.99;-156.11,g+/t/g+/p180,5.70;10.15;10.99;23.89,True,2.3860848884911676,CG--A:LEU126:O,3.9434406875677896,"NH1--sym7[1,-1,1]/B:HOH41:O",0.15073731541633606,NH2--A:HOH24:O:3.40A;NH2--A:HOH16:O:3.46A
A_synthetic_fobs,A_ARG129,22,1.4099195003509521,0.9973600506782532,65.70;169.85;70.99;-156.11,g+/t/g+/p180,5.70;10.15;10.99;23.89,True,2.3860848884911676,CG--A:LEU126:O,3.943440264445278,"NH1--sym7[1,-1,1]/B:HOH41:O",0.15073701739311218,NH2--A:HOH24:O:3.40A;NH2--A:HOH16:O:3.46A
A_synthetic_fobs,A_ARG129,23,1.4099195003509521,0.9973596930503845,65.70;169.85;70.99;-156.11,g+/t/g+/p180,5.70;10.15;10.99;23.89,True,2.3860848884911676,CG--A:LEU126:O,3.943440264445278,"NH1--sym7[1,-1,1]/B:HOH41:O",0.15073728561401367,NH2--A:HOH24:O:3.40A;NH2--A:HOH16:O:3.46A
A_synthetic_fobs,A_ARG129,24,1.4099196195602417,0.9973597526550293,65.70;169.85;70.99;-156.11,g+/t/g+/p180,5.70;10.15;10.99;23.89,True,2.3860848884911676,CG--A:LEU126:O,3.9434406875677896,"NH1--sym7[1,-1,1]/B:HOH41:O",0.15073731541633606,NH2--A:HOH24:O:3.40A;NH2--A:HOH16:O:3.46A
A_synthetic_fobs,A_ARG129,25,1.4099231958389282,0.9973552227020264,65.70;169.85;70.99;-156.11,g+/t/g+/p180,5.70;10.15;10.99;23.89,True,2.3860848884911676,CG--A:LEU126:O,3.9434489642717154,"NH1--sym7[1,-1,1]/B:HOH41:O",0.1507401168346405,NH2--A:HOH24:O:3.40A;NH2--A:HOH16:O:3.46A
A_synthetic_fobs,A_ARG129,26,1.4099196195602417,0.9973598122596741,65.70;169.85;70.99;-156.11,g+/t/g+/p180,5.70;10.15;10.99;23.89,True,2.3860848884911676,CG--A:LEU126:O,3.9434406875677896,"NH1--sym7[1,-1,1]/B:HOH41:O",0.15073731541633606,NH2--A:HOH24:O:3.40A;NH2--A:HOH16:O:3.46A
A_synthetic_fobs,A_ARG129,27,1.4099195003509521,0.997360110282898,65.70;169.85;70.99;-156.11,g+/t/g+/p180,5.70;10.15;10.99;23.89,True,2.3860848884911676,CG--A:LEU126:O,3.943440264445278,"NH1--sym7[1,-1,1]/B:HOH41:O",0.15073688328266144,NH2--A:HOH24:O:3.40A;NH2--A:HOH16:O:3.46A
A_synthetic_fobs,A_ARG129,28,1.4099195003509521,0.9973585605621338,65.70;169.85;70.99;-156.11,g+/t/g+/p180,5.70;10.15;10.99;23.89,True,2.3860848884911676,CG--A:LEU126:O,3.9434415389946325,"NH1--sym7[1,-1,1]/B:HOH41:O",0.15073855221271515,NH2--A:HOH24:O:3.40A;NH2--A:HOH16:O:3.46A
A_synthetic_fobs,A_ARG129,29,1.409915566444397,0.9973658919334412,65.70;169.85;70.99;-156.11,g+/t/g+/p180,5.70;10.15;10.99;23.89,True,2.3860848884911676,CG--A:LEU126:O,3.943428179871995,"NH1--sym7[1,-1,1]/B:HOH41:O",0.15073218941688538,NH2--A:HOH24:O:3.40A;NH2--A:HOH16:O:3.46A
A_synthetic_fobs,A_ARG129,30,1.4099195003509521,0.9973599314689636,65.70;169.85;70.99;-156.11,g+/t/g+/p-180,5.70;10.15;10.99;23.89,True,2.3860848884911676,CG--A:LEU126:O,3.943440667951841,"NH1--sym7[1,-1,1]/B:HOH41:O",0.15073692798614502,NH2--A:HOH24:O:3.40A;NH2--A:HOH16:O:3.46A
A_synthetic_fobs,A_ARG129,31,1.4099195003509521,0.9973596334457397,65.70;169.85;70.99;-156.11,g+/t/g+/p180,5.70;10.15;10.99;23.89,True,2.3860848884911676,CG--A:LEU126:O,3.943440264445278,"NH1--sym7[1,-1,1]/B:HOH41:O",0.15073637664318085,NH2--A:HOH24:O:3.40A;NH2--A:HOH16:O:3.46A
A_synthetic_fobs,A_ARG129,32,1.4099193811416626,0.9973586201667786,65.70;169.85;70.99;-156.11,g+/t/g+/p180,5.70;10.15;10.99;23.89,True,2.3860848884911676,CG--A:LEU126:O,3.9434419425006033,"NH1--sym7[1,-1,1]/B:HOH41:O",0.15073804557323456,NH2--A:HOH24:O:3.40A;NH2--A:HOH16:O:3.46A
A_synthetic_fobs,A_ARG129,33,1.409921646118164,0.9973606467247009,65.70;169.85;70.99;-156.11,g+/t/g+/p180,5.70;10.15;10.99;23.89,True,2.3860841112464097,CG--A:LEU126:O,3.943434512149071,"NH1--sym7[1,-1,1]/B:HOH41:O",0.15073725581169128,NH2--A:HOH24:O:3.40A;NH2--A:HOH16:O:3.46A
A_synthetic_fobs,A_ARG129,34,1.4099215269088745,0.9973604679107666,65.70;169.85;70.99;-156.11,g+/t/g+/p180,5.70;10.15;10.99;23.89,True,2.3860841112464097,CG--A:LEU126:O,3.9434357619015983,"NH1--sym7[1,-1,1]/B:HOH41:O",0.15073677897453308,NH2--A:HOH24:O:3.40A;NH2--A:HOH16:O:3.46A
A_synthetic_fobs,A_ARG129,35,1.4099193811416626,0.997358500957489,65.70;169.85;70.99;-156.11,g+/t/g+/p180,5.70;10.15;10.99;23.89,True,2.3860848884911676,CG--A:LEU126:O,3.9434411354886776,"NH1--sym7[1,-1,1]/B:HOH41:O",0.15073798596858978,NH2--A:HOH24:O:3.40A;NH2--A:HOH16:O:3.46A
A_synthetic_fobs,A_ARG129,36,1.4099193811416626,0.9973586201667786,65.70;169.85;70.99;-156.11,g+/t/g+/p180,5.70;10.15;10.99;23.89,True,2.3860848884911676,CG--A:LEU126:O,3.943440712366445,"NH1--sym7[1,-1,1]/B:HOH41:O",0.15073849260807037,NH2--A:HOH24:O:3.40A;NH2--A:HOH16:O:3.46A
A_synthetic_fobs,A_ARG129,37,1.4099218845367432,0.9973598718643188,65.70;169.85;70.99;-156.11,g+/t/g+/p180,5.70;10.15;10.99;23.89,True,2.3860841112464097,CG--A:LEU126:O,3.943439339741488,"NH1--sym7[1,-1,1]/B:HOH41:O",0.15073458850383759,NH2--A:HOH24:O:3.40A;NH2--A:HOH16:O:3.46A
A_synthetic_fobs,A_ARG129,38,1.409920334815979,0.9973613023757935,65.70;169.85;70.99;-156.11,g+/t/g+/p180,5.70;10.15;10.99;23.89,True,2.3860848884911676,CG--A:LEU126:O,3.9434384738859367,"NH1--sym7[1,-1,1]/B:HOH41:O",0.15073466300964355,NH2--A:HOH24:O:3.40A;NH2--A:HOH16:O:3.46A
A_synthetic_fobs,A_ARG129,39,1.4099217653274536,0.9973599314689636,65.70;169.85;70.99;-156.11,g+/t/g+/p180,5.70;10.15;10.99;23.89,True,2.3860841112464097,CG--A:LEU126:O,3.9434381488354995,"NH1--sym7[1,-1,1]/B:HOH41:O",0.15073657035827637,NH2--A:HOH24:O:3.40A;NH2--A:HOH16:O:3.46A
A_synthetic_fobs,A_ARG129,40,1.4099202156066895,0.9973613023757935,65.70;169.85;70.99;-156.11,g+/t/g+/p180,5.70;10.15;10.99;23.89,True,2.3860848884911676,CG--A:LEU126:O,3.9434384738859367,"NH1--sym7[1,-1,1]/B:HOH41:O",0.15073518455028534,NH2--A:HOH24:O:3.40A;NH2--A:HOH16:O:3.46A
A_synthetic_fobs,A_ARG129,41,1.4099195003509521,0.9973597526550293,65.70;169.85;70.99;-156.11,g+/t/g+/p180,5.70;10.15;10.99;23.89,True,2.3860848884911676,CG--A:LEU126:O,3.9434398609387316,"NH1--sym7[1,-1,1]/B:HOH41:O",0.15073685348033905,NH2--A:HOH24:O:3.40A;NH2--A:HOH16:O:3.46A
A_synthetic_fobs,A_ARG129,42,1.4099193811416626,0.9973586201667786,65.70;169.85;70.99;-156.11,g+/t/g+/p180,5.70;10.15;10.99;23.89,True,2.3860848884911676,CG--A:LEU126:O,3.9434419425006033,"NH1--sym7[1,-1,1]/B:HOH41:O",0.15073804557323456,NH2--A:HOH24:O:3.40A;NH2--A:HOH16:O:3.46A
A_synthetic_fobs,A_ARG129,43,1.4099195003509521,0.9973600506782532,65.70;169.85;70.99;-156.11,g+/t/g+/p180,5.70;10.15;10.99;23.89,True,2.3860848884911676,CG--A:LEU126:O,3.943440264445278,"NH1--sym7[1,-1,1]/B:HOH41:O",0.15073701739311218,NH2--A:HOH24:O:3.40A;NH2--A:HOH16:O:3.46A
A_synthetic_fobs,A_ARG129,44,1.4099215269088745,0.9973595142364502,65.70;169.85;70.99;-156.11,g+/t/g+/p180,5.70;10.15;10.99;23.89,True,2.3860841112464097,CG--A:LEU126:O,3.943440667951841,"NH1--sym7[1,-1,1]/B:HOH41:O",0.15073789656162262,NH2--A:HOH24:O:3.40A;NH2--A:HOH16:O:3.46A
A_synthetic_fobs,A_ARG129,45,1.4099196195602417,0.9973606467247009,65.70;169.85;70.99;-156.11,g+/t/g+/p180,5.70;10.15;10.99;23.89,True,2.3860848884911676,CG--A:LEU126:O,3.9434357619015983,"NH1--sym7[1,-1,1]/B:HOH41:O",0.15073616802692413,NH2--A:HOH24:O:3.40A;NH2--A:HOH16:O:3.46A
A_synthetic_fobs,A_ARG129,46,1.4099196195602417,0.9973598122596741,65.70;169.85;70.99;-156.11,g+/t/g+/p180,5.70;10.15;10.99;23.89,True,2.3860848884911676,CG--A:LEU126:O,3.9434406875677896,"NH1--sym7[1,-1,1]/B:HOH41:O",0.15073731541633606,NH2--A:HOH24:O:3.40A;NH2--A:HOH16:O:3.46A
A_synthetic_fobs,A_ARG129,47,1.4099202156066895,0.9973612427711487,65.70;169.85;70.99;-156.11,g+/t/g+/p180,5.70;10.15;10.99;23.89,True,2.3860848884911676,CG--A:LEU126:O,3.9434384738859367,"NH1--sym7[1,-1,1]/B:HOH41:O",0.15073463320732117,NH2--A:HOH24:O:3.40A;NH2--A:HOH16:O:3.46A
A_synthetic_fobs,A_ARG129,48,1.4099195003509521,0.9973585605621338,65.70;169.85;70.99;-156.11,g+/t/g+/p180,5.70;10.15;10.99;23.89,True,2.3860848884911676,CG--A:LEU126:O,3.9434415389946325,"NH1--sym7[1,-1,1]/B:HOH41:O",0.15073826909065247,NH2--A:HOH24:O:3.40A;NH2--A:HOH16:O:3.46A
A_synthetic_fobs,A_ARG129,49,1.4099195003509521,0.9973601698875427,65.70;169.85;70.99;-156.11,g+/t/g+/p180,5.70;10.15;10.99;23.89,True,2.3860848884911676,CG--A:LEU126:O,3.943439014694178,"NH1--sym7[1,-1,1]/B:HOH41:O",0.15073728561401367,NH2--A:HOH24:O:3.40A;NH2--A:HOH16:O:3.46A
B_localized_sf,A_ARG129,0,1.3713595867156982,0.8538903594017029,-91.96;123.32;93.40;177.89,g-/t/g+/p-180,31.96;56.68;33.40;2.11,False,2.865456251520466,NH1--A:HOH5:O,3.2571877708989834,"CD--sym6[-1,0,1]/B:ILE121:CD1",0.44480010867118835,NH1--A:HOH25:O:3.18A;NH1--A:HOH5:O:2.87A;NH2--A:HOH24:O:2.93A;NH2--A:HOH16:O:3.39A
B_localized_sf,A_ARG129,1,1.3713597059249878,0.8538904190063477,-91.96;123.32;93.40;177.89,g-/t/g+/p-180,31.96;56.68;33.40;2.11,False,2.865456630010815,NH1--A:HOH5:O,3.2571877708989834,"CD--sym6[-1,0,1]/B:ILE121:CD1",0.44479894638061523,NH1--A:HOH25:O:3.18A;NH1--A:HOH5:O:2.87A;NH2--A:HOH24:O:2.93A;NH2--A:HOH16:O:3.39A
B_localized_sf,A_ARG129,2,1.3713595867156982,0.8538902401924133,-91.96;123.32;93.40;177.89,g-/t/g+/p-180,31.96;56.68;33.40;2.11,False,2.865456251520466,NH1--A:HOH5:O,3.2571877708989834,"CD--sym6[-1,0,1]/B:ILE121:CD1",0.44480013847351074,NH1--A:HOH25:O:3.18A;NH1--A:HOH5:O:2.87A;NH2--A:HOH24:O:2.93A;NH2--A:HOH16:O:3.39A
B_localized_sf,A_ARG129,3,1.3713597059249878,0.8538904190063477,-91.96;123.32;93.40;177.89,g-/t/g+/p-180,31.96;56.68;33.40;2.11,False,2.865456630010815,NH1--A:HOH5:O,3.2571877708989834,"CD--sym6[-1,0,1]/B:ILE121:CD1",0.44479894638061523,NH1--A:HOH25:O:3.18A;NH1--A:HOH5:O:2.87A;NH2--A:HOH24:O:2.93A;NH2--A:HOH16:O:3.39A
B_localized_sf,A_ARG129,4,1.3713597059249878,0.8538904190063477,-91.96;123.32;93.40;177.89,g-/t/g+/p-180,31.96;56.68;33.40;2.11,False,2.865456630010815,NH1--A:HOH5:O,3.2571877708989834,"CD--sym6[-1,0,1]/B:ILE121:CD1",0.44479894638061523,NH1--A:HOH25:O:3.18A;NH1--A:HOH5:O:2.87A;NH2--A:HOH24:O:2.93A;NH2--A:HOH16:O:3.39A
B_localized_sf,A_ARG129,5,1.3713595867156982,0.8538903594017029,-91.96;123.32;93.40;177.89,g-/t/g+/p-180,31.96;56.68;33.40;2.11,False,2.865456251520466,NH1--A:HOH5:O,3.2571877708989834,"CD--sym6[-1,0,1]/B:ILE121:CD1",0.44480010867118835,NH1--A:HOH25:O:3.18A;NH1--A:HOH5:O:2.87A;NH2--A:HOH24:O:2.93A;NH2--A:HOH16:O:3.39A
B_localized_sf,A_ARG129,6,1.3713597059249878,0.8538904190063477,-91.96;123.32;93.40;177.89,g-/t/g+/p-180,31.96;56.68;33.40;2.11,False,2.865456630010815,NH1--A:HOH5:O,3.2571877708989834,"CD--sym6[-1,0,1]/B:ILE121:CD1",0.44479894638061523,NH1--A:HOH25:O:3.18A;NH1--A:HOH5:O:2.87A;NH2--A:HOH24:O:2.93A;NH2--A:HOH16:O:3.39A
B_localized_sf,A_ARG129,7,1.3713595867156982,0.8538903594017029,-91.96;123.32;93.40;177.89,g-/t/g+/p-180,31.96;56.68;33.40;2.11,False,2.865456251520466,NH1--A:HOH5:O,3.2571877708989834,"CD--sym6[-1,0,1]/B:ILE121:CD1",0.44480010867118835,NH1--A:HOH25:O:3.18A;NH1--A:HOH5:O:2.87A;NH2--A:HOH24:O:2.93A;NH2--A:HOH16:O:3.39A
B_localized_sf,A_ARG129,8,1.3713595867156982,0.8538902401924133,-91.96;123.32;93.40;177.89,g-/t/g+/p-180,31.96;56.68;33.40;2.11,False,2.865456251520466,NH1--A:HOH5:O,3.2571877708989834,"CD--sym6[-1,0,1]/B:ILE121:CD1",0.44480013847351074,NH1--A:HOH25:O:3.18A;NH1--A:HOH5:O:2.87A;NH2--A:HOH24:O:2.93A;NH2--A:HOH16:O:3.39A
B_localized_sf,A_ARG129,9,1.3713597059249878,0.8538904190063477,-91.96;123.32;93.40;177.89,g-/t/g+/p-180,31.96;56.68;33.40;2.11,False,2.865456630010815,NH1--A:HOH5:O,3.2571877708989834,"CD--sym6[-1,0,1]/B:ILE121:CD1",0.44479894638061523,NH1--A:HOH25:O:3.18A;NH1--A:HOH5:O:2.87A;NH2--A:HOH24:O:2.93A;NH2--A:HOH16:O:3.39A
B_localized_sf,A_ARG129,10,1.3713595867156982,0.8538903594017029,-91.96;123.32;93.40;177.89,g-/t/g+/p-180,31.96;56.68;33.40;2.11,False,2.865456251520466,NH1--A:HOH5:O,3.2571877708989834,"CD--sym6[-1,0,1]/B:ILE121:CD1",0.44480010867118835,NH1--A:HOH25:O:3.18A;NH1--A:HOH5:O:2.87A;NH2--A:HOH24:O:2.93A;NH2--A:HOH16:O:3.39A
B_localized_sf,A_ARG129,11,1.3713597059249878,0.8538904190063477,-91.96;123.32;93.40;177.89,g-/t/g+/p-180,31.96;56.68;33.40;2.11,False,2.865456630010815,NH1--A:HOH5:O,3.2571877708989834,"CD--sym6[-1,0,1]/B:ILE121:CD1",0.44479894638061523,NH1--A:HOH25:O:3.18A;NH1--A:HOH5:O:2.87A;NH2--A:HOH24:O:2.93A;NH2--A:HOH16:O:3.39A
B_localized_sf,A_ARG129,12,1.3713595867156982,0.8538902401924133,-91.96;123.32;93.40;177.89,g-/t/g+/p-180,31.96;56.68;33.40;2.11,False,2.865456251520466,NH1--A:HOH5:O,3.2571877708989834,"CD--sym6[-1,0,1]/B:ILE121:CD1",0.44480013847351074,NH1--A:HOH25:O:3.18A;NH1--A:HOH5:O:2.87A;NH2--A:HOH24:O:2.93A;NH2--A:HOH16:O:3.39A
B_localized_sf,A_ARG129,13,1.3713595867156982,0.8538903594017029,-91.96;123.32;93.40;177.89,g-/t/g+/p-180,31.96;56.68;33.40;2.11,False,2.865456251520466,NH1--A:HOH5:O,3.2571877708989834,"CD--sym6[-1,0,1]/B:ILE121:CD1",0.44480010867118835,NH1--A:HOH25:O:3.18A;NH1--A:HOH5:O:2.87A;NH2--A:HOH24:O:2.93A;NH2--A:HOH16:O:3.39A
B_localized_sf,A_ARG129,14,1.3713597059249878,0.8538904190063477,-91.96;123.32;93.40;177.89,g-/t/g+/p-180,31.96;56.68;33.40;2.11,False,2.865456630010815,NH1--A:HOH5:O,3.2571877708989834,"CD--sym6[-1,0,1]/B:ILE121:CD1",0.44479894638061523,NH1--A:HOH25:O:3.18A;NH1--A:HOH5:O:2.87A;NH2--A:HOH24:O:2.93A;NH2--A:HOH16:O:3.39A
B_localized_sf,A_ARG129,15,1.3713595867156982,0.8538903594017029,-91.96;123.32;93.40;177.89,g-/t/g+/p-180,31.96;56.68;33.40;2.11,False,2.865456251520466,NH1--A:HOH5:O,3.2571877708989834,"CD--sym6[-1,0,1]/B:ILE121:CD1",0.44480010867118835,NH1--A:HOH25:O:3.18A;NH1--A:HOH5:O:2.87A;NH2--A:HOH24:O:2.93A;NH2--A:HOH16:O:3.39A
B_localized_sf,A_ARG129,16,1.3713595867156982,0.8538903594017029,-91.96;123.32;93.40;177.89,g-/t/g+/p-180,31.96;56.68;33.40;2.11,False,2.865456251520466,NH1--A:HOH5:O,3.2571877708989834,"CD--sym6[-1,0,1]/B:ILE121:CD1",0.44480010867118835,NH1--A:HOH25:O:3.18A;NH1--A:HOH5:O:2.87A;NH2--A:HOH24:O:2.93A;NH2--A:HOH16:O:3.39A
B_localized_sf,A_ARG129,17,1.3713595867156982,0.8538902401924133,-91.96;123.32;93.40;177.89,g-/t/g+/p-180,31.96;56.68;33.40;2.11,False,2.865456251520466,NH1--A:HOH5:O,3.2571877708989834,"CD--sym6[-1,0,1]/B:ILE121:CD1",0.44480013847351074,NH1--A:HOH25:O:3.18A;NH1--A:HOH5:O:2.87A;NH2--A:HOH24:O:2.93A;NH2--A:HOH16:O:3.39A
B_localized_sf,A_ARG129,18,1.3713597059249878,0.8538904190063477,-91.96;123.32;93.40;177.89,g-/t/g+/p-180,31.96;56.68;33.40;2.11,False,2.865456630010815,NH1--A:HOH5:O,3.2571877708989834,"CD--sym6[-1,0,1]/B:ILE121:CD1",0.44479894638061523,NH1--A:HOH25:O:3.18A;NH1--A:HOH5:O:2.87A;NH2--A:HOH24:O:2.93A;NH2--A:HOH16:O:3.39A
B_localized_sf,A_ARG129,19,1.3713595867156982,0.8538903594017029,-91.96;123.32;93.40;177.89,g-/t/g+/p-180,31.96;56.68;33.40;2.11,False,2.865456251520466,NH1--A:HOH5:O,3.2571877708989834,"CD--sym6[-1,0,1]/B:ILE121:CD1",0.44480010867118835,NH1--A:HOH25:O:3.18A;NH1--A:HOH5:O:2.87A;NH2--A:HOH24:O:2.93A;NH2--A:HOH16:O:3.39A
B_localized_sf,A_ARG129,20,1.3713594675064087,0.8538901805877686,-91.96;123.32;93.40;177.89,g-/t/g+/p-180,31.96;56.68;33.40;2.11,False,2.865456251520466,NH1--A:HOH5:O,3.2571877708989834,"CD--sym6[-1,0,1]/B:ILE121:CD1",0.4448002278804779,NH1--A:HOH25:O:3.18A;NH1--A:HOH5:O:2.87A;NH2--A:HOH24:O:2.93A;NH2--A:HOH16:O:3.39A
B_localized_sf,A_ARG129,21,1.3713595867156982,0.8538902401924133,-91.96;123.32;93.40;177.89,g-/t/g+/p-180,31.96;56.68;33.40;2.11,False,2.865456251520466,NH1--A:HOH5:O,3.2571877708989834,"CD--sym6[-1,0,1]/B:ILE121:CD1",0.44480013847351074,NH1--A:HOH25:O:3.18A;NH1--A:HOH5:O:2.87A;NH2--A:HOH24:O:2.93A;NH2--A:HOH16:O:3.39A
B_localized_sf,A_ARG129,22,1.3713595867156982,0.8538902401924133,-91.96;123.32;93.40;177.89,g-/t/g+/p-180,31.96;56.68;33.40;2.11,False,2.865456251520466,NH1--A:HOH5:O,3.2571877708989834,"CD--sym6[-1,0,1]/B:ILE121:CD1",0.44480013847351074,NH1--A:HOH25:O:3.18A;NH1--A:HOH5:O:2.87A;NH2--A:HOH24:O:2.93A;NH2--A:HOH16:O:3.39A
B_localized_sf,A_ARG129,23,1.3713597059249878,0.8538904190063477,-91.96;123.32;93.40;177.89,g-/t/g+/p-180,31.96;56.68;33.40;2.11,False,2.865456630010815,NH1--A:HOH5:O,3.2571877708989834,"CD--sym6[-1,0,1]/B:ILE121:CD1",0.44479894638061523,NH1--A:HOH25:O:3.18A;NH1--A:HOH5:O:2.87A;NH2--A:HOH24:O:2.93A;NH2--A:HOH16:O:3.39A
B_localized_sf,A_ARG129,24,1.3713597059249878,0.8538904190063477,-91.96;123.32;93.40;177.89,g-/t/g+/p-180,31.96;56.68;33.40;2.11,False,2.865456630010815,NH1--A:HOH5:O,3.2571877708989834,"CD--sym6[-1,0,1]/B:ILE121:CD1",0.44479894638061523,NH1--A:HOH25:O:3.18A;NH1--A:HOH5:O:2.87A;NH2--A:HOH24:O:2.93A;NH2--A:HOH16:O:3.39A
B_localized_sf,A_ARG129,25,1.3713595867156982,0.8538903594017029,-91.96;123.32;93.40;177.89,g-/t/g+/p-180,31.96;56.68;33.40;2.11,False,2.865456251520466,NH1--A:HOH5:O,3.2571877708989834,"CD--sym6[-1,0,1]/B:ILE121:CD1",0.44480010867118835,NH1--A:HOH25:O:3.18A;NH1--A:HOH5:O:2.87A;NH2--A:HOH24:O:2.93A;NH2--A:HOH16:O:3.39A
B_localized_sf,A_ARG129,26,1.3713595867156982,0.8538902401924133,-91.96;123.32;93.40;177.89,g-/t/g+/p-180,31.96;56.68;33.40;2.11,False,2.865456251520466,NH1--A:HOH5:O,3.2571877708989834,"CD--sym6[-1,0,1]/B:ILE121:CD1",0.44480013847351074,NH1--A:HOH25:O:3.18A;NH1--A:HOH5:O:2.87A;NH2--A:HOH24:O:2.93A;NH2--A:HOH16:O:3.39A
B_localized_sf,A_ARG129,27,1.3713597059249878,0.8538904190063477,-91.96;123.32;93.40;177.89,g-/t/g+/p-180,31.96;56.68;33.40;2.11,False,2.865456630010815,NH1--A:HOH5:O,3.2571877708989834,"CD--sym6[-1,0,1]/B:ILE121:CD1",0.44479894638061523,NH1--A:HOH25:O:3.18A;NH1--A:HOH5:O:2.87A;NH2--A:HOH24:O:2.93A;NH2--A:HOH16:O:3.39A
B_localized_sf,A_ARG129,28,1.3713597059249878,0.8538904190063477,-91.96;123.32;93.40;177.89,g-/t/g+/p-180,31.96;56.68;33.40;2.11,False,2.865456630010815,NH1--A:HOH5:O,3.2571877708989834,"CD--sym6[-1,0,1]/B:ILE121:CD1",0.44479894638061523,NH1--A:HOH25:O:3.18A;NH1--A:HOH5:O:2.87A;NH2--A:HOH24:O:2.93A;NH2--A:HOH16:O:3.39A
B_localized_sf,A_ARG129,29,1.3713597059249878,0.8538904190063477,-91.96;123.32;93.40;177.89,g-/t/g+/p-180,31.96;56.68;33.40;2.11,False,2.865456630010815,NH1--A:HOH5:O,3.2571877708989834,"CD--sym6[-1,0,1]/B:ILE121:CD1",0.44479894638061523,NH1--A:HOH25:O:3.18A;NH1--A:HOH5:O:2.87A;NH2--A:HOH24:O:2.93A;NH2--A:HOH16:O:3.39A
B_localized_sf,A_ARG129,30,1.3713597059249878,0.8538904190063477,-91.96;123.32;93.40;177.89,g-/t/g+/p-180,31.96;56.68;33.40;2.11,False,2.865456630010815,NH1--A:HOH5:O,3.2571877708989834,"CD--sym6[-1,0,1]/B:ILE121:CD1",0.44479894638061523,NH1--A:HOH25:O:3.18A;NH1--A:HOH5:O:2.87A;NH2--A:HOH24:O:2.93A;NH2--A:HOH16:O:3.39A
B_localized_sf,A_ARG129,31,1.3713595867156982,0.8538903594017029,-91.96;123.32;93.40;177.89,g-/t/g+/p-180,31.96;56.68;33.40;2.11,False,2.865456251520466,NH1--A:HOH5:O,3.2571877708989834,"CD--sym6[-1,0,1]/B:ILE121:CD1",0.44480010867118835,NH1--A:HOH25:O:3.18A;NH1--A:HOH5:O:2.87A;NH2--A:HOH24:O:2.93A;NH2--A:HOH16:O:3.39A
B_localized_sf,A_ARG129,32,1.3713595867156982,0.8538902401924133,-91.96;123.32;93.40;177.89,g-/t/g+/p-180,31.96;56.68;33.40;2.11,False,2.865456251520466,NH1--A:HOH5:O,3.2571877708989834,"CD--sym6[-1,0,1]/B:ILE121:CD1",0.44480013847351074,NH1--A:HOH25:O:3.18A;NH1--A:HOH5:O:2.87A;NH2--A:HOH24:O:2.93A;NH2--A:HOH16:O:3.39A
B_localized_sf,A_ARG129,33,1.3713597059249878,0.8538904190063477,-91.96;123.32;93.40;177.89,g-/t/g+/p-180,31.96;56.68;33.40;2.11,False,2.865456630010815,NH1--A:HOH5:O,3.2571877708989834,"CD--sym6[-1,0,1]/B:ILE121:CD1",0.44479894638061523,NH1--A:HOH25:O:3.18A;NH1--A:HOH5:O:2.87A;NH2--A:HOH24:O:2.93A;NH2--A:HOH16:O:3.39A
B_localized_sf,A_ARG129,34,1.3713595867156982,0.8538902401924133,-91.96;123.32;93.40;177.89,g-/t/g+/p-180,31.96;56.68;33.40;2.11,False,2.865456251520466,NH1--A:HOH5:O,3.2571877708989834,"CD--sym6[-1,0,1]/B:ILE121:CD1",0.44480013847351074,NH1--A:HOH25:O:3.18A;NH1--A:HOH5:O:2.87A;NH2--A:HOH24:O:2.93A;NH2--A:HOH16:O:3.39A
B_localized_sf,A_ARG129,35,1.3713595867156982,0.8538903594017029,-91.96;123.32;93.40;177.89,g-/t/g+/p-180,31.96;56.68;33.40;2.11,False,2.865456251520466,NH1--A:HOH5:O,3.2571877708989834,"CD--sym6[-1,0,1]/B:ILE121:CD1",0.44480010867118835,NH1--A:HOH25:O:3.18A;NH1--A:HOH5:O:2.87A;NH2--A:HOH24:O:2.93A;NH2--A:HOH16:O:3.39A
B_localized_sf,A_ARG129,36,1.3713595867156982,0.8538903594017029,-91.96;123.32;93.40;177.89,g-/t/g+/p-180,31.96;56.68;33.40;2.11,False,2.865456251520466,NH1--A:HOH5:O,3.2571877708989834,"CD--sym6[-1,0,1]/B:ILE121:CD1",0.44480010867118835,NH1--A:HOH25:O:3.18A;NH1--A:HOH5:O:2.87A;NH2--A:HOH24:O:2.93A;NH2--A:HOH16:O:3.39A
B_localized_sf,A_ARG129,37,1.3713595867156982,0.8538902401924133,-91.96;123.32;93.40;177.89,g-/t/g+/p-180,31.96;56.68;33.40;2.11,False,2.865456251520466,NH1--A:HOH5:O,3.2571877708989834,"CD--sym6[-1,0,1]/B:ILE121:CD1",0.44480013847351074,NH1--A:HOH25:O:3.18A;NH1--A:HOH5:O:2.87A;NH2--A:HOH24:O:2.93A;NH2--A:HOH16:O:3.39A
B_localized_sf,A_ARG129,38,1.3713597059249878,0.8538904190063477,-91.96;123.32;93.40;177.89,g-/t/g+/p-180,31.96;56.68;33.40;2.11,False,2.865456630010815,NH1--A:HOH5:O,3.2571877708989834,"CD--sym6[-1,0,1]/B:ILE121:CD1",0.44479894638061523,NH1--A:HOH25:O:3.18A;NH1--A:HOH5:O:2.87A;NH2--A:HOH24:O:2.93A;NH2--A:HOH16:O:3.39A
B_localized_sf,A_ARG129,39,1.3713595867156982,0.8538903594017029,-91.96;123.32;93.40;177.89,g-/t/g+/p-180,31.96;56.68;33.40;2.11,False,2.865456251520466,NH1--A:HOH5:O,3.2571877708989834,"CD--sym6[-1,0,1]/B:ILE121:CD1",0.44480010867118835,NH1--A:HOH25:O:3.18A;NH1--A:HOH5:O:2.87A;NH2--A:HOH24:O:2.93A;NH2--A:HOH16:O:3.39A
B_localized_sf,A_ARG129,40,1.3713597059249878,0.8538904190063477,-91.96;123.32;93.40;177.89,g-/t/g+/p-180,31.96;56.68;33.40;2.11,False,2.865456630010815,NH1--A:HOH5:O,3.2571877708989834,"CD--sym6[-1,0,1]/B:ILE121:CD1",0.44479894638061523,NH1--A:HOH25:O:3.18A;NH1--A:HOH5:O:2.87A;NH2--A:HOH24:O:2.93A;NH2--A:HOH16:O:3.39A
B_localized_sf,A_ARG129,41,1.3713597059249878,0.8538904190063477,-91.96;123.32;93.40;177.89,g-/t/g+/p-180,31.96;56.68;33.40;2.11,False,2.865456630010815,NH1--A:HOH5:O,3.2571877708989834,"CD--sym6[-1,0,1]/B:ILE121:CD1",0.44479894638061523,NH1--A:HOH25:O:3.18A;NH1--A:HOH5:O:2.87A;NH2--A:HOH24:O:2.93A;NH2--A:HOH16:O:3.39A
B_localized_sf,A_ARG129,42,1.3713597059249878,0.8538904190063477,-91.96;123.32;93.40;177.89,g-/t/g+/p-180,31.96;56.68;33.40;2.11,False,2.865456630010815,NH1--A:HOH5:O,3.2571877708989834,"CD--sym6[-1,0,1]/B:ILE121:CD1",0.44479894638061523,NH1--A:HOH25:O:3.18A;NH1--A:HOH5:O:2.87A;NH2--A:HOH24:O:2.93A;NH2--A:HOH16:O:3.39A
B_localized_sf,A_ARG129,43,1.3713595867156982,0.8538902401924133,-91.96;123.32;93.40;177.89,g-/t/g+/p-180,31.96;56.68;33.40;2.11,False,2.865456251520466,NH1--A:HOH5:O,3.2571877708989834,"CD--sym6[-1,0,1]/B:ILE121:CD1",0.44480013847351074,NH1--A:HOH25:O:3.18A;NH1--A:HOH5:O:2.87A;NH2--A:HOH24:O:2.93A;NH2--A:HOH16:O:3.39A
B_localized_sf,A_ARG129,44,1.3713595867156982,0.8538903594017029,-91.96;123.32;93.40;177.89,g-/t/g+/p-180,31.96;56.68;33.40;2.11,False,2.865456251520466,NH1--A:HOH5:O,3.2571877708989834,"CD--sym6[-1,0,1]/B:ILE121:CD1",0.44480010867118835,NH1--A:HOH25:O:3.18A;NH1--A:HOH5:O:2.87A;NH2--A:HOH24:O:2.93A;NH2--A:HOH16:O:3.39A
B_localized_sf,A_ARG129,45,1.3713595867156982,0.8538902401924133,-91.96;123.32;93.40;177.89,g-/t/g+/p-180,31.96;56.68;33.40;2.11,False,2.865456251520466,NH1--A:HOH5:O,3.2571877708989834,"CD--sym6[-1,0,1]/B:ILE121:CD1",0.44480013847351074,NH1--A:HOH25:O:3.18A;NH1--A:HOH5:O:2.87A;NH2--A:HOH24:O:2.93A;NH2--A:HOH16:O:3.39A
B_localized_sf,A_ARG129,46,1.3713595867156982,0.8538902401924133,-91.96;123.32;93.40;177.89,g-/t/g+/p-180,31.96;56.68;33.40;2.11,False,2.865456251520466,NH1--A:HOH5:O,3.2571877708989834,"CD--sym6[-1,0,1]/B:ILE121:CD1",0.44480013847351074,NH1--A:HOH25:O:3.18A;NH1--A:HOH5:O:2.87A;NH2--A:HOH24:O:2.93A;NH2--A:HOH16:O:3.39A
B_localized_sf,A_ARG129,47,1.3713597059249878,0.8538904190063477,-91.96;123.32;93.40;177.89,g-/t/g+/p-180,31.96;56.68;33.40;2.11,False,2.865456630010815,NH1--A:HOH5:O,3.2571877708989834,"CD--sym6[-1,0,1]/B:ILE121:CD1",0.44479894638061523,NH1--A:HOH25:O:3.18A;NH1--A:HOH5:O:2.87A;NH2--A:HOH24:O:2.93A;NH2--A:HOH16:O:3.39A
B_localized_sf,A_ARG129,48,1.3713595867156982,0.8538902401924133,-91.96;123.32;93.40;177.89,g-/t/g+/p-180,31.96;56.68;33.40;2.11,False,2.865456251520466,NH1--A:HOH5:O,3.2571877708989834,"CD--sym6[-1,0,1]/B:ILE121:CD1",0.44480013847351074,NH1--A:HOH25:O:3.18A;NH1--A:HOH5:O:2.87A;NH2--A:HOH24:O:2.93A;NH2--A:HOH16:O:3.39A
B_localized_sf,A_ARG129,49,1.3713595867156982,0.8538902401924133,-91.96;123.32;93.40;177.89,g-/t/g+/p-180,31.96;56.68;33.40;2.11,False,2.865456251520466,NH1--A:HOH5:O,3.2571877708989834,"CD--sym6[-1,0,1]/B:ILE121:CD1",0.44480013847351074,NH1--A:HOH25:O:3.18A;NH1--A:HOH5:O:2.87A;NH2--A:HOH24:O:2.93A;NH2--A:HOH16:O:3.39A
C_realspace_local,A_ARG129,0,1.694679856300354,2.6070268154144287,-113.96;-111.08;165.58;-170.93,g-/g-/t/p180,53.96;51.08;14.42;9.07,False,1.8439064410308275,NH1--A:LYS133:NZ,0.6763302791107919,"CZ--sym6[-1,0,1]/B:HOH12:O",0.540060818195343,NE--A:LYS133:NZ:3.41A
C_realspace_local,A_ARG129,1,1.6958242654800415,2.6094202995300293,-113.96;-111.40;164.76;-170.93,g-/g-/t/p180,53.96;51.40;15.24;9.07,False,1.8449634617700126,NH1--A:LYS133:NZ,0.6684832432600699,"CZ--sym6[-1,0,1]/B:HOH12:O",0.5413525700569153,NE--A:LYS133:NZ:3.40A
C_realspace_local,A_ARG129,2,1.6954952478408813,2.6087050437927246,-113.96;-111.30;165.01;-170.93,g-/g-/t/p180,53.96;51.30;14.99;9.07,False,1.8445737763835794,NH1--A:LYS133:NZ,0.6707993971767898,"CZ--sym6[-1,0,1]/B:HOH12:O",0.5409427285194397,NE--A:LYS133:NZ:3.40A
C_realspace_local,A_ARG129,3,1.6950740814208984,2.608685255050659,-113.96;-111.40;164.86;-170.93,g-/g-/t/p180,53.96;51.40;15.14;9.07,False,1.8462198080988206,NH1--A:LYS133:NZ,0.6708950227217901,"CZ--sym6[-1,0,1]/B:HOH12:O",0.5410513281822205,NE--A:LYS133:NZ:3.40A
C_realspace_local,A_ARG129,4,1.6972143650054932,2.610137462615967,-113.96;-111.25;164.92;-170.93,g-/g-/t/p180,53.96;51.25;15.08;9.07,False,1.8411843130565386,NH1--A:LYS133:NZ,0.6660708145472842,"CZ--sym6[-1,0,1]/B:HOH12:O",0.5414556860923767,NE--A:LYS133:NZ:3.40A
C_realspace_local,A_ARG129,5,1.6940257549285889,2.607673406600952,-113.96;-111.39;164.99;-170.93,g-/g-/t/p180,53.96;51.39;15.01;9.07,False,1.8479631847297084,NH1--A:LYS133:NZ,0.6742218424969765,"CZ--sym6[-1,0,1]/B:HOH12:O",0.5406510233879089,NE--A:LYS133:NZ:3.40A
C_realspace_local,A_ARG129,6,1.6891412734985352,2.602985143661499,-113.96;-111.40;165.58;-170.93,g-/g-/t/p180,53.96;51.40;14.42;9.07,False,1.8562610503882726,NH1--A:LYS133:NZ,0.6896675290177556,"CZ--sym6[-1,0,1]/B:HOH12:O",0.5388498306274414,NE--A:LYS133:NZ:3.41A
C_realspace_local,A_ARG129,7,1.6937646865844727,2.607424736022949,-113.96;-111.39;165.02;-170.93,g-/g-/t/p180,53.96;51.39;14.98;9.07,False,1.8483999558647186,NH1--A:LYS133:NZ,0.6750414146330159,"CZ--sym6[-1,0,1]/B:HOH12:O",0.5405511856079102,NE--A:LYS133:NZ:3.40A
C_realspace_local,A_ARG129,8,1.6888290643692017,2.6027562618255615,-113.96;-111.41;165.58;-170.93,g-/g-/t/p180,53.96;51.41;14.42;9.07,False,1.8569269093874945,NH1--A:LYS133:NZ,0.6904238242148086,"CZ--sym6[-1,0,1]/B:HOH12:O",0.5387788414955139,NE--A:LYS133:NZ:3.41A
C_realspace_local,A_ARG129,9,1.6953495740890503,2.6088955402374268,-113.96;-111.38;164.86;-170.93,g-/g-/t/p-180,53.96;51.38;15.14;9.07,False,1.8455966538470032,NH1--A:LYS133:NZ,0.6702094963217381,"CZ--sym6[-1,0,1]/B:HOH12:O",0.5411165952682495,NE--A:LYS133:NZ:3.40A
C_realspace_local,A_ARG129,10,1.6870697736740112,2.601041793823242,-113.96;-111.41;165.81;-170.93,g-/g-/t/p180,53.96;51.41;14.19;9.07,False,1.8598229433686406,NH1--A:LYS133:NZ,0.6960758993418759,"CZ--sym6[-1,0,1]/B:HOH12:O",0.5381383895874023,NE--A:LYS133:NZ:3.42A
C_realspace_local,A_ARG129,11,1.6963112354278564,2.609565019607544,-113.96;-111.32;164.87;-170.93,g-/g-/t/p180,53.96;51.32;15.13;9.07,False,1.8433963356215814,NH1--A:LYS133:NZ,0.6679786262331432,"CZ--sym6[-1,0,1]/B:HOH12:O",0.541313111782074,NE--A:LYS133:NZ:3.40A
C_realspace_local,A_ARG129,12,1.6921775341033936,2.6056113243103027,-113.96;-111.32;165.37;-170.93,g-/g-/t/p180,53.96;51.32;14.63;9.07,False,1.8504107153352964,NH1--A:LYS133:NZ,0.6810100969991195,"CZ--sym6[-1,0,1]/B:HOH12:O",0.5397656559944153,NE--A:LYS133:NZ:3.41A
C_realspace_local,A_ARG129,13,1.7006224393844604,2.6126320362091064,-113.96;-111.06;164.91;-170.93,g-/g-/t/p180,53.96;51.06;15.09;9.07,False,1.8336885335702964,NH1--A:LYS133:NZ,0.6577987084342447,"CZ--sym6[-1,0,1]/B:HOH12:O",0.5422326922416687,NE--A:LYS133:NZ:3.40A
C_realspace_local,A_ARG129,14,1.6948554515838623,2.608492136001587,-113.96;-111.40;164.88;-170.93,g-/g-/t/p180,53.96;51.40;15.12;9.07,False,1.846619380638204,NH1--A:LYS133:NZ,0.6715259801177089,"CZ--sym6[-1,0,1]/B:HOH12:O",0.5409786105155945,NE--A:LYS133:NZ:3.40A
C_realspace_local,A_ARG129,15,1.6949775218963623,2.6086037158966064,-113.96;-111.40;164.87;-170.93,g-/g-/t/p180,53.96;51.40;15.13;9.07,False,1.8464129353126475,NH1--A:LYS133:NZ,0.6711713700880018,"CZ--sym6[-1,0,1]/B:HOH12:O",0.5410194993019104,NE--A:LYS133:NZ:3.40A
C_realspace_local,A_ARG129,16,1.6955745220184326,2.60901141166687,-113.96;-111.36;164.88;-170.93,g-/g-/t/p-180,53.96;51.36;15.12;9.07,False,1.844996971297995,NH1--A:LYS133:NZ,0.6698008029341544,"CZ--sym6[-1,0,1]/B:HOH12:O",0.5411341786384583,NE--A:LYS133:NZ:3.40A
C_realspace_local,A_ARG129,17,1.6930313110351562,2.606391429901123,-113.96;-111.31;165.29;-170.93,g-/g-/t/p-180,53.96;51.31;14.71;9.07,False,1.848884061961958,NH1--A:LYS133:NZ,0.6784321837945984,"CZ--sym6[-1,0,1]/B:HOH12:O",0.5400518774986267,NE--A:LYS133:NZ:3.41A
C_realspace_local,A_ARG129,18,1.6935455799102783,2.6072609424591064,-113.96;-111.41;165.03;-170.93,g-/g-/t/p-180,53.96;51.41;14.97;9.07,False,1.8488733148565322,NH1--A:LYS133:NZ,0.6755854678652652,"CZ--sym6[-1,0,1]/B:HOH12:O",0.5404977202415466,NE--A:LYS133:NZ:3.40A
C_realspace_local,A_ARG129,19,1.701849341392517,2.6136062145233154,-113.96;-111.01;164.86;-170.93,g-/g-/t/p180,53.96;51.01;15.14;9.07,False,1.8312359426412816,NH1--A:LYS133:NZ,0.65456315065938,"CZ--sym6[-1,0,1]/B:HOH12:O",0.5425806641578674,NE--A:LYS133:NZ:3.40A
C_realspace_local,A_ARG129,20,1.6929951906204224,2.606241226196289,-113.96;-111.29;165.35;-170.93,g-/g-/t/p180,53.96;51.29;14.65;9.07,False,1.848658208219133,NH1--A:LYS133:NZ,0.6789193171199924,"CZ--sym6[-1,0,1]/B:HOH12:O",0.5399671792984009,NE--A:LYS133:NZ:3.41A
C_realspace_local,A_ARG129,21,1.6982933282852173,2.6109426021575928,-113.96;-111.19;164.91;-170.93,g-/g-/t/p180,53.96;51.19;15.09;9.07,False,1.8388561354340638,NH1--A:LYS133:NZ,0.6633951726462916,"CZ--sym6[-1,0,1]/B:HOH12:O",0.5417136549949646,NE--A:LYS133:NZ:3.40A
C_realspace_local,A_ARG129,22,1.6989309787750244,2.61112117767334,-113.96;-111.09;165.06;-170.93,g-/g-/t/p-180,53.96;51.09;14.94;9.07,False,1.8368037367700343,NH1--A:LYS133:NZ,0.6627890468597831,"CZ--sym6[-1,0,1]/B:HOH12:O",0.5416581630706787,NE--A:LYS133:NZ:3.40A
C_realspace_local,A_ARG129,23,1.6956740617752075,2.60912823677063,-113.96;-111.36;164.86;-170.93,g-/g-/t/p180,53.96;51.36;15.14;9.07,False,1.8448993405701652,NH1--A:LYS133:NZ,0.669415410739528,"CZ--sym6[-1,0,1]/B:HOH12:O",0.541192889213562,NE--A:LYS133:NZ:3.40A
C_realspace_local,A_ARG129,24,1.6965463161468506,2.6097614765167236,-113.96;-111.31;164.86;-170.93,g-/g-/t/p180,53.96;51.31;15.14;9.07,False,1.842950349734815,NH1--A:LYS133:NZ,0.6673250590213659,"CZ--sym6[-1,0,1]/B:HOH12:O",0.541380763053894,NE--A:LYS133:NZ:3.40A
C_realspace_local,A_ARG129,25,1.6961742639541626,2.6083545684814453,-113.96;-111.05;165.46;-170.93,g-/g-/t/p180,53.96;51.05;14.54;9.07,False,1.8411362272432366,NH1--A:LYS133:NZ,0.6719228073387229,"CZ--sym6[-1,0,1]/B:HOH12:O",0.5405403971672058,NE--A:LYS133:NZ:3.41A
C_realspace_local,A_ARG129,26,1.6888002157211304,2.6023082733154297,-113.96;-111.31;165.81;-170.93,g-/g-/t/p-180,53.96;51.31;14.19;9.07,False,1.855966920698184,NH1--A:LYS133:NZ,0.6918969784510945,"CZ--sym6[-1,0,1]/B:HOH12:O",0.5385172963142395,NE--A:LYS133:NZ:3.41A
C_realspace_local,A_ARG129,27,1.6956959962844849,2.609092950820923,-113.96;-111.35;164.89;-170.93,g-/g-/t/p180,53.96;51.35;15.11;9.07,False,1.8446829712470552,NH1--A:LYS133:NZ,0.6695266085623532,"CZ--sym6[-1,0,1]/B:HOH12:O",0.5411525964736938,NE--A:LYS133:NZ:3.40A
C_realspace_local,A_ARG129,28,1.690639853477478,2.604332208633423,-113.96;-111.37;165.45;-170.93,g-/g-/t/p180,53.96;51.37;14.55;9.07,False,1.8535094466621014,NH1--A:LYS133:NZ,0.6852144653843892,"CZ--sym6[-1,0,1]/B:HOH12:O",0.5393281579017639,NE--A:LYS133:NZ:3.41A
C_realspace_local,A_ARG129,29,1.6911860704421997,2.6041603088378906,-113.96;-111.20;165.75;-170.93,g-/g-/t/p-180,53.96;51.20;14.25;9.07,False,1.850902191165822,NH1--A:LYS133:NZ,0.6857700630486577,"CZ--sym6[-1,0,1]/B:HOH12:O",0.5391049981117249,NE--A:LYS133:NZ:3.41A
C_realspace_local,A_ARG129,30,1.7022041082382202,2.6140806674957275,-113.96;-111.04;164.75;-170.93,g-/g-/t/p180,53.96;51.04;15.25;9.07,False,1.8309014284991378,NH1--A:LYS133:NZ,0.6530169364161542,"CZ--sym6[-1,0,1]/B:HOH12:O",0.5428032875061035,NE--A:LYS133:NZ:3.40A
C_realspace_local,A_ARG129,31,1.6862967014312744,2.600348949432373,-113.96;-111.42;165.87;-170.93,g-/g-/t/p180,53.96;51.42;14.13;9.07,False,1.8612719368626711,NH1--A:LYS133:NZ,0.6983594229381981,"CZ--sym6[-1,0,1]/B:HOH12:O",0.5379011034965515,NE--A:LYS133:NZ:3.42A
C_realspace_local,A_ARG129,32,1.694345474243164,2.607921600341797,-113.96;-111.38;164.99;-170.93,g-/g-/t/p180,53.96;51.38;15.01;9.07,False,1.8472791404809856,NH1--A:LYS133:NZ,0.6734030784866638,"CZ--sym6[-1,0,1]/B:HOH12:O",0.5407261252403259,NE--A:LYS133:NZ:3.40A
C_realspace_local,A_ARG129,33,1.6957308053970337,2.6082980632781982,-113.96;-111.15;165.32;-170.93,g-/g-/t/p180,53.96;51.15;14.68;9.07,False,1.8427597475914095,NH1--A:LYS133:NZ,0.6721087603731161,"CZ--sym6[-1,0,1]/B:HOH12:O",0.5406193137168884,NE--A:LYS133:NZ:3.41A
C_realspace_local,A_ARG129,34,1.7000757455825806,2.6121597290039062,-113.96;-111.07;164.95;-170.93,g-/g-/t/p180,53.96;51.07;15.05;9.07,False,1.8347621426787732,NH1--A:LYS133:NZ,0.6593417894218386,"CZ--sym6[-1,0,1]/B:HOH12:O",0.5420666933059692,NE--A:LYS133:NZ:3.40A
C_realspace_local,A_ARG129,35,1.6870495080947876,2.6010499000549316,-113.96;-111.41;165.79;-170.93,g-/g-/t/p180,53.96;51.41;14.21;9.07,False,1.859938797164114,NH1--A:LYS133:NZ,0.6960423990122326,"CZ--sym6[-1,0,1]/B:HOH12:O",0.5381484031677246,NE--A:LYS133:NZ:3.41A
C_realspace_local,A_ARG129,36,1.687923789024353,2.6018996238708496,-113.96;-111.42;165.69;-170.93,g-/g-/t/p-180,53.96;51.42;14.31;9.07,False,1.8584643973568955,NH1--A:LYS133:NZ,0.6932422285511513,"CZ--sym6[-1,0,1]/B:HOH12:O",0.5384545922279358,NE--A:LYS133:NZ:3.41A
C_realspace_local,A_ARG129,37,1.6959162950515747,2.608759641647339,-113.96;-111.22;165.15;-170.93,g-/g-/t/p-180,53.96;51.22;14.85;9.07,False,1.8430980632101586,NH1--A:LYS133:NZ,0.6705963628256869,"CZ--sym6[-1,0,1]/B:HOH12:O",0.540869414806366,NE--A:LYS133:NZ:3.41A
C_realspace_local,A_ARG129,38,1.7005586624145508,2.6134636402130127,-113.96;-111.28;164.45;-170.92,g-/g-/t/p180,53.96;51.28;15.55;9.08,False,1.835824053763317,NH1--A:LYS133:NZ,0.6551061986351937,"CZ--sym6[-1,0,1]/B:HOH12:O",0.5428733825683594,NE--A:LYS133:NZ:3.40A
C_realspace_local,A_ARG129,39,1.688307762145996,2.6022467613220215,-113.96;-111.41;165.65;-170.93,g-/g-/t/p-180,53.96;51.41;14.35;9.07,False,1.8578048077425773,NH1--A:LYS133:NZ,0.6920942205177445,"CZ--sym6[-1,0,1]/B:HOH12:O",0.5385849475860596,NE--A:LYS133:NZ:3.41A
C_realspace_local,A_ARG129,40,1.690420150756836,2.603982448577881,-113.96;-111.34;165.55;-170.93,g-/g-/t/p180,53.96;51.34;14.45;9.07,False,1.8535223963455074,NH1--A:LYS133:NZ,0.6863635813451621,"CZ--sym6[-1,0,1]/B:HOH12:O",0.5391678810119629,NE--A:LYS133:NZ:3.41A
C_realspace_local,A_ARG129,41,1.69266676902771,2.6050496101379395,-113.96;-111.07;165.86;-170.93,g-/g-/t/p180,53.96;51.07;14.14;9.07,False,1.8470976453033447,NH1--A:LYS133:NZ,0.6828835710115242,"CZ--sym6[-1,0,1]/B:HOH12:O",0.5393053889274597,NE--A:LYS133:NZ:3.41A
C_realspace_local,A_ARG129,42,1.6944780349731445,2.6081247329711914,-113.96;-111.40;164.93;-170.93,g-/g-/t/p-180,53.96;51.40;15.07;9.07,False,1.8472591211901077,NH1--A:LYS133:NZ,0.6727430443067822,"CZ--sym6[-1,0,1]/B:HOH12:O",0.5408307313919067,NE--A:LYS133:NZ:3.40A
C_realspace_local,A_ARG129,43,1.6936198472976685,2.605847120285034,-113.96;-111.04;165.80;-170.93,g-/g-/t/p-180,53.96;51.04;14.20;9.07,False,1.8452498910350308,NH1--A:LYS133:NZ,0.6802521251004016,"CZ--sym6[-1,0,1]/B:HOH12:O",0.5395779013633728,NE--A:LYS133:NZ:3.41A
C_realspace_local,A_ARG129,44,1.702004075050354,2.6137475967407227,-113.96;-111.01;164.85;-170.93,g-/g-/t/p180,53.96;51.01;15.15;9.07,False,1.8309359375703937,NH1--A:LYS133:NZ,0.6540884179345217,"CZ--sym6[-1,0,1]/B:HOH12:O",0.5426307916641235,NE--A:LYS133:NZ:3.40A
C_realspace_local,A_ARG129,45,1.6945327520370483,2.607999086380005,-113.96;-111.35;165.02;-170.93,g-/g-/t/p180,53.96;51.35;14.98;9.07,False,1.8467269146200267,NH1--A:LYS133:NZ,0.6731283730358447,"CZ--sym6[-1,0,1]/B:HOH12:O",0.5407360792160034,NE--A:LYS133:NZ:3.40A
C_realspace_local,A_ARG129,46,1.6916096210479736,2.604982614517212,-113.96;-111.30;165.48;-170.93,g-/g-/t/p180,53.96;51.30;14.52;9.07,False,1.8511908137751303,NH1--A:LYS133:NZ,0.6830596875412903,"CZ--sym6[-1,0,1]/B:HOH12:O",0.5395134687423706,NE--A:LYS133:NZ:3.41A
C_realspace_local,A_ARG129,47,1.6963785886764526,2.609189510345459,-113.96;-111.21;165.10;-170.93,g-/g-/t/p180,53.96;51.21;14.90;9.07,False,1.8422689567170014,NH1--A:LYS133:NZ,0.6691792828540285,"CZ--sym6[-1,0,1]/B:HOH12:O",0.5410381555557251,NE--A:LYS133:NZ:3.40A
C_realspace_local,A_ARG129,48,1.6955522298812866,2.6090383529663086,-113.96;-111.37;164.86;-170.93,g-/g-/t/p180,53.96;51.37;15.14;9.07,False,1.8451619258036713,NH1--A:LYS133:NZ,0.6697132981026838,"CZ--sym6[-1,0,1]/B:HOH12:O",0.5411674380302429,NE--A:LYS133:NZ:3.40A
C_realspace_local,A_ARG129,49,1.6922708749771118,2.6050055027008057,-113.96;-111.15;165.72;-170.93,g-/g-/t/p180,53.96;51.15;14.28;9.07,False,1.8486507480710637,NH1--A:LYS133:NZ,0.6829953100823888,"CZ--sym6[-1,0,1]/B:HOH12:O",0.5393769145011902,NE--A:LYS133:NZ:3.41A
A_synthetic_fobs,B_MET112,0,1.18231999874115,0.41323089599609375,-21.53;-140.47;140.51,g-/t/t,38.47;39.53;39.49,False,2.9005152204712883,CG--B:ARG108:O,3.60169757703319,"CB--sym1[1,1,0]/A:HOH30:O",1.6084942817687988,
A_synthetic_fobs,B_MET112,1,1.192220687866211,0.4151962995529175,-21.50;-138.92;140.51,g-/t/t,38.50;41.08;39.49,False,2.9003625423483044,CG--B:ARG108:O,3.60169757703319,"CB--sym1[1,1,0]/A:HOH30:O",1.603166937828064,
A_synthetic_fobs,B_MET112,2,1.1800060272216797,0.41310590505599976,-21.52;-140.87;140.51,g-/t/t,38.48;39.13;39.49,False,2.900465563624788,CG--B:ARG108:O,3.60169757703319,"CB--sym1[1,1,0]/A:HOH30:O",1.6091197729110718,
A_synthetic_fobs,B_MET112,3,1.1923657655715942,0.41501742601394653,-21.52;-138.85;140.51,g-/t/t,38.48;41.15;39.49,False,2.9004833025777845,CG--B:ARG108:O,3.60169757703319,"CB--sym1[1,1,0]/A:HOH30:O",1.6030329465866089,
A_synthetic_fobs,B_MET112,4,1.1818374395370483,0.4133220613002777,-21.52;-140.57;140.51,g-/t/t,38.48;39.43;39.49,False,2.90044188622135,CG--B:ARG108:O,3.60169757703319,"CB--sym1[1,1,0]/A:HOH30:O",1.6085777282714844,
A_synthetic_fobs,B_MET112,5,1.1803793907165527,0.41342124342918396,-21.49;-140.86;140.51,g-/t/t,38.51;39.14;39.49,False,2.9003306613503304,CG--B:ARG108:O,3.60169757703319,"CB--sym1[1,1,0]/A:HOH30:O",1.6088511943817139,
A_synthetic_fobs,B_MET112,6,1.1801420450210571,0.4131755828857422,-21.51;-140.86;140.51,g-/t/t,38.49;39.14;39.49,False,2.9004390584454525,CG--B:ARG108:O,3.60169757703319,"CB--sym1[1,1,0]/A:HOH30:O",1.6090521812438965,
A_synthetic_fobs,B_MET112,7,1.1802213191986084,0.4131888449192047,-21.51;-140.85;140.51,g-/t/t,38.49;39.15;39.49,False,2.9004340895600813,CG--B:ARG108:O,3.60169757703319,"CB--sym1[1,1,0]/A:HOH30:O",1.6090227365493774,
A_synthetic_fobs,B_MET112,8,1.1841338872909546,0.4134754538536072,-21.53;-140.17;140.51,g-/t/t,38.47;39.83;39.49,False,2.9005061058234807,CG--B:ARG108:O,3.60169757703319,"CB--sym1[1,1,0]/A:HOH30:O",1.607792854309082,
A_synthetic_fobs,B_MET112,9,1.1799795627593994,0.41297972202301025,-21.53;-140.85;140.51,g-/t/t,38.47;39.15;39.49,False,2.9005248210993737,CG--B:ARG108:O,3.60169757703319,"CB--sym1[1,1,0]/A:HOH30:O",1.6092010736465454,
A_synthetic_fobs,B_MET112,10,1.1873871088027954,0.4142917990684509,-21.50;-139.70;140.51,g-/t/t,38.50;40.30;39.49,False,2.9003459906469806,CG--B:ARG108:O,3.60169757703319,"CB--sym1[1,1,0]/A:HOH30:O",1.6061720848083496,
A_synthetic_fobs,B_MET112,11,1.18782639503479,0.4140612483024597,-21.53;-139.57;140.51,g-/t/t,38.47;40.43;39.49,False,2.900507273842632,CG--B:ARG108:O,3.60169757703319,"CB--sym1[1,1,0]/A:HOH30:O",1.6059702634811401,
A_synthetic_fobs,B_MET112,12,1.18899405002594,0.4142908751964569,-21.53;-139.39;140.51,g-/t/t,38.47;40.61;39.49,False,2.9004983041597603,CG--B:ARG108:O,3.60169757703319,"CB--sym1[1,1,0]/A:HOH30:O",1.6052879095077515,
A_synthetic_fobs,B_MET112,13,1.1929564476013184,0.41528069972991943,-21.51;-138.78;140.51,g-/t/t,38.49;41.22;39.49,False,2.9004130446971415,CG--B:ARG108:O,3.60169757703319,"CB--sym1[1,1,0]/A:HOH30:O",1.6026196479797363,
A_synthetic_fobs,B_MET112,14,1.180374026298523,0.4130096435546875,-21.53;-140.79;140.51,g-/t/t,38.47;39.21;39.49,False,2.9005302775368222,CG--B:ARG108:O,3.60169757703319,"CB--sym1[1,1,0]/A:HOH30:O",1.6091108322143555,
A_synthetic_fobs,B_MET112,15,1.1908576488494873,0.41470277309417725,-21.52;-139.10;140.51,g-/t/t,38.48;40.90;39.49,False,2.90047433408007,CG--B:ARG108:O,3.60169757703319,"CB--sym1[1,1,0]/A:HOH30:O",1.6040868759155273,
A_synthetic_fobs,B_MET112,16,1.181621789932251,0.41314131021499634,-21.53;-140.58;140.51,g-/t/t,38.47;39.42;39.49,False,2.900519023643242,CG--B:ARG108:O,3.60169757703319,"CB--sym1[1,1,0]/A:HOH30:O",1.6087288856506348,
A_synthetic_fobs,B_MET112,17,1.1804206371307373,0.4132872223854065,-21.51;-140.83;140.51,g-/t/t,38.49;39.17;39.49,False,2.9003930286611377,CG--B:ARG108:O,3.60169757703319,"CB--sym1[1,1,0]/A:HOH30:O",1.608919620513916,
A_synthetic_fobs,B_MET112,18,1.1852083206176758,0.41364869475364685,-21.53;-140.00;140.51,g-/t/t,38.47;40.00;39.49,False,2.9004967032165374,CG--B:ARG108:O,3.60169757703319,"CB--sym1[1,1,0]/A:HOH30:O",1.6073155403137207,
A_synthetic_fobs,B_MET112,19,1.1806979179382324,0.4132544696331024,-21.51;-140.77;140.51,g-/t/t,38.49;39.23;39.49,False,2.9004258079173186,CG--B:ARG108:O,3.60169757703319,"CB--sym1[1,1,0]/A:HOH30:O",1.608893632888794,
A_synthetic_fobs,B_MET112,20,1.1801745891571045,0.4132996201515198,-21.50;-140.87;140.51,g-/t/t,38.50;39.13;39.49,False,2.900380610928532,CG--B:ARG108:O,3.60169757703319,"CB--sym1[1,1,0]/A:HOH30:O",1.6089661121368408,
A_synthetic_fobs,B_MET112,21,1.1900919675827026,0.4145936369895935,-21.52;-139.23;140.51,g-/t/t,38.48;40.77;39.49,False,2.900447970837601,CG--B:ARG108:O,3.60169757703319,"CB--sym1[1,1,0]/A:HOH30:O",1.6045920848846436,
A_synthetic_fobs,B_MET112,22,1.1799496412277222,0.4130215346813202,-21.53;-140.87;140.51,g-/t/t,38.47;39.13;39.49,False,2.9004958235602207,CG--B:ARG108:O,3.60169757703319,"CB--sym1[1,1,0]/A:HOH30:O",1.6091746091842651,
A_synthetic_fobs,B_MET112,23,1.180204153060913,0.41328734159469604,-21.50;-140.87;140.51,g-/t/t,38.50;39.13;39.49,False,2.9003894306203817,CG--B:ARG108:O,3.60169757703319,"CB--sym1[1,1,0]/A:HOH30:O",1.6089669466018677,
A_synthetic_fobs,B_MET112,24,1.1923428773880005,0.41508153080940247,-21.52;-138.87;140.51,g-/t/t,38.48;41.13;39.49,False,2.9004433435856565,CG--B:ARG108:O,3.60169757703319,"CB--sym1[1,1,0]/A:HOH30:O",1.6030515432357788,
A_synthetic_fobs,B_MET112,25,1.1813921928405762,0.4131080210208893,-21.53;-140.62;140.51,g-/t/t,38.47;39.38;39.49,False,2.900524768897306,CG--B:ARG108:O,3.60169757703319,"CB--sym1[1,1,0]/A:HOH30:O",1.6088075637817383,
A_synthetic_fobs,B_MET112,26,1.1920870542526245,0.4149709641933441,-21.52;-138.90;140.51,g-/t/t,38.48;41.10;39.49,False,2.9004757910743684,CG--B:ARG108:O,3.60169757703319,"CB--sym1[1,1,0]/A:HOH30:O",1.6032265424728394,
A_synthetic_fobs,B_MET112,27,1.180921196937561,0.4133845269680023,-21.50;-140.75;140.51,g-/t/t,38.50;39.25;39.49,False,2.900370875149832,CG--B:ARG108:O,3.60169757703319,"CB--sym1[1,1,0]/A:HOH30:O",1.6087613105773926,
A_synthetic_fobs,B_MET112,28,1.1803267002105713,0.4129832684993744,-21.53;-140.79;140.51,g-/t/t,38.47;39.21;39.49,False,2.900531798649803,CG--B:ARG108:O,3.60169757703319,"CB--sym1[1,1,0]/A:HOH30:O",1.6091163158416748,
A_synthetic_fobs,B_MET112,29,1.1902714967727661,0.41457363963127136,-21.52;-139.19;140.51,g-/t/t,38.48;40.81;39.49,False,2.9004794480403686,CG--B:ARG108:O,3.60169757703319,"CB--sym1[1,1,0]/A:HOH30:O",1.6044774055480957,
A_synthetic_fobs,B_MET112,30,1.187063217163086,0.413911908864975,-21.53;-139.69;140.51,g-/t/t,38.47;40.31;39.49,False,2.90050976424006,CG--B:ARG108:O,3.60169757703319,"CB--sym1[1,1,0]/A:HOH30:O",1.6063874959945679,
A_synthetic_fobs,B_MET112,31,1.1811895370483398,0.41310280561447144,-21.53;-140.65;140.51,g-/t/t,38.47;39.35;39.49,False,2.900513422904131,CG--B:ARG108:O,3.60169757703319,"CB--sym1[1,1,0]/A:HOH30:O",1.608863115310669,
A_synthetic_fobs,B_MET112,32,1.1894843578338623,0.4143770933151245,-21.53;-139.31;140.51,g-/t/t,38.47;40.69;39.49,False,2.9004972802088376,CG--B:ARG108:O,3.60169757703319,"CB--sym1[1,1,0]/A:HOH30:O",1.6049786806106567,
A_synthetic_fobs,B_MET112,33,1.1799118518829346,0.41293221712112427,-21.53;-140.86;140.51,g-/t/t,38.47;39.14;39.49,False,2.900542371230037,CG--B:ARG108:O,3.60169757703319,"CB--sym1[1,1,0]/A:HOH30:O",1.609239101409912,
A_synthetic_fobs,B_MET112,34,1.1817381381988525,0.41320571303367615,-21.53;-140.57;140.51,g-/t/t,38.47;39.43;39.49,False,2.9004978185891517,CG--B:ARG108:O,3.60169757703319,"CB--sym1[1,1,0]/A:HOH30:O",1.6086711883544922,
A_synthetic_fobs,B_MET112,35,1.1805208921432495,0.4133363366127014,-21.50;-140.82;140.51,g-/t/t,38.50;39.18;39.49,False,2.9003756434005403,CG--B:ARG108:O,3.60169757703319,"CB--sym1[1,1,0]/A:HOH30:O",1.6088740825653076,
A_synthetic_fobs,B_MET112,36,1.1925175189971924,0.4153348505496979,-21.49;-138.88;140.51,g-/t/t,38.51;41.12;39.49,False,2.900321701286399,CG--B:ARG108:O,3.60169757703319,"CB--sym1[1,1,0]/A:HOH30:O",1.602959394454956,
A_synthetic_fobs,B_MET112,37,1.1822967529296875,0.413563996553421,-21.50;-140.53;140.51,g-/t/t,38.50;39.47;39.49,False,2.900354122774189,CG--B:ARG108:O,3.60169757703319,"CB--sym1[1,1,0]/A:HOH30:O",1.6083383560180664,
A_synthetic_fobs,B_MET112,38,1.1914740800857544,0.4148000478744507,-21.53;-138.99;140.51,g-/t/t,38.47;41.01;39.49,False,2.900492362725298,CG--B:ARG108:O,3.60169757703319,"CB--sym1[1,1,0]/A:HOH30:O",1.6036561727523804,
A_synthetic_fobs,B_MET112,39,1.180816888809204,0.4131532311439514,-21.52;-140.73;140.51,g-/t/t,38.48;39.27;39.49,False,2.9004730212170355,CG--B:ARG108:O,3.60169757703319,"CB--sym1[1,1,0]/A:HOH30:O",1.608916163444519,
A_synthetic_fobs,B_MET112,40,1.188938021659851,0.41452667117118835,-21.50;-139.44;140.51,g-/t/t,38.50;40.56;39.49,False,2.9003625423483044,CG--B:ARG108:O,3.60169757703319,"CB--sym1[1,1,0]/A:HOH30:O",1.605299949645996,
A_synthetic_fobs,B_MET112,41,1.1914782524108887,0.41494470834732056,-21.51;-139.02;140.51,g-/t/t,38.49;40.98;39.49,False,2.900411388378295,CG--B:ARG108:O,3.60169757703319,"CB--sym1[1,1,0]/A:HOH30:O",1.6036779880523682,
A_synthetic_fobs,B_MET112,42,1.1935690641403198,0.4153261184692383,-21.52;-138.67;140.51,g-/t/t,38.48;41.33;39.49,False,2.9004657076593143,CG--B:ARG108:O,3.60169757703319,"CB--sym1[1,1,0]/A:HOH30:O",1.602128505706787,
A_synthetic_fobs,B_MET112,43,1.1802527904510498,0.4131864905357361,-21.51;-140.84;140.51,g-/t/t,38.49;39.16;39.49,False,2.9004343772471866,CG--B:ARG108:O,3.60169757703319,"CB--sym1[1,1,0]/A:HOH30:O",1.6090141534805298,
A_synthetic_fobs,B_MET112,44,1.1934702396392822,0.4152795970439911,-21.52;-138.68;140.50,g-/t/t,38.48;41.32;39.50,False,2.9004794480403686,CG--B:ARG108:O,3.60169757703319,"CB--sym1[1,1,0]/A:HOH30:O",1.602199673652649,
A_synthetic_fobs,B_MET112,45,1.182149887084961,0.41320258378982544,-21.53;-140.50;140.51,g-/t/t,38.47;39.50;39.49,False,2.900519850183543,CG--B:ARG108:O,3.60169757703319,"CB--sym1[1,1,0]/A:HOH30:O",1.6085485219955444,
A_synthetic_fobs,B_MET112,46,1.180100917816162,0.41322675347328186,-21.51;-140.87;140.51,g-/t/t,38.49;39.13;39.49,False,2.900406563750149,CG--B:ARG108:O,3.60169757703319,"CB--sym1[1,1,0]/A:HOH30:O",1.6090129613876343,
A_synthetic_fobs,B_MET112,47,1.1802177429199219,0.41313520073890686,-21.52;-140.84;140.51,g-/t/t,38.48;39.16;39.49,False,2.900457028081451,CG--B:ARG108:O,3.60169757703319,"CB--sym1[1,1,0]/A:HOH30:O",1.6090606451034546,
A_synthetic_fobs,B_MET112,48,1.1922709941864014,0.4149797558784485,-21.52;-138.86;140.51,g-/t/t,38.48;41.14;39.49,False,2.900493675273538,CG--B:ARG108:O,3.60169757703319,"CB--sym1[1,1,0]/A:HOH30:O",1.6030961275100708,
A_synthetic_fobs,B_MET112,49,1.190373420715332,0.414592444896698,-21.52;-139.17;140.51,g-/t/t,38.48;40.83;39.49,False,2.9004784767572955,CG--B:ARG108:O,3.60169757703319,"CB--sym1[1,1,0]/A:HOH30:O",1.6044087409973145,
B_localized_sf,B_MET112,0,1.5876308679580688,2.1885859966278076,107.59;151.22;137.48,g+/t/t,47.59;28.78;42.52,False,2.8335088555687484,CG--B:ILE113:N,1.6698034279982352,"CE--sym1[1,1,0]/A:ILE113:CB",0.7484382390975952,
B_localized_sf,B_MET112,1,1.587633728981018,2.1885886192321777,107.59;151.22;137.48,g+/t/t,47.59;28.78;42.52,False,2.833510555782236,CG--B:ILE113:N,1.669795952122071,"CE--sym1[1,1,0]/A:ILE113:CB",0.748441755771637,
B_localized_sf,B_MET112,2,1.587634801864624,2.1885898113250732,107.59;151.22;137.48,g+/t/t,47.59;28.78;42.52,False,2.833510555782236,CG--B:ILE113:N,1.669802275431488,"CE--sym1[1,1,0]/A:ILE113:CB",0.7484421133995056,
B_localized_sf,B_MET112,3,1.587633728981018,2.1885886192321777,107.59;151.22;137.48,g+/t/t,47.59;28.78;42.52,False,2.833510555782236,CG--B:ILE113:N,1.669795952122071,"CE--sym1[1,1,0]/A:ILE113:CB",0.748441755771637,
B_localized_sf,B_MET112,4,1.5876336097717285,2.1885883808135986,107.59;151.22;137.48,g+/t/t,47.59;28.78;42.52,False,2.833510555782236,CG--B:ILE113:N,1.669802275431488,"CE--sym1[1,1,0]/A:ILE113:CB",0.7484421133995056,
B_localized_sf,B_MET112,5,1.5876336097717285,2.1885883808135986,107.59;151.22;137.48,g+/t/t,47.59;28.78;42.52,False,2.833510555782236,CG--B:ILE113:N,1.669802275431488,"CE--sym1[1,1,0]/A:ILE113:CB",0.7484421133995056,
B_localized_sf,B_MET112,6,1.587634801864624,2.1885898113250732,107.59;151.22;137.48,g+/t/t,47.59;28.78;42.52,False,2.833510555782236,CG--B:ILE113:N,1.669802275431488,"CE--sym1[1,1,0]/A:ILE113:CB",0.7484421133995056,
B_localized_sf,B_MET112,7,1.5876336097717285,2.1885883808135986,107.59;151.22;137.48,g+/t/t,47.59;28.78;42.52,False,2.833510555782236,CG--B:ILE113:N,1.669802275431488,"CE--sym1[1,1,0]/A:ILE113:CB",0.7484421133995056,
B_localized_sf,B_MET112,8,1.587632179260254,2.1885874271392822,107.59;151.22;137.48,g+/t/t,47.59;28.78;42.52,False,2.8335088555687484,CG--B:ILE113:N,1.6697996922846374,"CE--sym1[1,1,0]/A:ILE113:CB",0.7484379410743713,
B_localized_sf,B_MET112,9,1.5876308679580688,2.1885859966278076,107.59;151.22;137.48,g+/t/t,47.59;28.78;42.52,False,2.8335088555687484,CG--B:ILE113:N,1.6698034279982352,"CE--sym1[1,1,0]/A:ILE113:CB",0.7484382390975952,
B_localized_sf,B_MET112,10,1.5876336097717285,2.1885883808135986,107.59;151.22;137.48,g+/t/t,47.59;28.78;42.52,False,2.833510555782236,CG--B:ILE113:N,1.669802275431488,"CE--sym1[1,1,0]/A:ILE113:CB",0.7484421133995056,
B_localized_sf,B_MET112,11,1.5876336097717285,2.1885883808135986,107.59;151.22;137.48,g+/t/t,47.59;28.78;42.52,False,2.833510555782236,CG--B:ILE113:N,1.669802275431488,"CE--sym1[1,1,0]/A:ILE113:CB",0.7484421133995056,
B_localized_sf,B_MET112,12,1.587633728981018,2.1885886192321777,107.59;151.22;137.48,g+/t/t,47.59;28.78;42.52,False,2.833510555782236,CG--B:ILE113:N,1.669795952122071,"CE--sym1[1,1,0]/A:ILE113:CB",0.748441755771637,
B_localized_sf,B_MET112,13,1.5876336097717285,2.1885883808135986,107.59;151.22;137.48,g+/t/t,47.59;28.78;42.52,False,2.833510555782236,CG--B:ILE113:N,1.669802275431488,"CE--sym1[1,1,0]/A:ILE113:CB",0.7484421133995056,
B_localized_sf,B_MET112,14,1.587634801864624,2.1885898113250732,107.59;151.22;137.48,g+/t/t,47.59;28.78;42.52,False,2.833510555782236,CG--B:ILE113:N,1.669802275431488,"CE--sym1[1,1,0]/A:ILE113:CB",0.7484421133995056,
B_localized_sf,B_MET112,15,1.5876343250274658,2.188589096069336,107.59;151.22;137.48,g+/t/t,47.59;28.78;42.52,False,2.833510555782236,CG--B:ILE113:N,1.6697956654218236,"CE--sym1[1,1,0]/A:ILE113:CB",0.7484421730041504,
B_localized_sf,B_MET112,16,1.5876343250274658,2.188589096069336,107.59;151.22;137.48,g+/t/t,47.59;28.78;42.52,False,2.833510555782236,CG--B:ILE113:N,1.6697956654218236,"CE--sym1[1,1,0]/A:ILE113:CB",0.7484421730041504,
B_localized_sf,B_MET112,17,1.587633728981018,2.1885886192321777,107.59;151.22;137.48,g+/t/t,47.59;28.78;42.52,False,2.833510555782236,CG--B:ILE113:N,1.669795952122071,"CE--sym1[1,1,0]/A:ILE113:CB",0.748441755771637,
B_localized_sf,B_MET112,18,1.587632179260254,2.1885874271392822,107.59;151.22;137.48,g+/t/t,47.59;28.78;42.52,False,2.8335088555687484,CG--B:ILE113:N,1.6697996922846374,"CE--sym1[1,1,0]/A:ILE113:CB",0.7484379410743713,
B_localized_sf,B_MET112,19,1.587633728981018,2.1885886192321777,107.59;151.22;137.48,g+/t/t,47.59;28.78;42.52,False,2.833510555782236,CG--B:ILE113:N,1.669795952122071,"CE--sym1[1,1,0]/A:ILE113:CB",0.748441755771637,
B_localized_sf,B_MET112,20,1.5876350402832031,2.1885902881622314,107.59;151.22;137.48,g+/t/t,47.59;28.78;42.52,False,2.833510555782236,CG--B:ILE113:N,1.669795952122071,"CE--sym1[1,1,0]/A:ILE113:CB",0.748441755771637,
B_localized_sf,B_MET112,21,1.5876336097717285,2.1885883808135986,107.59;151.22;137.48,g+/t/t,47.59;28.78;42.52,False,2.833510555782236,CG--B:ILE113:N,1.669802275431488,"CE--sym1[1,1,0]/A:ILE113:CB",0.7484421133995056,
B_localized_sf,B_MET112,22,1.5876350402832031,2.1885902881622314,107.59;151.22;137.48,g+/t/t,47.59;28.78;42.52,False,2.833510555782236,CG--B:ILE113:N,1.6697956654218236,"CE--sym1[1,1,0]/A:ILE113:CB",0.7484421730041504,
B_localized_sf,B_MET112,23,1.587633728981018,2.1885886192321777,107.59;151.22;137.48,g+/t/t,47.59;28.78;42.52,False,2.833510555782236,CG--B:ILE113:N,1.669795952122071,"CE--sym1[1,1,0]/A:ILE113:CB",0.748441755771637,
B_localized_sf,B_MET112,24,1.5876336097717285,2.1885883808135986,107.59;151.22;137.48,g+/t/t,47.59;28.78;42.52,False,2.833510555782236,CG--B:ILE113:N,1.669802275431488,"CE--sym1[1,1,0]/A:ILE113:CB",0.7484421133995056,
B_localized_sf,B_MET112,25,1.587633728981018,2.1885886192321777,107.59;151.22;137.48,g+/t/t,47.59;28.78;42.52,False,2.833510555782236,CG--B:ILE113:N,1.669795952122071,"CE--sym1[1,1,0]/A:ILE113:CB",0.748441755771637,
B_localized_sf,B_MET112,26,1.587632179260254,2.1885874271392822,107.59;151.22;137.48,g+/t/t,47.59;28.78;42.52,False,2.8335088555687484,CG--B:ILE113:N,1.6697996922846374,"CE--sym1[1,1,0]/A:ILE113:CB",0.7484379410743713,
B_localized_sf,B_MET112,27,1.587634801864624,2.1885898113250732,107.59;151.22;137.48,g+/t/t,47.59;28.78;42.52,False,2.833510555782236,CG--B:ILE113:N,1.669802275431488,"CE--sym1[1,1,0]/A:ILE113:CB",0.7484421133995056,
B_localized_sf,B_MET112,28,1.5876353979110718,2.1885902881622314,107.59;151.22;137.48,g+/t/t,47.59;28.78;42.52,False,2.8335122559959873,CG--B:ILE113:N,1.6698025621327794,"CE--sym1[1,1,0]/A:ILE113:CB",0.748441219329834,
B_localized_sf,B_MET112,29,1.5876339673995972,2.188588857650757,107.59;151.22;137.48,g+/t/t,47.59;28.78;42.52,False,2.833510555782236,CG--B:ILE113:N,1.6697956654218236,"CE--sym1[1,1,0]/A:ILE113:CB",0.7484421730041504,
B_localized_sf,B_MET112,30,1.5876414775848389,2.188580274581909,107.59;151.22;137.47,g+/t/t,47.59;28.78;42.53,False,2.833496090559545,CG--B:ILE113:N,1.669888784976317,"CE--sym1[1,1,0]/A:ILE113:CB",0.7483906745910645,
B_localized_sf,B_MET112,31,1.5876325368881226,2.1885874271392822,107.59;151.22;137.48,g+/t/t,47.59;28.78;42.52,False,2.8335088555687484,CG--B:ILE113:N,1.6698040013764073,"CE--sym1[1,1,0]/A:ILE113:CB",0.7484378814697266,
B_localized_sf,B_MET112,32,1.5876342058181763,2.188588857650757,107.59;151.22;137.48,g+/t/t,47.59;28.78;42.52,False,2.8335122559959873,CG--B:ILE113:N,1.6698025621327794,"CE--sym1[1,1,0]/A:ILE113:CB",0.748441219329834,
B_localized_sf,B_MET112,33,1.5876357555389404,2.1885883808135986,107.59;151.22;137.48,g+/t/t,47.59;28.78;42.52,False,2.833510410077162,CG--B:ILE113:N,1.6698143458386137,"CE--sym1[1,1,0]/A:ILE113:CB",0.7484266757965088,
B_localized_sf,B_MET112,34,1.5876350402832031,2.1885902881622314,107.59;151.22;137.48,g+/t/t,47.59;28.78;42.52,False,2.833510555782236,CG--B:ILE113:N,1.6697956654218236,"CE--sym1[1,1,0]/A:ILE113:CB",0.7484421730041504,
B_localized_sf,B_MET112,35,1.5876350402832031,2.1885902881622314,107.59;151.22;137.48,g+/t/t,47.59;28.78;42.52,False,2.833510555782236,CG--B:ILE113:N,1.669795952122071,"CE--sym1[1,1,0]/A:ILE113:CB",0.748441755771637,
B_localized_sf,B_MET112,36,1.587634801864624,2.1885898113250732,107.59;151.22;137.48,g+/t/t,47.59;28.78;42.52,False,2.833510555782236,CG--B:ILE113:N,1.669802275431488,"CE--sym1[1,1,0]/A:ILE113:CB",0.7484421133995056,
B_localized_sf,B_MET112,37,1.5876350402832031,2.1885902881622314,107.59;151.22;137.48,g+/t/t,47.59;28.78;42.52,False,2.833510555782236,CG--B:ILE113:N,1.669795952122071,"CE--sym1[1,1,0]/A:ILE113:CB",0.748441755771637,
B_localized_sf,B_MET112,38,1.5876343250274658,2.188589096069336,107.59;151.22;137.48,g+/t/t,47.59;28.78;42.52,False,2.833510555782236,CG--B:ILE113:N,1.6697956654218236,"CE--sym1[1,1,0]/A:ILE113:CB",0.7484421730041504,
B_localized_sf,B_MET112,39,1.587633728981018,2.1885886192321777,107.59;151.22;137.48,g+/t/t,47.59;28.78;42.52,False,2.833510555782236,CG--B:ILE113:N,1.669795952122071,"CE--sym1[1,1,0]/A:ILE113:CB",0.748441755771637,
B_localized_sf,B_MET112,40,1.587633728981018,2.1885886192321777,107.59;151.22;137.48,g+/t/t,47.59;28.78;42.52,False,2.833510555782236,CG--B:ILE113:N,1.669795952122071,"CE--sym1[1,1,0]/A:ILE113:CB",0.748441755771637,
B_localized_sf,B_MET112,41,1.587633728981018,2.1885886192321777,107.59;151.22;137.48,g+/t/t,47.59;28.78;42.52,False,2.833510555782236,CG--B:ILE113:N,1.669795952122071,"CE--sym1[1,1,0]/A:ILE113:CB",0.748441755771637,
B_localized_sf,B_MET112,42,1.5876346826553345,2.1885907649993896,107.59;151.22;137.48,g+/t/t,47.59;28.78;42.52,False,2.833510555782236,CG--B:ILE113:N,1.6697956654218236,"CE--sym1[1,1,0]/A:ILE113:CB",0.7484421730041504,
B_localized_sf,B_MET112,43,1.587633728981018,2.1885886192321777,107.59;151.22;137.48,g+/t/t,47.59;28.78;42.52,False,2.833510555782236,CG--B:ILE113:N,1.669795952122071,"CE--sym1[1,1,0]/A:ILE113:CB",0.748441755771637,
B_localized_sf,B_MET112,44,1.5876342058181763,2.188588857650757,107.59;151.22;137.48,g+/t/t,47.59;28.78;42.52,False,2.8335122559959873,CG--B:ILE113:N,1.6698025621327794,"CE--sym1[1,1,0]/A:ILE113:CB",0.748441219329834,
B_localized_sf,B_MET112,45,1.5876343250274658,2.188589096069336,107.59;151.22;137.48,g+/t/t,47.59;28.78;42.52,False,2.833510555782236,CG--B:ILE113:N,1.6697956654218236,"CE--sym1[1,1,0]/A:ILE113:CB",0.7484421730041504,
B_localized_sf,B_MET112,46,1.587633728981018,2.1885886192321777,107.59;151.22;137.48,g+/t/t,47.59;28.78;42.52,False,2.833510555782236,CG--B:ILE113:N,1.669795952122071,"CE--sym1[1,1,0]/A:ILE113:CB",0.748441755771637,
B_localized_sf,B_MET112,47,1.587633728981018,2.1885886192321777,107.59;151.22;137.48,g+/t/t,47.59;28.78;42.52,False,2.833510555782236,CG--B:ILE113:N,1.669795952122071,"CE--sym1[1,1,0]/A:ILE113:CB",0.748441755771637,
B_localized_sf,B_MET112,48,1.5876343250274658,2.188589096069336,107.59;151.22;137.48,g+/t/t,47.59;28.78;42.52,False,2.833510555782236,CG--B:ILE113:N,1.6697956654218236,"CE--sym1[1,1,0]/A:ILE113:CB",0.7484421730041504,
B_localized_sf,B_MET112,49,1.587632179260254,2.1885874271392822,107.59;151.22;137.48,g+/t/t,47.59;28.78;42.52,False,2.8335088555687484,CG--B:ILE113:N,1.6697996922846374,"CE--sym1[1,1,0]/A:ILE113:CB",0.7484379410743713,
C_realspace_local,B_MET112,0,1.5805976390838623,2.2226109504699707,155.77;-165.51;102.98,t/t/m+,24.23;14.49;12.98,True,3.0843139640824013,CB--B:ILE113:N,1.2338065441611765,"CE--sym1[1,1,0]/A:ILE113:CG2",0.8334517478942871,
C_realspace_local,B_MET112,1,1.580599308013916,2.2226126194000244,155.77;-165.51;102.98,t/t/m+,24.23;14.49;12.98,True,3.0843139640824013,CB--B:ILE113:N,1.2338069080485272,"CE--sym1[1,1,0]/A:ILE113:CG2",0.8334541320800781,
C_realspace_local,B_MET112,2,1.580597996711731,2.222611427307129,155.77;-165.51;102.98,t/t/m+,24.23;14.49;12.98,True,3.0843139640824013,CB--B:ILE113:N,1.2338065441611765,"CE--sym1[1,1,0]/A:ILE113:CG2",0.8334556221961975,
C_realspace_local,B_MET112,3,1.580597996711731,2.222611427307129,155.77;-165.51;102.98,t/t/m+,24.23;14.49;12.98,True,3.0843139640824013,CB--B:ILE113:N,1.2338065441611765,"CE--sym1[1,1,0]/A:ILE113:CG2",0.8334556221961975,
C_realspace_local,B_MET112,4,1.580597996711731,2.222611427307129,155.77;-165.51;102.98,t/t/m+,24.23;14.49;12.98,True,3.0843139640824013,CB--B:ILE113:N,1.2338065441611765,"CE--sym1[1,1,0]/A:ILE113:CG2",0.8334556221961975,
C_realspace_local,B_MET112,5,1.580597996711731,2.222611427307129,155.77;-165.51;102.98,t/t/m+,24.23;14.49;12.98,True,3.0843139640824013,CB--B:ILE113:N,1.2338065441611765,"CE--sym1[1,1,0]/A:ILE113:CG2",0.8334556221961975,
C_realspace_local,B_MET112,6,1.580597996711731,2.222611427307129,155.77;-165.51;102.98,t/t/m+,24.23;14.49;12.98,True,3.0843139640824013,CB--B:ILE113:N,1.2338065441611765,"CE--sym1[1,1,0]/A:ILE113:CG2",0.8334556221961975,
C_realspace_local,B_MET112,7,1.580597996711731,2.222611427307129,155.77;-165.51;102.98,t/t/m+,24.23;14.49;12.98,True,3.0843139640824013,CB--B:ILE113:N,1.2338065441611765,"CE--sym1[1,1,0]/A:ILE113:CG2",0.8334556221961975,
C_realspace_local,B_MET112,8,1.5805976390838623,2.2226109504699707,155.77;-165.51;102.98,t/t/m+,24.23;14.49;12.98,True,3.0843139640824013,CB--B:ILE113:N,1.2338065441611765,"CE--sym1[1,1,0]/A:ILE113:CG2",0.8334517478942871,
C_realspace_local,B_MET112,9,1.5805976390838623,2.2226109504699707,155.77;-165.51;102.98,t/t/m+,24.23;14.49;12.98,True,3.0843139640824013,CB--B:ILE113:N,1.2338065441611765,"CE--sym1[1,1,0]/A:ILE113:CG2",0.8334517478942871,
C_realspace_local,B_MET112,10,1.580599308013916,2.2226126194000244,155.77;-165.51;102.98,t/t/m+,24.23;14.49;12.98,True,3.0843139640824013,CB--B:ILE113:N,1.2338069080485272,"CE--sym1[1,1,0]/A:ILE113:CG2",0.8334541320800781,
C_realspace_local,B_MET112,11,1.580599308013916,2.2226126194000244,155.77;-165.51;102.98,t/t/m+,24.23;14.49;12.98,True,3.0843139640824013,CB--B:ILE113:N,1.2338069080485272,"CE--sym1[1,1,0]/A:ILE113:CG2",0.8334541320800781,
C_realspace_local,B_MET112,12,1.580597996711731,2.222611427307129,155.77;-165.51;102.98,t/t/m+,24.23;14.49;12.98,True,3.0843139640824013,CB--B:ILE113:N,1.2338065441611765,"CE--sym1[1,1,0]/A:ILE113:CG2",0.8334556221961975,
C_realspace_local,B_MET112,13,1.580597996711731,2.222611427307129,155.77;-165.51;102.98,t/t/m+,24.23;14.49;12.98,True,3.0843139640824013,CB--B:ILE113:N,1.2338065441611765,"CE--sym1[1,1,0]/A:ILE113:CG2",0.8334556221961975,
C_realspace_local,B_MET112,14,1.580597996711731,2.222611427307129,155.77;-165.51;102.98,t/t/m+,24.23;14.49;12.98,True,3.0843139640824013,CB--B:ILE113:N,1.2338065441611765,"CE--sym1[1,1,0]/A:ILE113:CG2",0.8334556221961975,
C_realspace_local,B_MET112,15,1.580597996711731,2.222611427307129,155.77;-165.51;102.98,t/t/m+,24.23;14.49;12.98,True,3.0843139640824013,CB--B:ILE113:N,1.2338065441611765,"CE--sym1[1,1,0]/A:ILE113:CG2",0.8334556221961975,
C_realspace_local,B_MET112,16,1.580599308013916,2.2226126194000244,155.77;-165.51;102.98,t/t/m+,24.23;14.49;12.98,True,3.0843139640824013,CB--B:ILE113:N,1.2338069080485272,"CE--sym1[1,1,0]/A:ILE113:CG2",0.8334541320800781,
C_realspace_local,B_MET112,17,1.580599308013916,2.2226126194000244,155.77;-165.51;102.98,t/t/m+,24.23;14.49;12.98,True,3.0843139640824013,CB--B:ILE113:N,1.2338069080485272,"CE--sym1[1,1,0]/A:ILE113:CG2",0.8334541320800781,
C_realspace_local,B_MET112,18,1.580597996711731,2.222611427307129,155.77;-165.51;102.98,t/t/m+,24.23;14.49;12.98,True,3.0843139640824013,CB--B:ILE113:N,1.2338065441611765,"CE--sym1[1,1,0]/A:ILE113:CG2",0.8334556221961975,
C_realspace_local,B_MET112,19,1.5805976390838623,2.2226109504699707,155.77;-165.51;102.98,t/t/m+,24.23;14.49;12.98,True,3.0843139640824013,CB--B:ILE113:N,1.2338065441611765,"CE--sym1[1,1,0]/A:ILE113:CG2",0.8334517478942871,
C_realspace_local,B_MET112,20,1.580599308013916,2.2226126194000244,155.77;-165.51;102.98,t/t/m+,24.23;14.49;12.98,True,3.0843139640824013,CB--B:ILE113:N,1.2338069080485272,"CE--sym1[1,1,0]/A:ILE113:CG2",0.8334541320800781,
C_realspace_local,B_MET112,21,1.580599308013916,2.2226126194000244,155.77;-165.51;102.98,t/t/m+,24.23;14.49;12.98,True,3.0843139640824013,CB--B:ILE113:N,1.2338069080485272,"CE--sym1[1,1,0]/A:ILE113:CG2",0.8334541320800781,
C_realspace_local,B_MET112,22,1.580597996711731,2.222611427307129,155.77;-165.51;102.98,t/t/m+,24.23;14.49;12.98,True,3.0843139640824013,CB--B:ILE113:N,1.2338065441611765,"CE--sym1[1,1,0]/A:ILE113:CG2",0.8334556221961975,
C_realspace_local,B_MET112,23,1.580599308013916,2.2226126194000244,155.77;-165.51;102.98,t/t/m+,24.23;14.49;12.98,True,3.0843139640824013,CB--B:ILE113:N,1.2338069080485272,"CE--sym1[1,1,0]/A:ILE113:CG2",0.8334541320800781,
C_realspace_local,B_MET112,24,1.580599308013916,2.2226126194000244,155.77;-165.51;102.98,t/t/m+,24.23;14.49;12.98,True,3.0843139640824013,CB--B:ILE113:N,1.2338069080485272,"CE--sym1[1,1,0]/A:ILE113:CG2",0.8334541320800781,
C_realspace_local,B_MET112,25,1.580597996711731,2.222611427307129,155.77;-165.51;102.98,t/t/m+,24.23;14.49;12.98,True,3.0843139640824013,CB--B:ILE113:N,1.2338065441611765,"CE--sym1[1,1,0]/A:ILE113:CG2",0.8334556221961975,
C_realspace_local,B_MET112,26,1.5805976390838623,2.2226109504699707,155.77;-165.51;102.98,t/t/m+,24.23;14.49;12.98,True,3.0843139640824013,CB--B:ILE113:N,1.2338065441611765,"CE--sym1[1,1,0]/A:ILE113:CG2",0.8334517478942871,
C_realspace_local,B_MET112,27,1.580599308013916,2.2226126194000244,155.77;-165.51;102.98,t/t/m+,24.23;14.49;12.98,True,3.0843139640824013,CB--B:ILE113:N,1.2338069080485272,"CE--sym1[1,1,0]/A:ILE113:CG2",0.8334541320800781,
C_realspace_local,B_MET112,28,1.580597996711731,2.222611427307129,155.77;-165.51;102.98,t/t/m+,24.23;14.49;12.98,True,3.0843139640824013,CB--B:ILE113:N,1.2338065441611765,"CE--sym1[1,1,0]/A:ILE113:CG2",0.8334556221961975,
C_realspace_local,B_MET112,29,1.580597996711731,2.222611427307129,155.77;-165.51;102.98,t/t/m+,24.23;14.49;12.98,True,3.0843139640824013,CB--B:ILE113:N,1.2338065441611765,"CE--sym1[1,1,0]/A:ILE113:CG2",0.8334556221961975,
C_realspace_local,B_MET112,30,1.580597996711731,2.222611427307129,155.77;-165.51;102.98,t/t/m+,24.23;14.49;12.98,True,3.0843139640824013,CB--B:ILE113:N,1.2338065441611765,"CE--sym1[1,1,0]/A:ILE113:CG2",0.8334556221961975,
C_realspace_local,B_MET112,31,1.5805976390838623,2.2226109504699707,155.77;-165.51;102.98,t/t/m+,24.23;14.49;12.98,True,3.0843139640824013,CB--B:ILE113:N,1.2338065441611765,"CE--sym1[1,1,0]/A:ILE113:CG2",0.8334517478942871,
C_realspace_local,B_MET112,32,1.580597996711731,2.222611427307129,155.77;-165.51;102.98,t/t/m+,24.23;14.49;12.98,True,3.0843139640824013,CB--B:ILE113:N,1.2338065441611765,"CE--sym1[1,1,0]/A:ILE113:CG2",0.8334556221961975,
C_realspace_local,B_MET112,33,1.580597996711731,2.222611427307129,155.77;-165.51;102.98,t/t/m+,24.23;14.49;12.98,True,3.0843139640824013,CB--B:ILE113:N,1.2338065441611765,"CE--sym1[1,1,0]/A:ILE113:CG2",0.8334556221961975,
C_realspace_local,B_MET112,34,1.580597996711731,2.222611427307129,155.77;-165.51;102.98,t/t/m+,24.23;14.49;12.98,True,3.0843139640824013,CB--B:ILE113:N,1.2338065441611765,"CE--sym1[1,1,0]/A:ILE113:CG2",0.8334556221961975,
C_realspace_local,B_MET112,35,1.580599308013916,2.2226126194000244,155.77;-165.51;102.98,t/t/m+,24.23;14.49;12.98,True,3.0843139640824013,CB--B:ILE113:N,1.2338069080485272,"CE--sym1[1,1,0]/A:ILE113:CG2",0.8334541320800781,
C_realspace_local,B_MET112,36,1.580599308013916,2.2226126194000244,155.77;-165.51;102.98,t/t/m+,24.23;14.49;12.98,True,3.0843139640824013,CB--B:ILE113:N,1.2338069080485272,"CE--sym1[1,1,0]/A:ILE113:CG2",0.8334541320800781,
C_realspace_local,B_MET112,37,1.580597996711731,2.222611427307129,155.77;-165.51;102.98,t/t/m+,24.23;14.49;12.98,True,3.0843139640824013,CB--B:ILE113:N,1.2338065441611765,"CE--sym1[1,1,0]/A:ILE113:CG2",0.8334556221961975,
C_realspace_local,B_MET112,38,1.580597996711731,2.222611427307129,155.77;-165.51;102.98,t/t/m+,24.23;14.49;12.98,True,3.0843139640824013,CB--B:ILE113:N,1.2338065441611765,"CE--sym1[1,1,0]/A:ILE113:CG2",0.8334556221961975,
C_realspace_local,B_MET112,39,1.580597996711731,2.222611427307129,155.77;-165.51;102.98,t/t/m+,24.23;14.49;12.98,True,3.0843139640824013,CB--B:ILE113:N,1.2338065441611765,"CE--sym1[1,1,0]/A:ILE113:CG2",0.8334556221961975,
C_realspace_local,B_MET112,40,1.580599308013916,2.2226126194000244,155.77;-165.51;102.98,t/t/m+,24.23;14.49;12.98,True,3.0843139640824013,CB--B:ILE113:N,1.2338069080485272,"CE--sym1[1,1,0]/A:ILE113:CG2",0.8334541320800781,
C_realspace_local,B_MET112,41,1.580599308013916,2.2226126194000244,155.77;-165.51;102.98,t/t/m+,24.23;14.49;12.98,True,3.0843139640824013,CB--B:ILE113:N,1.2338061866890901,"CE--sym1[1,1,0]/A:ILE113:CG2",0.8334553241729736,
C_realspace_local,B_MET112,42,1.580597996711731,2.222611427307129,155.77;-165.51;102.98,t/t/m+,24.23;14.49;12.98,True,3.0843139640824013,CB--B:ILE113:N,1.2338065441611765,"CE--sym1[1,1,0]/A:ILE113:CG2",0.8334556221961975,
C_realspace_local,B_MET112,43,1.5805976390838623,2.2226109504699707,155.77;-165.51;102.98,t/t/m+,24.23;14.49;12.98,True,3.0843139640824013,CB--B:ILE113:N,1.2338065441611765,"CE--sym1[1,1,0]/A:ILE113:CG2",0.8334517478942871,
C_realspace_local,B_MET112,44,1.580597996711731,2.222611427307129,155.77;-165.51;102.98,t/t/m+,24.23;14.49;12.98,True,3.0843139640824013,CB--B:ILE113:N,1.2338065441611765,"CE--sym1[1,1,0]/A:ILE113:CG2",0.8334556221961975,
C_realspace_local,B_MET112,45,1.580599308013916,2.2226126194000244,155.77;-165.51;102.98,t/t/m+,24.23;14.49;12.98,True,3.0843139640824013,CB--B:ILE113:N,1.2338069080485272,"CE--sym1[1,1,0]/A:ILE113:CG2",0.8334541320800781,
C_realspace_local,B_MET112,46,1.580599308013916,2.2226126194000244,155.77;-165.51;102.98,t/t/m+,24.23;14.49;12.98,True,3.0843139640824013,CB--B:ILE113:N,1.2338069080485272,"CE--sym1[1,1,0]/A:ILE113:CG2",0.8334541320800781,
C_realspace_local,B_MET112,47,1.5805970430374146,2.222611665725708,155.77;-165.51;102.98,t/t/m+,24.23;14.49;12.98,True,3.0843139640824013,CB--B:ILE113:N,1.233797470045448,"CE--sym1[1,1,0]/A:ILE113:CG2",0.8334600925445557,
C_realspace_local,B_MET112,48,1.580597996711731,2.222611427307129,155.77;-165.51;102.98,t/t/m+,24.23;14.49;12.98,True,3.0843139640824013,CB--B:ILE113:N,1.2338065441611765,"CE--sym1[1,1,0]/A:ILE113:CG2",0.8334556221961975,
C_realspace_local,B_MET112,49,1.5805976390838623,2.2226109504699707,155.77;-165.51;102.98,t/t/m+,24.23;14.49;12.98,True,3.0843139640824013,CB--B:ILE113:N,1.2338065441611765,"CE--sym1[1,1,0]/A:ILE113:CG2",0.8334517478942871,
A_synthetic_fobs,B_ASP114,0,0.7489817142486572,0.5445709824562073,-155.92;-51.09,t/p0,24.08;51.09,False,2.660467349409504,OD1--B:HOH14:O,5.409704707208762,"OD1--sym6[0,0,1]/A:LYS133:NZ",0.282076895236969,OD1--B:HOH14:O:2.66A;OD1--B:HOH50:O:3.11A;OD2--B:HOH54:O:3.43A
A_synthetic_fobs,B_ASP114,1,0.7489821314811707,0.5445714592933655,-155.92;-51.09,t/p0,24.08;51.09,False,2.6604677854322567,OD1--B:HOH14:O,5.40970563543896,"OD1--sym6[0,0,1]/A:LYS133:NZ",0.282076895236969,OD1--B:HOH14:O:2.66A;OD1--B:HOH50:O:3.11A;OD2--B:HOH54:O:3.43A
A_synthetic_fobs,B_ASP114,2,0.7489821314811707,0.5445714592933655,-155.92;-51.09,t/p0,24.08;51.09,False,2.6604677854322567,OD1--B:HOH14:O,5.40970563543896,"OD1--sym6[0,0,1]/A:LYS133:NZ",0.282076895236969,OD1--B:HOH14:O:2.66A;OD1--B:HOH50:O:3.11A;OD2--B:HOH54:O:3.43A
A_synthetic_fobs,B_ASP114,3,0.748982310295105,0.5445713996887207,-155.92;-51.09,t/p0,24.08;51.09,False,2.660467349409504,OD1--B:HOH14:O,5.409704707208762,"OD1--sym6[0,0,1]/A:LYS133:NZ",0.282076895236969,OD1--B:HOH14:O:2.66A;OD1--B:HOH50:O:3.11A;OD2--B:HOH54:O:3.43A
A_synthetic_fobs,B_ASP114,4,0.7489821314811707,0.5445714592933655,-155.92;-51.09,t/p0,24.08;51.09,False,2.6604677854322567,OD1--B:HOH14:O,5.40970563543896,"OD1--sym6[0,0,1]/A:LYS133:NZ",0.282076895236969,OD1--B:HOH14:O:2.66A;OD1--B:HOH50:O:3.11A;OD2--B:HOH54:O:3.43A
A_synthetic_fobs,B_ASP114,5,0.7489817142486572,0.5445709824562073,-155.92;-51.09,t/p0,24.08;51.09,False,2.660467349409504,OD1--B:HOH14:O,5.409704707208762,"OD1--sym6[0,0,1]/A:LYS133:NZ",0.282076895236969,OD1--B:HOH14:O:2.66A;OD1--B:HOH50:O:3.11A;OD2--B:HOH54:O:3.43A
A_synthetic_fobs,B_ASP114,6,0.7489821314811707,0.5445714592933655,-155.92;-51.09,t/p0,24.08;51.09,False,2.6604677854322567,OD1--B:HOH14:O,5.40970563543896,"OD1--sym6[0,0,1]/A:LYS133:NZ",0.282076895236969,OD1--B:HOH14:O:2.66A;OD1--B:HOH50:O:3.11A;OD2--B:HOH54:O:3.43A
A_synthetic_fobs,B_ASP114,7,0.7489817142486572,0.5445709824562073,-155.92;-51.09,t/p0,24.08;51.09,False,2.660467349409504,OD1--B:HOH14:O,5.409704707208762,"OD1--sym6[0,0,1]/A:LYS133:NZ",0.282076895236969,OD1--B:HOH14:O:2.66A;OD1--B:HOH50:O:3.11A;OD2--B:HOH54:O:3.43A
A_synthetic_fobs,B_ASP114,8,0.748982310295105,0.5445713996887207,-155.92;-51.09,t/p0,24.08;51.09,False,2.660467349409504,OD1--B:HOH14:O,5.409704707208762,"OD1--sym6[0,0,1]/A:LYS133:NZ",0.282076895236969,OD1--B:HOH14:O:2.66A;OD1--B:HOH50:O:3.11A;OD2--B:HOH54:O:3.43A
A_synthetic_fobs,B_ASP114,9,0.7489817142486572,0.5445709824562073,-155.92;-51.09,t/p0,24.08;51.09,False,2.660467349409504,OD1--B:HOH14:O,5.409704707208762,"OD1--sym6[0,0,1]/A:LYS133:NZ",0.282076895236969,OD1--B:HOH14:O:2.66A;OD1--B:HOH50:O:3.11A;OD2--B:HOH54:O:3.43A
A_synthetic_fobs,B_ASP114,10,0.7489817142486572,0.5445709824562073,-155.92;-51.09,t/p0,24.08;51.09,False,2.660467349409504,OD1--B:HOH14:O,5.409704707208762,"OD1--sym6[0,0,1]/A:LYS133:NZ",0.282076895236969,OD1--B:HOH14:O:2.66A;OD1--B:HOH50:O:3.11A;OD2--B:HOH54:O:3.43A
A_synthetic_fobs,B_ASP114,11,0.7489817142486572,0.5445709824562073,-155.92;-51.09,t/p0,24.08;51.09,False,2.660467349409504,OD1--B:HOH14:O,5.409704707208762,"OD1--sym6[0,0,1]/A:LYS133:NZ",0.282076895236969,OD1--B:HOH14:O:2.66A;OD1--B:HOH50:O:3.11A;OD2--B:HOH54:O:3.43A
A_synthetic_fobs,B_ASP114,12,0.7489821314811707,0.5445714592933655,-155.92;-51.09,t/p0,24.08;51.09,False,2.6604677854322567,OD1--B:HOH14:O,5.40970563543896,"OD1--sym6[0,0,1]/A:LYS133:NZ",0.282076895236969,OD1--B:HOH14:O:2.66A;OD1--B:HOH50:O:3.11A;OD2--B:HOH54:O:3.43A
A_synthetic_fobs,B_ASP114,13,0.7489817142486572,0.5445709824562073,-155.92;-51.09,t/p0,24.08;51.09,False,2.660467349409504,OD1--B:HOH14:O,5.409704707208762,"OD1--sym6[0,0,1]/A:LYS133:NZ",0.282076895236969,OD1--B:HOH14:O:2.66A;OD1--B:HOH50:O:3.11A;OD2--B:HOH54:O:3.43A
A_synthetic_fobs,B_ASP114,14,0.7489817142486572,0.5445709824562073,-155.92;-51.09,t/p0,24.08;51.09,False,2.660467349409504,OD1--B:HOH14:O,5.409704707208762,"OD1--sym6[0,0,1]/A:LYS133:NZ",0.282076895236969,OD1--B:HOH14:O:2.66A;OD1--B:HOH50:O:3.11A;OD2--B:HOH54:O:3.43A
A_synthetic_fobs,B_ASP114,15,0.748982310295105,0.5445713996887207,-155.92;-51.09,t/p0,24.08;51.09,False,2.660467349409504,OD1--B:HOH14:O,5.409704707208762,"OD1--sym6[0,0,1]/A:LYS133:NZ",0.282076895236969,OD1--B:HOH14:O:2.66A;OD1--B:HOH50:O:3.11A;OD2--B:HOH54:O:3.43A
A_synthetic_fobs,B_ASP114,16,0.7489821314811707,0.5445714592933655,-155.92;-51.09,t/p0,24.08;51.09,False,2.6604677854322567,OD1--B:HOH14:O,5.40970563543896,"OD1--sym6[0,0,1]/A:LYS133:NZ",0.282076895236969,OD1--B:HOH14:O:2.66A;OD1--B:HOH50:O:3.11A;OD2--B:HOH54:O:3.43A
A_synthetic_fobs,B_ASP114,17,0.7489817142486572,0.5445709824562073,-155.92;-51.09,t/p0,24.08;51.09,False,2.660467349409504,OD1--B:HOH14:O,5.409704707208762,"OD1--sym6[0,0,1]/A:LYS133:NZ",0.282076895236969,OD1--B:HOH14:O:2.66A;OD1--B:HOH50:O:3.11A;OD2--B:HOH54:O:3.43A
A_synthetic_fobs,B_ASP114,18,0.7489817142486572,0.5445709824562073,-155.92;-51.09,t/p0,24.08;51.09,False,2.660467349409504,OD1--B:HOH14:O,5.409704707208762,"OD1--sym6[0,0,1]/A:LYS133:NZ",0.282076895236969,OD1--B:HOH14:O:2.66A;OD1--B:HOH50:O:3.11A;OD2--B:HOH54:O:3.43A
A_synthetic_fobs,B_ASP114,19,0.7489817142486572,0.5445709824562073,-155.92;-51.09,t/p0,24.08;51.09,False,2.660467349409504,OD1--B:HOH14:O,5.409704707208762,"OD1--sym6[0,0,1]/A:LYS133:NZ",0.282076895236969,OD1--B:HOH14:O:2.66A;OD1--B:HOH50:O:3.11A;OD2--B:HOH54:O:3.43A
A_synthetic_fobs,B_ASP114,20,0.7489817142486572,0.5445709824562073,-155.92;-51.09,t/p0,24.08;51.09,False,2.660467349409504,OD1--B:HOH14:O,5.409704707208762,"OD1--sym6[0,0,1]/A:LYS133:NZ",0.282076895236969,OD1--B:HOH14:O:2.66A;OD1--B:HOH50:O:3.11A;OD2--B:HOH54:O:3.43A
A_synthetic_fobs,B_ASP114,21,0.7489817142486572,0.5445709824562073,-155.92;-51.09,t/p0,24.08;51.09,False,2.660467349409504,OD1--B:HOH14:O,5.409704707208762,"OD1--sym6[0,0,1]/A:LYS133:NZ",0.282076895236969,OD1--B:HOH14:O:2.66A;OD1--B:HOH50:O:3.11A;OD2--B:HOH54:O:3.43A
A_synthetic_fobs,B_ASP114,22,0.7489817142486572,0.5445709824562073,-155.92;-51.09,t/p0,24.08;51.09,False,2.660467349409504,OD1--B:HOH14:O,5.409704707208762,"OD1--sym6[0,0,1]/A:LYS133:NZ",0.282076895236969,OD1--B:HOH14:O:2.66A;OD1--B:HOH50:O:3.11A;OD2--B:HOH54:O:3.43A
A_synthetic_fobs,B_ASP114,23,0.7489817142486572,0.5445709824562073,-155.92;-51.09,t/p0,24.08;51.09,False,2.660467349409504,OD1--B:HOH14:O,5.409704707208762,"OD1--sym6[0,0,1]/A:LYS133:NZ",0.282076895236969,OD1--B:HOH14:O:2.66A;OD1--B:HOH50:O:3.11A;OD2--B:HOH54:O:3.43A
A_synthetic_fobs,B_ASP114,24,0.7489821314811707,0.5445714592933655,-155.92;-51.09,t/p0,24.08;51.09,False,2.6604677854322567,OD1--B:HOH14:O,5.40970563543896,"OD1--sym6[0,0,1]/A:LYS133:NZ",0.282076895236969,OD1--B:HOH14:O:2.66A;OD1--B:HOH50:O:3.11A;OD2--B:HOH54:O:3.43A
A_synthetic_fobs,B_ASP114,25,0.748982310295105,0.5445713996887207,-155.92;-51.09,t/p0,24.08;51.09,False,2.660467349409504,OD1--B:HOH14:O,5.409704707208762,"OD1--sym6[0,0,1]/A:LYS133:NZ",0.282076895236969,OD1--B:HOH14:O:2.66A;OD1--B:HOH50:O:3.11A;OD2--B:HOH54:O:3.43A
A_synthetic_fobs,B_ASP114,26,0.7489821314811707,0.5445714592933655,-155.92;-51.09,t/p0,24.08;51.09,False,2.6604677854322567,OD1--B:HOH14:O,5.40970563543896,"OD1--sym6[0,0,1]/A:LYS133:NZ",0.282076895236969,OD1--B:HOH14:O:2.66A;OD1--B:HOH50:O:3.11A;OD2--B:HOH54:O:3.43A
A_synthetic_fobs,B_ASP114,27,0.7489817142486572,0.5445709824562073,-155.92;-51.09,t/p0,24.08;51.09,False,2.660467349409504,OD1--B:HOH14:O,5.409704707208762,"OD1--sym6[0,0,1]/A:LYS133:NZ",0.282076895236969,OD1--B:HOH14:O:2.66A;OD1--B:HOH50:O:3.11A;OD2--B:HOH54:O:3.43A
A_synthetic_fobs,B_ASP114,28,0.7489821314811707,0.5445714592933655,-155.92;-51.09,t/p0,24.08;51.09,False,2.6604677854322567,OD1--B:HOH14:O,5.40970563543896,"OD1--sym6[0,0,1]/A:LYS133:NZ",0.282076895236969,OD1--B:HOH14:O:2.66A;OD1--B:HOH50:O:3.11A;OD2--B:HOH54:O:3.43A
A_synthetic_fobs,B_ASP114,29,0.748982310295105,0.5445713996887207,-155.92;-51.09,t/p0,24.08;51.09,False,2.660467349409504,OD1--B:HOH14:O,5.409704707208762,"OD1--sym6[0,0,1]/A:LYS133:NZ",0.282076895236969,OD1--B:HOH14:O:2.66A;OD1--B:HOH50:O:3.11A;OD2--B:HOH54:O:3.43A
A_synthetic_fobs,B_ASP114,30,0.7489817142486572,0.5445709824562073,-155.92;-51.09,t/p0,24.08;51.09,False,2.660467349409504,OD1--B:HOH14:O,5.409704707208762,"OD1--sym6[0,0,1]/A:LYS133:NZ",0.282076895236969,OD1--B:HOH14:O:2.66A;OD1--B:HOH50:O:3.11A;OD2--B:HOH54:O:3.43A
A_synthetic_fobs,B_ASP114,31,0.7489817142486572,0.5445709824562073,-155.92;-51.09,t/p0,24.08;51.09,False,2.660467349409504,OD1--B:HOH14:O,5.409704707208762,"OD1--sym6[0,0,1]/A:LYS133:NZ",0.282076895236969,OD1--B:HOH14:O:2.66A;OD1--B:HOH50:O:3.11A;OD2--B:HOH54:O:3.43A
A_synthetic_fobs,B_ASP114,32,0.7489817142486572,0.5445709824562073,-155.92;-51.09,t/p0,24.08;51.09,False,2.660467349409504,OD1--B:HOH14:O,5.409704707208762,"OD1--sym6[0,0,1]/A:LYS133:NZ",0.282076895236969,OD1--B:HOH14:O:2.66A;OD1--B:HOH50:O:3.11A;OD2--B:HOH54:O:3.43A
A_synthetic_fobs,B_ASP114,33,0.7489817142486572,0.5445709824562073,-155.92;-51.09,t/p0,24.08;51.09,False,2.660467349409504,OD1--B:HOH14:O,5.409704707208762,"OD1--sym6[0,0,1]/A:LYS133:NZ",0.282076895236969,OD1--B:HOH14:O:2.66A;OD1--B:HOH50:O:3.11A;OD2--B:HOH54:O:3.43A
A_synthetic_fobs,B_ASP114,34,0.7489817142486572,0.5445709824562073,-155.92;-51.09,t/p0,24.08;51.09,False,2.660467349409504,OD1--B:HOH14:O,5.409704707208762,"OD1--sym6[0,0,1]/A:LYS133:NZ",0.282076895236969,OD1--B:HOH14:O:2.66A;OD1--B:HOH50:O:3.11A;OD2--B:HOH54:O:3.43A
A_synthetic_fobs,B_ASP114,35,0.7489817142486572,0.5445709824562073,-155.92;-51.09,t/p0,24.08;51.09,False,2.660467349409504,OD1--B:HOH14:O,5.409704707208762,"OD1--sym6[0,0,1]/A:LYS133:NZ",0.282076895236969,OD1--B:HOH14:O:2.66A;OD1--B:HOH50:O:3.11A;OD2--B:HOH54:O:3.43A
A_synthetic_fobs,B_ASP114,36,0.7489821314811707,0.5445714592933655,-155.92;-51.09,t/p0,24.08;51.09,False,2.6604677854322567,OD1--B:HOH14:O,5.40970563543896,"OD1--sym6[0,0,1]/A:LYS133:NZ",0.282076895236969,OD1--B:HOH14:O:2.66A;OD1--B:HOH50:O:3.11A;OD2--B:HOH54:O:3.43A
A_synthetic_fobs,B_ASP114,37,0.748982310295105,0.5445713996887207,-155.92;-51.09,t/p0,24.08;51.09,False,2.660467349409504,OD1--B:HOH14:O,5.409704707208762,"OD1--sym6[0,0,1]/A:LYS133:NZ",0.282076895236969,OD1--B:HOH14:O:2.66A;OD1--B:HOH50:O:3.11A;OD2--B:HOH54:O:3.43A
A_synthetic_fobs,B_ASP114,38,0.7489821314811707,0.5445714592933655,-155.92;-51.09,t/p0,24.08;51.09,False,2.6604677854322567,OD1--B:HOH14:O,5.40970563543896,"OD1--sym6[0,0,1]/A:LYS133:NZ",0.282076895236969,OD1--B:HOH14:O:2.66A;OD1--B:HOH50:O:3.11A;OD2--B:HOH54:O:3.43A
A_synthetic_fobs,B_ASP114,39,0.7489821314811707,0.5445714592933655,-155.92;-51.09,t/p0,24.08;51.09,False,2.6604677854322567,OD1--B:HOH14:O,5.40970563543896,"OD1--sym6[0,0,1]/A:LYS133:NZ",0.282076895236969,OD1--B:HOH14:O:2.66A;OD1--B:HOH50:O:3.11A;OD2--B:HOH54:O:3.43A
A_synthetic_fobs,B_ASP114,40,0.7489821314811707,0.5445714592933655,-155.92;-51.09,t/p0,24.08;51.09,False,2.6604677854322567,OD1--B:HOH14:O,5.40970563543896,"OD1--sym6[0,0,1]/A:LYS133:NZ",0.282076895236969,OD1--B:HOH14:O:2.66A;OD1--B:HOH50:O:3.11A;OD2--B:HOH54:O:3.43A
A_synthetic_fobs,B_ASP114,41,0.748982310295105,0.5445713996887207,-155.92;-51.09,t/p0,24.08;51.09,False,2.660467349409504,OD1--B:HOH14:O,5.409704707208762,"OD1--sym6[0,0,1]/A:LYS133:NZ",0.282076895236969,OD1--B:HOH14:O:2.66A;OD1--B:HOH50:O:3.11A;OD2--B:HOH54:O:3.43A
A_synthetic_fobs,B_ASP114,42,0.7489821314811707,0.5445714592933655,-155.92;-51.09,t/p0,24.08;51.09,False,2.6604677854322567,OD1--B:HOH14:O,5.40970563543896,"OD1--sym6[0,0,1]/A:LYS133:NZ",0.282076895236969,OD1--B:HOH14:O:2.66A;OD1--B:HOH50:O:3.11A;OD2--B:HOH54:O:3.43A
A_synthetic_fobs,B_ASP114,43,0.748982310295105,0.5445713996887207,-155.92;-51.09,t/p0,24.08;51.09,False,2.660467349409504,OD1--B:HOH14:O,5.409704707208762,"OD1--sym6[0,0,1]/A:LYS133:NZ",0.282076895236969,OD1--B:HOH14:O:2.66A;OD1--B:HOH50:O:3.11A;OD2--B:HOH54:O:3.43A
A_synthetic_fobs,B_ASP114,44,0.7489817142486572,0.5445709824562073,-155.92;-51.09,t/p0,24.08;51.09,False,2.660467349409504,OD1--B:HOH14:O,5.409704707208762,"OD1--sym6[0,0,1]/A:LYS133:NZ",0.282076895236969,OD1--B:HOH14:O:2.66A;OD1--B:HOH50:O:3.11A;OD2--B:HOH54:O:3.43A
A_synthetic_fobs,B_ASP114,45,0.7489817142486572,0.5445709824562073,-155.92;-51.09,t/p0,24.08;51.09,False,2.660467349409504,OD1--B:HOH14:O,5.409704707208762,"OD1--sym6[0,0,1]/A:LYS133:NZ",0.282076895236969,OD1--B:HOH14:O:2.66A;OD1--B:HOH50:O:3.11A;OD2--B:HOH54:O:3.43A
A_synthetic_fobs,B_ASP114,46,0.7489821314811707,0.5445714592933655,-155.92;-51.09,t/p0,24.08;51.09,False,2.6604677854322567,OD1--B:HOH14:O,5.40970563543896,"OD1--sym6[0,0,1]/A:LYS133:NZ",0.282076895236969,OD1--B:HOH14:O:2.66A;OD1--B:HOH50:O:3.11A;OD2--B:HOH54:O:3.43A
A_synthetic_fobs,B_ASP114,47,0.7489817142486572,0.5445709824562073,-155.92;-51.09,t/p0,24.08;51.09,False,2.660467349409504,OD1--B:HOH14:O,5.409704707208762,"OD1--sym6[0,0,1]/A:LYS133:NZ",0.282076895236969,OD1--B:HOH14:O:2.66A;OD1--B:HOH50:O:3.11A;OD2--B:HOH54:O:3.43A
A_synthetic_fobs,B_ASP114,48,0.7489821314811707,0.5445714592933655,-155.92;-51.09,t/p0,24.08;51.09,False,2.6604677854322567,OD1--B:HOH14:O,5.40970563543896,"OD1--sym6[0,0,1]/A:LYS133:NZ",0.282076895236969,OD1--B:HOH14:O:2.66A;OD1--B:HOH50:O:3.11A;OD2--B:HOH54:O:3.43A
A_synthetic_fobs,B_ASP114,49,0.7489817142486572,0.5445709824562073,-155.92;-51.09,t/p0,24.08;51.09,False,2.660467349409504,OD1--B:HOH14:O,5.409704707208762,"OD1--sym6[0,0,1]/A:LYS133:NZ",0.282076895236969,OD1--B:HOH14:O:2.66A;OD1--B:HOH50:O:3.11A;OD2--B:HOH54:O:3.43A
B_localized_sf,B_ASP114,0,1.2034621238708496,1.810974359512329,103.56;-178.96,g+/p180,43.56;1.04,False,1.9233931057851883,OD2--B:LYS115:N,6.958796403118124,"OD2--sym1[1,1,0]/A:HOH30:O",0.3700569272041321,OD1--B:HOH54:O:2.34A;OD2--B:GLU111:O:2.99A
B_localized_sf,B_ASP114,1,1.2034621238708496,1.810974359512329,103.56;-178.96,g+/p180,43.56;1.04,False,1.9233931057851883,OD2--B:LYS115:N,6.958796403118124,"OD2--sym1[1,1,0]/A:HOH30:O",0.3700569272041321,OD1--B:HOH54:O:2.34A;OD2--B:GLU111:O:2.99A
B_localized_sf,B_ASP114,2,1.2034621238708496,1.8109748363494873,103.56;-178.96,g+/p180,43.56;1.04,False,1.9233931057851883,OD2--B:LYS115:N,6.958796403118124,"OD2--sym1[1,1,0]/A:HOH30:O",0.3700578212738037,OD1--B:HOH54:O:2.34A;OD2--B:GLU111:O:2.99A
B_localized_sf,B_ASP114,3,1.2034621238708496,1.810974359512329,103.56;-178.96,g+/p180,43.56;1.04,False,1.9233931057851883,OD2--B:LYS115:N,6.958796403118124,"OD2--sym1[1,1,0]/A:HOH30:O",0.3700569272041321,OD1--B:HOH54:O:2.34A;OD2--B:GLU111:O:2.99A
B_localized_sf,B_ASP114,4,1.2034621238708496,1.810974359512329,103.56;-178.96,g+/p180,43.56;1.04,False,1.9233931057851883,OD2--B:LYS115:N,6.958796403118124,"OD2--sym1[1,1,0]/A:HOH30:O",0.3700569272041321,OD1--B:HOH54:O:2.34A;OD2--B:GLU111:O:2.99A
B_localized_sf,B_ASP114,5,1.2034621238708496,1.810974359512329,103.56;-178.96,g+/p180,43.56;1.04,False,1.9233931057851883,OD2--B:LYS115:N,6.958796403118124,"OD2--sym1[1,1,0]/A:HOH30:O",0.3700569272041321,OD1--B:HOH54:O:2.34A;OD2--B:GLU111:O:2.99A
B_localized_sf,B_ASP114,6,1.2034621238708496,1.810974359512329,103.56;-178.96,g+/p180,43.56;1.04,False,1.9233931057851883,OD2--B:LYS115:N,6.958796403118124,"OD2--sym1[1,1,0]/A:HOH30:O",0.3700569272041321,OD1--B:HOH54:O:2.34A;OD2--B:GLU111:O:2.99A
B_localized_sf,B_ASP114,7,1.2034621238708496,1.810974359512329,103.56;-178.96,g+/p180,43.56;1.04,False,1.9233931057851883,OD2--B:LYS115:N,6.958796403118124,"OD2--sym1[1,1,0]/A:HOH30:O",0.3700569272041321,OD1--B:HOH54:O:2.34A;OD2--B:GLU111:O:2.99A
B_localized_sf,B_ASP114,8,1.2034621238708496,1.810974359512329,103.56;-178.96,g+/p180,43.56;1.04,False,1.9233931057851883,OD2--B:LYS115:N,6.958796403118124,"OD2--sym1[1,1,0]/A:HOH30:O",0.3700569272041321,OD1--B:HOH54:O:2.34A;OD2--B:GLU111:O:2.99A
B_localized_sf,B_ASP114,9,1.2034621238708496,1.810974359512329,103.56;-178.96,g+/p180,43.56;1.04,False,1.9233931057851883,OD2--B:LYS115:N,6.958796403118124,"OD2--sym1[1,1,0]/A:HOH30:O",0.3700569272041321,OD1--B:HOH54:O:2.34A;OD2--B:GLU111:O:2.99A
B_localized_sf,B_ASP114,10,1.2034621238708496,1.810974359512329,103.56;-178.96,g+/p180,43.56;1.04,False,1.9233931057851883,OD2--B:LYS115:N,6.958796403118124,"OD2--sym1[1,1,0]/A:HOH30:O",0.3700569272041321,OD1--B:HOH54:O:2.34A;OD2--B:GLU111:O:2.99A
B_localized_sf,B_ASP114,11,1.2034621238708496,1.810974359512329,103.56;-178.96,g+/p180,43.56;1.04,False,1.9233931057851883,OD2--B:LYS115:N,6.958796403118124,"OD2--sym1[1,1,0]/A:HOH30:O",0.3700569272041321,OD1--B:HOH54:O:2.34A;OD2--B:GLU111:O:2.99A
B_localized_sf,B_ASP114,12,1.2034621238708496,1.810974359512329,103.56;-178.96,g+/p180,43.56;1.04,False,1.9233931057851883,OD2--B:LYS115:N,6.958796403118124,"OD2--sym1[1,1,0]/A:HOH30:O",0.3700569272041321,OD1--B:HOH54:O:2.34A;OD2--B:GLU111:O:2.99A
B_localized_sf,B_ASP114,13,1.2034621238708496,1.810974359512329,103.56;-178.96,g+/p180,43.56;1.04,False,1.9233931057851883,OD2--B:LYS115:N,6.958796403118124,"OD2--sym1[1,1,0]/A:HOH30:O",0.3700569272041321,OD1--B:HOH54:O:2.34A;OD2--B:GLU111:O:2.99A
B_localized_sf,B_ASP114,14,1.2034621238708496,1.810974359512329,103.56;-178.96,g+/p180,43.56;1.04,False,1.9233931057851883,OD2--B:LYS115:N,6.958796403118124,"OD2--sym1[1,1,0]/A:HOH30:O",0.3700569272041321,OD1--B:HOH54:O:2.34A;OD2--B:GLU111:O:2.99A
B_localized_sf,B_ASP114,15,1.2034621238708496,1.810974359512329,103.56;-178.96,g+/p180,43.56;1.04,False,1.9233931057851883,OD2--B:LYS115:N,6.958796403118124,"OD2--sym1[1,1,0]/A:HOH30:O",0.3700569272041321,OD1--B:HOH54:O:2.34A;OD2--B:GLU111:O:2.99A
B_localized_sf,B_ASP114,16,1.2034621238708496,1.810974359512329,103.56;-178.96,g+/p180,43.56;1.04,False,1.9233931057851883,OD2--B:LYS115:N,6.958796403118124,"OD2--sym1[1,1,0]/A:HOH30:O",0.3700569272041321,OD1--B:HOH54:O:2.34A;OD2--B:GLU111:O:2.99A
B_localized_sf,B_ASP114,17,1.2034621238708496,1.810974359512329,103.56;-178.96,g+/p180,43.56;1.04,False,1.9233931057851883,OD2--B:LYS115:N,6.958796403118124,"OD2--sym1[1,1,0]/A:HOH30:O",0.3700569272041321,OD1--B:HOH54:O:2.34A;OD2--B:GLU111:O:2.99A
B_localized_sf,B_ASP114,18,1.2034621238708496,1.810974359512329,103.56;-178.96,g+/p180,43.56;1.04,False,1.9233931057851883,OD2--B:LYS115:N,6.958796403118124,"OD2--sym1[1,1,0]/A:HOH30:O",0.3700569272041321,OD1--B:HOH54:O:2.34A;OD2--B:GLU111:O:2.99A
B_localized_sf,B_ASP114,19,1.2034621238708496,1.810974359512329,103.56;-178.96,g+/p180,43.56;1.04,False,1.9233931057851883,OD2--B:LYS115:N,6.958796403118124,"OD2--sym1[1,1,0]/A:HOH30:O",0.3700569272041321,OD1--B:HOH54:O:2.34A;OD2--B:GLU111:O:2.99A
B_localized_sf,B_ASP114,20,1.2034621238708496,1.810974359512329,103.56;-178.96,g+/p180,43.56;1.04,False,1.9233931057851883,OD2--B:LYS115:N,6.958796403118124,"OD2--sym1[1,1,0]/A:HOH30:O",0.3700569272041321,OD1--B:HOH54:O:2.34A;OD2--B:GLU111:O:2.99A
B_localized_sf,B_ASP114,21,1.2034621238708496,1.810974359512329,103.56;-178.96,g+/p180,43.56;1.04,False,1.9233931057851883,OD2--B:LYS115:N,6.958796403118124,"OD2--sym1[1,1,0]/A:HOH30:O",0.3700569272041321,OD1--B:HOH54:O:2.34A;OD2--B:GLU111:O:2.99A
B_localized_sf,B_ASP114,22,1.2034621238708496,1.810974359512329,103.56;-178.96,g+/p180,43.56;1.04,False,1.9233931057851883,OD2--B:LYS115:N,6.958796403118124,"OD2--sym1[1,1,0]/A:HOH30:O",0.3700569272041321,OD1--B:HOH54:O:2.34A;OD2--B:GLU111:O:2.99A
B_localized_sf,B_ASP114,23,1.2034621238708496,1.810974359512329,103.56;-178.96,g+/p180,43.56;1.04,False,1.9233931057851883,OD2--B:LYS115:N,6.958796403118124,"OD2--sym1[1,1,0]/A:HOH30:O",0.3700569272041321,OD1--B:HOH54:O:2.34A;OD2--B:GLU111:O:2.99A
B_localized_sf,B_ASP114,24,1.2034621238708496,1.810974359512329,103.56;-178.96,g+/p180,43.56;1.04,False,1.9233931057851883,OD2--B:LYS115:N,6.958796403118124,"OD2--sym1[1,1,0]/A:HOH30:O",0.3700569272041321,OD1--B:HOH54:O:2.34A;OD2--B:GLU111:O:2.99A
B_localized_sf,B_ASP114,25,1.2034621238708496,1.810974359512329,103.56;-178.96,g+/p180,43.56;1.04,False,1.9233931057851883,OD2--B:LYS115:N,6.958796403118124,"OD2--sym1[1,1,0]/A:HOH30:O",0.3700569272041321,OD1--B:HOH54:O:2.34A;OD2--B:GLU111:O:2.99A
B_localized_sf,B_ASP114,26,1.2034621238708496,1.810974359512329,103.56;-178.96,g+/p180,43.56;1.04,False,1.9233931057851883,OD2--B:LYS115:N,6.958796403118124,"OD2--sym1[1,1,0]/A:HOH30:O",0.3700569272041321,OD1--B:HOH54:O:2.34A;OD2--B:GLU111:O:2.99A
B_localized_sf,B_ASP114,27,1.2034621238708496,1.810974359512329,103.56;-178.96,g+/p180,43.56;1.04,False,1.9233931057851883,OD2--B:LYS115:N,6.958796403118124,"OD2--sym1[1,1,0]/A:HOH30:O",0.3700569272041321,OD1--B:HOH54:O:2.34A;OD2--B:GLU111:O:2.99A
B_localized_sf,B_ASP114,28,1.2034621238708496,1.810974359512329,103.56;-178.96,g+/p180,43.56;1.04,False,1.9233931057851883,OD2--B:LYS115:N,6.958796403118124,"OD2--sym1[1,1,0]/A:HOH30:O",0.3700569272041321,OD1--B:HOH54:O:2.34A;OD2--B:GLU111:O:2.99A
B_localized_sf,B_ASP114,29,1.2034621238708496,1.810974359512329,103.56;-178.96,g+/p180,43.56;1.04,False,1.9233931057851883,OD2--B:LYS115:N,6.958796403118124,"OD2--sym1[1,1,0]/A:HOH30:O",0.3700569272041321,OD1--B:HOH54:O:2.34A;OD2--B:GLU111:O:2.99A
B_localized_sf,B_ASP114,30,1.2034621238708496,1.810974359512329,103.56;-178.96,g+/p180,43.56;1.04,False,1.9233931057851883,OD2--B:LYS115:N,6.958796403118124,"OD2--sym1[1,1,0]/A:HOH30:O",0.3700569272041321,OD1--B:HOH54:O:2.34A;OD2--B:GLU111:O:2.99A
B_localized_sf,B_ASP114,31,1.2034621238708496,1.810974359512329,103.56;-178.96,g+/p180,43.56;1.04,False,1.9233931057851883,OD2--B:LYS115:N,6.958796403118124,"OD2--sym1[1,1,0]/A:HOH30:O",0.3700569272041321,OD1--B:HOH54:O:2.34A;OD2--B:GLU111:O:2.99A
B_localized_sf,B_ASP114,32,1.2034621238708496,1.810974359512329,103.56;-178.96,g+/p180,43.56;1.04,False,1.9233931057851883,OD2--B:LYS115:N,6.958796403118124,"OD2--sym1[1,1,0]/A:HOH30:O",0.3700569272041321,OD1--B:HOH54:O:2.34A;OD2--B:GLU111:O:2.99A
B_localized_sf,B_ASP114,33,1.2034621238708496,1.810974359512329,103.56;-178.96,g+/p180,43.56;1.04,False,1.9233931057851883,OD2--B:LYS115:N,6.958796403118124,"OD2--sym1[1,1,0]/A:HOH30:O",0.3700569272041321,OD1--B:HOH54:O:2.34A;OD2--B:GLU111:O:2.99A
B_localized_sf,B_ASP114,34,1.2034631967544556,1.810975432395935,103.56;-178.96,g+/p180,43.56;1.04,False,1.9233919272341378,OD2--B:LYS115:N,6.958793512418671,"OD2--sym1[1,1,0]/A:HOH30:O",0.370059996843338,OD1--B:HOH54:O:2.34A;OD2--B:GLU111:O:2.99A
B_localized_sf,B_ASP114,35,1.2034621238708496,1.810974359512329,103.56;-178.96,g+/p180,43.56;1.04,False,1.9233931057851883,OD2--B:LYS115:N,6.958796403118124,"OD2--sym1[1,1,0]/A:HOH30:O",0.3700569272041321,OD1--B:HOH54:O:2.34A;OD2--B:GLU111:O:2.99A
B_localized_sf,B_ASP114,36,1.2034621238708496,1.810974359512329,103.56;-178.96,g+/p180,43.56;1.04,False,1.9233931057851883,OD2--B:LYS115:N,6.958796403118124,"OD2--sym1[1,1,0]/A:HOH30:O",0.3700569272041321,OD1--B:HOH54:O:2.34A;OD2--B:GLU111:O:2.99A
B_localized_sf,B_ASP114,37,1.2034621238708496,1.810974359512329,103.56;-178.96,g+/p180,43.56;1.04,False,1.9233931057851883,OD2--B:LYS115:N,6.958796403118124,"OD2--sym1[1,1,0]/A:HOH30:O",0.3700569272041321,OD1--B:HOH54:O:2.34A;OD2--B:GLU111:O:2.99A
B_localized_sf,B_ASP114,38,1.2034621238708496,1.810974359512329,103.56;-178.96,g+/p180,43.56;1.04,False,1.9233931057851883,OD2--B:LYS115:N,6.958796403118124,"OD2--sym1[1,1,0]/A:HOH30:O",0.3700569272041321,OD1--B:HOH54:O:2.34A;OD2--B:GLU111:O:2.99A
B_localized_sf,B_ASP114,39,1.2034621238708496,1.810974359512329,103.56;-178.96,g+/p180,43.56;1.04,False,1.9233931057851883,OD2--B:LYS115:N,6.958796403118124,"OD2--sym1[1,1,0]/A:HOH30:O",0.3700569272041321,OD1--B:HOH54:O:2.34A;OD2--B:GLU111:O:2.99A
B_localized_sf,B_ASP114,40,1.2034621238708496,1.810974359512329,103.56;-178.96,g+/p180,43.56;1.04,False,1.9233931057851883,OD2--B:LYS115:N,6.958796403118124,"OD2--sym1[1,1,0]/A:HOH30:O",0.3700569272041321,OD1--B:HOH54:O:2.34A;OD2--B:GLU111:O:2.99A
B_localized_sf,B_ASP114,41,1.2034621238708496,1.810974359512329,103.56;-178.96,g+/p180,43.56;1.04,False,1.9233931057851883,OD2--B:LYS115:N,6.958796403118124,"OD2--sym1[1,1,0]/A:HOH30:O",0.3700569272041321,OD1--B:HOH54:O:2.34A;OD2--B:GLU111:O:2.99A
B_localized_sf,B_ASP114,42,1.2034621238708496,1.810974359512329,103.56;-178.96,g+/p180,43.56;1.04,False,1.9233931057851883,OD2--B:LYS115:N,6.958796403118124,"OD2--sym1[1,1,0]/A:HOH30:O",0.3700569272041321,OD1--B:HOH54:O:2.34A;OD2--B:GLU111:O:2.99A
B_localized_sf,B_ASP114,43,1.2034621238708496,1.810974359512329,103.56;-178.96,g+/p180,43.56;1.04,False,1.9233931057851883,OD2--B:LYS115:N,6.958796403118124,"OD2--sym1[1,1,0]/A:HOH30:O",0.3700569272041321,OD1--B:HOH54:O:2.34A;OD2--B:GLU111:O:2.99A
B_localized_sf,B_ASP114,44,1.2034621238708496,1.810974359512329,103.56;-178.96,g+/p180,43.56;1.04,False,1.9233931057851883,OD2--B:LYS115:N,6.958796403118124,"OD2--sym1[1,1,0]/A:HOH30:O",0.3700569272041321,OD1--B:HOH54:O:2.34A;OD2--B:GLU111:O:2.99A
B_localized_sf,B_ASP114,45,1.2034621238708496,1.810974359512329,103.56;-178.96,g+/p180,43.56;1.04,False,1.9233931057851883,OD2--B:LYS115:N,6.958796403118124,"OD2--sym1[1,1,0]/A:HOH30:O",0.3700569272041321,OD1--B:HOH54:O:2.34A;OD2--B:GLU111:O:2.99A
B_localized_sf,B_ASP114,46,1.2034621238708496,1.810974359512329,103.56;-178.96,g+/p180,43.56;1.04,False,1.9233931057851883,OD2--B:LYS115:N,6.958796403118124,"OD2--sym1[1,1,0]/A:HOH30:O",0.3700569272041321,OD1--B:HOH54:O:2.34A;OD2--B:GLU111:O:2.99A
B_localized_sf,B_ASP114,47,1.2034621238708496,1.810974359512329,103.56;-178.96,g+/p180,43.56;1.04,False,1.9233931057851883,OD2--B:LYS115:N,6.958796403118124,"OD2--sym1[1,1,0]/A:HOH30:O",0.3700569272041321,OD1--B:HOH54:O:2.34A;OD2--B:GLU111:O:2.99A
B_localized_sf,B_ASP114,48,1.2034621238708496,1.810974359512329,103.56;-178.96,g+/p180,43.56;1.04,False,1.9233931057851883,OD2--B:LYS115:N,6.958796403118124,"OD2--sym1[1,1,0]/A:HOH30:O",0.3700569272041321,OD1--B:HOH54:O:2.34A;OD2--B:GLU111:O:2.99A
B_localized_sf,B_ASP114,49,1.2034621238708496,1.810974359512329,103.56;-178.96,g+/p180,43.56;1.04,False,1.9233931057851883,OD2--B:LYS115:N,6.958796403118124,"OD2--sym1[1,1,0]/A:HOH30:O",0.3700569272041321,OD1--B:HOH54:O:2.34A;OD2--B:GLU111:O:2.99A
C_realspace_local,B_ASP114,0,0.8054037690162659,1.5098611116409302,126.06;-65.59,t/p0,53.94;65.59,False,2.4712206357419215,OD1--B:LYS115:N,6.213204378916505,"OD2--sym6[0,0,1]/A:ARG129:NH2",0.3033917546272278,OD1--B:LYS115:N:2.47A;OD1--B:GLU111:O:2.99A
C_realspace_local,B_ASP114,1,0.8054038882255554,1.5098609924316406,126.06;-65.59,t/p0,53.94;65.59,False,2.4712206357419215,OD1--B:LYS115:N,6.213204378916505,"OD2--sym6[0,0,1]/A:ARG129:NH2",0.3033917546272278,OD1--B:LYS115:N:2.47A;OD1--B:GLU111:O:2.99A
C_realspace_local,B_ASP114,2,0.8054036498069763,1.509860873222351,126.06;-65.59,t/p0,53.94;65.59,False,2.4712211467216334,OD1--B:LYS115:N,6.213204101706767,"OD2--sym6[0,0,1]/A:ARG129:NH2",0.30339235067367554,OD1--B:LYS115:N:2.47A;OD1--B:GLU111:O:2.99A
C_realspace_local,B_ASP114,3,0.8054041266441345,1.5098609924316406,126.06;-65.59,t/p0,53.94;65.59,False,2.4712206357419215,OD1--B:LYS115:N,6.213204101706767,"OD2--sym6[0,0,1]/A:ARG129:NH2",0.3033929765224457,OD1--B:LYS115:N:2.47A;OD1--B:GLU111:O:2.99A
C_realspace_local,B_ASP114,4,0.8054035305976868,1.5098603963851929,126.06;-65.59,t/p0,53.94;65.59,False,2.471219537173478,OD1--B:LYS115:N,6.213203049495652,"OD2--sym6[0,0,1]/A:ARG129:NH2",0.3033888638019562,OD1--B:LYS115:N:2.47A;OD1--B:GLU111:O:2.99A
C_realspace_local,B_ASP114,5,0.8054042458534241,1.509860873222351,126.06;-65.59,t/p0,53.94;65.59,False,2.4712206357419215,OD1--B:LYS115:N,6.213204101706767,"OD2--sym6[0,0,1]/A:ARG129:NH2",0.3033929765224457,OD1--B:LYS115:N:2.47A;OD1--B:GLU111:O:2.99A
C_realspace_local,B_ASP114,6,0.8054039478302002,1.5098612308502197,126.06;-65.59,t/p0,53.94;65.59,False,2.4712206357419215,OD1--B:LYS115:N,6.213204101706767,"OD2--sym6[0,0,1]/A:ARG129:NH2",0.3033929765224457,OD1--B:LYS115:N:2.47A;OD1--B:GLU111:O:2.99A
C_realspace_local,B_ASP114,7,0.8054039478302002,1.5098612308502197,126.06;-65.59,t/p0,53.94;65.59,False,2.4712206357419215,OD1--B:LYS115:N,6.213204101706767,"OD2--sym6[0,0,1]/A:ARG129:NH2",0.3033929765224457,OD1--B:LYS115:N:2.47A;OD1--B:GLU111:O:2.99A
C_realspace_local,B_ASP114,8,0.8054035305976868,1.5098603963851929,126.06;-65.59,t/p0,53.94;65.59,False,2.471219537173478,OD1--B:LYS115:N,6.213203049495652,"OD2--sym6[0,0,1]/A:ARG129:NH2",0.3033888638019562,OD1--B:LYS115:N:2.47A;OD1--B:GLU111:O:2.99A
C_realspace_local,B_ASP114,9,0.8054039478302002,1.5098612308502197,126.06;-65.59,t/p0,53.94;65.59,False,2.4712206357419215,OD1--B:LYS115:N,6.213204101706767,"OD2--sym6[0,0,1]/A:ARG129:NH2",0.3033929765224457,OD1--B:LYS115:N:2.47A;OD1--B:GLU111:O:2.99A
C_realspace_local,B_ASP114,10,0.8054041266441345,1.5098609924316406,126.06;-65.59,t/p0,53.94;65.59,False,2.4712206357419215,OD1--B:LYS115:N,6.213204101706767,"OD2--sym6[0,0,1]/A:ARG129:NH2",0.3033929765224457,OD1--B:LYS115:N:2.47A;OD1--B:GLU111:O:2.99A
C_realspace_local,B_ASP114,11,0.8054042458534241,1.509860873222351,126.06;-65.59,t/p0,53.94;65.59,False,2.4712206357419215,OD1--B:LYS115:N,6.213204101706767,"OD2--sym6[0,0,1]/A:ARG129:NH2",0.3033929765224457,OD1--B:LYS115:N:2.47A;OD1--B:GLU111:O:2.99A
C_realspace_local,B_ASP114,12,0.8054036498069763,1.5098602771759033,126.06;-65.59,t/p0,53.94;65.59,False,2.4712211467216334,OD1--B:LYS115:N,6.213202772286441,"OD2--sym6[0,0,1]/A:ARG129:NH2",0.30339038372039795,OD1--B:LYS115:N:2.47A;OD1--B:GLU111:O:2.99A
C_realspace_local,B_ASP114,13,0.8054037690162659,1.509860634803772,126.06;-65.59,t/p0,53.94;65.59,False,2.4712211467216334,OD1--B:LYS115:N,6.213204101706767,"OD2--sym6[0,0,1]/A:ARG129:NH2",0.30339235067367554,OD1--B:LYS115:N:2.47A;OD1--B:GLU111:O:2.99A
C_realspace_local,B_ASP114,14,0.8054037690162659,1.5098611116409302,126.06;-65.59,t/p0,53.94;65.59,False,2.4712206357419215,OD1--B:LYS115:N,6.213204378916505,"OD2--sym6[0,0,1]/A:ARG129:NH2",0.3033917546272278,OD1--B:LYS115:N:2.47A;OD1--B:GLU111:O:2.99A
C_realspace_local,B_ASP114,15,0.8054037690162659,1.509860634803772,126.06;-65.59,t/p0,53.94;65.59,False,2.471219537173478,OD1--B:LYS115:N,6.213204101706767,"OD2--sym6[0,0,1]/A:ARG129:NH2",0.30339109897613525,OD1--B:LYS115:N:2.47A;OD1--B:GLU111:O:2.99A
C_realspace_local,B_ASP114,16,0.8054038882255554,1.5098609924316406,126.06;-65.59,t/p0,53.94;65.59,False,2.4712206357419215,OD1--B:LYS115:N,6.213204378916505,"OD2--sym6[0,0,1]/A:ARG129:NH2",0.3033917546272278,OD1--B:LYS115:N:2.47A;OD1--B:GLU111:O:2.99A
C_realspace_local,B_ASP114,17,0.8054035305976868,1.5098603963851929,126.06;-65.59,t/p0,53.94;65.59,False,2.471219537173478,OD1--B:LYS115:N,6.213203049495652,"OD2--sym6[0,0,1]/A:ARG129:NH2",0.3033888638019562,OD1--B:LYS115:N:2.47A;OD1--B:GLU111:O:2.99A
C_realspace_local,B_ASP114,18,0.8054035305976868,1.5098603963851929,126.06;-65.59,t/p0,53.94;65.59,False,2.471219537173478,OD1--B:LYS115:N,6.213203049495652,"OD2--sym6[0,0,1]/A:ARG129:NH2",0.3033888638019562,OD1--B:LYS115:N:2.47A;OD1--B:GLU111:O:2.99A
C_realspace_local,B_ASP114,19,0.8054037690162659,1.509860634803772,126.06;-65.59,t/p0,53.94;65.59,False,2.471219537173478,OD1--B:LYS115:N,6.213204101706767,"OD2--sym6[0,0,1]/A:ARG129:NH2",0.30339109897613525,OD1--B:LYS115:N:2.47A;OD1--B:GLU111:O:2.99A
C_realspace_local,B_ASP114,20,0.8054038882255554,1.5098609924316406,126.06;-65.59,t/p0,53.94;65.59,False,2.4712206357419215,OD1--B:LYS115:N,6.213204378916505,"OD2--sym6[0,0,1]/A:ARG129:NH2",0.3033917546272278,OD1--B:LYS115:N:2.47A;OD1--B:GLU111:O:2.99A
C_realspace_local,B_ASP114,21,0.8054036498069763,1.5098602771759033,126.06;-65.59,t/p0,53.94;65.59,False,2.4712206357419215,OD1--B:LYS115:N,6.213203049495652,"OD2--sym6[0,0,1]/A:ARG129:NH2",0.3033907413482666,OD1--B:LYS115:N:2.47A;OD1--B:GLU111:O:2.99A
C_realspace_local,B_ASP114,22,0.8054036498069763,1.509860873222351,126.06;-65.59,t/p0,53.94;65.59,False,2.4712211467216334,OD1--B:LYS115:N,6.213204101706767,"OD2--sym6[0,0,1]/A:ARG129:NH2",0.30339235067367554,OD1--B:LYS115:N:2.47A;OD1--B:GLU111:O:2.99A
C_realspace_local,B_ASP114,23,0.8054039478302002,1.5098612308502197,126.06;-65.59,t/p0,53.94;65.59,False,2.4712206357419215,OD1--B:LYS115:N,6.213204101706767,"OD2--sym6[0,0,1]/A:ARG129:NH2",0.3033929765224457,OD1--B:LYS115:N:2.47A;OD1--B:GLU111:O:2.99A
C_realspace_local,B_ASP114,24,0.8054036498069763,1.5098602771759033,126.06;-65.59,t/p0,53.94;65.59,False,2.4712211467216334,OD1--B:LYS115:N,6.213203049495652,"OD2--sym6[0,0,1]/A:ARG129:NH2",0.30339011549949646,OD1--B:LYS115:N:2.47A;OD1--B:GLU111:O:2.99A
C_realspace_local,B_ASP114,25,0.8054039478302002,1.5098612308502197,126.06;-65.59,t/p0,53.94;65.59,False,2.4712206357419215,OD1--B:LYS115:N,6.213204101706767,"OD2--sym6[0,0,1]/A:ARG129:NH2",0.3033929765224457,OD1--B:LYS115:N:2.47A;OD1--B:GLU111:O:2.99A
C_realspace_local,B_ASP114,26,0.8054039478302002,1.5098612308502197,126.06;-65.59,t/p0,53.94;65.59,False,2.4712206357419215,OD1--B:LYS115:N,6.213204101706767,"OD2--sym6[0,0,1]/A:ARG129:NH2",0.3033929765224457,OD1--B:LYS115:N:2.47A;OD1--B:GLU111:O:2.99A
C_realspace_local,B_ASP114,27,0.8054039478302002,1.5098612308502197,126.06;-65.59,t/p0,53.94;65.59,False,2.4712206357419215,OD1--B:LYS115:N,6.213204101706767,"OD2--sym6[0,0,1]/A:ARG129:NH2",0.3033929765224457,OD1--B:LYS115:N:2.47A;OD1--B:GLU111:O:2.99A
C_realspace_local,B_ASP114,28,0.8054037690162659,1.509860634803772,126.06;-65.59,t/p0,53.94;65.59,False,2.4712211467216334,OD1--B:LYS115:N,6.213204101706767,"OD2--sym6[0,0,1]/A:ARG129:NH2",0.30339235067367554,OD1--B:LYS115:N:2.47A;OD1--B:GLU111:O:2.99A
C_realspace_local,B_ASP114,29,0.8054037690162659,1.509860634803772,126.06;-65.59,t/p0,53.94;65.59,False,2.471219537173478,OD1--B:LYS115:N,6.213204101706767,"OD2--sym6[0,0,1]/A:ARG129:NH2",0.30339109897613525,OD1--B:LYS115:N:2.47A;OD1--B:GLU111:O:2.99A
C_realspace_local,B_ASP114,30,0.8054039478302002,1.5098612308502197,126.06;-65.59,t/p0,53.94;65.59,False,2.4712206357419215,OD1--B:LYS115:N,6.213204101706767,"OD2--sym6[0,0,1]/A:ARG129:NH2",0.3033929765224457,OD1--B:LYS115:N:2.47A;OD1--B:GLU111:O:2.99A
C_realspace_local,B_ASP114,31,0.8054035305976868,1.5098603963851929,126.06;-65.59,t/p0,53.94;65.59,False,2.4712206357419215,OD1--B:LYS115:N,6.213203049495652,"OD2--sym6[0,0,1]/A:ARG129:NH2",0.3033907413482666,OD1--B:LYS115:N:2.47A;OD1--B:GLU111:O:2.99A
C_realspace_local,B_ASP114,32,0.8054036498069763,1.509860873222351,126.06;-65.59,t/p0,53.94;65.59,False,2.4712211467216334,OD1--B:LYS115:N,6.213204101706767,"OD2--sym6[0,0,1]/A:ARG129:NH2",0.30339235067367554,OD1--B:LYS115:N:2.47A;OD1--B:GLU111:O:2.99A
C_realspace_local,B_ASP114,33,0.8054041266441345,1.5098609924316406,126.06;-65.59,t/p0,53.94;65.59,False,2.4712206357419215,OD1--B:LYS115:N,6.213204101706767,"OD2--sym6[0,0,1]/A:ARG129:NH2",0.3033929765224457,OD1--B:LYS115:N:2.47A;OD1--B:GLU111:O:2.99A
C_realspace_local,B_ASP114,34,0.8054039478302002,1.5098612308502197,126.06;-65.59,t/p0,53.94;65.59,False,2.4712206357419215,OD1--B:LYS115:N,6.213204101706767,"OD2--sym6[0,0,1]/A:ARG129:NH2",0.3033929765224457,OD1--B:LYS115:N:2.47A;OD1--B:GLU111:O:2.99A
C_realspace_local,B_ASP114,35,0.8054037690162659,1.509860634803772,126.06;-65.59,t/p0,53.94;65.59,False,2.4712211467216334,OD1--B:LYS115:N,6.213204101706767,"OD2--sym6[0,0,1]/A:ARG129:NH2",0.30339235067367554,OD1--B:LYS115:N:2.47A;OD1--B:GLU111:O:2.99A
C_realspace_local,B_ASP114,36,0.8054039478302002,1.5098612308502197,126.06;-65.59,t/p0,53.94;65.59,False,2.4712206357419215,OD1--B:LYS115:N,6.213204101706767,"OD2--sym6[0,0,1]/A:ARG129:NH2",0.3033929765224457,OD1--B:LYS115:N:2.47A;OD1--B:GLU111:O:2.99A
C_realspace_local,B_ASP114,37,0.8054039478302002,1.5098612308502197,126.06;-65.59,t/p0,53.94;65.59,False,2.4712206357419215,OD1--B:LYS115:N,6.213204101706767,"OD2--sym6[0,0,1]/A:ARG129:NH2",0.3033929765224457,OD1--B:LYS115:N:2.47A;OD1--B:GLU111:O:2.99A
C_realspace_local,B_ASP114,38,0.8054039478302002,1.5098612308502197,126.06;-65.59,t/p0,53.94;65.59,False,2.4712206357419215,OD1--B:LYS115:N,6.213204101706767,"OD2--sym6[0,0,1]/A:ARG129:NH2",0.3033929765224457,OD1--B:LYS115:N:2.47A;OD1--B:GLU111:O:2.99A
C_realspace_local,B_ASP114,39,0.8054037690162659,1.509860634803772,126.06;-65.59,t/p0,53.94;65.59,False,2.4712211467216334,OD1--B:LYS115:N,6.213204101706767,"OD2--sym6[0,0,1]/A:ARG129:NH2",0.30339235067367554,OD1--B:LYS115:N:2.47A;OD1--B:GLU111:O:2.99A
C_realspace_local,B_ASP114,40,0.8054037690162659,1.509860634803772,126.06;-65.59,t/p0,53.94;65.59,False,2.4712211467216334,OD1--B:LYS115:N,6.213204101706767,"OD2--sym6[0,0,1]/A:ARG129:NH2",0.30339235067367554,OD1--B:LYS115:N:2.47A;OD1--B:GLU111:O:2.99A
C_realspace_local,B_ASP114,41,0.8054037690162659,1.509860634803772,126.06;-65.59,t/p0,53.94;65.59,False,2.471219537173478,OD1--B:LYS115:N,6.213204101706767,"OD2--sym6[0,0,1]/A:ARG129:NH2",0.30339109897613525,OD1--B:LYS115:N:2.47A;OD1--B:GLU111:O:2.99A
C_realspace_local,B_ASP114,42,0.8054039478302002,1.5098612308502197,126.06;-65.59,t/p0,53.94;65.59,False,2.4712206357419215,OD1--B:LYS115:N,6.213204101706767,"OD2--sym6[0,0,1]/A:ARG129:NH2",0.3033929765224457,OD1--B:LYS115:N:2.47A;OD1--B:GLU111:O:2.99A
C_realspace_local,B_ASP114,43,0.8054039478302002,1.5098612308502197,126.06;-65.59,t/p0,53.94;65.59,False,2.4712206357419215,OD1--B:LYS115:N,6.213204101706767,"OD2--sym6[0,0,1]/A:ARG129:NH2",0.3033929765224457,OD1--B:LYS115:N:2.47A;OD1--B:GLU111:O:2.99A
C_realspace_local,B_ASP114,44,0.8054039478302002,1.5098612308502197,126.06;-65.59,t/p0,53.94;65.59,False,2.4712206357419215,OD1--B:LYS115:N,6.213204101706767,"OD2--sym6[0,0,1]/A:ARG129:NH2",0.3033929765224457,OD1--B:LYS115:N:2.47A;OD1--B:GLU111:O:2.99A
C_realspace_local,B_ASP114,45,0.8054039478302002,1.5098612308502197,126.06;-65.59,t/p0,53.94;65.59,False,2.4712206357419215,OD1--B:LYS115:N,6.213204101706767,"OD2--sym6[0,0,1]/A:ARG129:NH2",0.3033929765224457,OD1--B:LYS115:N:2.47A;OD1--B:GLU111:O:2.99A
C_realspace_local,B_ASP114,46,0.8054035305976868,1.5098603963851929,126.06;-65.59,t/p0,53.94;65.59,False,2.471219537173478,OD1--B:LYS115:N,6.213203049495652,"OD2--sym6[0,0,1]/A:ARG129:NH2",0.3033888638019562,OD1--B:LYS115:N:2.47A;OD1--B:GLU111:O:2.99A
C_realspace_local,B_ASP114,47,0.8054035902023315,1.5098611116409302,126.06;-65.59,t/p0,53.94;65.59,False,2.471224182540626,OD1--B:LYS115:N,6.213203326705436,"OD2--sym6[0,0,1]/A:ARG129:NH2",0.30338388681411743,OD1--B:LYS115:N:2.47A;OD1--B:GLU111:O:2.99A
C_realspace_local,B_ASP114,48,0.8054035305976868,1.5098603963851929,126.06;-65.59,t/p0,53.94;65.59,False,2.471219537173478,OD1--B:LYS115:N,6.213203049495652,"OD2--sym6[0,0,1]/A:ARG129:NH2",0.3033888638019562,OD1--B:LYS115:N:2.47A;OD1--B:GLU111:O:2.99A
C_realspace_local,B_ASP114,49,0.8054038286209106,1.5098620653152466,126.06;-65.59,t/p0,53.94;65.59,False,2.471225792087228,OD1--B:LYS115:N,6.213199165050642,"OD2--sym6[0,0,1]/A:ARG129:NH2",0.3033857047557831,OD1--B:LYS115:N:2.47A;OD1--B:GLU111:O:2.99A
A_synthetic_fobs,B_ARG129,0,2.0787105560302734,1.577453374862671,-56.05;-76.32;-63.71;178.62,g-/g-/g-/p-180,3.95;16.32;3.71;1.38,True,2.9358397569408288,CG--B:GLU125:O,1.0177508744627786,"NH1--sym6[0,0,1]/A:THR118:CG2",0.2127063125371933,
A_synthetic_fobs,B_ARG129,1,2.076385021209717,1.5773617029190063,-56.05;-76.32;-63.71;179.27,g-/g-/g-/p180,3.95;16.32;3.71;0.73,True,2.935788705573274,CG--B:GLU125:O,1.024433394414276,"NH1--sym6[0,0,1]/A:THR118:CG2",0.21443495154380798,
A_synthetic_fobs,B_ARG129,2,2.0789990425109863,1.5774738788604736,-56.05;-76.32;-63.71;178.54,g-/g-/g-/p180,3.95;16.32;3.71;1.46,True,2.935841792877932,CG--B:GLU125:O,1.0169747738035695,"NH1--sym6[0,0,1]/A:THR118:CG2",0.21248212456703186,
A_synthetic_fobs,B_ARG129,3,2.0770745277404785,1.5773934125900269,-56.05;-76.32;-63.71;179.08,g-/g-/g-/p180,3.95;16.32;3.71;0.92,True,2.9358047161902183,CG--B:GLU125:O,1.0224070413619566,"NH1--sym6[0,0,1]/A:THR118:CG2",0.21391530334949493,
A_synthetic_fobs,B_ARG129,4,2.076753616333008,1.5773732662200928,-56.05;-76.32;-63.71;179.17,g-/g-/g-/p180,3.95;16.32;3.71;0.83,True,2.935803690288718,CG--B:GLU125:O,1.023331104771347,"NH1--sym6[0,0,1]/A:THR118:CG2",0.21415792405605316,
A_synthetic_fobs,B_ARG129,5,2.0767922401428223,1.5773768424987793,-56.05;-76.32;-63.71;179.16,g-/g-/g-/p-180,3.95;16.32;3.71;0.84,True,2.935803690288718,CG--B:GLU125:O,1.0232188498861206,"NH1--sym6[0,0,1]/A:THR118:CG2",0.21413064002990723,
A_synthetic_fobs,B_ARG129,6,2.076857328414917,1.5773829221725464,-56.05;-76.32;-63.71;179.14,g-/g-/g-/p-180,3.95;16.32;3.71;0.86,True,2.9358026802686052,CG--B:GLU125:O,1.0230642761496698,"NH1--sym6[0,0,1]/A:THR118:CG2",0.21407552063465118,
A_synthetic_fobs,B_ARG129,7,2.0761988162994385,1.5773371458053589,-56.05;-76.32;-63.71;179.32,g-/g-/g-/p180,3.95;16.32;3.71;0.68,True,2.935799623752274,CG--B:GLU125:O,1.0249440468094986,"NH1--sym6[0,0,1]/A:THR118:CG2",0.214585542678833,
A_synthetic_fobs,B_ARG129,8,2.0734925270080566,1.5772075653076172,-56.04;-76.32;-63.71;-179.93,g-/g-/g-/p180,3.96;16.32;3.71;0.07,True,2.935732583061847,CG--B:GLU125:O,1.0334516728651792,"NH1--sym6[0,0,1]/A:THR118:CG2",0.21659015119075775,
A_synthetic_fobs,B_ARG129,9,2.0780158042907715,1.5774261951446533,-56.05;-76.32;-63.71;178.81,g-/g-/g-/p180,3.95;16.32;3.71;1.19,True,2.935823756888462,CG--B:GLU125:O,1.0196981976240609,"NH1--sym6[0,0,1]/A:THR118:CG2",0.21322403848171234,
A_synthetic_fobs,B_ARG129,10,2.076808214187622,1.577377200126648,-56.05;-76.32;-63.71;179.15,g-/g-/g-/p-180,3.95;16.32;3.71;0.85,True,2.935803690288718,CG--B:GLU125:O,1.0231631016173237,"NH1--sym6[0,0,1]/A:THR118:CG2",0.21411991119384766,
A_synthetic_fobs,B_ARG129,11,2.076852560043335,1.5773823261260986,-56.05;-76.32;-63.71;179.14,g-/g-/g-/p-180,3.95;16.32;3.71;0.86,True,2.9358026802686052,CG--B:GLU125:O,1.0230635940922093,"NH1--sym6[0,0,1]/A:THR118:CG2",0.2140801101922989,
A_synthetic_fobs,B_ARG129,12,2.0784311294555664,1.5774551630020142,-56.05;-76.32;-63.71;178.70,g-/g-/g-/p180,3.95;16.32;3.71;1.30,True,2.935824788098098,CG--B:GLU125:O,1.0185637275959694,"NH1--sym6[0,0,1]/A:THR118:CG2",0.21290628612041473,
A_synthetic_fobs,B_ARG129,13,2.0761637687683105,1.5773338079452515,-56.05;-76.32;-63.71;179.33,g-/g-/g-/p180,3.95;16.32;3.71;0.67,True,2.935799618460935,CG--B:GLU125:O,1.0250591320758315,"NH1--sym6[0,0,1]/A:THR118:CG2",0.21460922062397003,
A_synthetic_fobs,B_ARG129,14,2.076542854309082,1.5773725509643555,-56.05;-76.32;-63.71;179.23,g-/g-/g-/p-180,3.95;16.32;3.71;0.77,True,2.935788716157541,CG--B:GLU125:O,1.0239907322466208,"NH1--sym6[0,0,1]/A:THR118:CG2",0.2143096625804901,
A_synthetic_fobs,B_ARG129,15,2.0775043964385986,1.577414631843567,-56.05;-76.32;-63.71;178.96,g-/g-/g-/p180,3.95;16.32;3.71;1.04,True,2.93580674682343,CG--B:GLU125:O,1.0211736019640842,"NH1--sym6[0,0,1]/A:THR118:CG2",0.21359457075595856,
A_synthetic_fobs,B_ARG129,16,2.0774991512298584,1.5774152278900146,-56.05;-76.32;-63.71;178.96,g-/g-/g-/p180,3.95;16.32;3.71;1.04,True,2.93580674682343,CG--B:GLU125:O,1.0211999247815642,"NH1--sym6[0,0,1]/A:THR118:CG2",0.21359528601169586,
A_synthetic_fobs,B_ARG129,17,2.077364683151245,1.5774089097976685,-56.05;-76.32;-63.71;179.00,g-/g-/g-/p180,3.95;16.32;3.71;1.00,True,2.9358057315062256,CG--B:GLU125:O,1.0215845522887925,"NH1--sym6[0,0,1]/A:THR118:CG2",0.2136988490819931,
A_synthetic_fobs,B_ARG129,18,2.076550006866455,1.5773730278015137,-56.05;-76.32;-63.71;179.22,g-/g-/g-/p180,3.95;16.32;3.71;0.78,True,2.935788716157541,CG--B:GLU125:O,1.0239652717688754,"NH1--sym6[0,0,1]/A:THR118:CG2",0.21430513262748718,
A_synthetic_fobs,B_ARG129,19,2.0769755840301514,1.577388048171997,-56.05;-76.32;-63.71;179.11,g-/g-/g-/p-180,3.95;16.32;3.71;0.89,True,2.9358047056029113,CG--B:GLU125:O,1.0227022282318765,"NH1--sym6[0,0,1]/A:THR118:CG2",0.2139899879693985,
A_synthetic_fobs,B_ARG129,20,2.07728910446167,1.57740318775177,-56.05;-76.32;-63.71;179.02,g-/g-/g-/p180,3.95;16.32;3.71;0.98,True,2.9358057315062256,CG--B:GLU125:O,1.02180185808497,"NH1--sym6[0,0,1]/A:THR118:CG2",0.21375416219234467,
A_synthetic_fobs,B_ARG129,21,2.077737331390381,1.5774133205413818,-56.05;-76.32;-63.71;178.89,g-/g-/g-/p180,3.95;16.32;3.71;1.11,True,2.935820710938572,CG--B:GLU125:O,1.0204798198403475,"NH1--sym6[0,0,1]/A:THR118:CG2",0.21342717111110687,
A_synthetic_fobs,B_ARG129,22,2.0770368576049805,1.577392578125,-56.05;-76.32;-63.71;179.09,g-/g-/g-/p180,3.95;16.32;3.71;0.91,True,2.93580471089641,CG--B:GLU125:O,1.0225219501769842,"NH1--sym6[0,0,1]/A:THR118:CG2",0.2139415442943573,
A_synthetic_fobs,B_ARG129,23,2.076894760131836,1.5773842334747314,-56.05;-76.32;-63.71;179.13,g-/g-/g-/p180,3.95;16.32;3.71;0.87,True,2.935802685561798,CG--B:GLU125:O,1.022947785360758,"NH1--sym6[0,0,1]/A:THR118:CG2",0.21404875814914703,
A_synthetic_fobs,B_ARG129,24,2.079435348510742,1.5774931907653809,-56.05;-76.32;-63.71;178.41,g-/g-/g-/p-180,3.95;16.32;3.71;1.59,True,2.9358438288213686,CG--B:GLU125:O,1.0157956525157497,"NH1--sym6[0,0,1]/A:THR118:CG2",0.2121644914150238,
A_synthetic_fobs,B_ARG129,25,2.075190782546997,1.577285885810852,-56.04;-76.32;-63.71;179.60,g-/g-/g-/p180,3.96;16.32;3.71;0.40,True,2.935780577801927,CG--B:GLU125:O,1.0280226988254186,"NH1--sym6[0,0,1]/A:THR118:CG2",0.21533584594726562,
A_synthetic_fobs,B_ARG129,26,2.0772995948791504,1.5774052143096924,-56.05;-76.32;-63.71;179.02,g-/g-/g-/p-180,3.95;16.32;3.71;0.98,True,2.9358057315062256,CG--B:GLU125:O,1.0217593652351697,"NH1--sym6[0,0,1]/A:THR118:CG2",0.21374717354774475,
A_synthetic_fobs,B_ARG129,27,2.077564239501953,1.577418565750122,-56.05;-76.32;-63.71;178.94,g-/g-/g-/p180,3.95;16.32;3.71;1.06,True,2.9358077621418333,CG--B:GLU125:O,1.020991914792826,"NH1--sym6[0,0,1]/A:THR118:CG2",0.21354900300502777,
A_synthetic_fobs,B_ARG129,28,2.076343536376953,1.5773589611053467,-56.05;-76.32;-63.71;179.28,g-/g-/g-/p180,3.95;16.32;3.71;0.72,True,2.935788705573274,CG--B:GLU125:O,1.024546412773635,"NH1--sym6[0,0,1]/A:THR118:CG2",0.21447038650512695,
A_synthetic_fobs,B_ARG129,29,2.080106735229492,1.5775073766708374,-56.05;-76.32;-63.71;178.22,g-/g-/g-/p180,3.95;16.32;3.71;1.78,True,2.9358608495120624,CG--B:GLU125:O,1.0139872427360916,"NH1--sym6[0,0,1]/A:THR118:CG2",0.2116774171590805,
A_synthetic_fobs,B_ARG129,30,2.0770041942596436,1.5773886442184448,-56.05;-76.32;-63.71;179.10,g-/g-/g-/p180,3.95;16.32;3.71;0.90,True,2.93580471089641,CG--B:GLU125:O,1.0226063929556666,"NH1--sym6[0,0,1]/A:THR118:CG2",0.21397142112255096,
A_synthetic_fobs,B_ARG129,31,2.0763533115386963,1.577358365058899,-56.05;-76.32;-63.71;179.28,g-/g-/g-/p-180,3.95;16.32;3.71;0.72,True,2.935788705573274,CG--B:GLU125:O,1.0245368021819978,"NH1--sym6[0,0,1]/A:THR118:CG2",0.21445897221565247,
A_synthetic_fobs,B_ARG129,32,2.094223976135254,1.5775327682495117,-56.06;-76.32;-63.72;173.92,g-/g-/g-/p180,3.94;16.32;3.72;6.08,True,2.936108497834982,CG--B:GLU125:O,0.989219155394814,"NH1--sym6[0,0,1]/A:THR118:CG2",0.201507568359375,
A_synthetic_fobs,B_ARG129,33,2.0767831802368164,1.5773767232894897,-56.05;-76.32;-63.71;179.16,g-/g-/g-/p180,3.95;16.32;3.71;0.84,True,2.935803690288718,CG--B:GLU125:O,1.023248706208927,"NH1--sym6[0,0,1]/A:THR118:CG2",0.21413305401802063,
A_synthetic_fobs,B_ARG129,34,2.075618028640747,1.5773146152496338,-56.04;-76.32;-63.71;179.48,g-/g-/g-/p-180,3.96;16.32;3.71;0.52,True,2.9357826084146597,CG--B:GLU125:O,1.0267190950102676,"NH1--sym6[0,0,1]/A:THR118:CG2",0.21501398086547852,
A_synthetic_fobs,B_ARG129,35,2.078726291656494,1.5774539709091187,-56.05;-76.32;-63.71;178.61,g-/g-/g-/p180,3.95;16.32;3.71;1.39,True,2.9358397569408288,CG--B:GLU125:O,1.0176855686246766,"NH1--sym6[0,0,1]/A:THR118:CG2",0.21269802749156952,
A_synthetic_fobs,B_ARG129,36,2.0778775215148926,1.5774201154708862,-56.05;-76.32;-63.71;178.85,g-/g-/g-/p-180,3.95;16.32;3.71;1.15,True,2.935822741570634,CG--B:GLU125:O,1.0200911007627462,"NH1--sym6[0,0,1]/A:THR118:CG2",0.2133219689130783,
A_synthetic_fobs,B_ARG129,37,2.0783348083496094,1.5774492025375366,-56.05;-76.32;-63.71;178.73,g-/g-/g-/p180,3.95;16.32;3.71;1.27,True,2.935824777504048,CG--B:GLU125:O,1.018814038847549,"NH1--sym6[0,0,1]/A:THR118:CG2",0.212982177734375,
A_synthetic_fobs,B_ARG129,38,2.077437162399292,1.57741117477417,-56.05;-76.32;-63.71;178.98,g-/g-/g-/p180,3.95;16.32;3.71;1.02,True,2.93580674682343,CG--B:GLU125:O,1.0213774044795714,"NH1--sym6[0,0,1]/A:THR118:CG2",0.21364596486091614,
A_synthetic_fobs,B_ARG129,39,2.0777339935302734,1.577412724494934,-56.05;-76.32;-63.71;178.89,g-/g-/g-/p180,3.95;16.32;3.71;1.11,True,2.935820710938572,CG--B:GLU125:O,1.0204902128801634,"NH1--sym6[0,0,1]/A:THR118:CG2",0.21343033015727997,
A_synthetic_fobs,B_ARG129,40,2.0852417945861816,1.5776252746582031,-56.05;-76.32;-63.71;176.72,g-/g-/g-/p180,3.95;16.32;3.71;3.28,True,2.9359550699697516,CG--B:GLU125:O,1.0020095431323224,"NH1--sym6[0,0,1]/A:THR118:CG2",0.20790614187717438,
A_synthetic_fobs,B_ARG129,41,2.0770606994628906,1.5773944854736328,-56.05;-76.32;-63.71;179.08,g-/g-/g-/p180,3.95;16.32;3.71;0.92,True,2.9358047161902183,CG--B:GLU125:O,1.0224471649674474,"NH1--sym6[0,0,1]/A:THR118:CG2",0.21392615139484406,
A_synthetic_fobs,B_ARG129,42,2.077650547027588,1.577420949935913,-56.05;-76.32;-63.71;178.92,g-/g-/g-/p180,3.95;16.32;3.71;1.08,True,2.9358087774614336,CG--B:GLU125:O,1.020761641621882,"NH1--sym6[0,0,1]/A:THR118:CG2",0.21348531544208527,
A_synthetic_fobs,B_ARG129,43,2.07881236076355,1.5774590969085693,-56.05;-76.32;-63.71;178.59,g-/g-/g-/p180,3.95;16.32;3.71;1.41,True,2.935839762238601,CG--B:GLU125:O,1.0174619065373278,"NH1--sym6[0,0,1]/A:THR118:CG2",0.2126341313123703,
A_synthetic_fobs,B_ARG129,44,2.078244924545288,1.577439546585083,-56.05;-76.32;-63.71;178.75,g-/g-/g-/p180,3.95;16.32;3.71;1.25,True,2.935824777504048,CG--B:GLU125:O,1.0190523598395502,"NH1--sym6[0,0,1]/A:THR118:CG2",0.21305033564567566,
A_synthetic_fobs,B_ARG129,45,2.075892448425293,1.5773183107376099,-56.05;-76.32;-63.71;179.41,g-/g-/g-/p-180,3.95;16.32;3.71;0.59,True,2.9357975878469564,CG--B:GLU125:O,1.02584786250947,"NH1--sym6[0,0,1]/A:THR118:CG2",0.2148149460554123,
A_synthetic_fobs,B_ARG129,46,2.0772814750671387,1.5774022340774536,-56.05;-76.32;-63.71;179.02,g-/g-/g-/p180,3.95;16.32;3.71;0.98,True,2.9358057315062256,CG--B:GLU125:O,1.0218201470793973,"NH1--sym6[0,0,1]/A:THR118:CG2",0.21376189589500427,
A_synthetic_fobs,B_ARG129,47,2.077214479446411,1.5773990154266357,-56.05;-76.32;-63.71;179.04,g-/g-/g-/p180,3.95;16.32;3.71;0.96,True,2.935806730941087,CG--B:GLU125:O,1.0219968153098626,"NH1--sym6[0,0,1]/A:THR118:CG2",0.2138143926858902,
A_synthetic_fobs,B_ARG129,48,2.077153444290161,1.5773975849151611,-56.05;-76.32;-63.71;179.06,g-/g-/g-/p-180,3.95;16.32;3.71;0.94,True,2.9358047161902183,CG--B:GLU125:O,1.0221820527119851,"NH1--sym6[0,0,1]/A:THR118:CG2",0.21385499835014343,
A_synthetic_fobs,B_ARG129,49,2.0802834033966064,1.5775161981582642,-56.05;-76.32;-63.71;178.17,g-/g-/g-/p180,3.95;16.32;3.71;1.83,True,2.9358618542342576,CG--B:GLU125:O,1.0135269171764996,"NH1--sym6[0,0,1]/A:THR118:CG2",0.21154169738292694,
B_localized_sf,B_ARG129,0,1.3059536218643188,2.392753839492798,-136.24;135.16;-7.44;149.16,t/t/g-/p-180,43.76;44.84;52.56;30.84,False,2.0621403959829188,NH1--B:HOH53:O,3.0778828154873312,"CZ--sym6[0,0,1]/A:HOH32:O",-0.03135114163160324,NE--B:GLU125:O:3.39A;NH2--B:GLU125:O:3.34A
B_localized_sf,B_ARG129,1,1.3059552907943726,2.392753839492798,-136.24;135.16;-7.44;149.16,t/t/g-/p180,43.76;44.84;52.56;30.84,False,2.0621229162153645,NH1--B:HOH53:O,3.0778732219858473,"CZ--sym6[0,0,1]/A:HOH32:O",-0.0313505157828331,NE--B:GLU125:O:3.39A;NH2--B:GLU125:O:3.34A
B_localized_sf,B_ARG129,2,1.3059535026550293,2.392753839492798,-136.24;135.16;-7.44;149.16,t/t/g-/p-180,43.76;44.84;52.56;30.84,False,2.0621409393223438,NH1--B:HOH53:O,3.0778828154873312,"CZ--sym6[0,0,1]/A:HOH32:O",-0.03135112300515175,NE--B:GLU125:O:3.39A;NH2--B:GLU125:O:3.34A
B_localized_sf,B_ARG129,3,1.3059545755386353,2.392753839492798,-136.24;135.16;-7.44;149.16,t/t/g-/p-180,43.76;44.84;52.56;30.84,False,2.0621310133859905,NH1--B:HOH53:O,3.077876422759082,"CZ--sym6[0,0,1]/A:HOH32:O",-0.031350407749414444,NE--B:GLU125:O:3.39A;NH2--B:GLU125:O:3.34A
B_localized_sf,B_ARG129,4,1.3059555292129517,2.3927552700042725,-136.24;135.16;-7.44;149.16,t/t/g-/p180,43.76;44.84;52.56;30.84,False,2.0621290387769307,NH1--B:HOH53:O,3.077875622565642,"CZ--sym6[0,0,1]/A:HOH32:O",-0.031349409371614456,NE--B:GLU125:O:3.39A;NH2--B:GLU125:O:3.34A
B_localized_sf,B_ARG129,5,1.3059548139572144,2.392753839492798,-136.24;135.16;-7.44;149.16,t/t/g-/p180,43.76;44.84;52.56;30.84,False,2.062127952104457,NH1--B:HOH53:O,3.077875622565642,"CZ--sym6[0,0,1]/A:HOH32:O",-0.031349848955869675,NE--B:GLU125:O:3.39A;NH2--B:GLU125:O:3.34A
B_localized_sf,B_ARG129,6,1.3059548139572144,2.392753839492798,-136.24;135.16;-7.44;149.16,t/t/g-/p180,43.76;44.84;52.56;30.84,False,2.0621284954405446,NH1--B:HOH53:O,3.077875622565642,"CZ--sym6[0,0,1]/A:HOH32:O",-0.0313493050634861,NE--B:GLU125:O:3.39A;NH2--B:GLU125:O:3.34A
B_localized_sf,B_ARG129,7,1.3059568405151367,2.3927555084228516,-136.24;135.16;-7.44;149.16,t/t/g-/p180,43.76;44.84;52.56;30.84,False,2.0621201995415794,NH1--B:HOH53:O,3.077865498358692,"CZ--sym6[0,0,1]/A:HOH32:O",-0.03135262802243233,NE--B:GLU125:O:3.39A;NH2--B:GLU125:O:3.34A
B_localized_sf,B_ARG129,8,1.3059678077697754,2.392759323120117,-136.24;135.16;-7.44;149.16,t/t/g-/p180,43.76;44.84;52.56;30.84,False,2.0620393468227833,NH1--B:HOH53:O,3.077820736016373,"CZ--sym6[0,0,1]/A:HOH32:O",-0.031354643404483795,NE--B:GLU125:O:3.39A;NH2--B:GLU125:O:3.34A
B_localized_sf,B_ARG129,9,1.305954098701477,2.392753839492798,-136.24;135.16;-7.44;149.16,t/t/g-/p-180,43.76;44.84;52.56;30.84,False,2.062134816748478,NH1--B:HOH53:O,3.077880419316528,"CZ--sym6[0,0,1]/A:HOH32:O",-0.03135093301534653,NE--B:GLU125:O:3.39A;NH2--B:GLU125:O:3.34A
B_localized_sf,B_ARG129,10,1.3059544563293457,2.392753839492798,-136.24;135.16;-7.44;149.16,t/t/g-/p-180,43.76;44.84;52.56;30.84,False,2.0621306687878755,NH1--B:HOH53:O,3.0778772229526092,"CZ--sym6[0,0,1]/A:HOH32:O",-0.03135008364915848,NE--B:GLU125:O:3.39A;NH2--B:GLU125:O:3.34A
B_localized_sf,B_ARG129,11,1.3059548139572144,2.392753839492798,-136.24;135.16;-7.44;149.16,t/t/g-/p180,43.76;44.84;52.56;30.84,False,2.0621284954405446,NH1--B:HOH53:O,3.077875622565642,"CZ--sym6[0,0,1]/A:HOH32:O",-0.0313493050634861,NE--B:GLU125:O:3.39A;NH2--B:GLU125:O:3.34A
B_localized_sf,B_ARG129,12,1.305954098701477,2.392753839492798,-136.24;135.16;-7.44;149.16,t/t/g-/p180,43.76;44.84;52.56;30.84,False,2.0621378780348163,NH1--B:HOH53:O,3.07788201529378,"CZ--sym6[0,0,1]/A:HOH32:O",-0.031351346522569656,NE--B:GLU125:O:3.39A;NH2--B:GLU125:O:3.34A
B_localized_sf,B_ARG129,13,1.3059556484222412,2.392753839492798,-136.24;135.16;-7.44;149.16,t/t/g-/p180,43.76;44.84;52.56;30.84,False,2.0621207428757407,NH1--B:HOH53:O,3.077871626009059,"CZ--sym6[0,0,1]/A:HOH32:O",-0.03135048598051071,NE--B:GLU125:O:3.39A;NH2--B:GLU125:O:3.34A
B_localized_sf,B_ARG129,14,1.3059550523757935,2.392753839492798,-136.24;135.16;-7.44;149.16,t/t/g-/p-180,43.76;44.84;52.56;30.84,False,2.0621254341596837,NH1--B:HOH53:O,3.077874022179025,"CZ--sym6[0,0,1]/A:HOH32:O",-0.03134940192103386,NE--B:GLU125:O:3.39A;NH2--B:GLU125:O:3.34A
B_localized_sf,B_ARG129,15,1.3059544563293457,2.392753839492798,-136.24;135.16;-7.44;149.16,t/t/g-/p180,43.76;44.84;52.56;30.84,False,2.0621340746687133,NH1--B:HOH53:O,3.0778780231462237,"CZ--sym6[0,0,1]/A:HOH32:O",-0.03135025501251221,NE--B:GLU125:O:3.39A;NH2--B:GLU125:O:3.34A
B_localized_sf,B_ARG129,16,1.3059544563293457,2.392753839492798,-136.24;135.16;-7.44;149.16,t/t/g-/p180,43.76;44.84;52.56;30.84,False,2.0621340746687133,NH1--B:HOH53:O,3.0778780231462237,"CZ--sym6[0,0,1]/A:HOH32:O",-0.03135025501251221,NE--B:GLU125:O:3.39A;NH2--B:GLU125:O:3.34A
B_localized_sf,B_ARG129,17,1.3059545755386353,2.392753839492798,-136.24;135.16;-7.44;149.16,t/t/g-/p-180,43.76;44.84;52.56;30.84,False,2.06213353133189,NH1--B:HOH53:O,3.0778772229526092,"CZ--sym6[0,0,1]/A:HOH32:O",-0.03135039284825325,NE--B:GLU125:O:3.39A;NH2--B:GLU125:O:3.34A
B_localized_sf,B_ARG129,18,1.3059552907943726,2.392753839492798,-136.24;135.16;-7.44;149.16,t/t/g-/p-180,43.76;44.84;52.56;30.84,False,2.0621263220979804,NH1--B:HOH53:O,3.077874022179025,"CZ--sym6[0,0,1]/A:HOH32:O",-0.031349457800388336,NE--B:GLU125:O:3.39A;NH2--B:GLU125:O:3.34A
B_localized_sf,B_ARG129,19,1.305956482887268,2.3927555084228516,-136.24;135.16;-7.44;149.16,t/t/g-/p-180,43.76;44.84;52.56;30.84,False,2.062129926713675,NH1--B:HOH53:O,3.0778748135557588,"CZ--sym6[0,0,1]/A:HOH32:O",-0.031351275742053986,NE--B:GLU125:O:3.39A;NH2--B:GLU125:O:3.34A
B_localized_sf,B_ARG129,20,1.3059544563293457,2.392753839492798,-136.24;135.16;-7.44;149.16,t/t/g-/p-180,43.76;44.84;52.56;30.84,False,2.062132100059497,NH1--B:HOH53:O,3.0778772229526092,"CZ--sym6[0,0,1]/A:HOH32:O",-0.03135077282786369,NE--B:GLU125:O:3.39A;NH2--B:GLU125:O:3.34A
B_localized_sf,B_ARG129,21,1.3059542179107666,2.392753839492798,-136.24;135.16;-7.44;149.16,t/t/g-/p-180,43.76;44.84;52.56;30.84,False,2.062133730071992,NH1--B:HOH53:O,3.077878823339926,"CZ--sym6[0,0,1]/A:HOH32:O",-0.031350575387477875,NE--B:GLU125:O:3.39A;NH2--B:GLU125:O:3.34A
B_localized_sf,B_ARG129,22,1.3059545755386353,2.392753839492798,-136.24;135.16;-7.44;149.16,t/t/g-/p180,43.76;44.84;52.56;30.84,False,2.0621310133859905,NH1--B:HOH53:O,3.077875622565642,"CZ--sym6[0,0,1]/A:HOH32:O",-0.03135060518980026,NE--B:GLU125:O:3.39A;NH2--B:GLU125:O:3.34A
B_localized_sf,B_ARG129,23,1.3059546947479248,2.392753839492798,-136.24;135.16;-7.44;149.16,t/t/g-/p180,43.76;44.84;52.56;30.84,False,2.0621290387769307,NH1--B:HOH53:O,3.077875622565642,"CZ--sym6[0,0,1]/A:HOH32:O",-0.031349409371614456,NE--B:GLU125:O:3.39A;NH2--B:GLU125:O:3.34A
B_localized_sf,B_ARG129,24,1.3059521913528442,2.3927528858184814,-136.24;135.16;-7.44;149.16,t/t/g-/p180,43.76;44.84;52.56;30.84,False,2.0621378003958704,NH1--B:HOH53:O,3.0778844114651136,"CZ--sym6[0,0,1]/A:HOH32:O",-0.0313451923429966,NE--B:GLU125:O:3.39A;NH2--B:GLU125:O:3.34A
B_localized_sf,B_ARG129,25,1.305957555770874,2.392754077911377,-136.24;135.16;-7.44;149.16,t/t/g-/p180,43.76;44.84;52.56;30.84,False,2.0621007452396847,NH1--B:HOH53:O,3.0778612367294564,"CZ--sym6[0,0,1]/A:HOH32:O",-0.031351469457149506,NE--B:GLU125:O:3.39A;NH2--B:GLU125:O:3.34A
B_localized_sf,B_ARG129,26,1.3059544563293457,2.392753839492798,-136.24;135.16;-7.44;149.16,t/t/g-/p-180,43.76;44.84;52.56;30.84,False,2.062132100059497,NH1--B:HOH53:O,3.0778772229526092,"CZ--sym6[0,0,1]/A:HOH32:O",-0.03135077282786369,NE--B:GLU125:O:3.39A;NH2--B:GLU125:O:3.34A
B_localized_sf,B_ARG129,27,1.3059543371200562,2.392753839492798,-136.24;135.16;-7.44;149.16,t/t/g-/p180,43.76;44.84;52.56;30.84,False,2.062133186734196,NH1--B:HOH53:O,3.0778780231462237,"CZ--sym6[0,0,1]/A:HOH32:O",-0.03135015815496445,NE--B:GLU125:O:3.39A;NH2--B:GLU125:O:3.34A
B_localized_sf,B_ARG129,28,1.305955410003662,2.392753839492798,-136.24;135.16;-7.44;149.16,t/t/g-/p180,43.76;44.84;52.56;30.84,False,2.062123804153863,NH1--B:HOH53:O,3.0778732219858473,"CZ--sym6[0,0,1]/A:HOH32:O",-0.03134980425238609,NE--B:GLU125:O:3.39A;NH2--B:GLU125:O:3.34A
B_localized_sf,B_ARG129,29,1.305950403213501,2.3927505016326904,-136.24;135.16;-7.44;149.16,t/t/g-/p180,43.76;44.84;52.56;30.84,False,2.0621433796482607,NH1--B:HOH53:O,3.077886011852238,"CZ--sym6[0,0,1]/A:HOH32:O",-0.031345613300800323,NE--B:GLU125:O:3.39A;NH2--B:GLU125:O:3.34A
B_localized_sf,B_ARG129,30,1.3059545755386353,2.392753839492798,-136.24;135.16;-7.44;149.16,t/t/g-/p180,43.76;44.84;52.56;30.84,False,2.0621295821136143,NH1--B:HOH53:O,3.077875622565642,"CZ--sym6[0,0,1]/A:HOH32:O",-0.0313488133251667,NE--B:GLU125:O:3.39A;NH2--B:GLU125:O:3.34A
B_localized_sf,B_ARG129,31,1.3059555292129517,2.392753839492798,-136.24;135.16;-7.44;149.16,t/t/g-/p180,43.76;44.84;52.56;30.84,False,2.0621232608191855,NH1--B:HOH53:O,3.0778732219858473,"CZ--sym6[0,0,1]/A:HOH32:O",-0.0313500240445137,NE--B:GLU125:O:3.39A;NH2--B:GLU125:O:3.34A
B_localized_sf,B_ARG129,32,1.305946707725525,2.3927524089813232,-136.24;135.16;-7.44;149.16,t/t/g-/p180,43.76;44.84;52.56;30.84,False,2.0621963628143725,NH1--B:HOH53:O,3.077913191996848,"CZ--sym6[0,0,1]/A:HOH32:O",-0.0313456766307354,NE--B:GLU125:O:3.39A;NH2--B:GLU125:O:3.34A
B_localized_sf,B_ARG129,33,1.3059546947479248,2.392753839492798,-136.24;135.16;-7.44;149.16,t/t/g-/p180,43.76;44.84;52.56;30.84,False,2.06212652083172,NH1--B:HOH53:O,3.077875622565642,"CZ--sym6[0,0,1]/A:HOH32:O",-0.031349264085292816,NE--B:GLU125:O:3.39A;NH2--B:GLU125:O:3.34A
B_localized_sf,B_ARG129,34,1.3059548139572144,2.392751693725586,-136.24;135.16;-7.44;149.16,t/t/g-/p180,43.76;44.84;52.56;30.84,False,2.0621104723835826,NH1--B:HOH53:O,3.0778676294531966,"CZ--sym6[0,0,1]/A:HOH32:O",-0.03135285526514053,NE--B:GLU125:O:3.39A;NH2--B:GLU125:O:3.34A
B_localized_sf,B_ARG129,35,1.3059537410736084,2.392753839492798,-136.24;135.16;-7.44;149.16,t/t/g-/p-180,43.76;44.84;52.56;30.84,False,2.062141283914332,NH1--B:HOH53:O,3.0778828154873312,"CZ--sym6[0,0,1]/A:HOH32:O",-0.03135189414024353,NE--B:GLU125:O:3.39A;NH2--B:GLU125:O:3.34A
B_localized_sf,B_ARG129,36,1.3059542179107666,2.392753839492798,-136.24;135.16;-7.44;149.16,t/t/g-/p180,43.76;44.84;52.56;30.84,False,2.06213570468097,NH1--B:HOH53:O,3.077879619122945,"CZ--sym6[0,0,1]/A:HOH32:O",-0.031351238489151,NE--B:GLU125:O:3.39A;NH2--B:GLU125:O:3.34A
B_localized_sf,B_ARG129,37,1.3059544563293457,2.3927552700042725,-136.24;135.16;-7.44;149.16,t/t/g-/p-180,43.76;44.84;52.56;30.84,False,2.0621403959829188,NH1--B:HOH53:O,3.0778828154873312,"CZ--sym6[0,0,1]/A:HOH32:O",-0.031350571662187576,NE--B:GLU125:O:3.39A;NH2--B:GLU125:O:3.34A
B_localized_sf,B_ARG129,38,1.3059544563293457,2.392753839492798,-136.24;135.16;-7.44;149.16,t/t/g-/p180,43.76;44.84;52.56;30.84,False,2.0621340746687133,NH1--B:HOH53:O,3.0778780231462237,"CZ--sym6[0,0,1]/A:HOH32:O",-0.03135025501251221,NE--B:GLU125:O:3.39A;NH2--B:GLU125:O:3.34A
B_localized_sf,B_ARG129,39,1.3059543371200562,2.392753839492798,-136.24;135.16;-7.44;149.16,t/t/g-/p-180,43.76;44.84;52.56;30.84,False,2.0621351613432535,NH1--B:HOH53:O,3.077878823339926,"CZ--sym6[0,0,1]/A:HOH32:O",-0.031350523233413696,NE--B:GLU125:O:3.39A;NH2--B:GLU125:O:3.34A
B_localized_sf,B_ARG129,40,1.3059495687484741,2.3927526473999023,-136.24;135.16;-7.44;149.16,t/t/g-/p180,43.76;44.84;52.56;30.84,False,2.0621712076884338,NH1--B:HOH53:O,3.077898001531936,"CZ--sym6[0,0,1]/A:HOH32:O",-0.03134916350245476,NE--B:GLU125:O:3.39A;NH2--B:GLU125:O:3.34A
B_localized_sf,B_ARG129,41,1.3059545755386353,2.392753839492798,-136.24;135.16;-7.44;149.16,t/t/g-/p180,43.76;44.84;52.56;30.84,False,2.0621310133859905,NH1--B:HOH53:O,3.077875622565642,"CZ--sym6[0,0,1]/A:HOH32:O",-0.03135060518980026,NE--B:GLU125:O:3.39A;NH2--B:GLU125:O:3.34A
B_localized_sf,B_ARG129,42,1.3059543371200562,2.392753839492798,-136.24;135.16;-7.44;149.16,t/t/g-/p-180,43.76;44.84;52.56;30.84,False,2.0621351613432535,NH1--B:HOH53:O,3.077878823339926,"CZ--sym6[0,0,1]/A:HOH32:O",-0.031350523233413696,NE--B:GLU125:O:3.39A;NH2--B:GLU125:O:3.34A
B_localized_sf,B_ARG129,43,1.3059535026550293,2.392753839492798,-136.24;135.16;-7.44;149.16,t/t/g-/p180,43.76;44.84;52.56;30.84,False,2.0621409393223438,NH1--B:HOH53:O,3.0778836156809692,"CZ--sym6[0,0,1]/A:HOH32:O",-0.03135152533650398,NE--B:GLU125:O:3.39A;NH2--B:GLU125:O:3.34A
B_localized_sf,B_ARG129,44,1.305953860282898,2.392753839492798,-136.24;135.16;-7.44;149.16,t/t/g-/p-180,43.76;44.84;52.56;30.84,False,2.062137334695908,NH1--B:HOH53:O,3.077880419316528,"CZ--sym6[0,0,1]/A:HOH32:O",-0.03135070204734802,NE--B:GLU125:O:3.39A;NH2--B:GLU125:O:3.34A
B_localized_sf,B_ARG129,45,1.3059571981430054,2.3927547931671143,-136.24;135.16;-7.44;149.16,t/t/g-/p180,43.76;44.84;52.56;30.84,False,2.0621160515987667,NH1--B:HOH53:O,3.0778638891543855,"CZ--sym6[0,0,1]/A:HOH32:O",-0.03135436400771141,NE--B:GLU125:O:3.39A;NH2--B:GLU125:O:3.34A
B_localized_sf,B_ARG129,46,1.3059545755386353,2.392753839492798,-136.24;135.16;-7.44;149.16,t/t/g-/p-180,43.76;44.84;52.56;30.84,False,2.0621329879953647,NH1--B:HOH53:O,3.0778772229526092,"CZ--sym6[0,0,1]/A:HOH32:O",-0.031349729746580124,NE--B:GLU125:O:3.39A;NH2--B:GLU125:O:3.34A
B_localized_sf,B_ARG129,47,1.3059544563293457,2.392753839492798,-136.24;135.16;-7.44;149.16,t/t/g-/p-180,43.76;44.84;52.56;30.84,False,2.062132100059497,NH1--B:HOH53:O,3.0778772229526092,"CZ--sym6[0,0,1]/A:HOH32:O",-0.03135077282786369,NE--B:GLU125:O:3.39A;NH2--B:GLU125:O:3.34A
B_localized_sf,B_ARG129,48,1.3059544563293457,2.392753839492798,-136.24;135.16;-7.44;149.16,t/t/g-/p-180,43.76;44.84;52.56;30.84,False,2.062130125450596,NH1--B:HOH53:O,3.0778772229526092,"CZ--sym6[0,0,1]/A:HOH32:O",-0.03135008364915848,NE--B:GLU125:O:3.39A;NH2--B:GLU125:O:3.34A
B_localized_sf,B_ARG129,49,1.3059500455856323,2.3927505016326904,-136.24;135.16;-7.44;149.16,t/t/g-/p180,43.76;44.84;52.56;30.84,False,2.06214357840285,NH1--B:HOH53:O,3.0778876122397136,"CZ--sym6[0,0,1]/A:HOH32:O",-0.03134613111615181,NE--B:GLU125:O:3.39A;NH2--B:GLU125:O:3.34A
C_realspace_local,B_ARG129,0,1.6041144132614136,1.075384497642517,-106.54;-110.62;-28.01;170.15,g-/g-/g-/p180,46.54;50.62;31.99;9.85,False,2.2648006710836297,NH2--B:LYS133:NZ,1.288807949227161,"NH2--sym1[1,1,0]/A:TYR131:CZ",0.25029653310775757,NH1--B:LYS133:NZ:3.37A;NH2--B:LYS133:NZ:2.26A
C_realspace_local,B_ARG129,1,1.6041141748428345,1.075384497642517,-106.54;-110.62;-28.01;170.15,g-/g-/g-/p180,46.54;50.62;31.99;9.85,False,2.2648006710836297,NH2--B:LYS133:NZ,1.288807949227161,"NH2--sym1[1,1,0]/A:TYR131:CZ",0.2502966523170471,NH1--B:LYS133:NZ:3.37A;NH2--B:LYS133:NZ:2.26A
C_realspace_local,B_ARG129,2,1.6041144132614136,1.075384259223938,-106.54;-110.62;-28.01;170.15,g-/g-/g-/p180,46.54;50.62;31.99;9.85,False,2.2648011693628183,NH2--B:LYS133:NZ,1.2888093102620548,"NH2--sym1[1,1,0]/A:TYR131:CZ",0.2502959072589874,NH1--B:LYS133:NZ:3.37A;NH2--B:LYS133:NZ:2.26A
C_realspace_local,B_ARG129,3,1.6041141748428345,1.0753840208053589,-106.54;-110.62;-28.01;170.15,g-/g-/g-/p180,46.54;50.62;31.99;9.85,False,2.264801648634699,NH2--B:LYS133:NZ,1.288808981852578,"NH2--sym1[1,1,0]/A:TYR131:CZ",0.25029611587524414,NH1--B:LYS133:NZ:3.37A;NH2--B:LYS133:NZ:2.26A
C_realspace_local,B_ARG129,4,1.6041125059127808,1.0753839015960693,-106.54;-110.62;-28.01;170.15,g-/g-/g-/p-180,46.54;50.62;31.99;9.85,False,2.264801648634699,NH2--B:LYS133:NZ,1.288808981852578,"NH2--sym1[1,1,0]/A:TYR131:CZ",0.25029757618904114,NH1--B:LYS133:NZ:3.37A;NH2--B:LYS133:NZ:2.26A
C_realspace_local,B_ARG129,5,1.6041127443313599,1.075384497642517,-106.54;-110.62;-28.01;170.15,g-/g-/g-/p180,46.54;50.62;31.99;9.85,False,2.2648006710836297,NH2--B:LYS133:NZ,1.288807949227161,"NH2--sym1[1,1,0]/A:TYR131:CZ",0.25029686093330383,NH1--B:LYS133:NZ:3.37A;NH2--B:LYS133:NZ:2.26A
C_realspace_local,B_ARG129,6,1.6041141748428345,1.0753840208053589,-106.54;-110.62;-28.01;170.15,g-/g-/g-/p180,46.54;50.62;31.99;9.85,False,2.264801648634699,NH2--B:LYS133:NZ,1.288808981852578,"NH2--sym1[1,1,0]/A:TYR131:CZ",0.25029611587524414,NH1--B:LYS133:NZ:3.37A;NH2--B:LYS133:NZ:2.26A
C_realspace_local,B_ARG129,7,1.6041145324707031,1.0753846168518066,-106.54;-110.62;-28.01;170.15,g-/g-/g-/p180,46.54;50.62;31.99;9.85,False,2.2648006710836297,NH2--B:LYS133:NZ,1.288807949227161,"NH2--sym1[1,1,0]/A:TYR131:CZ",0.2502962052822113,NH1--B:LYS133:NZ:3.37A;NH2--B:LYS133:NZ:2.26A
C_realspace_local,B_ARG129,8,1.604114294052124,1.075384497642517,-106.54;-110.62;-28.01;170.15,g-/g-/g-/p180,46.54;50.62;31.99;9.85,False,2.2648006710836297,NH2--B:LYS133:NZ,1.288807949227161,"NH2--sym1[1,1,0]/A:TYR131:CZ",0.25029677152633667,NH1--B:LYS133:NZ:3.37A;NH2--B:LYS133:NZ:2.26A
C_realspace_local,B_ARG129,9,1.604114294052124,1.0753841400146484,-106.54;-110.62;-28.01;170.15,g-/g-/g-/p-180,46.54;50.62;31.99;9.85,False,2.2648011693628183,NH2--B:LYS133:NZ,1.2888093102620548,"NH2--sym1[1,1,0]/A:TYR131:CZ",0.25029635429382324,NH1--B:LYS133:NZ:3.37A;NH2--B:LYS133:NZ:2.26A
C_realspace_local,B_ARG129,10,1.604114294052124,1.075384259223938,-106.54;-110.62;-28.01;170.15,g-/g-/g-/p-180,46.54;50.62;31.99;9.85,False,2.2648011693628183,NH2--B:LYS133:NZ,1.2888093102620548,"NH2--sym1[1,1,0]/A:TYR131:CZ",0.25029584765434265,NH1--B:LYS133:NZ:3.37A;NH2--B:LYS133:NZ:2.26A
C_realspace_local,B_ARG129,11,1.6041144132614136,1.075384497642517,-106.54;-110.62;-28.01;170.15,g-/g-/g-/p180,46.54;50.62;31.99;9.85,False,2.2648006710836297,NH2--B:LYS133:NZ,1.288807949227161,"NH2--sym1[1,1,0]/A:TYR131:CZ",0.25029653310775757,NH1--B:LYS133:NZ:3.37A;NH2--B:LYS133:NZ:2.26A
C_realspace_local,B_ARG129,12,1.6041141748428345,1.0753839015960693,-106.54;-110.62;-28.01;170.15,g-/g-/g-/p-180,46.54;50.62;31.99;9.85,False,2.264801648634699,NH2--B:LYS133:NZ,1.288808981852578,"NH2--sym1[1,1,0]/A:TYR131:CZ",0.2502957284450531,NH1--B:LYS133:NZ:3.37A;NH2--B:LYS133:NZ:2.26A
C_realspace_local,B_ARG129,13,1.604114294052124,1.0753841400146484,-106.54;-110.62;-28.01;170.15,g-/g-/g-/p-180,46.54;50.62;31.99;9.85,False,2.2648011693628183,NH2--B:LYS133:NZ,1.2888093102620548,"NH2--sym1[1,1,0]/A:TYR131:CZ",0.25029635429382324,NH1--B:LYS133:NZ:3.37A;NH2--B:LYS133:NZ:2.26A
C_realspace_local,B_ARG129,14,1.604114294052124,1.075384259223938,-106.54;-110.62;-28.01;170.15,g-/g-/g-/p-180,46.54;50.62;31.99;9.85,False,2.2648011693628183,NH2--B:LYS133:NZ,1.2888093102620548,"NH2--sym1[1,1,0]/A:TYR131:CZ",0.25029584765434265,NH1--B:LYS133:NZ:3.37A;NH2--B:LYS133:NZ:2.26A
C_realspace_local,B_ARG129,15,1.604114294052124,1.075384259223938,-106.54;-110.62;-28.01;170.15,g-/g-/g-/p-180,46.54;50.62;31.99;9.85,False,2.2648011693628183,NH2--B:LYS133:NZ,1.2888093102620548,"NH2--sym1[1,1,0]/A:TYR131:CZ",0.25029584765434265,NH1--B:LYS133:NZ:3.37A;NH2--B:LYS133:NZ:2.26A
C_realspace_local,B_ARG129,16,1.604114294052124,1.0753841400146484,-106.54;-110.62;-28.01;170.15,g-/g-/g-/p180,46.54;50.62;31.99;9.85,False,2.2648011693628183,NH2--B:LYS133:NZ,1.2888093102620548,"NH2--sym1[1,1,0]/A:TYR131:CZ",0.2502959072589874,NH1--B:LYS133:NZ:3.37A;NH2--B:LYS133:NZ:2.26A
C_realspace_local,B_ARG129,17,1.6041127443313599,1.075384497642517,-106.54;-110.62;-28.01;170.15,g-/g-/g-/p180,46.54;50.62;31.99;9.85,False,2.2648006710836297,NH2--B:LYS133:NZ,1.288807949227161,"NH2--sym1[1,1,0]/A:TYR131:CZ",0.25029686093330383,NH1--B:LYS133:NZ:3.37A;NH2--B:LYS133:NZ:2.26A
C_realspace_local,B_ARG129,18,1.6041144132614136,1.075384497642517,-106.54;-110.62;-28.01;170.15,g-/g-/g-/p180,46.54;50.62;31.99;9.85,False,2.2648006710836297,NH2--B:LYS133:NZ,1.288807949227161,"NH2--sym1[1,1,0]/A:TYR131:CZ",0.25029653310775757,NH1--B:LYS133:NZ:3.37A;NH2--B:LYS133:NZ:2.26A
C_realspace_local,B_ARG129,19,1.6041127443313599,1.0753839015960693,-106.54;-110.62;-28.01;170.15,g-/g-/g-/p-180,46.54;50.62;31.99;9.85,False,2.2648016676435034,NH2--B:LYS133:NZ,1.288810671298334,"NH2--sym1[1,1,0]/A:TYR131:CZ",0.25029700994491577,NH1--B:LYS133:NZ:3.37A;NH2--B:LYS133:NZ:2.26A
C_realspace_local,B_ARG129,20,1.6041141748428345,1.075384497642517,-106.54;-110.62;-28.01;170.15,g-/g-/g-/p180,46.54;50.62;31.99;9.85,False,2.2648006710836297,NH2--B:LYS133:NZ,1.288807949227161,"NH2--sym1[1,1,0]/A:TYR131:CZ",0.2502966523170471,NH1--B:LYS133:NZ:3.37A;NH2--B:LYS133:NZ:2.26A
C_realspace_local,B_ARG129,21,1.6041126251220703,1.0753841400146484,-106.54;-110.62;-28.01;170.15,g-/g-/g-/p180,46.54;50.62;31.99;9.85,False,2.264801648634699,NH2--B:LYS133:NZ,1.288808981852578,"NH2--sym1[1,1,0]/A:TYR131:CZ",0.25029635429382324,NH1--B:LYS133:NZ:3.37A;NH2--B:LYS133:NZ:2.26A
C_realspace_local,B_ARG129,22,1.6041141748428345,1.0753840208053589,-106.54;-110.62;-28.01;170.15,g-/g-/g-/p180,46.54;50.62;31.99;9.85,False,2.264801648634699,NH2--B:LYS133:NZ,1.288808981852578,"NH2--sym1[1,1,0]/A:TYR131:CZ",0.25029611587524414,NH1--B:LYS133:NZ:3.37A;NH2--B:LYS133:NZ:2.26A
C_realspace_local,B_ARG129,23,1.6041126251220703,1.0753841400146484,-106.54;-110.62;-28.01;170.15,g-/g-/g-/p180,46.54;50.62;31.99;9.85,False,2.264801648634699,NH2--B:LYS133:NZ,1.288808981852578,"NH2--sym1[1,1,0]/A:TYR131:CZ",0.25029635429382324,NH1--B:LYS133:NZ:3.37A;NH2--B:LYS133:NZ:2.26A
C_realspace_local,B_ARG129,24,1.6041141748428345,1.0753840208053589,-106.54;-110.62;-28.01;170.15,g-/g-/g-/p180,46.54;50.62;31.99;9.85,False,2.264801648634699,NH2--B:LYS133:NZ,1.288808981852578,"NH2--sym1[1,1,0]/A:TYR131:CZ",0.25029611587524414,NH1--B:LYS133:NZ:3.37A;NH2--B:LYS133:NZ:2.26A
C_realspace_local,B_ARG129,25,1.6041144132614136,1.075384259223938,-106.54;-110.62;-28.01;170.15,g-/g-/g-/p180,46.54;50.62;31.99;9.85,False,2.2648011693628183,NH2--B:LYS133:NZ,1.2888093102620548,"NH2--sym1[1,1,0]/A:TYR131:CZ",0.2502959072589874,NH1--B:LYS133:NZ:3.37A;NH2--B:LYS133:NZ:2.26A
C_realspace_local,B_ARG129,26,1.604114294052124,1.0753841400146484,-106.54;-110.62;-28.01;170.15,g-/g-/g-/p-180,46.54;50.62;31.99;9.85,False,2.2648011693628183,NH2--B:LYS133:NZ,1.2888093102620548,"NH2--sym1[1,1,0]/A:TYR131:CZ",0.25029635429382324,NH1--B:LYS133:NZ:3.37A;NH2--B:LYS133:NZ:2.26A
C_realspace_local,B_ARG129,27,1.604114294052124,1.075384259223938,-106.54;-110.62;-28.01;170.15,g-/g-/g-/p-180,46.54;50.62;31.99;9.85,False,2.2648011693628183,NH2--B:LYS133:NZ,1.2888093102620548,"NH2--sym1[1,1,0]/A:TYR131:CZ",0.25029584765434265,NH1--B:LYS133:NZ:3.37A;NH2--B:LYS133:NZ:2.26A
C_realspace_local,B_ARG129,28,1.6041141748428345,1.0753839015960693,-106.54;-110.62;-28.01;170.15,g-/g-/g-/p-180,46.54;50.62;31.99;9.85,False,2.264801648634699,NH2--B:LYS133:NZ,1.288808981852578,"NH2--sym1[1,1,0]/A:TYR131:CZ",0.2502957284450531,NH1--B:LYS133:NZ:3.37A;NH2--B:LYS133:NZ:2.26A
C_realspace_local,B_ARG129,29,1.6041126251220703,1.0753841400146484,-106.54;-110.62;-28.01;170.15,g-/g-/g-/p180,46.54;50.62;31.99;9.85,False,2.264801648634699,NH2--B:LYS133:NZ,1.288808981852578,"NH2--sym1[1,1,0]/A:TYR131:CZ",0.25029635429382324,NH1--B:LYS133:NZ:3.37A;NH2--B:LYS133:NZ:2.26A
C_realspace_local,B_ARG129,30,1.6041141748428345,1.0753840208053589,-106.54;-110.62;-28.01;170.15,g-/g-/g-/p180,46.54;50.62;31.99;9.85,False,2.264801648634699,NH2--B:LYS133:NZ,1.288808981852578,"NH2--sym1[1,1,0]/A:TYR131:CZ",0.25029611587524414,NH1--B:LYS133:NZ:3.37A;NH2--B:LYS133:NZ:2.26A
C_realspace_local,B_ARG129,31,1.6041127443313599,1.0753841400146484,-106.54;-110.62;-28.01;170.15,g-/g-/g-/p-180,46.54;50.62;31.99;9.85,False,2.2648011693628183,NH2--B:LYS133:NZ,1.2888093102620548,"NH2--sym1[1,1,0]/A:TYR131:CZ",0.2502969205379486,NH1--B:LYS133:NZ:3.37A;NH2--B:LYS133:NZ:2.26A
C_realspace_local,B_ARG129,32,1.604114294052124,1.0753841400146484,-106.54;-110.62;-28.01;170.15,g-/g-/g-/p180,46.54;50.62;31.99;9.85,False,2.2648011693628183,NH2--B:LYS133:NZ,1.2888093102620548,"NH2--sym1[1,1,0]/A:TYR131:CZ",0.25029757618904114,NH1--B:LYS133:NZ:3.37A;NH2--B:LYS133:NZ:2.26A
C_realspace_local,B_ARG129,33,1.6041144132614136,1.0753843784332275,-106.54;-110.62;-28.01;170.15,g-/g-/g-/p-180,46.54;50.62;31.99;9.85,False,2.2648011693628183,NH2--B:LYS133:NZ,1.2888093102620548,"NH2--sym1[1,1,0]/A:TYR131:CZ",0.25029584765434265,NH1--B:LYS133:NZ:3.37A;NH2--B:LYS133:NZ:2.26A
C_realspace_local,B_ARG129,34,1.6041126251220703,1.0753841400146484,-106.54;-110.62;-28.01;170.15,g-/g-/g-/p180,46.54;50.62;31.99;9.85,False,2.264801648634699,NH2--B:LYS133:NZ,1.288808981852578,"NH2--sym1[1,1,0]/A:TYR131:CZ",0.25029635429382324,NH1--B:LYS133:NZ:3.37A;NH2--B:LYS133:NZ:2.26A
C_realspace_local,B_ARG129,35,1.6041144132614136,1.075384259223938,-106.54;-110.62;-28.01;170.15,g-/g-/g-/p180,46.54;50.62;31.99;9.85,False,2.2648011693628183,NH2--B:LYS133:NZ,1.2888093102620548,"NH2--sym1[1,1,0]/A:TYR131:CZ",0.2502959072589874,NH1--B:LYS133:NZ:3.37A;NH2--B:LYS133:NZ:2.26A
C_realspace_local,B_ARG129,36,1.6041126251220703,1.0753841400146484,-106.54;-110.62;-28.01;170.15,g-/g-/g-/p180,46.54;50.62;31.99;9.85,False,2.264801648634699,NH2--B:LYS133:NZ,1.288808981852578,"NH2--sym1[1,1,0]/A:TYR131:CZ",0.25029635429382324,NH1--B:LYS133:NZ:3.37A;NH2--B:LYS133:NZ:2.26A
C_realspace_local,B_ARG129,37,1.6041144132614136,1.0753843784332275,-106.54;-110.62;-28.01;170.15,g-/g-/g-/p-180,46.54;50.62;31.99;9.85,False,2.2648011693628183,NH2--B:LYS133:NZ,1.2888093102620548,"NH2--sym1[1,1,0]/A:TYR131:CZ",0.25029584765434265,NH1--B:LYS133:NZ:3.37A;NH2--B:LYS133:NZ:2.26A
C_realspace_local,B_ARG129,38,1.6041126251220703,1.0753841400146484,-106.54;-110.62;-28.01;170.15,g-/g-/g-/p180,46.54;50.62;31.99;9.85,False,2.264801648634699,NH2--B:LYS133:NZ,1.288808981852578,"NH2--sym1[1,1,0]/A:TYR131:CZ",0.25029635429382324,NH1--B:LYS133:NZ:3.37A;NH2--B:LYS133:NZ:2.26A
C_realspace_local,B_ARG129,39,1.6041141748428345,1.0753840208053589,-106.54;-110.62;-28.01;170.15,g-/g-/g-/p180,46.54;50.62;31.99;9.85,False,2.264801648634699,NH2--B:LYS133:NZ,1.288808981852578,"NH2--sym1[1,1,0]/A:TYR131:CZ",0.25029611587524414,NH1--B:LYS133:NZ:3.37A;NH2--B:LYS133:NZ:2.26A
C_realspace_local,B_ARG129,40,1.604114294052124,1.0753841400146484,-106.54;-110.62;-28.01;170.15,g-/g-/g-/p180,46.54;50.62;31.99;9.85,False,2.2648011693628183,NH2--B:LYS133:NZ,1.2888093102620548,"NH2--sym1[1,1,0]/A:TYR131:CZ",0.2502959072589874,NH1--B:LYS133:NZ:3.37A;NH2--B:LYS133:NZ:2.26A
C_realspace_local,B_ARG129,41,1.604114294052124,1.0753843784332275,-106.54;-110.62;-28.01;170.15,g-/g-/g-/p-180,46.54;50.62;31.99;9.85,False,2.264801648634699,NH2--B:LYS133:NZ,1.288808981852578,"NH2--sym1[1,1,0]/A:TYR131:CZ",0.2502976059913635,NH1--B:LYS133:NZ:3.37A;NH2--B:LYS133:NZ:2.26A
C_realspace_local,B_ARG129,42,1.6041144132614136,1.075384259223938,-106.54;-110.62;-28.01;170.15,g-/g-/g-/p180,46.54;50.62;31.99;9.85,False,2.2648011693628183,NH2--B:LYS133:NZ,1.2888093102620548,"NH2--sym1[1,1,0]/A:TYR131:CZ",0.2502959072589874,NH1--B:LYS133:NZ:3.37A;NH2--B:LYS133:NZ:2.26A
C_realspace_local,B_ARG129,43,1.6041127443313599,1.0753841400146484,-106.54;-110.62;-28.01;170.15,g-/g-/g-/p-180,46.54;50.62;31.99;9.85,False,2.2648011693628183,NH2--B:LYS133:NZ,1.2888093102620548,"NH2--sym1[1,1,0]/A:TYR131:CZ",0.2502969205379486,NH1--B:LYS133:NZ:3.37A;NH2--B:LYS133:NZ:2.26A
C_realspace_local,B_ARG129,44,1.6041144132614136,1.075384259223938,-106.54;-110.62;-28.01;170.15,g-/g-/g-/p180,46.54;50.62;31.99;9.85,False,2.2648011693628183,NH2--B:LYS133:NZ,1.2888093102620548,"NH2--sym1[1,1,0]/A:TYR131:CZ",0.2502959072589874,NH1--B:LYS133:NZ:3.37A;NH2--B:LYS133:NZ:2.26A
C_realspace_local,B_ARG129,45,1.6041127443313599,1.0753837823867798,-106.54;-110.62;-28.01;170.15,g-/g-/g-/p180,46.54;50.62;31.99;9.85,False,2.2648016676435034,NH2--B:LYS133:NZ,1.288810671298334,"NH2--sym1[1,1,0]/A:TYR131:CZ",0.25029700994491577,NH1--B:LYS133:NZ:3.37A;NH2--B:LYS133:NZ:2.26A
C_realspace_local,B_ARG129,46,1.6041144132614136,1.0753843784332275,-106.54;-110.62;-28.01;170.15,g-/g-/g-/p-180,46.54;50.62;31.99;9.85,False,2.2648011693628183,NH2--B:LYS133:NZ,1.2888093102620548,"NH2--sym1[1,1,0]/A:TYR131:CZ",0.25029584765434265,NH1--B:LYS133:NZ:3.37A;NH2--B:LYS133:NZ:2.26A
C_realspace_local,B_ARG129,47,1.6041144132614136,1.075384259223938,-106.54;-110.62;-28.01;170.15,g-/g-/g-/p180,46.54;50.62;31.99;9.85,False,2.2648011693628183,NH2--B:LYS133:NZ,1.2888093102620548,"NH2--sym1[1,1,0]/A:TYR131:CZ",0.2502959072589874,NH1--B:LYS133:NZ:3.37A;NH2--B:LYS133:NZ:2.26A
C_realspace_local,B_ARG129,48,1.604114294052124,1.075384497642517,-106.54;-110.62;-28.01;170.15,g-/g-/g-/p180,46.54;50.62;31.99;9.85,False,2.2648006710836297,NH2--B:LYS133:NZ,1.288807949227161,"NH2--sym1[1,1,0]/A:TYR131:CZ",0.25029677152633667,NH1--B:LYS133:NZ:3.37A;NH2--B:LYS133:NZ:2.26A
C_realspace_local,B_ARG129,49,1.6041127443313599,1.075384497642517,-106.54;-110.62;-28.01;170.15,g-/g-/g-/p-180,46.54;50.62;31.99;9.85,False,2.2648011693628183,NH2--B:LYS133:NZ,1.2888093102620548,"NH2--sym1[1,1,0]/A:TYR131:CZ",0.25029656291007996,NH1--B:LYS133:NZ:3.37A;NH2--B:LYS133:NZ:2.26A
