candidate_id,site,start,conformer,tmol_energy,tmol_A,tmol_B,tmol_environment_assignment,tmol_environment_rule,random_mean,random_min,random_max
1ZV8_E_ASN1__000__0,1ZV8_E_ASN1,0,0,64.45738983154297,64.32124328613281,49.29991912841797,other,frozen_matched_deposited_minstate_v1,73.87566375732422,63.692596435546875,86.31340789794922
1ZV8_E_ASN1__000__1,1ZV8_E_ASN1,0,1,68.570068359375,64.32124328613281,49.29991912841797,other,frozen_matched_deposited_minstate_v1,73.87566375732422,63.692596435546875,86.31340789794922
1ZV8_E_ASN1__000__2,1ZV8_E_ASN1,0,2,71.24853515625,64.32124328613281,49.29991912841797,other,frozen_matched_deposited_minstate_v1,73.87566375732422,63.692596435546875,86.31340789794922
1ZV8_E_ASN1__000__3,1ZV8_E_ASN1,0,3,68.22843933105469,64.32124328613281,49.29991912841797,other,frozen_matched_deposited_minstate_v1,73.87566375732422,63.692596435546875,86.31340789794922
1ZV8_E_ASN1__001__0,1ZV8_E_ASN1,1,0,68.67636108398438,64.32124328613281,49.29991912841797,other,frozen_matched_deposited_minstate_v1,73.87566375732422,63.692596435546875,86.31340789794922
1ZV8_E_ASN1__001__1,1ZV8_E_ASN1,1,1,72.77275085449219,64.32124328613281,49.29991912841797,other,frozen_matched_deposited_minstate_v1,73.87566375732422,63.692596435546875,86.31340789794922
1ZV8_E_ASN1__001__2,1ZV8_E_ASN1,1,2,68.77520751953125,64.32124328613281,49.29991912841797,other,frozen_matched_deposited_minstate_v1,73.87566375732422,63.692596435546875,86.31340789794922
1ZV8_E_ASN1__001__3,1ZV8_E_ASN1,1,3,66.84062194824219,64.32124328613281,49.29991912841797,other,frozen_matched_deposited_minstate_v1,73.87566375732422,63.692596435546875,86.31340789794922
1ZV8_E_ASN1__002__0,1ZV8_E_ASN1,2,0,72.70478057861328,64.32124328613281,49.29991912841797,other,frozen_matched_deposited_minstate_v1,73.87566375732422,63.692596435546875,86.31340789794922
1ZV8_E_ASN1__002__1,1ZV8_E_ASN1,2,1,50.73722457885742,64.32124328613281,49.29991912841797,B,frozen_matched_deposited_minstate_v1,73.87566375732422,63.692596435546875,86.31340789794922
1ZV8_E_ASN1__002__2,1ZV8_E_ASN1,2,2,68.5536880493164,64.32124328613281,49.29991912841797,other,frozen_matched_deposited_minstate_v1,73.87566375732422,63.692596435546875,86.31340789794922
1ZV8_E_ASN1__002__3,1ZV8_E_ASN1,2,3,64.46043395996094,64.32124328613281,49.29991912841797,other,frozen_matched_deposited_minstate_v1,73.87566375732422,63.692596435546875,86.31340789794922
1ZV8_E_ASN1__003__0,1ZV8_E_ASN1,3,0,68.63191986083984,64.32124328613281,49.29991912841797,other,frozen_matched_deposited_minstate_v1,73.87566375732422,63.692596435546875,86.31340789794922
1ZV8_E_ASN1__003__1,1ZV8_E_ASN1,3,1,66.86764526367188,64.32124328613281,49.29991912841797,other,frozen_matched_deposited_minstate_v1,73.87566375732422,63.692596435546875,86.31340789794922
1ZV8_E_ASN1__003__2,1ZV8_E_ASN1,3,2,50.43524932861328,64.32124328613281,49.29991912841797,B,frozen_matched_deposited_minstate_v1,73.87566375732422,63.692596435546875,86.31340789794922
1ZV8_E_ASN1__004__0,1ZV8_E_ASN1,4,0,69.7975082397461,64.32124328613281,49.29991912841797,other,frozen_matched_deposited_minstate_v1,73.87566375732422,63.692596435546875,86.31340789794922
1ZV8_E_ASN1__004__1,1ZV8_E_ASN1,4,1,68.17555236816406,64.32124328613281,49.29991912841797,other,frozen_matched_deposited_minstate_v1,73.87566375732422,63.692596435546875,86.31340789794922
1ZV8_E_ASN1__004__2,1ZV8_E_ASN1,4,2,71.25527954101562,64.32124328613281,49.29991912841797,other,frozen_matched_deposited_minstate_v1,73.87566375732422,63.692596435546875,86.31340789794922
1ZV8_E_ASN1__004__3,1ZV8_E_ASN1,4,3,64.88525390625,64.32124328613281,49.29991912841797,other,frozen_matched_deposited_minstate_v1,73.87566375732422,63.692596435546875,86.31340789794922
1ZV8_E_ASN1__005__0,1ZV8_E_ASN1,5,0,68.73838806152344,64.32124328613281,49.29991912841797,other,frozen_matched_deposited_minstate_v1,73.87566375732422,63.692596435546875,86.31340789794922
1ZV8_E_ASN1__005__1,1ZV8_E_ASN1,5,1,64.87348175048828,64.32124328613281,49.29991912841797,other,frozen_matched_deposited_minstate_v1,73.87566375732422,63.692596435546875,86.31340789794922
1ZV8_E_ASN1__005__2,1ZV8_E_ASN1,5,2,70.54207611083984,64.32124328613281,49.29991912841797,other,frozen_matched_deposited_minstate_v1,73.87566375732422,63.692596435546875,86.31340789794922
1ZV8_E_ASN1__006__0,1ZV8_E_ASN1,6,0,67.92597198486328,64.32124328613281,49.29991912841797,other,frozen_matched_deposited_minstate_v1,73.87566375732422,63.692596435546875,86.31340789794922
1ZV8_E_ASN1__006__1,1ZV8_E_ASN1,6,1,68.4391098022461,64.32124328613281,49.29991912841797,other,frozen_matched_deposited_minstate_v1,73.87566375732422,63.692596435546875,86.31340789794922
1ZV8_E_ASN1__006__2,1ZV8_E_ASN1,6,2,71.21028900146484,64.32124328613281,49.29991912841797,other,frozen_matched_deposited_minstate_v1,73.87566375732422,63.692596435546875,86.31340789794922
1ZV8_E_ASN1__007__0,1ZV8_E_ASN1,7,0,71.21028900146484,64.32124328613281,49.29991912841797,other,frozen_matched_deposited_minstate_v1,73.87566375732422,63.692596435546875,86.31340789794922
1ZV8_E_ASN1__007__1,1ZV8_E_ASN1,7,1,67.90843200683594,64.32124328613281,49.29991912841797,other,frozen_matched_deposited_minstate_v1,73.87566375732422,63.692596435546875,86.31340789794922
1ZV8_E_ASN1__007__2,1ZV8_E_ASN1,7,2,68.43849182128906,64.32124328613281,49.29991912841797,other,frozen_matched_deposited_minstate_v1,73.87566375732422,63.692596435546875,86.31340789794922
1ZV8_E_ASN1__008__0,1ZV8_E_ASN1,8,0,71.25798034667969,64.32124328613281,49.29991912841797,other,frozen_matched_deposited_minstate_v1,73.87566375732422,63.692596435546875,86.31340789794922
1ZV8_E_ASN1__008__1,1ZV8_E_ASN1,8,1,68.570068359375,64.32124328613281,49.29991912841797,other,frozen_matched_deposited_minstate_v1,73.87566375732422,63.692596435546875,86.31340789794922
1ZV8_E_ASN1__008__2,1ZV8_E_ASN1,8,2,51.28952407836914,64.32124328613281,49.29991912841797,B,frozen_matched_deposited_minstate_v1,73.87566375732422,63.692596435546875,86.31340789794922
1ZV8_E_ASN1__008__3,1ZV8_E_ASN1,8,3,64.45639038085938,64.32124328613281,49.29991912841797,other,frozen_matched_deposited_minstate_v1,73.87566375732422,63.692596435546875,86.31340789794922
1ZV8_E_ASN1__009__0,1ZV8_E_ASN1,9,0,66.88013458251953,64.32124328613281,49.29991912841797,other,frozen_matched_deposited_minstate_v1,73.87566375732422,63.692596435546875,86.31340789794922
1ZV8_E_ASN1__009__1,1ZV8_E_ASN1,9,1,70.50819396972656,64.32124328613281,49.29991912841797,other,frozen_matched_deposited_minstate_v1,73.87566375732422,63.692596435546875,86.31340789794922
1ZV8_E_ASN1__009__2,1ZV8_E_ASN1,9,2,68.1955795288086,64.32124328613281,49.29991912841797,other,frozen_matched_deposited_minstate_v1,73.87566375732422,63.692596435546875,86.31340789794922
1ZV8_E_ASN1__009__3,1ZV8_E_ASN1,9,3,71.25177764892578,64.32124328613281,49.29991912841797,other,frozen_matched_deposited_minstate_v1,73.87566375732422,63.692596435546875,86.31340789794922
1ZV8_E_ASN1__010__0,1ZV8_E_ASN1,10,0,47.59453201293945,64.32124328613281,49.29991912841797,B,frozen_matched_deposited_minstate_v1,73.87566375732422,63.692596435546875,86.31340789794922
1ZV8_E_ASN1__010__2,1ZV8_E_ASN1,10,2,70.26244354248047,64.32124328613281,49.29991912841797,other,frozen_matched_deposited_minstate_v1,73.87566375732422,63.692596435546875,86.31340789794922
1ZV8_E_ASN1__010__3,1ZV8_E_ASN1,10,3,67.4155502319336,64.32124328613281,49.29991912841797,other,frozen_matched_deposited_minstate_v1,73.87566375732422,63.692596435546875,86.31340789794922
1ZV8_E_ASN1__011__0,1ZV8_E_ASN1,11,0,65.64292907714844,64.32124328613281,49.29991912841797,other,frozen_matched_deposited_minstate_v1,73.87566375732422,63.692596435546875,86.31340789794922
1ZV8_E_ASN1__011__1,1ZV8_E_ASN1,11,1,68.59847259521484,64.32124328613281,49.29991912841797,other,frozen_matched_deposited_minstate_v1,73.87566375732422,63.692596435546875,86.31340789794922
1ZV8_E_ASN1__011__2,1ZV8_E_ASN1,11,2,68.7049331665039,64.32124328613281,49.29991912841797,other,frozen_matched_deposited_minstate_v1,73.87566375732422,63.692596435546875,86.31340789794922
1ZV8_E_ASN1__011__3,1ZV8_E_ASN1,11,3,65.58685302734375,64.32124328613281,49.29991912841797,other,frozen_matched_deposited_minstate_v1,73.87566375732422,63.692596435546875,86.31340789794922
1ZV8_E_ASN1__012__0,1ZV8_E_ASN1,12,0,47.597164154052734,64.32124328613281,49.29991912841797,B,frozen_matched_deposited_minstate_v1,73.87566375732422,63.692596435546875,86.31340789794922
1ZV8_E_ASN1__012__1,1ZV8_E_ASN1,12,1,73.47457885742188,64.32124328613281,49.29991912841797,other,frozen_matched_deposited_minstate_v1,73.87566375732422,63.692596435546875,86.31340789794922
1ZV8_E_ASN1__012__2,1ZV8_E_ASN1,12,2,67.69532775878906,64.32124328613281,49.29991912841797,other,frozen_matched_deposited_minstate_v1,73.87566375732422,63.692596435546875,86.31340789794922
1ZV8_E_ASN1__012__3,1ZV8_E_ASN1,12,3,59.9070930480957,64.32124328613281,49.29991912841797,A,frozen_matched_deposited_minstate_v1,73.87566375732422,63.692596435546875,86.31340789794922
1ZV8_E_ASN1__013__0,1ZV8_E_ASN1,13,0,64.49040222167969,64.32124328613281,49.29991912841797,other,frozen_matched_deposited_minstate_v1,73.87566375732422,63.692596435546875,86.31340789794922
1ZV8_E_ASN1__013__1,1ZV8_E_ASN1,13,1,77.3320541381836,64.32124328613281,49.29991912841797,other,frozen_matched_deposited_minstate_v1,73.87566375732422,63.692596435546875,86.31340789794922
1ZV8_E_ASN1__013__2,1ZV8_E_ASN1,13,2,68.68721008300781,64.32124328613281,49.29991912841797,other,frozen_matched_deposited_minstate_v1,73.87566375732422,63.692596435546875,86.31340789794922
1ZV8_E_ASN1__013__3,1ZV8_E_ASN1,13,3,68.68141174316406,64.32124328613281,49.29991912841797,other,frozen_matched_deposited_minstate_v1,73.87566375732422,63.692596435546875,86.31340789794922
1ZV8_E_ASN1__014__0,1ZV8_E_ASN1,14,0,72.14149475097656,64.32124328613281,49.29991912841797,other,frozen_matched_deposited_minstate_v1,73.87566375732422,63.692596435546875,86.31340789794922
1ZV8_E_ASN1__014__1,1ZV8_E_ASN1,14,1,70.43072509765625,64.32124328613281,49.29991912841797,other,frozen_matched_deposited_minstate_v1,73.87566375732422,63.692596435546875,86.31340789794922
1ZV8_E_ASN1__014__2,1ZV8_E_ASN1,14,2,68.58294677734375,64.32124328613281,49.29991912841797,other,frozen_matched_deposited_minstate_v1,73.87566375732422,63.692596435546875,86.31340789794922
1ZV8_E_ASN1__014__3,1ZV8_E_ASN1,14,3,64.45561218261719,64.32124328613281,49.29991912841797,other,frozen_matched_deposited_minstate_v1,73.87566375732422,63.692596435546875,86.31340789794922
1ZV8_E_ASN1__015__1,1ZV8_E_ASN1,15,1,71.03677368164062,64.32124328613281,49.29991912841797,other,frozen_matched_deposited_minstate_v1,73.87566375732422,63.692596435546875,86.31340789794922
1ZV8_E_ASN1__015__2,1ZV8_E_ASN1,15,2,64.4578628540039,64.32124328613281,49.29991912841797,other,frozen_matched_deposited_minstate_v1,73.87566375732422,63.692596435546875,86.31340789794922
1ZV8_E_ASN1__015__3,1ZV8_E_ASN1,15,3,68.7622299194336,64.32124328613281,49.29991912841797,other,frozen_matched_deposited_minstate_v1,73.87566375732422,63.692596435546875,86.31340789794922
1ZV8_E_ASN1__016__0,1ZV8_E_ASN1,16,0,50.44244384765625,64.32124328613281,49.29991912841797,B,frozen_matched_deposited_minstate_v1,73.87566375732422,63.692596435546875,86.31340789794922
1ZV8_E_ASN1__016__1,1ZV8_E_ASN1,16,1,68.09036254882812,64.32124328613281,49.29991912841797,other,frozen_matched_deposited_minstate_v1,73.87566375732422,63.692596435546875,86.31340789794922
1ZV8_E_ASN1__016__2,1ZV8_E_ASN1,16,2,71.29019927978516,64.32124328613281,49.29991912841797,other,frozen_matched_deposited_minstate_v1,73.87566375732422,63.692596435546875,86.31340789794922
1ZV8_E_ASN1__016__3,1ZV8_E_ASN1,16,3,66.87152099609375,64.32124328613281,49.29991912841797,other,frozen_matched_deposited_minstate_v1,73.87566375732422,63.692596435546875,86.31340789794922
1ZV8_E_ASN1__017__1,1ZV8_E_ASN1,17,1,69.4871597290039,64.32124328613281,49.29991912841797,other,frozen_matched_deposited_minstate_v1,73.87566375732422,63.692596435546875,86.31340789794922
1ZV8_E_ASN1__017__2,1ZV8_E_ASN1,17,2,71.20526885986328,64.32124328613281,49.29991912841797,other,frozen_matched_deposited_minstate_v1,73.87566375732422,63.692596435546875,86.31340789794922
1ZV8_E_ASN1__017__3,1ZV8_E_ASN1,17,3,67.83194732666016,64.32124328613281,49.29991912841797,other,frozen_matched_deposited_minstate_v1,73.87566375732422,63.692596435546875,86.31340789794922
1ZV8_E_ASN1__018__0,1ZV8_E_ASN1,18,0,67.40784454345703,64.32124328613281,49.29991912841797,other,frozen_matched_deposited_minstate_v1,73.87566375732422,63.692596435546875,86.31340789794922
1ZV8_E_ASN1__018__1,1ZV8_E_ASN1,18,1,47.5867919921875,64.32124328613281,49.29991912841797,B,frozen_matched_deposited_minstate_v1,73.87566375732422,63.692596435546875,86.31340789794922
1ZV8_E_ASN1__018__2,1ZV8_E_ASN1,18,2,68.4398193359375,64.32124328613281,49.29991912841797,other,frozen_matched_deposited_minstate_v1,73.87566375732422,63.692596435546875,86.31340789794922
1ZV8_E_ASN1__018__3,1ZV8_E_ASN1,18,3,67.13288879394531,64.32124328613281,49.29991912841797,other,frozen_matched_deposited_minstate_v1,73.87566375732422,63.692596435546875,86.31340789794922
1ZV8_E_ASN1__019__0,1ZV8_E_ASN1,19,0,71.18623352050781,64.32124328613281,49.29991912841797,other,frozen_matched_deposited_minstate_v1,73.87566375732422,63.692596435546875,86.31340789794922
1ZV8_E_ASN1__019__1,1ZV8_E_ASN1,19,1,71.08648681640625,64.32124328613281,49.29991912841797,other,frozen_matched_deposited_minstate_v1,73.87566375732422,63.692596435546875,86.31340789794922
1ZV8_E_ASN1__019__2,1ZV8_E_ASN1,19,2,66.8978042602539,64.32124328613281,49.29991912841797,other,frozen_matched_deposited_minstate_v1,73.87566375732422,63.692596435546875,86.31340789794922
1ZV8_E_ASN1__019__3,1ZV8_E_ASN1,19,3,68.71401977539062,64.32124328613281,49.29991912841797,other,frozen_matched_deposited_minstate_v1,73.87566375732422,63.692596435546875,86.31340789794922
1ZV8_E_ASN1__020__0,1ZV8_E_ASN1,20,0,68.46477508544922,64.32124328613281,49.29991912841797,other,frozen_matched_deposited_minstate_v1,73.87566375732422,63.692596435546875,86.31340789794922
1ZV8_E_ASN1__020__1,1ZV8_E_ASN1,20,1,50.30548095703125,64.32124328613281,49.29991912841797,B,frozen_matched_deposited_minstate_v1,73.87566375732422,63.692596435546875,86.31340789794922
1ZV8_E_ASN1__021__0,1ZV8_E_ASN1,21,0,68.57369232177734,64.32124328613281,49.29991912841797,other,frozen_matched_deposited_minstate_v1,73.87566375732422,63.692596435546875,86.31340789794922
1ZV8_E_ASN1__021__1,1ZV8_E_ASN1,21,1,66.87173461914062,64.32124328613281,49.29991912841797,other,frozen_matched_deposited_minstate_v1,73.87566375732422,63.692596435546875,86.31340789794922
1ZV8_E_ASN1__021__2,1ZV8_E_ASN1,21,2,47.58768081665039,64.32124328613281,49.29991912841797,B,frozen_matched_deposited_minstate_v1,73.87566375732422,63.692596435546875,86.31340789794922
1ZV8_E_ASN1__021__3,1ZV8_E_ASN1,21,3,67.8525161743164,64.32124328613281,49.29991912841797,other,frozen_matched_deposited_minstate_v1,73.87566375732422,63.692596435546875,86.31340789794922
1ZV8_E_ASN1__022__0,1ZV8_E_ASN1,22,0,47.59257507324219,64.32124328613281,49.29991912841797,B,frozen_matched_deposited_minstate_v1,73.87566375732422,63.692596435546875,86.31340789794922
1ZV8_E_ASN1__022__1,1ZV8_E_ASN1,22,1,68.43939971923828,64.32124328613281,49.29991912841797,other,frozen_matched_deposited_minstate_v1,73.87566375732422,63.692596435546875,86.31340789794922
1ZV8_E_ASN1__022__3,1ZV8_E_ASN1,22,3,67.52376556396484,64.32124328613281,49.29991912841797,other,frozen_matched_deposited_minstate_v1,73.87566375732422,63.692596435546875,86.31340789794922
1ZV8_E_ASN1__023__0,1ZV8_E_ASN1,23,0,60.82884979248047,64.32124328613281,49.29991912841797,other,frozen_matched_deposited_minstate_v1,73.87566375732422,63.692596435546875,86.31340789794922
1ZV8_E_ASN1__023__1,1ZV8_E_ASN1,23,1,70.50604248046875,64.32124328613281,49.29991912841797,other,frozen_matched_deposited_minstate_v1,73.87566375732422,63.692596435546875,86.31340789794922
1ZV8_E_ASN1__023__2,1ZV8_E_ASN1,23,2,51.30402755737305,64.32124328613281,49.29991912841797,B,frozen_matched_deposited_minstate_v1,73.87566375732422,63.692596435546875,86.31340789794922
1ZV8_E_ASN1__023__3,1ZV8_E_ASN1,23,3,64.46929168701172,64.32124328613281,49.29991912841797,other,frozen_matched_deposited_minstate_v1,73.87566375732422,63.692596435546875,86.31340789794922
1ZV8_E_ASN1__024__0,1ZV8_E_ASN1,24,0,64.49276733398438,64.32124328613281,49.29991912841797,other,frozen_matched_deposited_minstate_v1,73.87566375732422,63.692596435546875,86.31340789794922
1ZV8_E_ASN1__024__1,1ZV8_E_ASN1,24,1,50.45164489746094,64.32124328613281,49.29991912841797,B,frozen_matched_deposited_minstate_v1,73.87566375732422,63.692596435546875,86.31340789794922
1ZV8_E_ASN1__024__2,1ZV8_E_ASN1,24,2,71.64202880859375,64.32124328613281,49.29991912841797,other,frozen_matched_deposited_minstate_v1,73.87566375732422,63.692596435546875,86.31340789794922
1ZV8_E_ASN1__024__3,1ZV8_E_ASN1,24,3,68.7984848022461,64.32124328613281,49.29991912841797,other,frozen_matched_deposited_minstate_v1,73.87566375732422,63.692596435546875,86.31340789794922
1ZV8_E_ASN1__025__0,1ZV8_E_ASN1,25,0,64.45770263671875,64.32124328613281,49.29991912841797,other,frozen_matched_deposited_minstate_v1,73.87566375732422,63.692596435546875,86.31340789794922
1ZV8_E_ASN1__025__1,1ZV8_E_ASN1,25,1,68.68790435791016,64.32124328613281,49.29991912841797,other,frozen_matched_deposited_minstate_v1,73.87566375732422,63.692596435546875,86.31340789794922
1ZV8_E_ASN1__025__2,1ZV8_E_ASN1,25,2,68.55347442626953,64.32124328613281,49.29991912841797,other,frozen_matched_deposited_minstate_v1,73.87566375732422,63.692596435546875,86.31340789794922
1ZV8_E_ASN1__025__3,1ZV8_E_ASN1,25,3,62.865684509277344,64.32124328613281,49.29991912841797,other,frozen_matched_deposited_minstate_v1,73.87566375732422,63.692596435546875,86.31340789794922
1ZV8_E_ASN1__026__0,1ZV8_E_ASN1,26,0,68.1544189453125,64.32124328613281,49.29991912841797,other,frozen_matched_deposited_minstate_v1,73.87566375732422,63.692596435546875,86.31340789794922
1ZV8_E_ASN1__026__1,1ZV8_E_ASN1,26,1,64.88700103759766,64.32124328613281,49.29991912841797,other,frozen_matched_deposited_minstate_v1,73.87566375732422,63.692596435546875,86.31340789794922
1ZV8_E_ASN1__026__2,1ZV8_E_ASN1,26,2,68.44888305664062,64.32124328613281,49.29991912841797,other,frozen_matched_deposited_minstate_v1,73.87566375732422,63.692596435546875,86.31340789794922
1ZV8_E_ASN1__026__3,1ZV8_E_ASN1,26,3,60.788414001464844,64.32124328613281,49.29991912841797,other,frozen_matched_deposited_minstate_v1,73.87566375732422,63.692596435546875,86.31340789794922
1ZV8_E_ASN1__027__0,1ZV8_E_ASN1,27,0,47.586463928222656,64.32124328613281,49.29991912841797,B,frozen_matched_deposited_minstate_v1,73.87566375732422,63.692596435546875,86.31340789794922
1ZV8_E_ASN1__027__1,1ZV8_E_ASN1,27,1,67.79023742675781,64.32124328613281,49.29991912841797,other,frozen_matched_deposited_minstate_v1,73.87566375732422,63.692596435546875,86.31340789794922
1ZV8_E_ASN1__027__2,1ZV8_E_ASN1,27,2,64.46427154541016,64.32124328613281,49.29991912841797,other,frozen_matched_deposited_minstate_v1,73.87566375732422,63.692596435546875,86.31340789794922
1ZV8_E_ASN1__027__3,1ZV8_E_ASN1,27,3,70.5362548828125,64.32124328613281,49.29991912841797,other,frozen_matched_deposited_minstate_v1,73.87566375732422,63.692596435546875,86.31340789794922
1ZV8_E_ASN1__028__0,1ZV8_E_ASN1,28,0,50.41101837158203,64.32124328613281,49.29991912841797,B,frozen_matched_deposited_minstate_v1,73.87566375732422,63.692596435546875,86.31340789794922
1ZV8_E_ASN1__028__2,1ZV8_E_ASN1,28,2,64.46819305419922,64.32124328613281,49.29991912841797,other,frozen_matched_deposited_minstate_v1,73.87566375732422,63.692596435546875,86.31340789794922
1ZV8_E_ASN1__028__3,1ZV8_E_ASN1,28,3,68.55143737792969,64.32124328613281,49.29991912841797,other,frozen_matched_deposited_minstate_v1,73.87566375732422,63.692596435546875,86.31340789794922
1ZV8_E_ASN1__029__0,1ZV8_E_ASN1,29,0,62.865684509277344,64.32124328613281,49.29991912841797,other,frozen_matched_deposited_minstate_v1,73.87566375732422,63.692596435546875,86.31340789794922
1ZV8_E_ASN1__029__1,1ZV8_E_ASN1,29,1,68.68790435791016,64.32124328613281,49.29991912841797,other,frozen_matched_deposited_minstate_v1,73.87566375732422,63.692596435546875,86.31340789794922
1ZV8_E_ASN1__029__2,1ZV8_E_ASN1,29,2,68.55347442626953,64.32124328613281,49.29991912841797,other,frozen_matched_deposited_minstate_v1,73.87566375732422,63.692596435546875,86.31340789794922
1ZV8_E_ASN1__029__3,1ZV8_E_ASN1,29,3,64.45770263671875,64.32124328613281,49.29991912841797,other,frozen_matched_deposited_minstate_v1,73.87566375732422,63.692596435546875,86.31340789794922
1ZV8_E_ASN1__030__0,1ZV8_E_ASN1,30,0,71.46422576904297,64.32124328613281,49.29991912841797,other,frozen_matched_deposited_minstate_v1,73.87566375732422,63.692596435546875,86.31340789794922
1ZV8_E_ASN1__030__1,1ZV8_E_ASN1,30,1,66.88584899902344,64.32124328613281,49.29991912841797,other,frozen_matched_deposited_minstate_v1,73.87566375732422,63.692596435546875,86.31340789794922
1ZV8_E_ASN1__030__2,1ZV8_E_ASN1,30,2,68.6524429321289,64.32124328613281,49.29991912841797,other,frozen_matched_deposited_minstate_v1,73.87566375732422,63.692596435546875,86.31340789794922
1ZV8_E_ASN1__030__3,1ZV8_E_ASN1,30,3,68.7667236328125,64.32124328613281,49.29991912841797,other,frozen_matched_deposited_minstate_v1,73.87566375732422,63.692596435546875,86.31340789794922
1ZV8_E_ASN1__031__0,1ZV8_E_ASN1,31,0,50.583099365234375,64.32124328613281,49.29991912841797,B,frozen_matched_deposited_minstate_v1,73.87566375732422,63.692596435546875,86.31340789794922
1ZV8_E_ASN1__031__1,1ZV8_E_ASN1,31,1,69.61157989501953,64.32124328613281,49.29991912841797,other,frozen_matched_deposited_minstate_v1,73.87566375732422,63.692596435546875,86.31340789794922
1ZV8_E_ASN1__031__2,1ZV8_E_ASN1,31,2,68.6348876953125,64.32124328613281,49.29991912841797,other,frozen_matched_deposited_minstate_v1,73.87566375732422,63.692596435546875,86.31340789794922
1ZV8_E_ASN1__031__3,1ZV8_E_ASN1,31,3,64.87474822998047,64.32124328613281,49.29991912841797,other,frozen_matched_deposited_minstate_v1,73.87566375732422,63.692596435546875,86.31340789794922
1ZV8_E_ASN1__032__0,1ZV8_E_ASN1,32,0,68.74083709716797,64.32124328613281,49.29991912841797,other,frozen_matched_deposited_minstate_v1,73.87566375732422,63.692596435546875,86.31340789794922
1ZV8_E_ASN1__032__2,1ZV8_E_ASN1,32,2,68.61788177490234,64.32124328613281,49.29991912841797,other,frozen_matched_deposited_minstate_v1,73.87566375732422,63.692596435546875,86.31340789794922
1ZV8_E_ASN1__032__3,1ZV8_E_ASN1,32,3,66.88843536376953,64.32124328613281,49.29991912841797,other,frozen_matched_deposited_minstate_v1,73.87566375732422,63.692596435546875,86.31340789794922
1ZV8_E_ASN1__033__0,1ZV8_E_ASN1,33,0,68.63871002197266,64.32124328613281,49.29991912841797,other,frozen_matched_deposited_minstate_v1,73.87566375732422,63.692596435546875,86.31340789794922
1ZV8_E_ASN1__033__1,1ZV8_E_ASN1,33,1,66.87467956542969,64.32124328613281,49.29991912841797,other,frozen_matched_deposited_minstate_v1,73.87566375732422,63.692596435546875,86.31340789794922
1ZV8_E_ASN1__033__2,1ZV8_E_ASN1,33,2,71.43635559082031,64.32124328613281,49.29991912841797,other,frozen_matched_deposited_minstate_v1,73.87566375732422,63.692596435546875,86.31340789794922
1ZV8_E_ASN1__033__3,1ZV8_E_ASN1,33,3,68.79899597167969,64.32124328613281,49.29991912841797,other,frozen_matched_deposited_minstate_v1,73.87566375732422,63.692596435546875,86.31340789794922
1ZV8_E_ASN1__034__0,1ZV8_E_ASN1,34,0,62.865684509277344,64.32124328613281,49.29991912841797,other,frozen_matched_deposited_minstate_v1,73.87566375732422,63.692596435546875,86.31340789794922
1ZV8_E_ASN1__034__1,1ZV8_E_ASN1,34,1,66.87498474121094,64.32124328613281,49.29991912841797,other,frozen_matched_deposited_minstate_v1,73.87566375732422,63.692596435546875,86.31340789794922
1ZV8_E_ASN1__034__2,1ZV8_E_ASN1,34,2,68.55990600585938,64.32124328613281,49.29991912841797,other,frozen_matched_deposited_minstate_v1,73.87566375732422,63.692596435546875,86.31340789794922
1ZV8_E_ASN1__034__3,1ZV8_E_ASN1,34,3,68.70336151123047,64.32124328613281,49.29991912841797,other,frozen_matched_deposited_minstate_v1,73.87566375732422,63.692596435546875,86.31340789794922
1ZV8_E_ASN1__035__0,1ZV8_E_ASN1,35,0,68.56376647949219,64.32124328613281,49.29991912841797,other,frozen_matched_deposited_minstate_v1,73.87566375732422,63.692596435546875,86.31340789794922
1ZV8_E_ASN1__035__1,1ZV8_E_ASN1,35,1,50.82365417480469,64.32124328613281,49.29991912841797,B,frozen_matched_deposited_minstate_v1,73.87566375732422,63.692596435546875,86.31340789794922
1ZV8_E_ASN1__035__2,1ZV8_E_ASN1,35,2,62.87805938720703,64.32124328613281,49.29991912841797,other,frozen_matched_deposited_minstate_v1,73.87566375732422,63.692596435546875,86.31340789794922
1ZV8_E_ASN1__035__3,1ZV8_E_ASN1,35,3,64.46063995361328,64.32124328613281,49.29991912841797,other,frozen_matched_deposited_minstate_v1,73.87566375732422,63.692596435546875,86.31340789794922
1ZV8_E_ASN1__036__0,1ZV8_E_ASN1,36,0,67.91012573242188,64.32124328613281,49.29991912841797,other,frozen_matched_deposited_minstate_v1,73.87566375732422,63.692596435546875,86.31340789794922
1ZV8_E_ASN1__036__2,1ZV8_E_ASN1,36,2,71.20825958251953,64.32124328613281,49.29991912841797,other,frozen_matched_deposited_minstate_v1,73.87566375732422,63.692596435546875,86.31340789794922
1ZV8_E_ASN1__036__3,1ZV8_E_ASN1,36,3,68.44320678710938,64.32124328613281,49.29991912841797,other,frozen_matched_deposited_minstate_v1,73.87566375732422,63.692596435546875,86.31340789794922
1ZV8_E_ASN1__037__0,1ZV8_E_ASN1,37,0,71.36761474609375,64.32124328613281,49.29991912841797,other,frozen_matched_deposited_minstate_v1,73.87566375732422,63.692596435546875,86.31340789794922
1ZV8_E_ASN1__037__1,1ZV8_E_ASN1,37,1,68.80423736572266,64.32124328613281,49.29991912841797,other,frozen_matched_deposited_minstate_v1,73.87566375732422,63.692596435546875,86.31340789794922
1ZV8_E_ASN1__037__2,1ZV8_E_ASN1,37,2,68.77664947509766,64.32124328613281,49.29991912841797,other,frozen_matched_deposited_minstate_v1,73.87566375732422,63.692596435546875,86.31340789794922
1ZV8_E_ASN1__037__3,1ZV8_E_ASN1,37,3,66.88475799560547,64.32124328613281,49.29991912841797,other,frozen_matched_deposited_minstate_v1,73.87566375732422,63.692596435546875,86.31340789794922
1ZV8_E_ASN1__038__0,1ZV8_E_ASN1,38,0,71.2419662475586,64.32124328613281,49.29991912841797,other,frozen_matched_deposited_minstate_v1,73.87566375732422,63.692596435546875,86.31340789794922
1ZV8_E_ASN1__038__1,1ZV8_E_ASN1,38,1,68.57401275634766,64.32124328613281,49.29991912841797,other,frozen_matched_deposited_minstate_v1,73.87566375732422,63.692596435546875,86.31340789794922
1ZV8_E_ASN1__038__2,1ZV8_E_ASN1,38,2,68.22415161132812,64.32124328613281,49.29991912841797,other,frozen_matched_deposited_minstate_v1,73.87566375732422,63.692596435546875,86.31340789794922
1ZV8_E_ASN1__038__3,1ZV8_E_ASN1,38,3,66.8777084350586,64.32124328613281,49.29991912841797,other,frozen_matched_deposited_minstate_v1,73.87566375732422,63.692596435546875,86.31340789794922
1ZV8_E_ASN1__039__0,1ZV8_E_ASN1,39,0,66.88317108154297,64.32124328613281,49.29991912841797,other,frozen_matched_deposited_minstate_v1,73.87566375732422,63.692596435546875,86.31340789794922
1ZV8_E_ASN1__039__1,1ZV8_E_ASN1,39,1,47.584617614746094,64.32124328613281,49.29991912841797,B,frozen_matched_deposited_minstate_v1,73.87566375732422,63.692596435546875,86.31340789794922
1ZV8_E_ASN1__039__2,1ZV8_E_ASN1,39,2,70.538330078125,64.32124328613281,49.29991912841797,other,frozen_matched_deposited_minstate_v1,73.87566375732422,63.692596435546875,86.31340789794922
1ZV8_E_ASN1__039__3,1ZV8_E_ASN1,39,3,67.8067626953125,64.32124328613281,49.29991912841797,other,frozen_matched_deposited_minstate_v1,73.87566375732422,63.692596435546875,86.31340789794922
1ZV8_E_ASN1__040__1,1ZV8_E_ASN1,40,1,68.53706359863281,64.32124328613281,49.29991912841797,other,frozen_matched_deposited_minstate_v1,73.87566375732422,63.692596435546875,86.31340789794922
1ZV8_E_ASN1__040__2,1ZV8_E_ASN1,40,2,68.83775329589844,64.32124328613281,49.29991912841797,other,frozen_matched_deposited_minstate_v1,73.87566375732422,63.692596435546875,86.31340789794922
1ZV8_E_ASN1__040__3,1ZV8_E_ASN1,40,3,64.47521209716797,64.32124328613281,49.29991912841797,other,frozen_matched_deposited_minstate_v1,73.87566375732422,63.692596435546875,86.31340789794922
1ZV8_E_ASN1__041__0,1ZV8_E_ASN1,41,0,72.18916320800781,64.32124328613281,49.29991912841797,other,frozen_matched_deposited_minstate_v1,73.87566375732422,63.692596435546875,86.31340789794922
1ZV8_E_ASN1__041__1,1ZV8_E_ASN1,41,1,70.31965637207031,64.32124328613281,49.29991912841797,other,frozen_matched_deposited_minstate_v1,73.87566375732422,63.692596435546875,86.31340789794922
1ZV8_E_ASN1__041__2,1ZV8_E_ASN1,41,2,50.87324523925781,64.32124328613281,49.29991912841797,B,frozen_matched_deposited_minstate_v1,73.87566375732422,63.692596435546875,86.31340789794922
1ZV8_E_ASN1__041__3,1ZV8_E_ASN1,41,3,64.4427261352539,64.32124328613281,49.29991912841797,other,frozen_matched_deposited_minstate_v1,73.87566375732422,63.692596435546875,86.31340789794922
1ZV8_E_ASN1__042__0,1ZV8_E_ASN1,42,0,71.24665832519531,64.32124328613281,49.29991912841797,other,frozen_matched_deposited_minstate_v1,73.87566375732422,63.692596435546875,86.31340789794922
1ZV8_E_ASN1__042__1,1ZV8_E_ASN1,42,1,68.22541809082031,64.32124328613281,49.29991912841797,other,frozen_matched_deposited_minstate_v1,73.87566375732422,63.692596435546875,86.31340789794922
1ZV8_E_ASN1__042__2,1ZV8_E_ASN1,42,2,68.57268524169922,64.32124328613281,49.29991912841797,other,frozen_matched_deposited_minstate_v1,73.87566375732422,63.692596435546875,86.31340789794922
1ZV8_E_ASN1__042__3,1ZV8_E_ASN1,42,3,66.8777084350586,64.32124328613281,49.29991912841797,other,frozen_matched_deposited_minstate_v1,73.87566375732422,63.692596435546875,86.31340789794922
1ZV8_E_ASN1__043__0,1ZV8_E_ASN1,43,0,68.79349517822266,64.32124328613281,49.29991912841797,other,frozen_matched_deposited_minstate_v1,73.87566375732422,63.692596435546875,86.31340789794922
1ZV8_E_ASN1__043__1,1ZV8_E_ASN1,43,1,66.89240264892578,64.32124328613281,49.29991912841797,other,frozen_matched_deposited_minstate_v1,73.87566375732422,63.692596435546875,86.31340789794922
1ZV8_E_ASN1__043__2,1ZV8_E_ASN1,43,2,68.74340057373047,64.32124328613281,49.29991912841797,other,frozen_matched_deposited_minstate_v1,73.87566375732422,63.692596435546875,86.31340789794922
1ZV8_E_ASN1__043__3,1ZV8_E_ASN1,43,3,72.37666320800781,64.32124328613281,49.29991912841797,other,frozen_matched_deposited_minstate_v1,73.87566375732422,63.692596435546875,86.31340789794922
1ZV8_E_ASN1__044__0,1ZV8_E_ASN1,44,0,68.66654968261719,64.32124328613281,49.29991912841797,other,frozen_matched_deposited_minstate_v1,73.87566375732422,63.692596435546875,86.31340789794922
1ZV8_E_ASN1__044__1,1ZV8_E_ASN1,44,1,68.37216186523438,64.32124328613281,49.29991912841797,other,frozen_matched_deposited_minstate_v1,73.87566375732422,63.692596435546875,86.31340789794922
1ZV8_E_ASN1__044__2,1ZV8_E_ASN1,44,2,51.34819793701172,64.32124328613281,49.29991912841797,B,frozen_matched_deposited_minstate_v1,73.87566375732422,63.692596435546875,86.31340789794922
1ZV8_E_ASN1__044__3,1ZV8_E_ASN1,44,3,71.22862243652344,64.32124328613281,49.29991912841797,other,frozen_matched_deposited_minstate_v1,73.87566375732422,63.692596435546875,86.31340789794922
1ZV8_E_ASN1__045__0,1ZV8_E_ASN1,45,0,73.39095306396484,64.32124328613281,49.29991912841797,other,frozen_matched_deposited_minstate_v1,73.87566375732422,63.692596435546875,86.31340789794922
1ZV8_E_ASN1__045__1,1ZV8_E_ASN1,45,1,68.03643035888672,64.32124328613281,49.29991912841797,other,frozen_matched_deposited_minstate_v1,73.87566375732422,63.692596435546875,86.31340789794922
1ZV8_E_ASN1__045__2,1ZV8_E_ASN1,45,2,71.2164306640625,64.32124328613281,49.29991912841797,other,frozen_matched_deposited_minstate_v1,73.87566375732422,63.692596435546875,86.31340789794922
1ZV8_E_ASN1__045__3,1ZV8_E_ASN1,45,3,59.82119369506836,64.32124328613281,49.29991912841797,A,frozen_matched_deposited_minstate_v1,73.87566375732422,63.692596435546875,86.31340789794922
1ZV8_E_ASN1__046__0,1ZV8_E_ASN1,46,0,68.67196655273438,64.32124328613281,49.29991912841797,other,frozen_matched_deposited_minstate_v1,73.87566375732422,63.692596435546875,86.31340789794922
1ZV8_E_ASN1__046__1,1ZV8_E_ASN1,46,1,68.84008026123047,64.32124328613281,49.29991912841797,other,frozen_matched_deposited_minstate_v1,73.87566375732422,63.692596435546875,86.31340789794922
1ZV8_E_ASN1__046__2,1ZV8_E_ASN1,46,2,68.63229370117188,64.32124328613281,49.29991912841797,other,frozen_matched_deposited_minstate_v1,73.87566375732422,63.692596435546875,86.31340789794922
1ZV8_E_ASN1__046__3,1ZV8_E_ASN1,46,3,66.87471008300781,64.32124328613281,49.29991912841797,other,frozen_matched_deposited_minstate_v1,73.87566375732422,63.692596435546875,86.31340789794922
1ZV8_E_ASN1__047__0,1ZV8_E_ASN1,47,0,71.81379699707031,64.32124328613281,49.29991912841797,other,frozen_matched_deposited_minstate_v1,73.87566375732422,63.692596435546875,86.31340789794922
1ZV8_E_ASN1__047__1,1ZV8_E_ASN1,47,1,50.38268280029297,64.32124328613281,49.29991912841797,B,frozen_matched_deposited_minstate_v1,73.87566375732422,63.692596435546875,86.31340789794922
1ZV8_E_ASN1__047__2,1ZV8_E_ASN1,47,2,66.90550994873047,64.32124328613281,49.29991912841797,other,frozen_matched_deposited_minstate_v1,73.87566375732422,63.692596435546875,86.31340789794922
1ZV8_E_ASN1__047__3,1ZV8_E_ASN1,47,3,71.34166717529297,64.32124328613281,49.29991912841797,other,frozen_matched_deposited_minstate_v1,73.87566375732422,63.692596435546875,86.31340789794922
1ZV8_E_ASN1__048__1,1ZV8_E_ASN1,48,1,67.90843200683594,64.32124328613281,49.29991912841797,other,frozen_matched_deposited_minstate_v1,73.87566375732422,63.692596435546875,86.31340789794922
1ZV8_E_ASN1__048__2,1ZV8_E_ASN1,48,2,68.43989562988281,64.32124328613281,49.29991912841797,other,frozen_matched_deposited_minstate_v1,73.87566375732422,63.692596435546875,86.31340789794922
1ZV8_E_ASN1__048__3,1ZV8_E_ASN1,48,3,71.20526885986328,64.32124328613281,49.29991912841797,other,frozen_matched_deposited_minstate_v1,73.87566375732422,63.692596435546875,86.31340789794922
1ZV8_E_ASN1__049__0,1ZV8_E_ASN1,49,0,70.50627899169922,64.32124328613281,49.29991912841797,other,frozen_matched_deposited_minstate_v1,73.87566375732422,63.692596435546875,86.31340789794922
1ZV8_E_ASN1__049__1,1ZV8_E_ASN1,49,1,64.46826934814453,64.32124328613281,49.29991912841797,other,frozen_matched_deposited_minstate_v1,73.87566375732422,63.692596435546875,86.31340789794922
1ZV8_E_ASN1__049__2,1ZV8_E_ASN1,49,2,47.584617614746094,64.32124328613281,49.29991912841797,B,frozen_matched_deposited_minstate_v1,73.87566375732422,63.692596435546875,86.31340789794922
1ZV8_E_ASN1__049__3,1ZV8_E_ASN1,49,3,67.79023742675781,64.32124328613281,49.29991912841797,other,frozen_matched_deposited_minstate_v1,73.87566375732422,63.692596435546875,86.31340789794922
6Y4G_B_CYS260__000__1,6Y4G_B_CYS260,0,1,72.52421569824219,74.22608184814453,72.59806060791016,B,frozen_matched_deposited_minstate_v1,73.83545532226563,72.580322265625,75.77439880371094
6Y4G_B_CYS260__000__2,6Y4G_B_CYS260,0,2,74.09749603271484,74.22608184814453,72.59806060791016,A,frozen_matched_deposited_minstate_v1,73.83545532226563,72.580322265625,75.77439880371094
6Y4G_B_CYS260__001__0,6Y4G_B_CYS260,1,0,73.9072036743164,74.22608184814453,72.59806060791016,A,frozen_matched_deposited_minstate_v1,73.83545532226563,72.580322265625,75.77439880371094
6Y4G_B_CYS260__001__2,6Y4G_B_CYS260,1,2,72.49877166748047,74.22608184814453,72.59806060791016,B,frozen_matched_deposited_minstate_v1,73.83545532226563,72.580322265625,75.77439880371094
6Y4G_B_CYS260__002__1,6Y4G_B_CYS260,2,1,72.38887786865234,74.22608184814453,72.59806060791016,B,frozen_matched_deposited_minstate_v1,73.83545532226563,72.580322265625,75.77439880371094
6Y4G_B_CYS260__002__2,6Y4G_B_CYS260,2,2,74.0868911743164,74.22608184814453,72.59806060791016,A,frozen_matched_deposited_minstate_v1,73.83545532226563,72.580322265625,75.77439880371094
6Y4G_B_CYS260__003__1,6Y4G_B_CYS260,3,1,72.51995086669922,74.22608184814453,72.59806060791016,B,frozen_matched_deposited_minstate_v1,73.83545532226563,72.580322265625,75.77439880371094
6Y4G_B_CYS260__003__2,6Y4G_B_CYS260,3,2,74.06659698486328,74.22608184814453,72.59806060791016,A,frozen_matched_deposited_minstate_v1,73.83545532226563,72.580322265625,75.77439880371094
6Y4G_B_CYS260__004__0,6Y4G_B_CYS260,4,0,74.0868911743164,74.22608184814453,72.59806060791016,A,frozen_matched_deposited_minstate_v1,73.83545532226563,72.580322265625,75.77439880371094
6Y4G_B_CYS260__004__3,6Y4G_B_CYS260,4,3,72.5679931640625,74.22608184814453,72.59806060791016,B,frozen_matched_deposited_minstate_v1,73.83545532226563,72.580322265625,75.77439880371094
6Y4G_B_CYS260__005__1,6Y4G_B_CYS260,5,1,74.33950805664062,74.22608184814453,72.59806060791016,A,frozen_matched_deposited_minstate_v1,73.83545532226563,72.580322265625,75.77439880371094
6Y4G_B_CYS260__005__2,6Y4G_B_CYS260,5,2,72.50131225585938,74.22608184814453,72.59806060791016,B,frozen_matched_deposited_minstate_v1,73.83545532226563,72.580322265625,75.77439880371094
6Y4G_B_CYS260__005__3,6Y4G_B_CYS260,5,3,73.58161163330078,74.22608184814453,72.59806060791016,other,frozen_matched_deposited_minstate_v1,73.83545532226563,72.580322265625,75.77439880371094
6Y4G_B_CYS260__006__1,6Y4G_B_CYS260,6,1,74.04032135009766,74.22608184814453,72.59806060791016,A,frozen_matched_deposited_minstate_v1,73.83545532226563,72.580322265625,75.77439880371094
6Y4G_B_CYS260__006__2,6Y4G_B_CYS260,6,2,72.51995086669922,74.22608184814453,72.59806060791016,B,frozen_matched_deposited_minstate_v1,73.83545532226563,72.580322265625,75.77439880371094
6Y4G_B_CYS260__007__0,6Y4G_B_CYS260,7,0,72.52694702148438,74.22608184814453,72.59806060791016,B,frozen_matched_deposited_minstate_v1,73.83545532226563,72.580322265625,75.77439880371094
6Y4G_B_CYS260__007__1,6Y4G_B_CYS260,7,1,74.02582550048828,74.22608184814453,72.59806060791016,A,frozen_matched_deposited_minstate_v1,73.83545532226563,72.580322265625,75.77439880371094
6Y4G_B_CYS260__008__0,6Y4G_B_CYS260,8,0,74.08836364746094,74.22608184814453,72.59806060791016,A,frozen_matched_deposited_minstate_v1,73.83545532226563,72.580322265625,75.77439880371094
6Y4G_B_CYS260__008__2,6Y4G_B_CYS260,8,2,72.43815612792969,74.22608184814453,72.59806060791016,B,frozen_matched_deposited_minstate_v1,73.83545532226563,72.580322265625,75.77439880371094
6Y4G_B_CYS260__009__2,6Y4G_B_CYS260,9,2,73.90003204345703,74.22608184814453,72.59806060791016,A,frozen_matched_deposited_minstate_v1,73.83545532226563,72.580322265625,75.77439880371094
6Y4G_B_CYS260__009__3,6Y4G_B_CYS260,9,3,72.51126098632812,74.22608184814453,72.59806060791016,B,frozen_matched_deposited_minstate_v1,73.83545532226563,72.580322265625,75.77439880371094
6Y4G_B_CYS260__010__0,6Y4G_B_CYS260,10,0,73.5733642578125,74.22608184814453,72.59806060791016,other,frozen_matched_deposited_minstate_v1,73.83545532226563,72.580322265625,75.77439880371094
6Y4G_B_CYS260__010__1,6Y4G_B_CYS260,10,1,72.51995086669922,74.22608184814453,72.59806060791016,B,frozen_matched_deposited_minstate_v1,73.83545532226563,72.580322265625,75.77439880371094
6Y4G_B_CYS260__010__2,6Y4G_B_CYS260,10,2,74.08119201660156,74.22608184814453,72.59806060791016,A,frozen_matched_deposited_minstate_v1,73.83545532226563,72.580322265625,75.77439880371094
6Y4G_B_CYS260__011__2,6Y4G_B_CYS260,11,2,72.52151489257812,74.22608184814453,72.59806060791016,B,frozen_matched_deposited_minstate_v1,73.83545532226563,72.580322265625,75.77439880371094
6Y4G_B_CYS260__011__3,6Y4G_B_CYS260,11,3,74.07698059082031,74.22608184814453,72.59806060791016,A,frozen_matched_deposited_minstate_v1,73.83545532226563,72.580322265625,75.77439880371094
6Y4G_B_CYS260__012__0,6Y4G_B_CYS260,12,0,73.99993896484375,74.22608184814453,72.59806060791016,A,frozen_matched_deposited_minstate_v1,73.83545532226563,72.580322265625,75.77439880371094
6Y4G_B_CYS260__012__2,6Y4G_B_CYS260,12,2,72.51658630371094,74.22608184814453,72.59806060791016,B,frozen_matched_deposited_minstate_v1,73.83545532226563,72.580322265625,75.77439880371094
6Y4G_B_CYS260__013__0,6Y4G_B_CYS260,13,0,73.99047088623047,74.22608184814453,72.59806060791016,A,frozen_matched_deposited_minstate_v1,73.83545532226563,72.580322265625,75.77439880371094
6Y4G_B_CYS260__013__3,6Y4G_B_CYS260,13,3,72.51658630371094,74.22608184814453,72.59806060791016,B,frozen_matched_deposited_minstate_v1,73.83545532226563,72.580322265625,75.77439880371094
6Y4G_B_CYS260__014__0,6Y4G_B_CYS260,14,0,72.52421569824219,74.22608184814453,72.59806060791016,B,frozen_matched_deposited_minstate_v1,73.83545532226563,72.580322265625,75.77439880371094
6Y4G_B_CYS260__014__1,6Y4G_B_CYS260,14,1,74.11258697509766,74.22608184814453,72.59806060791016,A,frozen_matched_deposited_minstate_v1,73.83545532226563,72.580322265625,75.77439880371094
6Y4G_B_CYS260__014__3,6Y4G_B_CYS260,14,3,73.57440948486328,74.22608184814453,72.59806060791016,other,frozen_matched_deposited_minstate_v1,73.83545532226563,72.580322265625,75.77439880371094
6Y4G_B_CYS260__015__1,6Y4G_B_CYS260,15,1,74.06328582763672,74.22608184814453,72.59806060791016,A,frozen_matched_deposited_minstate_v1,73.83545532226563,72.580322265625,75.77439880371094
6Y4G_B_CYS260__015__3,6Y4G_B_CYS260,15,3,72.42477416992188,74.22608184814453,72.59806060791016,B,frozen_matched_deposited_minstate_v1,73.83545532226563,72.580322265625,75.77439880371094
6Y4G_B_CYS260__016__1,6Y4G_B_CYS260,16,1,74.09749603271484,74.22608184814453,72.59806060791016,A,frozen_matched_deposited_minstate_v1,73.83545532226563,72.580322265625,75.77439880371094
6Y4G_B_CYS260__016__3,6Y4G_B_CYS260,16,3,72.52421569824219,74.22608184814453,72.59806060791016,B,frozen_matched_deposited_minstate_v1,73.83545532226563,72.580322265625,75.77439880371094
6Y4G_B_CYS260__017__0,6Y4G_B_CYS260,17,0,74.11600494384766,74.22608184814453,72.59806060791016,A,frozen_matched_deposited_minstate_v1,73.83545532226563,72.580322265625,75.77439880371094
6Y4G_B_CYS260__017__3,6Y4G_B_CYS260,17,3,72.52151489257812,74.22608184814453,72.59806060791016,B,frozen_matched_deposited_minstate_v1,73.83545532226563,72.580322265625,75.77439880371094
6Y4G_B_CYS260__018__0,6Y4G_B_CYS260,18,0,74.07365417480469,74.22608184814453,72.59806060791016,A,frozen_matched_deposited_minstate_v1,73.83545532226563,72.580322265625,75.77439880371094
6Y4G_B_CYS260__018__1,6Y4G_B_CYS260,18,1,72.52151489257812,74.22608184814453,72.59806060791016,B,frozen_matched_deposited_minstate_v1,73.83545532226563,72.580322265625,75.77439880371094
6Y4G_B_CYS260__019__1,6Y4G_B_CYS260,19,1,74.09749603271484,74.22608184814453,72.59806060791016,A,frozen_matched_deposited_minstate_v1,73.83545532226563,72.580322265625,75.77439880371094
6Y4G_B_CYS260__019__3,6Y4G_B_CYS260,19,3,72.52421569824219,74.22608184814453,72.59806060791016,B,frozen_matched_deposited_minstate_v1,73.83545532226563,72.580322265625,75.77439880371094
6Y4G_B_CYS260__020__0,6Y4G_B_CYS260,20,0,73.84561157226562,74.22608184814453,72.59806060791016,A,frozen_matched_deposited_minstate_v1,73.83545532226563,72.580322265625,75.77439880371094
6Y4G_B_CYS260__020__3,6Y4G_B_CYS260,20,3,72.51390838623047,74.22608184814453,72.59806060791016,B,frozen_matched_deposited_minstate_v1,73.83545532226563,72.580322265625,75.77439880371094
6Y4G_B_CYS260__021__2,6Y4G_B_CYS260,21,2,72.52151489257812,74.22608184814453,72.59806060791016,B,frozen_matched_deposited_minstate_v1,73.83545532226563,72.580322265625,75.77439880371094
6Y4G_B_CYS260__021__3,6Y4G_B_CYS260,21,3,74.02582550048828,74.22608184814453,72.59806060791016,A,frozen_matched_deposited_minstate_v1,73.83545532226563,72.580322265625,75.77439880371094
6Y4G_B_CYS260__022__2,6Y4G_B_CYS260,22,2,74.01657104492188,74.22608184814453,72.59806060791016,A,frozen_matched_deposited_minstate_v1,73.83545532226563,72.580322265625,75.77439880371094
6Y4G_B_CYS260__022__3,6Y4G_B_CYS260,22,3,72.52151489257812,74.22608184814453,72.59806060791016,B,frozen_matched_deposited_minstate_v1,73.83545532226563,72.580322265625,75.77439880371094
6Y4G_B_CYS260__023__2,6Y4G_B_CYS260,23,2,74.0868911743164,74.22608184814453,72.59806060791016,A,frozen_matched_deposited_minstate_v1,73.83545532226563,72.580322265625,75.77439880371094
6Y4G_B_CYS260__023__3,6Y4G_B_CYS260,23,3,72.43580627441406,74.22608184814453,72.59806060791016,B,frozen_matched_deposited_minstate_v1,73.83545532226563,72.580322265625,75.77439880371094
6Y4G_B_CYS260__024__1,6Y4G_B_CYS260,24,1,74.08353424072266,74.22608184814453,72.59806060791016,A,frozen_matched_deposited_minstate_v1,73.83545532226563,72.580322265625,75.77439880371094
6Y4G_B_CYS260__024__3,6Y4G_B_CYS260,24,3,72.3957748413086,74.22608184814453,72.59806060791016,B,frozen_matched_deposited_minstate_v1,73.83545532226563,72.580322265625,75.77439880371094
6Y4G_B_CYS260__025__0,6Y4G_B_CYS260,25,0,74.0037841796875,74.22608184814453,72.59806060791016,A,frozen_matched_deposited_minstate_v1,73.83545532226563,72.580322265625,75.77439880371094
6Y4G_B_CYS260__025__3,6Y4G_B_CYS260,25,3,72.51995086669922,74.22608184814453,72.59806060791016,B,frozen_matched_deposited_minstate_v1,73.83545532226563,72.580322265625,75.77439880371094
6Y4G_B_CYS260__026__0,6Y4G_B_CYS260,26,0,72.50865173339844,74.22608184814453,72.59806060791016,B,frozen_matched_deposited_minstate_v1,73.83545532226563,72.580322265625,75.77439880371094
6Y4G_B_CYS260__026__1,6Y4G_B_CYS260,26,1,73.90447998046875,74.22608184814453,72.59806060791016,A,frozen_matched_deposited_minstate_v1,73.83545532226563,72.580322265625,75.77439880371094
6Y4G_B_CYS260__027__0,6Y4G_B_CYS260,27,0,78.6138916015625,74.22608184814453,72.59806060791016,other,frozen_matched_deposited_minstate_v1,73.83545532226563,72.580322265625,75.77439880371094
6Y4G_B_CYS260__027__2,6Y4G_B_CYS260,27,2,73.98111724853516,74.22608184814453,72.59806060791016,A,frozen_matched_deposited_minstate_v1,73.83545532226563,72.580322265625,75.77439880371094
6Y4G_B_CYS260__027__3,6Y4G_B_CYS260,27,3,72.84540557861328,74.22608184814453,72.59806060791016,B,frozen_matched_deposited_minstate_v1,73.83545532226563,72.580322265625,75.77439880371094
6Y4G_B_CYS260__028__0,6Y4G_B_CYS260,28,0,72.51390838623047,74.22608184814453,72.59806060791016,B,frozen_matched_deposited_minstate_v1,73.83545532226563,72.580322265625,75.77439880371094
6Y4G_B_CYS260__028__1,6Y4G_B_CYS260,28,1,77.78485870361328,74.22608184814453,72.59806060791016,other,frozen_matched_deposited_minstate_v1,73.83545532226563,72.580322265625,75.77439880371094
6Y4G_B_CYS260__028__3,6Y4G_B_CYS260,28,3,73.94367218017578,74.22608184814453,72.59806060791016,A,frozen_matched_deposited_minstate_v1,73.83545532226563,72.580322265625,75.77439880371094
6Y4G_B_CYS260__029__0,6Y4G_B_CYS260,29,0,72.42477416992188,74.22608184814453,72.59806060791016,B,frozen_matched_deposited_minstate_v1,73.83545532226563,72.580322265625,75.77439880371094
6Y4G_B_CYS260__029__3,6Y4G_B_CYS260,29,3,74.08353424072266,74.22608184814453,72.59806060791016,A,frozen_matched_deposited_minstate_v1,73.83545532226563,72.580322265625,75.77439880371094
6Y4G_B_CYS260__030__0,6Y4G_B_CYS260,30,0,72.52421569824219,74.22608184814453,72.59806060791016,B,frozen_matched_deposited_minstate_v1,73.83545532226563,72.580322265625,75.77439880371094
6Y4G_B_CYS260__030__3,6Y4G_B_CYS260,30,3,74.02582550048828,74.22608184814453,72.59806060791016,A,frozen_matched_deposited_minstate_v1,73.83545532226563,72.580322265625,75.77439880371094
6Y4G_B_CYS260__031__0,6Y4G_B_CYS260,31,0,72.52421569824219,74.22608184814453,72.59806060791016,B,frozen_matched_deposited_minstate_v1,73.83545532226563,72.580322265625,75.77439880371094
6Y4G_B_CYS260__031__2,6Y4G_B_CYS260,31,2,74.02501678466797,74.22608184814453,72.59806060791016,A,frozen_matched_deposited_minstate_v1,73.83545532226563,72.580322265625,75.77439880371094
6Y4G_B_CYS260__032__1,6Y4G_B_CYS260,32,1,74.09749603271484,74.22608184814453,72.59806060791016,A,frozen_matched_deposited_minstate_v1,73.83545532226563,72.580322265625,75.77439880371094
6Y4G_B_CYS260__032__2,6Y4G_B_CYS260,32,2,72.52421569824219,74.22608184814453,72.59806060791016,B,frozen_matched_deposited_minstate_v1,73.83545532226563,72.580322265625,75.77439880371094
6Y4G_B_CYS260__033__0,6Y4G_B_CYS260,33,0,72.52421569824219,74.22608184814453,72.59806060791016,B,frozen_matched_deposited_minstate_v1,73.83545532226563,72.580322265625,75.77439880371094
6Y4G_B_CYS260__033__1,6Y4G_B_CYS260,33,1,74.09749603271484,74.22608184814453,72.59806060791016,A,frozen_matched_deposited_minstate_v1,73.83545532226563,72.580322265625,75.77439880371094
6Y4G_B_CYS260__034__1,6Y4G_B_CYS260,34,1,72.51725006103516,74.22608184814453,72.59806060791016,B,frozen_matched_deposited_minstate_v1,73.83545532226563,72.580322265625,75.77439880371094
6Y4G_B_CYS260__034__3,6Y4G_B_CYS260,34,3,73.99557495117188,74.22608184814453,72.59806060791016,A,frozen_matched_deposited_minstate_v1,73.83545532226563,72.580322265625,75.77439880371094
6Y4G_B_CYS260__035__0,6Y4G_B_CYS260,35,0,74.04984283447266,74.22608184814453,72.59806060791016,A,frozen_matched_deposited_minstate_v1,73.83545532226563,72.580322265625,75.77439880371094
6Y4G_B_CYS260__035__2,6Y4G_B_CYS260,35,2,72.45219421386719,74.22608184814453,72.59806060791016,B,frozen_matched_deposited_minstate_v1,73.83545532226563,72.580322265625,75.77439880371094
6Y4G_B_CYS260__036__1,6Y4G_B_CYS260,36,1,74.09749603271484,74.22608184814453,72.59806060791016,A,frozen_matched_deposited_minstate_v1,73.83545532226563,72.580322265625,75.77439880371094
6Y4G_B_CYS260__036__2,6Y4G_B_CYS260,36,2,72.52421569824219,74.22608184814453,72.59806060791016,B,frozen_matched_deposited_minstate_v1,73.83545532226563,72.580322265625,75.77439880371094
6Y4G_B_CYS260__037__0,6Y4G_B_CYS260,37,0,72.52421569824219,74.22608184814453,72.59806060791016,B,frozen_matched_deposited_minstate_v1,73.83545532226563,72.580322265625,75.77439880371094
6Y4G_B_CYS260__037__1,6Y4G_B_CYS260,37,1,74.01736450195312,74.22608184814453,72.59806060791016,A,frozen_matched_deposited_minstate_v1,73.83545532226563,72.580322265625,75.77439880371094
6Y4G_B_CYS260__038__2,6Y4G_B_CYS260,38,2,72.51995086669922,74.22608184814453,72.59806060791016,B,frozen_matched_deposited_minstate_v1,73.83545532226563,72.580322265625,75.77439880371094
6Y4G_B_CYS260__038__3,6Y4G_B_CYS260,38,3,73.95254516601562,74.22608184814453,72.59806060791016,A,frozen_matched_deposited_minstate_v1,73.83545532226563,72.580322265625,75.77439880371094
6Y4G_B_CYS260__039__0,6Y4G_B_CYS260,39,0,74.06659698486328,74.22608184814453,72.59806060791016,A,frozen_matched_deposited_minstate_v1,73.83545532226563,72.580322265625,75.77439880371094
6Y4G_B_CYS260__039__3,6Y4G_B_CYS260,39,3,72.38887786865234,74.22608184814453,72.59806060791016,B,frozen_matched_deposited_minstate_v1,73.83545532226563,72.580322265625,75.77439880371094
6Y4G_B_CYS260__040__2,6Y4G_B_CYS260,40,2,72.52151489257812,74.22608184814453,72.59806060791016,B,frozen_matched_deposited_minstate_v1,73.83545532226563,72.580322265625,75.77439880371094
6Y4G_B_CYS260__040__3,6Y4G_B_CYS260,40,3,74.04899597167969,74.22608184814453,72.59806060791016,A,frozen_matched_deposited_minstate_v1,73.83545532226563,72.580322265625,75.77439880371094
6Y4G_B_CYS260__041__0,6Y4G_B_CYS260,41,0,73.97736358642578,74.22608184814453,72.59806060791016,A,frozen_matched_deposited_minstate_v1,73.83545532226563,72.580322265625,75.77439880371094
6Y4G_B_CYS260__041__1,6Y4G_B_CYS260,41,1,72.51658630371094,74.22608184814453,72.59806060791016,B,frozen_matched_deposited_minstate_v1,73.83545532226563,72.580322265625,75.77439880371094
6Y4G_B_CYS260__042__0,6Y4G_B_CYS260,42,0,72.52421569824219,74.22608184814453,72.59806060791016,B,frozen_matched_deposited_minstate_v1,73.83545532226563,72.580322265625,75.77439880371094
6Y4G_B_CYS260__042__1,6Y4G_B_CYS260,42,1,74.09749603271484,74.22608184814453,72.59806060791016,A,frozen_matched_deposited_minstate_v1,73.83545532226563,72.580322265625,75.77439880371094
6Y4G_B_CYS260__043__0,6Y4G_B_CYS260,43,0,72.52151489257812,74.22608184814453,72.59806060791016,B,frozen_matched_deposited_minstate_v1,73.83545532226563,72.580322265625,75.77439880371094
6Y4G_B_CYS260__043__2,6Y4G_B_CYS260,43,2,73.98111724853516,74.22608184814453,72.59806060791016,A,frozen_matched_deposited_minstate_v1,73.83545532226563,72.580322265625,75.77439880371094
6Y4G_B_CYS260__044__1,6Y4G_B_CYS260,44,1,74.29383850097656,74.22608184814453,72.59806060791016,A,frozen_matched_deposited_minstate_v1,73.83545532226563,72.580322265625,75.77439880371094
6Y4G_B_CYS260__044__2,6Y4G_B_CYS260,44,2,72.52421569824219,74.22608184814453,72.59806060791016,B,frozen_matched_deposited_minstate_v1,73.83545532226563,72.580322265625,75.77439880371094
6Y4G_B_CYS260__044__3,6Y4G_B_CYS260,44,3,73.71847534179688,74.22608184814453,72.59806060791016,other,frozen_matched_deposited_minstate_v1,73.83545532226563,72.580322265625,75.77439880371094
6Y4G_B_CYS260__045__0,6Y4G_B_CYS260,45,0,74.05860900878906,74.22608184814453,72.59806060791016,A,frozen_matched_deposited_minstate_v1,73.83545532226563,72.580322265625,75.77439880371094
6Y4G_B_CYS260__045__3,6Y4G_B_CYS260,45,3,72.51995086669922,74.22608184814453,72.59806060791016,B,frozen_matched_deposited_minstate_v1,73.83545532226563,72.580322265625,75.77439880371094
6Y4G_B_CYS260__046__0,6Y4G_B_CYS260,46,0,74.09172058105469,74.22608184814453,72.59806060791016,A,frozen_matched_deposited_minstate_v1,73.83545532226563,72.580322265625,75.77439880371094
6Y4G_B_CYS260__046__2,6Y4G_B_CYS260,46,2,76.41267395019531,74.22608184814453,72.59806060791016,other,frozen_matched_deposited_minstate_v1,73.83545532226563,72.580322265625,75.77439880371094
6Y4G_B_CYS260__046__3,6Y4G_B_CYS260,46,3,72.42880249023438,74.22608184814453,72.59806060791016,B,frozen_matched_deposited_minstate_v1,73.83545532226563,72.580322265625,75.77439880371094
6Y4G_B_CYS260__047__0,6Y4G_B_CYS260,47,0,74.02501678466797,74.22608184814453,72.59806060791016,A,frozen_matched_deposited_minstate_v1,73.83545532226563,72.580322265625,75.77439880371094
6Y4G_B_CYS260__047__3,6Y4G_B_CYS260,47,3,72.51658630371094,74.22608184814453,72.59806060791016,B,frozen_matched_deposited_minstate_v1,73.83545532226563,72.580322265625,75.77439880371094
6Y4G_B_CYS260__048__0,6Y4G_B_CYS260,48,0,75.6772232055664,74.22608184814453,72.59806060791016,other,frozen_matched_deposited_minstate_v1,73.83545532226563,72.580322265625,75.77439880371094
6Y4G_B_CYS260__048__1,6Y4G_B_CYS260,48,1,73.90382385253906,74.22608184814453,72.59806060791016,A,frozen_matched_deposited_minstate_v1,73.83545532226563,72.580322265625,75.77439880371094
6Y4G_B_CYS260__048__2,6Y4G_B_CYS260,48,2,72.52421569824219,74.22608184814453,72.59806060791016,B,frozen_matched_deposited_minstate_v1,73.83545532226563,72.580322265625,75.77439880371094
6Y4G_B_CYS260__049__0,6Y4G_B_CYS260,49,0,72.52421569824219,74.22608184814453,72.59806060791016,B,frozen_matched_deposited_minstate_v1,73.83545532226563,72.580322265625,75.77439880371094
6Y4G_B_CYS260__049__2,6Y4G_B_CYS260,49,2,74.09749603271484,74.22608184814453,72.59806060791016,A,frozen_matched_deposited_minstate_v1,73.83545532226563,72.580322265625,75.77439880371094
3GMI_A_GLU5__000__0,3GMI_A_GLU5,0,0,90.29106903076172,179.85321044921875,104.12223815917969,other,frozen_matched_deposited_minstate_v1,130.27721252441407,66.61638641357422,381.9833068847656
3GMI_A_GLU5__000__1,3GMI_A_GLU5,0,1,90.75450134277344,179.85321044921875,104.12223815917969,other,frozen_matched_deposited_minstate_v1,130.27721252441407,66.61638641357422,381.9833068847656
3GMI_A_GLU5__000__3,3GMI_A_GLU5,0,3,179.89117431640625,179.85321044921875,104.12223815917969,A,frozen_matched_deposited_minstate_v1,130.27721252441407,66.61638641357422,381.9833068847656
3GMI_A_GLU5__001__0,3GMI_A_GLU5,1,0,179.88827514648438,179.85321044921875,104.12223815917969,A,frozen_matched_deposited_minstate_v1,130.27721252441407,66.61638641357422,381.9833068847656
3GMI_A_GLU5__002__0,3GMI_A_GLU5,2,0,102.36601257324219,179.85321044921875,104.12223815917969,B,frozen_matched_deposited_minstate_v1,130.27721252441407,66.61638641357422,381.9833068847656
3GMI_A_GLU5__002__2,3GMI_A_GLU5,2,2,179.89459228515625,179.85321044921875,104.12223815917969,A,frozen_matched_deposited_minstate_v1,130.27721252441407,66.61638641357422,381.9833068847656
3GMI_A_GLU5__002__3,3GMI_A_GLU5,2,3,76.51799774169922,179.85321044921875,104.12223815917969,other,frozen_matched_deposited_minstate_v1,130.27721252441407,66.61638641357422,381.9833068847656
3GMI_A_GLU5__003__2,3GMI_A_GLU5,3,2,101.69413757324219,179.85321044921875,104.12223815917969,B,frozen_matched_deposited_minstate_v1,130.27721252441407,66.61638641357422,381.9833068847656
3GMI_A_GLU5__003__3,3GMI_A_GLU5,3,3,179.92782592773438,179.85321044921875,104.12223815917969,A,frozen_matched_deposited_minstate_v1,130.27721252441407,66.61638641357422,381.9833068847656
3GMI_A_GLU5__004__0,3GMI_A_GLU5,4,0,179.9781951904297,179.85321044921875,104.12223815917969,A,frozen_matched_deposited_minstate_v1,130.27721252441407,66.61638641357422,381.9833068847656
3GMI_A_GLU5__004__1,3GMI_A_GLU5,4,1,102.0166015625,179.85321044921875,104.12223815917969,B,frozen_matched_deposited_minstate_v1,130.27721252441407,66.61638641357422,381.9833068847656
3GMI_A_GLU5__005__3,3GMI_A_GLU5,5,3,179.96456909179688,179.85321044921875,104.12223815917969,A,frozen_matched_deposited_minstate_v1,130.27721252441407,66.61638641357422,381.9833068847656
3GMI_A_GLU5__006__2,3GMI_A_GLU5,6,2,179.89515686035156,179.85321044921875,104.12223815917969,A,frozen_matched_deposited_minstate_v1,130.27721252441407,66.61638641357422,381.9833068847656
3GMI_A_GLU5__006__3,3GMI_A_GLU5,6,3,101.51595306396484,179.85321044921875,104.12223815917969,B,frozen_matched_deposited_minstate_v1,130.27721252441407,66.61638641357422,381.9833068847656
3GMI_A_GLU5__007__1,3GMI_A_GLU5,7,1,179.96755981445312,179.85321044921875,104.12223815917969,A,frozen_matched_deposited_minstate_v1,130.27721252441407,66.61638641357422,381.9833068847656
3GMI_A_GLU5__007__2,3GMI_A_GLU5,7,2,101.77900695800781,179.85321044921875,104.12223815917969,B,frozen_matched_deposited_minstate_v1,130.27721252441407,66.61638641357422,381.9833068847656
3GMI_A_GLU5__008__0,3GMI_A_GLU5,8,0,179.975830078125,179.85321044921875,104.12223815917969,A,frozen_matched_deposited_minstate_v1,130.27721252441407,66.61638641357422,381.9833068847656
3GMI_A_GLU5__008__1,3GMI_A_GLU5,8,1,102.1268081665039,179.85321044921875,104.12223815917969,B,frozen_matched_deposited_minstate_v1,130.27721252441407,66.61638641357422,381.9833068847656
3GMI_A_GLU5__009__1,3GMI_A_GLU5,9,1,102.12975311279297,179.85321044921875,104.12223815917969,B,frozen_matched_deposited_minstate_v1,130.27721252441407,66.61638641357422,381.9833068847656
3GMI_A_GLU5__009__2,3GMI_A_GLU5,9,2,179.90084838867188,179.85321044921875,104.12223815917969,A,frozen_matched_deposited_minstate_v1,130.27721252441407,66.61638641357422,381.9833068847656
3GMI_A_GLU5__010__0,3GMI_A_GLU5,10,0,101.73271179199219,179.85321044921875,104.12223815917969,B,frozen_matched_deposited_minstate_v1,130.27721252441407,66.61638641357422,381.9833068847656
3GMI_A_GLU5__010__1,3GMI_A_GLU5,10,1,179.8922119140625,179.85321044921875,104.12223815917969,A,frozen_matched_deposited_minstate_v1,130.27721252441407,66.61638641357422,381.9833068847656
3GMI_A_GLU5__011__2,3GMI_A_GLU5,11,2,101.87077331542969,179.85321044921875,104.12223815917969,B,frozen_matched_deposited_minstate_v1,130.27721252441407,66.61638641357422,381.9833068847656
3GMI_A_GLU5__011__3,3GMI_A_GLU5,11,3,179.9051055908203,179.85321044921875,104.12223815917969,A,frozen_matched_deposited_minstate_v1,130.27721252441407,66.61638641357422,381.9833068847656
3GMI_A_GLU5__012__1,3GMI_A_GLU5,12,1,102.02857971191406,179.85321044921875,104.12223815917969,B,frozen_matched_deposited_minstate_v1,130.27721252441407,66.61638641357422,381.9833068847656
3GMI_A_GLU5__012__3,3GMI_A_GLU5,12,3,179.89610290527344,179.85321044921875,104.12223815917969,A,frozen_matched_deposited_minstate_v1,130.27721252441407,66.61638641357422,381.9833068847656
3GMI_A_GLU5__013__1,3GMI_A_GLU5,13,1,179.8969268798828,179.85321044921875,104.12223815917969,A,frozen_matched_deposited_minstate_v1,130.27721252441407,66.61638641357422,381.9833068847656
3GMI_A_GLU5__013__2,3GMI_A_GLU5,13,2,101.78103637695312,179.85321044921875,104.12223815917969,B,frozen_matched_deposited_minstate_v1,130.27721252441407,66.61638641357422,381.9833068847656
3GMI_A_GLU5__014__1,3GMI_A_GLU5,14,1,101.75437927246094,179.85321044921875,104.12223815917969,B,frozen_matched_deposited_minstate_v1,130.27721252441407,66.61638641357422,381.9833068847656
3GMI_A_GLU5__014__3,3GMI_A_GLU5,14,3,179.89874267578125,179.85321044921875,104.12223815917969,A,frozen_matched_deposited_minstate_v1,130.27721252441407,66.61638641357422,381.9833068847656
3GMI_A_GLU5__015__2,3GMI_A_GLU5,15,2,179.89764404296875,179.85321044921875,104.12223815917969,A,frozen_matched_deposited_minstate_v1,130.27721252441407,66.61638641357422,381.9833068847656
3GMI_A_GLU5__015__3,3GMI_A_GLU5,15,3,101.75616455078125,179.85321044921875,104.12223815917969,B,frozen_matched_deposited_minstate_v1,130.27721252441407,66.61638641357422,381.9833068847656
3GMI_A_GLU5__016__1,3GMI_A_GLU5,16,1,101.88871765136719,179.85321044921875,104.12223815917969,B,frozen_matched_deposited_minstate_v1,130.27721252441407,66.61638641357422,381.9833068847656
3GMI_A_GLU5__016__2,3GMI_A_GLU5,16,2,179.9722900390625,179.85321044921875,104.12223815917969,A,frozen_matched_deposited_minstate_v1,130.27721252441407,66.61638641357422,381.9833068847656
3GMI_A_GLU5__017__0,3GMI_A_GLU5,17,0,179.9315643310547,179.85321044921875,104.12223815917969,A,frozen_matched_deposited_minstate_v1,130.27721252441407,66.61638641357422,381.9833068847656
3GMI_A_GLU5__017__1,3GMI_A_GLU5,17,1,76.5101318359375,179.85321044921875,104.12223815917969,other,frozen_matched_deposited_minstate_v1,130.27721252441407,66.61638641357422,381.9833068847656
3GMI_A_GLU5__017__2,3GMI_A_GLU5,17,2,101.97058868408203,179.85321044921875,104.12223815917969,B,frozen_matched_deposited_minstate_v1,130.27721252441407,66.61638641357422,381.9833068847656
3GMI_A_GLU5__018__1,3GMI_A_GLU5,18,1,179.90687561035156,179.85321044921875,104.12223815917969,A,frozen_matched_deposited_minstate_v1,130.27721252441407,66.61638641357422,381.9833068847656
3GMI_A_GLU5__018__3,3GMI_A_GLU5,18,3,91.10699462890625,179.85321044921875,104.12223815917969,other,frozen_matched_deposited_minstate_v1,130.27721252441407,66.61638641357422,381.9833068847656
3GMI_A_GLU5__019__0,3GMI_A_GLU5,19,0,179.9036102294922,179.85321044921875,104.12223815917969,A,frozen_matched_deposited_minstate_v1,130.27721252441407,66.61638641357422,381.9833068847656
3GMI_A_GLU5__019__3,3GMI_A_GLU5,19,3,101.77738189697266,179.85321044921875,104.12223815917969,B,frozen_matched_deposited_minstate_v1,130.27721252441407,66.61638641357422,381.9833068847656
3GMI_A_GLU5__020__0,3GMI_A_GLU5,20,0,179.93858337402344,179.85321044921875,104.12223815917969,A,frozen_matched_deposited_minstate_v1,130.27721252441407,66.61638641357422,381.9833068847656
3GMI_A_GLU5__020__2,3GMI_A_GLU5,20,2,101.66323852539062,179.85321044921875,104.12223815917969,B,frozen_matched_deposited_minstate_v1,130.27721252441407,66.61638641357422,381.9833068847656
3GMI_A_GLU5__021__0,3GMI_A_GLU5,21,0,101.74727630615234,179.85321044921875,104.12223815917969,B,frozen_matched_deposited_minstate_v1,130.27721252441407,66.61638641357422,381.9833068847656
3GMI_A_GLU5__021__1,3GMI_A_GLU5,21,1,179.8929901123047,179.85321044921875,104.12223815917969,A,frozen_matched_deposited_minstate_v1,130.27721252441407,66.61638641357422,381.9833068847656
3GMI_A_GLU5__022__1,3GMI_A_GLU5,22,1,101.96418762207031,179.85321044921875,104.12223815917969,B,frozen_matched_deposited_minstate_v1,130.27721252441407,66.61638641357422,381.9833068847656
3GMI_A_GLU5__022__3,3GMI_A_GLU5,22,3,179.89825439453125,179.85321044921875,104.12223815917969,A,frozen_matched_deposited_minstate_v1,130.27721252441407,66.61638641357422,381.9833068847656
3GMI_A_GLU5__023__0,3GMI_A_GLU5,23,0,112.42387390136719,179.85321044921875,104.12223815917969,B,frozen_matched_deposited_minstate_v1,130.27721252441407,66.61638641357422,381.9833068847656
3GMI_A_GLU5__023__1,3GMI_A_GLU5,23,1,179.90179443359375,179.85321044921875,104.12223815917969,A,frozen_matched_deposited_minstate_v1,130.27721252441407,66.61638641357422,381.9833068847656
3GMI_A_GLU5__024__2,3GMI_A_GLU5,24,2,179.89376831054688,179.85321044921875,104.12223815917969,A,frozen_matched_deposited_minstate_v1,130.27721252441407,66.61638641357422,381.9833068847656
3GMI_A_GLU5__025__2,3GMI_A_GLU5,25,2,179.89981079101562,179.85321044921875,104.12223815917969,A,frozen_matched_deposited_minstate_v1,130.27721252441407,66.61638641357422,381.9833068847656
3GMI_A_GLU5__025__3,3GMI_A_GLU5,25,3,101.75293731689453,179.85321044921875,104.12223815917969,B,frozen_matched_deposited_minstate_v1,130.27721252441407,66.61638641357422,381.9833068847656
3GMI_A_GLU5__026__1,3GMI_A_GLU5,26,1,179.89508056640625,179.85321044921875,104.12223815917969,A,frozen_matched_deposited_minstate_v1,130.27721252441407,66.61638641357422,381.9833068847656
3GMI_A_GLU5__026__3,3GMI_A_GLU5,26,3,101.76791381835938,179.85321044921875,104.12223815917969,B,frozen_matched_deposited_minstate_v1,130.27721252441407,66.61638641357422,381.9833068847656
3GMI_A_GLU5__027__1,3GMI_A_GLU5,27,1,76.6512222290039,179.85321044921875,104.12223815917969,other,frozen_matched_deposited_minstate_v1,130.27721252441407,66.61638641357422,381.9833068847656
3GMI_A_GLU5__027__2,3GMI_A_GLU5,27,2,179.97467041015625,179.85321044921875,104.12223815917969,A,frozen_matched_deposited_minstate_v1,130.27721252441407,66.61638641357422,381.9833068847656
3GMI_A_GLU5__027__3,3GMI_A_GLU5,27,3,101.59404754638672,179.85321044921875,104.12223815917969,B,frozen_matched_deposited_minstate_v1,130.27721252441407,66.61638641357422,381.9833068847656
3GMI_A_GLU5__028__1,3GMI_A_GLU5,28,1,179.90200805664062,179.85321044921875,104.12223815917969,A,frozen_matched_deposited_minstate_v1,130.27721252441407,66.61638641357422,381.9833068847656
3GMI_A_GLU5__028__2,3GMI_A_GLU5,28,2,101.65045166015625,179.85321044921875,104.12223815917969,B,frozen_matched_deposited_minstate_v1,130.27721252441407,66.61638641357422,381.9833068847656
3GMI_A_GLU5__029__2,3GMI_A_GLU5,29,2,83.05533599853516,179.85321044921875,104.12223815917969,other,frozen_matched_deposited_minstate_v1,130.27721252441407,66.61638641357422,381.9833068847656
3GMI_A_GLU5__029__3,3GMI_A_GLU5,29,3,180.03680419921875,179.85321044921875,104.12223815917969,A,frozen_matched_deposited_minstate_v1,130.27721252441407,66.61638641357422,381.9833068847656
3GMI_A_GLU5__030__0,3GMI_A_GLU5,30,0,100.95953369140625,179.85321044921875,104.12223815917969,B,frozen_matched_deposited_minstate_v1,130.27721252441407,66.61638641357422,381.9833068847656
3GMI_A_GLU5__030__2,3GMI_A_GLU5,30,2,77.04364013671875,179.85321044921875,104.12223815917969,other,frozen_matched_deposited_minstate_v1,130.27721252441407,66.61638641357422,381.9833068847656
3GMI_A_GLU5__030__3,3GMI_A_GLU5,30,3,179.97462463378906,179.85321044921875,104.12223815917969,A,frozen_matched_deposited_minstate_v1,130.27721252441407,66.61638641357422,381.9833068847656
3GMI_A_GLU5__031__0,3GMI_A_GLU5,31,0,101.69511413574219,179.85321044921875,104.12223815917969,B,frozen_matched_deposited_minstate_v1,130.27721252441407,66.61638641357422,381.9833068847656
3GMI_A_GLU5__031__2,3GMI_A_GLU5,31,2,179.94039916992188,179.85321044921875,104.12223815917969,A,frozen_matched_deposited_minstate_v1,130.27721252441407,66.61638641357422,381.9833068847656
3GMI_A_GLU5__032__0,3GMI_A_GLU5,32,0,102.0500717163086,179.85321044921875,104.12223815917969,B,frozen_matched_deposited_minstate_v1,130.27721252441407,66.61638641357422,381.9833068847656
3GMI_A_GLU5__032__2,3GMI_A_GLU5,32,2,179.97506713867188,179.85321044921875,104.12223815917969,A,frozen_matched_deposited_minstate_v1,130.27721252441407,66.61638641357422,381.9833068847656
3GMI_A_GLU5__033__0,3GMI_A_GLU5,33,0,102.575439453125,179.85321044921875,104.12223815917969,B,frozen_matched_deposited_minstate_v1,130.27721252441407,66.61638641357422,381.9833068847656
3GMI_A_GLU5__033__1,3GMI_A_GLU5,33,1,182.9578399658203,179.85321044921875,104.12223815917969,A,frozen_matched_deposited_minstate_v1,130.27721252441407,66.61638641357422,381.9833068847656
3GMI_A_GLU5__034__0,3GMI_A_GLU5,34,0,102.05876159667969,179.85321044921875,104.12223815917969,B,frozen_matched_deposited_minstate_v1,130.27721252441407,66.61638641357422,381.9833068847656
3GMI_A_GLU5__034__1,3GMI_A_GLU5,34,1,179.89434814453125,179.85321044921875,104.12223815917969,A,frozen_matched_deposited_minstate_v1,130.27721252441407,66.61638641357422,381.9833068847656
3GMI_A_GLU5__035__0,3GMI_A_GLU5,35,0,90.93819427490234,179.85321044921875,104.12223815917969,other,frozen_matched_deposited_minstate_v1,130.27721252441407,66.61638641357422,381.9833068847656
3GMI_A_GLU5__035__3,3GMI_A_GLU5,35,3,179.94186401367188,179.85321044921875,104.12223815917969,A,frozen_matched_deposited_minstate_v1,130.27721252441407,66.61638641357422,381.9833068847656
3GMI_A_GLU5__036__0,3GMI_A_GLU5,36,0,101.77847290039062,179.85321044921875,104.12223815917969,B,frozen_matched_deposited_minstate_v1,130.27721252441407,66.61638641357422,381.9833068847656
3GMI_A_GLU5__036__2,3GMI_A_GLU5,36,2,179.90032958984375,179.85321044921875,104.12223815917969,A,frozen_matched_deposited_minstate_v1,130.27721252441407,66.61638641357422,381.9833068847656
3GMI_A_GLU5__037__0,3GMI_A_GLU5,37,0,179.96908569335938,179.85321044921875,104.12223815917969,A,frozen_matched_deposited_minstate_v1,130.27721252441407,66.61638641357422,381.9833068847656
3GMI_A_GLU5__037__1,3GMI_A_GLU5,37,1,102.00379943847656,179.85321044921875,104.12223815917969,B,frozen_matched_deposited_minstate_v1,130.27721252441407,66.61638641357422,381.9833068847656
3GMI_A_GLU5__038__0,3GMI_A_GLU5,38,0,101.14078521728516,179.85321044921875,104.12223815917969,B,frozen_matched_deposited_minstate_v1,130.27721252441407,66.61638641357422,381.9833068847656
3GMI_A_GLU5__038__1,3GMI_A_GLU5,38,1,179.89266967773438,179.85321044921875,104.12223815917969,A,frozen_matched_deposited_minstate_v1,130.27721252441407,66.61638641357422,381.9833068847656
3GMI_A_GLU5__038__3,3GMI_A_GLU5,38,3,76.00006866455078,179.85321044921875,104.12223815917969,other,frozen_matched_deposited_minstate_v1,130.27721252441407,66.61638641357422,381.9833068847656
3GMI_A_GLU5__039__0,3GMI_A_GLU5,39,0,179.9658203125,179.85321044921875,104.12223815917969,A,frozen_matched_deposited_minstate_v1,130.27721252441407,66.61638641357422,381.9833068847656
3GMI_A_GLU5__039__1,3GMI_A_GLU5,39,1,69.63243103027344,179.85321044921875,104.12223815917969,other,frozen_matched_deposited_minstate_v1,130.27721252441407,66.61638641357422,381.9833068847656
3GMI_A_GLU5__039__3,3GMI_A_GLU5,39,3,67.79755401611328,179.85321044921875,104.12223815917969,other,frozen_matched_deposited_minstate_v1,130.27721252441407,66.61638641357422,381.9833068847656
3GMI_A_GLU5__040__2,3GMI_A_GLU5,40,2,102.11236572265625,179.85321044921875,104.12223815917969,B,frozen_matched_deposited_minstate_v1,130.27721252441407,66.61638641357422,381.9833068847656
3GMI_A_GLU5__040__3,3GMI_A_GLU5,40,3,179.9808349609375,179.85321044921875,104.12223815917969,A,frozen_matched_deposited_minstate_v1,130.27721252441407,66.61638641357422,381.9833068847656
3GMI_A_GLU5__041__1,3GMI_A_GLU5,41,1,102.12268829345703,179.85321044921875,104.12223815917969,B,frozen_matched_deposited_minstate_v1,130.27721252441407,66.61638641357422,381.9833068847656
3GMI_A_GLU5__041__3,3GMI_A_GLU5,41,3,179.89471435546875,179.85321044921875,104.12223815917969,A,frozen_matched_deposited_minstate_v1,130.27721252441407,66.61638641357422,381.9833068847656
3GMI_A_GLU5__042__0,3GMI_A_GLU5,42,0,179.91261291503906,179.85321044921875,104.12223815917969,A,frozen_matched_deposited_minstate_v1,130.27721252441407,66.61638641357422,381.9833068847656
3GMI_A_GLU5__042__1,3GMI_A_GLU5,42,1,101.35578155517578,179.85321044921875,104.12223815917969,B,frozen_matched_deposited_minstate_v1,130.27721252441407,66.61638641357422,381.9833068847656
3GMI_A_GLU5__043__0,3GMI_A_GLU5,43,0,67.45401000976562,179.85321044921875,104.12223815917969,other,frozen_matched_deposited_minstate_v1,130.27721252441407,66.61638641357422,381.9833068847656
3GMI_A_GLU5__043__1,3GMI_A_GLU5,43,1,90.83723449707031,179.85321044921875,104.12223815917969,other,frozen_matched_deposited_minstate_v1,130.27721252441407,66.61638641357422,381.9833068847656
3GMI_A_GLU5__043__3,3GMI_A_GLU5,43,3,179.89471435546875,179.85321044921875,104.12223815917969,A,frozen_matched_deposited_minstate_v1,130.27721252441407,66.61638641357422,381.9833068847656
3GMI_A_GLU5__044__2,3GMI_A_GLU5,44,2,179.9210968017578,179.85321044921875,104.12223815917969,A,frozen_matched_deposited_minstate_v1,130.27721252441407,66.61638641357422,381.9833068847656
3GMI_A_GLU5__044__3,3GMI_A_GLU5,44,3,101.77445220947266,179.85321044921875,104.12223815917969,B,frozen_matched_deposited_minstate_v1,130.27721252441407,66.61638641357422,381.9833068847656
3GMI_A_GLU5__045__2,3GMI_A_GLU5,45,2,179.96908569335938,179.85321044921875,104.12223815917969,A,frozen_matched_deposited_minstate_v1,130.27721252441407,66.61638641357422,381.9833068847656
3GMI_A_GLU5__045__3,3GMI_A_GLU5,45,3,101.70601654052734,179.85321044921875,104.12223815917969,B,frozen_matched_deposited_minstate_v1,130.27721252441407,66.61638641357422,381.9833068847656
3GMI_A_GLU5__046__1,3GMI_A_GLU5,46,1,102.0972900390625,179.85321044921875,104.12223815917969,B,frozen_matched_deposited_minstate_v1,130.27721252441407,66.61638641357422,381.9833068847656
3GMI_A_GLU5__046__2,3GMI_A_GLU5,46,2,179.97506713867188,179.85321044921875,104.12223815917969,A,frozen_matched_deposited_minstate_v1,130.27721252441407,66.61638641357422,381.9833068847656
3GMI_A_GLU5__047__1,3GMI_A_GLU5,47,1,101.74810791015625,179.85321044921875,104.12223815917969,B,frozen_matched_deposited_minstate_v1,130.27721252441407,66.61638641357422,381.9833068847656
3GMI_A_GLU5__047__2,3GMI_A_GLU5,47,2,179.89700317382812,179.85321044921875,104.12223815917969,A,frozen_matched_deposited_minstate_v1,130.27721252441407,66.61638641357422,381.9833068847656
3GMI_A_GLU5__048__1,3GMI_A_GLU5,48,1,100.81056213378906,179.85321044921875,104.12223815917969,B,frozen_matched_deposited_minstate_v1,130.27721252441407,66.61638641357422,381.9833068847656
3GMI_A_GLU5__048__2,3GMI_A_GLU5,48,2,76.49382781982422,179.85321044921875,104.12223815917969,other,frozen_matched_deposited_minstate_v1,130.27721252441407,66.61638641357422,381.9833068847656
3GMI_A_GLU5__048__3,3GMI_A_GLU5,48,3,179.9727783203125,179.85321044921875,104.12223815917969,A,frozen_matched_deposited_minstate_v1,130.27721252441407,66.61638641357422,381.9833068847656
3GMI_A_GLU5__049__0,3GMI_A_GLU5,49,0,101.78948974609375,179.85321044921875,104.12223815917969,B,frozen_matched_deposited_minstate_v1,130.27721252441407,66.61638641357422,381.9833068847656
3GMI_A_GLU5__049__1,3GMI_A_GLU5,49,1,179.96951293945312,179.85321044921875,104.12223815917969,A,frozen_matched_deposited_minstate_v1,130.27721252441407,66.61638641357422,381.9833068847656
2V05_A_HIS168__000__1,2V05_A_HIS168,0,1,9099.5654296875,9103.5380859375,9099.28125,other,frozen_matched_deposited_minstate_v1,9097.54130859375,9094.49609375,9105.4384765625
2V05_A_HIS168__000__2,2V05_A_HIS168,0,2,9099.71875,9103.5380859375,9099.28125,other,frozen_matched_deposited_minstate_v1,9097.54130859375,9094.49609375,9105.4384765625
2V05_A_HIS168__000__3,2V05_A_HIS168,0,3,9094.51171875,9103.5380859375,9099.28125,other,frozen_matched_deposited_minstate_v1,9097.54130859375,9094.49609375,9105.4384765625
2V05_A_HIS168__001__0,2V05_A_HIS168,1,0,9099.162109375,9103.5380859375,9099.28125,other,frozen_matched_deposited_minstate_v1,9097.54130859375,9094.49609375,9105.4384765625
2V05_A_HIS168__001__1,2V05_A_HIS168,1,1,9097.22265625,9103.5380859375,9099.28125,other,frozen_matched_deposited_minstate_v1,9097.54130859375,9094.49609375,9105.4384765625
2V05_A_HIS168__001__2,2V05_A_HIS168,1,2,9095.6923828125,9103.5380859375,9099.28125,other,frozen_matched_deposited_minstate_v1,9097.54130859375,9094.49609375,9105.4384765625
2V05_A_HIS168__002__1,2V05_A_HIS168,2,1,9094.494140625,9103.5380859375,9099.28125,other,frozen_matched_deposited_minstate_v1,9097.54130859375,9094.49609375,9105.4384765625
2V05_A_HIS168__002__2,2V05_A_HIS168,2,2,9099.1240234375,9103.5380859375,9099.28125,B,frozen_matched_deposited_minstate_v1,9097.54130859375,9094.49609375,9105.4384765625
2V05_A_HIS168__002__3,2V05_A_HIS168,2,3,9102.119140625,9103.5380859375,9099.28125,other,frozen_matched_deposited_minstate_v1,9097.54130859375,9094.49609375,9105.4384765625
2V05_A_HIS168__003__1,2V05_A_HIS168,3,1,9100.76953125,9103.5380859375,9099.28125,A,frozen_matched_deposited_minstate_v1,9097.54130859375,9094.49609375,9105.4384765625
2V05_A_HIS168__003__2,2V05_A_HIS168,3,2,9095.3359375,9103.5380859375,9099.28125,other,frozen_matched_deposited_minstate_v1,9097.54130859375,9094.49609375,9105.4384765625
2V05_A_HIS168__003__3,2V05_A_HIS168,3,3,9099.0849609375,9103.5380859375,9099.28125,B,frozen_matched_deposited_minstate_v1,9097.54130859375,9094.49609375,9105.4384765625
2V05_A_HIS168__004__0,2V05_A_HIS168,4,0,9099.5712890625,9103.5380859375,9099.28125,other,frozen_matched_deposited_minstate_v1,9097.54130859375,9094.49609375,9105.4384765625
2V05_A_HIS168__004__1,2V05_A_HIS168,4,1,9094.4853515625,9103.5380859375,9099.28125,other,frozen_matched_deposited_minstate_v1,9097.54130859375,9094.49609375,9105.4384765625
2V05_A_HIS168__004__3,2V05_A_HIS168,4,3,9099.591796875,9103.5380859375,9099.28125,other,frozen_matched_deposited_minstate_v1,9097.54130859375,9094.49609375,9105.4384765625
2V05_A_HIS168__005__1,2V05_A_HIS168,5,1,9100.7744140625,9103.5380859375,9099.28125,A,frozen_matched_deposited_minstate_v1,9097.54130859375,9094.49609375,9105.4384765625
2V05_A_HIS168__005__2,2V05_A_HIS168,5,2,9095.3359375,9103.5380859375,9099.28125,other,frozen_matched_deposited_minstate_v1,9097.54130859375,9094.49609375,9105.4384765625
2V05_A_HIS168__005__3,2V05_A_HIS168,5,3,9099.0849609375,9103.5380859375,9099.28125,B,frozen_matched_deposited_minstate_v1,9097.54130859375,9094.49609375,9105.4384765625
2V05_A_HIS168__006__0,2V05_A_HIS168,6,0,9095.525390625,9103.5380859375,9099.28125,other,frozen_matched_deposited_minstate_v1,9097.54130859375,9094.49609375,9105.4384765625
2V05_A_HIS168__006__1,2V05_A_HIS168,6,1,9099.46484375,9103.5380859375,9099.28125,other,frozen_matched_deposited_minstate_v1,9097.54130859375,9094.49609375,9105.4384765625
2V05_A_HIS168__006__2,2V05_A_HIS168,6,2,9102.7548828125,9103.5380859375,9099.28125,other,frozen_matched_deposited_minstate_v1,9097.54130859375,9094.49609375,9105.4384765625
2V05_A_HIS168__006__3,2V05_A_HIS168,6,3,9099.681640625,9103.5380859375,9099.28125,other,frozen_matched_deposited_minstate_v1,9097.54130859375,9094.49609375,9105.4384765625
2V05_A_HIS168__007__1,2V05_A_HIS168,7,1,9099.08984375,9103.5380859375,9099.28125,B,frozen_matched_deposited_minstate_v1,9097.54130859375,9094.49609375,9105.4384765625
2V05_A_HIS168__007__2,2V05_A_HIS168,7,2,9101.3037109375,9103.5380859375,9099.28125,A,frozen_matched_deposited_minstate_v1,9097.54130859375,9094.49609375,9105.4384765625
2V05_A_HIS168__007__3,2V05_A_HIS168,7,3,9097.1796875,9103.5380859375,9099.28125,other,frozen_matched_deposited_minstate_v1,9097.54130859375,9094.49609375,9105.4384765625
2V05_A_HIS168__008__0,2V05_A_HIS168,8,0,9101.78125,9103.5380859375,9099.28125,A,frozen_matched_deposited_minstate_v1,9097.54130859375,9094.49609375,9105.4384765625
2V05_A_HIS168__008__2,2V05_A_HIS168,8,2,9099.1162109375,9103.5380859375,9099.28125,B,frozen_matched_deposited_minstate_v1,9097.54130859375,9094.49609375,9105.4384765625
2V05_A_HIS168__009__1,2V05_A_HIS168,9,1,9099.7001953125,9103.5380859375,9099.28125,other,frozen_matched_deposited_minstate_v1,9097.54130859375,9094.49609375,9105.4384765625
2V05_A_HIS168__009__2,2V05_A_HIS168,9,2,9094.5087890625,9103.5380859375,9099.28125,other,frozen_matched_deposited_minstate_v1,9097.54130859375,9094.49609375,9105.4384765625
2V05_A_HIS168__009__3,2V05_A_HIS168,9,3,9099.5517578125,9103.5380859375,9099.28125,other,frozen_matched_deposited_minstate_v1,9097.54130859375,9094.49609375,9105.4384765625
2V05_A_HIS168__010__0,2V05_A_HIS168,10,0,9097.19921875,9103.5380859375,9099.28125,other,frozen_matched_deposited_minstate_v1,9097.54130859375,9094.49609375,9105.4384765625
2V05_A_HIS168__010__1,2V05_A_HIS168,10,1,9100.662109375,9103.5380859375,9099.28125,A,frozen_matched_deposited_minstate_v1,9097.54130859375,9094.49609375,9105.4384765625
2V05_A_HIS168__010__2,2V05_A_HIS168,10,2,9095.3681640625,9103.5380859375,9099.28125,other,frozen_matched_deposited_minstate_v1,9097.54130859375,9094.49609375,9105.4384765625
2V05_A_HIS168__010__3,2V05_A_HIS168,10,3,9099.060546875,9103.5380859375,9099.28125,B,frozen_matched_deposited_minstate_v1,9097.54130859375,9094.49609375,9105.4384765625
2V05_A_HIS168__011__0,2V05_A_HIS168,11,0,9099.0859375,9103.5380859375,9099.28125,B,frozen_matched_deposited_minstate_v1,9097.54130859375,9094.49609375,9105.4384765625
2V05_A_HIS168__011__1,2V05_A_HIS168,11,1,9101.099609375,9103.5380859375,9099.28125,A,frozen_matched_deposited_minstate_v1,9097.54130859375,9094.49609375,9105.4384765625
2V05_A_HIS168__011__2,2V05_A_HIS168,11,2,9094.4794921875,9103.5380859375,9099.28125,other,frozen_matched_deposited_minstate_v1,9097.54130859375,9094.49609375,9105.4384765625
2V05_A_HIS168__012__0,2V05_A_HIS168,12,0,9097.16796875,9103.5380859375,9099.28125,other,frozen_matched_deposited_minstate_v1,9097.54130859375,9094.49609375,9105.4384765625
2V05_A_HIS168__012__1,2V05_A_HIS168,12,1,9099.0908203125,9103.5380859375,9099.28125,B,frozen_matched_deposited_minstate_v1,9097.54130859375,9094.49609375,9105.4384765625
2V05_A_HIS168__012__3,2V05_A_HIS168,12,3,9101.3173828125,9103.5380859375,9099.28125,A,frozen_matched_deposited_minstate_v1,9097.54130859375,9094.49609375,9105.4384765625
2V05_A_HIS168__013__0,2V05_A_HIS168,13,0,9099.5224609375,9103.5380859375,9099.28125,other,frozen_matched_deposited_minstate_v1,9097.54130859375,9094.49609375,9105.4384765625
2V05_A_HIS168__013__2,2V05_A_HIS168,13,2,9099.6748046875,9103.5380859375,9099.28125,other,frozen_matched_deposited_minstate_v1,9097.54130859375,9094.49609375,9105.4384765625
2V05_A_HIS168__013__3,2V05_A_HIS168,13,3,9094.509765625,9103.5380859375,9099.28125,other,frozen_matched_deposited_minstate_v1,9097.54130859375,9094.49609375,9105.4384765625
2V05_A_HIS168__014__1,2V05_A_HIS168,14,1,9099.634765625,9103.5380859375,9099.28125,other,frozen_matched_deposited_minstate_v1,9097.54130859375,9094.49609375,9105.4384765625
2V05_A_HIS168__014__2,2V05_A_HIS168,14,2,9095.482421875,9103.5380859375,9099.28125,other,frozen_matched_deposited_minstate_v1,9097.54130859375,9094.49609375,9105.4384765625
2V05_A_HIS168__014__3,2V05_A_HIS168,14,3,9099.5810546875,9103.5380859375,9099.28125,other,frozen_matched_deposited_minstate_v1,9097.54130859375,9094.49609375,9105.4384765625
2V05_A_HIS168__015__1,2V05_A_HIS168,15,1,9101.9111328125,9103.5380859375,9099.28125,A,frozen_matched_deposited_minstate_v1,9097.54130859375,9094.49609375,9105.4384765625
2V05_A_HIS168__015__3,2V05_A_HIS168,15,3,9099.09375,9103.5380859375,9099.28125,B,frozen_matched_deposited_minstate_v1,9097.54130859375,9094.49609375,9105.4384765625
2V05_A_HIS168__016__1,2V05_A_HIS168,16,1,9095.447265625,9103.5380859375,9099.28125,other,frozen_matched_deposited_minstate_v1,9097.54130859375,9094.49609375,9105.4384765625
2V05_A_HIS168__016__2,2V05_A_HIS168,16,2,9100.173828125,9103.5380859375,9099.28125,other,frozen_matched_deposited_minstate_v1,9097.54130859375,9094.49609375,9105.4384765625
2V05_A_HIS168__016__3,2V05_A_HIS168,16,3,9101.361328125,9103.5380859375,9099.28125,A,frozen_matched_deposited_minstate_v1,9097.54130859375,9094.49609375,9105.4384765625
2V05_A_HIS168__017__0,2V05_A_HIS168,17,0,9101.861328125,9103.5380859375,9099.28125,A,frozen_matched_deposited_minstate_v1,9097.54130859375,9094.49609375,9105.4384765625
2V05_A_HIS168__017__3,2V05_A_HIS168,17,3,9099.1044921875,9103.5380859375,9099.28125,B,frozen_matched_deposited_minstate_v1,9097.54130859375,9094.49609375,9105.4384765625
2V05_A_HIS168__018__0,2V05_A_HIS168,18,0,9096.3369140625,9103.5380859375,9099.28125,other,frozen_matched_deposited_minstate_v1,9097.54130859375,9094.49609375,9105.4384765625
2V05_A_HIS168__018__2,2V05_A_HIS168,18,2,9099.1123046875,9103.5380859375,9099.28125,B,frozen_matched_deposited_minstate_v1,9097.54130859375,9094.49609375,9105.4384765625
2V05_A_HIS168__018__3,2V05_A_HIS168,18,3,9101.2890625,9103.5380859375,9099.28125,A,frozen_matched_deposited_minstate_v1,9097.54130859375,9094.49609375,9105.4384765625
2V05_A_HIS168__019__0,2V05_A_HIS168,19,0,9099.8583984375,9103.5380859375,9099.28125,other,frozen_matched_deposited_minstate_v1,9097.54130859375,9094.49609375,9105.4384765625
2V05_A_HIS168__019__1,2V05_A_HIS168,19,1,9095.5732421875,9103.5380859375,9099.28125,other,frozen_matched_deposited_minstate_v1,9097.54130859375,9094.49609375,9105.4384765625
2V05_A_HIS168__019__2,2V05_A_HIS168,19,2,9099.5703125,9103.5380859375,9099.28125,other,frozen_matched_deposited_minstate_v1,9097.54130859375,9094.49609375,9105.4384765625
2V05_A_HIS168__019__3,2V05_A_HIS168,19,3,9099.06640625,9103.5380859375,9099.28125,B,frozen_matched_deposited_minstate_v1,9097.54130859375,9094.49609375,9105.4384765625
2V05_A_HIS168__020__0,2V05_A_HIS168,20,0,9095.76171875,9103.5380859375,9099.28125,other,frozen_matched_deposited_minstate_v1,9097.54130859375,9094.49609375,9105.4384765625
2V05_A_HIS168__020__3,2V05_A_HIS168,20,3,9099.1123046875,9103.5380859375,9099.28125,other,frozen_matched_deposited_minstate_v1,9097.54130859375,9094.49609375,9105.4384765625
2V05_A_HIS168__021__0,2V05_A_HIS168,21,0,9097.1669921875,9103.5380859375,9099.28125,other,frozen_matched_deposited_minstate_v1,9097.54130859375,9094.49609375,9105.4384765625
2V05_A_HIS168__021__2,2V05_A_HIS168,21,2,9101.369140625,9103.5380859375,9099.28125,A,frozen_matched_deposited_minstate_v1,9097.54130859375,9094.49609375,9105.4384765625
2V05_A_HIS168__021__3,2V05_A_HIS168,21,3,9099.1142578125,9103.5380859375,9099.28125,B,frozen_matched_deposited_minstate_v1,9097.54130859375,9094.49609375,9105.4384765625
2V05_A_HIS168__022__0,2V05_A_HIS168,22,0,9101.2802734375,9103.5380859375,9099.28125,A,frozen_matched_deposited_minstate_v1,9097.54130859375,9094.49609375,9105.4384765625
2V05_A_HIS168__022__1,2V05_A_HIS168,22,1,9099.1044921875,9103.5380859375,9099.28125,B,frozen_matched_deposited_minstate_v1,9097.54130859375,9094.49609375,9105.4384765625
2V05_A_HIS168__022__3,2V05_A_HIS168,22,3,9096.3388671875,9103.5380859375,9099.28125,other,frozen_matched_deposited_minstate_v1,9097.54130859375,9094.49609375,9105.4384765625
2V05_A_HIS168__023__0,2V05_A_HIS168,23,0,9100.1376953125,9103.5380859375,9099.28125,other,frozen_matched_deposited_minstate_v1,9097.54130859375,9094.49609375,9105.4384765625
2V05_A_HIS168__023__1,2V05_A_HIS168,23,1,9101.1796875,9103.5380859375,9099.28125,A,frozen_matched_deposited_minstate_v1,9097.54130859375,9094.49609375,9105.4384765625
2V05_A_HIS168__023__3,2V05_A_HIS168,23,3,9095.3349609375,9103.5380859375,9099.28125,other,frozen_matched_deposited_minstate_v1,9097.54130859375,9094.49609375,9105.4384765625
2V05_A_HIS168__024__0,2V05_A_HIS168,24,0,9099.5859375,9103.5380859375,9099.28125,other,frozen_matched_deposited_minstate_v1,9097.54130859375,9094.49609375,9105.4384765625
2V05_A_HIS168__024__2,2V05_A_HIS168,24,2,9099.744140625,9103.5380859375,9099.28125,other,frozen_matched_deposited_minstate_v1,9097.54130859375,9094.49609375,9105.4384765625
2V05_A_HIS168__024__3,2V05_A_HIS168,24,3,9094.501953125,9103.5380859375,9099.28125,other,frozen_matched_deposited_minstate_v1,9097.54130859375,9094.49609375,9105.4384765625
2V05_A_HIS168__025__0,2V05_A_HIS168,25,0,9100.0439453125,9103.5380859375,9099.28125,other,frozen_matched_deposited_minstate_v1,9097.54130859375,9094.49609375,9105.4384765625
2V05_A_HIS168__025__1,2V05_A_HIS168,25,1,9095.712890625,9103.5380859375,9099.28125,other,frozen_matched_deposited_minstate_v1,9097.54130859375,9094.49609375,9105.4384765625
2V05_A_HIS168__025__3,2V05_A_HIS168,25,3,9099.1826171875,9103.5380859375,9099.28125,B,frozen_matched_deposited_minstate_v1,9097.54130859375,9094.49609375,9105.4384765625
2V05_A_HIS168__026__0,2V05_A_HIS168,26,0,9099.1201171875,9103.5380859375,9099.28125,B,frozen_matched_deposited_minstate_v1,9097.54130859375,9094.49609375,9105.4384765625
2V05_A_HIS168__026__2,2V05_A_HIS168,26,2,9103.330078125,9103.5380859375,9099.28125,other,frozen_matched_deposited_minstate_v1,9097.54130859375,9094.49609375,9105.4384765625
2V05_A_HIS168__027__0,2V05_A_HIS168,27,0,9101.0947265625,9103.5380859375,9099.28125,A,frozen_matched_deposited_minstate_v1,9097.54130859375,9094.49609375,9105.4384765625
2V05_A_HIS168__027__1,2V05_A_HIS168,27,1,9094.4931640625,9103.5380859375,9099.28125,other,frozen_matched_deposited_minstate_v1,9097.54130859375,9094.49609375,9105.4384765625
2V05_A_HIS168__027__2,2V05_A_HIS168,27,2,9099.10546875,9103.5380859375,9099.28125,B,frozen_matched_deposited_minstate_v1,9097.54130859375,9094.49609375,9105.4384765625
2V05_A_HIS168__028__0,2V05_A_HIS168,28,0,9099.7587890625,9103.5380859375,9099.28125,other,frozen_matched_deposited_minstate_v1,9097.54130859375,9094.49609375,9105.4384765625
2V05_A_HIS168__028__1,2V05_A_HIS168,28,1,9094.5009765625,9103.5380859375,9099.28125,other,frozen_matched_deposited_minstate_v1,9097.54130859375,9094.49609375,9105.4384765625
2V05_A_HIS168__028__3,2V05_A_HIS168,28,3,9099.5458984375,9103.5380859375,9099.28125,other,frozen_matched_deposited_minstate_v1,9097.54130859375,9094.49609375,9105.4384765625
2V05_A_HIS168__029__2,2V05_A_HIS168,29,2,9099.1171875,9103.5380859375,9099.28125,B,frozen_matched_deposited_minstate_v1,9097.54130859375,9094.49609375,9105.4384765625
2V05_A_HIS168__029__3,2V05_A_HIS168,29,3,9101.771484375,9103.5380859375,9099.28125,A,frozen_matched_deposited_minstate_v1,9097.54130859375,9094.49609375,9105.4384765625
2V05_A_HIS168__030__0,2V05_A_HIS168,30,0,9099.48046875,9103.5380859375,9099.28125,other,frozen_matched_deposited_minstate_v1,9097.54130859375,9094.49609375,9105.4384765625
2V05_A_HIS168__030__2,2V05_A_HIS168,30,2,9099.4921875,9103.5380859375,9099.28125,other,frozen_matched_deposited_minstate_v1,9097.54130859375,9094.49609375,9105.4384765625
2V05_A_HIS168__030__3,2V05_A_HIS168,30,3,9095.4453125,9103.5380859375,9099.28125,other,frozen_matched_deposited_minstate_v1,9097.54130859375,9094.49609375,9105.4384765625
2V05_A_HIS168__031__0,2V05_A_HIS168,31,0,9099.7724609375,9103.5380859375,9099.28125,other,frozen_matched_deposited_minstate_v1,9097.54130859375,9094.49609375,9105.4384765625
2V05_A_HIS168__031__1,2V05_A_HIS168,31,1,9101.8330078125,9103.5380859375,9099.28125,A,frozen_matched_deposited_minstate_v1,9097.54130859375,9094.49609375,9105.4384765625
2V05_A_HIS168__031__3,2V05_A_HIS168,31,3,9099.8564453125,9103.5380859375,9099.28125,other,frozen_matched_deposited_minstate_v1,9097.54130859375,9094.49609375,9105.4384765625
2V05_A_HIS168__032__0,2V05_A_HIS168,32,0,9095.4814453125,9103.5380859375,9099.28125,other,frozen_matched_deposited_minstate_v1,9097.54130859375,9094.49609375,9105.4384765625
2V05_A_HIS168__032__1,2V05_A_HIS168,32,1,9099.6142578125,9103.5380859375,9099.28125,other,frozen_matched_deposited_minstate_v1,9097.54130859375,9094.49609375,9105.4384765625
2V05_A_HIS168__032__2,2V05_A_HIS168,32,2,9099.5791015625,9103.5380859375,9099.28125,other,frozen_matched_deposited_minstate_v1,9097.54130859375,9094.49609375,9105.4384765625
2V05_A_HIS168__033__0,2V05_A_HIS168,33,0,9101.34375,9103.5380859375,9099.28125,A,frozen_matched_deposited_minstate_v1,9097.54130859375,9094.49609375,9105.4384765625
2V05_A_HIS168__033__1,2V05_A_HIS168,33,1,9099.111328125,9103.5380859375,9099.28125,B,frozen_matched_deposited_minstate_v1,9097.54130859375,9094.49609375,9105.4384765625
2V05_A_HIS168__033__3,2V05_A_HIS168,33,3,9097.1630859375,9103.5380859375,9099.28125,other,frozen_matched_deposited_minstate_v1,9097.54130859375,9094.49609375,9105.4384765625
2V05_A_HIS168__034__0,2V05_A_HIS168,34,0,9101.728515625,9103.5380859375,9099.28125,A,frozen_matched_deposited_minstate_v1,9097.54130859375,9094.49609375,9105.4384765625
2V05_A_HIS168__034__1,2V05_A_HIS168,34,1,9099.0751953125,9103.5380859375,9099.28125,B,frozen_matched_deposited_minstate_v1,9097.54130859375,9094.49609375,9105.4384765625
2V05_A_HIS168__035__0,2V05_A_HIS168,35,0,9094.4814453125,9103.5380859375,9099.28125,other,frozen_matched_deposited_minstate_v1,9097.54130859375,9094.49609375,9105.4384765625
2V05_A_HIS168__035__1,2V05_A_HIS168,35,1,9101.1201171875,9103.5380859375,9099.28125,A,frozen_matched_deposited_minstate_v1,9097.54130859375,9094.49609375,9105.4384765625
2V05_A_HIS168__035__3,2V05_A_HIS168,35,3,9099.1015625,9103.5380859375,9099.28125,B,frozen_matched_deposited_minstate_v1,9097.54130859375,9094.49609375,9105.4384765625
2V05_A_HIS168__036__1,2V05_A_HIS168,36,1,9103.3203125,9103.5380859375,9099.28125,other,frozen_matched_deposited_minstate_v1,9097.54130859375,9094.49609375,9105.4384765625
2V05_A_HIS168__036__3,2V05_A_HIS168,36,3,9099.1123046875,9103.5380859375,9099.28125,B,frozen_matched_deposited_minstate_v1,9097.54130859375,9094.49609375,9105.4384765625
2V05_A_HIS168__037__0,2V05_A_HIS168,37,0,9096.3388671875,9103.5380859375,9099.28125,other,frozen_matched_deposited_minstate_v1,9097.54130859375,9094.49609375,9105.4384765625
2V05_A_HIS168__037__1,2V05_A_HIS168,37,1,9099.1005859375,9103.5380859375,9099.28125,B,frozen_matched_deposited_minstate_v1,9097.54130859375,9094.49609375,9105.4384765625
2V05_A_HIS168__037__2,2V05_A_HIS168,37,2,9101.2705078125,9103.5380859375,9099.28125,A,frozen_matched_deposited_minstate_v1,9097.54130859375,9094.49609375,9105.4384765625
2V05_A_HIS168__038__0,2V05_A_HIS168,38,0,9099.6552734375,9103.5380859375,9099.28125,other,frozen_matched_deposited_minstate_v1,9097.54130859375,9094.49609375,9105.4384765625
2V05_A_HIS168__038__1,2V05_A_HIS168,38,1,9099.7021484375,9103.5380859375,9099.28125,other,frozen_matched_deposited_minstate_v1,9097.54130859375,9094.49609375,9105.4384765625
2V05_A_HIS168__038__2,2V05_A_HIS168,38,2,9095.4541015625,9103.5380859375,9099.28125,other,frozen_matched_deposited_minstate_v1,9097.54130859375,9094.49609375,9105.4384765625
2V05_A_HIS168__039__1,2V05_A_HIS168,39,1,9098.7705078125,9103.5380859375,9099.28125,other,frozen_matched_deposited_minstate_v1,9097.54130859375,9094.49609375,9105.4384765625
2V05_A_HIS168__039__3,2V05_A_HIS168,39,3,9095.927734375,9103.5380859375,9099.28125,other,frozen_matched_deposited_minstate_v1,9097.54130859375,9094.49609375,9105.4384765625
2V05_A_HIS168__040__0,2V05_A_HIS168,40,0,9109.9462890625,9103.5380859375,9099.28125,B,frozen_matched_deposited_minstate_v1,9097.54130859375,9094.49609375,9105.4384765625
2V05_A_HIS168__040__1,2V05_A_HIS168,40,1,9101.0146484375,9103.5380859375,9099.28125,A,frozen_matched_deposited_minstate_v1,9097.54130859375,9094.49609375,9105.4384765625
2V05_A_HIS168__040__3,2V05_A_HIS168,40,3,9094.4921875,9103.5380859375,9099.28125,other,frozen_matched_deposited_minstate_v1,9097.54130859375,9094.49609375,9105.4384765625
2V05_A_HIS168__041__0,2V05_A_HIS168,41,0,9100.7587890625,9103.5380859375,9099.28125,other,frozen_matched_deposited_minstate_v1,9097.54130859375,9094.49609375,9105.4384765625
2V05_A_HIS168__041__1,2V05_A_HIS168,41,1,9094.4111328125,9103.5380859375,9099.28125,other,frozen_matched_deposited_minstate_v1,9097.54130859375,9094.49609375,9105.4384765625
2V05_A_HIS168__041__2,2V05_A_HIS168,41,2,9097.185546875,9103.5380859375,9099.28125,other,frozen_matched_deposited_minstate_v1,9097.54130859375,9094.49609375,9105.4384765625
2V05_A_HIS168__041__3,2V05_A_HIS168,41,3,9100.3828125,9103.5380859375,9099.28125,other,frozen_matched_deposited_minstate_v1,9097.54130859375,9094.49609375,9105.4384765625
2V05_A_HIS168__042__0,2V05_A_HIS168,42,0,9099.6767578125,9103.5380859375,9099.28125,other,frozen_matched_deposited_minstate_v1,9097.54130859375,9094.49609375,9105.4384765625
2V05_A_HIS168__042__1,2V05_A_HIS168,42,1,9095.4658203125,9103.5380859375,9099.28125,other,frozen_matched_deposited_minstate_v1,9097.54130859375,9094.49609375,9105.4384765625
2V05_A_HIS168__042__2,2V05_A_HIS168,42,2,9099.390625,9103.5380859375,9099.28125,other,frozen_matched_deposited_minstate_v1,9097.54130859375,9094.49609375,9105.4384765625
2V05_A_HIS168__043__0,2V05_A_HIS168,43,0,9099.6689453125,9103.5380859375,9099.28125,other,frozen_matched_deposited_minstate_v1,9097.54130859375,9094.49609375,9105.4384765625
2V05_A_HIS168__043__1,2V05_A_HIS168,43,1,9094.505859375,9103.5380859375,9099.28125,other,frozen_matched_deposited_minstate_v1,9097.54130859375,9094.49609375,9105.4384765625
2V05_A_HIS168__043__3,2V05_A_HIS168,43,3,9099.5390625,9103.5380859375,9099.28125,other,frozen_matched_deposited_minstate_v1,9097.54130859375,9094.49609375,9105.4384765625
2V05_A_HIS168__044__0,2V05_A_HIS168,44,0,9099.6962890625,9103.5380859375,9099.28125,other,frozen_matched_deposited_minstate_v1,9097.54130859375,9094.49609375,9105.4384765625
2V05_A_HIS168__044__1,2V05_A_HIS168,44,1,9099.548828125,9103.5380859375,9099.28125,other,frozen_matched_deposited_minstate_v1,9097.54130859375,9094.49609375,9105.4384765625
2V05_A_HIS168__044__3,2V05_A_HIS168,44,3,9094.5068359375,9103.5380859375,9099.28125,other,frozen_matched_deposited_minstate_v1,9097.54130859375,9094.49609375,9105.4384765625
2V05_A_HIS168__045__0,2V05_A_HIS168,45,0,9102.12890625,9103.5380859375,9099.28125,other,frozen_matched_deposited_minstate_v1,9097.54130859375,9094.49609375,9105.4384765625
2V05_A_HIS168__045__1,2V05_A_HIS168,45,1,9099.1220703125,9103.5380859375,9099.28125,B,frozen_matched_deposited_minstate_v1,9097.54130859375,9094.49609375,9105.4384765625
2V05_A_HIS168__045__3,2V05_A_HIS168,45,3,9094.4931640625,9103.5380859375,9099.28125,other,frozen_matched_deposited_minstate_v1,9097.54130859375,9094.49609375,9105.4384765625
2V05_A_HIS168__046__1,2V05_A_HIS168,46,1,9101.78125,9103.5380859375,9099.28125,A,frozen_matched_deposited_minstate_v1,9097.54130859375,9094.49609375,9105.4384765625
2V05_A_HIS168__046__2,2V05_A_HIS168,46,2,9099.123046875,9103.5380859375,9099.28125,B,frozen_matched_deposited_minstate_v1,9097.54130859375,9094.49609375,9105.4384765625
2V05_A_HIS168__047__0,2V05_A_HIS168,47,0,9100.5810546875,9103.5380859375,9099.28125,A,frozen_matched_deposited_minstate_v1,9097.54130859375,9094.49609375,9105.4384765625
2V05_A_HIS168__047__1,2V05_A_HIS168,47,1,9094.5048828125,9103.5380859375,9099.28125,other,frozen_matched_deposited_minstate_v1,9097.54130859375,9094.49609375,9105.4384765625
2V05_A_HIS168__047__2,2V05_A_HIS168,47,2,9099.5673828125,9103.5380859375,9099.28125,other,frozen_matched_deposited_minstate_v1,9097.54130859375,9094.49609375,9105.4384765625
2V05_A_HIS168__047__3,2V05_A_HIS168,47,3,9099.470703125,9103.5380859375,9099.28125,other,frozen_matched_deposited_minstate_v1,9097.54130859375,9094.49609375,9105.4384765625
2V05_A_HIS168__048__0,2V05_A_HIS168,48,0,9099.1044921875,9103.5380859375,9099.28125,B,frozen_matched_deposited_minstate_v1,9097.54130859375,9094.49609375,9105.4384765625
2V05_A_HIS168__048__1,2V05_A_HIS168,48,1,9094.4775390625,9103.5380859375,9099.28125,other,frozen_matched_deposited_minstate_v1,9097.54130859375,9094.49609375,9105.4384765625
2V05_A_HIS168__048__2,2V05_A_HIS168,48,2,9101.1171875,9103.5380859375,9099.28125,A,frozen_matched_deposited_minstate_v1,9097.54130859375,9094.49609375,9105.4384765625
2V05_A_HIS168__049__0,2V05_A_HIS168,49,0,9097.2373046875,9103.5380859375,9099.28125,other,frozen_matched_deposited_minstate_v1,9097.54130859375,9094.49609375,9105.4384765625
2V05_A_HIS168__049__1,2V05_A_HIS168,49,1,9099.0576171875,9103.5380859375,9099.28125,B,frozen_matched_deposited_minstate_v1,9097.54130859375,9094.49609375,9105.4384765625
2V05_A_HIS168__049__2,2V05_A_HIS168,49,2,9094.482421875,9103.5380859375,9099.28125,other,frozen_matched_deposited_minstate_v1,9097.54130859375,9094.49609375,9105.4384765625
2V05_A_HIS168__049__3,2V05_A_HIS168,49,3,9100.982421875,9103.5380859375,9099.28125,A,frozen_matched_deposited_minstate_v1,9097.54130859375,9094.49609375,9105.4384765625
8FBE_B_ILE92__000__1,8FBE_B_ILE92,0,1,150.11428833007812,370.739990234375,149.9482879638672,B,frozen_matched_deposited_minstate_v1,422.5642456054687,355.4219665527344,485.2301940917969
8FBE_B_ILE92__000__2,8FBE_B_ILE92,0,2,235.2621612548828,370.739990234375,149.9482879638672,A,frozen_matched_deposited_minstate_v1,422.5642456054687,355.4219665527344,485.2301940917969
8FBE_B_ILE92__001__1,8FBE_B_ILE92,1,1,235.32933044433594,370.739990234375,149.9482879638672,A,frozen_matched_deposited_minstate_v1,422.5642456054687,355.4219665527344,485.2301940917969
8FBE_B_ILE92__001__2,8FBE_B_ILE92,1,2,150.03453063964844,370.739990234375,149.9482879638672,B,frozen_matched_deposited_minstate_v1,422.5642456054687,355.4219665527344,485.2301940917969
8FBE_B_ILE92__002__1,8FBE_B_ILE92,2,1,149.92721557617188,370.739990234375,149.9482879638672,B,frozen_matched_deposited_minstate_v1,422.5642456054687,355.4219665527344,485.2301940917969
8FBE_B_ILE92__002__2,8FBE_B_ILE92,2,2,235.7353515625,370.739990234375,149.9482879638672,A,frozen_matched_deposited_minstate_v1,422.5642456054687,355.4219665527344,485.2301940917969
8FBE_B_ILE92__003__2,8FBE_B_ILE92,3,2,235.5804443359375,370.739990234375,149.9482879638672,A,frozen_matched_deposited_minstate_v1,422.5642456054687,355.4219665527344,485.2301940917969
8FBE_B_ILE92__003__3,8FBE_B_ILE92,3,3,150.0465545654297,370.739990234375,149.9482879638672,B,frozen_matched_deposited_minstate_v1,422.5642456054687,355.4219665527344,485.2301940917969
8FBE_B_ILE92__004__0,8FBE_B_ILE92,4,0,235.32933044433594,370.739990234375,149.9482879638672,A,frozen_matched_deposited_minstate_v1,422.5642456054687,355.4219665527344,485.2301940917969
8FBE_B_ILE92__004__3,8FBE_B_ILE92,4,3,149.9099578857422,370.739990234375,149.9482879638672,B,frozen_matched_deposited_minstate_v1,422.5642456054687,355.4219665527344,485.2301940917969
8FBE_B_ILE92__005__1,8FBE_B_ILE92,5,1,150.0465545654297,370.739990234375,149.9482879638672,B,frozen_matched_deposited_minstate_v1,422.5642456054687,355.4219665527344,485.2301940917969
8FBE_B_ILE92__005__2,8FBE_B_ILE92,5,2,235.4913330078125,370.739990234375,149.9482879638672,A,frozen_matched_deposited_minstate_v1,422.5642456054687,355.4219665527344,485.2301940917969
8FBE_B_ILE92__006__0,8FBE_B_ILE92,6,0,150.19888305664062,370.739990234375,149.9482879638672,B,frozen_matched_deposited_minstate_v1,422.5642456054687,355.4219665527344,485.2301940917969
8FBE_B_ILE92__006__1,8FBE_B_ILE92,6,1,235.2621612548828,370.739990234375,149.9482879638672,A,frozen_matched_deposited_minstate_v1,422.5642456054687,355.4219665527344,485.2301940917969
8FBE_B_ILE92__007__0,8FBE_B_ILE92,7,0,150.0445556640625,370.739990234375,149.9482879638672,B,frozen_matched_deposited_minstate_v1,422.5642456054687,355.4219665527344,485.2301940917969
8FBE_B_ILE92__007__2,8FBE_B_ILE92,7,2,235.4913330078125,370.739990234375,149.9482879638672,A,frozen_matched_deposited_minstate_v1,422.5642456054687,355.4219665527344,485.2301940917969
8FBE_B_ILE92__008__2,8FBE_B_ILE92,8,2,150.01844787597656,370.739990234375,149.9482879638672,B,frozen_matched_deposited_minstate_v1,422.5642456054687,355.4219665527344,485.2301940917969
8FBE_B_ILE92__008__3,8FBE_B_ILE92,8,3,235.4871826171875,370.739990234375,149.9482879638672,A,frozen_matched_deposited_minstate_v1,422.5642456054687,355.4219665527344,485.2301940917969
8FBE_B_ILE92__009__2,8FBE_B_ILE92,9,2,149.9644317626953,370.739990234375,149.9482879638672,B,frozen_matched_deposited_minstate_v1,422.5642456054687,355.4219665527344,485.2301940917969
8FBE_B_ILE92__009__3,8FBE_B_ILE92,9,3,235.32933044433594,370.739990234375,149.9482879638672,A,frozen_matched_deposited_minstate_v1,422.5642456054687,355.4219665527344,485.2301940917969
8FBE_B_ILE92__010__0,8FBE_B_ILE92,10,0,150.01470947265625,370.739990234375,149.9482879638672,B,frozen_matched_deposited_minstate_v1,422.5642456054687,355.4219665527344,485.2301940917969
8FBE_B_ILE92__010__2,8FBE_B_ILE92,10,2,235.51028442382812,370.739990234375,149.9482879638672,A,frozen_matched_deposited_minstate_v1,422.5642456054687,355.4219665527344,485.2301940917969
8FBE_B_ILE92__011__1,8FBE_B_ILE92,11,1,150.05056762695312,370.739990234375,149.9482879638672,B,frozen_matched_deposited_minstate_v1,422.5642456054687,355.4219665527344,485.2301940917969
8FBE_B_ILE92__011__3,8FBE_B_ILE92,11,3,235.4580078125,370.739990234375,149.9482879638672,A,frozen_matched_deposited_minstate_v1,422.5642456054687,355.4219665527344,485.2301940917969
8FBE_B_ILE92__012__0,8FBE_B_ILE92,12,0,235.5804443359375,370.739990234375,149.9482879638672,A,frozen_matched_deposited_minstate_v1,422.5642456054687,355.4219665527344,485.2301940917969
8FBE_B_ILE92__012__2,8FBE_B_ILE92,12,2,150.0465545654297,370.739990234375,149.9482879638672,B,frozen_matched_deposited_minstate_v1,422.5642456054687,355.4219665527344,485.2301940917969
8FBE_B_ILE92__013__0,8FBE_B_ILE92,13,0,235.73947143554688,370.739990234375,149.9482879638672,A,frozen_matched_deposited_minstate_v1,422.5642456054687,355.4219665527344,485.2301940917969
8FBE_B_ILE92__013__3,8FBE_B_ILE92,13,3,150.0465545654297,370.739990234375,149.9482879638672,B,frozen_matched_deposited_minstate_v1,422.5642456054687,355.4219665527344,485.2301940917969
8FBE_B_ILE92__014__2,8FBE_B_ILE92,14,2,150.0465545654297,370.739990234375,149.9482879638672,B,frozen_matched_deposited_minstate_v1,422.5642456054687,355.4219665527344,485.2301940917969
8FBE_B_ILE92__014__3,8FBE_B_ILE92,14,3,235.5804443359375,370.739990234375,149.9482879638672,A,frozen_matched_deposited_minstate_v1,422.5642456054687,355.4219665527344,485.2301940917969
8FBE_B_ILE92__015__0,8FBE_B_ILE92,15,0,150.0803680419922,370.739990234375,149.9482879638672,B,frozen_matched_deposited_minstate_v1,422.5642456054687,355.4219665527344,485.2301940917969
8FBE_B_ILE92__015__2,8FBE_B_ILE92,15,2,235.4580078125,370.739990234375,149.9482879638672,A,frozen_matched_deposited_minstate_v1,422.5642456054687,355.4219665527344,485.2301940917969
8FBE_B_ILE92__016__2,8FBE_B_ILE92,16,2,235.45387268066406,370.739990234375,149.9482879638672,A,frozen_matched_deposited_minstate_v1,422.5642456054687,355.4219665527344,485.2301940917969
8FBE_B_ILE92__016__3,8FBE_B_ILE92,16,3,150.12445068359375,370.739990234375,149.9482879638672,B,frozen_matched_deposited_minstate_v1,422.5642456054687,355.4219665527344,485.2301940917969
8FBE_B_ILE92__017__0,8FBE_B_ILE92,17,0,235.4580078125,370.739990234375,149.9482879638672,A,frozen_matched_deposited_minstate_v1,422.5642456054687,355.4219665527344,485.2301940917969
8FBE_B_ILE92__017__1,8FBE_B_ILE92,17,1,150.03289794921875,370.739990234375,149.9482879638672,B,frozen_matched_deposited_minstate_v1,422.5642456054687,355.4219665527344,485.2301940917969
8FBE_B_ILE92__018__1,8FBE_B_ILE92,18,1,150.03765869140625,370.739990234375,149.9482879638672,B,frozen_matched_deposited_minstate_v1,422.5642456054687,355.4219665527344,485.2301940917969
8FBE_B_ILE92__018__3,8FBE_B_ILE92,18,3,235.5804443359375,370.739990234375,149.9482879638672,A,frozen_matched_deposited_minstate_v1,422.5642456054687,355.4219665527344,485.2301940917969
8FBE_B_ILE92__019__2,8FBE_B_ILE92,19,2,235.45387268066406,370.739990234375,149.9482879638672,A,frozen_matched_deposited_minstate_v1,422.5642456054687,355.4219665527344,485.2301940917969
8FBE_B_ILE92__019__3,8FBE_B_ILE92,19,3,150.02401733398438,370.739990234375,149.9482879638672,B,frozen_matched_deposited_minstate_v1,422.5642456054687,355.4219665527344,485.2301940917969
8FBE_B_ILE92__020__1,8FBE_B_ILE92,20,1,149.7803497314453,370.739990234375,149.9482879638672,B,frozen_matched_deposited_minstate_v1,422.5642456054687,355.4219665527344,485.2301940917969
8FBE_B_ILE92__020__2,8FBE_B_ILE92,20,2,374.4622802734375,370.739990234375,149.9482879638672,other,frozen_matched_deposited_minstate_v1,422.5642456054687,355.4219665527344,485.2301940917969
8FBE_B_ILE92__020__3,8FBE_B_ILE92,20,3,235.86404418945312,370.739990234375,149.9482879638672,A,frozen_matched_deposited_minstate_v1,422.5642456054687,355.4219665527344,485.2301940917969
8FBE_B_ILE92__021__1,8FBE_B_ILE92,21,1,149.79071044921875,370.739990234375,149.9482879638672,B,frozen_matched_deposited_minstate_v1,422.5642456054687,355.4219665527344,485.2301940917969
8FBE_B_ILE92__021__2,8FBE_B_ILE92,21,2,235.45387268066406,370.739990234375,149.9482879638672,A,frozen_matched_deposited_minstate_v1,422.5642456054687,355.4219665527344,485.2301940917969
8FBE_B_ILE92__022__0,8FBE_B_ILE92,22,0,235.4913330078125,370.739990234375,149.9482879638672,A,frozen_matched_deposited_minstate_v1,422.5642456054687,355.4219665527344,485.2301940917969
8FBE_B_ILE92__022__3,8FBE_B_ILE92,22,3,150.0465545654297,370.739990234375,149.9482879638672,B,frozen_matched_deposited_minstate_v1,422.5642456054687,355.4219665527344,485.2301940917969
8FBE_B_ILE92__023__0,8FBE_B_ILE92,23,0,149.99168395996094,370.739990234375,149.9482879638672,B,frozen_matched_deposited_minstate_v1,422.5642456054687,355.4219665527344,485.2301940917969
8FBE_B_ILE92__023__1,8FBE_B_ILE92,23,1,235.3867950439453,370.739990234375,149.9482879638672,A,frozen_matched_deposited_minstate_v1,422.5642456054687,355.4219665527344,485.2301940917969
8FBE_B_ILE92__024__0,8FBE_B_ILE92,24,0,235.4913330078125,370.739990234375,149.9482879638672,A,frozen_matched_deposited_minstate_v1,422.5642456054687,355.4219665527344,485.2301940917969
8FBE_B_ILE92__024__1,8FBE_B_ILE92,24,1,150.0445556640625,370.739990234375,149.9482879638672,B,frozen_matched_deposited_minstate_v1,422.5642456054687,355.4219665527344,485.2301940917969
8FBE_B_ILE92__025__0,8FBE_B_ILE92,25,0,149.93528747558594,370.739990234375,149.9482879638672,B,frozen_matched_deposited_minstate_v1,422.5642456054687,355.4219665527344,485.2301940917969
8FBE_B_ILE92__025__3,8FBE_B_ILE92,25,3,235.45387268066406,370.739990234375,149.9482879638672,A,frozen_matched_deposited_minstate_v1,422.5642456054687,355.4219665527344,485.2301940917969
8FBE_B_ILE92__026__0,8FBE_B_ILE92,26,0,150.04119873046875,370.739990234375,149.9482879638672,B,frozen_matched_deposited_minstate_v1,422.5642456054687,355.4219665527344,485.2301940917969
8FBE_B_ILE92__026__2,8FBE_B_ILE92,26,2,235.5804443359375,370.739990234375,149.9482879638672,A,frozen_matched_deposited_minstate_v1,422.5642456054687,355.4219665527344,485.2301940917969
8FBE_B_ILE92__027__0,8FBE_B_ILE92,27,0,235.5804443359375,370.739990234375,149.9482879638672,A,frozen_matched_deposited_minstate_v1,422.5642456054687,355.4219665527344,485.2301940917969
8FBE_B_ILE92__027__2,8FBE_B_ILE92,27,2,150.04180908203125,370.739990234375,149.9482879638672,B,frozen_matched_deposited_minstate_v1,422.5642456054687,355.4219665527344,485.2301940917969
8FBE_B_ILE92__028__0,8FBE_B_ILE92,28,0,150.0445556640625,370.739990234375,149.9482879638672,B,frozen_matched_deposited_minstate_v1,422.5642456054687,355.4219665527344,485.2301940917969
8FBE_B_ILE92__028__3,8FBE_B_ILE92,28,3,235.4913330078125,370.739990234375,149.9482879638672,A,frozen_matched_deposited_minstate_v1,422.5642456054687,355.4219665527344,485.2301940917969
8FBE_B_ILE92__029__1,8FBE_B_ILE92,29,1,150.0465545654297,370.739990234375,149.9482879638672,B,frozen_matched_deposited_minstate_v1,422.5642456054687,355.4219665527344,485.2301940917969
8FBE_B_ILE92__029__3,8FBE_B_ILE92,29,3,235.5804443359375,370.739990234375,149.9482879638672,A,frozen_matched_deposited_minstate_v1,422.5642456054687,355.4219665527344,485.2301940917969
8FBE_B_ILE92__030__1,8FBE_B_ILE92,30,1,149.91323852539062,370.739990234375,149.9482879638672,B,frozen_matched_deposited_minstate_v1,422.5642456054687,355.4219665527344,485.2301940917969
8FBE_B_ILE92__030__3,8FBE_B_ILE92,30,3,235.5804443359375,370.739990234375,149.9482879638672,A,frozen_matched_deposited_minstate_v1,422.5642456054687,355.4219665527344,485.2301940917969
8FBE_B_ILE92__031__1,8FBE_B_ILE92,31,1,150.03994750976562,370.739990234375,149.9482879638672,B,frozen_matched_deposited_minstate_v1,422.5642456054687,355.4219665527344,485.2301940917969
8FBE_B_ILE92__031__2,8FBE_B_ILE92,31,2,235.45387268066406,370.739990234375,149.9482879638672,A,frozen_matched_deposited_minstate_v1,422.5642456054687,355.4219665527344,485.2301940917969
8FBE_B_ILE92__032__1,8FBE_B_ILE92,32,1,150.03768920898438,370.739990234375,149.9482879638672,B,frozen_matched_deposited_minstate_v1,422.5642456054687,355.4219665527344,485.2301940917969
8FBE_B_ILE92__032__2,8FBE_B_ILE92,32,2,235.32933044433594,370.739990234375,149.9482879638672,A,frozen_matched_deposited_minstate_v1,422.5642456054687,355.4219665527344,485.2301940917969
8FBE_B_ILE92__033__1,8FBE_B_ILE92,33,1,149.8247833251953,370.739990234375,149.9482879638672,B,frozen_matched_deposited_minstate_v1,422.5642456054687,355.4219665527344,485.2301940917969
8FBE_B_ILE92__033__2,8FBE_B_ILE92,33,2,235.39096069335938,370.739990234375,149.9482879638672,A,frozen_matched_deposited_minstate_v1,422.5642456054687,355.4219665527344,485.2301940917969
8FBE_B_ILE92__033__3,8FBE_B_ILE92,33,3,360.55169677734375,370.739990234375,149.9482879638672,other,frozen_matched_deposited_minstate_v1,422.5642456054687,355.4219665527344,485.2301940917969
8FBE_B_ILE92__034__0,8FBE_B_ILE92,34,0,235.4871826171875,370.739990234375,149.9482879638672,A,frozen_matched_deposited_minstate_v1,422.5642456054687,355.4219665527344,485.2301940917969
8FBE_B_ILE92__034__1,8FBE_B_ILE92,34,1,150.0465545654297,370.739990234375,149.9482879638672,B,frozen_matched_deposited_minstate_v1,422.5642456054687,355.4219665527344,485.2301940917969
8FBE_B_ILE92__035__0,8FBE_B_ILE92,35,0,234.947021484375,370.739990234375,149.9482879638672,A,frozen_matched_deposited_minstate_v1,422.5642456054687,355.4219665527344,485.2301940917969
8FBE_B_ILE92__035__1,8FBE_B_ILE92,35,1,150.05242919921875,370.739990234375,149.9482879638672,B,frozen_matched_deposited_minstate_v1,422.5642456054687,355.4219665527344,485.2301940917969
8FBE_B_ILE92__036__0,8FBE_B_ILE92,36,0,150.1065673828125,370.739990234375,149.9482879638672,B,frozen_matched_deposited_minstate_v1,422.5642456054687,355.4219665527344,485.2301940917969
8FBE_B_ILE92__036__2,8FBE_B_ILE92,36,2,235.31053161621094,370.739990234375,149.9482879638672,A,frozen_matched_deposited_minstate_v1,422.5642456054687,355.4219665527344,485.2301940917969
8FBE_B_ILE92__037__2,8FBE_B_ILE92,37,2,149.95921325683594,370.739990234375,149.9482879638672,B,frozen_matched_deposited_minstate_v1,422.5642456054687,355.4219665527344,485.2301940917969
8FBE_B_ILE92__037__3,8FBE_B_ILE92,37,3,235.32933044433594,370.739990234375,149.9482879638672,A,frozen_matched_deposited_minstate_v1,422.5642456054687,355.4219665527344,485.2301940917969
8FBE_B_ILE92__038__1,8FBE_B_ILE92,38,1,150.0251922607422,370.739990234375,149.9482879638672,B,frozen_matched_deposited_minstate_v1,422.5642456054687,355.4219665527344,485.2301940917969
8FBE_B_ILE92__038__3,8FBE_B_ILE92,38,3,235.59922790527344,370.739990234375,149.9482879638672,A,frozen_matched_deposited_minstate_v1,422.5642456054687,355.4219665527344,485.2301940917969
8FBE_B_ILE92__039__0,8FBE_B_ILE92,39,0,235.4982147216797,370.739990234375,149.9482879638672,A,frozen_matched_deposited_minstate_v1,422.5642456054687,355.4219665527344,485.2301940917969
8FBE_B_ILE92__039__1,8FBE_B_ILE92,39,1,369.4296875,370.739990234375,149.9482879638672,other,frozen_matched_deposited_minstate_v1,422.5642456054687,355.4219665527344,485.2301940917969
8FBE_B_ILE92__039__3,8FBE_B_ILE92,39,3,149.4304962158203,370.739990234375,149.9482879638672,B,frozen_matched_deposited_minstate_v1,422.5642456054687,355.4219665527344,485.2301940917969
8FBE_B_ILE92__040__1,8FBE_B_ILE92,40,1,235.2621612548828,370.739990234375,149.9482879638672,A,frozen_matched_deposited_minstate_v1,422.5642456054687,355.4219665527344,485.2301940917969
8FBE_B_ILE92__040__2,8FBE_B_ILE92,40,2,149.8662567138672,370.739990234375,149.9482879638672,B,frozen_matched_deposited_minstate_v1,422.5642456054687,355.4219665527344,485.2301940917969
8FBE_B_ILE92__041__2,8FBE_B_ILE92,41,2,149.94801330566406,370.739990234375,149.9482879638672,B,frozen_matched_deposited_minstate_v1,422.5642456054687,355.4219665527344,485.2301940917969
8FBE_B_ILE92__041__3,8FBE_B_ILE92,41,3,235.45387268066406,370.739990234375,149.9482879638672,A,frozen_matched_deposited_minstate_v1,422.5642456054687,355.4219665527344,485.2301940917969
8FBE_B_ILE92__042__1,8FBE_B_ILE92,42,1,150.0465545654297,370.739990234375,149.9482879638672,B,frozen_matched_deposited_minstate_v1,422.5642456054687,355.4219665527344,485.2301940917969
8FBE_B_ILE92__042__2,8FBE_B_ILE92,42,2,235.4913330078125,370.739990234375,149.9482879638672,A,frozen_matched_deposited_minstate_v1,422.5642456054687,355.4219665527344,485.2301940917969
8FBE_B_ILE92__043__1,8FBE_B_ILE92,43,1,235.4580078125,370.739990234375,149.9482879638672,A,frozen_matched_deposited_minstate_v1,422.5642456054687,355.4219665527344,485.2301940917969
8FBE_B_ILE92__043__2,8FBE_B_ILE92,43,2,150.04150390625,370.739990234375,149.9482879638672,B,frozen_matched_deposited_minstate_v1,422.5642456054687,355.4219665527344,485.2301940917969
8FBE_B_ILE92__044__2,8FBE_B_ILE92,44,2,235.4580078125,370.739990234375,149.9482879638672,A,frozen_matched_deposited_minstate_v1,422.5642456054687,355.4219665527344,485.2301940917969
8FBE_B_ILE92__044__3,8FBE_B_ILE92,44,3,149.84378051757812,370.739990234375,149.9482879638672,B,frozen_matched_deposited_minstate_v1,422.5642456054687,355.4219665527344,485.2301940917969
8FBE_B_ILE92__045__0,8FBE_B_ILE92,45,0,235.5804443359375,370.739990234375,149.9482879638672,A,frozen_matched_deposited_minstate_v1,422.5642456054687,355.4219665527344,485.2301940917969
8FBE_B_ILE92__045__1,8FBE_B_ILE92,45,1,150.03955078125,370.739990234375,149.9482879638672,B,frozen_matched_deposited_minstate_v1,422.5642456054687,355.4219665527344,485.2301940917969
8FBE_B_ILE92__046__1,8FBE_B_ILE92,46,1,149.55555725097656,370.739990234375,149.9482879638672,B,frozen_matched_deposited_minstate_v1,422.5642456054687,355.4219665527344,485.2301940917969
8FBE_B_ILE92__046__3,8FBE_B_ILE92,46,3,360.4048767089844,370.739990234375,149.9482879638672,other,frozen_matched_deposited_minstate_v1,422.5642456054687,355.4219665527344,485.2301940917969
8FBE_B_ILE92__047__1,8FBE_B_ILE92,47,1,149.95921325683594,370.739990234375,149.9482879638672,B,frozen_matched_deposited_minstate_v1,422.5642456054687,355.4219665527344,485.2301940917969
8FBE_B_ILE92__047__2,8FBE_B_ILE92,47,2,235.32933044433594,370.739990234375,149.9482879638672,A,frozen_matched_deposited_minstate_v1,422.5642456054687,355.4219665527344,485.2301940917969
8FBE_B_ILE92__048__1,8FBE_B_ILE92,48,1,149.8556671142578,370.739990234375,149.9482879638672,B,frozen_matched_deposited_minstate_v1,422.5642456054687,355.4219665527344,485.2301940917969
8FBE_B_ILE92__048__3,8FBE_B_ILE92,48,3,235.2621612548828,370.739990234375,149.9482879638672,A,frozen_matched_deposited_minstate_v1,422.5642456054687,355.4219665527344,485.2301940917969
8FBE_B_ILE92__049__2,8FBE_B_ILE92,49,2,235.5804443359375,370.739990234375,149.9482879638672,A,frozen_matched_deposited_minstate_v1,422.5642456054687,355.4219665527344,485.2301940917969
8FBE_B_ILE92__049__3,8FBE_B_ILE92,49,3,150.0465545654297,370.739990234375,149.9482879638672,B,frozen_matched_deposited_minstate_v1,422.5642456054687,355.4219665527344,485.2301940917969
7T7A_A_LEU396__000__2,7T7A_A_LEU396,0,2,33.76081466674805,35.175498962402344,35.04841995239258,B,frozen_matched_deposited_minstate_v1,59.572536849975585,33.79377746582031,96.47454071044922
7T7A_A_LEU396__000__3,7T7A_A_LEU396,0,3,34.831947326660156,35.175498962402344,35.04841995239258,A,frozen_matched_deposited_minstate_v1,59.572536849975585,33.79377746582031,96.47454071044922
7T7A_A_LEU396__001__0,7T7A_A_LEU396,1,0,33.776084899902344,35.175498962402344,35.04841995239258,B,frozen_matched_deposited_minstate_v1,59.572536849975585,33.79377746582031,96.47454071044922
7T7A_A_LEU396__001__2,7T7A_A_LEU396,1,2,34.91757583618164,35.175498962402344,35.04841995239258,A,frozen_matched_deposited_minstate_v1,59.572536849975585,33.79377746582031,96.47454071044922
7T7A_A_LEU396__002__1,7T7A_A_LEU396,2,1,33.80959701538086,35.175498962402344,35.04841995239258,B,frozen_matched_deposited_minstate_v1,59.572536849975585,33.79377746582031,96.47454071044922
7T7A_A_LEU396__002__2,7T7A_A_LEU396,2,2,34.93207931518555,35.175498962402344,35.04841995239258,A,frozen_matched_deposited_minstate_v1,59.572536849975585,33.79377746582031,96.47454071044922
7T7A_A_LEU396__003__0,7T7A_A_LEU396,3,0,33.66558837890625,35.175498962402344,35.04841995239258,B,frozen_matched_deposited_minstate_v1,59.572536849975585,33.79377746582031,96.47454071044922
7T7A_A_LEU396__003__1,7T7A_A_LEU396,3,1,39.430633544921875,35.175498962402344,35.04841995239258,other,frozen_matched_deposited_minstate_v1,59.572536849975585,33.79377746582031,96.47454071044922
7T7A_A_LEU396__004__1,7T7A_A_LEU396,4,1,37.462589263916016,35.175498962402344,35.04841995239258,B,frozen_matched_deposited_minstate_v1,59.572536849975585,33.79377746582031,96.47454071044922
7T7A_A_LEU396__004__2,7T7A_A_LEU396,4,2,35.012657165527344,35.175498962402344,35.04841995239258,A,frozen_matched_deposited_minstate_v1,59.572536849975585,33.79377746582031,96.47454071044922
7T7A_A_LEU396__005__0,7T7A_A_LEU396,5,0,36.73711013793945,35.175498962402344,35.04841995239258,other,frozen_matched_deposited_minstate_v1,59.572536849975585,33.79377746582031,96.47454071044922
7T7A_A_LEU396__005__1,7T7A_A_LEU396,5,1,37.17068099975586,35.175498962402344,35.04841995239258,B,frozen_matched_deposited_minstate_v1,59.572536849975585,33.79377746582031,96.47454071044922
7T7A_A_LEU396__005__2,7T7A_A_LEU396,5,2,35.036922454833984,35.175498962402344,35.04841995239258,A,frozen_matched_deposited_minstate_v1,59.572536849975585,33.79377746582031,96.47454071044922
7T7A_A_LEU396__006__1,7T7A_A_LEU396,6,1,34.93389129638672,35.175498962402344,35.04841995239258,A,frozen_matched_deposited_minstate_v1,59.572536849975585,33.79377746582031,96.47454071044922
7T7A_A_LEU396__006__3,7T7A_A_LEU396,6,3,33.80741500854492,35.175498962402344,35.04841995239258,B,frozen_matched_deposited_minstate_v1,59.572536849975585,33.79377746582031,96.47454071044922
7T7A_A_LEU396__007__0,7T7A_A_LEU396,7,0,33.8045539855957,35.175498962402344,35.04841995239258,B,frozen_matched_deposited_minstate_v1,59.572536849975585,33.79377746582031,96.47454071044922
7T7A_A_LEU396__007__3,7T7A_A_LEU396,7,3,34.93415832519531,35.175498962402344,35.04841995239258,A,frozen_matched_deposited_minstate_v1,59.572536849975585,33.79377746582031,96.47454071044922
7T7A_A_LEU396__008__0,7T7A_A_LEU396,8,0,38.78746795654297,35.175498962402344,35.04841995239258,other,frozen_matched_deposited_minstate_v1,59.572536849975585,33.79377746582031,96.47454071044922
7T7A_A_LEU396__008__1,7T7A_A_LEU396,8,1,33.74287414550781,35.175498962402344,35.04841995239258,B,frozen_matched_deposited_minstate_v1,59.572536849975585,33.79377746582031,96.47454071044922
7T7A_A_LEU396__008__3,7T7A_A_LEU396,8,3,38.732391357421875,35.175498962402344,35.04841995239258,other,frozen_matched_deposited_minstate_v1,59.572536849975585,33.79377746582031,96.47454071044922
7T7A_A_LEU396__009__0,7T7A_A_LEU396,9,0,34.96421813964844,35.175498962402344,35.04841995239258,A,frozen_matched_deposited_minstate_v1,59.572536849975585,33.79377746582031,96.47454071044922
7T7A_A_LEU396__009__3,7T7A_A_LEU396,9,3,33.80946731567383,35.175498962402344,35.04841995239258,B,frozen_matched_deposited_minstate_v1,59.572536849975585,33.79377746582031,96.47454071044922
7T7A_A_LEU396__010__1,7T7A_A_LEU396,10,1,36.6707649230957,35.175498962402344,35.04841995239258,other,frozen_matched_deposited_minstate_v1,59.572536849975585,33.79377746582031,96.47454071044922
7T7A_A_LEU396__010__2,7T7A_A_LEU396,10,2,34.87245559692383,35.175498962402344,35.04841995239258,A,frozen_matched_deposited_minstate_v1,59.572536849975585,33.79377746582031,96.47454071044922
7T7A_A_LEU396__010__3,7T7A_A_LEU396,10,3,36.996177673339844,35.175498962402344,35.04841995239258,B,frozen_matched_deposited_minstate_v1,59.572536849975585,33.79377746582031,96.47454071044922
7T7A_A_LEU396__011__0,7T7A_A_LEU396,11,0,33.80009841918945,35.175498962402344,35.04841995239258,B,frozen_matched_deposited_minstate_v1,59.572536849975585,33.79377746582031,96.47454071044922
7T7A_A_LEU396__011__2,7T7A_A_LEU396,11,2,34.92997741699219,35.175498962402344,35.04841995239258,A,frozen_matched_deposited_minstate_v1,59.572536849975585,33.79377746582031,96.47454071044922
7T7A_A_LEU396__012__1,7T7A_A_LEU396,12,1,33.829734802246094,35.175498962402344,35.04841995239258,B,frozen_matched_deposited_minstate_v1,59.572536849975585,33.79377746582031,96.47454071044922
7T7A_A_LEU396__012__2,7T7A_A_LEU396,12,2,34.9256591796875,35.175498962402344,35.04841995239258,A,frozen_matched_deposited_minstate_v1,59.572536849975585,33.79377746582031,96.47454071044922
7T7A_A_LEU396__013__1,7T7A_A_LEU396,13,1,34.90391159057617,35.175498962402344,35.04841995239258,A,frozen_matched_deposited_minstate_v1,59.572536849975585,33.79377746582031,96.47454071044922
7T7A_A_LEU396__013__2,7T7A_A_LEU396,13,2,33.78740692138672,35.175498962402344,35.04841995239258,B,frozen_matched_deposited_minstate_v1,59.572536849975585,33.79377746582031,96.47454071044922
7T7A_A_LEU396__014__1,7T7A_A_LEU396,14,1,33.807918548583984,35.175498962402344,35.04841995239258,B,frozen_matched_deposited_minstate_v1,59.572536849975585,33.79377746582031,96.47454071044922
7T7A_A_LEU396__014__3,7T7A_A_LEU396,14,3,34.92592239379883,35.175498962402344,35.04841995239258,A,frozen_matched_deposited_minstate_v1,59.572536849975585,33.79377746582031,96.47454071044922
7T7A_A_LEU396__015__1,7T7A_A_LEU396,15,1,34.89654541015625,35.175498962402344,35.04841995239258,A,frozen_matched_deposited_minstate_v1,59.572536849975585,33.79377746582031,96.47454071044922
7T7A_A_LEU396__015__2,7T7A_A_LEU396,15,2,33.80128479003906,35.175498962402344,35.04841995239258,B,frozen_matched_deposited_minstate_v1,59.572536849975585,33.79377746582031,96.47454071044922
7T7A_A_LEU396__016__2,7T7A_A_LEU396,16,2,33.917537689208984,35.175498962402344,35.04841995239258,B,frozen_matched_deposited_minstate_v1,59.572536849975585,33.79377746582031,96.47454071044922
7T7A_A_LEU396__016__3,7T7A_A_LEU396,16,3,34.928497314453125,35.175498962402344,35.04841995239258,A,frozen_matched_deposited_minstate_v1,59.572536849975585,33.79377746582031,96.47454071044922
7T7A_A_LEU396__017__0,7T7A_A_LEU396,17,0,34.927345275878906,35.175498962402344,35.04841995239258,A,frozen_matched_deposited_minstate_v1,59.572536849975585,33.79377746582031,96.47454071044922
7T7A_A_LEU396__017__2,7T7A_A_LEU396,17,2,33.78426742553711,35.175498962402344,35.04841995239258,B,frozen_matched_deposited_minstate_v1,59.572536849975585,33.79377746582031,96.47454071044922
7T7A_A_LEU396__018__0,7T7A_A_LEU396,18,0,33.80272674560547,35.175498962402344,35.04841995239258,B,frozen_matched_deposited_minstate_v1,59.572536849975585,33.79377746582031,96.47454071044922
7T7A_A_LEU396__018__1,7T7A_A_LEU396,18,1,34.931034088134766,35.175498962402344,35.04841995239258,A,frozen_matched_deposited_minstate_v1,59.572536849975585,33.79377746582031,96.47454071044922
7T7A_A_LEU396__019__1,7T7A_A_LEU396,19,1,34.91249084472656,35.175498962402344,35.04841995239258,A,frozen_matched_deposited_minstate_v1,59.572536849975585,33.79377746582031,96.47454071044922
7T7A_A_LEU396__019__2,7T7A_A_LEU396,19,2,33.7869873046875,35.175498962402344,35.04841995239258,B,frozen_matched_deposited_minstate_v1,59.572536849975585,33.79377746582031,96.47454071044922
7T7A_A_LEU396__020__1,7T7A_A_LEU396,20,1,36.8831672668457,35.175498962402344,35.04841995239258,B,frozen_matched_deposited_minstate_v1,59.572536849975585,33.79377746582031,96.47454071044922
7T7A_A_LEU396__020__2,7T7A_A_LEU396,20,2,36.820411682128906,35.175498962402344,35.04841995239258,other,frozen_matched_deposited_minstate_v1,59.572536849975585,33.79377746582031,96.47454071044922
7T7A_A_LEU396__020__3,7T7A_A_LEU396,20,3,34.83970260620117,35.175498962402344,35.04841995239258,A,frozen_matched_deposited_minstate_v1,59.572536849975585,33.79377746582031,96.47454071044922
7T7A_A_LEU396__021__1,7T7A_A_LEU396,21,1,35.11703872680664,35.175498962402344,35.04841995239258,other,frozen_matched_deposited_minstate_v1,59.572536849975585,33.79377746582031,96.47454071044922
7T7A_A_LEU396__021__2,7T7A_A_LEU396,21,2,35.01660919189453,35.175498962402344,35.04841995239258,A,frozen_matched_deposited_minstate_v1,59.572536849975585,33.79377746582031,96.47454071044922
7T7A_A_LEU396__021__3,7T7A_A_LEU396,21,3,33.74142837524414,35.175498962402344,35.04841995239258,B,frozen_matched_deposited_minstate_v1,59.572536849975585,33.79377746582031,96.47454071044922
7T7A_A_LEU396__022__0,7T7A_A_LEU396,22,0,33.83147430419922,35.175498962402344,35.04841995239258,B,frozen_matched_deposited_minstate_v1,59.572536849975585,33.79377746582031,96.47454071044922
7T7A_A_LEU396__022__2,7T7A_A_LEU396,22,2,34.93230056762695,35.175498962402344,35.04841995239258,A,frozen_matched_deposited_minstate_v1,59.572536849975585,33.79377746582031,96.47454071044922
7T7A_A_LEU396__023__1,7T7A_A_LEU396,23,1,33.823158264160156,35.175498962402344,35.04841995239258,B,frozen_matched_deposited_minstate_v1,59.572536849975585,33.79377746582031,96.47454071044922
7T7A_A_LEU396__023__3,7T7A_A_LEU396,23,3,34.94004821777344,35.175498962402344,35.04841995239258,A,frozen_matched_deposited_minstate_v1,59.572536849975585,33.79377746582031,96.47454071044922
7T7A_A_LEU396__024__0,7T7A_A_LEU396,24,0,38.60660934448242,35.175498962402344,35.04841995239258,other,frozen_matched_deposited_minstate_v1,59.572536849975585,33.79377746582031,96.47454071044922
7T7A_A_LEU396__024__1,7T7A_A_LEU396,24,1,40.50326919555664,35.175498962402344,35.04841995239258,other,frozen_matched_deposited_minstate_v1,59.572536849975585,33.79377746582031,96.47454071044922
7T7A_A_LEU396__024__2,7T7A_A_LEU396,24,2,36.978668212890625,35.175498962402344,35.04841995239258,other,frozen_matched_deposited_minstate_v1,59.572536849975585,33.79377746582031,96.47454071044922
7T7A_A_LEU396__024__3,7T7A_A_LEU396,24,3,39.097808837890625,35.175498962402344,35.04841995239258,other,frozen_matched_deposited_minstate_v1,59.572536849975585,33.79377746582031,96.47454071044922
7T7A_A_LEU396__025__0,7T7A_A_LEU396,25,0,48.330055236816406,35.175498962402344,35.04841995239258,A,frozen_matched_deposited_minstate_v1,59.572536849975585,33.79377746582031,96.47454071044922
7T7A_A_LEU396__025__1,7T7A_A_LEU396,25,1,37.17691421508789,35.175498962402344,35.04841995239258,other,frozen_matched_deposited_minstate_v1,59.572536849975585,33.79377746582031,96.47454071044922
7T7A_A_LEU396__025__2,7T7A_A_LEU396,25,2,33.897926330566406,35.175498962402344,35.04841995239258,B,frozen_matched_deposited_minstate_v1,59.572536849975585,33.79377746582031,96.47454071044922
7T7A_A_LEU396__025__3,7T7A_A_LEU396,25,3,39.72684860229492,35.175498962402344,35.04841995239258,other,frozen_matched_deposited_minstate_v1,59.572536849975585,33.79377746582031,96.47454071044922
7T7A_A_LEU396__026__1,7T7A_A_LEU396,26,1,34.91391372680664,35.175498962402344,35.04841995239258,A,frozen_matched_deposited_minstate_v1,59.572536849975585,33.79377746582031,96.47454071044922
7T7A_A_LEU396__026__3,7T7A_A_LEU396,26,3,33.7468376159668,35.175498962402344,35.04841995239258,B,frozen_matched_deposited_minstate_v1,59.572536849975585,33.79377746582031,96.47454071044922
7T7A_A_LEU396__027__0,7T7A_A_LEU396,27,0,48.39368438720703,35.175498962402344,35.04841995239258,A,frozen_matched_deposited_minstate_v1,59.572536849975585,33.79377746582031,96.47454071044922
7T7A_A_LEU396__027__2,7T7A_A_LEU396,27,2,40.01808166503906,35.175498962402344,35.04841995239258,other,frozen_matched_deposited_minstate_v1,59.572536849975585,33.79377746582031,96.47454071044922
7T7A_A_LEU396__027__3,7T7A_A_LEU396,27,3,33.92083740234375,35.175498962402344,35.04841995239258,B,frozen_matched_deposited_minstate_v1,59.572536849975585,33.79377746582031,96.47454071044922
7T7A_A_LEU396__028__0,7T7A_A_LEU396,28,0,37.45675277709961,35.175498962402344,35.04841995239258,B,frozen_matched_deposited_minstate_v1,59.572536849975585,33.79377746582031,96.47454071044922
7T7A_A_LEU396__028__1,7T7A_A_LEU396,28,1,36.87076950073242,35.175498962402344,35.04841995239258,other,frozen_matched_deposited_minstate_v1,59.572536849975585,33.79377746582031,96.47454071044922
7T7A_A_LEU396__028__3,7T7A_A_LEU396,28,3,35.03326416015625,35.175498962402344,35.04841995239258,A,frozen_matched_deposited_minstate_v1,59.572536849975585,33.79377746582031,96.47454071044922
7T7A_A_LEU396__029__2,7T7A_A_LEU396,29,2,34.9427490234375,35.175498962402344,35.04841995239258,A,frozen_matched_deposited_minstate_v1,59.572536849975585,33.79377746582031,96.47454071044922
7T7A_A_LEU396__029__3,7T7A_A_LEU396,29,3,33.83140563964844,35.175498962402344,35.04841995239258,B,frozen_matched_deposited_minstate_v1,59.572536849975585,33.79377746582031,96.47454071044922
7T7A_A_LEU396__030__0,7T7A_A_LEU396,30,0,33.79389953613281,35.175498962402344,35.04841995239258,B,frozen_matched_deposited_minstate_v1,59.572536849975585,33.79377746582031,96.47454071044922
7T7A_A_LEU396__030__3,7T7A_A_LEU396,30,3,34.93666076660156,35.175498962402344,35.04841995239258,A,frozen_matched_deposited_minstate_v1,59.572536849975585,33.79377746582031,96.47454071044922
7T7A_A_LEU396__031__0,7T7A_A_LEU396,31,0,33.941871643066406,35.175498962402344,35.04841995239258,B,frozen_matched_deposited_minstate_v1,59.572536849975585,33.79377746582031,96.47454071044922
7T7A_A_LEU396__031__1,7T7A_A_LEU396,31,1,35.963134765625,35.175498962402344,35.04841995239258,other,frozen_matched_deposited_minstate_v1,59.572536849975585,33.79377746582031,96.47454071044922
7T7A_A_LEU396__031__2,7T7A_A_LEU396,31,2,48.311973571777344,35.175498962402344,35.04841995239258,A,frozen_matched_deposited_minstate_v1,59.572536849975585,33.79377746582031,96.47454071044922
7T7A_A_LEU396__031__3,7T7A_A_LEU396,31,3,39.878963470458984,35.175498962402344,35.04841995239258,other,frozen_matched_deposited_minstate_v1,59.572536849975585,33.79377746582031,96.47454071044922
7T7A_A_LEU396__032__0,7T7A_A_LEU396,32,0,33.821266174316406,35.175498962402344,35.04841995239258,B,frozen_matched_deposited_minstate_v1,59.572536849975585,33.79377746582031,96.47454071044922
7T7A_A_LEU396__032__2,7T7A_A_LEU396,32,2,34.93255615234375,35.175498962402344,35.04841995239258,A,frozen_matched_deposited_minstate_v1,59.572536849975585,33.79377746582031,96.47454071044922
7T7A_A_LEU396__033__0,7T7A_A_LEU396,33,0,34.873878479003906,35.175498962402344,35.04841995239258,A,frozen_matched_deposited_minstate_v1,59.572536849975585,33.79377746582031,96.47454071044922
7T7A_A_LEU396__033__1,7T7A_A_LEU396,33,1,36.91358184814453,35.175498962402344,35.04841995239258,B,frozen_matched_deposited_minstate_v1,59.572536849975585,33.79377746582031,96.47454071044922
7T7A_A_LEU396__033__2,7T7A_A_LEU396,33,2,36.81106185913086,35.175498962402344,35.04841995239258,other,frozen_matched_deposited_minstate_v1,59.572536849975585,33.79377746582031,96.47454071044922
7T7A_A_LEU396__034__0,7T7A_A_LEU396,34,0,34.93803405761719,35.175498962402344,35.04841995239258,A,frozen_matched_deposited_minstate_v1,59.572536849975585,33.79377746582031,96.47454071044922
7T7A_A_LEU396__034__2,7T7A_A_LEU396,34,2,33.82573699951172,35.175498962402344,35.04841995239258,B,frozen_matched_deposited_minstate_v1,59.572536849975585,33.79377746582031,96.47454071044922
7T7A_A_LEU396__035__0,7T7A_A_LEU396,35,0,33.811431884765625,35.175498962402344,35.04841995239258,B,frozen_matched_deposited_minstate_v1,59.572536849975585,33.79377746582031,96.47454071044922
7T7A_A_LEU396__035__3,7T7A_A_LEU396,35,3,34.90642547607422,35.175498962402344,35.04841995239258,A,frozen_matched_deposited_minstate_v1,59.572536849975585,33.79377746582031,96.47454071044922
7T7A_A_LEU396__036__2,7T7A_A_LEU396,36,2,34.93465042114258,35.175498962402344,35.04841995239258,A,frozen_matched_deposited_minstate_v1,59.572536849975585,33.79377746582031,96.47454071044922
7T7A_A_LEU396__036__3,7T7A_A_LEU396,36,3,33.80959701538086,35.175498962402344,35.04841995239258,B,frozen_matched_deposited_minstate_v1,59.572536849975585,33.79377746582031,96.47454071044922
7T7A_A_LEU396__037__0,7T7A_A_LEU396,37,0,33.944053649902344,35.175498962402344,35.04841995239258,B,frozen_matched_deposited_minstate_v1,59.572536849975585,33.79377746582031,96.47454071044922
7T7A_A_LEU396__037__2,7T7A_A_LEU396,37,2,34.94953155517578,35.175498962402344,35.04841995239258,A,frozen_matched_deposited_minstate_v1,59.572536849975585,33.79377746582031,96.47454071044922
7T7A_A_LEU396__037__3,7T7A_A_LEU396,37,3,34.02371597290039,35.175498962402344,35.04841995239258,other,frozen_matched_deposited_minstate_v1,59.572536849975585,33.79377746582031,96.47454071044922
7T7A_A_LEU396__038__0,7T7A_A_LEU396,38,0,33.68993377685547,35.175498962402344,35.04841995239258,B,frozen_matched_deposited_minstate_v1,59.572536849975585,33.79377746582031,96.47454071044922
7T7A_A_LEU396__038__3,7T7A_A_LEU396,38,3,38.48365020751953,35.175498962402344,35.04841995239258,other,frozen_matched_deposited_minstate_v1,59.572536849975585,33.79377746582031,96.47454071044922
7T7A_A_LEU396__039__1,7T7A_A_LEU396,39,1,33.83820343017578,35.175498962402344,35.04841995239258,B,frozen_matched_deposited_minstate_v1,59.572536849975585,33.79377746582031,96.47454071044922
7T7A_A_LEU396__039__2,7T7A_A_LEU396,39,2,34.928436279296875,35.175498962402344,35.04841995239258,A,frozen_matched_deposited_minstate_v1,59.572536849975585,33.79377746582031,96.47454071044922
7T7A_A_LEU396__040__0,7T7A_A_LEU396,40,0,36.996177673339844,35.175498962402344,35.04841995239258,B,frozen_matched_deposited_minstate_v1,59.572536849975585,33.79377746582031,96.47454071044922
7T7A_A_LEU396__040__1,7T7A_A_LEU396,40,1,34.87090301513672,35.175498962402344,35.04841995239258,A,frozen_matched_deposited_minstate_v1,59.572536849975585,33.79377746582031,96.47454071044922
7T7A_A_LEU396__040__3,7T7A_A_LEU396,40,3,36.6707649230957,35.175498962402344,35.04841995239258,other,frozen_matched_deposited_minstate_v1,59.572536849975585,33.79377746582031,96.47454071044922
7T7A_A_LEU396__041__1,7T7A_A_LEU396,41,1,33.83914566040039,35.175498962402344,35.04841995239258,B,frozen_matched_deposited_minstate_v1,59.572536849975585,33.79377746582031,96.47454071044922
7T7A_A_LEU396__041__3,7T7A_A_LEU396,41,3,34.928436279296875,35.175498962402344,35.04841995239258,A,frozen_matched_deposited_minstate_v1,59.572536849975585,33.79377746582031,96.47454071044922
7T7A_A_LEU396__042__0,7T7A_A_LEU396,42,0,34.92992401123047,35.175498962402344,35.04841995239258,A,frozen_matched_deposited_minstate_v1,59.572536849975585,33.79377746582031,96.47454071044922
7T7A_A_LEU396__042__1,7T7A_A_LEU396,42,1,33.8454475402832,35.175498962402344,35.04841995239258,B,frozen_matched_deposited_minstate_v1,59.572536849975585,33.79377746582031,96.47454071044922
7T7A_A_LEU396__043__0,7T7A_A_LEU396,43,0,33.809139251708984,35.175498962402344,35.04841995239258,B,frozen_matched_deposited_minstate_v1,59.572536849975585,33.79377746582031,96.47454071044922
7T7A_A_LEU396__043__2,7T7A_A_LEU396,43,2,34.21633529663086,35.175498962402344,35.04841995239258,other,frozen_matched_deposited_minstate_v1,59.572536849975585,33.79377746582031,96.47454071044922
7T7A_A_LEU396__043__3,7T7A_A_LEU396,43,3,34.89906311035156,35.175498962402344,35.04841995239258,A,frozen_matched_deposited_minstate_v1,59.572536849975585,33.79377746582031,96.47454071044922
7T7A_A_LEU396__044__0,7T7A_A_LEU396,44,0,33.69434356689453,35.175498962402344,35.04841995239258,B,frozen_matched_deposited_minstate_v1,59.572536849975585,33.79377746582031,96.47454071044922
7T7A_A_LEU396__044__1,7T7A_A_LEU396,44,1,39.07819366455078,35.175498962402344,35.04841995239258,other,frozen_matched_deposited_minstate_v1,59.572536849975585,33.79377746582031,96.47454071044922
7T7A_A_LEU396__044__2,7T7A_A_LEU396,44,2,39.10780715942383,35.175498962402344,35.04841995239258,other,frozen_matched_deposited_minstate_v1,59.572536849975585,33.79377746582031,96.47454071044922
7T7A_A_LEU396__045__0,7T7A_A_LEU396,45,0,33.73505401611328,35.175498962402344,35.04841995239258,B,frozen_matched_deposited_minstate_v1,59.572536849975585,33.79377746582031,96.47454071044922
7T7A_A_LEU396__045__1,7T7A_A_LEU396,45,1,34.770137786865234,35.175498962402344,35.04841995239258,other,frozen_matched_deposited_minstate_v1,59.572536849975585,33.79377746582031,96.47454071044922
7T7A_A_LEU396__045__2,7T7A_A_LEU396,45,2,37.76907730102539,35.175498962402344,35.04841995239258,other,frozen_matched_deposited_minstate_v1,59.572536849975585,33.79377746582031,96.47454071044922
7T7A_A_LEU396__045__3,7T7A_A_LEU396,45,3,34.88392639160156,35.175498962402344,35.04841995239258,A,frozen_matched_deposited_minstate_v1,59.572536849975585,33.79377746582031,96.47454071044922
7T7A_A_LEU396__046__0,7T7A_A_LEU396,46,0,33.6995735168457,35.175498962402344,35.04841995239258,B,frozen_matched_deposited_minstate_v1,59.572536849975585,33.79377746582031,96.47454071044922
7T7A_A_LEU396__046__1,7T7A_A_LEU396,46,1,38.83138656616211,35.175498962402344,35.04841995239258,other,frozen_matched_deposited_minstate_v1,59.572536849975585,33.79377746582031,96.47454071044922
7T7A_A_LEU396__046__2,7T7A_A_LEU396,46,2,40.61001205444336,35.175498962402344,35.04841995239258,other,frozen_matched_deposited_minstate_v1,59.572536849975585,33.79377746582031,96.47454071044922
7T7A_A_LEU396__047__1,7T7A_A_LEU396,47,1,35.00010681152344,35.175498962402344,35.04841995239258,A,frozen_matched_deposited_minstate_v1,59.572536849975585,33.79377746582031,96.47454071044922
7T7A_A_LEU396__047__3,7T7A_A_LEU396,47,3,33.75253677368164,35.175498962402344,35.04841995239258,B,frozen_matched_deposited_minstate_v1,59.572536849975585,33.79377746582031,96.47454071044922
7T7A_A_LEU396__048__2,7T7A_A_LEU396,48,2,34.925941467285156,35.175498962402344,35.04841995239258,A,frozen_matched_deposited_minstate_v1,59.572536849975585,33.79377746582031,96.47454071044922
7T7A_A_LEU396__048__3,7T7A_A_LEU396,48,3,33.780433654785156,35.175498962402344,35.04841995239258,B,frozen_matched_deposited_minstate_v1,59.572536849975585,33.79377746582031,96.47454071044922
7T7A_A_LEU396__049__1,7T7A_A_LEU396,49,1,33.83829116821289,35.175498962402344,35.04841995239258,B,frozen_matched_deposited_minstate_v1,59.572536849975585,33.79377746582031,96.47454071044922
7T7A_A_LEU396__049__3,7T7A_A_LEU396,49,3,34.88660430908203,35.175498962402344,35.04841995239258,A,frozen_matched_deposited_minstate_v1,59.572536849975585,33.79377746582031,96.47454071044922
3NY7_B_LYS19__000__0,3NY7_B_LYS19,0,0,81.0665054321289,89.36123657226562,81.05062866210938,B,frozen_matched_deposited_minstate_v1,489.677059173584,86.2080307006836,1662.18115234375
3NY7_B_LYS19__000__1,3NY7_B_LYS19,0,1,114.37002563476562,89.36123657226562,81.05062866210938,other,frozen_matched_deposited_minstate_v1,489.677059173584,86.2080307006836,1662.18115234375
3NY7_B_LYS19__000__2,3NY7_B_LYS19,0,2,83.56777954101562,89.36123657226562,81.05062866210938,A,frozen_matched_deposited_minstate_v1,489.677059173584,86.2080307006836,1662.18115234375
3NY7_B_LYS19__001__0,3NY7_B_LYS19,1,0,70.75299072265625,89.36123657226562,81.05062866210938,other,frozen_matched_deposited_minstate_v1,489.677059173584,86.2080307006836,1662.18115234375
3NY7_B_LYS19__001__1,3NY7_B_LYS19,1,1,86.15211486816406,89.36123657226562,81.05062866210938,B,frozen_matched_deposited_minstate_v1,489.677059173584,86.2080307006836,1662.18115234375
3NY7_B_LYS19__001__2,3NY7_B_LYS19,1,2,73.33731079101562,89.36123657226562,81.05062866210938,other,frozen_matched_deposited_minstate_v1,489.677059173584,86.2080307006836,1662.18115234375
3NY7_B_LYS19__001__3,3NY7_B_LYS19,1,3,83.14112091064453,89.36123657226562,81.05062866210938,A,frozen_matched_deposited_minstate_v1,489.677059173584,86.2080307006836,1662.18115234375
3NY7_B_LYS19__002__1,3NY7_B_LYS19,2,1,83.7686538696289,89.36123657226562,81.05062866210938,A,frozen_matched_deposited_minstate_v1,489.677059173584,86.2080307006836,1662.18115234375
3NY7_B_LYS19__002__3,3NY7_B_LYS19,2,3,80.75029754638672,89.36123657226562,81.05062866210938,B,frozen_matched_deposited_minstate_v1,489.677059173584,86.2080307006836,1662.18115234375
3NY7_B_LYS19__003__0,3NY7_B_LYS19,3,0,87.27601623535156,89.36123657226562,81.05062866210938,B,frozen_matched_deposited_minstate_v1,489.677059173584,86.2080307006836,1662.18115234375
3NY7_B_LYS19__003__2,3NY7_B_LYS19,3,2,72.56343841552734,89.36123657226562,81.05062866210938,other,frozen_matched_deposited_minstate_v1,489.677059173584,86.2080307006836,1662.18115234375
3NY7_B_LYS19__003__3,3NY7_B_LYS19,3,3,72.16887664794922,89.36123657226562,81.05062866210938,other,frozen_matched_deposited_minstate_v1,489.677059173584,86.2080307006836,1662.18115234375
3NY7_B_LYS19__004__0,3NY7_B_LYS19,4,0,80.79637145996094,89.36123657226562,81.05062866210938,B,frozen_matched_deposited_minstate_v1,489.677059173584,86.2080307006836,1662.18115234375
3NY7_B_LYS19__004__2,3NY7_B_LYS19,4,2,83.90740966796875,89.36123657226562,81.05062866210938,A,frozen_matched_deposited_minstate_v1,489.677059173584,86.2080307006836,1662.18115234375
3NY7_B_LYS19__005__1,3NY7_B_LYS19,5,1,83.2401123046875,89.36123657226562,81.05062866210938,A,frozen_matched_deposited_minstate_v1,489.677059173584,86.2080307006836,1662.18115234375
3NY7_B_LYS19__005__2,3NY7_B_LYS19,5,2,80.69713592529297,89.36123657226562,81.05062866210938,B,frozen_matched_deposited_minstate_v1,489.677059173584,86.2080307006836,1662.18115234375
3NY7_B_LYS19__005__3,3NY7_B_LYS19,5,3,70.530517578125,89.36123657226562,81.05062866210938,other,frozen_matched_deposited_minstate_v1,489.677059173584,86.2080307006836,1662.18115234375
3NY7_B_LYS19__006__1,3NY7_B_LYS19,6,1,83.66461181640625,89.36123657226562,81.05062866210938,A,frozen_matched_deposited_minstate_v1,489.677059173584,86.2080307006836,1662.18115234375
3NY7_B_LYS19__006__2,3NY7_B_LYS19,6,2,76.3336181640625,89.36123657226562,81.05062866210938,other,frozen_matched_deposited_minstate_v1,489.677059173584,86.2080307006836,1662.18115234375
3NY7_B_LYS19__006__3,3NY7_B_LYS19,6,3,87.35411834716797,89.36123657226562,81.05062866210938,B,frozen_matched_deposited_minstate_v1,489.677059173584,86.2080307006836,1662.18115234375
3NY7_B_LYS19__007__0,3NY7_B_LYS19,7,0,94.92577362060547,89.36123657226562,81.05062866210938,other,frozen_matched_deposited_minstate_v1,489.677059173584,86.2080307006836,1662.18115234375
3NY7_B_LYS19__007__1,3NY7_B_LYS19,7,1,86.63138580322266,89.36123657226562,81.05062866210938,B,frozen_matched_deposited_minstate_v1,489.677059173584,86.2080307006836,1662.18115234375
3NY7_B_LYS19__007__2,3NY7_B_LYS19,7,2,83.31204223632812,89.36123657226562,81.05062866210938,A,frozen_matched_deposited_minstate_v1,489.677059173584,86.2080307006836,1662.18115234375
3NY7_B_LYS19__008__2,3NY7_B_LYS19,8,2,83.26419830322266,89.36123657226562,81.05062866210938,A,frozen_matched_deposited_minstate_v1,489.677059173584,86.2080307006836,1662.18115234375
3NY7_B_LYS19__008__3,3NY7_B_LYS19,8,3,89.01569366455078,89.36123657226562,81.05062866210938,B,frozen_matched_deposited_minstate_v1,489.677059173584,86.2080307006836,1662.18115234375
3NY7_B_LYS19__009__0,3NY7_B_LYS19,9,0,84.00081634521484,89.36123657226562,81.05062866210938,A,frozen_matched_deposited_minstate_v1,489.677059173584,86.2080307006836,1662.18115234375
3NY7_B_LYS19__009__1,3NY7_B_LYS19,9,1,80.77030181884766,89.36123657226562,81.05062866210938,B,frozen_matched_deposited_minstate_v1,489.677059173584,86.2080307006836,1662.18115234375
3NY7_B_LYS19__010__2,3NY7_B_LYS19,10,2,83.8711166381836,89.36123657226562,81.05062866210938,A,frozen_matched_deposited_minstate_v1,489.677059173584,86.2080307006836,1662.18115234375
3NY7_B_LYS19__010__3,3NY7_B_LYS19,10,3,80.74295043945312,89.36123657226562,81.05062866210938,B,frozen_matched_deposited_minstate_v1,489.677059173584,86.2080307006836,1662.18115234375
3NY7_B_LYS19__011__1,3NY7_B_LYS19,11,1,83.67324829101562,89.36123657226562,81.05062866210938,A,frozen_matched_deposited_minstate_v1,489.677059173584,86.2080307006836,1662.18115234375
3NY7_B_LYS19__011__2,3NY7_B_LYS19,11,2,80.77020263671875,89.36123657226562,81.05062866210938,B,frozen_matched_deposited_minstate_v1,489.677059173584,86.2080307006836,1662.18115234375
3NY7_B_LYS19__012__0,3NY7_B_LYS19,12,0,86.089599609375,89.36123657226562,81.05062866210938,B,frozen_matched_deposited_minstate_v1,489.677059173584,86.2080307006836,1662.18115234375
3NY7_B_LYS19__012__1,3NY7_B_LYS19,12,1,83.93345642089844,89.36123657226562,81.05062866210938,A,frozen_matched_deposited_minstate_v1,489.677059173584,86.2080307006836,1662.18115234375
3NY7_B_LYS19__013__0,3NY7_B_LYS19,13,0,80.73997497558594,89.36123657226562,81.05062866210938,B,frozen_matched_deposited_minstate_v1,489.677059173584,86.2080307006836,1662.18115234375
3NY7_B_LYS19__013__2,3NY7_B_LYS19,13,2,83.39132690429688,89.36123657226562,81.05062866210938,A,frozen_matched_deposited_minstate_v1,489.677059173584,86.2080307006836,1662.18115234375
3NY7_B_LYS19__013__3,3NY7_B_LYS19,13,3,71.80216217041016,89.36123657226562,81.05062866210938,other,frozen_matched_deposited_minstate_v1,489.677059173584,86.2080307006836,1662.18115234375
3NY7_B_LYS19__014__1,3NY7_B_LYS19,14,1,80.8147964477539,89.36123657226562,81.05062866210938,B,frozen_matched_deposited_minstate_v1,489.677059173584,86.2080307006836,1662.18115234375
3NY7_B_LYS19__014__2,3NY7_B_LYS19,14,2,84.06852722167969,89.36123657226562,81.05062866210938,A,frozen_matched_deposited_minstate_v1,489.677059173584,86.2080307006836,1662.18115234375
3NY7_B_LYS19__015__0,3NY7_B_LYS19,15,0,80.75776672363281,89.36123657226562,81.05062866210938,B,frozen_matched_deposited_minstate_v1,489.677059173584,86.2080307006836,1662.18115234375
3NY7_B_LYS19__015__1,3NY7_B_LYS19,15,1,83.7255630493164,89.36123657226562,81.05062866210938,A,frozen_matched_deposited_minstate_v1,489.677059173584,86.2080307006836,1662.18115234375
3NY7_B_LYS19__016__1,3NY7_B_LYS19,16,1,80.7633056640625,89.36123657226562,81.05062866210938,B,frozen_matched_deposited_minstate_v1,489.677059173584,86.2080307006836,1662.18115234375
3NY7_B_LYS19__016__2,3NY7_B_LYS19,16,2,83.88306427001953,89.36123657226562,81.05062866210938,A,frozen_matched_deposited_minstate_v1,489.677059173584,86.2080307006836,1662.18115234375
3NY7_B_LYS19__017__0,3NY7_B_LYS19,17,0,75.1907958984375,89.36123657226562,81.05062866210938,other,frozen_matched_deposited_minstate_v1,489.677059173584,86.2080307006836,1662.18115234375
3NY7_B_LYS19__017__1,3NY7_B_LYS19,17,1,83.04998779296875,89.36123657226562,81.05062866210938,A,frozen_matched_deposited_minstate_v1,489.677059173584,86.2080307006836,1662.18115234375
3NY7_B_LYS19__017__3,3NY7_B_LYS19,17,3,80.73627471923828,89.36123657226562,81.05062866210938,B,frozen_matched_deposited_minstate_v1,489.677059173584,86.2080307006836,1662.18115234375
3NY7_B_LYS19__018__1,3NY7_B_LYS19,18,1,80.77851867675781,89.36123657226562,81.05062866210938,B,frozen_matched_deposited_minstate_v1,489.677059173584,86.2080307006836,1662.18115234375
3NY7_B_LYS19__018__2,3NY7_B_LYS19,18,2,83.97196197509766,89.36123657226562,81.05062866210938,A,frozen_matched_deposited_minstate_v1,489.677059173584,86.2080307006836,1662.18115234375
3NY7_B_LYS19__019__1,3NY7_B_LYS19,19,1,83.97734069824219,89.36123657226562,81.05062866210938,A,frozen_matched_deposited_minstate_v1,489.677059173584,86.2080307006836,1662.18115234375
3NY7_B_LYS19__019__2,3NY7_B_LYS19,19,2,80.74666595458984,89.36123657226562,81.05062866210938,B,frozen_matched_deposited_minstate_v1,489.677059173584,86.2080307006836,1662.18115234375
3NY7_B_LYS19__020__0,3NY7_B_LYS19,20,0,83.56302642822266,89.36123657226562,81.05062866210938,A,frozen_matched_deposited_minstate_v1,489.677059173584,86.2080307006836,1662.18115234375
3NY7_B_LYS19__020__2,3NY7_B_LYS19,20,2,86.61835479736328,89.36123657226562,81.05062866210938,B,frozen_matched_deposited_minstate_v1,489.677059173584,86.2080307006836,1662.18115234375
3NY7_B_LYS19__021__0,3NY7_B_LYS19,21,0,83.99735260009766,89.36123657226562,81.05062866210938,A,frozen_matched_deposited_minstate_v1,489.677059173584,86.2080307006836,1662.18115234375
3NY7_B_LYS19__021__2,3NY7_B_LYS19,21,2,80.76266479492188,89.36123657226562,81.05062866210938,B,frozen_matched_deposited_minstate_v1,489.677059173584,86.2080307006836,1662.18115234375
3NY7_B_LYS19__022__1,3NY7_B_LYS19,22,1,83.40023040771484,89.36123657226562,81.05062866210938,A,frozen_matched_deposited_minstate_v1,489.677059173584,86.2080307006836,1662.18115234375
3NY7_B_LYS19__022__2,3NY7_B_LYS19,22,2,80.68428039550781,89.36123657226562,81.05062866210938,B,frozen_matched_deposited_minstate_v1,489.677059173584,86.2080307006836,1662.18115234375
3NY7_B_LYS19__023__0,3NY7_B_LYS19,23,0,73.1919937133789,89.36123657226562,81.05062866210938,other,frozen_matched_deposited_minstate_v1,489.677059173584,86.2080307006836,1662.18115234375
3NY7_B_LYS19__023__1,3NY7_B_LYS19,23,1,83.94298553466797,89.36123657226562,81.05062866210938,A,frozen_matched_deposited_minstate_v1,489.677059173584,86.2080307006836,1662.18115234375
3NY7_B_LYS19__023__2,3NY7_B_LYS19,23,2,80.74215698242188,89.36123657226562,81.05062866210938,B,frozen_matched_deposited_minstate_v1,489.677059173584,86.2080307006836,1662.18115234375
3NY7_B_LYS19__024__0,3NY7_B_LYS19,24,0,83.93021392822266,89.36123657226562,81.05062866210938,A,frozen_matched_deposited_minstate_v1,489.677059173584,86.2080307006836,1662.18115234375
3NY7_B_LYS19__024__3,3NY7_B_LYS19,24,3,80.7736587524414,89.36123657226562,81.05062866210938,B,frozen_matched_deposited_minstate_v1,489.677059173584,86.2080307006836,1662.18115234375
3NY7_B_LYS19__025__1,3NY7_B_LYS19,25,1,80.58290100097656,89.36123657226562,81.05062866210938,B,frozen_matched_deposited_minstate_v1,489.677059173584,86.2080307006836,1662.18115234375
3NY7_B_LYS19__025__2,3NY7_B_LYS19,25,2,84.01445770263672,89.36123657226562,81.05062866210938,A,frozen_matched_deposited_minstate_v1,489.677059173584,86.2080307006836,1662.18115234375
3NY7_B_LYS19__026__0,3NY7_B_LYS19,26,0,73.55107116699219,89.36123657226562,81.05062866210938,other,frozen_matched_deposited_minstate_v1,489.677059173584,86.2080307006836,1662.18115234375
3NY7_B_LYS19__026__1,3NY7_B_LYS19,26,1,80.7624282836914,89.36123657226562,81.05062866210938,B,frozen_matched_deposited_minstate_v1,489.677059173584,86.2080307006836,1662.18115234375
3NY7_B_LYS19__026__2,3NY7_B_LYS19,26,2,83.15172576904297,89.36123657226562,81.05062866210938,A,frozen_matched_deposited_minstate_v1,489.677059173584,86.2080307006836,1662.18115234375
3NY7_B_LYS19__027__1,3NY7_B_LYS19,27,1,80.7086181640625,89.36123657226562,81.05062866210938,B,frozen_matched_deposited_minstate_v1,489.677059173584,86.2080307006836,1662.18115234375
3NY7_B_LYS19__027__3,3NY7_B_LYS19,27,3,83.9626693725586,89.36123657226562,81.05062866210938,A,frozen_matched_deposited_minstate_v1,489.677059173584,86.2080307006836,1662.18115234375
3NY7_B_LYS19__028__1,3NY7_B_LYS19,28,1,71.8148193359375,89.36123657226562,81.05062866210938,other,frozen_matched_deposited_minstate_v1,489.677059173584,86.2080307006836,1662.18115234375
3NY7_B_LYS19__028__2,3NY7_B_LYS19,28,2,83.63217163085938,89.36123657226562,81.05062866210938,A,frozen_matched_deposited_minstate_v1,489.677059173584,86.2080307006836,1662.18115234375
3NY7_B_LYS19__028__3,3NY7_B_LYS19,28,3,80.73329162597656,89.36123657226562,81.05062866210938,B,frozen_matched_deposited_minstate_v1,489.677059173584,86.2080307006836,1662.18115234375
3NY7_B_LYS19__029__0,3NY7_B_LYS19,29,0,80.67764282226562,89.36123657226562,81.05062866210938,B,frozen_matched_deposited_minstate_v1,489.677059173584,86.2080307006836,1662.18115234375
3NY7_B_LYS19__029__2,3NY7_B_LYS19,29,2,83.63231658935547,89.36123657226562,81.05062866210938,A,frozen_matched_deposited_minstate_v1,489.677059173584,86.2080307006836,1662.18115234375
3NY7_B_LYS19__029__3,3NY7_B_LYS19,29,3,119.04354858398438,89.36123657226562,81.05062866210938,other,frozen_matched_deposited_minstate_v1,489.677059173584,86.2080307006836,1662.18115234375
3NY7_B_LYS19__030__0,3NY7_B_LYS19,30,0,80.76533508300781,89.36123657226562,81.05062866210938,B,frozen_matched_deposited_minstate_v1,489.677059173584,86.2080307006836,1662.18115234375
3NY7_B_LYS19__030__1,3NY7_B_LYS19,30,1,83.80624389648438,89.36123657226562,81.05062866210938,A,frozen_matched_deposited_minstate_v1,489.677059173584,86.2080307006836,1662.18115234375
3NY7_B_LYS19__031__0,3NY7_B_LYS19,31,0,83.42074584960938,89.36123657226562,81.05062866210938,A,frozen_matched_deposited_minstate_v1,489.677059173584,86.2080307006836,1662.18115234375
3NY7_B_LYS19__031__1,3NY7_B_LYS19,31,1,100.6630630493164,89.36123657226562,81.05062866210938,B,frozen_matched_deposited_minstate_v1,489.677059173584,86.2080307006836,1662.18115234375
3NY7_B_LYS19__031__3,3NY7_B_LYS19,31,3,82.53164672851562,89.36123657226562,81.05062866210938,other,frozen_matched_deposited_minstate_v1,489.677059173584,86.2080307006836,1662.18115234375
3NY7_B_LYS19__032__0,3NY7_B_LYS19,32,0,80.77438354492188,89.36123657226562,81.05062866210938,B,frozen_matched_deposited_minstate_v1,489.677059173584,86.2080307006836,1662.18115234375
3NY7_B_LYS19__032__1,3NY7_B_LYS19,32,1,83.99737548828125,89.36123657226562,81.05062866210938,A,frozen_matched_deposited_minstate_v1,489.677059173584,86.2080307006836,1662.18115234375
3NY7_B_LYS19__033__1,3NY7_B_LYS19,33,1,83.99301147460938,89.36123657226562,81.05062866210938,A,frozen_matched_deposited_minstate_v1,489.677059173584,86.2080307006836,1662.18115234375
3NY7_B_LYS19__033__2,3NY7_B_LYS19,33,2,79.23951721191406,89.36123657226562,81.05062866210938,other,frozen_matched_deposited_minstate_v1,489.677059173584,86.2080307006836,1662.18115234375
3NY7_B_LYS19__033__3,3NY7_B_LYS19,33,3,80.79034423828125,89.36123657226562,81.05062866210938,B,frozen_matched_deposited_minstate_v1,489.677059173584,86.2080307006836,1662.18115234375
3NY7_B_LYS19__034__0,3NY7_B_LYS19,34,0,112.23800659179688,89.36123657226562,81.05062866210938,other,frozen_matched_deposited_minstate_v1,489.677059173584,86.2080307006836,1662.18115234375
3NY7_B_LYS19__034__1,3NY7_B_LYS19,34,1,83.7041015625,89.36123657226562,81.05062866210938,A,frozen_matched_deposited_minstate_v1,489.677059173584,86.2080307006836,1662.18115234375
3NY7_B_LYS19__034__2,3NY7_B_LYS19,34,2,81.0700912475586,89.36123657226562,81.05062866210938,B,frozen_matched_deposited_minstate_v1,489.677059173584,86.2080307006836,1662.18115234375
3NY7_B_LYS19__035__0,3NY7_B_LYS19,35,0,83.8749771118164,89.36123657226562,81.05062866210938,A,frozen_matched_deposited_minstate_v1,489.677059173584,86.2080307006836,1662.18115234375
3NY7_B_LYS19__035__1,3NY7_B_LYS19,35,1,80.71257781982422,89.36123657226562,81.05062866210938,B,frozen_matched_deposited_minstate_v1,489.677059173584,86.2080307006836,1662.18115234375
3NY7_B_LYS19__036__1,3NY7_B_LYS19,36,1,80.79757690429688,89.36123657226562,81.05062866210938,B,frozen_matched_deposited_minstate_v1,489.677059173584,86.2080307006836,1662.18115234375
3NY7_B_LYS19__036__3,3NY7_B_LYS19,36,3,83.82351684570312,89.36123657226562,81.05062866210938,A,frozen_matched_deposited_minstate_v1,489.677059173584,86.2080307006836,1662.18115234375
3NY7_B_LYS19__037__0,3NY7_B_LYS19,37,0,83.56214141845703,89.36123657226562,81.05062866210938,A,frozen_matched_deposited_minstate_v1,489.677059173584,86.2080307006836,1662.18115234375
3NY7_B_LYS19__037__1,3NY7_B_LYS19,37,1,71.80067443847656,89.36123657226562,81.05062866210938,other,frozen_matched_deposited_minstate_v1,489.677059173584,86.2080307006836,1662.18115234375
3NY7_B_LYS19__037__2,3NY7_B_LYS19,37,2,80.71864318847656,89.36123657226562,81.05062866210938,B,frozen_matched_deposited_minstate_v1,489.677059173584,86.2080307006836,1662.18115234375
3NY7_B_LYS19__038__0,3NY7_B_LYS19,38,0,80.71656036376953,89.36123657226562,81.05062866210938,B,frozen_matched_deposited_minstate_v1,489.677059173584,86.2080307006836,1662.18115234375
3NY7_B_LYS19__038__3,3NY7_B_LYS19,38,3,83.5997085571289,89.36123657226562,81.05062866210938,A,frozen_matched_deposited_minstate_v1,489.677059173584,86.2080307006836,1662.18115234375
3NY7_B_LYS19__039__2,3NY7_B_LYS19,39,2,86.58575439453125,89.36123657226562,81.05062866210938,B,frozen_matched_deposited_minstate_v1,489.677059173584,86.2080307006836,1662.18115234375
3NY7_B_LYS19__039__3,3NY7_B_LYS19,39,3,83.48540496826172,89.36123657226562,81.05062866210938,A,frozen_matched_deposited_minstate_v1,489.677059173584,86.2080307006836,1662.18115234375
3NY7_B_LYS19__040__1,3NY7_B_LYS19,40,1,80.72490692138672,89.36123657226562,81.05062866210938,B,frozen_matched_deposited_minstate_v1,489.677059173584,86.2080307006836,1662.18115234375
3NY7_B_LYS19__040__2,3NY7_B_LYS19,40,2,75.11589050292969,89.36123657226562,81.05062866210938,other,frozen_matched_deposited_minstate_v1,489.677059173584,86.2080307006836,1662.18115234375
3NY7_B_LYS19__040__3,3NY7_B_LYS19,40,3,83.23602294921875,89.36123657226562,81.05062866210938,A,frozen_matched_deposited_minstate_v1,489.677059173584,86.2080307006836,1662.18115234375
3NY7_B_LYS19__041__1,3NY7_B_LYS19,41,1,72.44293212890625,89.36123657226562,81.05062866210938,other,frozen_matched_deposited_minstate_v1,489.677059173584,86.2080307006836,1662.18115234375
3NY7_B_LYS19__041__2,3NY7_B_LYS19,41,2,83.59637451171875,89.36123657226562,81.05062866210938,A,frozen_matched_deposited_minstate_v1,489.677059173584,86.2080307006836,1662.18115234375
3NY7_B_LYS19__041__3,3NY7_B_LYS19,41,3,80.71977996826172,89.36123657226562,81.05062866210938,B,frozen_matched_deposited_minstate_v1,489.677059173584,86.2080307006836,1662.18115234375
3NY7_B_LYS19__042__0,3NY7_B_LYS19,42,0,83.65421295166016,89.36123657226562,81.05062866210938,A,frozen_matched_deposited_minstate_v1,489.677059173584,86.2080307006836,1662.18115234375
3NY7_B_LYS19__042__1,3NY7_B_LYS19,42,1,80.71906280517578,89.36123657226562,81.05062866210938,B,frozen_matched_deposited_minstate_v1,489.677059173584,86.2080307006836,1662.18115234375
3NY7_B_LYS19__043__0,3NY7_B_LYS19,43,0,72.8802261352539,89.36123657226562,81.05062866210938,other,frozen_matched_deposited_minstate_v1,489.677059173584,86.2080307006836,1662.18115234375
3NY7_B_LYS19__043__1,3NY7_B_LYS19,43,1,83.46660614013672,89.36123657226562,81.05062866210938,A,frozen_matched_deposited_minstate_v1,489.677059173584,86.2080307006836,1662.18115234375
3NY7_B_LYS19__043__2,3NY7_B_LYS19,43,2,88.8071517944336,89.36123657226562,81.05062866210938,B,frozen_matched_deposited_minstate_v1,489.677059173584,86.2080307006836,1662.18115234375
3NY7_B_LYS19__044__0,3NY7_B_LYS19,44,0,83.34877014160156,89.36123657226562,81.05062866210938,A,frozen_matched_deposited_minstate_v1,489.677059173584,86.2080307006836,1662.18115234375
3NY7_B_LYS19__044__1,3NY7_B_LYS19,44,1,87.692138671875,89.36123657226562,81.05062866210938,B,frozen_matched_deposited_minstate_v1,489.677059173584,86.2080307006836,1662.18115234375
3NY7_B_LYS19__044__2,3NY7_B_LYS19,44,2,76.30064392089844,89.36123657226562,81.05062866210938,other,frozen_matched_deposited_minstate_v1,489.677059173584,86.2080307006836,1662.18115234375
3NY7_B_LYS19__044__3,3NY7_B_LYS19,44,3,73.52030944824219,89.36123657226562,81.05062866210938,other,frozen_matched_deposited_minstate_v1,489.677059173584,86.2080307006836,1662.18115234375
3NY7_B_LYS19__045__0,3NY7_B_LYS19,45,0,83.64329528808594,89.36123657226562,81.05062866210938,A,frozen_matched_deposited_minstate_v1,489.677059173584,86.2080307006836,1662.18115234375
3NY7_B_LYS19__045__1,3NY7_B_LYS19,45,1,80.73919677734375,89.36123657226562,81.05062866210938,B,frozen_matched_deposited_minstate_v1,489.677059173584,86.2080307006836,1662.18115234375
3NY7_B_LYS19__045__3,3NY7_B_LYS19,45,3,72.03167724609375,89.36123657226562,81.05062866210938,other,frozen_matched_deposited_minstate_v1,489.677059173584,86.2080307006836,1662.18115234375
3NY7_B_LYS19__046__0,3NY7_B_LYS19,46,0,81.03546905517578,89.36123657226562,81.05062866210938,other,frozen_matched_deposited_minstate_v1,489.677059173584,86.2080307006836,1662.18115234375
3NY7_B_LYS19__046__1,3NY7_B_LYS19,46,1,71.06729125976562,89.36123657226562,81.05062866210938,other,frozen_matched_deposited_minstate_v1,489.677059173584,86.2080307006836,1662.18115234375
3NY7_B_LYS19__046__3,3NY7_B_LYS19,46,3,83.36151123046875,89.36123657226562,81.05062866210938,A,frozen_matched_deposited_minstate_v1,489.677059173584,86.2080307006836,1662.18115234375
3NY7_B_LYS19__047__2,3NY7_B_LYS19,47,2,80.7199935913086,89.36123657226562,81.05062866210938,B,frozen_matched_deposited_minstate_v1,489.677059173584,86.2080307006836,1662.18115234375
3NY7_B_LYS19__047__3,3NY7_B_LYS19,47,3,83.7066421508789,89.36123657226562,81.05062866210938,A,frozen_matched_deposited_minstate_v1,489.677059173584,86.2080307006836,1662.18115234375
3NY7_B_LYS19__048__0,3NY7_B_LYS19,48,0,80.76057434082031,89.36123657226562,81.05062866210938,B,frozen_matched_deposited_minstate_v1,489.677059173584,86.2080307006836,1662.18115234375
3NY7_B_LYS19__048__3,3NY7_B_LYS19,48,3,83.98177337646484,89.36123657226562,81.05062866210938,A,frozen_matched_deposited_minstate_v1,489.677059173584,86.2080307006836,1662.18115234375
3NY7_B_LYS19__049__0,3NY7_B_LYS19,49,0,80.76686096191406,89.36123657226562,81.05062866210938,B,frozen_matched_deposited_minstate_v1,489.677059173584,86.2080307006836,1662.18115234375
3NY7_B_LYS19__049__3,3NY7_B_LYS19,49,3,83.99076843261719,89.36123657226562,81.05062866210938,A,frozen_matched_deposited_minstate_v1,489.677059173584,86.2080307006836,1662.18115234375
5KWB_A_PHE591__000__2,5KWB_A_PHE591,0,2,228.84771728515625,228.7633514404297,202.7101287841797,A,frozen_matched_deposited_minstate_v1,79.25598678588867,78.1908187866211,80.48454284667969
5KWB_A_PHE591__000__3,5KWB_A_PHE591,0,3,202.54161071777344,228.7633514404297,202.7101287841797,B,frozen_matched_deposited_minstate_v1,79.25598678588867,78.1908187866211,80.48454284667969
5KWB_A_PHE591__001__0,5KWB_A_PHE591,1,0,202.52197265625,228.7633514404297,202.7101287841797,B,frozen_matched_deposited_minstate_v1,79.25598678588867,78.1908187866211,80.48454284667969
5KWB_A_PHE591__001__1,5KWB_A_PHE591,1,1,77.02839660644531,228.7633514404297,202.7101287841797,other,frozen_matched_deposited_minstate_v1,79.25598678588867,78.1908187866211,80.48454284667969
5KWB_A_PHE591__001__2,5KWB_A_PHE591,1,2,228.86093139648438,228.7633514404297,202.7101287841797,A,frozen_matched_deposited_minstate_v1,79.25598678588867,78.1908187866211,80.48454284667969
5KWB_A_PHE591__002__1,5KWB_A_PHE591,2,1,228.85061645507812,228.7633514404297,202.7101287841797,A,frozen_matched_deposited_minstate_v1,79.25598678588867,78.1908187866211,80.48454284667969
5KWB_A_PHE591__002__3,5KWB_A_PHE591,2,3,202.55076599121094,228.7633514404297,202.7101287841797,B,frozen_matched_deposited_minstate_v1,79.25598678588867,78.1908187866211,80.48454284667969
5KWB_A_PHE591__003__0,5KWB_A_PHE591,3,0,202.4520263671875,228.7633514404297,202.7101287841797,B,frozen_matched_deposited_minstate_v1,79.25598678588867,78.1908187866211,80.48454284667969
5KWB_A_PHE591__003__2,5KWB_A_PHE591,3,2,228.88839721679688,228.7633514404297,202.7101287841797,A,frozen_matched_deposited_minstate_v1,79.25598678588867,78.1908187866211,80.48454284667969
5KWB_A_PHE591__004__0,5KWB_A_PHE591,4,0,202.4615936279297,228.7633514404297,202.7101287841797,B,frozen_matched_deposited_minstate_v1,79.25598678588867,78.1908187866211,80.48454284667969
5KWB_A_PHE591__004__1,5KWB_A_PHE591,4,1,228.88095092773438,228.7633514404297,202.7101287841797,A,frozen_matched_deposited_minstate_v1,79.25598678588867,78.1908187866211,80.48454284667969
5KWB_A_PHE591__005__2,5KWB_A_PHE591,5,2,202.44741821289062,228.7633514404297,202.7101287841797,B,frozen_matched_deposited_minstate_v1,79.25598678588867,78.1908187866211,80.48454284667969
5KWB_A_PHE591__005__3,5KWB_A_PHE591,5,3,228.88467407226562,228.7633514404297,202.7101287841797,A,frozen_matched_deposited_minstate_v1,79.25598678588867,78.1908187866211,80.48454284667969
5KWB_A_PHE591__006__2,5KWB_A_PHE591,6,2,228.88192749023438,228.7633514404297,202.7101287841797,A,frozen_matched_deposited_minstate_v1,79.25598678588867,78.1908187866211,80.48454284667969
5KWB_A_PHE591__006__3,5KWB_A_PHE591,6,3,202.4615936279297,228.7633514404297,202.7101287841797,B,frozen_matched_deposited_minstate_v1,79.25598678588867,78.1908187866211,80.48454284667969
5KWB_A_PHE591__007__2,5KWB_A_PHE591,7,2,228.90211486816406,228.7633514404297,202.7101287841797,A,frozen_matched_deposited_minstate_v1,79.25598678588867,78.1908187866211,80.48454284667969
5KWB_A_PHE591__007__3,5KWB_A_PHE591,7,3,202.45919799804688,228.7633514404297,202.7101287841797,B,frozen_matched_deposited_minstate_v1,79.25598678588867,78.1908187866211,80.48454284667969
5KWB_A_PHE591__008__0,5KWB_A_PHE591,8,0,202.44046020507812,228.7633514404297,202.7101287841797,B,frozen_matched_deposited_minstate_v1,79.25598678588867,78.1908187866211,80.48454284667969
5KWB_A_PHE591__008__2,5KWB_A_PHE591,8,2,228.90365600585938,228.7633514404297,202.7101287841797,A,frozen_matched_deposited_minstate_v1,79.25598678588867,78.1908187866211,80.48454284667969
5KWB_A_PHE591__008__3,5KWB_A_PHE591,8,3,77.26600646972656,228.7633514404297,202.7101287841797,other,frozen_matched_deposited_minstate_v1,79.25598678588867,78.1908187866211,80.48454284667969
5KWB_A_PHE591__009__0,5KWB_A_PHE591,9,0,228.8761444091797,228.7633514404297,202.7101287841797,A,frozen_matched_deposited_minstate_v1,79.25598678588867,78.1908187866211,80.48454284667969
5KWB_A_PHE591__009__1,5KWB_A_PHE591,9,1,202.446044921875,228.7633514404297,202.7101287841797,B,frozen_matched_deposited_minstate_v1,79.25598678588867,78.1908187866211,80.48454284667969
5KWB_A_PHE591__010__0,5KWB_A_PHE591,10,0,202.39938354492188,228.7633514404297,202.7101287841797,B,frozen_matched_deposited_minstate_v1,79.25598678588867,78.1908187866211,80.48454284667969
5KWB_A_PHE591__010__2,5KWB_A_PHE591,10,2,228.9019775390625,228.7633514404297,202.7101287841797,A,frozen_matched_deposited_minstate_v1,79.25598678588867,78.1908187866211,80.48454284667969
5KWB_A_PHE591__010__3,5KWB_A_PHE591,10,3,84.53129577636719,228.7633514404297,202.7101287841797,other,frozen_matched_deposited_minstate_v1,79.25598678588867,78.1908187866211,80.48454284667969
5KWB_A_PHE591__011__0,5KWB_A_PHE591,11,0,202.54342651367188,228.7633514404297,202.7101287841797,B,frozen_matched_deposited_minstate_v1,79.25598678588867,78.1908187866211,80.48454284667969
5KWB_A_PHE591__011__3,5KWB_A_PHE591,11,3,228.8459930419922,228.7633514404297,202.7101287841797,A,frozen_matched_deposited_minstate_v1,79.25598678588867,78.1908187866211,80.48454284667969
5KWB_A_PHE591__012__0,5KWB_A_PHE591,12,0,202.46095275878906,228.7633514404297,202.7101287841797,B,frozen_matched_deposited_minstate_v1,79.25598678588867,78.1908187866211,80.48454284667969
5KWB_A_PHE591__012__1,5KWB_A_PHE591,12,1,228.87191772460938,228.7633514404297,202.7101287841797,A,frozen_matched_deposited_minstate_v1,79.25598678588867,78.1908187866211,80.48454284667969
5KWB_A_PHE591__013__2,5KWB_A_PHE591,13,2,202.2626953125,228.7633514404297,202.7101287841797,B,frozen_matched_deposited_minstate_v1,79.25598678588867,78.1908187866211,80.48454284667969
5KWB_A_PHE591__014__0,5KWB_A_PHE591,14,0,228.8765411376953,228.7633514404297,202.7101287841797,A,frozen_matched_deposited_minstate_v1,79.25598678588867,78.1908187866211,80.48454284667969
5KWB_A_PHE591__014__1,5KWB_A_PHE591,14,1,202.4615936279297,228.7633514404297,202.7101287841797,B,frozen_matched_deposited_minstate_v1,79.25598678588867,78.1908187866211,80.48454284667969
5KWB_A_PHE591__015__0,5KWB_A_PHE591,15,0,228.87396240234375,228.7633514404297,202.7101287841797,A,frozen_matched_deposited_minstate_v1,79.25598678588867,78.1908187866211,80.48454284667969
5KWB_A_PHE591__015__2,5KWB_A_PHE591,15,2,202.46287536621094,228.7633514404297,202.7101287841797,B,frozen_matched_deposited_minstate_v1,79.25598678588867,78.1908187866211,80.48454284667969
5KWB_A_PHE591__016__1,5KWB_A_PHE591,16,1,228.87191772460938,228.7633514404297,202.7101287841797,A,frozen_matched_deposited_minstate_v1,79.25598678588867,78.1908187866211,80.48454284667969
5KWB_A_PHE591__016__3,5KWB_A_PHE591,16,3,202.4613800048828,228.7633514404297,202.7101287841797,B,frozen_matched_deposited_minstate_v1,79.25598678588867,78.1908187866211,80.48454284667969
5KWB_A_PHE591__017__0,5KWB_A_PHE591,17,0,202.4613800048828,228.7633514404297,202.7101287841797,B,frozen_matched_deposited_minstate_v1,79.25598678588867,78.1908187866211,80.48454284667969
5KWB_A_PHE591__017__1,5KWB_A_PHE591,17,1,228.87210083007812,228.7633514404297,202.7101287841797,A,frozen_matched_deposited_minstate_v1,79.25598678588867,78.1908187866211,80.48454284667969
5KWB_A_PHE591__018__0,5KWB_A_PHE591,18,0,228.87649536132812,228.7633514404297,202.7101287841797,A,frozen_matched_deposited_minstate_v1,79.25598678588867,78.1908187866211,80.48454284667969
5KWB_A_PHE591__018__3,5KWB_A_PHE591,18,3,202.44581604003906,228.7633514404297,202.7101287841797,B,frozen_matched_deposited_minstate_v1,79.25598678588867,78.1908187866211,80.48454284667969
5KWB_A_PHE591__019__0,5KWB_A_PHE591,19,0,228.87210083007812,228.7633514404297,202.7101287841797,A,frozen_matched_deposited_minstate_v1,79.25598678588867,78.1908187866211,80.48454284667969
5KWB_A_PHE591__019__2,5KWB_A_PHE591,19,2,202.4613800048828,228.7633514404297,202.7101287841797,B,frozen_matched_deposited_minstate_v1,79.25598678588867,78.1908187866211,80.48454284667969
5KWB_A_PHE591__020__0,5KWB_A_PHE591,20,0,202.34173583984375,228.7633514404297,202.7101287841797,B,frozen_matched_deposited_minstate_v1,79.25598678588867,78.1908187866211,80.48454284667969
5KWB_A_PHE591__020__2,5KWB_A_PHE591,20,2,228.84304809570312,228.7633514404297,202.7101287841797,A,frozen_matched_deposited_minstate_v1,79.25598678588867,78.1908187866211,80.48454284667969
5KWB_A_PHE591__020__3,5KWB_A_PHE591,20,3,86.89435577392578,228.7633514404297,202.7101287841797,other,frozen_matched_deposited_minstate_v1,79.25598678588867,78.1908187866211,80.48454284667969
5KWB_A_PHE591__021__0,5KWB_A_PHE591,21,0,202.46287536621094,228.7633514404297,202.7101287841797,B,frozen_matched_deposited_minstate_v1,79.25598678588867,78.1908187866211,80.48454284667969
5KWB_A_PHE591__021__2,5KWB_A_PHE591,21,2,228.87167358398438,228.7633514404297,202.7101287841797,A,frozen_matched_deposited_minstate_v1,79.25598678588867,78.1908187866211,80.48454284667969
5KWB_A_PHE591__022__0,5KWB_A_PHE591,22,0,202.4783935546875,228.7633514404297,202.7101287841797,B,frozen_matched_deposited_minstate_v1,79.25598678588867,78.1908187866211,80.48454284667969
5KWB_A_PHE591__022__1,5KWB_A_PHE591,22,1,228.9363250732422,228.7633514404297,202.7101287841797,A,frozen_matched_deposited_minstate_v1,79.25598678588867,78.1908187866211,80.48454284667969
5KWB_A_PHE591__022__2,5KWB_A_PHE591,22,2,76.82425689697266,228.7633514404297,202.7101287841797,other,frozen_matched_deposited_minstate_v1,79.25598678588867,78.1908187866211,80.48454284667969
5KWB_A_PHE591__023__1,5KWB_A_PHE591,23,1,202.54458618164062,228.7633514404297,202.7101287841797,B,frozen_matched_deposited_minstate_v1,79.25598678588867,78.1908187866211,80.48454284667969
5KWB_A_PHE591__023__3,5KWB_A_PHE591,23,3,228.858154296875,228.7633514404297,202.7101287841797,A,frozen_matched_deposited_minstate_v1,79.25598678588867,78.1908187866211,80.48454284667969
5KWB_A_PHE591__024__0,5KWB_A_PHE591,24,0,202.46530151367188,228.7633514404297,202.7101287841797,B,frozen_matched_deposited_minstate_v1,79.25598678588867,78.1908187866211,80.48454284667969
5KWB_A_PHE591__024__1,5KWB_A_PHE591,24,1,228.905517578125,228.7633514404297,202.7101287841797,A,frozen_matched_deposited_minstate_v1,79.25598678588867,78.1908187866211,80.48454284667969
5KWB_A_PHE591__025__0,5KWB_A_PHE591,25,0,202.55076599121094,228.7633514404297,202.7101287841797,B,frozen_matched_deposited_minstate_v1,79.25598678588867,78.1908187866211,80.48454284667969
5KWB_A_PHE591__025__3,5KWB_A_PHE591,25,3,228.85061645507812,228.7633514404297,202.7101287841797,A,frozen_matched_deposited_minstate_v1,79.25598678588867,78.1908187866211,80.48454284667969
5KWB_A_PHE591__026__2,5KWB_A_PHE591,26,2,202.4541015625,228.7633514404297,202.7101287841797,B,frozen_matched_deposited_minstate_v1,79.25598678588867,78.1908187866211,80.48454284667969
5KWB_A_PHE591__026__3,5KWB_A_PHE591,26,3,228.88525390625,228.7633514404297,202.7101287841797,A,frozen_matched_deposited_minstate_v1,79.25598678588867,78.1908187866211,80.48454284667969
5KWB_A_PHE591__027__0,5KWB_A_PHE591,27,0,228.85061645507812,228.7633514404297,202.7101287841797,A,frozen_matched_deposited_minstate_v1,79.25598678588867,78.1908187866211,80.48454284667969
5KWB_A_PHE591__027__3,5KWB_A_PHE591,27,3,202.55076599121094,228.7633514404297,202.7101287841797,B,frozen_matched_deposited_minstate_v1,79.25598678588867,78.1908187866211,80.48454284667969
5KWB_A_PHE591__028__2,5KWB_A_PHE591,28,2,228.88275146484375,228.7633514404297,202.7101287841797,A,frozen_matched_deposited_minstate_v1,79.25598678588867,78.1908187866211,80.48454284667969
5KWB_A_PHE591__028__3,5KWB_A_PHE591,28,3,202.458251953125,228.7633514404297,202.7101287841797,B,frozen_matched_deposited_minstate_v1,79.25598678588867,78.1908187866211,80.48454284667969
5KWB_A_PHE591__029__0,5KWB_A_PHE591,29,0,202.46095275878906,228.7633514404297,202.7101287841797,B,frozen_matched_deposited_minstate_v1,79.25598678588867,78.1908187866211,80.48454284667969
5KWB_A_PHE591__029__1,5KWB_A_PHE591,29,1,228.88192749023438,228.7633514404297,202.7101287841797,A,frozen_matched_deposited_minstate_v1,79.25598678588867,78.1908187866211,80.48454284667969
5KWB_A_PHE591__030__0,5KWB_A_PHE591,30,0,228.87918090820312,228.7633514404297,202.7101287841797,A,frozen_matched_deposited_minstate_v1,79.25598678588867,78.1908187866211,80.48454284667969
5KWB_A_PHE591__030__2,5KWB_A_PHE591,30,2,202.3362274169922,228.7633514404297,202.7101287841797,B,frozen_matched_deposited_minstate_v1,79.25598678588867,78.1908187866211,80.48454284667969
5KWB_A_PHE591__030__3,5KWB_A_PHE591,30,3,88.40573120117188,228.7633514404297,202.7101287841797,other,frozen_matched_deposited_minstate_v1,79.25598678588867,78.1908187866211,80.48454284667969
5KWB_A_PHE591__031__1,5KWB_A_PHE591,31,1,228.87191772460938,228.7633514404297,202.7101287841797,A,frozen_matched_deposited_minstate_v1,79.25598678588867,78.1908187866211,80.48454284667969
5KWB_A_PHE591__031__3,5KWB_A_PHE591,31,3,202.45111083984375,228.7633514404297,202.7101287841797,B,frozen_matched_deposited_minstate_v1,79.25598678588867,78.1908187866211,80.48454284667969
5KWB_A_PHE591__032__1,5KWB_A_PHE591,32,1,228.8701629638672,228.7633514404297,202.7101287841797,A,frozen_matched_deposited_minstate_v1,79.25598678588867,78.1908187866211,80.48454284667969
5KWB_A_PHE591__032__2,5KWB_A_PHE591,32,2,77.65409088134766,228.7633514404297,202.7101287841797,other,frozen_matched_deposited_minstate_v1,79.25598678588867,78.1908187866211,80.48454284667969
5KWB_A_PHE591__032__3,5KWB_A_PHE591,32,3,202.4062957763672,228.7633514404297,202.7101287841797,B,frozen_matched_deposited_minstate_v1,79.25598678588867,78.1908187866211,80.48454284667969
5KWB_A_PHE591__033__0,5KWB_A_PHE591,33,0,228.87191772460938,228.7633514404297,202.7101287841797,A,frozen_matched_deposited_minstate_v1,79.25598678588867,78.1908187866211,80.48454284667969
5KWB_A_PHE591__033__1,5KWB_A_PHE591,33,1,202.46095275878906,228.7633514404297,202.7101287841797,B,frozen_matched_deposited_minstate_v1,79.25598678588867,78.1908187866211,80.48454284667969
5KWB_A_PHE591__034__0,5KWB_A_PHE591,34,0,202.5907745361328,228.7633514404297,202.7101287841797,B,frozen_matched_deposited_minstate_v1,79.25598678588867,78.1908187866211,80.48454284667969
5KWB_A_PHE591__034__2,5KWB_A_PHE591,34,2,228.85690307617188,228.7633514404297,202.7101287841797,A,frozen_matched_deposited_minstate_v1,79.25598678588867,78.1908187866211,80.48454284667969
5KWB_A_PHE591__035__2,5KWB_A_PHE591,35,2,202.45260620117188,228.7633514404297,202.7101287841797,B,frozen_matched_deposited_minstate_v1,79.25598678588867,78.1908187866211,80.48454284667969
5KWB_A_PHE591__035__3,5KWB_A_PHE591,35,3,228.87490844726562,228.7633514404297,202.7101287841797,A,frozen_matched_deposited_minstate_v1,79.25598678588867,78.1908187866211,80.48454284667969
5KWB_A_PHE591__036__1,5KWB_A_PHE591,36,1,202.54852294921875,228.7633514404297,202.7101287841797,B,frozen_matched_deposited_minstate_v1,79.25598678588867,78.1908187866211,80.48454284667969
5KWB_A_PHE591__036__3,5KWB_A_PHE591,36,3,228.86190795898438,228.7633514404297,202.7101287841797,A,frozen_matched_deposited_minstate_v1,79.25598678588867,78.1908187866211,80.48454284667969
5KWB_A_PHE591__037__0,5KWB_A_PHE591,37,0,202.45706176757812,228.7633514404297,202.7101287841797,B,frozen_matched_deposited_minstate_v1,79.25598678588867,78.1908187866211,80.48454284667969
5KWB_A_PHE591__037__1,5KWB_A_PHE591,37,1,228.87631225585938,228.7633514404297,202.7101287841797,A,frozen_matched_deposited_minstate_v1,79.25598678588867,78.1908187866211,80.48454284667969
5KWB_A_PHE591__038__0,5KWB_A_PHE591,38,0,202.55076599121094,228.7633514404297,202.7101287841797,B,frozen_matched_deposited_minstate_v1,79.25598678588867,78.1908187866211,80.48454284667969
5KWB_A_PHE591__038__1,5KWB_A_PHE591,38,1,228.85006713867188,228.7633514404297,202.7101287841797,A,frozen_matched_deposited_minstate_v1,79.25598678588867,78.1908187866211,80.48454284667969
5KWB_A_PHE591__039__0,5KWB_A_PHE591,39,0,228.93280029296875,228.7633514404297,202.7101287841797,A,frozen_matched_deposited_minstate_v1,79.25598678588867,78.1908187866211,80.48454284667969
5KWB_A_PHE591__039__1,5KWB_A_PHE591,39,1,202.44659423828125,228.7633514404297,202.7101287841797,B,frozen_matched_deposited_minstate_v1,79.25598678588867,78.1908187866211,80.48454284667969
5KWB_A_PHE591__039__2,5KWB_A_PHE591,39,2,81.25895690917969,228.7633514404297,202.7101287841797,other,frozen_matched_deposited_minstate_v1,79.25598678588867,78.1908187866211,80.48454284667969
5KWB_A_PHE591__040__1,5KWB_A_PHE591,40,1,202.45074462890625,228.7633514404297,202.7101287841797,B,frozen_matched_deposited_minstate_v1,79.25598678588867,78.1908187866211,80.48454284667969
5KWB_A_PHE591__040__2,5KWB_A_PHE591,40,2,228.87591552734375,228.7633514404297,202.7101287841797,A,frozen_matched_deposited_minstate_v1,79.25598678588867,78.1908187866211,80.48454284667969
5KWB_A_PHE591__041__0,5KWB_A_PHE591,41,0,202.46035766601562,228.7633514404297,202.7101287841797,B,frozen_matched_deposited_minstate_v1,79.25598678588867,78.1908187866211,80.48454284667969
5KWB_A_PHE591__041__1,5KWB_A_PHE591,41,1,228.87039184570312,228.7633514404297,202.7101287841797,A,frozen_matched_deposited_minstate_v1,79.25598678588867,78.1908187866211,80.48454284667969
5KWB_A_PHE591__042__0,5KWB_A_PHE591,42,0,202.56591796875,228.7633514404297,202.7101287841797,B,frozen_matched_deposited_minstate_v1,79.25598678588867,78.1908187866211,80.48454284667969
5KWB_A_PHE591__042__2,5KWB_A_PHE591,42,2,228.84262084960938,228.7633514404297,202.7101287841797,A,frozen_matched_deposited_minstate_v1,79.25598678588867,78.1908187866211,80.48454284667969
5KWB_A_PHE591__043__0,5KWB_A_PHE591,43,0,228.86663818359375,228.7633514404297,202.7101287841797,A,frozen_matched_deposited_minstate_v1,79.25598678588867,78.1908187866211,80.48454284667969
5KWB_A_PHE591__043__3,5KWB_A_PHE591,43,3,202.4634552001953,228.7633514404297,202.7101287841797,B,frozen_matched_deposited_minstate_v1,79.25598678588867,78.1908187866211,80.48454284667969
5KWB_A_PHE591__044__2,5KWB_A_PHE591,44,2,228.88302612304688,228.7633514404297,202.7101287841797,A,frozen_matched_deposited_minstate_v1,79.25598678588867,78.1908187866211,80.48454284667969
5KWB_A_PHE591__044__3,5KWB_A_PHE591,44,3,202.5095977783203,228.7633514404297,202.7101287841797,B,frozen_matched_deposited_minstate_v1,79.25598678588867,78.1908187866211,80.48454284667969
5KWB_A_PHE591__045__1,5KWB_A_PHE591,45,1,228.87191772460938,228.7633514404297,202.7101287841797,A,frozen_matched_deposited_minstate_v1,79.25598678588867,78.1908187866211,80.48454284667969
5KWB_A_PHE591__045__3,5KWB_A_PHE591,45,3,202.4613800048828,228.7633514404297,202.7101287841797,B,frozen_matched_deposited_minstate_v1,79.25598678588867,78.1908187866211,80.48454284667969
5KWB_A_PHE591__046__0,5KWB_A_PHE591,46,0,228.89846801757812,228.7633514404297,202.7101287841797,A,frozen_matched_deposited_minstate_v1,79.25598678588867,78.1908187866211,80.48454284667969
5KWB_A_PHE591__046__3,5KWB_A_PHE591,46,3,202.45877075195312,228.7633514404297,202.7101287841797,B,frozen_matched_deposited_minstate_v1,79.25598678588867,78.1908187866211,80.48454284667969
5KWB_A_PHE591__047__0,5KWB_A_PHE591,47,0,202.49917602539062,228.7633514404297,202.7101287841797,B,frozen_matched_deposited_minstate_v1,79.25598678588867,78.1908187866211,80.48454284667969
5KWB_A_PHE591__047__1,5KWB_A_PHE591,47,1,78.38011169433594,228.7633514404297,202.7101287841797,other,frozen_matched_deposited_minstate_v1,79.25598678588867,78.1908187866211,80.48454284667969
5KWB_A_PHE591__047__3,5KWB_A_PHE591,47,3,228.86932373046875,228.7633514404297,202.7101287841797,A,frozen_matched_deposited_minstate_v1,79.25598678588867,78.1908187866211,80.48454284667969
5KWB_A_PHE591__048__2,5KWB_A_PHE591,48,2,228.88145446777344,228.7633514404297,202.7101287841797,A,frozen_matched_deposited_minstate_v1,79.25598678588867,78.1908187866211,80.48454284667969
5KWB_A_PHE591__048__3,5KWB_A_PHE591,48,3,202.46095275878906,228.7633514404297,202.7101287841797,B,frozen_matched_deposited_minstate_v1,79.25598678588867,78.1908187866211,80.48454284667969
5KWB_A_PHE591__049__2,5KWB_A_PHE591,49,2,228.87210083007812,228.7633514404297,202.7101287841797,A,frozen_matched_deposited_minstate_v1,79.25598678588867,78.1908187866211,80.48454284667969
5KWB_A_PHE591__049__3,5KWB_A_PHE591,49,3,202.46095275878906,228.7633514404297,202.7101287841797,B,frozen_matched_deposited_minstate_v1,79.25598678588867,78.1908187866211,80.48454284667969
3K8W_A_SER337__000__0,3K8W_A_SER337,0,0,233.33877563476562,130.98184204101562,233.5887908935547,B,frozen_matched_deposited_minstate_v1,38.970420837402344,38.72566223144531,39.73933410644531
3K8W_A_SER337__000__3,3K8W_A_SER337,0,3,130.89566040039062,130.98184204101562,233.5887908935547,A,frozen_matched_deposited_minstate_v1,38.970420837402344,38.72566223144531,39.73933410644531
3K8W_A_SER337__001__0,3K8W_A_SER337,1,0,38.90754318237305,130.98184204101562,233.5887908935547,other,frozen_matched_deposited_minstate_v1,38.970420837402344,38.72566223144531,39.73933410644531
3K8W_A_SER337__001__1,3K8W_A_SER337,1,1,233.338134765625,130.98184204101562,233.5887908935547,B,frozen_matched_deposited_minstate_v1,38.970420837402344,38.72566223144531,39.73933410644531
3K8W_A_SER337__001__2,3K8W_A_SER337,1,2,130.89566040039062,130.98184204101562,233.5887908935547,A,frozen_matched_deposited_minstate_v1,38.970420837402344,38.72566223144531,39.73933410644531
3K8W_A_SER337__002__0,3K8W_A_SER337,2,0,38.8988037109375,130.98184204101562,233.5887908935547,other,frozen_matched_deposited_minstate_v1,38.970420837402344,38.72566223144531,39.73933410644531
3K8W_A_SER337__002__1,3K8W_A_SER337,2,1,39.35205841064453,130.98184204101562,233.5887908935547,other,frozen_matched_deposited_minstate_v1,38.970420837402344,38.72566223144531,39.73933410644531
3K8W_A_SER337__002__2,3K8W_A_SER337,2,2,130.88833618164062,130.98184204101562,233.5887908935547,A,frozen_matched_deposited_minstate_v1,38.970420837402344,38.72566223144531,39.73933410644531
3K8W_A_SER337__002__3,3K8W_A_SER337,2,3,233.34332275390625,130.98184204101562,233.5887908935547,B,frozen_matched_deposited_minstate_v1,38.970420837402344,38.72566223144531,39.73933410644531
3K8W_A_SER337__003__0,3K8W_A_SER337,3,0,130.902099609375,130.98184204101562,233.5887908935547,A,frozen_matched_deposited_minstate_v1,38.970420837402344,38.72566223144531,39.73933410644531
3K8W_A_SER337__003__3,3K8W_A_SER337,3,3,233.33877563476562,130.98184204101562,233.5887908935547,B,frozen_matched_deposited_minstate_v1,38.970420837402344,38.72566223144531,39.73933410644531
3K8W_A_SER337__004__0,3K8W_A_SER337,4,0,130.8912353515625,130.98184204101562,233.5887908935547,A,frozen_matched_deposited_minstate_v1,38.970420837402344,38.72566223144531,39.73933410644531
3K8W_A_SER337__004__1,3K8W_A_SER337,4,1,233.33877563476562,130.98184204101562,233.5887908935547,B,frozen_matched_deposited_minstate_v1,38.970420837402344,38.72566223144531,39.73933410644531
3K8W_A_SER337__004__3,3K8W_A_SER337,4,3,38.85104751586914,130.98184204101562,233.5887908935547,other,frozen_matched_deposited_minstate_v1,38.970420837402344,38.72566223144531,39.73933410644531
3K8W_A_SER337__005__0,3K8W_A_SER337,5,0,39.47126770019531,130.98184204101562,233.5887908935547,other,frozen_matched_deposited_minstate_v1,38.970420837402344,38.72566223144531,39.73933410644531
3K8W_A_SER337__005__1,3K8W_A_SER337,5,1,233.34059143066406,130.98184204101562,233.5887908935547,B,frozen_matched_deposited_minstate_v1,38.970420837402344,38.72566223144531,39.73933410644531
3K8W_A_SER337__005__2,3K8W_A_SER337,5,2,130.90264892578125,130.98184204101562,233.5887908935547,A,frozen_matched_deposited_minstate_v1,38.970420837402344,38.72566223144531,39.73933410644531
3K8W_A_SER337__006__0,3K8W_A_SER337,6,0,38.931236267089844,130.98184204101562,233.5887908935547,other,frozen_matched_deposited_minstate_v1,38.970420837402344,38.72566223144531,39.73933410644531
3K8W_A_SER337__006__1,3K8W_A_SER337,6,1,233.33877563476562,130.98184204101562,233.5887908935547,B,frozen_matched_deposited_minstate_v1,38.970420837402344,38.72566223144531,39.73933410644531
3K8W_A_SER337__006__2,3K8W_A_SER337,6,2,130.89515686035156,130.98184204101562,233.5887908935547,A,frozen_matched_deposited_minstate_v1,38.970420837402344,38.72566223144531,39.73933410644531
3K8W_A_SER337__007__2,3K8W_A_SER337,7,2,233.34059143066406,130.98184204101562,233.5887908935547,B,frozen_matched_deposited_minstate_v1,38.970420837402344,38.72566223144531,39.73933410644531
3K8W_A_SER337__007__3,3K8W_A_SER337,7,3,130.89224243164062,130.98184204101562,233.5887908935547,A,frozen_matched_deposited_minstate_v1,38.970420837402344,38.72566223144531,39.73933410644531
3K8W_A_SER337__008__1,3K8W_A_SER337,8,1,233.33877563476562,130.98184204101562,233.5887908935547,B,frozen_matched_deposited_minstate_v1,38.970420837402344,38.72566223144531,39.73933410644531
3K8W_A_SER337__008__2,3K8W_A_SER337,8,2,38.83977508544922,130.98184204101562,233.5887908935547,other,frozen_matched_deposited_minstate_v1,38.970420837402344,38.72566223144531,39.73933410644531
3K8W_A_SER337__008__3,3K8W_A_SER337,8,3,130.89515686035156,130.98184204101562,233.5887908935547,A,frozen_matched_deposited_minstate_v1,38.970420837402344,38.72566223144531,39.73933410644531
3K8W_A_SER337__009__1,3K8W_A_SER337,9,1,233.34088134765625,130.98184204101562,233.5887908935547,B,frozen_matched_deposited_minstate_v1,38.970420837402344,38.72566223144531,39.73933410644531
3K8W_A_SER337__009__3,3K8W_A_SER337,9,3,130.902099609375,130.98184204101562,233.5887908935547,A,frozen_matched_deposited_minstate_v1,38.970420837402344,38.72566223144531,39.73933410644531
3K8W_A_SER337__010__0,3K8W_A_SER337,10,0,130.9210205078125,130.98184204101562,233.5887908935547,A,frozen_matched_deposited_minstate_v1,38.970420837402344,38.72566223144531,39.73933410644531
3K8W_A_SER337__010__1,3K8W_A_SER337,10,1,233.339111328125,130.98184204101562,233.5887908935547,B,frozen_matched_deposited_minstate_v1,38.970420837402344,38.72566223144531,39.73933410644531
3K8W_A_SER337__010__3,3K8W_A_SER337,10,3,38.7414665222168,130.98184204101562,233.5887908935547,other,frozen_matched_deposited_minstate_v1,38.970420837402344,38.72566223144531,39.73933410644531
3K8W_A_SER337__011__0,3K8W_A_SER337,11,0,39.656036376953125,130.98184204101562,233.5887908935547,other,frozen_matched_deposited_minstate_v1,38.970420837402344,38.72566223144531,39.73933410644531
3K8W_A_SER337__011__1,3K8W_A_SER337,11,1,233.33941650390625,130.98184204101562,233.5887908935547,B,frozen_matched_deposited_minstate_v1,38.970420837402344,38.72566223144531,39.73933410644531
3K8W_A_SER337__011__3,3K8W_A_SER337,11,3,130.902099609375,130.98184204101562,233.5887908935547,A,frozen_matched_deposited_minstate_v1,38.970420837402344,38.72566223144531,39.73933410644531
3K8W_A_SER337__012__0,3K8W_A_SER337,12,0,130.8817901611328,130.98184204101562,233.5887908935547,A,frozen_matched_deposited_minstate_v1,38.970420837402344,38.72566223144531,39.73933410644531
3K8W_A_SER337__012__3,3K8W_A_SER337,12,3,233.33877563476562,130.98184204101562,233.5887908935547,B,frozen_matched_deposited_minstate_v1,38.970420837402344,38.72566223144531,39.73933410644531
3K8W_A_SER337__013__1,3K8W_A_SER337,13,1,233.33941650390625,130.98184204101562,233.5887908935547,B,frozen_matched_deposited_minstate_v1,38.970420837402344,38.72566223144531,39.73933410644531
3K8W_A_SER337__013__2,3K8W_A_SER337,13,2,130.89910888671875,130.98184204101562,233.5887908935547,A,frozen_matched_deposited_minstate_v1,38.970420837402344,38.72566223144531,39.73933410644531
3K8W_A_SER337__013__3,3K8W_A_SER337,13,3,40.130096435546875,130.98184204101562,233.5887908935547,other,frozen_matched_deposited_minstate_v1,38.970420837402344,38.72566223144531,39.73933410644531
3K8W_A_SER337__014__1,3K8W_A_SER337,14,1,130.902099609375,130.98184204101562,233.5887908935547,A,frozen_matched_deposited_minstate_v1,38.970420837402344,38.72566223144531,39.73933410644531
3K8W_A_SER337__014__3,3K8W_A_SER337,14,3,233.33877563476562,130.98184204101562,233.5887908935547,B,frozen_matched_deposited_minstate_v1,38.970420837402344,38.72566223144531,39.73933410644531
3K8W_A_SER337__015__0,3K8W_A_SER337,15,0,233.33877563476562,130.98184204101562,233.5887908935547,B,frozen_matched_deposited_minstate_v1,38.970420837402344,38.72566223144531,39.73933410644531
3K8W_A_SER337__015__2,3K8W_A_SER337,15,2,130.902099609375,130.98184204101562,233.5887908935547,A,frozen_matched_deposited_minstate_v1,38.970420837402344,38.72566223144531,39.73933410644531
3K8W_A_SER337__016__0,3K8W_A_SER337,16,0,39.371952056884766,130.98184204101562,233.5887908935547,other,frozen_matched_deposited_minstate_v1,38.970420837402344,38.72566223144531,39.73933410644531
3K8W_A_SER337__016__1,3K8W_A_SER337,16,1,130.902099609375,130.98184204101562,233.5887908935547,A,frozen_matched_deposited_minstate_v1,38.970420837402344,38.72566223144531,39.73933410644531
3K8W_A_SER337__016__2,3K8W_A_SER337,16,2,233.34005737304688,130.98184204101562,233.5887908935547,B,frozen_matched_deposited_minstate_v1,38.970420837402344,38.72566223144531,39.73933410644531
3K8W_A_SER337__017__0,3K8W_A_SER337,17,0,38.83626937866211,130.98184204101562,233.5887908935547,other,frozen_matched_deposited_minstate_v1,38.970420837402344,38.72566223144531,39.73933410644531
3K8W_A_SER337__017__1,3K8W_A_SER337,17,1,130.8719482421875,130.98184204101562,233.5887908935547,A,frozen_matched_deposited_minstate_v1,38.970420837402344,38.72566223144531,39.73933410644531
3K8W_A_SER337__017__2,3K8W_A_SER337,17,2,38.86992645263672,130.98184204101562,233.5887908935547,other,frozen_matched_deposited_minstate_v1,38.970420837402344,38.72566223144531,39.73933410644531
3K8W_A_SER337__017__3,3K8W_A_SER337,17,3,233.339111328125,130.98184204101562,233.5887908935547,B,frozen_matched_deposited_minstate_v1,38.970420837402344,38.72566223144531,39.73933410644531
3K8W_A_SER337__018__1,3K8W_A_SER337,18,1,130.89859008789062,130.98184204101562,233.5887908935547,A,frozen_matched_deposited_minstate_v1,38.970420837402344,38.72566223144531,39.73933410644531
3K8W_A_SER337__018__3,3K8W_A_SER337,18,3,233.33877563476562,130.98184204101562,233.5887908935547,B,frozen_matched_deposited_minstate_v1,38.970420837402344,38.72566223144531,39.73933410644531
3K8W_A_SER337__019__0,3K8W_A_SER337,19,0,233.34335327148438,130.98184204101562,233.5887908935547,B,frozen_matched_deposited_minstate_v1,38.970420837402344,38.72566223144531,39.73933410644531
3K8W_A_SER337__019__1,3K8W_A_SER337,19,1,130.902099609375,130.98184204101562,233.5887908935547,A,frozen_matched_deposited_minstate_v1,38.970420837402344,38.72566223144531,39.73933410644531
3K8W_A_SER337__019__2,3K8W_A_SER337,19,2,39.35502243041992,130.98184204101562,233.5887908935547,other,frozen_matched_deposited_minstate_v1,38.970420837402344,38.72566223144531,39.73933410644531
3K8W_A_SER337__019__3,3K8W_A_SER337,19,3,39.33915328979492,130.98184204101562,233.5887908935547,other,frozen_matched_deposited_minstate_v1,38.970420837402344,38.72566223144531,39.73933410644531
3K8W_A_SER337__020__0,3K8W_A_SER337,20,0,233.33981323242188,130.98184204101562,233.5887908935547,B,frozen_matched_deposited_minstate_v1,38.970420837402344,38.72566223144531,39.73933410644531
3K8W_A_SER337__020__2,3K8W_A_SER337,20,2,130.902099609375,130.98184204101562,233.5887908935547,A,frozen_matched_deposited_minstate_v1,38.970420837402344,38.72566223144531,39.73933410644531
3K8W_A_SER337__021__1,3K8W_A_SER337,21,1,130.89910888671875,130.98184204101562,233.5887908935547,A,frozen_matched_deposited_minstate_v1,38.970420837402344,38.72566223144531,39.73933410644531
3K8W_A_SER337__021__3,3K8W_A_SER337,21,3,233.33877563476562,130.98184204101562,233.5887908935547,B,frozen_matched_deposited_minstate_v1,38.970420837402344,38.72566223144531,39.73933410644531
3K8W_A_SER337__022__0,3K8W_A_SER337,22,0,130.902099609375,130.98184204101562,233.5887908935547,A,frozen_matched_deposited_minstate_v1,38.970420837402344,38.72566223144531,39.73933410644531
3K8W_A_SER337__022__2,3K8W_A_SER337,22,2,233.33843994140625,130.98184204101562,233.5887908935547,B,frozen_matched_deposited_minstate_v1,38.970420837402344,38.72566223144531,39.73933410644531
3K8W_A_SER337__022__3,3K8W_A_SER337,22,3,38.803428649902344,130.98184204101562,233.5887908935547,other,frozen_matched_deposited_minstate_v1,38.970420837402344,38.72566223144531,39.73933410644531
3K8W_A_SER337__023__1,3K8W_A_SER337,23,1,130.902099609375,130.98184204101562,233.5887908935547,A,frozen_matched_deposited_minstate_v1,38.970420837402344,38.72566223144531,39.73933410644531
3K8W_A_SER337__023__2,3K8W_A_SER337,23,2,233.33877563476562,130.98184204101562,233.5887908935547,B,frozen_matched_deposited_minstate_v1,38.970420837402344,38.72566223144531,39.73933410644531
3K8W_A_SER337__024__1,3K8W_A_SER337,24,1,130.902099609375,130.98184204101562,233.5887908935547,A,frozen_matched_deposited_minstate_v1,38.970420837402344,38.72566223144531,39.73933410644531
3K8W_A_SER337__024__2,3K8W_A_SER337,24,2,233.33843994140625,130.98184204101562,233.5887908935547,B,frozen_matched_deposited_minstate_v1,38.970420837402344,38.72566223144531,39.73933410644531
3K8W_A_SER337__025__0,3K8W_A_SER337,25,0,130.89224243164062,130.98184204101562,233.5887908935547,A,frozen_matched_deposited_minstate_v1,38.970420837402344,38.72566223144531,39.73933410644531
3K8W_A_SER337__025__1,3K8W_A_SER337,25,1,233.33843994140625,130.98184204101562,233.5887908935547,B,frozen_matched_deposited_minstate_v1,38.970420837402344,38.72566223144531,39.73933410644531
3K8W_A_SER337__025__2,3K8W_A_SER337,25,2,39.82590103149414,130.98184204101562,233.5887908935547,other,frozen_matched_deposited_minstate_v1,38.970420837402344,38.72566223144531,39.73933410644531
3K8W_A_SER337__026__0,3K8W_A_SER337,26,0,233.34030151367188,130.98184204101562,233.5887908935547,B,frozen_matched_deposited_minstate_v1,38.970420837402344,38.72566223144531,39.73933410644531
3K8W_A_SER337__026__1,3K8W_A_SER337,26,1,130.902099609375,130.98184204101562,233.5887908935547,A,frozen_matched_deposited_minstate_v1,38.970420837402344,38.72566223144531,39.73933410644531
3K8W_A_SER337__026__2,3K8W_A_SER337,26,2,39.33443069458008,130.98184204101562,233.5887908935547,other,frozen_matched_deposited_minstate_v1,38.970420837402344,38.72566223144531,39.73933410644531
3K8W_A_SER337__027__0,3K8W_A_SER337,27,0,130.89566040039062,130.98184204101562,233.5887908935547,A,frozen_matched_deposited_minstate_v1,38.970420837402344,38.72566223144531,39.73933410644531
3K8W_A_SER337__027__1,3K8W_A_SER337,27,1,233.339111328125,130.98184204101562,233.5887908935547,B,frozen_matched_deposited_minstate_v1,38.970420837402344,38.72566223144531,39.73933410644531
3K8W_A_SER337__027__3,3K8W_A_SER337,27,3,38.763832092285156,130.98184204101562,233.5887908935547,other,frozen_matched_deposited_minstate_v1,38.970420837402344,38.72566223144531,39.73933410644531
3K8W_A_SER337__028__0,3K8W_A_SER337,28,0,38.754966735839844,130.98184204101562,233.5887908935547,other,frozen_matched_deposited_minstate_v1,38.970420837402344,38.72566223144531,39.73933410644531
3K8W_A_SER337__028__1,3K8W_A_SER337,28,1,233.33877563476562,130.98184204101562,233.5887908935547,B,frozen_matched_deposited_minstate_v1,38.970420837402344,38.72566223144531,39.73933410644531
3K8W_A_SER337__028__3,3K8W_A_SER337,28,3,130.89224243164062,130.98184204101562,233.5887908935547,A,frozen_matched_deposited_minstate_v1,38.970420837402344,38.72566223144531,39.73933410644531
3K8W_A_SER337__029__0,3K8W_A_SER337,29,0,38.745361328125,130.98184204101562,233.5887908935547,other,frozen_matched_deposited_minstate_v1,38.970420837402344,38.72566223144531,39.73933410644531
3K8W_A_SER337__029__1,3K8W_A_SER337,29,1,130.90985107421875,130.98184204101562,233.5887908935547,A,frozen_matched_deposited_minstate_v1,38.970420837402344,38.72566223144531,39.73933410644531
3K8W_A_SER337__029__2,3K8W_A_SER337,29,2,233.339111328125,130.98184204101562,233.5887908935547,B,frozen_matched_deposited_minstate_v1,38.970420837402344,38.72566223144531,39.73933410644531
3K8W_A_SER337__030__0,3K8W_A_SER337,30,0,130.902099609375,130.98184204101562,233.5887908935547,A,frozen_matched_deposited_minstate_v1,38.970420837402344,38.72566223144531,39.73933410644531
3K8W_A_SER337__030__1,3K8W_A_SER337,30,1,233.34059143066406,130.98184204101562,233.5887908935547,B,frozen_matched_deposited_minstate_v1,38.970420837402344,38.72566223144531,39.73933410644531
3K8W_A_SER337__030__2,3K8W_A_SER337,30,2,39.63705825805664,130.98184204101562,233.5887908935547,other,frozen_matched_deposited_minstate_v1,38.970420837402344,38.72566223144531,39.73933410644531
3K8W_A_SER337__031__0,3K8W_A_SER337,31,0,130.90264892578125,130.98184204101562,233.5887908935547,A,frozen_matched_deposited_minstate_v1,38.970420837402344,38.72566223144531,39.73933410644531
3K8W_A_SER337__031__2,3K8W_A_SER337,31,2,233.33843994140625,130.98184204101562,233.5887908935547,B,frozen_matched_deposited_minstate_v1,38.970420837402344,38.72566223144531,39.73933410644531
3K8W_A_SER337__031__3,3K8W_A_SER337,31,3,39.73933410644531,130.98184204101562,233.5887908935547,other,frozen_matched_deposited_minstate_v1,38.970420837402344,38.72566223144531,39.73933410644531
3K8W_A_SER337__032__0,3K8W_A_SER337,32,0,233.33877563476562,130.98184204101562,233.5887908935547,B,frozen_matched_deposited_minstate_v1,38.970420837402344,38.72566223144531,39.73933410644531
3K8W_A_SER337__032__1,3K8W_A_SER337,32,1,130.8912353515625,130.98184204101562,233.5887908935547,A,frozen_matched_deposited_minstate_v1,38.970420837402344,38.72566223144531,39.73933410644531
3K8W_A_SER337__033__1,3K8W_A_SER337,33,1,130.91348266601562,130.98184204101562,233.5887908935547,A,frozen_matched_deposited_minstate_v1,38.970420837402344,38.72566223144531,39.73933410644531
3K8W_A_SER337__033__2,3K8W_A_SER337,33,2,233.33877563476562,130.98184204101562,233.5887908935547,B,frozen_matched_deposited_minstate_v1,38.970420837402344,38.72566223144531,39.73933410644531
3K8W_A_SER337__033__3,3K8W_A_SER337,33,3,38.7304573059082,130.98184204101562,233.5887908935547,other,frozen_matched_deposited_minstate_v1,38.970420837402344,38.72566223144531,39.73933410644531
3K8W_A_SER337__034__0,3K8W_A_SER337,34,0,233.33877563476562,130.98184204101562,233.5887908935547,B,frozen_matched_deposited_minstate_v1,38.970420837402344,38.72566223144531,39.73933410644531
3K8W_A_SER337__034__2,3K8W_A_SER337,34,2,39.04252624511719,130.98184204101562,233.5887908935547,other,frozen_matched_deposited_minstate_v1,38.970420837402344,38.72566223144531,39.73933410644531
3K8W_A_SER337__034__3,3K8W_A_SER337,34,3,130.87863159179688,130.98184204101562,233.5887908935547,A,frozen_matched_deposited_minstate_v1,38.970420837402344,38.72566223144531,39.73933410644531
3K8W_A_SER337__035__0,3K8W_A_SER337,35,0,233.33877563476562,130.98184204101562,233.5887908935547,B,frozen_matched_deposited_minstate_v1,38.970420837402344,38.72566223144531,39.73933410644531
3K8W_A_SER337__035__2,3K8W_A_SER337,35,2,38.83626937866211,130.98184204101562,233.5887908935547,other,frozen_matched_deposited_minstate_v1,38.970420837402344,38.72566223144531,39.73933410644531
3K8W_A_SER337__035__3,3K8W_A_SER337,35,3,130.89859008789062,130.98184204101562,233.5887908935547,A,frozen_matched_deposited_minstate_v1,38.970420837402344,38.72566223144531,39.73933410644531
3K8W_A_SER337__036__0,3K8W_A_SER337,36,0,39.80842590332031,130.98184204101562,233.5887908935547,other,frozen_matched_deposited_minstate_v1,38.970420837402344,38.72566223144531,39.73933410644531
3K8W_A_SER337__036__1,3K8W_A_SER337,36,1,38.83626937866211,130.98184204101562,233.5887908935547,other,frozen_matched_deposited_minstate_v1,38.970420837402344,38.72566223144531,39.73933410644531
3K8W_A_SER337__036__2,3K8W_A_SER337,36,2,130.89859008789062,130.98184204101562,233.5887908935547,A,frozen_matched_deposited_minstate_v1,38.970420837402344,38.72566223144531,39.73933410644531
3K8W_A_SER337__036__3,3K8W_A_SER337,36,3,233.34030151367188,130.98184204101562,233.5887908935547,B,frozen_matched_deposited_minstate_v1,38.970420837402344,38.72566223144531,39.73933410644531
3K8W_A_SER337__037__0,3K8W_A_SER337,37,0,130.89566040039062,130.98184204101562,233.5887908935547,A,frozen_matched_deposited_minstate_v1,38.970420837402344,38.72566223144531,39.73933410644531
3K8W_A_SER337__037__1,3K8W_A_SER337,37,1,38.83626937866211,130.98184204101562,233.5887908935547,other,frozen_matched_deposited_minstate_v1,38.970420837402344,38.72566223144531,39.73933410644531
3K8W_A_SER337__037__2,3K8W_A_SER337,37,2,233.33877563476562,130.98184204101562,233.5887908935547,B,frozen_matched_deposited_minstate_v1,38.970420837402344,38.72566223144531,39.73933410644531
3K8W_A_SER337__038__0,3K8W_A_SER337,38,0,130.89515686035156,130.98184204101562,233.5887908935547,A,frozen_matched_deposited_minstate_v1,38.970420837402344,38.72566223144531,39.73933410644531
3K8W_A_SER337__038__1,3K8W_A_SER337,38,1,233.33843994140625,130.98184204101562,233.5887908935547,B,frozen_matched_deposited_minstate_v1,38.970420837402344,38.72566223144531,39.73933410644531
3K8W_A_SER337__039__0,3K8W_A_SER337,39,0,39.37522888183594,130.98184204101562,233.5887908935547,other,frozen_matched_deposited_minstate_v1,38.970420837402344,38.72566223144531,39.73933410644531
3K8W_A_SER337__039__1,3K8W_A_SER337,39,1,233.34030151367188,130.98184204101562,233.5887908935547,B,frozen_matched_deposited_minstate_v1,38.970420837402344,38.72566223144531,39.73933410644531
3K8W_A_SER337__039__2,3K8W_A_SER337,39,2,130.89859008789062,130.98184204101562,233.5887908935547,A,frozen_matched_deposited_minstate_v1,38.970420837402344,38.72566223144531,39.73933410644531
3K8W_A_SER337__040__0,3K8W_A_SER337,40,0,233.34030151367188,130.98184204101562,233.5887908935547,B,frozen_matched_deposited_minstate_v1,38.970420837402344,38.72566223144531,39.73933410644531
3K8W_A_SER337__040__1,3K8W_A_SER337,40,1,130.89859008789062,130.98184204101562,233.5887908935547,A,frozen_matched_deposited_minstate_v1,38.970420837402344,38.72566223144531,39.73933410644531
3K8W_A_SER337__040__2,3K8W_A_SER337,40,2,38.83626937866211,130.98184204101562,233.5887908935547,other,frozen_matched_deposited_minstate_v1,38.970420837402344,38.72566223144531,39.73933410644531
3K8W_A_SER337__040__3,3K8W_A_SER337,40,3,39.412193298339844,130.98184204101562,233.5887908935547,other,frozen_matched_deposited_minstate_v1,38.970420837402344,38.72566223144531,39.73933410644531
3K8W_A_SER337__041__0,3K8W_A_SER337,41,0,130.902099609375,130.98184204101562,233.5887908935547,A,frozen_matched_deposited_minstate_v1,38.970420837402344,38.72566223144531,39.73933410644531
3K8W_A_SER337__041__1,3K8W_A_SER337,41,1,233.3392333984375,130.98184204101562,233.5887908935547,B,frozen_matched_deposited_minstate_v1,38.970420837402344,38.72566223144531,39.73933410644531
3K8W_A_SER337__041__3,3K8W_A_SER337,41,3,39.34986877441406,130.98184204101562,233.5887908935547,other,frozen_matched_deposited_minstate_v1,38.970420837402344,38.72566223144531,39.73933410644531
3K8W_A_SER337__042__0,3K8W_A_SER337,42,0,130.88790893554688,130.98184204101562,233.5887908935547,A,frozen_matched_deposited_minstate_v1,38.970420837402344,38.72566223144531,39.73933410644531
3K8W_A_SER337__042__1,3K8W_A_SER337,42,1,38.85104751586914,130.98184204101562,233.5887908935547,other,frozen_matched_deposited_minstate_v1,38.970420837402344,38.72566223144531,39.73933410644531
3K8W_A_SER337__042__2,3K8W_A_SER337,42,2,233.339111328125,130.98184204101562,233.5887908935547,B,frozen_matched_deposited_minstate_v1,38.970420837402344,38.72566223144531,39.73933410644531
3K8W_A_SER337__042__3,3K8W_A_SER337,42,3,38.77338409423828,130.98184204101562,233.5887908935547,other,frozen_matched_deposited_minstate_v1,38.970420837402344,38.72566223144531,39.73933410644531
3K8W_A_SER337__043__1,3K8W_A_SER337,43,1,130.88504028320312,130.98184204101562,233.5887908935547,A,frozen_matched_deposited_minstate_v1,38.970420837402344,38.72566223144531,39.73933410644531
3K8W_A_SER337__043__2,3K8W_A_SER337,43,2,233.339111328125,130.98184204101562,233.5887908935547,B,frozen_matched_deposited_minstate_v1,38.970420837402344,38.72566223144531,39.73933410644531
3K8W_A_SER337__043__3,3K8W_A_SER337,43,3,38.85104751586914,130.98184204101562,233.5887908935547,other,frozen_matched_deposited_minstate_v1,38.970420837402344,38.72566223144531,39.73933410644531
3K8W_A_SER337__044__1,3K8W_A_SER337,44,1,233.33877563476562,130.98184204101562,233.5887908935547,B,frozen_matched_deposited_minstate_v1,38.970420837402344,38.72566223144531,39.73933410644531
3K8W_A_SER337__044__2,3K8W_A_SER337,44,2,130.902099609375,130.98184204101562,233.5887908935547,A,frozen_matched_deposited_minstate_v1,38.970420837402344,38.72566223144531,39.73933410644531
3K8W_A_SER337__045__0,3K8W_A_SER337,45,0,130.902099609375,130.98184204101562,233.5887908935547,A,frozen_matched_deposited_minstate_v1,38.970420837402344,38.72566223144531,39.73933410644531
3K8W_A_SER337__045__1,3K8W_A_SER337,45,1,39.346614837646484,130.98184204101562,233.5887908935547,other,frozen_matched_deposited_minstate_v1,38.970420837402344,38.72566223144531,39.73933410644531
3K8W_A_SER337__045__2,3K8W_A_SER337,45,2,233.34005737304688,130.98184204101562,233.5887908935547,B,frozen_matched_deposited_minstate_v1,38.970420837402344,38.72566223144531,39.73933410644531
3K8W_A_SER337__046__0,3K8W_A_SER337,46,0,130.89910888671875,130.98184204101562,233.5887908935547,A,frozen_matched_deposited_minstate_v1,38.970420837402344,38.72566223144531,39.73933410644531
3K8W_A_SER337__046__1,3K8W_A_SER337,46,1,39.825408935546875,130.98184204101562,233.5887908935547,other,frozen_matched_deposited_minstate_v1,38.970420837402344,38.72566223144531,39.73933410644531
3K8W_A_SER337__046__3,3K8W_A_SER337,46,3,233.33981323242188,130.98184204101562,233.5887908935547,B,frozen_matched_deposited_minstate_v1,38.970420837402344,38.72566223144531,39.73933410644531
3K8W_A_SER337__047__0,3K8W_A_SER337,47,0,130.902099609375,130.98184204101562,233.5887908935547,A,frozen_matched_deposited_minstate_v1,38.970420837402344,38.72566223144531,39.73933410644531
3K8W_A_SER337__047__2,3K8W_A_SER337,47,2,233.33877563476562,130.98184204101562,233.5887908935547,B,frozen_matched_deposited_minstate_v1,38.970420837402344,38.72566223144531,39.73933410644531
3K8W_A_SER337__048__1,3K8W_A_SER337,48,1,130.90621948242188,130.98184204101562,233.5887908935547,A,frozen_matched_deposited_minstate_v1,38.970420837402344,38.72566223144531,39.73933410644531
3K8W_A_SER337__048__2,3K8W_A_SER337,48,2,233.339111328125,130.98184204101562,233.5887908935547,B,frozen_matched_deposited_minstate_v1,38.970420837402344,38.72566223144531,39.73933410644531
3K8W_A_SER337__048__3,3K8W_A_SER337,48,3,38.72663116455078,130.98184204101562,233.5887908935547,other,frozen_matched_deposited_minstate_v1,38.970420837402344,38.72566223144531,39.73933410644531
3K8W_A_SER337__049__0,3K8W_A_SER337,49,0,38.85104751586914,130.98184204101562,233.5887908935547,other,frozen_matched_deposited_minstate_v1,38.970420837402344,38.72566223144531,39.73933410644531
3K8W_A_SER337__049__1,3K8W_A_SER337,49,1,233.339111328125,130.98184204101562,233.5887908935547,B,frozen_matched_deposited_minstate_v1,38.970420837402344,38.72566223144531,39.73933410644531
3K8W_A_SER337__049__2,3K8W_A_SER337,49,2,130.86622619628906,130.98184204101562,233.5887908935547,A,frozen_matched_deposited_minstate_v1,38.970420837402344,38.72566223144531,39.73933410644531
3K8W_A_SER337__049__3,3K8W_A_SER337,49,3,38.86174774169922,130.98184204101562,233.5887908935547,other,frozen_matched_deposited_minstate_v1,38.970420837402344,38.72566223144531,39.73933410644531
4MKM_A_THR77__000__0,4MKM_A_THR77,0,0,55.841896057128906,100.75887298583984,105.96530151367188,other,frozen_matched_deposited_minstate_v1,55.84370231628418,53.85091018676758,58.512451171875
4MKM_A_THR77__000__1,4MKM_A_THR77,0,1,100.3395004272461,100.75887298583984,105.96530151367188,A,frozen_matched_deposited_minstate_v1,55.84370231628418,53.85091018676758,58.512451171875
4MKM_A_THR77__000__2,4MKM_A_THR77,0,2,106.16526794433594,100.75887298583984,105.96530151367188,B,frozen_matched_deposited_minstate_v1,55.84370231628418,53.85091018676758,58.512451171875
4MKM_A_THR77__000__3,4MKM_A_THR77,0,3,53.72215270996094,100.75887298583984,105.96530151367188,other,frozen_matched_deposited_minstate_v1,55.84370231628418,53.85091018676758,58.512451171875
4MKM_A_THR77__001__0,4MKM_A_THR77,1,0,100.33878326416016,100.75887298583984,105.96530151367188,A,frozen_matched_deposited_minstate_v1,55.84370231628418,53.85091018676758,58.512451171875
4MKM_A_THR77__001__2,4MKM_A_THR77,1,2,106.15813446044922,100.75887298583984,105.96530151367188,B,frozen_matched_deposited_minstate_v1,55.84370231628418,53.85091018676758,58.512451171875
4MKM_A_THR77__002__0,4MKM_A_THR77,2,0,106.18437194824219,100.75887298583984,105.96530151367188,B,frozen_matched_deposited_minstate_v1,55.84370231628418,53.85091018676758,58.512451171875
4MKM_A_THR77__002__2,4MKM_A_THR77,2,2,100.33863830566406,100.75887298583984,105.96530151367188,A,frozen_matched_deposited_minstate_v1,55.84370231628418,53.85091018676758,58.512451171875
4MKM_A_THR77__003__1,4MKM_A_THR77,3,1,100.33439636230469,100.75887298583984,105.96530151367188,A,frozen_matched_deposited_minstate_v1,55.84370231628418,53.85091018676758,58.512451171875
4MKM_A_THR77__003__2,4MKM_A_THR77,3,2,106.17994689941406,100.75887298583984,105.96530151367188,B,frozen_matched_deposited_minstate_v1,55.84370231628418,53.85091018676758,58.512451171875
4MKM_A_THR77__003__3,4MKM_A_THR77,3,3,56.06454849243164,100.75887298583984,105.96530151367188,other,frozen_matched_deposited_minstate_v1,55.84370231628418,53.85091018676758,58.512451171875
4MKM_A_THR77__004__0,4MKM_A_THR77,4,0,106.15840148925781,100.75887298583984,105.96530151367188,B,frozen_matched_deposited_minstate_v1,55.84370231628418,53.85091018676758,58.512451171875
4MKM_A_THR77__004__1,4MKM_A_THR77,4,1,100.33863830566406,100.75887298583984,105.96530151367188,A,frozen_matched_deposited_minstate_v1,55.84370231628418,53.85091018676758,58.512451171875
4MKM_A_THR77__005__0,4MKM_A_THR77,5,0,56.041473388671875,100.75887298583984,105.96530151367188,other,frozen_matched_deposited_minstate_v1,55.84370231628418,53.85091018676758,58.512451171875
4MKM_A_THR77__005__1,4MKM_A_THR77,5,1,106.15840148925781,100.75887298583984,105.96530151367188,B,frozen_matched_deposited_minstate_v1,55.84370231628418,53.85091018676758,58.512451171875
4MKM_A_THR77__005__2,4MKM_A_THR77,5,2,100.33617401123047,100.75887298583984,105.96530151367188,A,frozen_matched_deposited_minstate_v1,55.84370231628418,53.85091018676758,58.512451171875
4MKM_A_THR77__006__0,4MKM_A_THR77,6,0,106.15508270263672,100.75887298583984,105.96530151367188,B,frozen_matched_deposited_minstate_v1,55.84370231628418,53.85091018676758,58.512451171875
4MKM_A_THR77__006__1,4MKM_A_THR77,6,1,55.994712829589844,100.75887298583984,105.96530151367188,other,frozen_matched_deposited_minstate_v1,55.84370231628418,53.85091018676758,58.512451171875
4MKM_A_THR77__006__2,4MKM_A_THR77,6,2,100.33863830566406,100.75887298583984,105.96530151367188,A,frozen_matched_deposited_minstate_v1,55.84370231628418,53.85091018676758,58.512451171875
4MKM_A_THR77__007__0,4MKM_A_THR77,7,0,106.16526794433594,100.75887298583984,105.96530151367188,B,frozen_matched_deposited_minstate_v1,55.84370231628418,53.85091018676758,58.512451171875
4MKM_A_THR77__007__2,4MKM_A_THR77,7,2,100.33878326416016,100.75887298583984,105.96530151367188,A,frozen_matched_deposited_minstate_v1,55.84370231628418,53.85091018676758,58.512451171875
4MKM_A_THR77__008__1,4MKM_A_THR77,8,1,56.01777648925781,100.75887298583984,105.96530151367188,other,frozen_matched_deposited_minstate_v1,55.84370231628418,53.85091018676758,58.512451171875
4MKM_A_THR77__008__2,4MKM_A_THR77,8,2,106.16183471679688,100.75887298583984,105.96530151367188,B,frozen_matched_deposited_minstate_v1,55.84370231628418,53.85091018676758,58.512451171875
4MKM_A_THR77__008__3,4MKM_A_THR77,8,3,100.3379135131836,100.75887298583984,105.96530151367188,A,frozen_matched_deposited_minstate_v1,55.84370231628418,53.85091018676758,58.512451171875
4MKM_A_THR77__009__0,4MKM_A_THR77,9,0,106.15840148925781,100.75887298583984,105.96530151367188,B,frozen_matched_deposited_minstate_v1,55.84370231628418,53.85091018676758,58.512451171875
4MKM_A_THR77__009__1,4MKM_A_THR77,9,1,53.914093017578125,100.75887298583984,105.96530151367188,other,frozen_matched_deposited_minstate_v1,55.84370231628418,53.85091018676758,58.512451171875
4MKM_A_THR77__009__2,4MKM_A_THR77,9,2,100.3405990600586,100.75887298583984,105.96530151367188,A,frozen_matched_deposited_minstate_v1,55.84370231628418,53.85091018676758,58.512451171875
4MKM_A_THR77__010__0,4MKM_A_THR77,10,0,106.16552734375,100.75887298583984,105.96530151367188,B,frozen_matched_deposited_minstate_v1,55.84370231628418,53.85091018676758,58.512451171875
4MKM_A_THR77__010__1,4MKM_A_THR77,10,1,100.33621215820312,100.75887298583984,105.96530151367188,A,frozen_matched_deposited_minstate_v1,55.84370231628418,53.85091018676758,58.512451171875
4MKM_A_THR77__011__0,4MKM_A_THR77,11,0,100.3403091430664,100.75887298583984,105.96530151367188,A,frozen_matched_deposited_minstate_v1,55.84370231628418,53.85091018676758,58.512451171875
4MKM_A_THR77__011__1,4MKM_A_THR77,11,1,106.14571380615234,100.75887298583984,105.96530151367188,B,frozen_matched_deposited_minstate_v1,55.84370231628418,53.85091018676758,58.512451171875
4MKM_A_THR77__011__2,4MKM_A_THR77,11,2,54.65056610107422,100.75887298583984,105.96530151367188,other,frozen_matched_deposited_minstate_v1,55.84370231628418,53.85091018676758,58.512451171875
4MKM_A_THR77__012__0,4MKM_A_THR77,12,0,100.33863830566406,100.75887298583984,105.96530151367188,A,frozen_matched_deposited_minstate_v1,55.84370231628418,53.85091018676758,58.512451171875
4MKM_A_THR77__012__3,4MKM_A_THR77,12,3,106.16527557373047,100.75887298583984,105.96530151367188,B,frozen_matched_deposited_minstate_v1,55.84370231628418,53.85091018676758,58.512451171875
4MKM_A_THR77__013__0,4MKM_A_THR77,13,0,106.16526794433594,100.75887298583984,105.96530151367188,B,frozen_matched_deposited_minstate_v1,55.84370231628418,53.85091018676758,58.512451171875
4MKM_A_THR77__013__3,4MKM_A_THR77,13,3,100.33863830566406,100.75887298583984,105.96530151367188,A,frozen_matched_deposited_minstate_v1,55.84370231628418,53.85091018676758,58.512451171875
4MKM_A_THR77__014__0,4MKM_A_THR77,14,0,106.16526794433594,100.75887298583984,105.96530151367188,B,frozen_matched_deposited_minstate_v1,55.84370231628418,53.85091018676758,58.512451171875
4MKM_A_THR77__014__1,4MKM_A_THR77,14,1,100.33718872070312,100.75887298583984,105.96530151367188,A,frozen_matched_deposited_minstate_v1,55.84370231628418,53.85091018676758,58.512451171875
4MKM_A_THR77__014__3,4MKM_A_THR77,14,3,53.89884948730469,100.75887298583984,105.96530151367188,other,frozen_matched_deposited_minstate_v1,55.84370231628418,53.85091018676758,58.512451171875
4MKM_A_THR77__015__0,4MKM_A_THR77,15,0,106.15840148925781,100.75887298583984,105.96530151367188,B,frozen_matched_deposited_minstate_v1,55.84370231628418,53.85091018676758,58.512451171875
4MKM_A_THR77__015__1,4MKM_A_THR77,15,1,100.33621215820312,100.75887298583984,105.96530151367188,A,frozen_matched_deposited_minstate_v1,55.84370231628418,53.85091018676758,58.512451171875
4MKM_A_THR77__015__2,4MKM_A_THR77,15,2,55.84989547729492,100.75887298583984,105.96530151367188,other,frozen_matched_deposited_minstate_v1,55.84370231628418,53.85091018676758,58.512451171875
4MKM_A_THR77__016__1,4MKM_A_THR77,16,1,106.15813446044922,100.75887298583984,105.96530151367188,B,frozen_matched_deposited_minstate_v1,55.84370231628418,53.85091018676758,58.512451171875
4MKM_A_THR77__016__3,4MKM_A_THR77,16,3,100.33784484863281,100.75887298583984,105.96530151367188,A,frozen_matched_deposited_minstate_v1,55.84370231628418,53.85091018676758,58.512451171875
4MKM_A_THR77__017__0,4MKM_A_THR77,17,0,100.33878326416016,100.75887298583984,105.96530151367188,A,frozen_matched_deposited_minstate_v1,55.84370231628418,53.85091018676758,58.512451171875
4MKM_A_THR77__017__3,4MKM_A_THR77,17,3,106.15813446044922,100.75887298583984,105.96530151367188,B,frozen_matched_deposited_minstate_v1,55.84370231628418,53.85091018676758,58.512451171875
4MKM_A_THR77__018__1,4MKM_A_THR77,18,1,100.33878326416016,100.75887298583984,105.96530151367188,A,frozen_matched_deposited_minstate_v1,55.84370231628418,53.85091018676758,58.512451171875
4MKM_A_THR77__018__2,4MKM_A_THR77,18,2,106.1564712524414,100.75887298583984,105.96530151367188,B,frozen_matched_deposited_minstate_v1,55.84370231628418,53.85091018676758,58.512451171875
4MKM_A_THR77__018__3,4MKM_A_THR77,18,3,56.03642654418945,100.75887298583984,105.96530151367188,other,frozen_matched_deposited_minstate_v1,55.84370231628418,53.85091018676758,58.512451171875
4MKM_A_THR77__019__1,4MKM_A_THR77,19,1,100.33534240722656,100.75887298583984,105.96530151367188,A,frozen_matched_deposited_minstate_v1,55.84370231628418,53.85091018676758,58.512451171875
4MKM_A_THR77__019__2,4MKM_A_THR77,19,2,56.60209655761719,100.75887298583984,105.96530151367188,other,frozen_matched_deposited_minstate_v1,55.84370231628418,53.85091018676758,58.512451171875
4MKM_A_THR77__019__3,4MKM_A_THR77,19,3,106.15813446044922,100.75887298583984,105.96530151367188,B,frozen_matched_deposited_minstate_v1,55.84370231628418,53.85091018676758,58.512451171875
4MKM_A_THR77__020__1,4MKM_A_THR77,20,1,106.1564712524414,100.75887298583984,105.96530151367188,B,frozen_matched_deposited_minstate_v1,55.84370231628418,53.85091018676758,58.512451171875
4MKM_A_THR77__020__2,4MKM_A_THR77,20,2,100.34127807617188,100.75887298583984,105.96530151367188,A,frozen_matched_deposited_minstate_v1,55.84370231628418,53.85091018676758,58.512451171875
4MKM_A_THR77__020__3,4MKM_A_THR77,20,3,55.771240234375,100.75887298583984,105.96530151367188,other,frozen_matched_deposited_minstate_v1,55.84370231628418,53.85091018676758,58.512451171875
4MKM_A_THR77__021__1,4MKM_A_THR77,21,1,106.15813446044922,100.75887298583984,105.96530151367188,B,frozen_matched_deposited_minstate_v1,55.84370231628418,53.85091018676758,58.512451171875
4MKM_A_THR77__021__2,4MKM_A_THR77,21,2,100.33878326416016,100.75887298583984,105.96530151367188,A,frozen_matched_deposited_minstate_v1,55.84370231628418,53.85091018676758,58.512451171875
4MKM_A_THR77__022__0,4MKM_A_THR77,22,0,106.17852020263672,100.75887298583984,105.96530151367188,B,frozen_matched_deposited_minstate_v1,55.84370231628418,53.85091018676758,58.512451171875
4MKM_A_THR77__022__2,4MKM_A_THR77,22,2,100.3350601196289,100.75887298583984,105.96530151367188,A,frozen_matched_deposited_minstate_v1,55.84370231628418,53.85091018676758,58.512451171875
4MKM_A_THR77__023__1,4MKM_A_THR77,23,1,55.294944763183594,100.75887298583984,105.96530151367188,other,frozen_matched_deposited_minstate_v1,55.84370231628418,53.85091018676758,58.512451171875
4MKM_A_THR77__023__2,4MKM_A_THR77,23,2,100.34127807617188,100.75887298583984,105.96530151367188,A,frozen_matched_deposited_minstate_v1,55.84370231628418,53.85091018676758,58.512451171875
4MKM_A_THR77__023__3,4MKM_A_THR77,23,3,106.13900756835938,100.75887298583984,105.96530151367188,B,frozen_matched_deposited_minstate_v1,55.84370231628418,53.85091018676758,58.512451171875
4MKM_A_THR77__024__1,4MKM_A_THR77,24,1,100.33688354492188,100.75887298583984,105.96530151367188,A,frozen_matched_deposited_minstate_v1,55.84370231628418,53.85091018676758,58.512451171875
4MKM_A_THR77__024__3,4MKM_A_THR77,24,3,106.15813446044922,100.75887298583984,105.96530151367188,B,frozen_matched_deposited_minstate_v1,55.84370231628418,53.85091018676758,58.512451171875
4MKM_A_THR77__025__0,4MKM_A_THR77,25,0,100.33301544189453,100.75887298583984,105.96530151367188,A,frozen_matched_deposited_minstate_v1,55.84370231628418,53.85091018676758,58.512451171875
4MKM_A_THR77__025__1,4MKM_A_THR77,25,1,106.15813446044922,100.75887298583984,105.96530151367188,B,frozen_matched_deposited_minstate_v1,55.84370231628418,53.85091018676758,58.512451171875
4MKM_A_THR77__025__2,4MKM_A_THR77,25,2,56.2772216796875,100.75887298583984,105.96530151367188,other,frozen_matched_deposited_minstate_v1,55.84370231628418,53.85091018676758,58.512451171875
4MKM_A_THR77__026__0,4MKM_A_THR77,26,0,106.16329193115234,100.75887298583984,105.96530151367188,B,frozen_matched_deposited_minstate_v1,55.84370231628418,53.85091018676758,58.512451171875
4MKM_A_THR77__026__1,4MKM_A_THR77,26,1,100.33688354492188,100.75887298583984,105.96530151367188,A,frozen_matched_deposited_minstate_v1,55.84370231628418,53.85091018676758,58.512451171875
4MKM_A_THR77__026__3,4MKM_A_THR77,26,3,53.8665771484375,100.75887298583984,105.96530151367188,other,frozen_matched_deposited_minstate_v1,55.84370231628418,53.85091018676758,58.512451171875
4MKM_A_THR77__027__0,4MKM_A_THR77,27,0,56.06454849243164,100.75887298583984,105.96530151367188,other,frozen_matched_deposited_minstate_v1,55.84370231628418,53.85091018676758,58.512451171875
4MKM_A_THR77__027__1,4MKM_A_THR77,27,1,56.112239837646484,100.75887298583984,105.96530151367188,other,frozen_matched_deposited_minstate_v1,55.84370231628418,53.85091018676758,58.512451171875
4MKM_A_THR77__027__2,4MKM_A_THR77,27,2,106.15813446044922,100.75887298583984,105.96530151367188,B,frozen_matched_deposited_minstate_v1,55.84370231628418,53.85091018676758,58.512451171875
4MKM_A_THR77__027__3,4MKM_A_THR77,27,3,100.33301544189453,100.75887298583984,105.96530151367188,A,frozen_matched_deposited_minstate_v1,55.84370231628418,53.85091018676758,58.512451171875
4MKM_A_THR77__028__0,4MKM_A_THR77,28,0,106.15840148925781,100.75887298583984,105.96530151367188,B,frozen_matched_deposited_minstate_v1,55.84370231628418,53.85091018676758,58.512451171875
4MKM_A_THR77__028__3,4MKM_A_THR77,28,3,100.33688354492188,100.75887298583984,105.96530151367188,A,frozen_matched_deposited_minstate_v1,55.84370231628418,53.85091018676758,58.512451171875
4MKM_A_THR77__029__1,4MKM_A_THR77,29,1,100.3405990600586,100.75887298583984,105.96530151367188,A,frozen_matched_deposited_minstate_v1,55.84370231628418,53.85091018676758,58.512451171875
4MKM_A_THR77__029__2,4MKM_A_THR77,29,2,106.15228271484375,100.75887298583984,105.96530151367188,B,frozen_matched_deposited_minstate_v1,55.84370231628418,53.85091018676758,58.512451171875
4MKM_A_THR77__030__0,4MKM_A_THR77,30,0,106.15813446044922,100.75887298583984,105.96530151367188,B,frozen_matched_deposited_minstate_v1,55.84370231628418,53.85091018676758,58.512451171875
4MKM_A_THR77__030__2,4MKM_A_THR77,30,2,100.33878326416016,100.75887298583984,105.96530151367188,A,frozen_matched_deposited_minstate_v1,55.84370231628418,53.85091018676758,58.512451171875
4MKM_A_THR77__031__0,4MKM_A_THR77,31,0,106.15813446044922,100.75887298583984,105.96530151367188,B,frozen_matched_deposited_minstate_v1,55.84370231628418,53.85091018676758,58.512451171875
4MKM_A_THR77__031__2,4MKM_A_THR77,31,2,100.34231567382812,100.75887298583984,105.96530151367188,A,frozen_matched_deposited_minstate_v1,55.84370231628418,53.85091018676758,58.512451171875
4MKM_A_THR77__032__1,4MKM_A_THR77,32,1,100.33534240722656,100.75887298583984,105.96530151367188,A,frozen_matched_deposited_minstate_v1,55.84370231628418,53.85091018676758,58.512451171875
4MKM_A_THR77__032__2,4MKM_A_THR77,32,2,106.15813446044922,100.75887298583984,105.96530151367188,B,frozen_matched_deposited_minstate_v1,55.84370231628418,53.85091018676758,58.512451171875
4MKM_A_THR77__033__1,4MKM_A_THR77,33,1,55.84436798095703,100.75887298583984,105.96530151367188,other,frozen_matched_deposited_minstate_v1,55.84370231628418,53.85091018676758,58.512451171875
4MKM_A_THR77__033__2,4MKM_A_THR77,33,2,106.15531921386719,100.75887298583984,105.96530151367188,B,frozen_matched_deposited_minstate_v1,55.84370231628418,53.85091018676758,58.512451171875
4MKM_A_THR77__033__3,4MKM_A_THR77,33,3,100.33617401123047,100.75887298583984,105.96530151367188,A,frozen_matched_deposited_minstate_v1,55.84370231628418,53.85091018676758,58.512451171875
4MKM_A_THR77__034__0,4MKM_A_THR77,34,0,100.33878326416016,100.75887298583984,105.96530151367188,A,frozen_matched_deposited_minstate_v1,55.84370231628418,53.85091018676758,58.512451171875
4MKM_A_THR77__034__3,4MKM_A_THR77,34,3,106.17253112792969,100.75887298583984,105.96530151367188,B,frozen_matched_deposited_minstate_v1,55.84370231628418,53.85091018676758,58.512451171875
4MKM_A_THR77__035__0,4MKM_A_THR77,35,0,55.774574279785156,100.75887298583984,105.96530151367188,other,frozen_matched_deposited_minstate_v1,55.84370231628418,53.85091018676758,58.512451171875
4MKM_A_THR77__035__1,4MKM_A_THR77,35,1,100.33688354492188,100.75887298583984,105.96530151367188,A,frozen_matched_deposited_minstate_v1,55.84370231628418,53.85091018676758,58.512451171875
4MKM_A_THR77__035__3,4MKM_A_THR77,35,3,106.15254974365234,100.75887298583984,105.96530151367188,B,frozen_matched_deposited_minstate_v1,55.84370231628418,53.85091018676758,58.512451171875
4MKM_A_THR77__036__0,4MKM_A_THR77,36,0,55.80642318725586,100.75887298583984,105.96530151367188,other,frozen_matched_deposited_minstate_v1,55.84370231628418,53.85091018676758,58.512451171875
4MKM_A_THR77__036__1,4MKM_A_THR77,36,1,55.96917724609375,100.75887298583984,105.96530151367188,other,frozen_matched_deposited_minstate_v1,55.84370231628418,53.85091018676758,58.512451171875
4MKM_A_THR77__036__2,4MKM_A_THR77,36,2,100.3326187133789,100.75887298583984,105.96530151367188,A,frozen_matched_deposited_minstate_v1,55.84370231628418,53.85091018676758,58.512451171875
4MKM_A_THR77__036__3,4MKM_A_THR77,36,3,106.15228271484375,100.75887298583984,105.96530151367188,B,frozen_matched_deposited_minstate_v1,55.84370231628418,53.85091018676758,58.512451171875
4MKM_A_THR77__037__0,4MKM_A_THR77,37,0,100.3405990600586,100.75887298583984,105.96530151367188,A,frozen_matched_deposited_minstate_v1,55.84370231628418,53.85091018676758,58.512451171875
4MKM_A_THR77__037__1,4MKM_A_THR77,37,1,106.15840148925781,100.75887298583984,105.96530151367188,B,frozen_matched_deposited_minstate_v1,55.84370231628418,53.85091018676758,58.512451171875
4MKM_A_THR77__037__2,4MKM_A_THR77,37,2,54.14949035644531,100.75887298583984,105.96530151367188,other,frozen_matched_deposited_minstate_v1,55.84370231628418,53.85091018676758,58.512451171875
4MKM_A_THR77__038__0,4MKM_A_THR77,38,0,100.33863830566406,100.75887298583984,105.96530151367188,A,frozen_matched_deposited_minstate_v1,55.84370231628418,53.85091018676758,58.512451171875
4MKM_A_THR77__038__1,4MKM_A_THR77,38,1,106.15531921386719,100.75887298583984,105.96530151367188,B,frozen_matched_deposited_minstate_v1,55.84370231628418,53.85091018676758,58.512451171875
4MKM_A_THR77__038__3,4MKM_A_THR77,38,3,55.77873992919922,100.75887298583984,105.96530151367188,other,frozen_matched_deposited_minstate_v1,55.84370231628418,53.85091018676758,58.512451171875
4MKM_A_THR77__039__0,4MKM_A_THR77,39,0,100.34330749511719,100.75887298583984,105.96530151367188,A,frozen_matched_deposited_minstate_v1,55.84370231628418,53.85091018676758,58.512451171875
4MKM_A_THR77__039__2,4MKM_A_THR77,39,2,57.57969665527344,100.75887298583984,105.96530151367188,other,frozen_matched_deposited_minstate_v1,55.84370231628418,53.85091018676758,58.512451171875
4MKM_A_THR77__039__3,4MKM_A_THR77,39,3,106.12964630126953,100.75887298583984,105.96530151367188,B,frozen_matched_deposited_minstate_v1,55.84370231628418,53.85091018676758,58.512451171875
4MKM_A_THR77__040__1,4MKM_A_THR77,40,1,106.15813446044922,100.75887298583984,105.96530151367188,B,frozen_matched_deposited_minstate_v1,55.84370231628418,53.85091018676758,58.512451171875
4MKM_A_THR77__040__2,4MKM_A_THR77,40,2,100.33534240722656,100.75887298583984,105.96530151367188,A,frozen_matched_deposited_minstate_v1,55.84370231628418,53.85091018676758,58.512451171875
4MKM_A_THR77__041__0,4MKM_A_THR77,41,0,100.33368682861328,100.75887298583984,105.96530151367188,A,frozen_matched_deposited_minstate_v1,55.84370231628418,53.85091018676758,58.512451171875
4MKM_A_THR77__041__1,4MKM_A_THR77,41,1,55.91432189941406,100.75887298583984,105.96530151367188,other,frozen_matched_deposited_minstate_v1,55.84370231628418,53.85091018676758,58.512451171875
4MKM_A_THR77__041__3,4MKM_A_THR77,41,3,106.15840148925781,100.75887298583984,105.96530151367188,B,frozen_matched_deposited_minstate_v1,55.84370231628418,53.85091018676758,58.512451171875
4MKM_A_THR77__042__0,4MKM_A_THR77,42,0,56.24964904785156,100.75887298583984,105.96530151367188,other,frozen_matched_deposited_minstate_v1,55.84370231628418,53.85091018676758,58.512451171875
4MKM_A_THR77__042__1,4MKM_A_THR77,42,1,100.3350601196289,100.75887298583984,105.96530151367188,A,frozen_matched_deposited_minstate_v1,55.84370231628418,53.85091018676758,58.512451171875
4MKM_A_THR77__042__2,4MKM_A_THR77,42,2,106.17253112792969,100.75887298583984,105.96530151367188,B,frozen_matched_deposited_minstate_v1,55.84370231628418,53.85091018676758,58.512451171875
4MKM_A_THR77__043__0,4MKM_A_THR77,43,0,106.1564712524414,100.75887298583984,105.96530151367188,B,frozen_matched_deposited_minstate_v1,55.84370231628418,53.85091018676758,58.512451171875
4MKM_A_THR77__043__1,4MKM_A_THR77,43,1,55.92853546142578,100.75887298583984,105.96530151367188,other,frozen_matched_deposited_minstate_v1,55.84370231628418,53.85091018676758,58.512451171875
4MKM_A_THR77__043__3,4MKM_A_THR77,43,3,100.33534240722656,100.75887298583984,105.96530151367188,A,frozen_matched_deposited_minstate_v1,55.84370231628418,53.85091018676758,58.512451171875
4MKM_A_THR77__044__0,4MKM_A_THR77,44,0,100.33436584472656,100.75887298583984,105.96530151367188,A,frozen_matched_deposited_minstate_v1,55.84370231628418,53.85091018676758,58.512451171875
4MKM_A_THR77__044__2,4MKM_A_THR77,44,2,106.17229461669922,100.75887298583984,105.96530151367188,B,frozen_matched_deposited_minstate_v1,55.84370231628418,53.85091018676758,58.512451171875
4MKM_A_THR77__044__3,4MKM_A_THR77,44,3,55.96426010131836,100.75887298583984,105.96530151367188,other,frozen_matched_deposited_minstate_v1,55.84370231628418,53.85091018676758,58.512451171875
4MKM_A_THR77__045__0,4MKM_A_THR77,45,0,100.34127807617188,100.75887298583984,105.96530151367188,A,frozen_matched_deposited_minstate_v1,55.84370231628418,53.85091018676758,58.512451171875
4MKM_A_THR77__045__2,4MKM_A_THR77,45,2,106.16207885742188,100.75887298583984,105.96530151367188,B,frozen_matched_deposited_minstate_v1,55.84370231628418,53.85091018676758,58.512451171875
4MKM_A_THR77__045__3,4MKM_A_THR77,45,3,53.859439849853516,100.75887298583984,105.96530151367188,other,frozen_matched_deposited_minstate_v1,55.84370231628418,53.85091018676758,58.512451171875
4MKM_A_THR77__046__0,4MKM_A_THR77,46,0,100.33688354492188,100.75887298583984,105.96530151367188,A,frozen_matched_deposited_minstate_v1,55.84370231628418,53.85091018676758,58.512451171875
4MKM_A_THR77__046__2,4MKM_A_THR77,46,2,106.15840148925781,100.75887298583984,105.96530151367188,B,frozen_matched_deposited_minstate_v1,55.84370231628418,53.85091018676758,58.512451171875
4MKM_A_THR77__047__0,4MKM_A_THR77,47,0,100.33863830566406,100.75887298583984,105.96530151367188,A,frozen_matched_deposited_minstate_v1,55.84370231628418,53.85091018676758,58.512451171875
4MKM_A_THR77__047__3,4MKM_A_THR77,47,3,106.16207885742188,100.75887298583984,105.96530151367188,B,frozen_matched_deposited_minstate_v1,55.84370231628418,53.85091018676758,58.512451171875
4MKM_A_THR77__048__1,4MKM_A_THR77,48,1,100.3405990600586,100.75887298583984,105.96530151367188,A,frozen_matched_deposited_minstate_v1,55.84370231628418,53.85091018676758,58.512451171875
4MKM_A_THR77__048__2,4MKM_A_THR77,48,2,106.15531921386719,100.75887298583984,105.96530151367188,B,frozen_matched_deposited_minstate_v1,55.84370231628418,53.85091018676758,58.512451171875
4MKM_A_THR77__048__3,4MKM_A_THR77,48,3,55.80642318725586,100.75887298583984,105.96530151367188,other,frozen_matched_deposited_minstate_v1,55.84370231628418,53.85091018676758,58.512451171875
4MKM_A_THR77__049__1,4MKM_A_THR77,49,1,106.15813446044922,100.75887298583984,105.96530151367188,B,frozen_matched_deposited_minstate_v1,55.84370231628418,53.85091018676758,58.512451171875
4MKM_A_THR77__049__3,4MKM_A_THR77,49,3,100.33878326416016,100.75887298583984,105.96530151367188,A,frozen_matched_deposited_minstate_v1,55.84370231628418,53.85091018676758,58.512451171875
5DBA_A_TRP325__000__2,5DBA_A_TRP325,0,2,155.064208984375,155.23419189453125,155.79147338867188,A,frozen_matched_deposited_minstate_v1,1870.9829986572265,313.6594543457031,3474.3232421875
5DBA_A_TRP325__000__3,5DBA_A_TRP325,0,3,155.27809143066406,155.23419189453125,155.79147338867188,B,frozen_matched_deposited_minstate_v1,1870.9829986572265,313.6594543457031,3474.3232421875
5DBA_A_TRP325__001__3,5DBA_A_TRP325,1,3,155.56781005859375,155.23419189453125,155.79147338867188,B,frozen_matched_deposited_minstate_v1,1870.9829986572265,313.6594543457031,3474.3232421875
5DBA_A_TRP325__002__1,5DBA_A_TRP325,2,1,154.93112182617188,155.23419189453125,155.79147338867188,A,frozen_matched_deposited_minstate_v1,1870.9829986572265,313.6594543457031,3474.3232421875
5DBA_A_TRP325__002__2,5DBA_A_TRP325,2,2,155.30416870117188,155.23419189453125,155.79147338867188,B,frozen_matched_deposited_minstate_v1,1870.9829986572265,313.6594543457031,3474.3232421875
5DBA_A_TRP325__003__0,5DBA_A_TRP325,3,0,154.8372802734375,155.23419189453125,155.79147338867188,A,frozen_matched_deposited_minstate_v1,1870.9829986572265,313.6594543457031,3474.3232421875
5DBA_A_TRP325__003__1,5DBA_A_TRP325,3,1,155.3658447265625,155.23419189453125,155.79147338867188,B,frozen_matched_deposited_minstate_v1,1870.9829986572265,313.6594543457031,3474.3232421875
5DBA_A_TRP325__004__2,5DBA_A_TRP325,4,2,154.82058715820312,155.23419189453125,155.79147338867188,A,frozen_matched_deposited_minstate_v1,1870.9829986572265,313.6594543457031,3474.3232421875
5DBA_A_TRP325__004__3,5DBA_A_TRP325,4,3,107.90493774414062,155.23419189453125,155.79147338867188,other,frozen_matched_deposited_minstate_v1,1870.9829986572265,313.6594543457031,3474.3232421875
5DBA_A_TRP325__005__0,5DBA_A_TRP325,5,0,155.3051300048828,155.23419189453125,155.79147338867188,B,frozen_matched_deposited_minstate_v1,1870.9829986572265,313.6594543457031,3474.3232421875
5DBA_A_TRP325__005__1,5DBA_A_TRP325,5,1,101.97698974609375,155.23419189453125,155.79147338867188,other,frozen_matched_deposited_minstate_v1,1870.9829986572265,313.6594543457031,3474.3232421875
5DBA_A_TRP325__005__2,5DBA_A_TRP325,5,2,154.59326171875,155.23419189453125,155.79147338867188,A,frozen_matched_deposited_minstate_v1,1870.9829986572265,313.6594543457031,3474.3232421875
5DBA_A_TRP325__006__0,5DBA_A_TRP325,6,0,102.56331634521484,155.23419189453125,155.79147338867188,other,frozen_matched_deposited_minstate_v1,1870.9829986572265,313.6594543457031,3474.3232421875
5DBA_A_TRP325__006__1,5DBA_A_TRP325,6,1,154.8478546142578,155.23419189453125,155.79147338867188,A,frozen_matched_deposited_minstate_v1,1870.9829986572265,313.6594543457031,3474.3232421875
5DBA_A_TRP325__006__2,5DBA_A_TRP325,6,2,102.17362213134766,155.23419189453125,155.79147338867188,other,frozen_matched_deposited_minstate_v1,1870.9829986572265,313.6594543457031,3474.3232421875
5DBA_A_TRP325__006__3,5DBA_A_TRP325,6,3,155.2740936279297,155.23419189453125,155.79147338867188,B,frozen_matched_deposited_minstate_v1,1870.9829986572265,313.6594543457031,3474.3232421875
5DBA_A_TRP325__007__0,5DBA_A_TRP325,7,0,2463.3095703125,155.23419189453125,155.79147338867188,other,frozen_matched_deposited_minstate_v1,1870.9829986572265,313.6594543457031,3474.3232421875
5DBA_A_TRP325__007__3,5DBA_A_TRP325,7,3,155.5590362548828,155.23419189453125,155.79147338867188,B,frozen_matched_deposited_minstate_v1,1870.9829986572265,313.6594543457031,3474.3232421875
5DBA_A_TRP325__008__0,5DBA_A_TRP325,8,0,154.83804321289062,155.23419189453125,155.79147338867188,A,frozen_matched_deposited_minstate_v1,1870.9829986572265,313.6594543457031,3474.3232421875
5DBA_A_TRP325__008__1,5DBA_A_TRP325,8,1,155.35650634765625,155.23419189453125,155.79147338867188,B,frozen_matched_deposited_minstate_v1,1870.9829986572265,313.6594543457031,3474.3232421875
5DBA_A_TRP325__008__3,5DBA_A_TRP325,8,3,101.63870239257812,155.23419189453125,155.79147338867188,other,frozen_matched_deposited_minstate_v1,1870.9829986572265,313.6594543457031,3474.3232421875
5DBA_A_TRP325__009__0,5DBA_A_TRP325,9,0,155.4900665283203,155.23419189453125,155.79147338867188,B,frozen_matched_deposited_minstate_v1,1870.9829986572265,313.6594543457031,3474.3232421875
5DBA_A_TRP325__009__3,5DBA_A_TRP325,9,3,154.66226196289062,155.23419189453125,155.79147338867188,A,frozen_matched_deposited_minstate_v1,1870.9829986572265,313.6594543457031,3474.3232421875
5DBA_A_TRP325__010__0,5DBA_A_TRP325,10,0,154.80157470703125,155.23419189453125,155.79147338867188,A,frozen_matched_deposited_minstate_v1,1870.9829986572265,313.6594543457031,3474.3232421875
5DBA_A_TRP325__010__2,5DBA_A_TRP325,10,2,155.4308319091797,155.23419189453125,155.79147338867188,B,frozen_matched_deposited_minstate_v1,1870.9829986572265,313.6594543457031,3474.3232421875
5DBA_A_TRP325__011__0,5DBA_A_TRP325,11,0,154.09011840820312,155.23419189453125,155.79147338867188,A,frozen_matched_deposited_minstate_v1,1870.9829986572265,313.6594543457031,3474.3232421875
5DBA_A_TRP325__011__3,5DBA_A_TRP325,11,3,108.21977996826172,155.23419189453125,155.79147338867188,other,frozen_matched_deposited_minstate_v1,1870.9829986572265,313.6594543457031,3474.3232421875
5DBA_A_TRP325__012__0,5DBA_A_TRP325,12,0,155.29412841796875,155.23419189453125,155.79147338867188,B,frozen_matched_deposited_minstate_v1,1870.9829986572265,313.6594543457031,3474.3232421875
5DBA_A_TRP325__012__1,5DBA_A_TRP325,12,1,154.82534790039062,155.23419189453125,155.79147338867188,A,frozen_matched_deposited_minstate_v1,1870.9829986572265,313.6594543457031,3474.3232421875
5DBA_A_TRP325__012__3,5DBA_A_TRP325,12,3,103.00163269042969,155.23419189453125,155.79147338867188,other,frozen_matched_deposited_minstate_v1,1870.9829986572265,313.6594543457031,3474.3232421875
5DBA_A_TRP325__013__0,5DBA_A_TRP325,13,0,154.943603515625,155.23419189453125,155.79147338867188,A,frozen_matched_deposited_minstate_v1,1870.9829986572265,313.6594543457031,3474.3232421875
5DBA_A_TRP325__013__2,5DBA_A_TRP325,13,2,105.52411651611328,155.23419189453125,155.79147338867188,other,frozen_matched_deposited_minstate_v1,1870.9829986572265,313.6594543457031,3474.3232421875
5DBA_A_TRP325__014__1,5DBA_A_TRP325,14,1,155.3660125732422,155.23419189453125,155.79147338867188,B,frozen_matched_deposited_minstate_v1,1870.9829986572265,313.6594543457031,3474.3232421875
5DBA_A_TRP325__014__3,5DBA_A_TRP325,14,3,154.827392578125,155.23419189453125,155.79147338867188,A,frozen_matched_deposited_minstate_v1,1870.9829986572265,313.6594543457031,3474.3232421875
5DBA_A_TRP325__015__2,5DBA_A_TRP325,15,2,155.56781005859375,155.23419189453125,155.79147338867188,B,frozen_matched_deposited_minstate_v1,1870.9829986572265,313.6594543457031,3474.3232421875
5DBA_A_TRP325__016__0,5DBA_A_TRP325,16,0,155.43711853027344,155.23419189453125,155.79147338867188,B,frozen_matched_deposited_minstate_v1,1870.9829986572265,313.6594543457031,3474.3232421875
5DBA_A_TRP325__016__3,5DBA_A_TRP325,16,3,154.69444274902344,155.23419189453125,155.79147338867188,A,frozen_matched_deposited_minstate_v1,1870.9829986572265,313.6594543457031,3474.3232421875
5DBA_A_TRP325__017__1,5DBA_A_TRP325,17,1,154.89962768554688,155.23419189453125,155.79147338867188,A,frozen_matched_deposited_minstate_v1,1870.9829986572265,313.6594543457031,3474.3232421875
5DBA_A_TRP325__017__2,5DBA_A_TRP325,17,2,155.2327423095703,155.23419189453125,155.79147338867188,B,frozen_matched_deposited_minstate_v1,1870.9829986572265,313.6594543457031,3474.3232421875
5DBA_A_TRP325__017__3,5DBA_A_TRP325,17,3,102.29933166503906,155.23419189453125,155.79147338867188,other,frozen_matched_deposited_minstate_v1,1870.9829986572265,313.6594543457031,3474.3232421875
5DBA_A_TRP325__018__0,5DBA_A_TRP325,18,0,101.88890075683594,155.23419189453125,155.79147338867188,other,frozen_matched_deposited_minstate_v1,1870.9829986572265,313.6594543457031,3474.3232421875
5DBA_A_TRP325__018__1,5DBA_A_TRP325,18,1,155.3792724609375,155.23419189453125,155.79147338867188,B,frozen_matched_deposited_minstate_v1,1870.9829986572265,313.6594543457031,3474.3232421875
5DBA_A_TRP325__018__3,5DBA_A_TRP325,18,3,154.82484436035156,155.23419189453125,155.79147338867188,A,frozen_matched_deposited_minstate_v1,1870.9829986572265,313.6594543457031,3474.3232421875
5DBA_A_TRP325__019__2,5DBA_A_TRP325,19,2,155.56781005859375,155.23419189453125,155.79147338867188,B,frozen_matched_deposited_minstate_v1,1870.9829986572265,313.6594543457031,3474.3232421875
5DBA_A_TRP325__020__1,5DBA_A_TRP325,20,1,155.33877563476562,155.23419189453125,155.79147338867188,B,frozen_matched_deposited_minstate_v1,1870.9829986572265,313.6594543457031,3474.3232421875
5DBA_A_TRP325__020__3,5DBA_A_TRP325,20,3,154.7053985595703,155.23419189453125,155.79147338867188,A,frozen_matched_deposited_minstate_v1,1870.9829986572265,313.6594543457031,3474.3232421875
5DBA_A_TRP325__021__0,5DBA_A_TRP325,21,0,155.41908264160156,155.23419189453125,155.79147338867188,B,frozen_matched_deposited_minstate_v1,1870.9829986572265,313.6594543457031,3474.3232421875
5DBA_A_TRP325__021__3,5DBA_A_TRP325,21,3,154.711669921875,155.23419189453125,155.79147338867188,A,frozen_matched_deposited_minstate_v1,1870.9829986572265,313.6594543457031,3474.3232421875
5DBA_A_TRP325__022__0,5DBA_A_TRP325,22,0,154.80810546875,155.23419189453125,155.79147338867188,A,frozen_matched_deposited_minstate_v1,1870.9829986572265,313.6594543457031,3474.3232421875
5DBA_A_TRP325__022__3,5DBA_A_TRP325,22,3,155.4508056640625,155.23419189453125,155.79147338867188,B,frozen_matched_deposited_minstate_v1,1870.9829986572265,313.6594543457031,3474.3232421875
5DBA_A_TRP325__023__1,5DBA_A_TRP325,23,1,154.8351593017578,155.23419189453125,155.79147338867188,A,frozen_matched_deposited_minstate_v1,1870.9829986572265,313.6594543457031,3474.3232421875
5DBA_A_TRP325__023__3,5DBA_A_TRP325,23,3,155.364013671875,155.23419189453125,155.79147338867188,B,frozen_matched_deposited_minstate_v1,1870.9829986572265,313.6594543457031,3474.3232421875
5DBA_A_TRP325__024__0,5DBA_A_TRP325,24,0,155.43338012695312,155.23419189453125,155.79147338867188,B,frozen_matched_deposited_minstate_v1,1870.9829986572265,313.6594543457031,3474.3232421875
5DBA_A_TRP325__024__2,5DBA_A_TRP325,24,2,154.45533752441406,155.23419189453125,155.79147338867188,A,frozen_matched_deposited_minstate_v1,1870.9829986572265,313.6594543457031,3474.3232421875
5DBA_A_TRP325__025__0,5DBA_A_TRP325,25,0,155.44725036621094,155.23419189453125,155.79147338867188,B,frozen_matched_deposited_minstate_v1,1870.9829986572265,313.6594543457031,3474.3232421875
5DBA_A_TRP325__025__3,5DBA_A_TRP325,25,3,154.66265869140625,155.23419189453125,155.79147338867188,A,frozen_matched_deposited_minstate_v1,1870.9829986572265,313.6594543457031,3474.3232421875
5DBA_A_TRP325__026__0,5DBA_A_TRP325,26,0,155.4667510986328,155.23419189453125,155.79147338867188,B,frozen_matched_deposited_minstate_v1,1870.9829986572265,313.6594543457031,3474.3232421875
5DBA_A_TRP325__026__1,5DBA_A_TRP325,26,1,154.7282257080078,155.23419189453125,155.79147338867188,A,frozen_matched_deposited_minstate_v1,1870.9829986572265,313.6594543457031,3474.3232421875
5DBA_A_TRP325__027__0,5DBA_A_TRP325,27,0,154.68588256835938,155.23419189453125,155.79147338867188,A,frozen_matched_deposited_minstate_v1,1870.9829986572265,313.6594543457031,3474.3232421875
5DBA_A_TRP325__027__1,5DBA_A_TRP325,27,1,155.70126342773438,155.23419189453125,155.79147338867188,B,frozen_matched_deposited_minstate_v1,1870.9829986572265,313.6594543457031,3474.3232421875
5DBA_A_TRP325__028__0,5DBA_A_TRP325,28,0,109.30630493164062,155.23419189453125,155.79147338867188,other,frozen_matched_deposited_minstate_v1,1870.9829986572265,313.6594543457031,3474.3232421875
5DBA_A_TRP325__028__1,5DBA_A_TRP325,28,1,154.41285705566406,155.23419189453125,155.79147338867188,A,frozen_matched_deposited_minstate_v1,1870.9829986572265,313.6594543457031,3474.3232421875
5DBA_A_TRP325__028__2,5DBA_A_TRP325,28,2,155.37579345703125,155.23419189453125,155.79147338867188,B,frozen_matched_deposited_minstate_v1,1870.9829986572265,313.6594543457031,3474.3232421875
5DBA_A_TRP325__028__3,5DBA_A_TRP325,28,3,102.49464416503906,155.23419189453125,155.79147338867188,other,frozen_matched_deposited_minstate_v1,1870.9829986572265,313.6594543457031,3474.3232421875
5DBA_A_TRP325__029__2,5DBA_A_TRP325,29,2,154.83645629882812,155.23419189453125,155.79147338867188,A,frozen_matched_deposited_minstate_v1,1870.9829986572265,313.6594543457031,3474.3232421875
5DBA_A_TRP325__029__3,5DBA_A_TRP325,29,3,155.3883514404297,155.23419189453125,155.79147338867188,B,frozen_matched_deposited_minstate_v1,1870.9829986572265,313.6594543457031,3474.3232421875
5DBA_A_TRP325__030__0,5DBA_A_TRP325,30,0,108.15155792236328,155.23419189453125,155.79147338867188,other,frozen_matched_deposited_minstate_v1,1870.9829986572265,313.6594543457031,3474.3232421875
5DBA_A_TRP325__030__2,5DBA_A_TRP325,30,2,103.94291687011719,155.23419189453125,155.79147338867188,other,frozen_matched_deposited_minstate_v1,1870.9829986572265,313.6594543457031,3474.3232421875
5DBA_A_TRP325__030__3,5DBA_A_TRP325,30,3,155.18743896484375,155.23419189453125,155.79147338867188,B,frozen_matched_deposited_minstate_v1,1870.9829986572265,313.6594543457031,3474.3232421875
5DBA_A_TRP325__031__0,5DBA_A_TRP325,31,0,155.42465209960938,155.23419189453125,155.79147338867188,B,frozen_matched_deposited_minstate_v1,1870.9829986572265,313.6594543457031,3474.3232421875
5DBA_A_TRP325__031__2,5DBA_A_TRP325,31,2,154.7889404296875,155.23419189453125,155.79147338867188,A,frozen_matched_deposited_minstate_v1,1870.9829986572265,313.6594543457031,3474.3232421875
5DBA_A_TRP325__032__2,5DBA_A_TRP325,32,2,154.90798950195312,155.23419189453125,155.79147338867188,A,frozen_matched_deposited_minstate_v1,1870.9829986572265,313.6594543457031,3474.3232421875
5DBA_A_TRP325__032__3,5DBA_A_TRP325,32,3,155.3850555419922,155.23419189453125,155.79147338867188,B,frozen_matched_deposited_minstate_v1,1870.9829986572265,313.6594543457031,3474.3232421875
5DBA_A_TRP325__033__2,5DBA_A_TRP325,33,2,155.4399871826172,155.23419189453125,155.79147338867188,B,frozen_matched_deposited_minstate_v1,1870.9829986572265,313.6594543457031,3474.3232421875
5DBA_A_TRP325__033__3,5DBA_A_TRP325,33,3,154.2466278076172,155.23419189453125,155.79147338867188,A,frozen_matched_deposited_minstate_v1,1870.9829986572265,313.6594543457031,3474.3232421875
5DBA_A_TRP325__034__0,5DBA_A_TRP325,34,0,155.31455993652344,155.23419189453125,155.79147338867188,B,frozen_matched_deposited_minstate_v1,1870.9829986572265,313.6594543457031,3474.3232421875
5DBA_A_TRP325__034__1,5DBA_A_TRP325,34,1,154.8659210205078,155.23419189453125,155.79147338867188,A,frozen_matched_deposited_minstate_v1,1870.9829986572265,313.6594543457031,3474.3232421875
5DBA_A_TRP325__034__2,5DBA_A_TRP325,34,2,102.61565399169922,155.23419189453125,155.79147338867188,other,frozen_matched_deposited_minstate_v1,1870.9829986572265,313.6594543457031,3474.3232421875
5DBA_A_TRP325__034__3,5DBA_A_TRP325,34,3,101.39752960205078,155.23419189453125,155.79147338867188,other,frozen_matched_deposited_minstate_v1,1870.9829986572265,313.6594543457031,3474.3232421875
5DBA_A_TRP325__035__0,5DBA_A_TRP325,35,0,2466.105224609375,155.23419189453125,155.79147338867188,other,frozen_matched_deposited_minstate_v1,1870.9829986572265,313.6594543457031,3474.3232421875
5DBA_A_TRP325__035__1,5DBA_A_TRP325,35,1,108.08726501464844,155.23419189453125,155.79147338867188,other,frozen_matched_deposited_minstate_v1,1870.9829986572265,313.6594543457031,3474.3232421875
5DBA_A_TRP325__035__2,5DBA_A_TRP325,35,2,155.3226318359375,155.23419189453125,155.79147338867188,B,frozen_matched_deposited_minstate_v1,1870.9829986572265,313.6594543457031,3474.3232421875
5DBA_A_TRP325__036__0,5DBA_A_TRP325,36,0,129.04129028320312,155.23419189453125,155.79147338867188,other,frozen_matched_deposited_minstate_v1,1870.9829986572265,313.6594543457031,3474.3232421875
5DBA_A_TRP325__036__1,5DBA_A_TRP325,36,1,2462.94287109375,155.23419189453125,155.79147338867188,other,frozen_matched_deposited_minstate_v1,1870.9829986572265,313.6594543457031,3474.3232421875
5DBA_A_TRP325__036__2,5DBA_A_TRP325,36,2,156.41546630859375,155.23419189453125,155.79147338867188,B,frozen_matched_deposited_minstate_v1,1870.9829986572265,313.6594543457031,3474.3232421875
5DBA_A_TRP325__037__0,5DBA_A_TRP325,37,0,155.78277587890625,155.23419189453125,155.79147338867188,A,frozen_matched_deposited_minstate_v1,1870.9829986572265,313.6594543457031,3474.3232421875
5DBA_A_TRP325__038__0,5DBA_A_TRP325,38,0,155.42237854003906,155.23419189453125,155.79147338867188,B,frozen_matched_deposited_minstate_v1,1870.9829986572265,313.6594543457031,3474.3232421875
5DBA_A_TRP325__038__2,5DBA_A_TRP325,38,2,154.59835815429688,155.23419189453125,155.79147338867188,A,frozen_matched_deposited_minstate_v1,1870.9829986572265,313.6594543457031,3474.3232421875
5DBA_A_TRP325__039__0,5DBA_A_TRP325,39,0,106.61856079101562,155.23419189453125,155.79147338867188,other,frozen_matched_deposited_minstate_v1,1870.9829986572265,313.6594543457031,3474.3232421875
5DBA_A_TRP325__039__1,5DBA_A_TRP325,39,1,155.10743713378906,155.23419189453125,155.79147338867188,A,frozen_matched_deposited_minstate_v1,1870.9829986572265,313.6594543457031,3474.3232421875
5DBA_A_TRP325__039__3,5DBA_A_TRP325,39,3,108.21641540527344,155.23419189453125,155.79147338867188,other,frozen_matched_deposited_minstate_v1,1870.9829986572265,313.6594543457031,3474.3232421875
5DBA_A_TRP325__040__0,5DBA_A_TRP325,40,0,155.50575256347656,155.23419189453125,155.79147338867188,B,frozen_matched_deposited_minstate_v1,1870.9829986572265,313.6594543457031,3474.3232421875
5DBA_A_TRP325__040__1,5DBA_A_TRP325,40,1,154.43775939941406,155.23419189453125,155.79147338867188,A,frozen_matched_deposited_minstate_v1,1870.9829986572265,313.6594543457031,3474.3232421875
5DBA_A_TRP325__040__3,5DBA_A_TRP325,40,3,112.42998504638672,155.23419189453125,155.79147338867188,other,frozen_matched_deposited_minstate_v1,1870.9829986572265,313.6594543457031,3474.3232421875
5DBA_A_TRP325__041__0,5DBA_A_TRP325,41,0,155.36524963378906,155.23419189453125,155.79147338867188,B,frozen_matched_deposited_minstate_v1,1870.9829986572265,313.6594543457031,3474.3232421875
5DBA_A_TRP325__041__1,5DBA_A_TRP325,41,1,154.78321838378906,155.23419189453125,155.79147338867188,A,frozen_matched_deposited_minstate_v1,1870.9829986572265,313.6594543457031,3474.3232421875
5DBA_A_TRP325__042__0,5DBA_A_TRP325,42,0,155.36622619628906,155.23419189453125,155.79147338867188,B,frozen_matched_deposited_minstate_v1,1870.9829986572265,313.6594543457031,3474.3232421875
5DBA_A_TRP325__042__3,5DBA_A_TRP325,42,3,154.83639526367188,155.23419189453125,155.79147338867188,A,frozen_matched_deposited_minstate_v1,1870.9829986572265,313.6594543457031,3474.3232421875
5DBA_A_TRP325__043__0,5DBA_A_TRP325,43,0,155.30226135253906,155.23419189453125,155.79147338867188,B,frozen_matched_deposited_minstate_v1,1870.9829986572265,313.6594543457031,3474.3232421875
5DBA_A_TRP325__043__1,5DBA_A_TRP325,43,1,103.17215728759766,155.23419189453125,155.79147338867188,other,frozen_matched_deposited_minstate_v1,1870.9829986572265,313.6594543457031,3474.3232421875
5DBA_A_TRP325__043__3,5DBA_A_TRP325,43,3,154.81961059570312,155.23419189453125,155.79147338867188,A,frozen_matched_deposited_minstate_v1,1870.9829986572265,313.6594543457031,3474.3232421875
5DBA_A_TRP325__044__2,5DBA_A_TRP325,44,2,155.56781005859375,155.23419189453125,155.79147338867188,B,frozen_matched_deposited_minstate_v1,1870.9829986572265,313.6594543457031,3474.3232421875
5DBA_A_TRP325__045__0,5DBA_A_TRP325,45,0,154.77528381347656,155.23419189453125,155.79147338867188,A,frozen_matched_deposited_minstate_v1,1870.9829986572265,313.6594543457031,3474.3232421875
5DBA_A_TRP325__045__1,5DBA_A_TRP325,45,1,155.49339294433594,155.23419189453125,155.79147338867188,B,frozen_matched_deposited_minstate_v1,1870.9829986572265,313.6594543457031,3474.3232421875
5DBA_A_TRP325__045__2,5DBA_A_TRP325,45,2,101.25366973876953,155.23419189453125,155.79147338867188,other,frozen_matched_deposited_minstate_v1,1870.9829986572265,313.6594543457031,3474.3232421875
5DBA_A_TRP325__045__3,5DBA_A_TRP325,45,3,104.09333801269531,155.23419189453125,155.79147338867188,other,frozen_matched_deposited_minstate_v1,1870.9829986572265,313.6594543457031,3474.3232421875
5DBA_A_TRP325__046__1,5DBA_A_TRP325,46,1,155.37767028808594,155.23419189453125,155.79147338867188,B,frozen_matched_deposited_minstate_v1,1870.9829986572265,313.6594543457031,3474.3232421875
5DBA_A_TRP325__046__3,5DBA_A_TRP325,46,3,154.64630126953125,155.23419189453125,155.79147338867188,A,frozen_matched_deposited_minstate_v1,1870.9829986572265,313.6594543457031,3474.3232421875
5DBA_A_TRP325__047__0,5DBA_A_TRP325,47,0,100.83836364746094,155.23419189453125,155.79147338867188,other,frozen_matched_deposited_minstate_v1,1870.9829986572265,313.6594543457031,3474.3232421875
5DBA_A_TRP325__047__1,5DBA_A_TRP325,47,1,154.7947235107422,155.23419189453125,155.79147338867188,A,frozen_matched_deposited_minstate_v1,1870.9829986572265,313.6594543457031,3474.3232421875
5DBA_A_TRP325__047__2,5DBA_A_TRP325,47,2,155.78036499023438,155.23419189453125,155.79147338867188,B,frozen_matched_deposited_minstate_v1,1870.9829986572265,313.6594543457031,3474.3232421875
5DBA_A_TRP325__047__3,5DBA_A_TRP325,47,3,101.21994018554688,155.23419189453125,155.79147338867188,other,frozen_matched_deposited_minstate_v1,1870.9829986572265,313.6594543457031,3474.3232421875
5DBA_A_TRP325__048__0,5DBA_A_TRP325,48,0,102.52400970458984,155.23419189453125,155.79147338867188,other,frozen_matched_deposited_minstate_v1,1870.9829986572265,313.6594543457031,3474.3232421875
5DBA_A_TRP325__048__1,5DBA_A_TRP325,48,1,155.29127502441406,155.23419189453125,155.79147338867188,B,frozen_matched_deposited_minstate_v1,1870.9829986572265,313.6594543457031,3474.3232421875
5DBA_A_TRP325__048__2,5DBA_A_TRP325,48,2,154.83615112304688,155.23419189453125,155.79147338867188,A,frozen_matched_deposited_minstate_v1,1870.9829986572265,313.6594543457031,3474.3232421875
5DBA_A_TRP325__049__0,5DBA_A_TRP325,49,0,101.52489471435547,155.23419189453125,155.79147338867188,other,frozen_matched_deposited_minstate_v1,1870.9829986572265,313.6594543457031,3474.3232421875
5DBA_A_TRP325__049__1,5DBA_A_TRP325,49,1,95.32806396484375,155.23419189453125,155.79147338867188,other,frozen_matched_deposited_minstate_v1,1870.9829986572265,313.6594543457031,3474.3232421875
5DBA_A_TRP325__049__2,5DBA_A_TRP325,49,2,155.3856201171875,155.23419189453125,155.79147338867188,A,frozen_matched_deposited_minstate_v1,1870.9829986572265,313.6594543457031,3474.3232421875
5DBA_A_TRP325__049__3,5DBA_A_TRP325,49,3,155.30616760253906,155.23419189453125,155.79147338867188,B,frozen_matched_deposited_minstate_v1,1870.9829986572265,313.6594543457031,3474.3232421875
8DJ2_A_VAL893__000__0,8DJ2_A_VAL893,0,0,37.689491271972656,54.11301803588867,58.37147521972656,other,frozen_matched_deposited_minstate_v1,39.34390640258789,37.67343521118164,40.76735305786133
8DJ2_A_VAL893__000__2,8DJ2_A_VAL893,0,2,52.53687286376953,54.11301803588867,58.37147521972656,A,frozen_matched_deposited_minstate_v1,39.34390640258789,37.67343521118164,40.76735305786133
8DJ2_A_VAL893__000__3,8DJ2_A_VAL893,0,3,50.59233856201172,54.11301803588867,58.37147521972656,B,frozen_matched_deposited_minstate_v1,39.34390640258789,37.67343521118164,40.76735305786133
8DJ2_A_VAL893__001__0,8DJ2_A_VAL893,1,0,52.542015075683594,54.11301803588867,58.37147521972656,A,frozen_matched_deposited_minstate_v1,39.34390640258789,37.67343521118164,40.76735305786133
8DJ2_A_VAL893__001__1,8DJ2_A_VAL893,1,1,50.62959289550781,54.11301803588867,58.37147521972656,B,frozen_matched_deposited_minstate_v1,39.34390640258789,37.67343521118164,40.76735305786133
8DJ2_A_VAL893__002__0,8DJ2_A_VAL893,2,0,50.60961151123047,54.11301803588867,58.37147521972656,B,frozen_matched_deposited_minstate_v1,39.34390640258789,37.67343521118164,40.76735305786133
8DJ2_A_VAL893__002__1,8DJ2_A_VAL893,2,1,40.63836669921875,54.11301803588867,58.37147521972656,other,frozen_matched_deposited_minstate_v1,39.34390640258789,37.67343521118164,40.76735305786133
8DJ2_A_VAL893__002__2,8DJ2_A_VAL893,2,2,52.53974914550781,54.11301803588867,58.37147521972656,A,frozen_matched_deposited_minstate_v1,39.34390640258789,37.67343521118164,40.76735305786133
8DJ2_A_VAL893__002__3,8DJ2_A_VAL893,2,3,37.68310546875,54.11301803588867,58.37147521972656,other,frozen_matched_deposited_minstate_v1,39.34390640258789,37.67343521118164,40.76735305786133
8DJ2_A_VAL893__003__0,8DJ2_A_VAL893,3,0,52.547271728515625,54.11301803588867,58.37147521972656,A,frozen_matched_deposited_minstate_v1,39.34390640258789,37.67343521118164,40.76735305786133
8DJ2_A_VAL893__003__1,8DJ2_A_VAL893,3,1,50.603023529052734,54.11301803588867,58.37147521972656,B,frozen_matched_deposited_minstate_v1,39.34390640258789,37.67343521118164,40.76735305786133
8DJ2_A_VAL893__003__2,8DJ2_A_VAL893,3,2,37.68846130371094,54.11301803588867,58.37147521972656,other,frozen_matched_deposited_minstate_v1,39.34390640258789,37.67343521118164,40.76735305786133
8DJ2_A_VAL893__003__3,8DJ2_A_VAL893,3,3,39.61765670776367,54.11301803588867,58.37147521972656,other,frozen_matched_deposited_minstate_v1,39.34390640258789,37.67343521118164,40.76735305786133
8DJ2_A_VAL893__004__0,8DJ2_A_VAL893,4,0,52.537662506103516,54.11301803588867,58.37147521972656,A,frozen_matched_deposited_minstate_v1,39.34390640258789,37.67343521118164,40.76735305786133
8DJ2_A_VAL893__004__1,8DJ2_A_VAL893,4,1,50.634090423583984,54.11301803588867,58.37147521972656,B,frozen_matched_deposited_minstate_v1,39.34390640258789,37.67343521118164,40.76735305786133
8DJ2_A_VAL893__005__1,8DJ2_A_VAL893,5,1,50.62959289550781,54.11301803588867,58.37147521972656,B,frozen_matched_deposited_minstate_v1,39.34390640258789,37.67343521118164,40.76735305786133
8DJ2_A_VAL893__005__2,8DJ2_A_VAL893,5,2,52.544246673583984,54.11301803588867,58.37147521972656,A,frozen_matched_deposited_minstate_v1,39.34390640258789,37.67343521118164,40.76735305786133
8DJ2_A_VAL893__006__1,8DJ2_A_VAL893,6,1,52.542015075683594,54.11301803588867,58.37147521972656,A,frozen_matched_deposited_minstate_v1,39.34390640258789,37.67343521118164,40.76735305786133
8DJ2_A_VAL893__006__3,8DJ2_A_VAL893,6,3,50.634090423583984,54.11301803588867,58.37147521972656,B,frozen_matched_deposited_minstate_v1,39.34390640258789,37.67343521118164,40.76735305786133
8DJ2_A_VAL893__007__0,8DJ2_A_VAL893,7,0,50.576053619384766,54.11301803588867,58.37147521972656,B,frozen_matched_deposited_minstate_v1,39.34390640258789,37.67343521118164,40.76735305786133
8DJ2_A_VAL893__007__1,8DJ2_A_VAL893,7,1,52.545494079589844,54.11301803588867,58.37147521972656,A,frozen_matched_deposited_minstate_v1,39.34390640258789,37.67343521118164,40.76735305786133
8DJ2_A_VAL893__007__2,8DJ2_A_VAL893,7,2,37.65522766113281,54.11301803588867,58.37147521972656,other,frozen_matched_deposited_minstate_v1,39.34390640258789,37.67343521118164,40.76735305786133
8DJ2_A_VAL893__007__3,8DJ2_A_VAL893,7,3,39.87324142456055,54.11301803588867,58.37147521972656,other,frozen_matched_deposited_minstate_v1,39.34390640258789,37.67343521118164,40.76735305786133
8DJ2_A_VAL893__008__0,8DJ2_A_VAL893,8,0,52.53900909423828,54.11301803588867,58.37147521972656,A,frozen_matched_deposited_minstate_v1,39.34390640258789,37.67343521118164,40.76735305786133
8DJ2_A_VAL893__008__1,8DJ2_A_VAL893,8,1,37.67343521118164,54.11301803588867,58.37147521972656,other,frozen_matched_deposited_minstate_v1,39.34390640258789,37.67343521118164,40.76735305786133
8DJ2_A_VAL893__008__2,8DJ2_A_VAL893,8,2,50.61260986328125,54.11301803588867,58.37147521972656,B,frozen_matched_deposited_minstate_v1,39.34390640258789,37.67343521118164,40.76735305786133
8DJ2_A_VAL893__009__1,8DJ2_A_VAL893,9,1,50.63402557373047,54.11301803588867,58.37147521972656,B,frozen_matched_deposited_minstate_v1,39.34390640258789,37.67343521118164,40.76735305786133
8DJ2_A_VAL893__009__3,8DJ2_A_VAL893,9,3,52.54597473144531,54.11301803588867,58.37147521972656,A,frozen_matched_deposited_minstate_v1,39.34390640258789,37.67343521118164,40.76735305786133
8DJ2_A_VAL893__010__0,8DJ2_A_VAL893,10,0,39.8168830871582,54.11301803588867,58.37147521972656,other,frozen_matched_deposited_minstate_v1,39.34390640258789,37.67343521118164,40.76735305786133
8DJ2_A_VAL893__010__1,8DJ2_A_VAL893,10,1,52.542274475097656,54.11301803588867,58.37147521972656,A,frozen_matched_deposited_minstate_v1,39.34390640258789,37.67343521118164,40.76735305786133
8DJ2_A_VAL893__010__2,8DJ2_A_VAL893,10,2,50.62008285522461,54.11301803588867,58.37147521972656,B,frozen_matched_deposited_minstate_v1,39.34390640258789,37.67343521118164,40.76735305786133
8DJ2_A_VAL893__011__0,8DJ2_A_VAL893,11,0,37.67539978027344,54.11301803588867,58.37147521972656,other,frozen_matched_deposited_minstate_v1,39.34390640258789,37.67343521118164,40.76735305786133
8DJ2_A_VAL893__011__1,8DJ2_A_VAL893,11,1,52.53687286376953,54.11301803588867,58.37147521972656,A,frozen_matched_deposited_minstate_v1,39.34390640258789,37.67343521118164,40.76735305786133
8DJ2_A_VAL893__011__2,8DJ2_A_VAL893,11,2,37.679954528808594,54.11301803588867,58.37147521972656,other,frozen_matched_deposited_minstate_v1,39.34390640258789,37.67343521118164,40.76735305786133
8DJ2_A_VAL893__011__3,8DJ2_A_VAL893,11,3,50.60041809082031,54.11301803588867,58.37147521972656,B,frozen_matched_deposited_minstate_v1,39.34390640258789,37.67343521118164,40.76735305786133
8DJ2_A_VAL893__012__0,8DJ2_A_VAL893,12,0,50.594730377197266,54.11301803588867,58.37147521972656,B,frozen_matched_deposited_minstate_v1,39.34390640258789,37.67343521118164,40.76735305786133
8DJ2_A_VAL893__012__1,8DJ2_A_VAL893,12,1,39.74762725830078,54.11301803588867,58.37147521972656,other,frozen_matched_deposited_minstate_v1,39.34390640258789,37.67343521118164,40.76735305786133
8DJ2_A_VAL893__012__2,8DJ2_A_VAL893,12,2,52.53997039794922,54.11301803588867,58.37147521972656,A,frozen_matched_deposited_minstate_v1,39.34390640258789,37.67343521118164,40.76735305786133
8DJ2_A_VAL893__012__3,8DJ2_A_VAL893,12,3,37.68964385986328,54.11301803588867,58.37147521972656,other,frozen_matched_deposited_minstate_v1,39.34390640258789,37.67343521118164,40.76735305786133
8DJ2_A_VAL893__013__0,8DJ2_A_VAL893,13,0,37.681766510009766,54.11301803588867,58.37147521972656,other,frozen_matched_deposited_minstate_v1,39.34390640258789,37.67343521118164,40.76735305786133
8DJ2_A_VAL893__013__1,8DJ2_A_VAL893,13,1,50.61957550048828,54.11301803588867,58.37147521972656,B,frozen_matched_deposited_minstate_v1,39.34390640258789,37.67343521118164,40.76735305786133
8DJ2_A_VAL893__013__2,8DJ2_A_VAL893,13,2,52.54597473144531,54.11301803588867,58.37147521972656,A,frozen_matched_deposited_minstate_v1,39.34390640258789,37.67343521118164,40.76735305786133
8DJ2_A_VAL893__014__0,8DJ2_A_VAL893,14,0,52.53687286376953,54.11301803588867,58.37147521972656,A,frozen_matched_deposited_minstate_v1,39.34390640258789,37.67343521118164,40.76735305786133
8DJ2_A_VAL893__014__2,8DJ2_A_VAL893,14,2,37.692222595214844,54.11301803588867,58.37147521972656,other,frozen_matched_deposited_minstate_v1,39.34390640258789,37.67343521118164,40.76735305786133
8DJ2_A_VAL893__014__3,8DJ2_A_VAL893,14,3,50.597900390625,54.11301803588867,58.37147521972656,B,frozen_matched_deposited_minstate_v1,39.34390640258789,37.67343521118164,40.76735305786133
8DJ2_A_VAL893__015__0,8DJ2_A_VAL893,15,0,50.60636901855469,54.11301803588867,58.37147521972656,B,frozen_matched_deposited_minstate_v1,39.34390640258789,37.67343521118164,40.76735305786133
8DJ2_A_VAL893__015__1,8DJ2_A_VAL893,15,1,37.68310546875,54.11301803588867,58.37147521972656,other,frozen_matched_deposited_minstate_v1,39.34390640258789,37.67343521118164,40.76735305786133
8DJ2_A_VAL893__015__2,8DJ2_A_VAL893,15,2,52.53974914550781,54.11301803588867,58.37147521972656,A,frozen_matched_deposited_minstate_v1,39.34390640258789,37.67343521118164,40.76735305786133
8DJ2_A_VAL893__015__3,8DJ2_A_VAL893,15,3,40.64732360839844,54.11301803588867,58.37147521972656,other,frozen_matched_deposited_minstate_v1,39.34390640258789,37.67343521118164,40.76735305786133
8DJ2_A_VAL893__016__1,8DJ2_A_VAL893,16,1,52.543121337890625,54.11301803588867,58.37147521972656,A,frozen_matched_deposited_minstate_v1,39.34390640258789,37.67343521118164,40.76735305786133
8DJ2_A_VAL893__016__3,8DJ2_A_VAL893,16,3,50.62959289550781,54.11301803588867,58.37147521972656,B,frozen_matched_deposited_minstate_v1,39.34390640258789,37.67343521118164,40.76735305786133
8DJ2_A_VAL893__017__0,8DJ2_A_VAL893,17,0,52.53260040283203,54.11301803588867,58.37147521972656,A,frozen_matched_deposited_minstate_v1,39.34390640258789,37.67343521118164,40.76735305786133
8DJ2_A_VAL893__017__1,8DJ2_A_VAL893,17,1,37.67881774902344,54.11301803588867,58.37147521972656,other,frozen_matched_deposited_minstate_v1,39.34390640258789,37.67343521118164,40.76735305786133
8DJ2_A_VAL893__017__3,8DJ2_A_VAL893,17,3,50.61957550048828,54.11301803588867,58.37147521972656,B,frozen_matched_deposited_minstate_v1,39.34390640258789,37.67343521118164,40.76735305786133
8DJ2_A_VAL893__018__0,8DJ2_A_VAL893,18,0,40.1028938293457,54.11301803588867,58.37147521972656,other,frozen_matched_deposited_minstate_v1,39.34390640258789,37.67343521118164,40.76735305786133
8DJ2_A_VAL893__018__1,8DJ2_A_VAL893,18,1,37.68062210083008,54.11301803588867,58.37147521972656,other,frozen_matched_deposited_minstate_v1,39.34390640258789,37.67343521118164,40.76735305786133
8DJ2_A_VAL893__018__2,8DJ2_A_VAL893,18,2,50.603023529052734,54.11301803588867,58.37147521972656,B,frozen_matched_deposited_minstate_v1,39.34390640258789,37.67343521118164,40.76735305786133
8DJ2_A_VAL893__018__3,8DJ2_A_VAL893,18,3,52.530860900878906,54.11301803588867,58.37147521972656,A,frozen_matched_deposited_minstate_v1,39.34390640258789,37.67343521118164,40.76735305786133
8DJ2_A_VAL893__019__0,8DJ2_A_VAL893,19,0,50.61260986328125,54.11301803588867,58.37147521972656,B,frozen_matched_deposited_minstate_v1,39.34390640258789,37.67343521118164,40.76735305786133
8DJ2_A_VAL893__019__1,8DJ2_A_VAL893,19,1,52.54029846191406,54.11301803588867,58.37147521972656,A,frozen_matched_deposited_minstate_v1,39.34390640258789,37.67343521118164,40.76735305786133
8DJ2_A_VAL893__019__2,8DJ2_A_VAL893,19,2,37.68296432495117,54.11301803588867,58.37147521972656,other,frozen_matched_deposited_minstate_v1,39.34390640258789,37.67343521118164,40.76735305786133
8DJ2_A_VAL893__020__1,8DJ2_A_VAL893,20,1,50.634090423583984,54.11301803588867,58.37147521972656,B,frozen_matched_deposited_minstate_v1,39.34390640258789,37.67343521118164,40.76735305786133
8DJ2_A_VAL893__020__2,8DJ2_A_VAL893,20,2,52.547828674316406,54.11301803588867,58.37147521972656,A,frozen_matched_deposited_minstate_v1,39.34390640258789,37.67343521118164,40.76735305786133
8DJ2_A_VAL893__021__0,8DJ2_A_VAL893,21,0,50.6265869140625,54.11301803588867,58.37147521972656,B,frozen_matched_deposited_minstate_v1,39.34390640258789,37.67343521118164,40.76735305786133
8DJ2_A_VAL893__021__1,8DJ2_A_VAL893,21,1,38.42295837402344,54.11301803588867,58.37147521972656,other,frozen_matched_deposited_minstate_v1,39.34390640258789,37.67343521118164,40.76735305786133
8DJ2_A_VAL893__021__2,8DJ2_A_VAL893,21,2,52.54075241088867,54.11301803588867,58.37147521972656,A,frozen_matched_deposited_minstate_v1,39.34390640258789,37.67343521118164,40.76735305786133
8DJ2_A_VAL893__022__0,8DJ2_A_VAL893,22,0,52.53260040283203,54.11301803588867,58.37147521972656,A,frozen_matched_deposited_minstate_v1,39.34390640258789,37.67343521118164,40.76735305786133
8DJ2_A_VAL893__022__1,8DJ2_A_VAL893,22,1,50.622955322265625,54.11301803588867,58.37147521972656,B,frozen_matched_deposited_minstate_v1,39.34390640258789,37.67343521118164,40.76735305786133
8DJ2_A_VAL893__022__3,8DJ2_A_VAL893,22,3,37.65644836425781,54.11301803588867,58.37147521972656,other,frozen_matched_deposited_minstate_v1,39.34390640258789,37.67343521118164,40.76735305786133
8DJ2_A_VAL893__023__0,8DJ2_A_VAL893,23,0,40.63988494873047,54.11301803588867,58.37147521972656,other,frozen_matched_deposited_minstate_v1,39.34390640258789,37.67343521118164,40.76735305786133
8DJ2_A_VAL893__023__1,8DJ2_A_VAL893,23,1,52.54075241088867,54.11301803588867,58.37147521972656,A,frozen_matched_deposited_minstate_v1,39.34390640258789,37.67343521118164,40.76735305786133
8DJ2_A_VAL893__023__2,8DJ2_A_VAL893,23,2,39.75061798095703,54.11301803588867,58.37147521972656,other,frozen_matched_deposited_minstate_v1,39.34390640258789,37.67343521118164,40.76735305786133
8DJ2_A_VAL893__023__3,8DJ2_A_VAL893,23,3,50.61957550048828,54.11301803588867,58.37147521972656,B,frozen_matched_deposited_minstate_v1,39.34390640258789,37.67343521118164,40.76735305786133
8DJ2_A_VAL893__024__0,8DJ2_A_VAL893,24,0,50.603023529052734,54.11301803588867,58.37147521972656,B,frozen_matched_deposited_minstate_v1,39.34390640258789,37.67343521118164,40.76735305786133
8DJ2_A_VAL893__024__1,8DJ2_A_VAL893,24,1,52.55375671386719,54.11301803588867,58.37147521972656,A,frozen_matched_deposited_minstate_v1,39.34390640258789,37.67343521118164,40.76735305786133
8DJ2_A_VAL893__024__2,8DJ2_A_VAL893,24,2,37.687381744384766,54.11301803588867,58.37147521972656,other,frozen_matched_deposited_minstate_v1,39.34390640258789,37.67343521118164,40.76735305786133
8DJ2_A_VAL893__024__3,8DJ2_A_VAL893,24,3,39.538787841796875,54.11301803588867,58.37147521972656,other,frozen_matched_deposited_minstate_v1,39.34390640258789,37.67343521118164,40.76735305786133
8DJ2_A_VAL893__025__0,8DJ2_A_VAL893,25,0,52.53687286376953,54.11301803588867,58.37147521972656,A,frozen_matched_deposited_minstate_v1,39.34390640258789,37.67343521118164,40.76735305786133
8DJ2_A_VAL893__025__1,8DJ2_A_VAL893,25,1,50.634090423583984,54.11301803588867,58.37147521972656,B,frozen_matched_deposited_minstate_v1,39.34390640258789,37.67343521118164,40.76735305786133
8DJ2_A_VAL893__026__0,8DJ2_A_VAL893,26,0,50.606407165527344,54.11301803588867,58.37147521972656,B,frozen_matched_deposited_minstate_v1,39.34390640258789,37.67343521118164,40.76735305786133
8DJ2_A_VAL893__026__1,8DJ2_A_VAL893,26,1,52.54593276977539,54.11301803588867,58.37147521972656,A,frozen_matched_deposited_minstate_v1,39.34390640258789,37.67343521118164,40.76735305786133
8DJ2_A_VAL893__026__2,8DJ2_A_VAL893,26,2,37.74205017089844,54.11301803588867,58.37147521972656,other,frozen_matched_deposited_minstate_v1,39.34390640258789,37.67343521118164,40.76735305786133
8DJ2_A_VAL893__027__0,8DJ2_A_VAL893,27,0,52.53687286376953,54.11301803588867,58.37147521972656,A,frozen_matched_deposited_minstate_v1,39.34390640258789,37.67343521118164,40.76735305786133
8DJ2_A_VAL893__027__1,8DJ2_A_VAL893,27,1,37.689491271972656,54.11301803588867,58.37147521972656,other,frozen_matched_deposited_minstate_v1,39.34390640258789,37.67343521118164,40.76735305786133
8DJ2_A_VAL893__027__2,8DJ2_A_VAL893,27,2,50.60107421875,54.11301803588867,58.37147521972656,B,frozen_matched_deposited_minstate_v1,39.34390640258789,37.67343521118164,40.76735305786133
8DJ2_A_VAL893__027__3,8DJ2_A_VAL893,27,3,37.66470718383789,54.11301803588867,58.37147521972656,other,frozen_matched_deposited_minstate_v1,39.34390640258789,37.67343521118164,40.76735305786133
8DJ2_A_VAL893__028__0,8DJ2_A_VAL893,28,0,50.61260986328125,54.11301803588867,58.37147521972656,B,frozen_matched_deposited_minstate_v1,39.34390640258789,37.67343521118164,40.76735305786133
8DJ2_A_VAL893__028__2,8DJ2_A_VAL893,28,2,52.537662506103516,54.11301803588867,58.37147521972656,A,frozen_matched_deposited_minstate_v1,39.34390640258789,37.67343521118164,40.76735305786133
8DJ2_A_VAL893__029__1,8DJ2_A_VAL893,29,1,52.542015075683594,54.11301803588867,58.37147521972656,A,frozen_matched_deposited_minstate_v1,39.34390640258789,37.67343521118164,40.76735305786133
8DJ2_A_VAL893__029__2,8DJ2_A_VAL893,29,2,50.6265869140625,54.11301803588867,58.37147521972656,B,frozen_matched_deposited_minstate_v1,39.34390640258789,37.67343521118164,40.76735305786133
8DJ2_A_VAL893__030__0,8DJ2_A_VAL893,30,0,50.62008285522461,54.11301803588867,58.37147521972656,B,frozen_matched_deposited_minstate_v1,39.34390640258789,37.67343521118164,40.76735305786133
8DJ2_A_VAL893__030__2,8DJ2_A_VAL893,30,2,52.54075241088867,54.11301803588867,58.37147521972656,A,frozen_matched_deposited_minstate_v1,39.34390640258789,37.67343521118164,40.76735305786133
8DJ2_A_VAL893__031__0,8DJ2_A_VAL893,31,0,50.589561462402344,54.11301803588867,58.37147521972656,B,frozen_matched_deposited_minstate_v1,39.34390640258789,37.67343521118164,40.76735305786133
8DJ2_A_VAL893__031__1,8DJ2_A_VAL893,31,1,37.69117736816406,54.11301803588867,58.37147521972656,other,frozen_matched_deposited_minstate_v1,39.34390640258789,37.67343521118164,40.76735305786133
8DJ2_A_VAL893__031__2,8DJ2_A_VAL893,31,2,52.53687286376953,54.11301803588867,58.37147521972656,A,frozen_matched_deposited_minstate_v1,39.34390640258789,37.67343521118164,40.76735305786133
8DJ2_A_VAL893__032__1,8DJ2_A_VAL893,32,1,52.54593276977539,54.11301803588867,58.37147521972656,A,frozen_matched_deposited_minstate_v1,39.34390640258789,37.67343521118164,40.76735305786133
8DJ2_A_VAL893__032__2,8DJ2_A_VAL893,32,2,50.63093566894531,54.11301803588867,58.37147521972656,B,frozen_matched_deposited_minstate_v1,39.34390640258789,37.67343521118164,40.76735305786133
8DJ2_A_VAL893__033__0,8DJ2_A_VAL893,33,0,50.62959289550781,54.11301803588867,58.37147521972656,B,frozen_matched_deposited_minstate_v1,39.34390640258789,37.67343521118164,40.76735305786133
8DJ2_A_VAL893__033__3,8DJ2_A_VAL893,33,3,52.53900909423828,54.11301803588867,58.37147521972656,A,frozen_matched_deposited_minstate_v1,39.34390640258789,37.67343521118164,40.76735305786133
8DJ2_A_VAL893__034__0,8DJ2_A_VAL893,34,0,50.60961151123047,54.11301803588867,58.37147521972656,B,frozen_matched_deposited_minstate_v1,39.34390640258789,37.67343521118164,40.76735305786133
8DJ2_A_VAL893__034__1,8DJ2_A_VAL893,34,1,37.68702697753906,54.11301803588867,58.37147521972656,other,frozen_matched_deposited_minstate_v1,39.34390640258789,37.67343521118164,40.76735305786133
8DJ2_A_VAL893__034__2,8DJ2_A_VAL893,34,2,39.836151123046875,54.11301803588867,58.37147521972656,other,frozen_matched_deposited_minstate_v1,39.34390640258789,37.67343521118164,40.76735305786133
8DJ2_A_VAL893__034__3,8DJ2_A_VAL893,34,3,52.54597473144531,54.11301803588867,58.37147521972656,A,frozen_matched_deposited_minstate_v1,39.34390640258789,37.67343521118164,40.76735305786133
8DJ2_A_VAL893__035__1,8DJ2_A_VAL893,35,1,50.634090423583984,54.11301803588867,58.37147521972656,B,frozen_matched_deposited_minstate_v1,39.34390640258789,37.67343521118164,40.76735305786133
8DJ2_A_VAL893__035__3,8DJ2_A_VAL893,35,3,52.54075241088867,54.11301803588867,58.37147521972656,A,frozen_matched_deposited_minstate_v1,39.34390640258789,37.67343521118164,40.76735305786133
8DJ2_A_VAL893__036__1,8DJ2_A_VAL893,36,1,52.5425910949707,54.11301803588867,58.37147521972656,A,frozen_matched_deposited_minstate_v1,39.34390640258789,37.67343521118164,40.76735305786133
8DJ2_A_VAL893__036__3,8DJ2_A_VAL893,36,3,50.634090423583984,54.11301803588867,58.37147521972656,B,frozen_matched_deposited_minstate_v1,39.34390640258789,37.67343521118164,40.76735305786133
8DJ2_A_VAL893__037__1,8DJ2_A_VAL893,37,1,50.616722106933594,54.11301803588867,58.37147521972656,B,frozen_matched_deposited_minstate_v1,39.34390640258789,37.67343521118164,40.76735305786133
8DJ2_A_VAL893__037__2,8DJ2_A_VAL893,37,2,37.679954528808594,54.11301803588867,58.37147521972656,other,frozen_matched_deposited_minstate_v1,39.34390640258789,37.67343521118164,40.76735305786133
8DJ2_A_VAL893__037__3,8DJ2_A_VAL893,37,3,52.547828674316406,54.11301803588867,58.37147521972656,A,frozen_matched_deposited_minstate_v1,39.34390640258789,37.67343521118164,40.76735305786133
8DJ2_A_VAL893__038__0,8DJ2_A_VAL893,38,0,52.53838348388672,54.11301803588867,58.37147521972656,A,frozen_matched_deposited_minstate_v1,39.34390640258789,37.67343521118164,40.76735305786133
8DJ2_A_VAL893__038__1,8DJ2_A_VAL893,38,1,50.59246826171875,54.11301803588867,58.37147521972656,B,frozen_matched_deposited_minstate_v1,39.34390640258789,37.67343521118164,40.76735305786133
8DJ2_A_VAL893__038__2,8DJ2_A_VAL893,38,2,37.699649810791016,54.11301803588867,58.37147521972656,other,frozen_matched_deposited_minstate_v1,39.34390640258789,37.67343521118164,40.76735305786133
8DJ2_A_VAL893__039__0,8DJ2_A_VAL893,39,0,52.5490608215332,54.11301803588867,58.37147521972656,A,frozen_matched_deposited_minstate_v1,39.34390640258789,37.67343521118164,40.76735305786133
8DJ2_A_VAL893__039__1,8DJ2_A_VAL893,39,1,50.616722106933594,54.11301803588867,58.37147521972656,B,frozen_matched_deposited_minstate_v1,39.34390640258789,37.67343521118164,40.76735305786133
8DJ2_A_VAL893__039__2,8DJ2_A_VAL893,39,2,40.638221740722656,54.11301803588867,58.37147521972656,other,frozen_matched_deposited_minstate_v1,39.34390640258789,37.67343521118164,40.76735305786133
8DJ2_A_VAL893__039__3,8DJ2_A_VAL893,39,3,37.675010681152344,54.11301803588867,58.37147521972656,other,frozen_matched_deposited_minstate_v1,39.34390640258789,37.67343521118164,40.76735305786133
8DJ2_A_VAL893__040__0,8DJ2_A_VAL893,40,0,37.69676208496094,54.11301803588867,58.37147521972656,other,frozen_matched_deposited_minstate_v1,39.34390640258789,37.67343521118164,40.76735305786133
8DJ2_A_VAL893__040__1,8DJ2_A_VAL893,40,1,52.54212188720703,54.11301803588867,58.37147521972656,A,frozen_matched_deposited_minstate_v1,39.34390640258789,37.67343521118164,40.76735305786133
8DJ2_A_VAL893__040__2,8DJ2_A_VAL893,40,2,40.62893295288086,54.11301803588867,58.37147521972656,other,frozen_matched_deposited_minstate_v1,39.34390640258789,37.67343521118164,40.76735305786133
8DJ2_A_VAL893__040__3,8DJ2_A_VAL893,40,3,50.58943176269531,54.11301803588867,58.37147521972656,B,frozen_matched_deposited_minstate_v1,39.34390640258789,37.67343521118164,40.76735305786133
8DJ2_A_VAL893__041__0,8DJ2_A_VAL893,41,0,52.54593276977539,54.11301803588867,58.37147521972656,A,frozen_matched_deposited_minstate_v1,39.34390640258789,37.67343521118164,40.76735305786133
8DJ2_A_VAL893__041__1,8DJ2_A_VAL893,41,1,50.622955322265625,54.11301803588867,58.37147521972656,B,frozen_matched_deposited_minstate_v1,39.34390640258789,37.67343521118164,40.76735305786133
8DJ2_A_VAL893__041__2,8DJ2_A_VAL893,41,2,37.67095947265625,54.11301803588867,58.37147521972656,other,frozen_matched_deposited_minstate_v1,39.34390640258789,37.67343521118164,40.76735305786133
8DJ2_A_VAL893__041__3,8DJ2_A_VAL893,41,3,39.5540885925293,54.11301803588867,58.37147521972656,other,frozen_matched_deposited_minstate_v1,39.34390640258789,37.67343521118164,40.76735305786133
8DJ2_A_VAL893__042__1,8DJ2_A_VAL893,42,1,52.53260040283203,54.11301803588867,58.37147521972656,A,frozen_matched_deposited_minstate_v1,39.34390640258789,37.67343521118164,40.76735305786133
8DJ2_A_VAL893__042__3,8DJ2_A_VAL893,42,3,50.61890411376953,54.11301803588867,58.37147521972656,B,frozen_matched_deposited_minstate_v1,39.34390640258789,37.67343521118164,40.76735305786133
8DJ2_A_VAL893__043__0,8DJ2_A_VAL893,43,0,50.61957550048828,54.11301803588867,58.37147521972656,B,frozen_matched_deposited_minstate_v1,39.34390640258789,37.67343521118164,40.76735305786133
8DJ2_A_VAL893__043__1,8DJ2_A_VAL893,43,1,37.95724868774414,54.11301803588867,58.37147521972656,other,frozen_matched_deposited_minstate_v1,39.34390640258789,37.67343521118164,40.76735305786133
8DJ2_A_VAL893__043__3,8DJ2_A_VAL893,43,3,52.53838348388672,54.11301803588867,58.37147521972656,A,frozen_matched_deposited_minstate_v1,39.34390640258789,37.67343521118164,40.76735305786133
8DJ2_A_VAL893__044__0,8DJ2_A_VAL893,44,0,50.60985565185547,54.11301803588867,58.37147521972656,B,frozen_matched_deposited_minstate_v1,39.34390640258789,37.67343521118164,40.76735305786133
8DJ2_A_VAL893__044__3,8DJ2_A_VAL893,44,3,52.53260040283203,54.11301803588867,58.37147521972656,A,frozen_matched_deposited_minstate_v1,39.34390640258789,37.67343521118164,40.76735305786133
8DJ2_A_VAL893__045__0,8DJ2_A_VAL893,45,0,52.54597473144531,54.11301803588867,58.37147521972656,A,frozen_matched_deposited_minstate_v1,39.34390640258789,37.67343521118164,40.76735305786133
8DJ2_A_VAL893__045__1,8DJ2_A_VAL893,45,1,39.864044189453125,54.11301803588867,58.37147521972656,other,frozen_matched_deposited_minstate_v1,39.34390640258789,37.67343521118164,40.76735305786133
8DJ2_A_VAL893__045__2,8DJ2_A_VAL893,45,2,37.689491271972656,54.11301803588867,58.37147521972656,other,frozen_matched_deposited_minstate_v1,39.34390640258789,37.67343521118164,40.76735305786133
8DJ2_A_VAL893__045__3,8DJ2_A_VAL893,45,3,50.60038375854492,54.11301803588867,58.37147521972656,B,frozen_matched_deposited_minstate_v1,39.34390640258789,37.67343521118164,40.76735305786133
8DJ2_A_VAL893__046__0,8DJ2_A_VAL893,46,0,52.53260040283203,54.11301803588867,58.37147521972656,A,frozen_matched_deposited_minstate_v1,39.34390640258789,37.67343521118164,40.76735305786133
8DJ2_A_VAL893__046__1,8DJ2_A_VAL893,46,1,37.81543731689453,54.11301803588867,58.37147521972656,other,frozen_matched_deposited_minstate_v1,39.34390640258789,37.67343521118164,40.76735305786133
8DJ2_A_VAL893__046__2,8DJ2_A_VAL893,46,2,50.59718322753906,54.11301803588867,58.37147521972656,B,frozen_matched_deposited_minstate_v1,39.34390640258789,37.67343521118164,40.76735305786133
8DJ2_A_VAL893__046__3,8DJ2_A_VAL893,46,3,37.67628479003906,54.11301803588867,58.37147521972656,other,frozen_matched_deposited_minstate_v1,39.34390640258789,37.67343521118164,40.76735305786133
8DJ2_A_VAL893__047__0,8DJ2_A_VAL893,47,0,52.53687286376953,54.11301803588867,58.37147521972656,A,frozen_matched_deposited_minstate_v1,39.34390640258789,37.67343521118164,40.76735305786133
8DJ2_A_VAL893__047__2,8DJ2_A_VAL893,47,2,37.69676208496094,54.11301803588867,58.37147521972656,other,frozen_matched_deposited_minstate_v1,39.34390640258789,37.67343521118164,40.76735305786133
8DJ2_A_VAL893__047__3,8DJ2_A_VAL893,47,3,50.60636901855469,54.11301803588867,58.37147521972656,B,frozen_matched_deposited_minstate_v1,39.34390640258789,37.67343521118164,40.76735305786133
8DJ2_A_VAL893__048__1,8DJ2_A_VAL893,48,1,52.55556869506836,54.11301803588867,58.37147521972656,A,frozen_matched_deposited_minstate_v1,39.34390640258789,37.67343521118164,40.76735305786133
8DJ2_A_VAL893__048__2,8DJ2_A_VAL893,48,2,50.63766098022461,54.11301803588867,58.37147521972656,B,frozen_matched_deposited_minstate_v1,39.34390640258789,37.67343521118164,40.76735305786133
8DJ2_A_VAL893__049__1,8DJ2_A_VAL893,49,1,50.638545989990234,54.11301803588867,58.37147521972656,B,frozen_matched_deposited_minstate_v1,39.34390640258789,37.67343521118164,40.76735305786133
8DJ2_A_VAL893__049__2,8DJ2_A_VAL893,49,2,52.559471130371094,54.11301803588867,58.37147521972656,A,frozen_matched_deposited_minstate_v1,39.34390640258789,37.67343521118164,40.76735305786133
8DJ2_A_VAL893__049__3,8DJ2_A_VAL893,49,3,39.53397750854492,54.11301803588867,58.37147521972656,other,frozen_matched_deposited_minstate_v1,39.34390640258789,37.67343521118164,40.76735305786133
5Z8H_A_MET730__000__0,5Z8H_A_MET730,0,0,61.1314582824707,107.81575775146484,104.77444458007812,other,frozen_matched_deposited_minstate_v1,162.52666854858398,58.19993591308594,833.1893310546875
5Z8H_A_MET730__000__1,5Z8H_A_MET730,0,1,105.0009765625,107.81575775146484,104.77444458007812,B,frozen_matched_deposited_minstate_v1,162.52666854858398,58.19993591308594,833.1893310546875
5Z8H_A_MET730__001__0,5Z8H_A_MET730,1,0,60.5004997253418,107.81575775146484,104.77444458007812,other,frozen_matched_deposited_minstate_v1,162.52666854858398,58.19993591308594,833.1893310546875
5Z8H_A_MET730__001__2,5Z8H_A_MET730,1,2,59.5571174621582,107.81575775146484,104.77444458007812,other,frozen_matched_deposited_minstate_v1,162.52666854858398,58.19993591308594,833.1893310546875
5Z8H_A_MET730__001__3,5Z8H_A_MET730,1,3,61.145423889160156,107.81575775146484,104.77444458007812,other,frozen_matched_deposited_minstate_v1,162.52666854858398,58.19993591308594,833.1893310546875
5Z8H_A_MET730__002__1,5Z8H_A_MET730,2,1,74.5051498413086,107.81575775146484,104.77444458007812,other,frozen_matched_deposited_minstate_v1,162.52666854858398,58.19993591308594,833.1893310546875
5Z8H_A_MET730__002__2,5Z8H_A_MET730,2,2,60.06825256347656,107.81575775146484,104.77444458007812,other,frozen_matched_deposited_minstate_v1,162.52666854858398,58.19993591308594,833.1893310546875
5Z8H_A_MET730__002__3,5Z8H_A_MET730,2,3,58.73780059814453,107.81575775146484,104.77444458007812,other,frozen_matched_deposited_minstate_v1,162.52666854858398,58.19993591308594,833.1893310546875
5Z8H_A_MET730__003__2,5Z8H_A_MET730,3,2,105.0906753540039,107.81575775146484,104.77444458007812,B,frozen_matched_deposited_minstate_v1,162.52666854858398,58.19993591308594,833.1893310546875
5Z8H_A_MET730__004__0,5Z8H_A_MET730,4,0,58.21150588989258,107.81575775146484,104.77444458007812,other,frozen_matched_deposited_minstate_v1,162.52666854858398,58.19993591308594,833.1893310546875
5Z8H_A_MET730__004__1,5Z8H_A_MET730,4,1,105.11186218261719,107.81575775146484,104.77444458007812,B,frozen_matched_deposited_minstate_v1,162.52666854858398,58.19993591308594,833.1893310546875
5Z8H_A_MET730__005__1,5Z8H_A_MET730,5,1,111.62339782714844,107.81575775146484,104.77444458007812,A,frozen_matched_deposited_minstate_v1,162.52666854858398,58.19993591308594,833.1893310546875
5Z8H_A_MET730__005__3,5Z8H_A_MET730,5,3,105.04566955566406,107.81575775146484,104.77444458007812,B,frozen_matched_deposited_minstate_v1,162.52666854858398,58.19993591308594,833.1893310546875
5Z8H_A_MET730__006__0,5Z8H_A_MET730,6,0,73.48455047607422,107.81575775146484,104.77444458007812,other,frozen_matched_deposited_minstate_v1,162.52666854858398,58.19993591308594,833.1893310546875
5Z8H_A_MET730__006__2,5Z8H_A_MET730,6,2,111.64192199707031,107.81575775146484,104.77444458007812,B,frozen_matched_deposited_minstate_v1,162.52666854858398,58.19993591308594,833.1893310546875
5Z8H_A_MET730__007__1,5Z8H_A_MET730,7,1,107.76669311523438,107.81575775146484,104.77444458007812,A,frozen_matched_deposited_minstate_v1,162.52666854858398,58.19993591308594,833.1893310546875
5Z8H_A_MET730__007__2,5Z8H_A_MET730,7,2,104.89874267578125,107.81575775146484,104.77444458007812,B,frozen_matched_deposited_minstate_v1,162.52666854858398,58.19993591308594,833.1893310546875
5Z8H_A_MET730__008__0,5Z8H_A_MET730,8,0,61.964515686035156,107.81575775146484,104.77444458007812,other,frozen_matched_deposited_minstate_v1,162.52666854858398,58.19993591308594,833.1893310546875
5Z8H_A_MET730__008__2,5Z8H_A_MET730,8,2,58.71565246582031,107.81575775146484,104.77444458007812,other,frozen_matched_deposited_minstate_v1,162.52666854858398,58.19993591308594,833.1893310546875
5Z8H_A_MET730__008__3,5Z8H_A_MET730,8,3,58.723289489746094,107.81575775146484,104.77444458007812,other,frozen_matched_deposited_minstate_v1,162.52666854858398,58.19993591308594,833.1893310546875
5Z8H_A_MET730__009__2,5Z8H_A_MET730,9,2,62.14534378051758,107.81575775146484,104.77444458007812,other,frozen_matched_deposited_minstate_v1,162.52666854858398,58.19993591308594,833.1893310546875
5Z8H_A_MET730__009__3,5Z8H_A_MET730,9,3,58.70935821533203,107.81575775146484,104.77444458007812,other,frozen_matched_deposited_minstate_v1,162.52666854858398,58.19993591308594,833.1893310546875
5Z8H_A_MET730__010__1,5Z8H_A_MET730,10,1,105.07528686523438,107.81575775146484,104.77444458007812,B,frozen_matched_deposited_minstate_v1,162.52666854858398,58.19993591308594,833.1893310546875
5Z8H_A_MET730__011__0,5Z8H_A_MET730,11,0,105.0089111328125,107.81575775146484,104.77444458007812,B,frozen_matched_deposited_minstate_v1,162.52666854858398,58.19993591308594,833.1893310546875
5Z8H_A_MET730__011__3,5Z8H_A_MET730,11,3,112.91053009033203,107.81575775146484,104.77444458007812,A,frozen_matched_deposited_minstate_v1,162.52666854858398,58.19993591308594,833.1893310546875
5Z8H_A_MET730__012__1,5Z8H_A_MET730,12,1,105.04484558105469,107.81575775146484,104.77444458007812,B,frozen_matched_deposited_minstate_v1,162.52666854858398,58.19993591308594,833.1893310546875
5Z8H_A_MET730__012__2,5Z8H_A_MET730,12,2,60.8830680847168,107.81575775146484,104.77444458007812,other,frozen_matched_deposited_minstate_v1,162.52666854858398,58.19993591308594,833.1893310546875
5Z8H_A_MET730__012__3,5Z8H_A_MET730,12,3,114.06645202636719,107.81575775146484,104.77444458007812,A,frozen_matched_deposited_minstate_v1,162.52666854858398,58.19993591308594,833.1893310546875
5Z8H_A_MET730__013__1,5Z8H_A_MET730,13,1,105.076904296875,107.81575775146484,104.77444458007812,B,frozen_matched_deposited_minstate_v1,162.52666854858398,58.19993591308594,833.1893310546875
5Z8H_A_MET730__014__0,5Z8H_A_MET730,14,0,111.48634338378906,107.81575775146484,104.77444458007812,A,frozen_matched_deposited_minstate_v1,162.52666854858398,58.19993591308594,833.1893310546875
5Z8H_A_MET730__014__1,5Z8H_A_MET730,14,1,105.02693176269531,107.81575775146484,104.77444458007812,B,frozen_matched_deposited_minstate_v1,162.52666854858398,58.19993591308594,833.1893310546875
5Z8H_A_MET730__015__2,5Z8H_A_MET730,15,2,105.08447265625,107.81575775146484,104.77444458007812,B,frozen_matched_deposited_minstate_v1,162.52666854858398,58.19993591308594,833.1893310546875
5Z8H_A_MET730__016__2,5Z8H_A_MET730,16,2,105.06509399414062,107.81575775146484,104.77444458007812,B,frozen_matched_deposited_minstate_v1,162.52666854858398,58.19993591308594,833.1893310546875
5Z8H_A_MET730__017__0,5Z8H_A_MET730,17,0,110.89057922363281,107.81575775146484,104.77444458007812,A,frozen_matched_deposited_minstate_v1,162.52666854858398,58.19993591308594,833.1893310546875
5Z8H_A_MET730__017__1,5Z8H_A_MET730,17,1,105.03678894042969,107.81575775146484,104.77444458007812,B,frozen_matched_deposited_minstate_v1,162.52666854858398,58.19993591308594,833.1893310546875
5Z8H_A_MET730__018__1,5Z8H_A_MET730,18,1,105.06549072265625,107.81575775146484,104.77444458007812,B,frozen_matched_deposited_minstate_v1,162.52666854858398,58.19993591308594,833.1893310546875
5Z8H_A_MET730__019__0,5Z8H_A_MET730,19,0,105.06126403808594,107.81575775146484,104.77444458007812,B,frozen_matched_deposited_minstate_v1,162.52666854858398,58.19993591308594,833.1893310546875
5Z8H_A_MET730__019__1,5Z8H_A_MET730,19,1,111.36418151855469,107.81575775146484,104.77444458007812,A,frozen_matched_deposited_minstate_v1,162.52666854858398,58.19993591308594,833.1893310546875
5Z8H_A_MET730__020__1,5Z8H_A_MET730,20,1,105.03688049316406,107.81575775146484,104.77444458007812,B,frozen_matched_deposited_minstate_v1,162.52666854858398,58.19993591308594,833.1893310546875
5Z8H_A_MET730__020__3,5Z8H_A_MET730,20,3,111.10606384277344,107.81575775146484,104.77444458007812,A,frozen_matched_deposited_minstate_v1,162.52666854858398,58.19993591308594,833.1893310546875
5Z8H_A_MET730__021__1,5Z8H_A_MET730,21,1,105.12043762207031,107.81575775146484,104.77444458007812,B,frozen_matched_deposited_minstate_v1,162.52666854858398,58.19993591308594,833.1893310546875
5Z8H_A_MET730__021__2,5Z8H_A_MET730,21,2,112.93235778808594,107.81575775146484,104.77444458007812,A,frozen_matched_deposited_minstate_v1,162.52666854858398,58.19993591308594,833.1893310546875
5Z8H_A_MET730__022__0,5Z8H_A_MET730,22,0,105.2177734375,107.81575775146484,104.77444458007812,B,frozen_matched_deposited_minstate_v1,162.52666854858398,58.19993591308594,833.1893310546875
5Z8H_A_MET730__023__0,5Z8H_A_MET730,23,0,105.1006851196289,107.81575775146484,104.77444458007812,B,frozen_matched_deposited_minstate_v1,162.52666854858398,58.19993591308594,833.1893310546875
5Z8H_A_MET730__023__2,5Z8H_A_MET730,23,2,58.17439270019531,107.81575775146484,104.77444458007812,other,frozen_matched_deposited_minstate_v1,162.52666854858398,58.19993591308594,833.1893310546875
5Z8H_A_MET730__024__0,5Z8H_A_MET730,24,0,110.06185913085938,107.81575775146484,104.77444458007812,A,frozen_matched_deposited_minstate_v1,162.52666854858398,58.19993591308594,833.1893310546875
5Z8H_A_MET730__024__2,5Z8H_A_MET730,24,2,105.03507995605469,107.81575775146484,104.77444458007812,B,frozen_matched_deposited_minstate_v1,162.52666854858398,58.19993591308594,833.1893310546875
5Z8H_A_MET730__025__2,5Z8H_A_MET730,25,2,105.06224060058594,107.81575775146484,104.77444458007812,B,frozen_matched_deposited_minstate_v1,162.52666854858398,58.19993591308594,833.1893310546875
5Z8H_A_MET730__026__3,5Z8H_A_MET730,26,3,111.86282348632812,107.81575775146484,104.77444458007812,B,frozen_matched_deposited_minstate_v1,162.52666854858398,58.19993591308594,833.1893310546875
5Z8H_A_MET730__027__1,5Z8H_A_MET730,27,1,111.65593719482422,107.81575775146484,104.77444458007812,B,frozen_matched_deposited_minstate_v1,162.52666854858398,58.19993591308594,833.1893310546875
5Z8H_A_MET730__027__2,5Z8H_A_MET730,27,2,74.04720306396484,107.81575775146484,104.77444458007812,other,frozen_matched_deposited_minstate_v1,162.52666854858398,58.19993591308594,833.1893310546875
5Z8H_A_MET730__028__1,5Z8H_A_MET730,28,1,105.03923797607422,107.81575775146484,104.77444458007812,B,frozen_matched_deposited_minstate_v1,162.52666854858398,58.19993591308594,833.1893310546875
5Z8H_A_MET730__029__0,5Z8H_A_MET730,29,0,108.10520935058594,107.81575775146484,104.77444458007812,A,frozen_matched_deposited_minstate_v1,162.52666854858398,58.19993591308594,833.1893310546875
5Z8H_A_MET730__029__1,5Z8H_A_MET730,29,1,72.77037811279297,107.81575775146484,104.77444458007812,other,frozen_matched_deposited_minstate_v1,162.52666854858398,58.19993591308594,833.1893310546875
5Z8H_A_MET730__029__3,5Z8H_A_MET730,29,3,58.70570755004883,107.81575775146484,104.77444458007812,other,frozen_matched_deposited_minstate_v1,162.52666854858398,58.19993591308594,833.1893310546875
5Z8H_A_MET730__030__1,5Z8H_A_MET730,30,1,58.83671188354492,107.81575775146484,104.77444458007812,other,frozen_matched_deposited_minstate_v1,162.52666854858398,58.19993591308594,833.1893310546875
5Z8H_A_MET730__030__2,5Z8H_A_MET730,30,2,61.822967529296875,107.81575775146484,104.77444458007812,other,frozen_matched_deposited_minstate_v1,162.52666854858398,58.19993591308594,833.1893310546875
5Z8H_A_MET730__031__0,5Z8H_A_MET730,31,0,58.717315673828125,107.81575775146484,104.77444458007812,other,frozen_matched_deposited_minstate_v1,162.52666854858398,58.19993591308594,833.1893310546875
5Z8H_A_MET730__031__2,5Z8H_A_MET730,31,2,58.7906494140625,107.81575775146484,104.77444458007812,other,frozen_matched_deposited_minstate_v1,162.52666854858398,58.19993591308594,833.1893310546875
5Z8H_A_MET730__031__3,5Z8H_A_MET730,31,3,62.422332763671875,107.81575775146484,104.77444458007812,other,frozen_matched_deposited_minstate_v1,162.52666854858398,58.19993591308594,833.1893310546875
5Z8H_A_MET730__032__2,5Z8H_A_MET730,32,2,105.05686950683594,107.81575775146484,104.77444458007812,B,frozen_matched_deposited_minstate_v1,162.52666854858398,58.19993591308594,833.1893310546875
5Z8H_A_MET730__033__0,5Z8H_A_MET730,33,0,74.6069564819336,107.81575775146484,104.77444458007812,other,frozen_matched_deposited_minstate_v1,162.52666854858398,58.19993591308594,833.1893310546875
5Z8H_A_MET730__033__1,5Z8H_A_MET730,33,1,111.64321899414062,107.81575775146484,104.77444458007812,B,frozen_matched_deposited_minstate_v1,162.52666854858398,58.19993591308594,833.1893310546875
5Z8H_A_MET730__033__2,5Z8H_A_MET730,33,2,73.71752166748047,107.81575775146484,104.77444458007812,other,frozen_matched_deposited_minstate_v1,162.52666854858398,58.19993591308594,833.1893310546875
5Z8H_A_MET730__034__0,5Z8H_A_MET730,34,0,105.03616333007812,107.81575775146484,104.77444458007812,B,frozen_matched_deposited_minstate_v1,162.52666854858398,58.19993591308594,833.1893310546875
5Z8H_A_MET730__034__3,5Z8H_A_MET730,34,3,63.12671661376953,107.81575775146484,104.77444458007812,other,frozen_matched_deposited_minstate_v1,162.52666854858398,58.19993591308594,833.1893310546875
5Z8H_A_MET730__035__3,5Z8H_A_MET730,35,3,105.08041381835938,107.81575775146484,104.77444458007812,B,frozen_matched_deposited_minstate_v1,162.52666854858398,58.19993591308594,833.1893310546875
5Z8H_A_MET730__036__0,5Z8H_A_MET730,36,0,105.03507995605469,107.81575775146484,104.77444458007812,B,frozen_matched_deposited_minstate_v1,162.52666854858398,58.19993591308594,833.1893310546875
5Z8H_A_MET730__036__1,5Z8H_A_MET730,36,1,61.79788589477539,107.81575775146484,104.77444458007812,other,frozen_matched_deposited_minstate_v1,162.52666854858398,58.19993591308594,833.1893310546875
5Z8H_A_MET730__036__2,5Z8H_A_MET730,36,2,111.05724334716797,107.81575775146484,104.77444458007812,A,frozen_matched_deposited_minstate_v1,162.52666854858398,58.19993591308594,833.1893310546875
5Z8H_A_MET730__037__0,5Z8H_A_MET730,37,0,111.86282348632812,107.81575775146484,104.77444458007812,B,frozen_matched_deposited_minstate_v1,162.52666854858398,58.19993591308594,833.1893310546875
5Z8H_A_MET730__038__0,5Z8H_A_MET730,38,0,105.05123901367188,107.81575775146484,104.77444458007812,B,frozen_matched_deposited_minstate_v1,162.52666854858398,58.19993591308594,833.1893310546875
5Z8H_A_MET730__038__2,5Z8H_A_MET730,38,2,111.57133483886719,107.81575775146484,104.77444458007812,A,frozen_matched_deposited_minstate_v1,162.52666854858398,58.19993591308594,833.1893310546875
5Z8H_A_MET730__039__0,5Z8H_A_MET730,39,0,105.07281494140625,107.81575775146484,104.77444458007812,B,frozen_matched_deposited_minstate_v1,162.52666854858398,58.19993591308594,833.1893310546875
5Z8H_A_MET730__039__3,5Z8H_A_MET730,39,3,58.134674072265625,107.81575775146484,104.77444458007812,other,frozen_matched_deposited_minstate_v1,162.52666854858398,58.19993591308594,833.1893310546875
5Z8H_A_MET730__040__1,5Z8H_A_MET730,40,1,105.03517150878906,107.81575775146484,104.77444458007812,B,frozen_matched_deposited_minstate_v1,162.52666854858398,58.19993591308594,833.1893310546875
5Z8H_A_MET730__040__2,5Z8H_A_MET730,40,2,111.10604858398438,107.81575775146484,104.77444458007812,A,frozen_matched_deposited_minstate_v1,162.52666854858398,58.19993591308594,833.1893310546875
5Z8H_A_MET730__041__2,5Z8H_A_MET730,41,2,105.07273864746094,107.81575775146484,104.77444458007812,B,frozen_matched_deposited_minstate_v1,162.52666854858398,58.19993591308594,833.1893310546875
5Z8H_A_MET730__042__0,5Z8H_A_MET730,42,0,105.02163696289062,107.81575775146484,104.77444458007812,B,frozen_matched_deposited_minstate_v1,162.52666854858398,58.19993591308594,833.1893310546875
5Z8H_A_MET730__042__2,5Z8H_A_MET730,42,2,113.11965942382812,107.81575775146484,104.77444458007812,A,frozen_matched_deposited_minstate_v1,162.52666854858398,58.19993591308594,833.1893310546875
5Z8H_A_MET730__043__0,5Z8H_A_MET730,43,0,105.06278991699219,107.81575775146484,104.77444458007812,B,frozen_matched_deposited_minstate_v1,162.52666854858398,58.19993591308594,833.1893310546875
5Z8H_A_MET730__044__1,5Z8H_A_MET730,44,1,111.14216613769531,107.81575775146484,104.77444458007812,A,frozen_matched_deposited_minstate_v1,162.52666854858398,58.19993591308594,833.1893310546875
5Z8H_A_MET730__044__3,5Z8H_A_MET730,44,3,105.03517150878906,107.81575775146484,104.77444458007812,B,frozen_matched_deposited_minstate_v1,162.52666854858398,58.19993591308594,833.1893310546875
5Z8H_A_MET730__045__1,5Z8H_A_MET730,45,1,58.88478088378906,107.81575775146484,104.77444458007812,other,frozen_matched_deposited_minstate_v1,162.52666854858398,58.19993591308594,833.1893310546875
5Z8H_A_MET730__045__2,5Z8H_A_MET730,45,2,58.93266296386719,107.81575775146484,104.77444458007812,other,frozen_matched_deposited_minstate_v1,162.52666854858398,58.19993591308594,833.1893310546875
5Z8H_A_MET730__045__3,5Z8H_A_MET730,45,3,107.67727661132812,107.81575775146484,104.77444458007812,A,frozen_matched_deposited_minstate_v1,162.52666854858398,58.19993591308594,833.1893310546875
5Z8H_A_MET730__046__0,5Z8H_A_MET730,46,0,111.55755615234375,107.81575775146484,104.77444458007812,A,frozen_matched_deposited_minstate_v1,162.52666854858398,58.19993591308594,833.1893310546875
5Z8H_A_MET730__046__3,5Z8H_A_MET730,46,3,105.04461669921875,107.81575775146484,104.77444458007812,B,frozen_matched_deposited_minstate_v1,162.52666854858398,58.19993591308594,833.1893310546875
5Z8H_A_MET730__047__2,5Z8H_A_MET730,47,2,105.04071807861328,107.81575775146484,104.77444458007812,B,frozen_matched_deposited_minstate_v1,162.52666854858398,58.19993591308594,833.1893310546875
5Z8H_A_MET730__048__0,5Z8H_A_MET730,48,0,58.62193298339844,107.81575775146484,104.77444458007812,other,frozen_matched_deposited_minstate_v1,162.52666854858398,58.19993591308594,833.1893310546875
5Z8H_A_MET730__048__1,5Z8H_A_MET730,48,1,105.0482177734375,107.81575775146484,104.77444458007812,B,frozen_matched_deposited_minstate_v1,162.52666854858398,58.19993591308594,833.1893310546875
5Z8H_A_MET730__048__3,5Z8H_A_MET730,48,3,58.1803092956543,107.81575775146484,104.77444458007812,other,frozen_matched_deposited_minstate_v1,162.52666854858398,58.19993591308594,833.1893310546875
5Z8H_A_MET730__049__0,5Z8H_A_MET730,49,0,59.231163024902344,107.81575775146484,104.77444458007812,other,frozen_matched_deposited_minstate_v1,162.52666854858398,58.19993591308594,833.1893310546875
5Z8H_A_MET730__049__1,5Z8H_A_MET730,49,1,105.05075073242188,107.81575775146484,104.77444458007812,B,frozen_matched_deposited_minstate_v1,162.52666854858398,58.19993591308594,833.1893310546875
