experiment,site,start,rmsd_to_A,rmsd_to_B,chi_degrees,nearest_state,canonical_deviation_degrees,canonical_like_30deg,min_direct_distance,closest_direct_atom,min_symmetry_distance,closest_symmetry_atom,density_z_mean,polar_contacts,tmol_energy,tmol_A,tmol_B,tmol_dE_vs_best_deposited,no_sub2A_clash,physical_valid,recovered_B_lt_0.50A,joint_success
experiment_1_complex_target,A_MET112,0,1.3185217380523682,0.8564536571502686,-60.83;-90.19;89.51,g-/g-/m+,0.83;30.19;0.49,False,3.232627598891539,CB--A:ILE113:N,3.8894245983225906,"CE--sym6[0,0,1]/A:VAL136:CG2",0.7026493549346924,,60.162864685058594,48.87937927246094,48.688663482666016,11.474201202392578,True,False,False,False
experiment_1_complex_target,A_MET112,1,1.3185217380523682,0.8564536571502686,-60.83;-90.19;89.51,g-/g-/m+,0.83;30.19;0.49,False,3.232627598891539,CB--A:ILE113:N,3.8894245983225906,"CE--sym6[0,0,1]/A:VAL136:CG2",0.7026493549346924,,60.162864685058594,48.87937927246094,48.688663482666016,11.474201202392578,True,False,False,False
experiment_1_complex_target,A_MET112,2,1.3185217380523682,0.8564536571502686,-60.83;-90.19;89.51,g-/g-/m+,0.83;30.19;0.49,False,3.232627598891539,CB--A:ILE113:N,3.8894245983225906,"CE--sym6[0,0,1]/A:VAL136:CG2",0.7026493549346924,,60.162864685058594,48.87937927246094,48.688663482666016,11.474201202392578,True,False,False,False
experiment_1_complex_target,A_MET112,3,1.3185217380523682,0.8564536571502686,-60.83;-90.19;89.51,g-/g-/m+,0.83;30.19;0.49,False,3.232627598891539,CB--A:ILE113:N,3.8894245983225906,"CE--sym6[0,0,1]/A:VAL136:CG2",0.7026493549346924,,60.162864685058594,48.87937927246094,48.688663482666016,11.474201202392578,True,False,False,False
experiment_1_complex_target,A_MET112,4,1.3185217380523682,0.8564536571502686,-60.83;-90.19;89.51,g-/g-/m+,0.83;30.19;0.49,False,3.232627598891539,CB--A:ILE113:N,3.8894245983225906,"CE--sym6[0,0,1]/A:VAL136:CG2",0.7026493549346924,,60.162864685058594,48.87937927246094,48.688663482666016,11.474201202392578,True,False,False,False
experiment_1_complex_target,A_MET112,5,1.3185217380523682,0.8564536571502686,-60.83;-90.19;89.51,g-/g-/m+,0.83;30.19;0.49,False,3.232627598891539,CB--A:ILE113:N,3.8894245983225906,"CE--sym6[0,0,1]/A:VAL136:CG2",0.7026493549346924,,60.162864685058594,48.87937927246094,48.688663482666016,11.474201202392578,True,False,False,False
experiment_1_complex_target,A_MET112,6,1.3185217380523682,0.8564536571502686,-60.83;-90.19;89.51,g-/g-/m+,0.83;30.19;0.49,False,3.232627598891539,CB--A:ILE113:N,3.8894245983225906,"CE--sym6[0,0,1]/A:VAL136:CG2",0.7026493549346924,,60.162864685058594,48.87937927246094,48.688663482666016,11.474201202392578,True,False,False,False
experiment_1_complex_target,A_MET112,7,1.3185217380523682,0.8564536571502686,-60.83;-90.19;89.51,g-/g-/m+,0.83;30.19;0.49,False,3.232627598891539,CB--A:ILE113:N,3.8894245983225906,"CE--sym6[0,0,1]/A:VAL136:CG2",0.7026493549346924,,60.162864685058594,48.87937927246094,48.688663482666016,11.474201202392578,True,False,False,False
experiment_1_complex_target,A_MET112,8,1.3185217380523682,0.8564536571502686,-60.83;-90.19;89.51,g-/g-/m+,0.83;30.19;0.49,False,3.232627598891539,CB--A:ILE113:N,3.8894245983225906,"CE--sym6[0,0,1]/A:VAL136:CG2",0.7026493549346924,,60.162864685058594,48.87937927246094,48.688663482666016,11.474201202392578,True,False,False,False
experiment_1_complex_target,A_MET112,9,1.3185217380523682,0.8564536571502686,-60.83;-90.19;89.51,g-/g-/m+,0.83;30.19;0.49,False,3.232627598891539,CB--A:ILE113:N,3.8894245983225906,"CE--sym6[0,0,1]/A:VAL136:CG2",0.7026493549346924,,60.162864685058594,48.87937927246094,48.688663482666016,11.474201202392578,True,False,False,False
experiment_1_complex_target,A_MET112,10,1.3185217380523682,0.8564536571502686,-60.83;-90.19;89.51,g-/g-/m+,0.83;30.19;0.49,False,3.232627598891539,CB--A:ILE113:N,3.8894245983225906,"CE--sym6[0,0,1]/A:VAL136:CG2",0.7026493549346924,,60.162864685058594,48.87937927246094,48.688663482666016,11.474201202392578,True,False,False,False
experiment_1_complex_target,A_MET112,11,1.3185217380523682,0.8564536571502686,-60.83;-90.19;89.51,g-/g-/m+,0.83;30.19;0.49,False,3.232627598891539,CB--A:ILE113:N,3.8894245983225906,"CE--sym6[0,0,1]/A:VAL136:CG2",0.7026493549346924,,60.162864685058594,48.87937927246094,48.688663482666016,11.474201202392578,True,False,False,False
experiment_1_complex_target,A_MET112,12,1.3185217380523682,0.8564536571502686,-60.83;-90.19;89.51,g-/g-/m+,0.83;30.19;0.49,False,3.232627598891539,CB--A:ILE113:N,3.8894245983225906,"CE--sym6[0,0,1]/A:VAL136:CG2",0.7026493549346924,,60.162864685058594,48.87937927246094,48.688663482666016,11.474201202392578,True,False,False,False
experiment_1_complex_target,A_MET112,13,1.3185217380523682,0.8564536571502686,-60.83;-90.19;89.51,g-/g-/m+,0.83;30.19;0.49,False,3.232627598891539,CB--A:ILE113:N,3.8894245983225906,"CE--sym6[0,0,1]/A:VAL136:CG2",0.7026493549346924,,60.162864685058594,48.87937927246094,48.688663482666016,11.474201202392578,True,False,False,False
experiment_1_complex_target,A_MET112,14,1.3185217380523682,0.8564536571502686,-60.83;-90.19;89.51,g-/g-/m+,0.83;30.19;0.49,False,3.232627598891539,CB--A:ILE113:N,3.8894245983225906,"CE--sym6[0,0,1]/A:VAL136:CG2",0.7026493549346924,,60.162864685058594,48.87937927246094,48.688663482666016,11.474201202392578,True,False,False,False
experiment_1_complex_target,A_MET112,15,1.3185217380523682,0.8564536571502686,-60.83;-90.19;89.51,g-/g-/m+,0.83;30.19;0.49,False,3.232627598891539,CB--A:ILE113:N,3.8894245983225906,"CE--sym6[0,0,1]/A:VAL136:CG2",0.7026493549346924,,60.162864685058594,48.87937927246094,48.688663482666016,11.474201202392578,True,False,False,False
experiment_1_complex_target,A_MET112,16,1.3185217380523682,0.8564536571502686,-60.83;-90.19;89.51,g-/g-/m+,0.83;30.19;0.49,False,3.232627598891539,CB--A:ILE113:N,3.8894245983225906,"CE--sym6[0,0,1]/A:VAL136:CG2",0.7026493549346924,,60.162864685058594,48.87937927246094,48.688663482666016,11.474201202392578,True,False,False,False
experiment_1_complex_target,A_MET112,17,1.3185217380523682,0.8564536571502686,-60.83;-90.19;89.51,g-/g-/m+,0.83;30.19;0.49,False,3.232627598891539,CB--A:ILE113:N,3.8894245983225906,"CE--sym6[0,0,1]/A:VAL136:CG2",0.7026493549346924,,60.162864685058594,48.87937927246094,48.688663482666016,11.474201202392578,True,False,False,False
experiment_1_complex_target,A_MET112,18,1.3185217380523682,0.8564536571502686,-60.83;-90.19;89.51,g-/g-/m+,0.83;30.19;0.49,False,3.232627598891539,CB--A:ILE113:N,3.8894245983225906,"CE--sym6[0,0,1]/A:VAL136:CG2",0.7026493549346924,,60.162864685058594,48.87937927246094,48.688663482666016,11.474201202392578,True,False,False,False
experiment_1_complex_target,A_MET112,19,1.3185217380523682,0.8564536571502686,-60.83;-90.19;89.51,g-/g-/m+,0.83;30.19;0.49,False,3.232627598891539,CB--A:ILE113:N,3.8894245983225906,"CE--sym6[0,0,1]/A:VAL136:CG2",0.7026493549346924,,60.162864685058594,48.87937927246094,48.688663482666016,11.474201202392578,True,False,False,False
experiment_1_complex_target,A_MET112,20,1.3185217380523682,0.8564536571502686,-60.83;-90.19;89.51,g-/g-/m+,0.83;30.19;0.49,False,3.232627598891539,CB--A:ILE113:N,3.8894245983225906,"CE--sym6[0,0,1]/A:VAL136:CG2",0.7026493549346924,,60.162864685058594,48.87937927246094,48.688663482666016,11.474201202392578,True,False,False,False
experiment_1_complex_target,A_MET112,21,1.3185217380523682,0.8564536571502686,-60.83;-90.19;89.51,g-/g-/m+,0.83;30.19;0.49,False,3.232627598891539,CB--A:ILE113:N,3.8894245983225906,"CE--sym6[0,0,1]/A:VAL136:CG2",0.7026493549346924,,60.162864685058594,48.87937927246094,48.688663482666016,11.474201202392578,True,False,False,False
experiment_1_complex_target,A_MET112,22,1.3185217380523682,0.8564536571502686,-60.83;-90.19;89.51,g-/g-/m+,0.83;30.19;0.49,False,3.232627598891539,CB--A:ILE113:N,3.8894245983225906,"CE--sym6[0,0,1]/A:VAL136:CG2",0.7026493549346924,,60.162864685058594,48.87937927246094,48.688663482666016,11.474201202392578,True,False,False,False
experiment_1_complex_target,A_MET112,23,1.3185217380523682,0.8564536571502686,-60.83;-90.19;89.51,g-/g-/m+,0.83;30.19;0.49,False,3.232627598891539,CB--A:ILE113:N,3.8894245983225906,"CE--sym6[0,0,1]/A:VAL136:CG2",0.7026493549346924,,60.162864685058594,48.87937927246094,48.688663482666016,11.474201202392578,True,False,False,False
experiment_1_complex_target,A_MET112,24,1.3185217380523682,0.8564536571502686,-60.83;-90.19;89.51,g-/g-/m+,0.83;30.19;0.49,False,3.232627598891539,CB--A:ILE113:N,3.8894245983225906,"CE--sym6[0,0,1]/A:VAL136:CG2",0.7026493549346924,,60.162864685058594,48.87937927246094,48.688663482666016,11.474201202392578,True,False,False,False
experiment_1_complex_target,A_MET112,25,1.3185217380523682,0.8564536571502686,-60.83;-90.19;89.51,g-/g-/m+,0.83;30.19;0.49,False,3.232627598891539,CB--A:ILE113:N,3.8894245983225906,"CE--sym6[0,0,1]/A:VAL136:CG2",0.7026493549346924,,60.162864685058594,48.87937927246094,48.688663482666016,11.474201202392578,True,False,False,False
experiment_1_complex_target,A_MET112,26,1.3185217380523682,0.8564536571502686,-60.83;-90.19;89.51,g-/g-/m+,0.83;30.19;0.49,False,3.232627598891539,CB--A:ILE113:N,3.8894245983225906,"CE--sym6[0,0,1]/A:VAL136:CG2",0.7026493549346924,,60.162864685058594,48.87937927246094,48.688663482666016,11.474201202392578,True,False,False,False
experiment_1_complex_target,A_MET112,27,1.3185217380523682,0.8564536571502686,-60.83;-90.19;89.51,g-/g-/m+,0.83;30.19;0.49,False,3.232627598891539,CB--A:ILE113:N,3.8894245983225906,"CE--sym6[0,0,1]/A:VAL136:CG2",0.7026493549346924,,60.162864685058594,48.87937927246094,48.688663482666016,11.474201202392578,True,False,False,False
experiment_1_complex_target,A_MET112,28,1.3185217380523682,0.8564536571502686,-60.83;-90.19;89.51,g-/g-/m+,0.83;30.19;0.49,False,3.232627598891539,CB--A:ILE113:N,3.8894245983225906,"CE--sym6[0,0,1]/A:VAL136:CG2",0.7026493549346924,,60.162864685058594,48.87937927246094,48.688663482666016,11.474201202392578,True,False,False,False
experiment_1_complex_target,A_MET112,29,1.3185217380523682,0.8564536571502686,-60.83;-90.19;89.51,g-/g-/m+,0.83;30.19;0.49,False,3.232627598891539,CB--A:ILE113:N,3.8894245983225906,"CE--sym6[0,0,1]/A:VAL136:CG2",0.7026493549346924,,60.162864685058594,48.87937927246094,48.688663482666016,11.474201202392578,True,False,False,False
experiment_1_complex_target,A_MET112,30,1.3185217380523682,0.8564536571502686,-60.83;-90.19;89.51,g-/g-/m+,0.83;30.19;0.49,False,3.232627598891539,CB--A:ILE113:N,3.8894245983225906,"CE--sym6[0,0,1]/A:VAL136:CG2",0.7026493549346924,,60.162864685058594,48.87937927246094,48.688663482666016,11.474201202392578,True,False,False,False
experiment_1_complex_target,A_MET112,31,1.3185217380523682,0.8564536571502686,-60.83;-90.19;89.51,g-/g-/m+,0.83;30.19;0.49,False,3.232627598891539,CB--A:ILE113:N,3.8894245983225906,"CE--sym6[0,0,1]/A:VAL136:CG2",0.7026493549346924,,60.162864685058594,48.87937927246094,48.688663482666016,11.474201202392578,True,False,False,False
experiment_1_complex_target,A_MET112,32,1.3185217380523682,0.8564536571502686,-60.83;-90.19;89.51,g-/g-/m+,0.83;30.19;0.49,False,3.232627598891539,CB--A:ILE113:N,3.8894245983225906,"CE--sym6[0,0,1]/A:VAL136:CG2",0.7026493549346924,,60.162864685058594,48.87937927246094,48.688663482666016,11.474201202392578,True,False,False,False
experiment_1_complex_target,A_MET112,33,1.3185217380523682,0.8564536571502686,-60.83;-90.19;89.51,g-/g-/m+,0.83;30.19;0.49,False,3.232627598891539,CB--A:ILE113:N,3.8894245983225906,"CE--sym6[0,0,1]/A:VAL136:CG2",0.7026493549346924,,60.162864685058594,48.87937927246094,48.688663482666016,11.474201202392578,True,False,False,False
experiment_1_complex_target,A_MET112,34,1.3185217380523682,0.8564536571502686,-60.83;-90.19;89.51,g-/g-/m+,0.83;30.19;0.49,False,3.232627598891539,CB--A:ILE113:N,3.8894245983225906,"CE--sym6[0,0,1]/A:VAL136:CG2",0.7026493549346924,,60.162864685058594,48.87937927246094,48.688663482666016,11.474201202392578,True,False,False,False
experiment_1_complex_target,A_MET112,35,1.3185217380523682,0.8564536571502686,-60.83;-90.19;89.51,g-/g-/m+,0.83;30.19;0.49,False,3.232627598891539,CB--A:ILE113:N,3.8894245983225906,"CE--sym6[0,0,1]/A:VAL136:CG2",0.7026493549346924,,60.162864685058594,48.87937927246094,48.688663482666016,11.474201202392578,True,False,False,False
experiment_1_complex_target,A_MET112,36,1.3185217380523682,0.8564536571502686,-60.83;-90.19;89.51,g-/g-/m+,0.83;30.19;0.49,False,3.232627598891539,CB--A:ILE113:N,3.8894245983225906,"CE--sym6[0,0,1]/A:VAL136:CG2",0.7026493549346924,,60.162864685058594,48.87937927246094,48.688663482666016,11.474201202392578,True,False,False,False
experiment_1_complex_target,A_MET112,37,1.3185217380523682,0.8564536571502686,-60.83;-90.19;89.51,g-/g-/m+,0.83;30.19;0.49,False,3.232627598891539,CB--A:ILE113:N,3.8894245983225906,"CE--sym6[0,0,1]/A:VAL136:CG2",0.7026493549346924,,60.162864685058594,48.87937927246094,48.688663482666016,11.474201202392578,True,False,False,False
experiment_1_complex_target,A_MET112,38,1.3185217380523682,0.8564536571502686,-60.83;-90.19;89.51,g-/g-/m+,0.83;30.19;0.49,False,3.232627598891539,CB--A:ILE113:N,3.8894245983225906,"CE--sym6[0,0,1]/A:VAL136:CG2",0.7026493549346924,,60.162864685058594,48.87937927246094,48.688663482666016,11.474201202392578,True,False,False,False
experiment_1_complex_target,A_MET112,39,1.3185217380523682,0.8564536571502686,-60.83;-90.19;89.51,g-/g-/m+,0.83;30.19;0.49,False,3.232627598891539,CB--A:ILE113:N,3.8894245983225906,"CE--sym6[0,0,1]/A:VAL136:CG2",0.7026493549346924,,60.162864685058594,48.87937927246094,48.688663482666016,11.474201202392578,True,False,False,False
experiment_1_complex_target,A_MET112,40,1.3185217380523682,0.8564536571502686,-60.83;-90.19;89.51,g-/g-/m+,0.83;30.19;0.49,False,3.232627598891539,CB--A:ILE113:N,3.8894245983225906,"CE--sym6[0,0,1]/A:VAL136:CG2",0.7026493549346924,,60.162864685058594,48.87937927246094,48.688663482666016,11.474201202392578,True,False,False,False
experiment_1_complex_target,A_MET112,41,1.3185217380523682,0.8564536571502686,-60.83;-90.19;89.51,g-/g-/m+,0.83;30.19;0.49,False,3.232627598891539,CB--A:ILE113:N,3.8894245983225906,"CE--sym6[0,0,1]/A:VAL136:CG2",0.7026493549346924,,60.162864685058594,48.87937927246094,48.688663482666016,11.474201202392578,True,False,False,False
experiment_1_complex_target,A_MET112,42,1.3185217380523682,0.8564536571502686,-60.83;-90.19;89.51,g-/g-/m+,0.83;30.19;0.49,False,3.232627598891539,CB--A:ILE113:N,3.8894245983225906,"CE--sym6[0,0,1]/A:VAL136:CG2",0.7026493549346924,,60.162864685058594,48.87937927246094,48.688663482666016,11.474201202392578,True,False,False,False
experiment_1_complex_target,A_MET112,43,1.3185217380523682,0.8564536571502686,-60.83;-90.19;89.51,g-/g-/m+,0.83;30.19;0.49,False,3.232627598891539,CB--A:ILE113:N,3.8894245983225906,"CE--sym6[0,0,1]/A:VAL136:CG2",0.7026493549346924,,60.162864685058594,48.87937927246094,48.688663482666016,11.474201202392578,True,False,False,False
experiment_1_complex_target,A_MET112,44,1.3185217380523682,0.8564536571502686,-60.83;-90.19;89.51,g-/g-/m+,0.83;30.19;0.49,False,3.232627598891539,CB--A:ILE113:N,3.8894245983225906,"CE--sym6[0,0,1]/A:VAL136:CG2",0.7026493549346924,,60.162864685058594,48.87937927246094,48.688663482666016,11.474201202392578,True,False,False,False
experiment_1_complex_target,A_MET112,45,1.3185217380523682,0.8564536571502686,-60.83;-90.19;89.51,g-/g-/m+,0.83;30.19;0.49,False,3.232627598891539,CB--A:ILE113:N,3.8894245983225906,"CE--sym6[0,0,1]/A:VAL136:CG2",0.7026493549346924,,60.162864685058594,48.87937927246094,48.688663482666016,11.474201202392578,True,False,False,False
experiment_1_complex_target,A_MET112,46,1.3185217380523682,0.8564536571502686,-60.83;-90.19;89.51,g-/g-/m+,0.83;30.19;0.49,False,3.232627598891539,CB--A:ILE113:N,3.8894245983225906,"CE--sym6[0,0,1]/A:VAL136:CG2",0.7026493549346924,,60.162864685058594,48.87937927246094,48.688663482666016,11.474201202392578,True,False,False,False
experiment_1_complex_target,A_MET112,47,1.3185217380523682,0.8564536571502686,-60.83;-90.19;89.51,g-/g-/m+,0.83;30.19;0.49,False,3.232627598891539,CB--A:ILE113:N,3.8894245983225906,"CE--sym6[0,0,1]/A:VAL136:CG2",0.7026493549346924,,60.162864685058594,48.87937927246094,48.688663482666016,11.474201202392578,True,False,False,False
experiment_1_complex_target,A_MET112,48,1.3185217380523682,0.8564536571502686,-60.83;-90.19;89.51,g-/g-/m+,0.83;30.19;0.49,False,3.232627598891539,CB--A:ILE113:N,3.8894245983225906,"CE--sym6[0,0,1]/A:VAL136:CG2",0.7026493549346924,,60.162864685058594,48.87937927246094,48.688663482666016,11.474201202392578,True,False,False,False
experiment_1_complex_target,A_MET112,49,1.3185217380523682,0.8564536571502686,-60.83;-90.19;89.51,g-/g-/m+,0.83;30.19;0.49,False,3.232627598891539,CB--A:ILE113:N,3.8894245983225906,"CE--sym6[0,0,1]/A:VAL136:CG2",0.7026493549346924,,60.162864685058594,48.87937927246094,48.688663482666016,11.474201202392578,True,False,False,False
experiment_2_A_synthetic_fobs,A_MET112,0,0.4792967736721039,0.5773442387580872,-73.35;-157.69;87.79,g-/t/m+,13.35;22.31;2.21,True,3.017779076283483,CE--B:ASP114:OD1,5.728494843200747,"CG--sym6[0,0,1]/A:VAL136:CG1",0.8922693729400635,,52.24041748046875,48.87937927246094,48.688663482666016,3.5517539978027344,True,True,False,False
experiment_2_A_synthetic_fobs,A_MET112,1,0.4792967736721039,0.5773442387580872,-73.35;-157.69;87.79,g-/t/m+,13.35;22.31;2.21,True,3.017779076283483,CE--B:ASP114:OD1,5.728494843200747,"CG--sym6[0,0,1]/A:VAL136:CG1",0.8922693729400635,,52.24041748046875,48.87937927246094,48.688663482666016,3.5517539978027344,True,True,False,False
experiment_2_A_synthetic_fobs,A_MET112,2,0.4792967736721039,0.5773442387580872,-73.35;-157.69;87.79,g-/t/m+,13.35;22.31;2.21,True,3.017779076283483,CE--B:ASP114:OD1,5.728494843200747,"CG--sym6[0,0,1]/A:VAL136:CG1",0.8922693729400635,,52.24041748046875,48.87937927246094,48.688663482666016,3.5517539978027344,True,True,False,False
experiment_2_A_synthetic_fobs,A_MET112,3,0.4792967736721039,0.5773442387580872,-73.35;-157.69;87.79,g-/t/m+,13.35;22.31;2.21,True,3.017779076283483,CE--B:ASP114:OD1,5.728494843200747,"CG--sym6[0,0,1]/A:VAL136:CG1",0.8922693729400635,,52.24041748046875,48.87937927246094,48.688663482666016,3.5517539978027344,True,True,False,False
experiment_2_A_synthetic_fobs,A_MET112,4,0.4792967736721039,0.5773442387580872,-73.35;-157.69;87.79,g-/t/m+,13.35;22.31;2.21,True,3.017779076283483,CE--B:ASP114:OD1,5.728494843200747,"CG--sym6[0,0,1]/A:VAL136:CG1",0.8922693729400635,,52.24041748046875,48.87937927246094,48.688663482666016,3.5517539978027344,True,True,False,False
experiment_2_A_synthetic_fobs,A_MET112,5,0.4792967736721039,0.5773442387580872,-73.35;-157.69;87.79,g-/t/m+,13.35;22.31;2.21,True,3.017779076283483,CE--B:ASP114:OD1,5.728494843200747,"CG--sym6[0,0,1]/A:VAL136:CG1",0.8922693729400635,,52.24041748046875,48.87937927246094,48.688663482666016,3.5517539978027344,True,True,False,False
experiment_2_A_synthetic_fobs,A_MET112,6,0.4792967736721039,0.5773442387580872,-73.35;-157.69;87.79,g-/t/m+,13.35;22.31;2.21,True,3.017779076283483,CE--B:ASP114:OD1,5.728494843200747,"CG--sym6[0,0,1]/A:VAL136:CG1",0.8922693729400635,,52.24041748046875,48.87937927246094,48.688663482666016,3.5517539978027344,True,True,False,False
experiment_2_A_synthetic_fobs,A_MET112,7,0.4792967736721039,0.5773442387580872,-73.35;-157.69;87.79,g-/t/m+,13.35;22.31;2.21,True,3.017779076283483,CE--B:ASP114:OD1,5.728494843200747,"CG--sym6[0,0,1]/A:VAL136:CG1",0.8922693729400635,,52.24041748046875,48.87937927246094,48.688663482666016,3.5517539978027344,True,True,False,False
experiment_2_A_synthetic_fobs,A_MET112,8,0.4792967736721039,0.5773442387580872,-73.35;-157.69;87.79,g-/t/m+,13.35;22.31;2.21,True,3.017779076283483,CE--B:ASP114:OD1,5.728494843200747,"CG--sym6[0,0,1]/A:VAL136:CG1",0.8922693729400635,,52.24041748046875,48.87937927246094,48.688663482666016,3.5517539978027344,True,True,False,False
experiment_2_A_synthetic_fobs,A_MET112,9,0.4792967736721039,0.5773442387580872,-73.35;-157.69;87.79,g-/t/m+,13.35;22.31;2.21,True,3.017779076283483,CE--B:ASP114:OD1,5.728494843200747,"CG--sym6[0,0,1]/A:VAL136:CG1",0.8922693729400635,,52.24041748046875,48.87937927246094,48.688663482666016,3.5517539978027344,True,True,False,False
experiment_2_A_synthetic_fobs,A_MET112,10,0.4792967736721039,0.5773442387580872,-73.35;-157.69;87.79,g-/t/m+,13.35;22.31;2.21,True,3.017779076283483,CE--B:ASP114:OD1,5.728494843200747,"CG--sym6[0,0,1]/A:VAL136:CG1",0.8922693729400635,,52.24041748046875,48.87937927246094,48.688663482666016,3.5517539978027344,True,True,False,False
experiment_2_A_synthetic_fobs,A_MET112,11,0.4792967736721039,0.5773442387580872,-73.35;-157.69;87.79,g-/t/m+,13.35;22.31;2.21,True,3.017779076283483,CE--B:ASP114:OD1,5.728494843200747,"CG--sym6[0,0,1]/A:VAL136:CG1",0.8922693729400635,,52.24041748046875,48.87937927246094,48.688663482666016,3.5517539978027344,True,True,False,False
experiment_2_A_synthetic_fobs,A_MET112,12,0.4792967736721039,0.5773442387580872,-73.35;-157.69;87.79,g-/t/m+,13.35;22.31;2.21,True,3.017779076283483,CE--B:ASP114:OD1,5.728494843200747,"CG--sym6[0,0,1]/A:VAL136:CG1",0.8922693729400635,,52.24041748046875,48.87937927246094,48.688663482666016,3.5517539978027344,True,True,False,False
experiment_2_A_synthetic_fobs,A_MET112,13,0.4792967736721039,0.5773442387580872,-73.35;-157.69;87.79,g-/t/m+,13.35;22.31;2.21,True,3.017779076283483,CE--B:ASP114:OD1,5.728494843200747,"CG--sym6[0,0,1]/A:VAL136:CG1",0.8922693729400635,,52.24041748046875,48.87937927246094,48.688663482666016,3.5517539978027344,True,True,False,False
experiment_2_A_synthetic_fobs,A_MET112,14,0.4792967736721039,0.5773442387580872,-73.35;-157.69;87.79,g-/t/m+,13.35;22.31;2.21,True,3.017779076283483,CE--B:ASP114:OD1,5.728494843200747,"CG--sym6[0,0,1]/A:VAL136:CG1",0.8922693729400635,,52.24041748046875,48.87937927246094,48.688663482666016,3.5517539978027344,True,True,False,False
experiment_2_A_synthetic_fobs,A_MET112,15,0.4792967736721039,0.5773442387580872,-73.35;-157.69;87.79,g-/t/m+,13.35;22.31;2.21,True,3.017779076283483,CE--B:ASP114:OD1,5.728494843200747,"CG--sym6[0,0,1]/A:VAL136:CG1",0.8922693729400635,,52.24041748046875,48.87937927246094,48.688663482666016,3.5517539978027344,True,True,False,False
experiment_2_A_synthetic_fobs,A_MET112,16,0.4792967736721039,0.5773442387580872,-73.35;-157.69;87.79,g-/t/m+,13.35;22.31;2.21,True,3.017779076283483,CE--B:ASP114:OD1,5.728494843200747,"CG--sym6[0,0,1]/A:VAL136:CG1",0.8922693729400635,,52.24041748046875,48.87937927246094,48.688663482666016,3.5517539978027344,True,True,False,False
experiment_2_A_synthetic_fobs,A_MET112,17,0.4792967736721039,0.5773442387580872,-73.35;-157.69;87.79,g-/t/m+,13.35;22.31;2.21,True,3.017779076283483,CE--B:ASP114:OD1,5.728494843200747,"CG--sym6[0,0,1]/A:VAL136:CG1",0.8922693729400635,,52.24041748046875,48.87937927246094,48.688663482666016,3.5517539978027344,True,True,False,False
experiment_2_A_synthetic_fobs,A_MET112,18,0.4792967736721039,0.5773442387580872,-73.35;-157.69;87.79,g-/t/m+,13.35;22.31;2.21,True,3.017779076283483,CE--B:ASP114:OD1,5.728494843200747,"CG--sym6[0,0,1]/A:VAL136:CG1",0.8922693729400635,,52.24041748046875,48.87937927246094,48.688663482666016,3.5517539978027344,True,True,False,False
experiment_2_A_synthetic_fobs,A_MET112,19,0.4792967736721039,0.5773442387580872,-73.35;-157.69;87.79,g-/t/m+,13.35;22.31;2.21,True,3.017779076283483,CE--B:ASP114:OD1,5.728494843200747,"CG--sym6[0,0,1]/A:VAL136:CG1",0.8922693729400635,,52.24041748046875,48.87937927246094,48.688663482666016,3.5517539978027344,True,True,False,False
experiment_2_A_synthetic_fobs,A_MET112,20,0.4792967736721039,0.5773442387580872,-73.35;-157.69;87.79,g-/t/m+,13.35;22.31;2.21,True,3.017779076283483,CE--B:ASP114:OD1,5.728494843200747,"CG--sym6[0,0,1]/A:VAL136:CG1",0.8922693729400635,,52.24041748046875,48.87937927246094,48.688663482666016,3.5517539978027344,True,True,False,False
experiment_2_A_synthetic_fobs,A_MET112,21,0.4792967736721039,0.5773442387580872,-73.35;-157.69;87.79,g-/t/m+,13.35;22.31;2.21,True,3.017779076283483,CE--B:ASP114:OD1,5.728494843200747,"CG--sym6[0,0,1]/A:VAL136:CG1",0.8922693729400635,,52.24041748046875,48.87937927246094,48.688663482666016,3.5517539978027344,True,True,False,False
experiment_2_A_synthetic_fobs,A_MET112,22,0.4792967736721039,0.5773442387580872,-73.35;-157.69;87.79,g-/t/m+,13.35;22.31;2.21,True,3.017779076283483,CE--B:ASP114:OD1,5.728494843200747,"CG--sym6[0,0,1]/A:VAL136:CG1",0.8922693729400635,,52.24041748046875,48.87937927246094,48.688663482666016,3.5517539978027344,True,True,False,False
experiment_2_A_synthetic_fobs,A_MET112,23,0.4792967736721039,0.5773442387580872,-73.35;-157.69;87.79,g-/t/m+,13.35;22.31;2.21,True,3.017779076283483,CE--B:ASP114:OD1,5.728494843200747,"CG--sym6[0,0,1]/A:VAL136:CG1",0.8922693729400635,,52.24041748046875,48.87937927246094,48.688663482666016,3.5517539978027344,True,True,False,False
experiment_2_A_synthetic_fobs,A_MET112,24,0.4792967736721039,0.5773442387580872,-73.35;-157.69;87.79,g-/t/m+,13.35;22.31;2.21,True,3.017779076283483,CE--B:ASP114:OD1,5.728494843200747,"CG--sym6[0,0,1]/A:VAL136:CG1",0.8922693729400635,,52.24041748046875,48.87937927246094,48.688663482666016,3.5517539978027344,True,True,False,False
experiment_2_A_synthetic_fobs,A_MET112,25,0.4792967736721039,0.5773442387580872,-73.35;-157.69;87.79,g-/t/m+,13.35;22.31;2.21,True,3.017779076283483,CE--B:ASP114:OD1,5.728494843200747,"CG--sym6[0,0,1]/A:VAL136:CG1",0.8922693729400635,,52.24041748046875,48.87937927246094,48.688663482666016,3.5517539978027344,True,True,False,False
experiment_2_A_synthetic_fobs,A_MET112,26,0.4792967736721039,0.5773442387580872,-73.35;-157.69;87.79,g-/t/m+,13.35;22.31;2.21,True,3.017779076283483,CE--B:ASP114:OD1,5.728494843200747,"CG--sym6[0,0,1]/A:VAL136:CG1",0.8922693729400635,,52.24041748046875,48.87937927246094,48.688663482666016,3.5517539978027344,True,True,False,False
experiment_2_A_synthetic_fobs,A_MET112,27,0.4792967736721039,0.5773442387580872,-73.35;-157.69;87.79,g-/t/m+,13.35;22.31;2.21,True,3.017779076283483,CE--B:ASP114:OD1,5.728494843200747,"CG--sym6[0,0,1]/A:VAL136:CG1",0.8922693729400635,,52.24041748046875,48.87937927246094,48.688663482666016,3.5517539978027344,True,True,False,False
experiment_2_A_synthetic_fobs,A_MET112,28,0.4792967736721039,0.5773442387580872,-73.35;-157.69;87.79,g-/t/m+,13.35;22.31;2.21,True,3.017779076283483,CE--B:ASP114:OD1,5.728494843200747,"CG--sym6[0,0,1]/A:VAL136:CG1",0.8922693729400635,,52.24041748046875,48.87937927246094,48.688663482666016,3.5517539978027344,True,True,False,False
experiment_2_A_synthetic_fobs,A_MET112,29,0.4792967736721039,0.5773442387580872,-73.35;-157.69;87.79,g-/t/m+,13.35;22.31;2.21,True,3.017779076283483,CE--B:ASP114:OD1,5.728494843200747,"CG--sym6[0,0,1]/A:VAL136:CG1",0.8922693729400635,,52.24041748046875,48.87937927246094,48.688663482666016,3.5517539978027344,True,True,False,False
experiment_2_A_synthetic_fobs,A_MET112,30,0.4792967736721039,0.5773442387580872,-73.35;-157.69;87.79,g-/t/m+,13.35;22.31;2.21,True,3.017779076283483,CE--B:ASP114:OD1,5.728494843200747,"CG--sym6[0,0,1]/A:VAL136:CG1",0.8922693729400635,,52.24041748046875,48.87937927246094,48.688663482666016,3.5517539978027344,True,True,False,False
experiment_2_A_synthetic_fobs,A_MET112,31,0.4792967736721039,0.5773442387580872,-73.35;-157.69;87.79,g-/t/m+,13.35;22.31;2.21,True,3.017779076283483,CE--B:ASP114:OD1,5.728494843200747,"CG--sym6[0,0,1]/A:VAL136:CG1",0.8922693729400635,,52.24041748046875,48.87937927246094,48.688663482666016,3.5517539978027344,True,True,False,False
experiment_2_A_synthetic_fobs,A_MET112,32,0.4792967736721039,0.5773442387580872,-73.35;-157.69;87.79,g-/t/m+,13.35;22.31;2.21,True,3.017779076283483,CE--B:ASP114:OD1,5.728494843200747,"CG--sym6[0,0,1]/A:VAL136:CG1",0.8922693729400635,,52.24041748046875,48.87937927246094,48.688663482666016,3.5517539978027344,True,True,False,False
experiment_2_A_synthetic_fobs,A_MET112,33,0.4792967736721039,0.5773442387580872,-73.35;-157.69;87.79,g-/t/m+,13.35;22.31;2.21,True,3.017779076283483,CE--B:ASP114:OD1,5.728494843200747,"CG--sym6[0,0,1]/A:VAL136:CG1",0.8922693729400635,,52.24041748046875,48.87937927246094,48.688663482666016,3.5517539978027344,True,True,False,False
experiment_2_A_synthetic_fobs,A_MET112,34,0.4792967736721039,0.5773442387580872,-73.35;-157.69;87.79,g-/t/m+,13.35;22.31;2.21,True,3.017779076283483,CE--B:ASP114:OD1,5.728494843200747,"CG--sym6[0,0,1]/A:VAL136:CG1",0.8922693729400635,,52.24041748046875,48.87937927246094,48.688663482666016,3.5517539978027344,True,True,False,False
experiment_2_A_synthetic_fobs,A_MET112,35,0.4792967736721039,0.5773442387580872,-73.35;-157.69;87.79,g-/t/m+,13.35;22.31;2.21,True,3.017779076283483,CE--B:ASP114:OD1,5.728494843200747,"CG--sym6[0,0,1]/A:VAL136:CG1",0.8922693729400635,,52.24041748046875,48.87937927246094,48.688663482666016,3.5517539978027344,True,True,False,False
experiment_2_A_synthetic_fobs,A_MET112,36,0.4792967736721039,0.5773442387580872,-73.35;-157.69;87.79,g-/t/m+,13.35;22.31;2.21,True,3.017779076283483,CE--B:ASP114:OD1,5.728494843200747,"CG--sym6[0,0,1]/A:VAL136:CG1",0.8922693729400635,,52.24041748046875,48.87937927246094,48.688663482666016,3.5517539978027344,True,True,False,False
experiment_2_A_synthetic_fobs,A_MET112,37,0.4792967736721039,0.5773442387580872,-73.35;-157.69;87.79,g-/t/m+,13.35;22.31;2.21,True,3.017779076283483,CE--B:ASP114:OD1,5.728494843200747,"CG--sym6[0,0,1]/A:VAL136:CG1",0.8922693729400635,,52.24041748046875,48.87937927246094,48.688663482666016,3.5517539978027344,True,True,False,False
experiment_2_A_synthetic_fobs,A_MET112,38,0.4792967736721039,0.5773442387580872,-73.35;-157.69;87.79,g-/t/m+,13.35;22.31;2.21,True,3.017779076283483,CE--B:ASP114:OD1,5.728494843200747,"CG--sym6[0,0,1]/A:VAL136:CG1",0.8922693729400635,,52.24041748046875,48.87937927246094,48.688663482666016,3.5517539978027344,True,True,False,False
experiment_2_A_synthetic_fobs,A_MET112,39,0.4792967736721039,0.5773442387580872,-73.35;-157.69;87.79,g-/t/m+,13.35;22.31;2.21,True,3.017779076283483,CE--B:ASP114:OD1,5.728494843200747,"CG--sym6[0,0,1]/A:VAL136:CG1",0.8922693729400635,,52.24041748046875,48.87937927246094,48.688663482666016,3.5517539978027344,True,True,False,False
experiment_2_A_synthetic_fobs,A_MET112,40,0.4792967736721039,0.5773442387580872,-73.35;-157.69;87.79,g-/t/m+,13.35;22.31;2.21,True,3.017779076283483,CE--B:ASP114:OD1,5.728494843200747,"CG--sym6[0,0,1]/A:VAL136:CG1",0.8922693729400635,,52.24041748046875,48.87937927246094,48.688663482666016,3.5517539978027344,True,True,False,False
experiment_2_A_synthetic_fobs,A_MET112,41,0.4792967736721039,0.5773442387580872,-73.35;-157.69;87.79,g-/t/m+,13.35;22.31;2.21,True,3.017779076283483,CE--B:ASP114:OD1,5.728494843200747,"CG--sym6[0,0,1]/A:VAL136:CG1",0.8922693729400635,,52.24041748046875,48.87937927246094,48.688663482666016,3.5517539978027344,True,True,False,False
experiment_2_A_synthetic_fobs,A_MET112,42,0.4792967736721039,0.5773442387580872,-73.35;-157.69;87.79,g-/t/m+,13.35;22.31;2.21,True,3.017779076283483,CE--B:ASP114:OD1,5.728494843200747,"CG--sym6[0,0,1]/A:VAL136:CG1",0.8922693729400635,,52.24041748046875,48.87937927246094,48.688663482666016,3.5517539978027344,True,True,False,False
experiment_2_A_synthetic_fobs,A_MET112,43,0.4792967736721039,0.5773442387580872,-73.35;-157.69;87.79,g-/t/m+,13.35;22.31;2.21,True,3.017779076283483,CE--B:ASP114:OD1,5.728494843200747,"CG--sym6[0,0,1]/A:VAL136:CG1",0.8922693729400635,,52.24041748046875,48.87937927246094,48.688663482666016,3.5517539978027344,True,True,False,False
experiment_2_A_synthetic_fobs,A_MET112,44,0.4792967736721039,0.5773442387580872,-73.35;-157.69;87.79,g-/t/m+,13.35;22.31;2.21,True,3.017779076283483,CE--B:ASP114:OD1,5.728494843200747,"CG--sym6[0,0,1]/A:VAL136:CG1",0.8922693729400635,,52.24041748046875,48.87937927246094,48.688663482666016,3.5517539978027344,True,True,False,False
experiment_2_A_synthetic_fobs,A_MET112,45,0.4792967736721039,0.5773442387580872,-73.35;-157.69;87.79,g-/t/m+,13.35;22.31;2.21,True,3.017779076283483,CE--B:ASP114:OD1,5.728494843200747,"CG--sym6[0,0,1]/A:VAL136:CG1",0.8922693729400635,,52.24041748046875,48.87937927246094,48.688663482666016,3.5517539978027344,True,True,False,False
experiment_2_A_synthetic_fobs,A_MET112,46,0.4792967736721039,0.5773442387580872,-73.35;-157.69;87.79,g-/t/m+,13.35;22.31;2.21,True,3.017779076283483,CE--B:ASP114:OD1,5.728494843200747,"CG--sym6[0,0,1]/A:VAL136:CG1",0.8922693729400635,,52.24041748046875,48.87937927246094,48.688663482666016,3.5517539978027344,True,True,False,False
experiment_2_A_synthetic_fobs,A_MET112,47,0.4792967736721039,0.5773442387580872,-73.35;-157.69;87.79,g-/t/m+,13.35;22.31;2.21,True,3.017779076283483,CE--B:ASP114:OD1,5.728494843200747,"CG--sym6[0,0,1]/A:VAL136:CG1",0.8922693729400635,,52.24041748046875,48.87937927246094,48.688663482666016,3.5517539978027344,True,True,False,False
experiment_2_A_synthetic_fobs,A_MET112,48,0.4792967736721039,0.5773442387580872,-73.35;-157.69;87.79,g-/t/m+,13.35;22.31;2.21,True,3.017779076283483,CE--B:ASP114:OD1,5.728494843200747,"CG--sym6[0,0,1]/A:VAL136:CG1",0.8922693729400635,,52.24041748046875,48.87937927246094,48.688663482666016,3.5517539978027344,True,True,False,False
experiment_2_A_synthetic_fobs,A_MET112,49,0.4792967736721039,0.5773442387580872,-73.35;-157.69;87.79,g-/t/m+,13.35;22.31;2.21,True,3.017779076283483,CE--B:ASP114:OD1,5.728494843200747,"CG--sym6[0,0,1]/A:VAL136:CG1",0.8922693729400635,,52.24041748046875,48.87937927246094,48.688663482666016,3.5517539978027344,True,True,False,False
experiment_2_B_localized_sf,A_MET112,0,0.50621497631073,0.5925818085670471,-78.39;-158.84;85.22,g-/t/m+,18.39;21.16;4.78,True,3.080181063371505,CE--B:ASP114:OD1,5.767093975764372,"CG--sym6[0,0,1]/A:VAL136:CG2",0.8752608299255371,,52.851444244384766,48.87937927246094,48.688663482666016,4.16278076171875,True,True,False,False
experiment_2_B_localized_sf,A_MET112,1,0.5062150359153748,0.5925816893577576,-78.39;-158.84;85.22,g-/t/m+,18.39;21.16;4.78,True,3.0801828710727057,CE--B:ASP114:OD1,5.767093975764372,"CG--sym6[0,0,1]/A:VAL136:CG2",0.8752602338790894,,52.851444244384766,48.87937927246094,48.688663482666016,4.16278076171875,True,True,False,False
experiment_2_B_localized_sf,A_MET112,2,0.50621497631073,0.5925818085670471,-78.39;-158.84;85.22,g-/t/m+,18.39;21.16;4.78,True,3.080181063371505,CE--B:ASP114:OD1,5.767093975764372,"CG--sym6[0,0,1]/A:VAL136:CG2",0.8752608299255371,,52.851444244384766,48.87937927246094,48.688663482666016,4.16278076171875,True,True,False,False
experiment_2_B_localized_sf,A_MET112,3,0.5062150359153748,0.5925816893577576,-78.39;-158.84;85.22,g-/t/m+,18.39;21.16;4.78,True,3.0801828710727057,CE--B:ASP114:OD1,5.767093975764372,"CG--sym6[0,0,1]/A:VAL136:CG2",0.8752602338790894,,52.851444244384766,48.87937927246094,48.688663482666016,4.16278076171875,True,True,False,False
experiment_2_B_localized_sf,A_MET112,4,0.5062150359153748,0.5925816893577576,-78.39;-158.84;85.22,g-/t/m+,18.39;21.16;4.78,True,3.0801828710727057,CE--B:ASP114:OD1,5.767093975764372,"CG--sym6[0,0,1]/A:VAL136:CG2",0.8752602338790894,,52.851444244384766,48.87937927246094,48.688663482666016,4.16278076171875,True,True,False,False
experiment_2_B_localized_sf,A_MET112,5,0.50621497631073,0.5925818085670471,-78.39;-158.84;85.22,g-/t/m+,18.39;21.16;4.78,True,3.080181063371505,CE--B:ASP114:OD1,5.767093975764372,"CG--sym6[0,0,1]/A:VAL136:CG2",0.8752608299255371,,52.851444244384766,48.87937927246094,48.688663482666016,4.16278076171875,True,True,False,False
experiment_2_B_localized_sf,A_MET112,6,0.5062150359153748,0.5925816893577576,-78.39;-158.84;85.22,g-/t/m+,18.39;21.16;4.78,True,3.0801828710727057,CE--B:ASP114:OD1,5.767093975764372,"CG--sym6[0,0,1]/A:VAL136:CG2",0.8752602338790894,,52.851444244384766,48.87937927246094,48.688663482666016,4.16278076171875,True,True,False,False
experiment_2_B_localized_sf,A_MET112,7,0.50621497631073,0.5925818085670471,-78.39;-158.84;85.22,g-/t/m+,18.39;21.16;4.78,True,3.080181063371505,CE--B:ASP114:OD1,5.767093975764372,"CG--sym6[0,0,1]/A:VAL136:CG2",0.8752608299255371,,52.851444244384766,48.87937927246094,48.688663482666016,4.16278076171875,True,True,False,False
experiment_2_B_localized_sf,A_MET112,8,0.5062150359153748,0.5925816893577576,-78.39;-158.84;85.22,g-/t/m+,18.39;21.16;4.78,True,3.0801828710727057,CE--B:ASP114:OD1,5.767093975764372,"CG--sym6[0,0,1]/A:VAL136:CG2",0.8752602338790894,,52.851444244384766,48.87937927246094,48.688663482666016,4.16278076171875,True,True,False,False
experiment_2_B_localized_sf,A_MET112,9,0.50621497631073,0.5925818085670471,-78.39;-158.84;85.22,g-/t/m+,18.39;21.16;4.78,True,3.080181063371505,CE--B:ASP114:OD1,5.767093975764372,"CG--sym6[0,0,1]/A:VAL136:CG2",0.8752608299255371,,52.851444244384766,48.87937927246094,48.688663482666016,4.16278076171875,True,True,False,False
experiment_2_B_localized_sf,A_MET112,10,0.50621497631073,0.5925818085670471,-78.39;-158.84;85.22,g-/t/m+,18.39;21.16;4.78,True,3.080181063371505,CE--B:ASP114:OD1,5.767093975764372,"CG--sym6[0,0,1]/A:VAL136:CG2",0.8752608299255371,,52.851444244384766,48.87937927246094,48.688663482666016,4.16278076171875,True,True,False,False
experiment_2_B_localized_sf,A_MET112,11,0.5062150359153748,0.5925816893577576,-78.39;-158.84;85.22,g-/t/m+,18.39;21.16;4.78,True,3.0801828710727057,CE--B:ASP114:OD1,5.767093975764372,"CG--sym6[0,0,1]/A:VAL136:CG2",0.8752602338790894,,52.851444244384766,48.87937927246094,48.688663482666016,4.16278076171875,True,True,False,False
experiment_2_B_localized_sf,A_MET112,12,0.50621497631073,0.5925818085670471,-78.39;-158.84;85.22,g-/t/m+,18.39;21.16;4.78,True,3.080181063371505,CE--B:ASP114:OD1,5.767093975764372,"CG--sym6[0,0,1]/A:VAL136:CG2",0.8752608299255371,,52.851444244384766,48.87937927246094,48.688663482666016,4.16278076171875,True,True,False,False
experiment_2_B_localized_sf,A_MET112,13,0.50621497631073,0.5925818085670471,-78.39;-158.84;85.22,g-/t/m+,18.39;21.16;4.78,True,3.080181063371505,CE--B:ASP114:OD1,5.767093975764372,"CG--sym6[0,0,1]/A:VAL136:CG2",0.8752608299255371,,52.851444244384766,48.87937927246094,48.688663482666016,4.16278076171875,True,True,False,False
experiment_2_B_localized_sf,A_MET112,14,0.50621497631073,0.5925818085670471,-78.39;-158.84;85.22,g-/t/m+,18.39;21.16;4.78,True,3.080181063371505,CE--B:ASP114:OD1,5.767093975764372,"CG--sym6[0,0,1]/A:VAL136:CG2",0.8752608299255371,,52.851444244384766,48.87937927246094,48.688663482666016,4.16278076171875,True,True,False,False
experiment_2_B_localized_sf,A_MET112,15,0.5062150359153748,0.5925816893577576,-78.39;-158.84;85.22,g-/t/m+,18.39;21.16;4.78,True,3.0801828710727057,CE--B:ASP114:OD1,5.767093975764372,"CG--sym6[0,0,1]/A:VAL136:CG2",0.8752602338790894,,52.851444244384766,48.87937927246094,48.688663482666016,4.16278076171875,True,True,False,False
experiment_2_B_localized_sf,A_MET112,16,0.5062150359153748,0.5925816893577576,-78.39;-158.84;85.22,g-/t/m+,18.39;21.16;4.78,True,3.0801828710727057,CE--B:ASP114:OD1,5.767093975764372,"CG--sym6[0,0,1]/A:VAL136:CG2",0.8752602338790894,,52.851444244384766,48.87937927246094,48.688663482666016,4.16278076171875,True,True,False,False
experiment_2_B_localized_sf,A_MET112,17,0.50621497631073,0.5925818085670471,-78.39;-158.84;85.22,g-/t/m+,18.39;21.16;4.78,True,3.080181063371505,CE--B:ASP114:OD1,5.767093975764372,"CG--sym6[0,0,1]/A:VAL136:CG2",0.8752608299255371,,52.851444244384766,48.87937927246094,48.688663482666016,4.16278076171875,True,True,False,False
experiment_2_B_localized_sf,A_MET112,18,0.50621497631073,0.5925818085670471,-78.39;-158.84;85.22,g-/t/m+,18.39;21.16;4.78,True,3.080181063371505,CE--B:ASP114:OD1,5.767093975764372,"CG--sym6[0,0,1]/A:VAL136:CG2",0.8752608299255371,,52.851444244384766,48.87937927246094,48.688663482666016,4.16278076171875,True,True,False,False
experiment_2_B_localized_sf,A_MET112,19,0.5062150359153748,0.5925816893577576,-78.39;-158.84;85.22,g-/t/m+,18.39;21.16;4.78,True,3.0801828710727057,CE--B:ASP114:OD1,5.767093975764372,"CG--sym6[0,0,1]/A:VAL136:CG2",0.8752602338790894,,52.851444244384766,48.87937927246094,48.688663482666016,4.16278076171875,True,True,False,False
experiment_2_B_localized_sf,A_MET112,20,0.5062150359153748,0.5925816893577576,-78.39;-158.84;85.22,g-/t/m+,18.39;21.16;4.78,True,3.0801828710727057,CE--B:ASP114:OD1,5.767093975764372,"CG--sym6[0,0,1]/A:VAL136:CG2",0.8752602338790894,,52.851444244384766,48.87937927246094,48.688663482666016,4.16278076171875,True,True,False,False
experiment_2_B_localized_sf,A_MET112,21,0.5062150359153748,0.5925816893577576,-78.39;-158.84;85.22,g-/t/m+,18.39;21.16;4.78,True,3.0801828710727057,CE--B:ASP114:OD1,5.767093975764372,"CG--sym6[0,0,1]/A:VAL136:CG2",0.8752602338790894,,52.851444244384766,48.87937927246094,48.688663482666016,4.16278076171875,True,True,False,False
experiment_2_B_localized_sf,A_MET112,22,0.5062150359153748,0.5925816893577576,-78.39;-158.84;85.22,g-/t/m+,18.39;21.16;4.78,True,3.0801828710727057,CE--B:ASP114:OD1,5.767093975764372,"CG--sym6[0,0,1]/A:VAL136:CG2",0.8752602338790894,,52.851444244384766,48.87937927246094,48.688663482666016,4.16278076171875,True,True,False,False
experiment_2_B_localized_sf,A_MET112,23,0.50621497631073,0.5925818085670471,-78.39;-158.84;85.22,g-/t/m+,18.39;21.16;4.78,True,3.080181063371505,CE--B:ASP114:OD1,5.767093975764372,"CG--sym6[0,0,1]/A:VAL136:CG2",0.8752608299255371,,52.851444244384766,48.87937927246094,48.688663482666016,4.16278076171875,True,True,False,False
experiment_2_B_localized_sf,A_MET112,24,0.5062150359153748,0.5925816893577576,-78.39;-158.84;85.22,g-/t/m+,18.39;21.16;4.78,True,3.0801828710727057,CE--B:ASP114:OD1,5.767093975764372,"CG--sym6[0,0,1]/A:VAL136:CG2",0.8752602338790894,,52.851444244384766,48.87937927246094,48.688663482666016,4.16278076171875,True,True,False,False
experiment_2_B_localized_sf,A_MET112,25,0.5062150359153748,0.5925816893577576,-78.39;-158.84;85.22,g-/t/m+,18.39;21.16;4.78,True,3.0801828710727057,CE--B:ASP114:OD1,5.767093975764372,"CG--sym6[0,0,1]/A:VAL136:CG2",0.8752602338790894,,52.851444244384766,48.87937927246094,48.688663482666016,4.16278076171875,True,True,False,False
experiment_2_B_localized_sf,A_MET112,26,0.50621497631073,0.5925818085670471,-78.39;-158.84;85.22,g-/t/m+,18.39;21.16;4.78,True,3.080181063371505,CE--B:ASP114:OD1,5.767093975764372,"CG--sym6[0,0,1]/A:VAL136:CG2",0.8752608299255371,,52.851444244384766,48.87937927246094,48.688663482666016,4.16278076171875,True,True,False,False
experiment_2_B_localized_sf,A_MET112,27,0.50621497631073,0.5925818085670471,-78.39;-158.84;85.22,g-/t/m+,18.39;21.16;4.78,True,3.080181063371505,CE--B:ASP114:OD1,5.767093975764372,"CG--sym6[0,0,1]/A:VAL136:CG2",0.8752608299255371,,52.851444244384766,48.87937927246094,48.688663482666016,4.16278076171875,True,True,False,False
experiment_2_B_localized_sf,A_MET112,28,0.50621497631073,0.5925818085670471,-78.39;-158.84;85.22,g-/t/m+,18.39;21.16;4.78,True,3.080181063371505,CE--B:ASP114:OD1,5.767093975764372,"CG--sym6[0,0,1]/A:VAL136:CG2",0.8752608299255371,,52.851444244384766,48.87937927246094,48.688663482666016,4.16278076171875,True,True,False,False
experiment_2_B_localized_sf,A_MET112,29,0.50621497631073,0.5925818085670471,-78.39;-158.84;85.22,g-/t/m+,18.39;21.16;4.78,True,3.080181063371505,CE--B:ASP114:OD1,5.767093975764372,"CG--sym6[0,0,1]/A:VAL136:CG2",0.8752608299255371,,52.851444244384766,48.87937927246094,48.688663482666016,4.16278076171875,True,True,False,False
experiment_2_B_localized_sf,A_MET112,30,0.50621497631073,0.5925818085670471,-78.39;-158.84;85.22,g-/t/m+,18.39;21.16;4.78,True,3.080181063371505,CE--B:ASP114:OD1,5.767093975764372,"CG--sym6[0,0,1]/A:VAL136:CG2",0.8752608299255371,,52.851444244384766,48.87937927246094,48.688663482666016,4.16278076171875,True,True,False,False
experiment_2_B_localized_sf,A_MET112,31,0.5062150359153748,0.5925816893577576,-78.39;-158.84;85.22,g-/t/m+,18.39;21.16;4.78,True,3.0801828710727057,CE--B:ASP114:OD1,5.767093975764372,"CG--sym6[0,0,1]/A:VAL136:CG2",0.8752602338790894,,52.851444244384766,48.87937927246094,48.688663482666016,4.16278076171875,True,True,False,False
experiment_2_B_localized_sf,A_MET112,32,0.5062150359153748,0.5925816893577576,-78.39;-158.84;85.22,g-/t/m+,18.39;21.16;4.78,True,3.0801828710727057,CE--B:ASP114:OD1,5.767093975764372,"CG--sym6[0,0,1]/A:VAL136:CG2",0.8752602338790894,,52.851444244384766,48.87937927246094,48.688663482666016,4.16278076171875,True,True,False,False
experiment_2_B_localized_sf,A_MET112,33,0.50621497631073,0.5925818085670471,-78.39;-158.84;85.22,g-/t/m+,18.39;21.16;4.78,True,3.080181063371505,CE--B:ASP114:OD1,5.767093975764372,"CG--sym6[0,0,1]/A:VAL136:CG2",0.8752608299255371,,52.851444244384766,48.87937927246094,48.688663482666016,4.16278076171875,True,True,False,False
experiment_2_B_localized_sf,A_MET112,34,0.50621497631073,0.5925818085670471,-78.39;-158.84;85.22,g-/t/m+,18.39;21.16;4.78,True,3.080181063371505,CE--B:ASP114:OD1,5.767093975764372,"CG--sym6[0,0,1]/A:VAL136:CG2",0.8752608299255371,,52.851444244384766,48.87937927246094,48.688663482666016,4.16278076171875,True,True,False,False
experiment_2_B_localized_sf,A_MET112,35,0.50621497631073,0.5925818085670471,-78.39;-158.84;85.22,g-/t/m+,18.39;21.16;4.78,True,3.080181063371505,CE--B:ASP114:OD1,5.767093975764372,"CG--sym6[0,0,1]/A:VAL136:CG2",0.8752608299255371,,52.851444244384766,48.87937927246094,48.688663482666016,4.16278076171875,True,True,False,False
experiment_2_B_localized_sf,A_MET112,36,0.50621497631073,0.5925818085670471,-78.39;-158.84;85.22,g-/t/m+,18.39;21.16;4.78,True,3.080181063371505,CE--B:ASP114:OD1,5.767093975764372,"CG--sym6[0,0,1]/A:VAL136:CG2",0.8752608299255371,,52.851444244384766,48.87937927246094,48.688663482666016,4.16278076171875,True,True,False,False
experiment_2_B_localized_sf,A_MET112,37,0.5062150359153748,0.5925816893577576,-78.39;-158.84;85.22,g-/t/m+,18.39;21.16;4.78,True,3.0801828710727057,CE--B:ASP114:OD1,5.767093975764372,"CG--sym6[0,0,1]/A:VAL136:CG2",0.8752602338790894,,52.851444244384766,48.87937927246094,48.688663482666016,4.16278076171875,True,True,False,False
experiment_2_B_localized_sf,A_MET112,38,0.5062150359153748,0.5925816893577576,-78.39;-158.84;85.22,g-/t/m+,18.39;21.16;4.78,True,3.0801828710727057,CE--B:ASP114:OD1,5.767093975764372,"CG--sym6[0,0,1]/A:VAL136:CG2",0.8752602338790894,,52.851444244384766,48.87937927246094,48.688663482666016,4.16278076171875,True,True,False,False
experiment_2_B_localized_sf,A_MET112,39,0.5062150359153748,0.5925816893577576,-78.39;-158.84;85.22,g-/t/m+,18.39;21.16;4.78,True,3.0801828710727057,CE--B:ASP114:OD1,5.767093975764372,"CG--sym6[0,0,1]/A:VAL136:CG2",0.8752602338790894,,52.851444244384766,48.87937927246094,48.688663482666016,4.16278076171875,True,True,False,False
experiment_2_B_localized_sf,A_MET112,40,0.50621497631073,0.5925818085670471,-78.39;-158.84;85.22,g-/t/m+,18.39;21.16;4.78,True,3.080181063371505,CE--B:ASP114:OD1,5.767093975764372,"CG--sym6[0,0,1]/A:VAL136:CG2",0.8752608299255371,,52.851444244384766,48.87937927246094,48.688663482666016,4.16278076171875,True,True,False,False
experiment_2_B_localized_sf,A_MET112,41,0.50621497631073,0.5925818085670471,-78.39;-158.84;85.22,g-/t/m+,18.39;21.16;4.78,True,3.080181063371505,CE--B:ASP114:OD1,5.767093975764372,"CG--sym6[0,0,1]/A:VAL136:CG2",0.8752608299255371,,52.851444244384766,48.87937927246094,48.688663482666016,4.16278076171875,True,True,False,False
experiment_2_B_localized_sf,A_MET112,42,0.5062150359153748,0.5925816893577576,-78.39;-158.84;85.22,g-/t/m+,18.39;21.16;4.78,True,3.0801828710727057,CE--B:ASP114:OD1,5.767093975764372,"CG--sym6[0,0,1]/A:VAL136:CG2",0.8752602338790894,,52.851444244384766,48.87937927246094,48.688663482666016,4.16278076171875,True,True,False,False
experiment_2_B_localized_sf,A_MET112,43,0.50621497631073,0.5925818085670471,-78.39;-158.84;85.22,g-/t/m+,18.39;21.16;4.78,True,3.080181063371505,CE--B:ASP114:OD1,5.767093975764372,"CG--sym6[0,0,1]/A:VAL136:CG2",0.8752608299255371,,52.851444244384766,48.87937927246094,48.688663482666016,4.16278076171875,True,True,False,False
experiment_2_B_localized_sf,A_MET112,44,0.5062150359153748,0.5925816893577576,-78.39;-158.84;85.22,g-/t/m+,18.39;21.16;4.78,True,3.0801828710727057,CE--B:ASP114:OD1,5.767093975764372,"CG--sym6[0,0,1]/A:VAL136:CG2",0.8752602338790894,,52.851444244384766,48.87937927246094,48.688663482666016,4.16278076171875,True,True,False,False
experiment_2_B_localized_sf,A_MET112,45,0.50621497631073,0.5925818085670471,-78.39;-158.84;85.22,g-/t/m+,18.39;21.16;4.78,True,3.080181063371505,CE--B:ASP114:OD1,5.767093975764372,"CG--sym6[0,0,1]/A:VAL136:CG2",0.8752608299255371,,52.851444244384766,48.87937927246094,48.688663482666016,4.16278076171875,True,True,False,False
experiment_2_B_localized_sf,A_MET112,46,0.5062150359153748,0.5925816893577576,-78.39;-158.84;85.22,g-/t/m+,18.39;21.16;4.78,True,3.0801828710727057,CE--B:ASP114:OD1,5.767093975764372,"CG--sym6[0,0,1]/A:VAL136:CG2",0.8752602338790894,,52.851444244384766,48.87937927246094,48.688663482666016,4.16278076171875,True,True,False,False
experiment_2_B_localized_sf,A_MET112,47,0.50621497631073,0.5925818085670471,-78.39;-158.84;85.22,g-/t/m+,18.39;21.16;4.78,True,3.080181063371505,CE--B:ASP114:OD1,5.767093975764372,"CG--sym6[0,0,1]/A:VAL136:CG2",0.8752608299255371,,52.851444244384766,48.87937927246094,48.688663482666016,4.16278076171875,True,True,False,False
experiment_2_B_localized_sf,A_MET112,48,0.5062150359153748,0.5925816893577576,-78.39;-158.84;85.22,g-/t/m+,18.39;21.16;4.78,True,3.0801828710727057,CE--B:ASP114:OD1,5.767093975764372,"CG--sym6[0,0,1]/A:VAL136:CG2",0.8752602338790894,,52.851444244384766,48.87937927246094,48.688663482666016,4.16278076171875,True,True,False,False
experiment_2_B_localized_sf,A_MET112,49,0.5062150359153748,0.5925816893577576,-78.39;-158.84;85.22,g-/t/m+,18.39;21.16;4.78,True,3.0801828710727057,CE--B:ASP114:OD1,5.767093975764372,"CG--sym6[0,0,1]/A:VAL136:CG2",0.8752602338790894,,52.851444244384766,48.87937927246094,48.688663482666016,4.16278076171875,True,True,False,False
experiment_2_C_realspace_local,A_MET112,0,0.500760018825531,0.6278405785560608,-81.69;-161.83;82.67,g-/t/m+,21.69;18.17;7.33,True,3.1705621657282426,CE--B:ASP114:OD1,5.780123672028604,"CG--sym6[0,0,1]/A:VAL136:CG2",0.8162888884544373,,53.1830940246582,48.87937927246094,48.688663482666016,4.4944305419921875,True,True,False,False
experiment_2_C_realspace_local,A_MET112,1,0.500760018825531,0.6278405785560608,-81.69;-161.83;82.67,g-/t/m+,21.69;18.17;7.33,True,3.1705621657282426,CE--B:ASP114:OD1,5.780123672028604,"CG--sym6[0,0,1]/A:VAL136:CG2",0.8162888884544373,,53.1830940246582,48.87937927246094,48.688663482666016,4.4944305419921875,True,True,False,False
experiment_2_C_realspace_local,A_MET112,2,0.500760018825531,0.6278405785560608,-81.69;-161.83;82.67,g-/t/m+,21.69;18.17;7.33,True,3.1705621657282426,CE--B:ASP114:OD1,5.780123672028604,"CG--sym6[0,0,1]/A:VAL136:CG2",0.8162888884544373,,53.1830940246582,48.87937927246094,48.688663482666016,4.4944305419921875,True,True,False,False
experiment_2_C_realspace_local,A_MET112,3,0.500760018825531,0.6278405785560608,-81.69;-161.83;82.67,g-/t/m+,21.69;18.17;7.33,True,3.1705621657282426,CE--B:ASP114:OD1,5.780123672028604,"CG--sym6[0,0,1]/A:VAL136:CG2",0.8162888884544373,,53.1830940246582,48.87937927246094,48.688663482666016,4.4944305419921875,True,True,False,False
experiment_2_C_realspace_local,A_MET112,4,0.500760018825531,0.6278405785560608,-81.69;-161.83;82.67,g-/t/m+,21.69;18.17;7.33,True,3.1705621657282426,CE--B:ASP114:OD1,5.780123672028604,"CG--sym6[0,0,1]/A:VAL136:CG2",0.8162888884544373,,53.1830940246582,48.87937927246094,48.688663482666016,4.4944305419921875,True,True,False,False
experiment_2_C_realspace_local,A_MET112,5,0.500760018825531,0.6278406977653503,-81.69;-161.83;82.67,g-/t/m+,21.69;18.17;7.33,True,3.1705621413099756,CE--B:ASP114:OD1,5.780123672028604,"CG--sym6[0,0,1]/A:VAL136:CG2",0.8162885904312134,,53.1830940246582,48.87937927246094,48.688663482666016,4.4944305419921875,True,True,False,False
experiment_2_C_realspace_local,A_MET112,6,0.500760018825531,0.6278405785560608,-81.69;-161.83;82.67,g-/t/m+,21.69;18.17;7.33,True,3.1705621657282426,CE--B:ASP114:OD1,5.780123672028604,"CG--sym6[0,0,1]/A:VAL136:CG2",0.8162888884544373,,53.1830940246582,48.87937927246094,48.688663482666016,4.4944305419921875,True,True,False,False
experiment_2_C_realspace_local,A_MET112,7,0.500760018825531,0.6278405785560608,-81.69;-161.83;82.67,g-/t/m+,21.69;18.17;7.33,True,3.1705621657282426,CE--B:ASP114:OD1,5.780123672028604,"CG--sym6[0,0,1]/A:VAL136:CG2",0.8162888884544373,,53.1830940246582,48.87937927246094,48.688663482666016,4.4944305419921875,True,True,False,False
experiment_2_C_realspace_local,A_MET112,8,0.500760018825531,0.6278405785560608,-81.69;-161.83;82.67,g-/t/m+,21.69;18.17;7.33,True,3.1705621657282426,CE--B:ASP114:OD1,5.780123672028604,"CG--sym6[0,0,1]/A:VAL136:CG2",0.8162888884544373,,53.1830940246582,48.87937927246094,48.688663482666016,4.4944305419921875,True,True,False,False
experiment_2_C_realspace_local,A_MET112,9,0.500760018825531,0.6278406977653503,-81.69;-161.83;82.67,g-/t/m+,21.69;18.17;7.33,True,3.1705621413099756,CE--B:ASP114:OD1,5.780123672028604,"CG--sym6[0,0,1]/A:VAL136:CG2",0.8162885904312134,,53.1830940246582,48.87937927246094,48.688663482666016,4.4944305419921875,True,True,False,False
experiment_2_C_realspace_local,A_MET112,10,0.500760018825531,0.6278405785560608,-81.69;-161.83;82.67,g-/t/m+,21.69;18.17;7.33,True,3.1705621657282426,CE--B:ASP114:OD1,5.780123672028604,"CG--sym6[0,0,1]/A:VAL136:CG2",0.8162888884544373,,53.1830940246582,48.87937927246094,48.688663482666016,4.4944305419921875,True,True,False,False
experiment_2_C_realspace_local,A_MET112,11,0.500760018825531,0.6278405785560608,-81.69;-161.83;82.67,g-/t/m+,21.69;18.17;7.33,True,3.1705621657282426,CE--B:ASP114:OD1,5.780123672028604,"CG--sym6[0,0,1]/A:VAL136:CG2",0.8162888884544373,,53.1830940246582,48.87937927246094,48.688663482666016,4.4944305419921875,True,True,False,False
experiment_2_C_realspace_local,A_MET112,12,0.500760018825531,0.6278405785560608,-81.69;-161.83;82.67,g-/t/m+,21.69;18.17;7.33,True,3.1705621657282426,CE--B:ASP114:OD1,5.780123672028604,"CG--sym6[0,0,1]/A:VAL136:CG2",0.8162888884544373,,53.1830940246582,48.87937927246094,48.688663482666016,4.4944305419921875,True,True,False,False
experiment_2_C_realspace_local,A_MET112,13,0.500760018825531,0.6278405785560608,-81.69;-161.83;82.67,g-/t/m+,21.69;18.17;7.33,True,3.1705621657282426,CE--B:ASP114:OD1,5.780123672028604,"CG--sym6[0,0,1]/A:VAL136:CG2",0.8162888884544373,,53.1830940246582,48.87937927246094,48.688663482666016,4.4944305419921875,True,True,False,False
experiment_2_C_realspace_local,A_MET112,14,0.500760018825531,0.6278406977653503,-81.69;-161.83;82.67,g-/t/m+,21.69;18.17;7.33,True,3.1705621413099756,CE--B:ASP114:OD1,5.780123672028604,"CG--sym6[0,0,1]/A:VAL136:CG2",0.8162885904312134,,53.1830940246582,48.87937927246094,48.688663482666016,4.4944305419921875,True,True,False,False
experiment_2_C_realspace_local,A_MET112,15,0.500760018825531,0.6278405785560608,-81.69;-161.83;82.67,g-/t/m+,21.69;18.17;7.33,True,3.1705621657282426,CE--B:ASP114:OD1,5.780123672028604,"CG--sym6[0,0,1]/A:VAL136:CG2",0.8162888884544373,,53.1830940246582,48.87937927246094,48.688663482666016,4.4944305419921875,True,True,False,False
experiment_2_C_realspace_local,A_MET112,16,0.500760018825531,0.6278405785560608,-81.69;-161.83;82.67,g-/t/m+,21.69;18.17;7.33,True,3.1705621657282426,CE--B:ASP114:OD1,5.780123672028604,"CG--sym6[0,0,1]/A:VAL136:CG2",0.8162888884544373,,53.1830940246582,48.87937927246094,48.688663482666016,4.4944305419921875,True,True,False,False
experiment_2_C_realspace_local,A_MET112,17,0.500760018825531,0.6278406977653503,-81.69;-161.83;82.67,g-/t/m+,21.69;18.17;7.33,True,3.1705621413099756,CE--B:ASP114:OD1,5.780123672028604,"CG--sym6[0,0,1]/A:VAL136:CG2",0.8162885904312134,,53.1830940246582,48.87937927246094,48.688663482666016,4.4944305419921875,True,True,False,False
experiment_2_C_realspace_local,A_MET112,18,0.500760018825531,0.6278405785560608,-81.69;-161.83;82.67,g-/t/m+,21.69;18.17;7.33,True,3.1705621657282426,CE--B:ASP114:OD1,5.780123672028604,"CG--sym6[0,0,1]/A:VAL136:CG2",0.8162888884544373,,53.1830940246582,48.87937927246094,48.688663482666016,4.4944305419921875,True,True,False,False
experiment_2_C_realspace_local,A_MET112,19,0.500760018825531,0.6278405785560608,-81.69;-161.83;82.67,g-/t/m+,21.69;18.17;7.33,True,3.1705621657282426,CE--B:ASP114:OD1,5.780123672028604,"CG--sym6[0,0,1]/A:VAL136:CG2",0.8162888884544373,,53.1830940246582,48.87937927246094,48.688663482666016,4.4944305419921875,True,True,False,False
experiment_2_C_realspace_local,A_MET112,20,0.500760018825531,0.6278405785560608,-81.69;-161.83;82.67,g-/t/m+,21.69;18.17;7.33,True,3.1705621657282426,CE--B:ASP114:OD1,5.780123672028604,"CG--sym6[0,0,1]/A:VAL136:CG2",0.8162888884544373,,53.1830940246582,48.87937927246094,48.688663482666016,4.4944305419921875,True,True,False,False
experiment_2_C_realspace_local,A_MET112,21,0.500760018825531,0.6278405785560608,-81.69;-161.83;82.67,g-/t/m+,21.69;18.17;7.33,True,3.1705621657282426,CE--B:ASP114:OD1,5.780123672028604,"CG--sym6[0,0,1]/A:VAL136:CG2",0.8162888884544373,,53.1830940246582,48.87937927246094,48.688663482666016,4.4944305419921875,True,True,False,False
experiment_2_C_realspace_local,A_MET112,22,0.500760018825531,0.6278405785560608,-81.69;-161.83;82.67,g-/t/m+,21.69;18.17;7.33,True,3.1705621657282426,CE--B:ASP114:OD1,5.780123672028604,"CG--sym6[0,0,1]/A:VAL136:CG2",0.8162888884544373,,53.1830940246582,48.87937927246094,48.688663482666016,4.4944305419921875,True,True,False,False
experiment_2_C_realspace_local,A_MET112,23,0.500760018825531,0.6278405785560608,-81.69;-161.83;82.67,g-/t/m+,21.69;18.17;7.33,True,3.1705621657282426,CE--B:ASP114:OD1,5.780123672028604,"CG--sym6[0,0,1]/A:VAL136:CG2",0.8162888884544373,,53.1830940246582,48.87937927246094,48.688663482666016,4.4944305419921875,True,True,False,False
experiment_2_C_realspace_local,A_MET112,24,0.500760018825531,0.6278405785560608,-81.69;-161.83;82.67,g-/t/m+,21.69;18.17;7.33,True,3.1705621657282426,CE--B:ASP114:OD1,5.780123672028604,"CG--sym6[0,0,1]/A:VAL136:CG2",0.8162888884544373,,53.1830940246582,48.87937927246094,48.688663482666016,4.4944305419921875,True,True,False,False
experiment_2_C_realspace_local,A_MET112,25,0.500760018825531,0.6278406977653503,-81.69;-161.83;82.67,g-/t/m+,21.69;18.17;7.33,True,3.1705621413099756,CE--B:ASP114:OD1,5.780123672028604,"CG--sym6[0,0,1]/A:VAL136:CG2",0.8162885904312134,,53.1830940246582,48.87937927246094,48.688663482666016,4.4944305419921875,True,True,False,False
experiment_2_C_realspace_local,A_MET112,26,0.500760018825531,0.6278405785560608,-81.69;-161.83;82.67,g-/t/m+,21.69;18.17;7.33,True,3.1705621657282426,CE--B:ASP114:OD1,5.780123672028604,"CG--sym6[0,0,1]/A:VAL136:CG2",0.8162888884544373,,53.1830940246582,48.87937927246094,48.688663482666016,4.4944305419921875,True,True,False,False
experiment_2_C_realspace_local,A_MET112,27,0.500760018825531,0.6278405785560608,-81.69;-161.83;82.67,g-/t/m+,21.69;18.17;7.33,True,3.1705621657282426,CE--B:ASP114:OD1,5.780123672028604,"CG--sym6[0,0,1]/A:VAL136:CG2",0.8162888884544373,,53.1830940246582,48.87937927246094,48.688663482666016,4.4944305419921875,True,True,False,False
experiment_2_C_realspace_local,A_MET112,28,0.500760018825531,0.6278405785560608,-81.69;-161.83;82.67,g-/t/m+,21.69;18.17;7.33,True,3.1705621657282426,CE--B:ASP114:OD1,5.780123672028604,"CG--sym6[0,0,1]/A:VAL136:CG2",0.8162888884544373,,53.1830940246582,48.87937927246094,48.688663482666016,4.4944305419921875,True,True,False,False
experiment_2_C_realspace_local,A_MET112,29,0.500760018825531,0.6278405785560608,-81.69;-161.83;82.67,g-/t/m+,21.69;18.17;7.33,True,3.1705621657282426,CE--B:ASP114:OD1,5.780123672028604,"CG--sym6[0,0,1]/A:VAL136:CG2",0.8162888884544373,,53.1830940246582,48.87937927246094,48.688663482666016,4.4944305419921875,True,True,False,False
experiment_2_C_realspace_local,A_MET112,30,0.500760018825531,0.6278405785560608,-81.69;-161.83;82.67,g-/t/m+,21.69;18.17;7.33,True,3.1705621657282426,CE--B:ASP114:OD1,5.780123672028604,"CG--sym6[0,0,1]/A:VAL136:CG2",0.8162888884544373,,53.1830940246582,48.87937927246094,48.688663482666016,4.4944305419921875,True,True,False,False
experiment_2_C_realspace_local,A_MET112,31,0.500760018825531,0.6278405785560608,-81.69;-161.83;82.67,g-/t/m+,21.69;18.17;7.33,True,3.1705621657282426,CE--B:ASP114:OD1,5.780123672028604,"CG--sym6[0,0,1]/A:VAL136:CG2",0.8162888884544373,,53.1830940246582,48.87937927246094,48.688663482666016,4.4944305419921875,True,True,False,False
experiment_2_C_realspace_local,A_MET112,32,0.500760018825531,0.6278405785560608,-81.69;-161.83;82.67,g-/t/m+,21.69;18.17;7.33,True,3.1705621657282426,CE--B:ASP114:OD1,5.780123672028604,"CG--sym6[0,0,1]/A:VAL136:CG2",0.8162888884544373,,53.1830940246582,48.87937927246094,48.688663482666016,4.4944305419921875,True,True,False,False
experiment_2_C_realspace_local,A_MET112,33,0.500760018825531,0.6278405785560608,-81.69;-161.83;82.67,g-/t/m+,21.69;18.17;7.33,True,3.1705621657282426,CE--B:ASP114:OD1,5.780123672028604,"CG--sym6[0,0,1]/A:VAL136:CG2",0.8162888884544373,,53.1830940246582,48.87937927246094,48.688663482666016,4.4944305419921875,True,True,False,False
experiment_2_C_realspace_local,A_MET112,34,0.500760018825531,0.6278405785560608,-81.69;-161.83;82.67,g-/t/m+,21.69;18.17;7.33,True,3.1705621657282426,CE--B:ASP114:OD1,5.780123672028604,"CG--sym6[0,0,1]/A:VAL136:CG2",0.8162888884544373,,53.1830940246582,48.87937927246094,48.688663482666016,4.4944305419921875,True,True,False,False
experiment_2_C_realspace_local,A_MET112,35,0.500760018825531,0.6278405785560608,-81.69;-161.83;82.67,g-/t/m+,21.69;18.17;7.33,True,3.1705621657282426,CE--B:ASP114:OD1,5.780123672028604,"CG--sym6[0,0,1]/A:VAL136:CG2",0.8162888884544373,,53.1830940246582,48.87937927246094,48.688663482666016,4.4944305419921875,True,True,False,False
experiment_2_C_realspace_local,A_MET112,36,0.500760018825531,0.6278405785560608,-81.69;-161.83;82.67,g-/t/m+,21.69;18.17;7.33,True,3.1705621657282426,CE--B:ASP114:OD1,5.780123672028604,"CG--sym6[0,0,1]/A:VAL136:CG2",0.8162888884544373,,53.1830940246582,48.87937927246094,48.688663482666016,4.4944305419921875,True,True,False,False
experiment_2_C_realspace_local,A_MET112,37,0.500760018825531,0.6278405785560608,-81.69;-161.83;82.67,g-/t/m+,21.69;18.17;7.33,True,3.1705621657282426,CE--B:ASP114:OD1,5.780123672028604,"CG--sym6[0,0,1]/A:VAL136:CG2",0.8162888884544373,,53.1830940246582,48.87937927246094,48.688663482666016,4.4944305419921875,True,True,False,False
experiment_2_C_realspace_local,A_MET112,38,0.500760018825531,0.6278405785560608,-81.69;-161.83;82.67,g-/t/m+,21.69;18.17;7.33,True,3.1705621657282426,CE--B:ASP114:OD1,5.780123672028604,"CG--sym6[0,0,1]/A:VAL136:CG2",0.8162888884544373,,53.1830940246582,48.87937927246094,48.688663482666016,4.4944305419921875,True,True,False,False
experiment_2_C_realspace_local,A_MET112,39,0.500760018825531,0.6278405785560608,-81.69;-161.83;82.67,g-/t/m+,21.69;18.17;7.33,True,3.1705621657282426,CE--B:ASP114:OD1,5.780123672028604,"CG--sym6[0,0,1]/A:VAL136:CG2",0.8162888884544373,,53.1830940246582,48.87937927246094,48.688663482666016,4.4944305419921875,True,True,False,False
experiment_2_C_realspace_local,A_MET112,40,0.500760018825531,0.6278406977653503,-81.69;-161.83;82.67,g-/t/m+,21.69;18.17;7.33,True,3.1705621413099756,CE--B:ASP114:OD1,5.780123672028604,"CG--sym6[0,0,1]/A:VAL136:CG2",0.8162885904312134,,53.1830940246582,48.87937927246094,48.688663482666016,4.4944305419921875,True,True,False,False
experiment_2_C_realspace_local,A_MET112,41,0.500760018825531,0.6278405785560608,-81.69;-161.83;82.67,g-/t/m+,21.69;18.17;7.33,True,3.1705621657282426,CE--B:ASP114:OD1,5.780123672028604,"CG--sym6[0,0,1]/A:VAL136:CG2",0.8162888884544373,,53.1830940246582,48.87937927246094,48.688663482666016,4.4944305419921875,True,True,False,False
experiment_2_C_realspace_local,A_MET112,42,0.500760018825531,0.6278406977653503,-81.69;-161.83;82.67,g-/t/m+,21.69;18.17;7.33,True,3.1705621413099756,CE--B:ASP114:OD1,5.780123672028604,"CG--sym6[0,0,1]/A:VAL136:CG2",0.8162885904312134,,53.1830940246582,48.87937927246094,48.688663482666016,4.4944305419921875,True,True,False,False
experiment_2_C_realspace_local,A_MET112,43,0.500760018825531,0.6278405785560608,-81.69;-161.83;82.67,g-/t/m+,21.69;18.17;7.33,True,3.1705621657282426,CE--B:ASP114:OD1,5.780123672028604,"CG--sym6[0,0,1]/A:VAL136:CG2",0.8162888884544373,,53.1830940246582,48.87937927246094,48.688663482666016,4.4944305419921875,True,True,False,False
experiment_2_C_realspace_local,A_MET112,44,0.500760018825531,0.6278405785560608,-81.69;-161.83;82.67,g-/t/m+,21.69;18.17;7.33,True,3.1705621657282426,CE--B:ASP114:OD1,5.780123672028604,"CG--sym6[0,0,1]/A:VAL136:CG2",0.8162888884544373,,53.1830940246582,48.87937927246094,48.688663482666016,4.4944305419921875,True,True,False,False
experiment_2_C_realspace_local,A_MET112,45,0.500760018825531,0.6278405785560608,-81.69;-161.83;82.67,g-/t/m+,21.69;18.17;7.33,True,3.1705621657282426,CE--B:ASP114:OD1,5.780123672028604,"CG--sym6[0,0,1]/A:VAL136:CG2",0.8162888884544373,,53.1830940246582,48.87937927246094,48.688663482666016,4.4944305419921875,True,True,False,False
experiment_2_C_realspace_local,A_MET112,46,0.500760018825531,0.6278405785560608,-81.69;-161.83;82.67,g-/t/m+,21.69;18.17;7.33,True,3.1705621657282426,CE--B:ASP114:OD1,5.780123672028604,"CG--sym6[0,0,1]/A:VAL136:CG2",0.8162888884544373,,53.1830940246582,48.87937927246094,48.688663482666016,4.4944305419921875,True,True,False,False
experiment_2_C_realspace_local,A_MET112,47,0.500760018825531,0.6278405785560608,-81.69;-161.83;82.67,g-/t/m+,21.69;18.17;7.33,True,3.1705621657282426,CE--B:ASP114:OD1,5.780123672028604,"CG--sym6[0,0,1]/A:VAL136:CG2",0.8162888884544373,,53.1830940246582,48.87937927246094,48.688663482666016,4.4944305419921875,True,True,False,False
experiment_2_C_realspace_local,A_MET112,48,0.500760018825531,0.6278405785560608,-81.69;-161.83;82.67,g-/t/m+,21.69;18.17;7.33,True,3.1705621657282426,CE--B:ASP114:OD1,5.780123672028604,"CG--sym6[0,0,1]/A:VAL136:CG2",0.8162888884544373,,53.1830940246582,48.87937927246094,48.688663482666016,4.4944305419921875,True,True,False,False
experiment_2_C_realspace_local,A_MET112,49,0.500760018825531,0.6278405785560608,-81.69;-161.83;82.67,g-/t/m+,21.69;18.17;7.33,True,3.1705621657282426,CE--B:ASP114:OD1,5.780123672028604,"CG--sym6[0,0,1]/A:VAL136:CG2",0.8162888884544373,,53.1830940246582,48.87937927246094,48.688663482666016,4.4944305419921875,True,True,False,False
experiment_1_complex_target,A_ARG129,0,1.2294442653656006,0.7967637181282043,-112.31;125.54;91.16;-153.83,g-/t/g+/p-180,52.31;54.46;31.16;26.17,False,3.034708839034957,NH2--A:HOH24:O,2.874251823480129,"CD--sym6[-1,0,1]/B:ILE121:CD1",0.5945802330970764,NH1--A:HOH5:O:3.22A;NH2--A:HOH24:O:3.03A,63.7892951965332,48.87940979003906,53.74126434326172,14.90988540649414,True,False,False,False
experiment_1_complex_target,A_ARG129,1,1.2294443845748901,0.7967636585235596,-112.31;125.54;91.16;-153.83,g-/t/g+/p-180,52.31;54.46;31.16;26.17,False,3.0347113046246297,NH2--A:HOH24:O,2.8742586019943848,"CD--sym6[-1,0,1]/B:ILE121:CD1",0.5945829153060913,NH1--A:HOH5:O:3.22A;NH2--A:HOH24:O:3.03A,63.7892951965332,48.87940979003906,53.74126434326172,14.90988540649414,True,False,False,False
experiment_1_complex_target,A_ARG129,2,1.2294443845748901,0.7967636585235596,-112.31;125.54;91.16;-153.83,g-/t/g+/p-180,52.31;54.46;31.16;26.17,False,3.0347113046246297,NH2--A:HOH24:O,2.8742586019943848,"CD--sym6[-1,0,1]/B:ILE121:CD1",0.5945829153060913,NH1--A:HOH5:O:3.22A;NH2--A:HOH24:O:3.03A,63.7892951965332,48.87940979003906,53.74126434326172,14.90988540649414,True,False,False,False
experiment_1_complex_target,A_ARG129,3,1.2294443845748901,0.7967636585235596,-112.31;125.54;91.16;-153.83,g-/t/g+/p-180,52.31;54.46;31.16;26.17,False,3.0347113046246297,NH2--A:HOH24:O,2.8742586019943848,"CD--sym6[-1,0,1]/B:ILE121:CD1",0.5945829153060913,NH1--A:HOH5:O:3.22A;NH2--A:HOH24:O:3.03A,63.7892951965332,48.87940979003906,53.74126434326172,14.90988540649414,True,False,False,False
experiment_1_complex_target,A_ARG129,4,1.2294442653656006,0.7967637181282043,-112.31;125.54;91.16;-153.83,g-/t/g+/p-180,52.31;54.46;31.16;26.17,False,3.034708839034957,NH2--A:HOH24:O,2.874251823480129,"CD--sym6[-1,0,1]/B:ILE121:CD1",0.5945802330970764,NH1--A:HOH5:O:3.22A;NH2--A:HOH24:O:3.03A,63.7892951965332,48.87940979003906,53.74126434326172,14.90988540649414,True,False,False,False
experiment_1_complex_target,A_ARG129,5,1.2294443845748901,0.7967636585235596,-112.31;125.54;91.16;-153.83,g-/t/g+/p-180,52.31;54.46;31.16;26.17,False,3.0347113046246297,NH2--A:HOH24:O,2.8742586019943848,"CD--sym6[-1,0,1]/B:ILE121:CD1",0.5945829153060913,NH1--A:HOH5:O:3.22A;NH2--A:HOH24:O:3.03A,63.7892951965332,48.87940979003906,53.74126434326172,14.90988540649414,True,False,False,False
experiment_1_complex_target,A_ARG129,6,1.2294442653656006,0.7967637181282043,-112.31;125.54;91.16;-153.83,g-/t/g+/p-180,52.31;54.46;31.16;26.17,False,3.034708839034957,NH2--A:HOH24:O,2.874251823480129,"CD--sym6[-1,0,1]/B:ILE121:CD1",0.5945802330970764,NH1--A:HOH5:O:3.22A;NH2--A:HOH24:O:3.03A,63.7892951965332,48.87940979003906,53.74126434326172,14.90988540649414,True,False,False,False
experiment_1_complex_target,A_ARG129,7,1.2294442653656006,0.7967637181282043,-112.31;125.54;91.16;-153.83,g-/t/g+/p-180,52.31;54.46;31.16;26.17,False,3.034708839034957,NH2--A:HOH24:O,2.874251823480129,"CD--sym6[-1,0,1]/B:ILE121:CD1",0.5945802330970764,NH1--A:HOH5:O:3.22A;NH2--A:HOH24:O:3.03A,63.7892951965332,48.87940979003906,53.74126434326172,14.90988540649414,True,False,False,False
experiment_1_complex_target,A_ARG129,8,1.2294443845748901,0.7967636585235596,-112.31;125.54;91.16;-153.83,g-/t/g+/p-180,52.31;54.46;31.16;26.17,False,3.0347113046246297,NH2--A:HOH24:O,2.8742586019943848,"CD--sym6[-1,0,1]/B:ILE121:CD1",0.5945829153060913,NH1--A:HOH5:O:3.22A;NH2--A:HOH24:O:3.03A,63.7892951965332,48.87940979003906,53.74126434326172,14.90988540649414,True,False,False,False
experiment_1_complex_target,A_ARG129,9,1.2294443845748901,0.7967636585235596,-112.31;125.54;91.16;-153.83,g-/t/g+/p-180,52.31;54.46;31.16;26.17,False,3.0347113046246297,NH2--A:HOH24:O,2.8742586019943848,"CD--sym6[-1,0,1]/B:ILE121:CD1",0.5945829153060913,NH1--A:HOH5:O:3.22A;NH2--A:HOH24:O:3.03A,63.7892951965332,48.87940979003906,53.74126434326172,14.90988540649414,True,False,False,False
experiment_1_complex_target,A_ARG129,10,1.2294442653656006,0.7967637181282043,-112.31;125.54;91.16;-153.83,g-/t/g+/p-180,52.31;54.46;31.16;26.17,False,3.034708839034957,NH2--A:HOH24:O,2.874251823480129,"CD--sym6[-1,0,1]/B:ILE121:CD1",0.5945802330970764,NH1--A:HOH5:O:3.22A;NH2--A:HOH24:O:3.03A,63.7892951965332,48.87940979003906,53.74126434326172,14.90988540649414,True,False,False,False
experiment_1_complex_target,A_ARG129,11,1.2294443845748901,0.7967636585235596,-112.31;125.54;91.16;-153.83,g-/t/g+/p-180,52.31;54.46;31.16;26.17,False,3.0347113046246297,NH2--A:HOH24:O,2.8742586019943848,"CD--sym6[-1,0,1]/B:ILE121:CD1",0.5945829153060913,NH1--A:HOH5:O:3.22A;NH2--A:HOH24:O:3.03A,63.7892951965332,48.87940979003906,53.74126434326172,14.90988540649414,True,False,False,False
experiment_1_complex_target,A_ARG129,12,1.2294442653656006,0.7967637181282043,-112.31;125.54;91.16;-153.83,g-/t/g+/p-180,52.31;54.46;31.16;26.17,False,3.034708839034957,NH2--A:HOH24:O,2.874251823480129,"CD--sym6[-1,0,1]/B:ILE121:CD1",0.5945802330970764,NH1--A:HOH5:O:3.22A;NH2--A:HOH24:O:3.03A,63.7892951965332,48.87940979003906,53.74126434326172,14.90988540649414,True,False,False,False
experiment_1_complex_target,A_ARG129,13,1.2294442653656006,0.7967637181282043,-112.31;125.54;91.16;-153.83,g-/t/g+/p-180,52.31;54.46;31.16;26.17,False,3.034708839034957,NH2--A:HOH24:O,2.874251823480129,"CD--sym6[-1,0,1]/B:ILE121:CD1",0.5945802330970764,NH1--A:HOH5:O:3.22A;NH2--A:HOH24:O:3.03A,63.7892951965332,48.87940979003906,53.74126434326172,14.90988540649414,True,False,False,False
experiment_1_complex_target,A_ARG129,14,1.2294443845748901,0.7967636585235596,-112.31;125.54;91.16;-153.83,g-/t/g+/p-180,52.31;54.46;31.16;26.17,False,3.0347113046246297,NH2--A:HOH24:O,2.8742586019943848,"CD--sym6[-1,0,1]/B:ILE121:CD1",0.5945829153060913,NH1--A:HOH5:O:3.22A;NH2--A:HOH24:O:3.03A,63.7892951965332,48.87940979003906,53.74126434326172,14.90988540649414,True,False,False,False
experiment_1_complex_target,A_ARG129,15,1.2294442653656006,0.7967637181282043,-112.31;125.54;91.16;-153.83,g-/t/g+/p-180,52.31;54.46;31.16;26.17,False,3.034708839034957,NH2--A:HOH24:O,2.874251823480129,"CD--sym6[-1,0,1]/B:ILE121:CD1",0.5945802330970764,NH1--A:HOH5:O:3.22A;NH2--A:HOH24:O:3.03A,63.7892951965332,48.87940979003906,53.74126434326172,14.90988540649414,True,False,False,False
experiment_1_complex_target,A_ARG129,16,1.2294443845748901,0.7967636585235596,-112.31;125.54;91.16;-153.83,g-/t/g+/p-180,52.31;54.46;31.16;26.17,False,3.0347113046246297,NH2--A:HOH24:O,2.8742586019943848,"CD--sym6[-1,0,1]/B:ILE121:CD1",0.5945829153060913,NH1--A:HOH5:O:3.22A;NH2--A:HOH24:O:3.03A,63.7892951965332,48.87940979003906,53.74126434326172,14.90988540649414,True,False,False,False
experiment_1_complex_target,A_ARG129,17,1.2294442653656006,0.7967637181282043,-112.31;125.54;91.16;-153.83,g-/t/g+/p-180,52.31;54.46;31.16;26.17,False,3.034708839034957,NH2--A:HOH24:O,2.874251823480129,"CD--sym6[-1,0,1]/B:ILE121:CD1",0.5945802330970764,NH1--A:HOH5:O:3.22A;NH2--A:HOH24:O:3.03A,63.7892951965332,48.87940979003906,53.74126434326172,14.90988540649414,True,False,False,False
experiment_1_complex_target,A_ARG129,18,1.2294442653656006,0.7967637181282043,-112.31;125.54;91.16;-153.83,g-/t/g+/p-180,52.31;54.46;31.16;26.17,False,3.034708839034957,NH2--A:HOH24:O,2.874251823480129,"CD--sym6[-1,0,1]/B:ILE121:CD1",0.5945802330970764,NH1--A:HOH5:O:3.22A;NH2--A:HOH24:O:3.03A,63.7892951965332,48.87940979003906,53.74126434326172,14.90988540649414,True,False,False,False
experiment_1_complex_target,A_ARG129,19,1.2294443845748901,0.7967636585235596,-112.31;125.54;91.16;-153.83,g-/t/g+/p-180,52.31;54.46;31.16;26.17,False,3.0347113046246297,NH2--A:HOH24:O,2.8742586019943848,"CD--sym6[-1,0,1]/B:ILE121:CD1",0.5945829153060913,NH1--A:HOH5:O:3.22A;NH2--A:HOH24:O:3.03A,63.7892951965332,48.87940979003906,53.74126434326172,14.90988540649414,True,False,False,False
experiment_1_complex_target,A_ARG129,20,1.2294442653656006,0.7967637181282043,-112.31;125.54;91.16;-153.83,g-/t/g+/p-180,52.31;54.46;31.16;26.17,False,3.034708839034957,NH2--A:HOH24:O,2.874251823480129,"CD--sym6[-1,0,1]/B:ILE121:CD1",0.5945802330970764,NH1--A:HOH5:O:3.22A;NH2--A:HOH24:O:3.03A,63.7892951965332,48.87940979003906,53.74126434326172,14.90988540649414,True,False,False,False
experiment_1_complex_target,A_ARG129,21,1.2294443845748901,0.7967636585235596,-112.31;125.54;91.16;-153.83,g-/t/g+/p-180,52.31;54.46;31.16;26.17,False,3.0347113046246297,NH2--A:HOH24:O,2.8742586019943848,"CD--sym6[-1,0,1]/B:ILE121:CD1",0.5945829153060913,NH1--A:HOH5:O:3.22A;NH2--A:HOH24:O:3.03A,63.7892951965332,48.87940979003906,53.74126434326172,14.90988540649414,True,False,False,False
experiment_1_complex_target,A_ARG129,22,1.2294443845748901,0.7967636585235596,-112.31;125.54;91.16;-153.83,g-/t/g+/p-180,52.31;54.46;31.16;26.17,False,3.0347113046246297,NH2--A:HOH24:O,2.8742586019943848,"CD--sym6[-1,0,1]/B:ILE121:CD1",0.5945829153060913,NH1--A:HOH5:O:3.22A;NH2--A:HOH24:O:3.03A,63.7892951965332,48.87940979003906,53.74126434326172,14.90988540649414,True,False,False,False
experiment_1_complex_target,A_ARG129,23,1.2294443845748901,0.7967636585235596,-112.31;125.54;91.16;-153.83,g-/t/g+/p-180,52.31;54.46;31.16;26.17,False,3.0347113046246297,NH2--A:HOH24:O,2.8742586019943848,"CD--sym6[-1,0,1]/B:ILE121:CD1",0.5945829153060913,NH1--A:HOH5:O:3.22A;NH2--A:HOH24:O:3.03A,63.7892951965332,48.87940979003906,53.74126434326172,14.90988540649414,True,False,False,False
experiment_1_complex_target,A_ARG129,24,1.2294443845748901,0.7967636585235596,-112.31;125.54;91.16;-153.83,g-/t/g+/p-180,52.31;54.46;31.16;26.17,False,3.0347113046246297,NH2--A:HOH24:O,2.8742586019943848,"CD--sym6[-1,0,1]/B:ILE121:CD1",0.5945829153060913,NH1--A:HOH5:O:3.22A;NH2--A:HOH24:O:3.03A,63.7892951965332,48.87940979003906,53.74126434326172,14.90988540649414,True,False,False,False
experiment_1_complex_target,A_ARG129,25,1.2294442653656006,0.7967637181282043,-112.31;125.54;91.16;-153.83,g-/t/g+/p-180,52.31;54.46;31.16;26.17,False,3.034708839034957,NH2--A:HOH24:O,2.874251823480129,"CD--sym6[-1,0,1]/B:ILE121:CD1",0.5945802330970764,NH1--A:HOH5:O:3.22A;NH2--A:HOH24:O:3.03A,63.7892951965332,48.87940979003906,53.74126434326172,14.90988540649414,True,False,False,False
experiment_1_complex_target,A_ARG129,26,1.2294443845748901,0.7967636585235596,-112.31;125.54;91.16;-153.83,g-/t/g+/p-180,52.31;54.46;31.16;26.17,False,3.0347113046246297,NH2--A:HOH24:O,2.8742586019943848,"CD--sym6[-1,0,1]/B:ILE121:CD1",0.5945829153060913,NH1--A:HOH5:O:3.22A;NH2--A:HOH24:O:3.03A,63.7892951965332,48.87940979003906,53.74126434326172,14.90988540649414,True,False,False,False
experiment_1_complex_target,A_ARG129,27,1.2294442653656006,0.7967637181282043,-112.31;125.54;91.16;-153.83,g-/t/g+/p-180,52.31;54.46;31.16;26.17,False,3.034708839034957,NH2--A:HOH24:O,2.874251823480129,"CD--sym6[-1,0,1]/B:ILE121:CD1",0.5945802330970764,NH1--A:HOH5:O:3.22A;NH2--A:HOH24:O:3.03A,63.7892951965332,48.87940979003906,53.74126434326172,14.90988540649414,True,False,False,False
experiment_1_complex_target,A_ARG129,28,1.2294443845748901,0.7967636585235596,-112.31;125.54;91.16;-153.83,g-/t/g+/p-180,52.31;54.46;31.16;26.17,False,3.0347113046246297,NH2--A:HOH24:O,2.8742586019943848,"CD--sym6[-1,0,1]/B:ILE121:CD1",0.5945829153060913,NH1--A:HOH5:O:3.22A;NH2--A:HOH24:O:3.03A,63.7892951965332,48.87940979003906,53.74126434326172,14.90988540649414,True,False,False,False
experiment_1_complex_target,A_ARG129,29,1.2294442653656006,0.7967637181282043,-112.31;125.54;91.16;-153.83,g-/t/g+/p-180,52.31;54.46;31.16;26.17,False,3.034708839034957,NH2--A:HOH24:O,2.874251823480129,"CD--sym6[-1,0,1]/B:ILE121:CD1",0.5945802330970764,NH1--A:HOH5:O:3.22A;NH2--A:HOH24:O:3.03A,63.7892951965332,48.87940979003906,53.74126434326172,14.90988540649414,True,False,False,False
experiment_1_complex_target,A_ARG129,30,1.2294442653656006,0.7967637181282043,-112.31;125.54;91.16;-153.83,g-/t/g+/p-180,52.31;54.46;31.16;26.17,False,3.034708839034957,NH2--A:HOH24:O,2.874251823480129,"CD--sym6[-1,0,1]/B:ILE121:CD1",0.5945802330970764,NH1--A:HOH5:O:3.22A;NH2--A:HOH24:O:3.03A,63.7892951965332,48.87940979003906,53.74126434326172,14.90988540649414,True,False,False,False
experiment_1_complex_target,A_ARG129,31,1.2294442653656006,0.7967637181282043,-112.31;125.54;91.16;-153.83,g-/t/g+/p-180,52.31;54.46;31.16;26.17,False,3.034708839034957,NH2--A:HOH24:O,2.874251823480129,"CD--sym6[-1,0,1]/B:ILE121:CD1",0.5945802330970764,NH1--A:HOH5:O:3.22A;NH2--A:HOH24:O:3.03A,63.7892951965332,48.87940979003906,53.74126434326172,14.90988540649414,True,False,False,False
experiment_1_complex_target,A_ARG129,32,1.2294443845748901,0.7967636585235596,-112.31;125.54;91.16;-153.83,g-/t/g+/p-180,52.31;54.46;31.16;26.17,False,3.0347113046246297,NH2--A:HOH24:O,2.8742586019943848,"CD--sym6[-1,0,1]/B:ILE121:CD1",0.5945829153060913,NH1--A:HOH5:O:3.22A;NH2--A:HOH24:O:3.03A,63.7892951965332,48.87940979003906,53.74126434326172,14.90988540649414,True,False,False,False
experiment_1_complex_target,A_ARG129,33,1.2294443845748901,0.7967636585235596,-112.31;125.54;91.16;-153.83,g-/t/g+/p-180,52.31;54.46;31.16;26.17,False,3.0347113046246297,NH2--A:HOH24:O,2.8742586019943848,"CD--sym6[-1,0,1]/B:ILE121:CD1",0.5945829153060913,NH1--A:HOH5:O:3.22A;NH2--A:HOH24:O:3.03A,63.7892951965332,48.87940979003906,53.74126434326172,14.90988540649414,True,False,False,False
experiment_1_complex_target,A_ARG129,34,1.2294442653656006,0.7967637181282043,-112.31;125.54;91.16;-153.83,g-/t/g+/p-180,52.31;54.46;31.16;26.17,False,3.034708839034957,NH2--A:HOH24:O,2.874251823480129,"CD--sym6[-1,0,1]/B:ILE121:CD1",0.5945802330970764,NH1--A:HOH5:O:3.22A;NH2--A:HOH24:O:3.03A,63.7892951965332,48.87940979003906,53.74126434326172,14.90988540649414,True,False,False,False
experiment_1_complex_target,A_ARG129,35,1.2294442653656006,0.7967637181282043,-112.31;125.54;91.16;-153.83,g-/t/g+/p-180,52.31;54.46;31.16;26.17,False,3.034708839034957,NH2--A:HOH24:O,2.874251823480129,"CD--sym6[-1,0,1]/B:ILE121:CD1",0.5945802330970764,NH1--A:HOH5:O:3.22A;NH2--A:HOH24:O:3.03A,63.7892951965332,48.87940979003906,53.74126434326172,14.90988540649414,True,False,False,False
experiment_1_complex_target,A_ARG129,36,1.2294442653656006,0.7967637181282043,-112.31;125.54;91.16;-153.83,g-/t/g+/p-180,52.31;54.46;31.16;26.17,False,3.034708839034957,NH2--A:HOH24:O,2.874251823480129,"CD--sym6[-1,0,1]/B:ILE121:CD1",0.5945802330970764,NH1--A:HOH5:O:3.22A;NH2--A:HOH24:O:3.03A,63.7892951965332,48.87940979003906,53.74126434326172,14.90988540649414,True,False,False,False
experiment_1_complex_target,A_ARG129,37,1.2294442653656006,0.7967637181282043,-112.31;125.54;91.16;-153.83,g-/t/g+/p-180,52.31;54.46;31.16;26.17,False,3.034708839034957,NH2--A:HOH24:O,2.874251823480129,"CD--sym6[-1,0,1]/B:ILE121:CD1",0.5945802330970764,NH1--A:HOH5:O:3.22A;NH2--A:HOH24:O:3.03A,63.7892951965332,48.87940979003906,53.74126434326172,14.90988540649414,True,False,False,False
experiment_1_complex_target,A_ARG129,38,1.2294443845748901,0.7967636585235596,-112.31;125.54;91.16;-153.83,g-/t/g+/p-180,52.31;54.46;31.16;26.17,False,3.0347113046246297,NH2--A:HOH24:O,2.8742586019943848,"CD--sym6[-1,0,1]/B:ILE121:CD1",0.5945829153060913,NH1--A:HOH5:O:3.22A;NH2--A:HOH24:O:3.03A,63.7892951965332,48.87940979003906,53.74126434326172,14.90988540649414,True,False,False,False
experiment_1_complex_target,A_ARG129,39,1.2294443845748901,0.7967636585235596,-112.31;125.54;91.16;-153.83,g-/t/g+/p-180,52.31;54.46;31.16;26.17,False,3.0347113046246297,NH2--A:HOH24:O,2.8742586019943848,"CD--sym6[-1,0,1]/B:ILE121:CD1",0.5945829153060913,NH1--A:HOH5:O:3.22A;NH2--A:HOH24:O:3.03A,63.7892951965332,48.87940979003906,53.74126434326172,14.90988540649414,True,False,False,False
experiment_1_complex_target,A_ARG129,40,1.2294442653656006,0.7967637181282043,-112.31;125.54;91.16;-153.83,g-/t/g+/p-180,52.31;54.46;31.16;26.17,False,3.034708839034957,NH2--A:HOH24:O,2.874251823480129,"CD--sym6[-1,0,1]/B:ILE121:CD1",0.5945802330970764,NH1--A:HOH5:O:3.22A;NH2--A:HOH24:O:3.03A,63.7892951965332,48.87940979003906,53.74126434326172,14.90988540649414,True,False,False,False
experiment_1_complex_target,A_ARG129,41,1.2294442653656006,0.7967637181282043,-112.31;125.54;91.16;-153.83,g-/t/g+/p-180,52.31;54.46;31.16;26.17,False,3.034708839034957,NH2--A:HOH24:O,2.874251823480129,"CD--sym6[-1,0,1]/B:ILE121:CD1",0.5945802330970764,NH1--A:HOH5:O:3.22A;NH2--A:HOH24:O:3.03A,63.7892951965332,48.87940979003906,53.74126434326172,14.90988540649414,True,False,False,False
experiment_1_complex_target,A_ARG129,42,1.2294442653656006,0.7967637181282043,-112.31;125.54;91.16;-153.83,g-/t/g+/p-180,52.31;54.46;31.16;26.17,False,3.034708839034957,NH2--A:HOH24:O,2.874251823480129,"CD--sym6[-1,0,1]/B:ILE121:CD1",0.5945802330970764,NH1--A:HOH5:O:3.22A;NH2--A:HOH24:O:3.03A,63.7892951965332,48.87940979003906,53.74126434326172,14.90988540649414,True,False,False,False
experiment_1_complex_target,A_ARG129,43,1.2294442653656006,0.7967637181282043,-112.31;125.54;91.16;-153.83,g-/t/g+/p-180,52.31;54.46;31.16;26.17,False,3.034708839034957,NH2--A:HOH24:O,2.874251823480129,"CD--sym6[-1,0,1]/B:ILE121:CD1",0.5945802330970764,NH1--A:HOH5:O:3.22A;NH2--A:HOH24:O:3.03A,63.7892951965332,48.87940979003906,53.74126434326172,14.90988540649414,True,False,False,False
experiment_1_complex_target,A_ARG129,44,1.2294443845748901,0.7967636585235596,-112.31;125.54;91.16;-153.83,g-/t/g+/p-180,52.31;54.46;31.16;26.17,False,3.0347113046246297,NH2--A:HOH24:O,2.8742586019943848,"CD--sym6[-1,0,1]/B:ILE121:CD1",0.5945829153060913,NH1--A:HOH5:O:3.22A;NH2--A:HOH24:O:3.03A,63.7892951965332,48.87940979003906,53.74126434326172,14.90988540649414,True,False,False,False
experiment_1_complex_target,A_ARG129,45,1.2294443845748901,0.7967636585235596,-112.31;125.54;91.16;-153.83,g-/t/g+/p-180,52.31;54.46;31.16;26.17,False,3.0347113046246297,NH2--A:HOH24:O,2.8742586019943848,"CD--sym6[-1,0,1]/B:ILE121:CD1",0.5945829153060913,NH1--A:HOH5:O:3.22A;NH2--A:HOH24:O:3.03A,63.7892951965332,48.87940979003906,53.74126434326172,14.90988540649414,True,False,False,False
experiment_1_complex_target,A_ARG129,46,1.2294443845748901,0.7967636585235596,-112.31;125.54;91.16;-153.83,g-/t/g+/p-180,52.31;54.46;31.16;26.17,False,3.0347113046246297,NH2--A:HOH24:O,2.8742586019943848,"CD--sym6[-1,0,1]/B:ILE121:CD1",0.5945829153060913,NH1--A:HOH5:O:3.22A;NH2--A:HOH24:O:3.03A,63.7892951965332,48.87940979003906,53.74126434326172,14.90988540649414,True,False,False,False
experiment_1_complex_target,A_ARG129,47,1.2294443845748901,0.7967636585235596,-112.31;125.54;91.16;-153.83,g-/t/g+/p-180,52.31;54.46;31.16;26.17,False,3.0347113046246297,NH2--A:HOH24:O,2.8742586019943848,"CD--sym6[-1,0,1]/B:ILE121:CD1",0.5945829153060913,NH1--A:HOH5:O:3.22A;NH2--A:HOH24:O:3.03A,63.7892951965332,48.87940979003906,53.74126434326172,14.90988540649414,True,False,False,False
experiment_1_complex_target,A_ARG129,48,1.2294442653656006,0.7967637181282043,-112.31;125.54;91.16;-153.83,g-/t/g+/p-180,52.31;54.46;31.16;26.17,False,3.034708839034957,NH2--A:HOH24:O,2.874251823480129,"CD--sym6[-1,0,1]/B:ILE121:CD1",0.5945802330970764,NH1--A:HOH5:O:3.22A;NH2--A:HOH24:O:3.03A,63.7892951965332,48.87940979003906,53.74126434326172,14.90988540649414,True,False,False,False
experiment_1_complex_target,A_ARG129,49,1.2294442653656006,0.7967637181282043,-112.31;125.54;91.16;-153.83,g-/t/g+/p-180,52.31;54.46;31.16;26.17,False,3.034708839034957,NH2--A:HOH24:O,2.874251823480129,"CD--sym6[-1,0,1]/B:ILE121:CD1",0.5945802330970764,NH1--A:HOH5:O:3.22A;NH2--A:HOH24:O:3.03A,63.7892951965332,48.87940979003906,53.74126434326172,14.90988540649414,True,False,False,False
experiment_2_A_synthetic_fobs,A_ARG129,0,0.7740535736083984,1.1117258071899414,-71.56;155.04;67.72;178.84,g-/t/g+/p180,11.56;24.96;7.72;1.16,True,2.6725007182497054,NH2--B:TYR131:CE2,3.3563280095341086,"NH2--sym7[1,-1,1]/B:HOH41:O",0.37764495611190796,NH1--A:HOH24:O:3.05A,48.65634536743164,48.87940979003906,53.74126434326172,-0.22306442260742188,True,True,False,False
experiment_2_A_synthetic_fobs,A_ARG129,1,0.7740535736083984,1.1117260456085205,-71.56;155.04;67.72;178.84,g-/t/g+/p-180,11.56;24.96;7.72;1.16,True,2.672500406944639,NH2--B:TYR131:CE2,3.356326721268393,"NH2--sym7[1,-1,1]/B:HOH41:O",0.37764492630958557,NH1--A:HOH24:O:3.05A,48.65634536743164,48.87940979003906,53.74126434326172,-0.22306442260742188,True,True,False,False
experiment_2_A_synthetic_fobs,A_ARG129,2,0.7740536332130432,1.1117260456085205,-71.56;155.04;67.72;178.84,g-/t/g+/p-180,11.56;24.96;7.72;1.16,True,2.672500406944639,NH2--B:TYR131:CE2,3.356326721268393,"NH2--sym7[1,-1,1]/B:HOH41:O",0.37764477729797363,NH1--A:HOH24:O:3.05A,48.65634536743164,48.87940979003906,53.74126434326172,-0.22306442260742188,True,True,False,False
experiment_2_A_synthetic_fobs,A_ARG129,3,0.7740536332130432,1.1117260456085205,-71.56;155.04;67.72;178.84,g-/t/g+/p-180,11.56;24.96;7.72;1.16,True,2.672500406944639,NH2--B:TYR131:CE2,3.356326721268393,"NH2--sym7[1,-1,1]/B:HOH41:O",0.37764477729797363,NH1--A:HOH24:O:3.05A,48.65634536743164,48.87940979003906,53.74126434326172,-0.22306442260742188,True,True,False,False
experiment_2_A_synthetic_fobs,A_ARG129,4,0.7740535140037537,1.1117260456085205,-71.56;155.04;67.72;178.84,g-/t/g+/p-180,11.56;24.96;7.72;1.16,True,2.6725006364194934,NH2--B:TYR131:CE2,3.356326311410737,"NH2--sym7[1,-1,1]/B:HOH41:O",0.37764501571655273,NH1--A:HOH24:O:3.05A,48.65634536743164,48.87940979003906,53.74126434326172,-0.22306442260742188,True,True,False,False
experiment_2_A_synthetic_fobs,A_ARG129,5,0.7740536332130432,1.1117260456085205,-71.56;155.04;67.72;178.84,g-/t/g+/p-180,11.56;24.96;7.72;1.16,True,2.672500406944639,NH2--B:TYR131:CE2,3.356326721268393,"NH2--sym7[1,-1,1]/B:HOH41:O",0.37764477729797363,NH1--A:HOH24:O:3.05A,48.65634536743164,48.87940979003906,53.74126434326172,-0.22306442260742188,True,True,False,False
experiment_2_A_synthetic_fobs,A_ARG129,6,0.7740536332130432,1.1117260456085205,-71.56;155.04;67.72;178.84,g-/t/g+/p-180,11.56;24.96;7.72;1.16,True,2.672500406944639,NH2--B:TYR131:CE2,3.356326721268393,"NH2--sym7[1,-1,1]/B:HOH41:O",0.37764477729797363,NH1--A:HOH24:O:3.05A,48.65634536743164,48.87940979003906,53.74126434326172,-0.22306442260742188,True,True,False,False
experiment_2_A_synthetic_fobs,A_ARG129,7,0.7740535140037537,1.1117260456085205,-71.56;155.04;67.72;178.84,g-/t/g+/p180,11.56;24.96;7.72;1.16,True,2.672500865894413,NH2--B:TYR131:CE2,3.3563259015530984,"NH2--sym7[1,-1,1]/B:HOH41:O",0.3776448667049408,NH1--A:HOH24:O:3.05A,48.65634536743164,48.87940979003906,53.74126434326172,-0.22306442260742188,True,True,False,False
experiment_2_A_synthetic_fobs,A_ARG129,8,0.7740536332130432,1.1117260456085205,-71.56;155.04;67.72;178.84,g-/t/g+/p-180,11.56;24.96;7.72;1.16,True,2.672500406944639,NH2--B:TYR131:CE2,3.356326721268393,"NH2--sym7[1,-1,1]/B:HOH41:O",0.37764477729797363,NH1--A:HOH24:O:3.05A,48.65634536743164,48.87940979003906,53.74126434326172,-0.22306442260742188,True,True,False,False
experiment_2_A_synthetic_fobs,A_ARG129,9,0.7740535140037537,1.1117260456085205,-71.56;155.04;67.72;178.84,g-/t/g+/p-180,11.56;24.96;7.72;1.16,True,2.6725006364194934,NH2--B:TYR131:CE2,3.356326311410737,"NH2--sym7[1,-1,1]/B:HOH41:O",0.37764501571655273,NH1--A:HOH24:O:3.05A,48.65634536743164,48.87940979003906,53.74126434326172,-0.22306442260742188,True,True,False,False
experiment_2_A_synthetic_fobs,A_ARG129,10,0.7740536332130432,1.1117260456085205,-71.56;155.04;67.72;178.84,g-/t/g+/p-180,11.56;24.96;7.72;1.16,True,2.672500406944639,NH2--B:TYR131:CE2,3.356326721268393,"NH2--sym7[1,-1,1]/B:HOH41:O",0.37764477729797363,NH1--A:HOH24:O:3.05A,48.65634536743164,48.87940979003906,53.74126434326172,-0.22306442260742188,True,True,False,False
experiment_2_A_synthetic_fobs,A_ARG129,11,0.7740535140037537,1.1117260456085205,-71.56;155.04;67.72;178.84,g-/t/g+/p-180,11.56;24.96;7.72;1.16,True,2.672500406944639,NH2--B:TYR131:CE2,3.356326721268393,"NH2--sym7[1,-1,1]/B:HOH41:O",0.37764477729797363,NH1--A:HOH24:O:3.05A,48.65634536743164,48.87940979003906,53.74126434326172,-0.22306442260742188,True,True,False,False
experiment_2_A_synthetic_fobs,A_ARG129,12,0.7740535140037537,1.1117260456085205,-71.56;155.04;67.72;178.84,g-/t/g+/p-180,11.56;24.96;7.72;1.16,True,2.6725006364194934,NH2--B:TYR131:CE2,3.356326311410737,"NH2--sym7[1,-1,1]/B:HOH41:O",0.37764501571655273,NH1--A:HOH24:O:3.05A,48.65634536743164,48.87940979003906,53.74126434326172,-0.22306442260742188,True,True,False,False
experiment_2_A_synthetic_fobs,A_ARG129,13,0.7740535736083984,1.1117258071899414,-71.56;155.04;67.72;178.84,g-/t/g+/p180,11.56;24.96;7.72;1.16,True,2.6725009477244477,NH2--B:TYR131:CE2,3.3563275996765416,"NH2--sym7[1,-1,1]/B:HOH41:O",0.37764498591423035,NH1--A:HOH24:O:3.05A,48.65634536743164,48.87940979003906,53.74126434326172,-0.22306442260742188,True,True,False,False
experiment_2_A_synthetic_fobs,A_ARG129,14,0.7740536332130432,1.1117260456085205,-71.56;155.04;67.72;178.84,g-/t/g+/p-180,11.56;24.96;7.72;1.16,True,2.672500406944639,NH2--B:TYR131:CE2,3.356326721268393,"NH2--sym7[1,-1,1]/B:HOH41:O",0.37764477729797363,NH1--A:HOH24:O:3.05A,48.65634536743164,48.87940979003906,53.74126434326172,-0.22306442260742188,True,True,False,False
experiment_2_A_synthetic_fobs,A_ARG129,15,0.7740536332130432,1.1117260456085205,-71.56;155.04;67.72;178.84,g-/t/g+/p-180,11.56;24.96;7.72;1.16,True,2.672500406944639,NH2--B:TYR131:CE2,3.356326721268393,"NH2--sym7[1,-1,1]/B:HOH41:O",0.37764477729797363,NH1--A:HOH24:O:3.05A,48.65634536743164,48.87940979003906,53.74126434326172,-0.22306442260742188,True,True,False,False
experiment_2_A_synthetic_fobs,A_ARG129,16,0.7740535140037537,1.1117260456085205,-71.56;155.04;67.72;178.84,g-/t/g+/p-180,11.56;24.96;7.72;1.16,True,2.6725006364194934,NH2--B:TYR131:CE2,3.356326311410737,"NH2--sym7[1,-1,1]/B:HOH41:O",0.37764501571655273,NH1--A:HOH24:O:3.05A,48.65634536743164,48.87940979003906,53.74126434326172,-0.22306442260742188,True,True,False,False
experiment_2_A_synthetic_fobs,A_ARG129,17,0.7740536332130432,1.1117260456085205,-71.56;155.04;67.72;178.84,g-/t/g+/p-180,11.56;24.96;7.72;1.16,True,2.6725006364194934,NH2--B:TYR131:CE2,3.356326311410737,"NH2--sym7[1,-1,1]/B:HOH41:O",0.37764477729797363,NH1--A:HOH24:O:3.05A,48.65634536743164,48.87940979003906,53.74126434326172,-0.22306442260742188,True,True,False,False
experiment_2_A_synthetic_fobs,A_ARG129,18,0.7740536332130432,1.1117260456085205,-71.56;155.04;67.72;178.84,g-/t/g+/p-180,11.56;24.96;7.72;1.16,True,2.672500406944639,NH2--B:TYR131:CE2,3.356326721268393,"NH2--sym7[1,-1,1]/B:HOH41:O",0.37764477729797363,NH1--A:HOH24:O:3.05A,48.65634536743164,48.87940979003906,53.74126434326172,-0.22306442260742188,True,True,False,False
experiment_2_A_synthetic_fobs,A_ARG129,19,0.7740535140037537,1.111725926399231,-71.56;155.04;67.72;178.84,g-/t/g+/p180,11.56;24.96;7.72;1.16,True,2.6725009477244477,NH2--B:TYR131:CE2,3.3563275996765416,"NH2--sym7[1,-1,1]/B:HOH41:O",0.37764498591423035,NH1--A:HOH24:O:3.05A,48.65634536743164,48.87940979003906,53.74126434326172,-0.22306442260742188,True,True,False,False
experiment_2_A_synthetic_fobs,A_ARG129,20,0.7740534543991089,1.1117260456085205,-71.56;155.04;67.72;178.84,g-/t/g+/p180,11.56;24.96;7.72;1.16,True,2.67250186562407,NH2--B:TYR131:CE2,3.3563259602464517,"NH2--sym7[1,-1,1]/B:HOH41:O",0.37764784693717957,NH1--A:HOH24:O:3.05A,48.65634536743164,48.87940979003906,53.74126434326172,-0.22306442260742188,True,True,False,False
experiment_2_A_synthetic_fobs,A_ARG129,21,0.7740535140037537,1.1117258071899414,-71.56;155.04;67.72;178.84,g-/t/g+/p180,11.56;24.96;7.72;1.16,True,2.6725007182497054,NH2--B:TYR131:CE2,3.3563280095341086,"NH2--sym7[1,-1,1]/B:HOH41:O",0.37764495611190796,NH1--A:HOH24:O:3.05A,48.65634536743164,48.87940979003906,53.74126434326172,-0.22306442260742188,True,True,False,False
experiment_2_A_synthetic_fobs,A_ARG129,22,0.7740535736083984,1.1117258071899414,-71.56;155.04;67.72;178.84,g-/t/g+/p180,11.56;24.96;7.72;1.16,True,2.6725007182497054,NH2--B:TYR131:CE2,3.3563280095341086,"NH2--sym7[1,-1,1]/B:HOH41:O",0.3776450455188751,NH1--A:HOH24:O:3.05A,48.65634536743164,48.87940979003906,53.74126434326172,-0.22306442260742188,True,True,False,False
experiment_2_A_synthetic_fobs,A_ARG129,23,0.7740535140037537,1.1117260456085205,-71.56;155.04;67.72;178.84,g-/t/g+/p-180,11.56;24.96;7.72;1.16,True,2.6725006364194934,NH2--B:TYR131:CE2,3.356326311410737,"NH2--sym7[1,-1,1]/B:HOH41:O",0.37764501571655273,NH1--A:HOH24:O:3.05A,48.65634536743164,48.87940979003906,53.74126434326172,-0.22306442260742188,True,True,False,False
experiment_2_A_synthetic_fobs,A_ARG129,24,0.7740535140037537,1.1117260456085205,-71.56;155.04;67.72;178.84,g-/t/g+/p-180,11.56;24.96;7.72;1.16,True,2.672500865894413,NH2--B:TYR131:CE2,3.3563259015530984,"NH2--sym7[1,-1,1]/B:HOH41:O",0.3776450455188751,NH1--A:HOH24:O:3.05A,48.65634536743164,48.87940979003906,53.74126434326172,-0.22306442260742188,True,True,False,False
experiment_2_A_synthetic_fobs,A_ARG129,25,0.7740536332130432,1.1117260456085205,-71.56;155.04;67.72;178.84,g-/t/g+/p-180,11.56;24.96;7.72;1.16,True,2.672500406944639,NH2--B:TYR131:CE2,3.356326721268393,"NH2--sym7[1,-1,1]/B:HOH41:O",0.37764477729797363,NH1--A:HOH24:O:3.05A,48.65634536743164,48.87940979003906,53.74126434326172,-0.22306442260742188,True,True,False,False
experiment_2_A_synthetic_fobs,A_ARG129,26,0.7740536332130432,1.1117260456085205,-71.56;155.04;67.72;178.84,g-/t/g+/p-180,11.56;24.96;7.72;1.16,True,2.6725006364194934,NH2--B:TYR131:CE2,3.356326311410737,"NH2--sym7[1,-1,1]/B:HOH41:O",0.37764477729797363,NH1--A:HOH24:O:3.05A,48.65634536743164,48.87940979003906,53.74126434326172,-0.22306442260742188,True,True,False,False
experiment_2_A_synthetic_fobs,A_ARG129,27,0.7740535736083984,1.1117258071899414,-71.56;155.04;67.72;178.84,g-/t/g+/p180,11.56;24.96;7.72;1.16,True,2.6725007182497054,NH2--B:TYR131:CE2,3.3563280095341086,"NH2--sym7[1,-1,1]/B:HOH41:O",0.37764495611190796,NH1--A:HOH24:O:3.05A,48.65634536743164,48.87940979003906,53.74126434326172,-0.22306442260742188,True,True,False,False
experiment_2_A_synthetic_fobs,A_ARG129,28,0.7740535140037537,1.1117260456085205,-71.56;155.04;67.72;178.84,g-/t/g+/p-180,11.56;24.96;7.72;1.16,True,2.672500406944639,NH2--B:TYR131:CE2,3.356326721268393,"NH2--sym7[1,-1,1]/B:HOH41:O",0.37764477729797363,NH1--A:HOH24:O:3.05A,48.65634536743164,48.87940979003906,53.74126434326172,-0.22306442260742188,True,True,False,False
experiment_2_A_synthetic_fobs,A_ARG129,29,0.7740536332130432,1.1117260456085205,-71.56;155.04;67.72;178.84,g-/t/g+/p-180,11.56;24.96;7.72;1.16,True,2.672500406944639,NH2--B:TYR131:CE2,3.356326721268393,"NH2--sym7[1,-1,1]/B:HOH41:O",0.37764477729797363,NH1--A:HOH24:O:3.05A,48.65634536743164,48.87940979003906,53.74126434326172,-0.22306442260742188,True,True,False,False
experiment_2_A_synthetic_fobs,A_ARG129,30,0.7740536332130432,1.1117260456085205,-71.56;155.04;67.72;178.84,g-/t/g+/p-180,11.56;24.96;7.72;1.16,True,2.672500406944639,NH2--B:TYR131:CE2,3.356326721268393,"NH2--sym7[1,-1,1]/B:HOH41:O",0.37764477729797363,NH1--A:HOH24:O:3.05A,48.65634536743164,48.87940979003906,53.74126434326172,-0.22306442260742188,True,True,False,False
experiment_2_A_synthetic_fobs,A_ARG129,31,0.7740536332130432,1.1117260456085205,-71.56;155.04;67.72;178.84,g-/t/g+/p-180,11.56;24.96;7.72;1.16,True,2.672500406944639,NH2--B:TYR131:CE2,3.356326721268393,"NH2--sym7[1,-1,1]/B:HOH41:O",0.37764477729797363,NH1--A:HOH24:O:3.05A,48.65634536743164,48.87940979003906,53.74126434326172,-0.22306442260742188,True,True,False,False
experiment_2_A_synthetic_fobs,A_ARG129,32,0.7740536332130432,1.1117260456085205,-71.56;155.04;67.72;178.84,g-/t/g+/p-180,11.56;24.96;7.72;1.16,True,2.672500406944639,NH2--B:TYR131:CE2,3.356326721268393,"NH2--sym7[1,-1,1]/B:HOH41:O",0.37764477729797363,NH1--A:HOH24:O:3.05A,48.65634536743164,48.87940979003906,53.74126434326172,-0.22306442260742188,True,True,False,False
experiment_2_A_synthetic_fobs,A_ARG129,33,0.7740535736083984,1.1117258071899414,-71.56;155.04;67.72;178.84,g-/t/g+/p180,11.56;24.96;7.72;1.16,True,2.6725007182497054,NH2--B:TYR131:CE2,3.3563280095341086,"NH2--sym7[1,-1,1]/B:HOH41:O",0.37764495611190796,NH1--A:HOH24:O:3.05A,48.65634536743164,48.87940979003906,53.74126434326172,-0.22306442260742188,True,True,False,False
experiment_2_A_synthetic_fobs,A_ARG129,34,0.7740535140037537,1.1117258071899414,-71.56;155.04;67.72;178.84,g-/t/g+/p180,11.56;24.96;7.72;1.16,True,2.6725007182497054,NH2--B:TYR131:CE2,3.3563280095341086,"NH2--sym7[1,-1,1]/B:HOH41:O",0.37764495611190796,NH1--A:HOH24:O:3.05A,48.65634536743164,48.87940979003906,53.74126434326172,-0.22306442260742188,True,True,False,False
experiment_2_A_synthetic_fobs,A_ARG129,35,0.7740536332130432,1.1117260456085205,-71.56;155.04;67.72;178.84,g-/t/g+/p-180,11.56;24.96;7.72;1.16,True,2.672500406944639,NH2--B:TYR131:CE2,3.356326721268393,"NH2--sym7[1,-1,1]/B:HOH41:O",0.37764477729797363,NH1--A:HOH24:O:3.05A,48.65634536743164,48.87940979003906,53.74126434326172,-0.22306442260742188,True,True,False,False
experiment_2_A_synthetic_fobs,A_ARG129,36,0.7740536332130432,1.1117260456085205,-71.56;155.04;67.72;178.84,g-/t/g+/p-180,11.56;24.96;7.72;1.16,True,2.672500406944639,NH2--B:TYR131:CE2,3.356326721268393,"NH2--sym7[1,-1,1]/B:HOH41:O",0.37764477729797363,NH1--A:HOH24:O:3.05A,48.65634536743164,48.87940979003906,53.74126434326172,-0.22306442260742188,True,True,False,False
experiment_2_A_synthetic_fobs,A_ARG129,37,0.7740535736083984,1.1117258071899414,-71.56;155.04;67.72;178.84,g-/t/g+/p180,11.56;24.96;7.72;1.16,True,2.6725009477244477,NH2--B:TYR131:CE2,3.3563275996765416,"NH2--sym7[1,-1,1]/B:HOH41:O",0.37764498591423035,NH1--A:HOH24:O:3.05A,48.65634536743164,48.87940979003906,53.74126434326172,-0.22306442260742188,True,True,False,False
experiment_2_A_synthetic_fobs,A_ARG129,38,0.7740536332130432,1.1117260456085205,-71.56;155.04;67.72;178.84,g-/t/g+/p-180,11.56;24.96;7.72;1.16,True,2.672500406944639,NH2--B:TYR131:CE2,3.356326721268393,"NH2--sym7[1,-1,1]/B:HOH41:O",0.37764477729797363,NH1--A:HOH24:O:3.05A,48.65634536743164,48.87940979003906,53.74126434326172,-0.22306442260742188,True,True,False,False
experiment_2_A_synthetic_fobs,A_ARG129,39,0.7740536332130432,1.1117260456085205,-71.56;155.04;67.72;178.84,g-/t/g+/p-180,11.56;24.96;7.72;1.16,True,2.672500406944639,NH2--B:TYR131:CE2,3.356326721268393,"NH2--sym7[1,-1,1]/B:HOH41:O",0.37764477729797363,NH1--A:HOH24:O:3.05A,48.65634536743164,48.87940979003906,53.74126434326172,-0.22306442260742188,True,True,False,False
experiment_2_A_synthetic_fobs,A_ARG129,40,0.7740536332130432,1.1117260456085205,-71.56;155.04;67.72;178.84,g-/t/g+/p-180,11.56;24.96;7.72;1.16,True,2.672500406944639,NH2--B:TYR131:CE2,3.356326721268393,"NH2--sym7[1,-1,1]/B:HOH41:O",0.37764477729797363,NH1--A:HOH24:O:3.05A,48.65634536743164,48.87940979003906,53.74126434326172,-0.22306442260742188,True,True,False,False
experiment_2_A_synthetic_fobs,A_ARG129,41,0.7740535140037537,1.1117258071899414,-71.56;155.04;67.72;178.84,g-/t/g+/p180,11.56;24.96;7.72;1.16,True,2.6725011771992553,NH2--B:TYR131:CE2,3.356327189818993,"NH2--sym7[1,-1,1]/B:HOH41:O",0.37764498591423035,NH1--A:HOH24:O:3.05A,48.65634536743164,48.87940979003906,53.74126434326172,-0.22306442260742188,True,True,False,False
experiment_2_A_synthetic_fobs,A_ARG129,42,0.7740536332130432,1.1117260456085205,-71.56;155.04;67.72;178.84,g-/t/g+/p-180,11.56;24.96;7.72;1.16,True,2.672500406944639,NH2--B:TYR131:CE2,3.356326721268393,"NH2--sym7[1,-1,1]/B:HOH41:O",0.37764477729797363,NH1--A:HOH24:O:3.05A,48.65634536743164,48.87940979003906,53.74126434326172,-0.22306442260742188,True,True,False,False
experiment_2_A_synthetic_fobs,A_ARG129,43,0.7740535736083984,1.1117260456085205,-71.56;155.04;67.72;178.84,g-/t/g+/p180,11.56;24.96;7.72;1.16,True,2.6725011771992553,NH2--B:TYR131:CE2,3.356327189818993,"NH2--sym7[1,-1,1]/B:HOH41:O",0.37764498591423035,NH1--A:HOH24:O:3.05A,48.65634536743164,48.87940979003906,53.74126434326172,-0.22306442260742188,True,True,False,False
experiment_2_A_synthetic_fobs,A_ARG129,44,0.7740535140037537,1.1117258071899414,-71.56;155.04;67.72;178.84,g-/t/g+/p180,11.56;24.96;7.72;1.16,True,2.6725007182497054,NH2--B:TYR131:CE2,3.3563280095341086,"NH2--sym7[1,-1,1]/B:HOH41:O",0.37764495611190796,NH1--A:HOH24:O:3.05A,48.65634536743164,48.87940979003906,53.74126434326172,-0.22306442260742188,True,True,False,False
experiment_2_A_synthetic_fobs,A_ARG129,45,0.7740536332130432,1.1117260456085205,-71.56;155.04;67.72;178.84,g-/t/g+/p-180,11.56;24.96;7.72;1.16,True,2.672500406944639,NH2--B:TYR131:CE2,3.356326721268393,"NH2--sym7[1,-1,1]/B:HOH41:O",0.37764477729797363,NH1--A:HOH24:O:3.05A,48.65634536743164,48.87940979003906,53.74126434326172,-0.22306442260742188,True,True,False,False
experiment_2_A_synthetic_fobs,A_ARG129,46,0.7740535736083984,1.1117258071899414,-71.56;155.04;67.72;178.84,g-/t/g+/p180,11.56;24.96;7.72;1.16,True,2.6725009477244477,NH2--B:TYR131:CE2,3.3563275996765416,"NH2--sym7[1,-1,1]/B:HOH41:O",0.37764498591423035,NH1--A:HOH24:O:3.05A,48.65634536743164,48.87940979003906,53.74126434326172,-0.22306442260742188,True,True,False,False
experiment_2_A_synthetic_fobs,A_ARG129,47,0.7740535140037537,1.1117258071899414,-71.56;155.04;67.72;178.84,g-/t/g+/p180,11.56;24.96;7.72;1.16,True,2.6725007182497054,NH2--B:TYR131:CE2,3.3563280095341086,"NH2--sym7[1,-1,1]/B:HOH41:O",0.3776450455188751,NH1--A:HOH24:O:3.05A,48.65634536743164,48.87940979003906,53.74126434326172,-0.22306442260742188,True,True,False,False
experiment_2_A_synthetic_fobs,A_ARG129,48,0.7740536332130432,1.1117260456085205,-71.56;155.04;67.72;178.84,g-/t/g+/p-180,11.56;24.96;7.72;1.16,True,2.672500406944639,NH2--B:TYR131:CE2,3.356326721268393,"NH2--sym7[1,-1,1]/B:HOH41:O",0.37764477729797363,NH1--A:HOH24:O:3.05A,48.65634536743164,48.87940979003906,53.74126434326172,-0.22306442260742188,True,True,False,False
experiment_2_A_synthetic_fobs,A_ARG129,49,0.7740535736083984,1.1117258071899414,-71.56;155.04;67.72;178.84,g-/t/g+/p180,11.56;24.96;7.72;1.16,True,2.6725009477244477,NH2--B:TYR131:CE2,3.3563275996765416,"NH2--sym7[1,-1,1]/B:HOH41:O",0.37764498591423035,NH1--A:HOH24:O:3.05A,48.65634536743164,48.87940979003906,53.74126434326172,-0.22306442260742188,True,True,False,False
experiment_2_B_localized_sf,A_ARG129,0,0.4582943916320801,1.2007347345352173,-69.84;164.49;73.78;177.34,g-/t/g+/p-180,9.84;15.51;13.78;2.66,True,2.777602220793161,NH2--B:TYR131:CE2,3.1286315173782393,"NH2--sym7[1,-1,1]/B:HOH41:O",0.771228015422821,NH1--A:HOH24:O:3.24A,47.80195999145508,48.87940979003906,53.74126434326172,-1.0774497985839844,True,True,False,False
experiment_2_B_localized_sf,A_ARG129,1,0.4582955837249756,1.2007323503494263,-69.84;164.49;73.78;177.34,g-/t/g+/p-180,9.84;15.51;13.78;2.66,True,2.777612483713303,NH2--B:TYR131:CE2,3.128631777874918,"NH2--sym7[1,-1,1]/B:HOH41:O",0.7712312340736389,NH1--A:HOH24:O:3.24A,47.80195999145508,48.87940979003906,53.74126434326172,-1.0774497985839844,True,True,False,False
experiment_2_B_localized_sf,A_ARG129,2,0.4582941234111786,1.2007347345352173,-69.84;164.49;73.78;177.34,g-/t/g+/p180,9.84;15.51;13.78;2.66,True,2.7776034326106482,NH2--B:TYR131:CE2,3.128632437924547,"NH2--sym7[1,-1,1]/B:HOH41:O",0.7712293863296509,NH1--A:HOH24:O:3.24A,47.80195999145508,48.87940979003906,53.74126434326172,-1.0774497985839844,True,True,False,False
experiment_2_B_localized_sf,A_ARG129,3,0.4582938253879547,1.2007347345352173,-69.84;164.49;73.78;177.34,g-/t/g+/p180,9.84;15.51;13.78;2.66,True,2.777605278861457,NH2--B:TYR131:CE2,3.128632650311793,"NH2--sym7[1,-1,1]/B:HOH41:O",0.7712301015853882,NH1--A:HOH24:O:3.24A,47.80195999145508,48.87940979003906,53.74126434326172,-1.0774497985839844,True,True,False,False
experiment_2_B_localized_sf,A_ARG129,4,0.45829373598098755,1.2007347345352173,-69.84;164.49;73.78;177.34,g-/t/g+/p180,9.84;15.51;13.78;2.66,True,2.777605913294098,NH2--B:TYR131:CE2,3.1286319421518973,"NH2--sym7[1,-1,1]/B:HOH41:O",0.7712299227714539,NH1--A:HOH24:O:3.24A,47.80195999145508,48.87940979003906,53.74126434326172,-1.0774497985839844,True,True,False,False
experiment_2_B_localized_sf,A_ARG129,5,0.4582940340042114,1.2007347345352173,-69.84;164.49;73.78;177.34,g-/t/g+/p-180,9.84;15.51;13.78;2.66,True,2.7776040670432196,NH2--B:TYR131:CE2,3.1286317297641673,"NH2--sym7[1,-1,1]/B:HOH41:O",0.7712302803993225,NH1--A:HOH24:O:3.24A,47.80195999145508,48.87940979003906,53.74126434326172,-1.0774497985839844,True,True,False,False
experiment_2_B_localized_sf,A_ARG129,6,0.4582940638065338,1.2007346153259277,-69.84;164.49;73.78;177.34,g-/t/g+/p-180,9.84;15.51;13.78;2.66,True,2.777603115394431,NH2--B:TYR131:CE2,3.128632792004786,"NH2--sym7[1,-1,1]/B:HOH41:O",0.7712292671203613,NH1--A:HOH24:O:3.24A,47.80195999145508,48.87940979003906,53.74126434326172,-1.0774497985839844,True,True,False,False
experiment_2_B_localized_sf,A_ARG129,7,0.45829343795776367,1.200735330581665,-69.84;164.49;73.78;177.34,g-/t/g+/p180,9.84;15.51;13.78;2.66,True,2.777604327212838,NH2--B:TYR131:CE2,3.128633712551881,"NH2--sym7[1,-1,1]/B:HOH41:O",0.7712288498878479,NH1--A:HOH24:O:3.24A,47.80195999145508,48.87940979003906,53.74126434326172,-1.0774497985839844,True,True,False,False
experiment_2_B_localized_sf,A_ARG129,8,0.45829328894615173,1.200735330581665,-69.84;164.49;73.78;177.34,g-/t/g+/p180,9.84;15.51;13.78;2.66,True,2.7776040099967227,NH2--B:TYR131:CE2,3.128634066631975,"NH2--sym7[1,-1,1]/B:HOH41:O",0.7712296843528748,NH1--A:HOH24:O:3.24A,47.80195999145508,48.87940979003906,53.74126434326172,-1.0774497985839844,True,True,False,False
experiment_2_B_localized_sf,A_ARG129,9,0.45829278230667114,1.2007352113723755,-69.84;164.49;73.78;177.34,g-/t/g+/p180,9.84;15.51;13.78;2.66,True,2.777605726162782,NH2--B:TYR131:CE2,3.1286332876259175,"NH2--sym7[1,-1,1]/B:HOH41:O",0.7712286114692688,NH1--A:HOH24:O:3.24A,47.80195999145508,48.87940979003906,53.74126434326172,-1.0774497985839844,True,True,False,False
experiment_2_B_localized_sf,A_ARG129,10,0.4582931399345398,1.2007352113723755,-69.84;164.49;73.78;177.34,g-/t/g+/p180,9.84;15.51;13.78;2.66,True,2.777604327212838,NH2--B:TYR131:CE2,3.128633712551881,"NH2--sym7[1,-1,1]/B:HOH41:O",0.7712284922599792,NH1--A:HOH24:O:3.24A,47.80195999145508,48.87940979003906,53.74126434326172,-1.0774497985839844,True,True,False,False
experiment_2_B_localized_sf,A_ARG129,11,0.45829394459724426,1.2007346153259277,-69.84;164.49;73.78;177.34,g-/t/g+/p180,9.84;15.51;13.78;2.66,True,2.7776038799116156,NH2--B:TYR131:CE2,3.1286330752381333,"NH2--sym7[1,-1,1]/B:HOH41:O",0.7712303996086121,NH1--A:HOH24:O:3.24A,47.80195999145508,48.87940979003906,53.74126434326172,-1.0774497985839844,True,True,False,False
experiment_2_B_localized_sf,A_ARG129,12,0.4582938551902771,1.2007346153259277,-69.84;164.49;73.78;177.34,g-/t/g+/p180,9.84;15.51;13.78;2.66,True,2.777604831560388,NH2--B:TYR131:CE2,3.128632012997829,"NH2--sym7[1,-1,1]/B:HOH41:O",0.7712302803993225,NH1--A:HOH24:O:3.24A,47.80195999145508,48.87940979003906,53.74126434326172,-1.0774497985839844,True,True,False,False
experiment_2_B_localized_sf,A_ARG129,13,0.4582940638065338,1.2007346153259277,-69.84;164.49;73.78;177.34,g-/t/g+/p180,9.84;15.51;13.78;2.66,True,2.777603115394431,NH2--B:TYR131:CE2,3.128632792004786,"NH2--sym7[1,-1,1]/B:HOH41:O",0.7712289094924927,NH1--A:HOH24:O:3.24A,47.80195999145508,48.87940979003906,53.74126434326172,-1.0774497985839844,True,True,False,False
experiment_2_B_localized_sf,A_ARG129,14,0.45829305052757263,1.2007354497909546,-69.84;164.49;73.78;177.34,g-/t/g+/p-180,9.84;15.51;13.78;2.66,True,2.7776063605953203,NH2--B:TYR131:CE2,3.1286325794661662,"NH2--sym7[1,-1,1]/B:HOH41:O",0.7712278962135315,NH1--A:HOH24:O:3.24A,47.80195999145508,48.87940979003906,53.74126434326172,-1.0774497985839844,True,True,False,False
experiment_2_B_localized_sf,A_ARG129,15,0.45829400420188904,1.2007346153259277,-69.84;164.49;73.78;177.34,g-/t/g+/p180,9.84;15.51;13.78;2.66,True,2.7776038799116156,NH2--B:TYR131:CE2,3.1286330752381333,"NH2--sym7[1,-1,1]/B:HOH41:O",0.7712302803993225,NH1--A:HOH24:O:3.24A,47.80195999145508,48.87940979003906,53.74126434326172,-1.0774497985839844,True,True,False,False
experiment_2_B_localized_sf,A_ARG129,16,0.4582938551902771,1.2007347345352173,-69.84;164.49;73.78;177.34,g-/t/g+/p180,9.84;15.51;13.78;2.66,True,2.777604831560388,NH2--B:TYR131:CE2,3.128632012997829,"NH2--sym7[1,-1,1]/B:HOH41:O",0.77122962474823,NH1--A:HOH24:O:3.24A,47.80195999145508,48.87940979003906,53.74126434326172,-1.0774497985839844,True,True,False,False
experiment_2_B_localized_sf,A_ARG129,17,0.4582937955856323,1.2007346153259277,-69.84;164.49;73.78;177.34,g-/t/g+/p180,9.84;15.51;13.78;2.66,True,2.777604831560388,NH2--B:TYR131:CE2,3.128632012997829,"NH2--sym7[1,-1,1]/B:HOH41:O",0.7712306976318359,NH1--A:HOH24:O:3.24A,47.80195999145508,48.87940979003906,53.74126434326172,-1.0774497985839844,True,True,False,False
experiment_2_B_localized_sf,A_ARG129,18,0.4582941234111786,1.2007349729537964,-69.84;164.49;73.78;177.34,g-/t/g+/p-180,9.84;15.51;13.78;2.66,True,2.77760361974261,NH2--B:TYR131:CE2,3.1286310924505973,"NH2--sym7[1,-1,1]/B:HOH41:O",0.7712300419807434,NH1--A:HOH24:O:3.24A,47.80195999145508,48.87940979003906,53.74126434326172,-1.0774497985839844,True,True,False,False
experiment_2_B_localized_sf,A_ARG129,19,0.4582938849925995,1.2007347345352173,-69.84;164.49;73.78;177.34,g-/t/g+/p180,9.84;15.51;13.78;2.66,True,2.7776045143440844,NH2--B:TYR131:CE2,3.128632367077898,"NH2--sym7[1,-1,1]/B:HOH41:O",0.7712298035621643,NH1--A:HOH24:O:3.24A,47.80195999145508,48.87940979003906,53.74126434326172,-1.0774497985839844,True,True,False,False
experiment_2_B_localized_sf,A_ARG129,20,0.4582937955856323,1.2007347345352173,-69.84;164.49;73.78;177.34,g-/t/g+/p180,9.84;15.51;13.78;2.66,True,2.777605465993131,NH2--B:TYR131:CE2,3.128631304837789,"NH2--sym7[1,-1,1]/B:HOH41:O",0.7712299227714539,NH1--A:HOH24:O:3.24A,47.80195999145508,48.87940979003906,53.74126434326172,-1.0774497985839844,True,True,False,False
experiment_2_B_localized_sf,A_ARG129,21,0.4582940638065338,1.2007347345352173,-69.84;164.49;73.78;177.34,g-/t/g+/p180,9.84;15.51;13.78;2.66,True,2.7776034326106482,NH2--B:TYR131:CE2,3.128632437924547,"NH2--sym7[1,-1,1]/B:HOH41:O",0.7712301015853882,NH1--A:HOH24:O:3.24A,47.80195999145508,48.87940979003906,53.74126434326172,-1.0774497985839844,True,True,False,False
experiment_2_B_localized_sf,A_ARG129,22,0.45829424262046814,1.2007347345352173,-69.84;164.49;73.78;177.34,g-/t/g+/p-180,9.84;15.51;13.78;2.66,True,2.7776026680936683,NH2--B:TYR131:CE2,3.128632154691432,"NH2--sym7[1,-1,1]/B:HOH41:O",0.7712287306785583,NH1--A:HOH24:O:3.24A,47.80195999145508,48.87940979003906,53.74126434326172,-1.0774497985839844,True,True,False,False
experiment_2_B_localized_sf,A_ARG129,23,0.4582938849925995,1.2007347345352173,-69.84;164.49;73.78;177.34,g-/t/g+/p180,9.84;15.51;13.78;2.66,True,2.7776045143440844,NH2--B:TYR131:CE2,3.128632367077898,"NH2--sym7[1,-1,1]/B:HOH41:O",0.7712298035621643,NH1--A:HOH24:O:3.24A,47.80195999145508,48.87940979003906,53.74126434326172,-1.0774497985839844,True,True,False,False
experiment_2_B_localized_sf,A_ARG129,24,0.45829352736473083,1.2007346153259277,-69.84;164.49;73.78;177.34,g-/t/g+/p180,9.84;15.51;13.78;2.66,True,2.7776069950280418,NH2--B:TYR131:CE2,3.1286318713065455,"NH2--sym7[1,-1,1]/B:HOH41:O",0.7712309956550598,NH1--A:HOH24:O:3.24A,47.80195999145508,48.87940979003906,53.74126434326172,-1.0774497985839844,True,True,False,False
experiment_2_B_localized_sf,A_ARG129,25,0.45829397439956665,1.2007347345352173,-69.84;164.49;73.78;177.34,g-/t/g+/p180,9.84;15.51;13.78;2.66,True,2.7776045143440844,NH2--B:TYR131:CE2,3.128632367077898,"NH2--sym7[1,-1,1]/B:HOH41:O",0.7712298035621643,NH1--A:HOH24:O:3.24A,47.80195999145508,48.87940979003906,53.74126434326172,-1.0774497985839844,True,True,False,False
experiment_2_B_localized_sf,A_ARG129,26,0.45829370617866516,1.2007347345352173,-69.84;164.49;73.78;177.34,g-/t/g+/p180,9.84;15.51;13.78;2.66,True,2.777605913294098,NH2--B:TYR131:CE2,3.1286319421518973,"NH2--sym7[1,-1,1]/B:HOH41:O",0.7712287306785583,NH1--A:HOH24:O:3.24A,47.80195999145508,48.87940979003906,53.74126434326172,-1.0774497985839844,True,True,False,False
experiment_2_B_localized_sf,A_ARG129,27,0.4582935571670532,1.2007354497909546,-69.84;164.49;73.78;177.34,g-/t/g+/p180,9.84;15.51;13.78;2.66,True,2.777603562695449,NH2--B:TYR131:CE2,3.1286334293183,"NH2--sym7[1,-1,1]/B:HOH41:O",0.7712284922599792,NH1--A:HOH24:O:3.24A,47.80195999145508,48.87940979003906,53.74126434326172,-1.0774497985839844,True,True,False,False
experiment_2_B_localized_sf,A_ARG129,28,0.45829397439956665,1.2007347345352173,-69.84;164.49;73.78;177.34,g-/t/g+/p180,9.84;15.51;13.78;2.66,True,2.777604384259574,NH2--B:TYR131:CE2,3.1286313756840265,"NH2--sym7[1,-1,1]/B:HOH41:O",0.7712300419807434,NH1--A:HOH24:O:3.24A,47.80195999145508,48.87940979003906,53.74126434326172,-1.0774497985839844,True,True,False,False
experiment_2_B_localized_sf,A_ARG129,29,0.4582940638065338,1.2007346153259277,-69.84;164.49;73.78;177.34,g-/t/g+/p180,9.84;15.51;13.78;2.66,True,2.777603115394431,NH2--B:TYR131:CE2,3.128632792004786,"NH2--sym7[1,-1,1]/B:HOH41:O",0.7712289094924927,NH1--A:HOH24:O:3.24A,47.80195999145508,48.87940979003906,53.74126434326172,-1.0774497985839844,True,True,False,False
experiment_2_B_localized_sf,A_ARG129,30,0.4582941234111786,1.2007346153259277,-69.84;164.49;73.78;177.34,g-/t/g+/p-180,9.84;15.51;13.78;2.66,True,2.7776027981782594,NH2--B:TYR131:CE2,3.1286331460850567,"NH2--sym7[1,-1,1]/B:HOH41:O",0.7712287306785583,NH1--A:HOH24:O:3.24A,47.80195999145508,48.87940979003906,53.74126434326172,-1.0774497985839844,True,True,False,False
experiment_2_B_localized_sf,A_ARG129,31,0.4582929313182831,1.200735330581665,-69.84;164.49;73.78;177.34,g-/t/g+/p-180,9.84;15.51;13.78;2.66,True,2.777605726162782,NH2--B:TYR131:CE2,3.1286332876259175,"NH2--sym7[1,-1,1]/B:HOH41:O",0.7712274789810181,NH1--A:HOH24:O:3.24A,47.80195999145508,48.87940979003906,53.74126434326172,-1.0774497985839844,True,True,False,False
experiment_2_B_localized_sf,A_ARG129,32,0.4582940638065338,1.2007347345352173,-69.84;164.49;73.78;177.34,g-/t/g+/p180,9.84;15.51;13.78;2.66,True,2.7776034326106482,NH2--B:TYR131:CE2,3.128632437924547,"NH2--sym7[1,-1,1]/B:HOH41:O",0.771230161190033,NH1--A:HOH24:O:3.24A,47.80195999145508,48.87940979003906,53.74126434326172,-1.0774497985839844,True,True,False,False
experiment_2_B_localized_sf,A_ARG129,33,0.4582940638065338,1.2007347345352173,-69.84;164.49;73.78;177.34,g-/t/g+/p180,9.84;15.51;13.78;2.66,True,2.7776037498269113,NH2--B:TYR131:CE2,3.1286320838443404,"NH2--sym7[1,-1,1]/B:HOH41:O",0.7712300419807434,NH1--A:HOH24:O:3.24A,47.80195999145508,48.87940979003906,53.74126434326172,-1.0774497985839844,True,True,False,False
experiment_2_B_localized_sf,A_ARG129,34,0.4582941234111786,1.2007347345352173,-69.84;164.49;73.78;177.34,g-/t/g+/p180,9.84;15.51;13.78;2.66,True,2.7776034326106482,NH2--B:TYR131:CE2,3.128632437924547,"NH2--sym7[1,-1,1]/B:HOH41:O",0.7712293863296509,NH1--A:HOH24:O:3.24A,47.80195999145508,48.87940979003906,53.74126434326172,-1.0774497985839844,True,True,False,False
experiment_2_B_localized_sf,A_ARG129,35,0.458294153213501,1.2007347345352173,-69.84;164.49;73.78;177.34,g-/t/g+/p-180,9.84;15.51;13.78;2.66,True,2.7776029853099367,NH2--B:TYR131:CE2,3.128631800611121,"NH2--sym7[1,-1,1]/B:HOH41:O",0.7712287306785583,NH1--A:HOH24:O:3.24A,47.80195999145508,48.87940979003906,53.74126434326172,-1.0774497985839844,True,True,False,False
experiment_2_B_localized_sf,A_ARG129,36,0.4582940638065338,1.2007346153259277,-69.84;164.49;73.78;177.34,g-/t/g+/p180,9.84;15.51;13.78;2.66,True,2.777603115394431,NH2--B:TYR131:CE2,3.128632792004786,"NH2--sym7[1,-1,1]/B:HOH41:O",0.7712289094924927,NH1--A:HOH24:O:3.24A,47.80195999145508,48.87940979003906,53.74126434326172,-1.0774497985839844,True,True,False,False
experiment_2_B_localized_sf,A_ARG129,37,0.4582941234111786,1.2007348537445068,-69.84;164.49;73.78;177.34,g-/t/g+/p-180,9.84;15.51;13.78;2.66,True,2.77760361974261,NH2--B:TYR131:CE2,3.1286310924505973,"NH2--sym7[1,-1,1]/B:HOH41:O",0.7712302803993225,NH1--A:HOH24:O:3.24A,47.80195999145508,48.87940979003906,53.74126434326172,-1.0774497985839844,True,True,False,False
experiment_2_B_localized_sf,A_ARG129,38,0.4582941234111786,1.2007347345352173,-69.84;164.49;73.78;177.34,g-/t/g+/p180,9.84;15.51;13.78;2.66,True,2.7776034326106482,NH2--B:TYR131:CE2,3.128632437924547,"NH2--sym7[1,-1,1]/B:HOH41:O",0.7712296843528748,NH1--A:HOH24:O:3.24A,47.80195999145508,48.87940979003906,53.74126434326172,-1.0774497985839844,True,True,False,False
experiment_2_B_localized_sf,A_ARG129,39,0.4582931399345398,1.2007352113723755,-69.84;164.49;73.78;177.34,g-/t/g+/p180,9.84;15.51;13.78;2.66,True,2.777604644428999,NH2--B:TYR131:CE2,3.1286333584718187,"NH2--sym7[1,-1,1]/B:HOH41:O",0.7712287306785583,NH1--A:HOH24:O:3.24A,47.80195999145508,48.87940979003906,53.74126434326172,-1.0774497985839844,True,True,False,False
experiment_2_B_localized_sf,A_ARG129,40,0.4582941234111786,1.2007346153259277,-69.84;164.49;73.78;177.34,g-/t/g+/p180,9.84;15.51;13.78;2.66,True,2.7776027981782594,NH2--B:TYR131:CE2,3.1286331460850567,"NH2--sym7[1,-1,1]/B:HOH41:O",0.7712287306785583,NH1--A:HOH24:O:3.24A,47.80195999145508,48.87940979003906,53.74126434326172,-1.0774497985839844,True,True,False,False
experiment_2_B_localized_sf,A_ARG129,41,0.4582929313182831,1.2007354497909546,-69.84;164.49;73.78;177.34,g-/t/g+/p180,9.84;15.51;13.78;2.66,True,2.7776069950280418,NH2--B:TYR131:CE2,3.1286318713065455,"NH2--sym7[1,-1,1]/B:HOH41:O",0.7712289094924927,NH1--A:HOH24:O:3.24A,47.80195999145508,48.87940979003906,53.74126434326172,-1.0774497985839844,True,True,False,False
experiment_2_B_localized_sf,A_ARG129,42,0.45829400420188904,1.2007347345352173,-69.84;164.49;73.78;177.34,g-/t/g+/p180,9.84;15.51;13.78;2.66,True,2.7776040670432196,NH2--B:TYR131:CE2,3.1286317297641673,"NH2--sym7[1,-1,1]/B:HOH41:O",0.771230161190033,NH1--A:HOH24:O:3.24A,47.80195999145508,48.87940979003906,53.74126434326172,-1.0774497985839844,True,True,False,False
experiment_2_B_localized_sf,A_ARG129,43,0.45829373598098755,1.2007346153259277,-69.84;164.49;73.78;177.34,g-/t/g+/p180,9.84;15.51;13.78;2.66,True,2.777605913294098,NH2--B:TYR131:CE2,3.1286319421518973,"NH2--sym7[1,-1,1]/B:HOH41:O",0.7712287902832031,NH1--A:HOH24:O:3.24A,47.80195999145508,48.87940979003906,53.74126434326172,-1.0774497985839844,True,True,False,False
experiment_2_B_localized_sf,A_ARG129,44,0.45829305052757263,1.2007354497909546,-69.84;164.49;73.78;177.34,g-/t/g+/p-180,9.84;15.51;13.78;2.66,True,2.7776063605953203,NH2--B:TYR131:CE2,3.1286325794661662,"NH2--sym7[1,-1,1]/B:HOH41:O",0.7712278962135315,NH1--A:HOH24:O:3.24A,47.80195999145508,48.87940979003906,53.74126434326172,-1.0774497985839844,True,True,False,False
experiment_2_B_localized_sf,A_ARG129,45,0.45829394459724426,1.2007346153259277,-69.84;164.49;73.78;177.34,g-/t/g+/p-180,9.84;15.51;13.78;2.66,True,2.7776038799116156,NH2--B:TYR131:CE2,3.1286330752381333,"NH2--sym7[1,-1,1]/B:HOH41:O",0.7712302803993225,NH1--A:HOH24:O:3.24A,47.80195999145508,48.87940979003906,53.74126434326172,-1.0774497985839844,True,True,False,False
experiment_2_B_localized_sf,A_ARG129,46,0.4582940638065338,1.2007346153259277,-69.84;164.49;73.78;177.34,g-/t/g+/p-180,9.84;15.51;13.78;2.66,True,2.7776034326106482,NH2--B:TYR131:CE2,3.128632437924547,"NH2--sym7[1,-1,1]/B:HOH41:O",0.7712295651435852,NH1--A:HOH24:O:3.24A,47.80195999145508,48.87940979003906,53.74126434326172,-1.0774497985839844,True,True,False,False
experiment_2_B_localized_sf,A_ARG129,47,0.45829305052757263,1.2007354497909546,-69.84;164.49;73.78;177.34,g-/t/g+/p-180,9.84;15.51;13.78;2.66,True,2.777605726162782,NH2--B:TYR131:CE2,3.1286332876259175,"NH2--sym7[1,-1,1]/B:HOH41:O",0.7712274193763733,NH1--A:HOH24:O:3.24A,47.80195999145508,48.87940979003906,53.74126434326172,-1.0774497985839844,True,True,False,False
experiment_2_B_localized_sf,A_ARG129,48,0.45829400420188904,1.2007348537445068,-69.84;164.49;73.78;177.34,g-/t/g+/p180,9.84;15.51;13.78;2.66,True,2.7776040670432196,NH2--B:TYR131:CE2,3.1286317297641673,"NH2--sym7[1,-1,1]/B:HOH41:O",0.7712306976318359,NH1--A:HOH24:O:3.24A,47.80195999145508,48.87940979003906,53.74126434326172,-1.0774497985839844,True,True,False,False
experiment_2_B_localized_sf,A_ARG129,49,0.4582940340042114,1.2007347345352173,-69.84;164.49;73.78;177.34,g-/t/g+/p180,9.84;15.51;13.78;2.66,True,2.7776037498269113,NH2--B:TYR131:CE2,3.1286320838443404,"NH2--sym7[1,-1,1]/B:HOH41:O",0.7712288498878479,NH1--A:HOH24:O:3.24A,47.80195999145508,48.87940979003906,53.74126434326172,-1.0774497985839844,True,True,False,False
experiment_2_C_realspace_local,A_ARG129,0,0.38306668400764465,1.5966811180114746,-76.60;-175.06;59.65;158.26,g-/t/g+/p-180,16.60;4.94;0.35;21.74,True,2.3088280295779455,NH2--B:TYR131:CZ,2.6505580828411617,"NH2--sym6[-1,0,1]/B:HOH50:O",0.49436822533607483,,51.1805419921875,48.87940979003906,53.74126434326172,2.3011322021484375,True,True,False,False
experiment_2_C_realspace_local,A_ARG129,1,0.3830668032169342,1.5966811180114746,-76.60;-175.06;59.65;158.26,g-/t/g+/p180,16.60;4.94;0.35;21.74,True,2.3088278892515453,NH2--B:TYR131:CZ,2.6505579609665073,"NH2--sym6[-1,0,1]/B:HOH50:O",0.49436846375465393,,51.1805419921875,48.87940979003906,53.74126434326172,2.3011322021484375,True,True,False,False
experiment_2_C_realspace_local,A_ARG129,2,0.38306668400764465,1.5966811180114746,-76.60;-175.06;59.65;158.26,g-/t/g+/p-180,16.60;4.94;0.35;21.74,True,2.3088275954812256,NH2--B:TYR131:CZ,2.6505582224656257,"NH2--sym6[-1,0,1]/B:HOH50:O",0.49436837434768677,,51.1805419921875,48.87940979003906,53.74126434326172,2.3011322021484375,True,True,False,False
experiment_2_C_realspace_local,A_ARG129,3,0.38306668400764465,1.5966811180114746,-76.60;-175.06;59.65;158.26,g-/t/g+/p-180,16.60;4.94;0.35;21.74,True,2.3088275954812256,NH2--B:TYR131:CZ,2.6505582224656257,"NH2--sym6[-1,0,1]/B:HOH50:O",0.49436837434768677,,51.1805419921875,48.87940979003906,53.74126434326172,2.3011322021484375,True,True,False,False
experiment_2_C_realspace_local,A_ARG129,4,0.38306668400764465,1.5966811180114746,-76.60;-175.06;59.65;158.26,g-/t/g+/p-180,16.60;4.94;0.35;21.74,True,2.3088280295779455,NH2--B:TYR131:CZ,2.6505580828411617,"NH2--sym6[-1,0,1]/B:HOH50:O",0.49436822533607483,,51.1805419921875,48.87940979003906,53.74126434326172,2.3011322021484375,True,True,False,False
experiment_2_C_realspace_local,A_ARG129,5,0.38306668400764465,1.5966811180114746,-76.60;-175.06;59.65;158.26,g-/t/g+/p-180,16.60;4.94;0.35;21.74,True,2.3088275954812256,NH2--B:TYR131:CZ,2.6505582224656257,"NH2--sym6[-1,0,1]/B:HOH50:O",0.49436837434768677,,51.1805419921875,48.87940979003906,53.74126434326172,2.3011322021484375,True,True,False,False
experiment_2_C_realspace_local,A_ARG129,6,0.38306668400764465,1.5966811180114746,-76.60;-175.06;59.65;158.26,g-/t/g+/p-180,16.60;4.94;0.35;21.74,True,2.3088275954812256,NH2--B:TYR131:CZ,2.6505582224656257,"NH2--sym6[-1,0,1]/B:HOH50:O",0.49436837434768677,,51.1805419921875,48.87940979003906,53.74126434326172,2.3011322021484375,True,True,False,False
experiment_2_C_realspace_local,A_ARG129,7,0.3830668032169342,1.5966811180114746,-76.60;-175.06;59.65;158.26,g-/t/g+/p180,16.60;4.94;0.35;21.74,True,2.3088278892515453,NH2--B:TYR131:CZ,2.6505579609665073,"NH2--sym6[-1,0,1]/B:HOH50:O",0.49436846375465393,,51.1805419921875,48.87940979003906,53.74126434326172,2.3011322021484375,True,True,False,False
experiment_2_C_realspace_local,A_ARG129,8,0.38306674361228943,1.5966811180114746,-76.60;-175.06;59.65;158.26,g-/t/g+/p-180,16.60;4.94;0.35;21.74,True,2.3088275954812256,NH2--B:TYR131:CZ,2.6505582224656257,"NH2--sym6[-1,0,1]/B:HOH50:O",0.49436837434768677,,51.1805419921875,48.87940979003906,53.74126434326172,2.3011322021484375,True,True,False,False
experiment_2_C_realspace_local,A_ARG129,9,0.38306668400764465,1.5966811180114746,-76.60;-175.06;59.65;158.26,g-/t/g+/p-180,16.60;4.94;0.35;21.74,True,2.3088280295779455,NH2--B:TYR131:CZ,2.6505580828411617,"NH2--sym6[-1,0,1]/B:HOH50:O",0.49436822533607483,,51.1805419921875,48.87940979003906,53.74126434326172,2.3011322021484375,True,True,False,False
experiment_2_C_realspace_local,A_ARG129,10,0.38306668400764465,1.5966811180114746,-76.60;-175.06;59.65;158.26,g-/t/g+/p-180,16.60;4.94;0.35;21.74,True,2.3088275954812256,NH2--B:TYR131:CZ,2.6505582224656257,"NH2--sym6[-1,0,1]/B:HOH50:O",0.49436837434768677,,51.1805419921875,48.87940979003906,53.74126434326172,2.3011322021484375,True,True,False,False
experiment_2_C_realspace_local,A_ARG129,11,0.38306674361228943,1.5966811180114746,-76.60;-175.06;59.65;158.26,g-/t/g+/p-180,16.60;4.94;0.35;21.74,True,2.3088280295779455,NH2--B:TYR131:CZ,2.6505580828411617,"NH2--sym6[-1,0,1]/B:HOH50:O",0.49436822533607483,,51.1805419921875,48.87940979003906,53.74126434326172,2.3011322021484375,True,True,False,False
experiment_2_C_realspace_local,A_ARG129,12,0.38306668400764465,1.5966811180114746,-76.60;-175.06;59.65;158.26,g-/t/g+/p-180,16.60;4.94;0.35;21.74,True,2.3088280295779455,NH2--B:TYR131:CZ,2.6505580828411617,"NH2--sym6[-1,0,1]/B:HOH50:O",0.49436822533607483,,51.1805419921875,48.87940979003906,53.74126434326172,2.3011322021484375,True,True,False,False
experiment_2_C_realspace_local,A_ARG129,13,0.38306668400764465,1.5966811180114746,-76.60;-175.06;59.65;158.26,g-/t/g+/p-180,16.60;4.94;0.35;21.74,True,2.3088275954812256,NH2--B:TYR131:CZ,2.6505582224656257,"NH2--sym6[-1,0,1]/B:HOH50:O",0.49436837434768677,,51.1805419921875,48.87940979003906,53.74126434326172,2.3011322021484375,True,True,False,False
experiment_2_C_realspace_local,A_ARG129,14,0.38306674361228943,1.5966811180114746,-76.60;-175.06;59.65;158.26,g-/t/g+/p-180,16.60;4.94;0.35;21.74,True,2.3088280295779455,NH2--B:TYR131:CZ,2.6505580828411617,"NH2--sym6[-1,0,1]/B:HOH50:O",0.49436822533607483,,51.1805419921875,48.87940979003906,53.74126434326172,2.3011322021484375,True,True,False,False
experiment_2_C_realspace_local,A_ARG129,15,0.38306668400764465,1.5966811180114746,-76.60;-175.06;59.65;158.26,g-/t/g+/p-180,16.60;4.94;0.35;21.74,True,2.3088275954812256,NH2--B:TYR131:CZ,2.6505582224656257,"NH2--sym6[-1,0,1]/B:HOH50:O",0.49436837434768677,,51.1805419921875,48.87940979003906,53.74126434326172,2.3011322021484375,True,True,False,False
experiment_2_C_realspace_local,A_ARG129,16,0.3830668032169342,1.5966811180114746,-76.60;-175.06;59.65;158.26,g-/t/g+/p180,16.60;4.94;0.35;21.74,True,2.3088278892515453,NH2--B:TYR131:CZ,2.6505579609665073,"NH2--sym6[-1,0,1]/B:HOH50:O",0.49436846375465393,,51.1805419921875,48.87940979003906,53.74126434326172,2.3011322021484375,True,True,False,False
experiment_2_C_realspace_local,A_ARG129,17,0.38306668400764465,1.5966811180114746,-76.60;-175.06;59.65;158.26,g-/t/g+/p-180,16.60;4.94;0.35;21.74,True,2.3088275954812256,NH2--B:TYR131:CZ,2.6505582224656257,"NH2--sym6[-1,0,1]/B:HOH50:O",0.49436837434768677,,51.1805419921875,48.87940979003906,53.74126434326172,2.3011322021484375,True,True,False,False
experiment_2_C_realspace_local,A_ARG129,18,0.38306668400764465,1.5966811180114746,-76.60;-175.06;59.65;158.26,g-/t/g+/p-180,16.60;4.94;0.35;21.74,True,2.3088275954812256,NH2--B:TYR131:CZ,2.6505582224656257,"NH2--sym6[-1,0,1]/B:HOH50:O",0.49436837434768677,,51.1805419921875,48.87940979003906,53.74126434326172,2.3011322021484375,True,True,False,False
experiment_2_C_realspace_local,A_ARG129,19,0.38306668400764465,1.5966811180114746,-76.60;-175.06;59.65;158.26,g-/t/g+/p-180,16.60;4.94;0.35;21.74,True,2.3088280295779455,NH2--B:TYR131:CZ,2.6505580828411617,"NH2--sym6[-1,0,1]/B:HOH50:O",0.49436822533607483,,51.1805419921875,48.87940979003906,53.74126434326172,2.3011322021484375,True,True,False,False
experiment_2_C_realspace_local,A_ARG129,20,0.38306668400764465,1.5966811180114746,-76.60;-175.06;59.65;158.26,g-/t/g+/p-180,16.60;4.94;0.35;21.74,True,2.3088275954812256,NH2--B:TYR131:CZ,2.6505582224656257,"NH2--sym6[-1,0,1]/B:HOH50:O",0.49436837434768677,,51.1805419921875,48.87940979003906,53.74126434326172,2.3011322021484375,True,True,False,False
experiment_2_C_realspace_local,A_ARG129,21,0.38306668400764465,1.5966811180114746,-76.60;-175.06;59.65;158.26,g-/t/g+/p-180,16.60;4.94;0.35;21.74,True,2.3088275954812256,NH2--B:TYR131:CZ,2.6505582224656257,"NH2--sym6[-1,0,1]/B:HOH50:O",0.49436837434768677,,51.1805419921875,48.87940979003906,53.74126434326172,2.3011322021484375,True,True,False,False
experiment_2_C_realspace_local,A_ARG129,22,0.3830668032169342,1.5966811180114746,-76.60;-175.06;59.65;158.26,g-/t/g+/p180,16.60;4.94;0.35;21.74,True,2.3088278892515453,NH2--B:TYR131:CZ,2.6505579609665073,"NH2--sym6[-1,0,1]/B:HOH50:O",0.49436846375465393,,51.1805419921875,48.87940979003906,53.74126434326172,2.3011322021484375,True,True,False,False
experiment_2_C_realspace_local,A_ARG129,23,0.38306668400764465,1.5966811180114746,-76.60;-175.06;59.65;158.26,g-/t/g+/p-180,16.60;4.94;0.35;21.74,True,2.3088275954812256,NH2--B:TYR131:CZ,2.6505582224656257,"NH2--sym6[-1,0,1]/B:HOH50:O",0.49436837434768677,,51.1805419921875,48.87940979003906,53.74126434326172,2.3011322021484375,True,True,False,False
experiment_2_C_realspace_local,A_ARG129,24,0.38306668400764465,1.5966811180114746,-76.60;-175.06;59.65;158.26,g-/t/g+/p-180,16.60;4.94;0.35;21.74,True,2.3088275954812256,NH2--B:TYR131:CZ,2.6505582224656257,"NH2--sym6[-1,0,1]/B:HOH50:O",0.49436837434768677,,51.1805419921875,48.87940979003906,53.74126434326172,2.3011322021484375,True,True,False,False
experiment_2_C_realspace_local,A_ARG129,25,0.38306668400764465,1.5966811180114746,-76.60;-175.06;59.65;158.26,g-/t/g+/p-180,16.60;4.94;0.35;21.74,True,2.3088275954812256,NH2--B:TYR131:CZ,2.6505582224656257,"NH2--sym6[-1,0,1]/B:HOH50:O",0.49436837434768677,,51.1805419921875,48.87940979003906,53.74126434326172,2.3011322021484375,True,True,False,False
experiment_2_C_realspace_local,A_ARG129,26,0.38306668400764465,1.5966811180114746,-76.60;-175.06;59.65;158.26,g-/t/g+/p-180,16.60;4.94;0.35;21.74,True,2.3088275954812256,NH2--B:TYR131:CZ,2.6505582224656257,"NH2--sym6[-1,0,1]/B:HOH50:O",0.49436837434768677,,51.1805419921875,48.87940979003906,53.74126434326172,2.3011322021484375,True,True,False,False
experiment_2_C_realspace_local,A_ARG129,27,0.38306674361228943,1.5966811180114746,-76.60;-175.06;59.65;158.26,g-/t/g+/p-180,16.60;4.94;0.35;21.74,True,2.3088280295779455,NH2--B:TYR131:CZ,2.6505580828411617,"NH2--sym6[-1,0,1]/B:HOH50:O",0.49436822533607483,,51.1805419921875,48.87940979003906,53.74126434326172,2.3011322021484375,True,True,False,False
experiment_2_C_realspace_local,A_ARG129,28,0.3830668032169342,1.5966811180114746,-76.60;-175.06;59.65;158.26,g-/t/g+/p180,16.60;4.94;0.35;21.74,True,2.3088278892515453,NH2--B:TYR131:CZ,2.6505579609665073,"NH2--sym6[-1,0,1]/B:HOH50:O",0.49436846375465393,,51.1805419921875,48.87940979003906,53.74126434326172,2.3011322021484375,True,True,False,False
experiment_2_C_realspace_local,A_ARG129,29,0.3830668032169342,1.5966811180114746,-76.60;-175.06;59.65;158.26,g-/t/g+/p180,16.60;4.94;0.35;21.74,True,2.3088278892515453,NH2--B:TYR131:CZ,2.6505579609665073,"NH2--sym6[-1,0,1]/B:HOH50:O",0.49436846375465393,,51.1805419921875,48.87940979003906,53.74126434326172,2.3011322021484375,True,True,False,False
experiment_2_C_realspace_local,A_ARG129,30,0.38306668400764465,1.5966811180114746,-76.60;-175.06;59.65;158.26,g-/t/g+/p-180,16.60;4.94;0.35;21.74,True,2.3088280295779455,NH2--B:TYR131:CZ,2.6505580828411617,"NH2--sym6[-1,0,1]/B:HOH50:O",0.49436822533607483,,51.1805419921875,48.87940979003906,53.74126434326172,2.3011322021484375,True,True,False,False
experiment_2_C_realspace_local,A_ARG129,31,0.3830668032169342,1.5966811180114746,-76.60;-175.06;59.65;158.26,g-/t/g+/p180,16.60;4.94;0.35;21.74,True,2.3088278892515453,NH2--B:TYR131:CZ,2.6505579609665073,"NH2--sym6[-1,0,1]/B:HOH50:O",0.49436846375465393,,51.1805419921875,48.87940979003906,53.74126434326172,2.3011322021484375,True,True,False,False
experiment_2_C_realspace_local,A_ARG129,32,0.3830668032169342,1.5966811180114746,-76.60;-175.06;59.65;158.26,g-/t/g+/p180,16.60;4.94;0.35;21.74,True,2.3088278892515453,NH2--B:TYR131:CZ,2.6505579609665073,"NH2--sym6[-1,0,1]/B:HOH50:O",0.49436846375465393,,51.1805419921875,48.87940979003906,53.74126434326172,2.3011322021484375,True,True,False,False
experiment_2_C_realspace_local,A_ARG129,33,0.38306668400764465,1.5966811180114746,-76.60;-175.06;59.65;158.26,g-/t/g+/p-180,16.60;4.94;0.35;21.74,True,2.3088280295779455,NH2--B:TYR131:CZ,2.6505580828411617,"NH2--sym6[-1,0,1]/B:HOH50:O",0.49436822533607483,,51.1805419921875,48.87940979003906,53.74126434326172,2.3011322021484375,True,True,False,False
experiment_2_C_realspace_local,A_ARG129,34,0.38306674361228943,1.5966811180114746,-76.60;-175.06;59.65;158.26,g-/t/g+/p-180,16.60;4.94;0.35;21.74,True,2.3088280295779455,NH2--B:TYR131:CZ,2.6505580828411617,"NH2--sym6[-1,0,1]/B:HOH50:O",0.49436822533607483,,51.1805419921875,48.87940979003906,53.74126434326172,2.3011322021484375,True,True,False,False
experiment_2_C_realspace_local,A_ARG129,35,0.38306668400764465,1.5966811180114746,-76.60;-175.06;59.65;158.26,g-/t/g+/p-180,16.60;4.94;0.35;21.74,True,2.3088275954812256,NH2--B:TYR131:CZ,2.6505582224656257,"NH2--sym6[-1,0,1]/B:HOH50:O",0.49436837434768677,,51.1805419921875,48.87940979003906,53.74126434326172,2.3011322021484375,True,True,False,False
experiment_2_C_realspace_local,A_ARG129,36,0.38306668400764465,1.5966811180114746,-76.60;-175.06;59.65;158.26,g-/t/g+/p-180,16.60;4.94;0.35;21.74,True,2.3088275954812256,NH2--B:TYR131:CZ,2.6505582224656257,"NH2--sym6[-1,0,1]/B:HOH50:O",0.49436837434768677,,51.1805419921875,48.87940979003906,53.74126434326172,2.3011322021484375,True,True,False,False
experiment_2_C_realspace_local,A_ARG129,37,0.3830668032169342,1.5966811180114746,-76.60;-175.06;59.65;158.26,g-/t/g+/p180,16.60;4.94;0.35;21.74,True,2.3088278892515453,NH2--B:TYR131:CZ,2.6505579609665073,"NH2--sym6[-1,0,1]/B:HOH50:O",0.49436846375465393,,51.1805419921875,48.87940979003906,53.74126434326172,2.3011322021484375,True,True,False,False
experiment_2_C_realspace_local,A_ARG129,38,0.38306668400764465,1.5966811180114746,-76.60;-175.06;59.65;158.26,g-/t/g+/p-180,16.60;4.94;0.35;21.74,True,2.3088275954812256,NH2--B:TYR131:CZ,2.6505582224656257,"NH2--sym6[-1,0,1]/B:HOH50:O",0.49436837434768677,,51.1805419921875,48.87940979003906,53.74126434326172,2.3011322021484375,True,True,False,False
experiment_2_C_realspace_local,A_ARG129,39,0.38306668400764465,1.5966811180114746,-76.60;-175.06;59.65;158.26,g-/t/g+/p-180,16.60;4.94;0.35;21.74,True,2.3088275954812256,NH2--B:TYR131:CZ,2.6505582224656257,"NH2--sym6[-1,0,1]/B:HOH50:O",0.49436837434768677,,51.1805419921875,48.87940979003906,53.74126434326172,2.3011322021484375,True,True,False,False
experiment_2_C_realspace_local,A_ARG129,40,0.38306668400764465,1.5966811180114746,-76.60;-175.06;59.65;158.26,g-/t/g+/p-180,16.60;4.94;0.35;21.74,True,2.3088280295779455,NH2--B:TYR131:CZ,2.6505580828411617,"NH2--sym6[-1,0,1]/B:HOH50:O",0.49436822533607483,,51.1805419921875,48.87940979003906,53.74126434326172,2.3011322021484375,True,True,False,False
experiment_2_C_realspace_local,A_ARG129,41,0.3830668032169342,1.5966811180114746,-76.60;-175.06;59.65;158.26,g-/t/g+/p180,16.60;4.94;0.35;21.74,True,2.3088278892515453,NH2--B:TYR131:CZ,2.6505579609665073,"NH2--sym6[-1,0,1]/B:HOH50:O",0.49436846375465393,,51.1805419921875,48.87940979003906,53.74126434326172,2.3011322021484375,True,True,False,False
experiment_2_C_realspace_local,A_ARG129,42,0.3830668032169342,1.5966811180114746,-76.60;-175.06;59.65;158.26,g-/t/g+/p180,16.60;4.94;0.35;21.74,True,2.3088278892515453,NH2--B:TYR131:CZ,2.6505579609665073,"NH2--sym6[-1,0,1]/B:HOH50:O",0.49436846375465393,,51.1805419921875,48.87940979003906,53.74126434326172,2.3011322021484375,True,True,False,False
experiment_2_C_realspace_local,A_ARG129,43,0.38306668400764465,1.5966811180114746,-76.60;-175.06;59.65;158.26,g-/t/g+/p-180,16.60;4.94;0.35;21.74,True,2.3088275954812256,NH2--B:TYR131:CZ,2.6505582224656257,"NH2--sym6[-1,0,1]/B:HOH50:O",0.49436837434768677,,51.1805419921875,48.87940979003906,53.74126434326172,2.3011322021484375,True,True,False,False
experiment_2_C_realspace_local,A_ARG129,44,0.3830668032169342,1.5966811180114746,-76.60;-175.06;59.65;158.26,g-/t/g+/p180,16.60;4.94;0.35;21.74,True,2.3088278892515453,NH2--B:TYR131:CZ,2.6505579609665073,"NH2--sym6[-1,0,1]/B:HOH50:O",0.49436846375465393,,51.1805419921875,48.87940979003906,53.74126434326172,2.3011322021484375,True,True,False,False
experiment_2_C_realspace_local,A_ARG129,45,0.3830668032169342,1.5966811180114746,-76.60;-175.06;59.65;158.26,g-/t/g+/p180,16.60;4.94;0.35;21.74,True,2.3088278892515453,NH2--B:TYR131:CZ,2.6505579609665073,"NH2--sym6[-1,0,1]/B:HOH50:O",0.49436846375465393,,51.1805419921875,48.87940979003906,53.74126434326172,2.3011322021484375,True,True,False,False
experiment_2_C_realspace_local,A_ARG129,46,0.3830668032169342,1.5966811180114746,-76.60;-175.06;59.65;158.26,g-/t/g+/p180,16.60;4.94;0.35;21.74,True,2.3088278892515453,NH2--B:TYR131:CZ,2.6505579609665073,"NH2--sym6[-1,0,1]/B:HOH50:O",0.49436846375465393,,51.1805419921875,48.87940979003906,53.74126434326172,2.3011322021484375,True,True,False,False
experiment_2_C_realspace_local,A_ARG129,47,0.3830668032169342,1.5966811180114746,-76.60;-175.06;59.65;158.26,g-/t/g+/p180,16.60;4.94;0.35;21.74,True,2.3088278892515453,NH2--B:TYR131:CZ,2.6505579609665073,"NH2--sym6[-1,0,1]/B:HOH50:O",0.49436846375465393,,51.1805419921875,48.87940979003906,53.74126434326172,2.3011322021484375,True,True,False,False
experiment_2_C_realspace_local,A_ARG129,48,0.3830668032169342,1.5966811180114746,-76.60;-175.06;59.65;158.26,g-/t/g+/p180,16.60;4.94;0.35;21.74,True,2.3088278892515453,NH2--B:TYR131:CZ,2.6505579609665073,"NH2--sym6[-1,0,1]/B:HOH50:O",0.49436846375465393,,51.1805419921875,48.87940979003906,53.74126434326172,2.3011322021484375,True,True,False,False
experiment_2_C_realspace_local,A_ARG129,49,0.38306668400764465,1.5966811180114746,-76.60;-175.06;59.65;158.26,g-/t/g+/p-180,16.60;4.94;0.35;21.74,True,2.3088275954812256,NH2--B:TYR131:CZ,2.6505582224656257,"NH2--sym6[-1,0,1]/B:HOH50:O",0.49436837434768677,,51.1805419921875,48.87940979003906,53.74126434326172,2.3011322021484375,True,True,False,False
experiment_1_complex_target,B_MET112,0,1.0521727800369263,0.2135540395975113,-92.50;139.39;-145.54,g-/t/t,32.50;40.61;34.46,False,3.0843139640824013,CB--B:ILE113:N,3.60169757703319,"CB--sym1[1,1,0]/A:HOH30:O",1.8120852708816528,,38.76410675048828,25.18259048461914,26.873733520507812,13.58151626586914,True,False,True,False
experiment_1_complex_target,B_MET112,1,1.0521728992462158,0.21355418860912323,-92.50;139.39;-145.54,g-/t/t,32.50;40.61;34.46,False,3.0843139640824013,CB--B:ILE113:N,3.60169757703319,"CB--sym1[1,1,0]/A:HOH30:O",1.8120851516723633,,38.76410675048828,25.18259048461914,26.873733520507812,13.58151626586914,True,False,True,False
experiment_1_complex_target,B_MET112,2,1.0521728992462158,0.21355418860912323,-92.50;139.39;-145.54,g-/t/t,32.50;40.61;34.46,False,3.0843139640824013,CB--B:ILE113:N,3.60169757703319,"CB--sym1[1,1,0]/A:HOH30:O",1.8120851516723633,,38.76410675048828,25.18259048461914,26.873733520507812,13.58151626586914,True,False,True,False
experiment_1_complex_target,B_MET112,3,1.0521728992462158,0.21355418860912323,-92.50;139.39;-145.54,g-/t/t,32.50;40.61;34.46,False,3.0843139640824013,CB--B:ILE113:N,3.60169757703319,"CB--sym1[1,1,0]/A:HOH30:O",1.8120851516723633,,38.76410675048828,25.18259048461914,26.873733520507812,13.58151626586914,True,False,True,False
experiment_1_complex_target,B_MET112,4,1.0521728992462158,0.21355418860912323,-92.50;139.39;-145.54,g-/t/t,32.50;40.61;34.46,False,3.0843139640824013,CB--B:ILE113:N,3.60169757703319,"CB--sym1[1,1,0]/A:HOH30:O",1.8120851516723633,,38.76410675048828,25.18259048461914,26.873733520507812,13.58151626586914,True,False,True,False
experiment_1_complex_target,B_MET112,5,1.0521728992462158,0.21355418860912323,-92.50;139.39;-145.54,g-/t/t,32.50;40.61;34.46,False,3.0843139640824013,CB--B:ILE113:N,3.60169757703319,"CB--sym1[1,1,0]/A:HOH30:O",1.8120851516723633,,38.76410675048828,25.18259048461914,26.873733520507812,13.58151626586914,True,False,True,False
experiment_1_complex_target,B_MET112,6,1.0521728992462158,0.21355418860912323,-92.50;139.39;-145.54,g-/t/t,32.50;40.61;34.46,False,3.0843139640824013,CB--B:ILE113:N,3.60169757703319,"CB--sym1[1,1,0]/A:HOH30:O",1.8120851516723633,,38.76410675048828,25.18259048461914,26.873733520507812,13.58151626586914,True,False,True,False
experiment_1_complex_target,B_MET112,7,1.0521728992462158,0.21355418860912323,-92.50;139.39;-145.54,g-/t/t,32.50;40.61;34.46,False,3.0843139640824013,CB--B:ILE113:N,3.60169757703319,"CB--sym1[1,1,0]/A:HOH30:O",1.8120851516723633,,38.76410675048828,25.18259048461914,26.873733520507812,13.58151626586914,True,False,True,False
experiment_1_complex_target,B_MET112,8,1.0521727800369263,0.2135540395975113,-92.50;139.39;-145.54,g-/t/t,32.50;40.61;34.46,False,3.0843139640824013,CB--B:ILE113:N,3.60169757703319,"CB--sym1[1,1,0]/A:HOH30:O",1.8120852708816528,,38.76410675048828,25.18259048461914,26.873733520507812,13.58151626586914,True,False,True,False
experiment_1_complex_target,B_MET112,9,1.0521728992462158,0.21355418860912323,-92.50;139.39;-145.54,g-/t/t,32.50;40.61;34.46,False,3.0843139640824013,CB--B:ILE113:N,3.60169757703319,"CB--sym1[1,1,0]/A:HOH30:O",1.8120851516723633,,38.76410675048828,25.18259048461914,26.873733520507812,13.58151626586914,True,False,True,False
experiment_1_complex_target,B_MET112,10,1.0521727800369263,0.2135540395975113,-92.50;139.39;-145.54,g-/t/t,32.50;40.61;34.46,False,3.0843139640824013,CB--B:ILE113:N,3.60169757703319,"CB--sym1[1,1,0]/A:HOH30:O",1.8120852708816528,,38.76410675048828,25.18259048461914,26.873733520507812,13.58151626586914,True,False,True,False
experiment_1_complex_target,B_MET112,11,1.0521728992462158,0.21355418860912323,-92.50;139.39;-145.54,g-/t/t,32.50;40.61;34.46,False,3.0843139640824013,CB--B:ILE113:N,3.60169757703319,"CB--sym1[1,1,0]/A:HOH30:O",1.8120851516723633,,38.76410675048828,25.18259048461914,26.873733520507812,13.58151626586914,True,False,True,False
experiment_1_complex_target,B_MET112,12,1.0521727800369263,0.2135540395975113,-92.50;139.39;-145.54,g-/t/t,32.50;40.61;34.46,False,3.0843139640824013,CB--B:ILE113:N,3.60169757703319,"CB--sym1[1,1,0]/A:HOH30:O",1.8120852708816528,,38.76410675048828,25.18259048461914,26.873733520507812,13.58151626586914,True,False,True,False
experiment_1_complex_target,B_MET112,13,1.0521728992462158,0.21355418860912323,-92.50;139.39;-145.54,g-/t/t,32.50;40.61;34.46,False,3.0843139640824013,CB--B:ILE113:N,3.60169757703319,"CB--sym1[1,1,0]/A:HOH30:O",1.8120851516723633,,38.76410675048828,25.18259048461914,26.873733520507812,13.58151626586914,True,False,True,False
experiment_1_complex_target,B_MET112,14,1.0521728992462158,0.21355418860912323,-92.50;139.39;-145.54,g-/t/t,32.50;40.61;34.46,False,3.0843139640824013,CB--B:ILE113:N,3.60169757703319,"CB--sym1[1,1,0]/A:HOH30:O",1.8120851516723633,,38.76410675048828,25.18259048461914,26.873733520507812,13.58151626586914,True,False,True,False
experiment_1_complex_target,B_MET112,15,1.0521727800369263,0.2135540395975113,-92.50;139.39;-145.54,g-/t/t,32.50;40.61;34.46,False,3.0843139640824013,CB--B:ILE113:N,3.60169757703319,"CB--sym1[1,1,0]/A:HOH30:O",1.8120852708816528,,38.76410675048828,25.18259048461914,26.873733520507812,13.58151626586914,True,False,True,False
experiment_1_complex_target,B_MET112,16,1.0521728992462158,0.21355418860912323,-92.50;139.39;-145.54,g-/t/t,32.50;40.61;34.46,False,3.0843139640824013,CB--B:ILE113:N,3.60169757703319,"CB--sym1[1,1,0]/A:HOH30:O",1.8120851516723633,,38.76410675048828,25.18259048461914,26.873733520507812,13.58151626586914,True,False,True,False
experiment_1_complex_target,B_MET112,17,1.0521728992462158,0.21355418860912323,-92.50;139.39;-145.54,g-/t/t,32.50;40.61;34.46,False,3.0843139640824013,CB--B:ILE113:N,3.60169757703319,"CB--sym1[1,1,0]/A:HOH30:O",1.8120851516723633,,38.76410675048828,25.18259048461914,26.873733520507812,13.58151626586914,True,False,True,False
experiment_1_complex_target,B_MET112,18,1.0521728992462158,0.21355418860912323,-92.50;139.39;-145.54,g-/t/t,32.50;40.61;34.46,False,3.0843139640824013,CB--B:ILE113:N,3.60169757703319,"CB--sym1[1,1,0]/A:HOH30:O",1.8120851516723633,,38.76410675048828,25.18259048461914,26.873733520507812,13.58151626586914,True,False,True,False
experiment_1_complex_target,B_MET112,19,1.0521728992462158,0.21355418860912323,-92.50;139.39;-145.54,g-/t/t,32.50;40.61;34.46,False,3.0843139640824013,CB--B:ILE113:N,3.60169757703319,"CB--sym1[1,1,0]/A:HOH30:O",1.8120851516723633,,38.76410675048828,25.18259048461914,26.873733520507812,13.58151626586914,True,False,True,False
experiment_1_complex_target,B_MET112,20,1.0521728992462158,0.21355418860912323,-92.50;139.39;-145.54,g-/t/t,32.50;40.61;34.46,False,3.0843139640824013,CB--B:ILE113:N,3.60169757703319,"CB--sym1[1,1,0]/A:HOH30:O",1.8120851516723633,,38.76410675048828,25.18259048461914,26.873733520507812,13.58151626586914,True,False,True,False
experiment_1_complex_target,B_MET112,21,1.0521728992462158,0.21355418860912323,-92.50;139.39;-145.54,g-/t/t,32.50;40.61;34.46,False,3.0843139640824013,CB--B:ILE113:N,3.60169757703319,"CB--sym1[1,1,0]/A:HOH30:O",1.8120851516723633,,38.76410675048828,25.18259048461914,26.873733520507812,13.58151626586914,True,False,True,False
experiment_1_complex_target,B_MET112,22,1.0521728992462158,0.21355418860912323,-92.50;139.39;-145.54,g-/t/t,32.50;40.61;34.46,False,3.0843139640824013,CB--B:ILE113:N,3.60169757703319,"CB--sym1[1,1,0]/A:HOH30:O",1.8120851516723633,,38.76410675048828,25.18259048461914,26.873733520507812,13.58151626586914,True,False,True,False
experiment_1_complex_target,B_MET112,23,1.0521728992462158,0.21355418860912323,-92.50;139.39;-145.54,g-/t/t,32.50;40.61;34.46,False,3.0843139640824013,CB--B:ILE113:N,3.60169757703319,"CB--sym1[1,1,0]/A:HOH30:O",1.8120851516723633,,38.76410675048828,25.18259048461914,26.873733520507812,13.58151626586914,True,False,True,False
experiment_1_complex_target,B_MET112,24,1.0521728992462158,0.21355418860912323,-92.50;139.39;-145.54,g-/t/t,32.50;40.61;34.46,False,3.0843139640824013,CB--B:ILE113:N,3.60169757703319,"CB--sym1[1,1,0]/A:HOH30:O",1.8120851516723633,,38.76410675048828,25.18259048461914,26.873733520507812,13.58151626586914,True,False,True,False
experiment_1_complex_target,B_MET112,25,1.0521727800369263,0.2135540395975113,-92.50;139.39;-145.54,g-/t/t,32.50;40.61;34.46,False,3.0843139640824013,CB--B:ILE113:N,3.60169757703319,"CB--sym1[1,1,0]/A:HOH30:O",1.8120852708816528,,38.76410675048828,25.18259048461914,26.873733520507812,13.58151626586914,True,False,True,False
experiment_1_complex_target,B_MET112,26,1.0521728992462158,0.21355418860912323,-92.50;139.39;-145.54,g-/t/t,32.50;40.61;34.46,False,3.0843139640824013,CB--B:ILE113:N,3.60169757703319,"CB--sym1[1,1,0]/A:HOH30:O",1.8120851516723633,,38.76410675048828,25.18259048461914,26.873733520507812,13.58151626586914,True,False,True,False
experiment_1_complex_target,B_MET112,27,1.0521727800369263,0.2135540395975113,-92.50;139.39;-145.54,g-/t/t,32.50;40.61;34.46,False,3.0843139640824013,CB--B:ILE113:N,3.60169757703319,"CB--sym1[1,1,0]/A:HOH30:O",1.8120852708816528,,38.76410675048828,25.18259048461914,26.873733520507812,13.58151626586914,True,False,True,False
experiment_1_complex_target,B_MET112,28,1.0521728992462158,0.21355418860912323,-92.50;139.39;-145.54,g-/t/t,32.50;40.61;34.46,False,3.0843139640824013,CB--B:ILE113:N,3.60169757703319,"CB--sym1[1,1,0]/A:HOH30:O",1.8120851516723633,,38.76410675048828,25.18259048461914,26.873733520507812,13.58151626586914,True,False,True,False
experiment_1_complex_target,B_MET112,29,1.0521728992462158,0.21355418860912323,-92.50;139.39;-145.54,g-/t/t,32.50;40.61;34.46,False,3.0843139640824013,CB--B:ILE113:N,3.60169757703319,"CB--sym1[1,1,0]/A:HOH30:O",1.8120851516723633,,38.76410675048828,25.18259048461914,26.873733520507812,13.58151626586914,True,False,True,False
experiment_1_complex_target,B_MET112,30,1.0521727800369263,0.2135540395975113,-92.50;139.39;-145.54,g-/t/t,32.50;40.61;34.46,False,3.0843139640824013,CB--B:ILE113:N,3.60169757703319,"CB--sym1[1,1,0]/A:HOH30:O",1.8120852708816528,,38.76410675048828,25.18259048461914,26.873733520507812,13.58151626586914,True,False,True,False
experiment_1_complex_target,B_MET112,31,1.0521727800369263,0.2135540395975113,-92.50;139.39;-145.54,g-/t/t,32.50;40.61;34.46,False,3.0843139640824013,CB--B:ILE113:N,3.60169757703319,"CB--sym1[1,1,0]/A:HOH30:O",1.8120852708816528,,38.76410675048828,25.18259048461914,26.873733520507812,13.58151626586914,True,False,True,False
experiment_1_complex_target,B_MET112,32,1.0521728992462158,0.21355418860912323,-92.50;139.39;-145.54,g-/t/t,32.50;40.61;34.46,False,3.0843139640824013,CB--B:ILE113:N,3.60169757703319,"CB--sym1[1,1,0]/A:HOH30:O",1.8120851516723633,,38.76410675048828,25.18259048461914,26.873733520507812,13.58151626586914,True,False,True,False
experiment_1_complex_target,B_MET112,33,1.0521728992462158,0.21355418860912323,-92.50;139.39;-145.54,g-/t/t,32.50;40.61;34.46,False,3.0843139640824013,CB--B:ILE113:N,3.60169757703319,"CB--sym1[1,1,0]/A:HOH30:O",1.8120851516723633,,38.76410675048828,25.18259048461914,26.873733520507812,13.58151626586914,True,False,True,False
experiment_1_complex_target,B_MET112,34,1.0521728992462158,0.21355418860912323,-92.50;139.39;-145.54,g-/t/t,32.50;40.61;34.46,False,3.0843139640824013,CB--B:ILE113:N,3.60169757703319,"CB--sym1[1,1,0]/A:HOH30:O",1.8120851516723633,,38.76410675048828,25.18259048461914,26.873733520507812,13.58151626586914,True,False,True,False
experiment_1_complex_target,B_MET112,35,1.0521728992462158,0.21355418860912323,-92.50;139.39;-145.54,g-/t/t,32.50;40.61;34.46,False,3.0843139640824013,CB--B:ILE113:N,3.60169757703319,"CB--sym1[1,1,0]/A:HOH30:O",1.8120851516723633,,38.76410675048828,25.18259048461914,26.873733520507812,13.58151626586914,True,False,True,False
experiment_1_complex_target,B_MET112,36,1.0521727800369263,0.2135540395975113,-92.50;139.39;-145.54,g-/t/t,32.50;40.61;34.46,False,3.0843139640824013,CB--B:ILE113:N,3.60169757703319,"CB--sym1[1,1,0]/A:HOH30:O",1.8120852708816528,,38.76410675048828,25.18259048461914,26.873733520507812,13.58151626586914,True,False,True,False
experiment_1_complex_target,B_MET112,37,1.0521728992462158,0.21355418860912323,-92.50;139.39;-145.54,g-/t/t,32.50;40.61;34.46,False,3.0843139640824013,CB--B:ILE113:N,3.60169757703319,"CB--sym1[1,1,0]/A:HOH30:O",1.8120851516723633,,38.76410675048828,25.18259048461914,26.873733520507812,13.58151626586914,True,False,True,False
experiment_1_complex_target,B_MET112,38,1.0521727800369263,0.2135540395975113,-92.50;139.39;-145.54,g-/t/t,32.50;40.61;34.46,False,3.0843139640824013,CB--B:ILE113:N,3.60169757703319,"CB--sym1[1,1,0]/A:HOH30:O",1.8120852708816528,,38.76410675048828,25.18259048461914,26.873733520507812,13.58151626586914,True,False,True,False
experiment_1_complex_target,B_MET112,39,1.0521728992462158,0.21355418860912323,-92.50;139.39;-145.54,g-/t/t,32.50;40.61;34.46,False,3.0843139640824013,CB--B:ILE113:N,3.60169757703319,"CB--sym1[1,1,0]/A:HOH30:O",1.8120851516723633,,38.76410675048828,25.18259048461914,26.873733520507812,13.58151626586914,True,False,True,False
experiment_1_complex_target,B_MET112,40,1.0521728992462158,0.21355418860912323,-92.50;139.39;-145.54,g-/t/t,32.50;40.61;34.46,False,3.0843139640824013,CB--B:ILE113:N,3.60169757703319,"CB--sym1[1,1,0]/A:HOH30:O",1.8120851516723633,,38.76410675048828,25.18259048461914,26.873733520507812,13.58151626586914,True,False,True,False
experiment_1_complex_target,B_MET112,41,1.0521728992462158,0.21355418860912323,-92.50;139.39;-145.54,g-/t/t,32.50;40.61;34.46,False,3.0843139640824013,CB--B:ILE113:N,3.60169757703319,"CB--sym1[1,1,0]/A:HOH30:O",1.8120851516723633,,38.76410675048828,25.18259048461914,26.873733520507812,13.58151626586914,True,False,True,False
experiment_1_complex_target,B_MET112,42,1.0521728992462158,0.21355418860912323,-92.50;139.39;-145.54,g-/t/t,32.50;40.61;34.46,False,3.0843139640824013,CB--B:ILE113:N,3.60169757703319,"CB--sym1[1,1,0]/A:HOH30:O",1.8120851516723633,,38.76410675048828,25.18259048461914,26.873733520507812,13.58151626586914,True,False,True,False
experiment_1_complex_target,B_MET112,43,1.0521728992462158,0.21355418860912323,-92.50;139.39;-145.54,g-/t/t,32.50;40.61;34.46,False,3.0843139640824013,CB--B:ILE113:N,3.60169757703319,"CB--sym1[1,1,0]/A:HOH30:O",1.8120851516723633,,38.76410675048828,25.18259048461914,26.873733520507812,13.58151626586914,True,False,True,False
experiment_1_complex_target,B_MET112,44,1.0521728992462158,0.21355418860912323,-92.50;139.39;-145.54,g-/t/t,32.50;40.61;34.46,False,3.0843139640824013,CB--B:ILE113:N,3.60169757703319,"CB--sym1[1,1,0]/A:HOH30:O",1.8120851516723633,,38.76410675048828,25.18259048461914,26.873733520507812,13.58151626586914,True,False,True,False
experiment_1_complex_target,B_MET112,45,1.0521727800369263,0.2135540395975113,-92.50;139.39;-145.54,g-/t/t,32.50;40.61;34.46,False,3.0843139640824013,CB--B:ILE113:N,3.60169757703319,"CB--sym1[1,1,0]/A:HOH30:O",1.8120852708816528,,38.76410675048828,25.18259048461914,26.873733520507812,13.58151626586914,True,False,True,False
experiment_1_complex_target,B_MET112,46,1.0521728992462158,0.21355418860912323,-92.50;139.39;-145.54,g-/t/t,32.50;40.61;34.46,False,3.0843139640824013,CB--B:ILE113:N,3.60169757703319,"CB--sym1[1,1,0]/A:HOH30:O",1.8120851516723633,,38.76410675048828,25.18259048461914,26.873733520507812,13.58151626586914,True,False,True,False
experiment_1_complex_target,B_MET112,47,1.0521728992462158,0.21355418860912323,-92.50;139.39;-145.54,g-/t/t,32.50;40.61;34.46,False,3.0843139640824013,CB--B:ILE113:N,3.60169757703319,"CB--sym1[1,1,0]/A:HOH30:O",1.8120851516723633,,38.76410675048828,25.18259048461914,26.873733520507812,13.58151626586914,True,False,True,False
experiment_1_complex_target,B_MET112,48,1.0521727800369263,0.2135540395975113,-92.50;139.39;-145.54,g-/t/t,32.50;40.61;34.46,False,3.0843139640824013,CB--B:ILE113:N,3.60169757703319,"CB--sym1[1,1,0]/A:HOH30:O",1.8120852708816528,,38.76410675048828,25.18259048461914,26.873733520507812,13.58151626586914,True,False,True,False
experiment_1_complex_target,B_MET112,49,1.0521728992462158,0.21355418860912323,-92.50;139.39;-145.54,g-/t/t,32.50;40.61;34.46,False,3.0843139640824013,CB--B:ILE113:N,3.60169757703319,"CB--sym1[1,1,0]/A:HOH30:O",1.8120851516723633,,38.76410675048828,25.18259048461914,26.873733520507812,13.58151626586914,True,False,True,False
experiment_2_A_synthetic_fobs,B_MET112,0,0.26447322964668274,0.9449333548545837,-60.94;171.51;86.70,g-/t/m+,0.94;8.49;3.30,True,3.0843139640824013,CB--B:ILE113:N,3.4175105603001126,"SD--sym1[1,1,0]/A:LEU110:CD1",2.000391960144043,,26.181480407714844,25.18259048461914,26.873733520507812,0.9988899230957031,True,True,False,False
experiment_2_A_synthetic_fobs,B_MET112,1,0.2644733488559723,0.9449333548545837,-60.94;171.51;86.70,g-/t/m+,0.94;8.49;3.30,True,3.0843139640824013,CB--B:ILE113:N,3.4175105603001126,"SD--sym1[1,1,0]/A:LEU110:CD1",2.0003902912139893,,26.181480407714844,25.18259048461914,26.873733520507812,0.9988899230957031,True,True,False,False
experiment_2_A_synthetic_fobs,B_MET112,2,0.26447322964668274,0.9449333548545837,-60.94;171.51;86.70,g-/t/m+,0.94;8.49;3.30,True,3.0843139640824013,CB--B:ILE113:N,3.4175105603001126,"SD--sym1[1,1,0]/A:LEU110:CD1",2.000391960144043,,26.181480407714844,25.18259048461914,26.873733520507812,0.9988899230957031,True,True,False,False
experiment_2_A_synthetic_fobs,B_MET112,3,0.26447322964668274,0.9449333548545837,-60.94;171.51;86.70,g-/t/m+,0.94;8.49;3.30,True,3.0843139640824013,CB--B:ILE113:N,3.4175105603001126,"SD--sym1[1,1,0]/A:LEU110:CD1",2.000391960144043,,26.181480407714844,25.18259048461914,26.873733520507812,0.9988899230957031,True,True,False,False
experiment_2_A_synthetic_fobs,B_MET112,4,0.26447322964668274,0.9449333548545837,-60.94;171.51;86.70,g-/t/m+,0.94;8.49;3.30,True,3.0843139640824013,CB--B:ILE113:N,3.4175105603001126,"SD--sym1[1,1,0]/A:LEU110:CD1",2.000391960144043,,26.181480407714844,25.18259048461914,26.873733520507812,0.9988899230957031,True,True,False,False
experiment_2_A_synthetic_fobs,B_MET112,5,0.26447322964668274,0.9449333548545837,-60.94;171.51;86.70,g-/t/m+,0.94;8.49;3.30,True,3.0843139640824013,CB--B:ILE113:N,3.4175105603001126,"SD--sym1[1,1,0]/A:LEU110:CD1",2.000391960144043,,26.181480407714844,25.18259048461914,26.873733520507812,0.9988899230957031,True,True,False,False
experiment_2_A_synthetic_fobs,B_MET112,6,0.26447322964668274,0.9449333548545837,-60.94;171.51;86.70,g-/t/m+,0.94;8.49;3.30,True,3.0843139640824013,CB--B:ILE113:N,3.4175105603001126,"SD--sym1[1,1,0]/A:LEU110:CD1",2.000391960144043,,26.181480407714844,25.18259048461914,26.873733520507812,0.9988899230957031,True,True,False,False
experiment_2_A_synthetic_fobs,B_MET112,7,0.26447322964668274,0.9449333548545837,-60.94;171.51;86.70,g-/t/m+,0.94;8.49;3.30,True,3.0843139640824013,CB--B:ILE113:N,3.4175105603001126,"SD--sym1[1,1,0]/A:LEU110:CD1",2.000391960144043,,26.181480407714844,25.18259048461914,26.873733520507812,0.9988899230957031,True,True,False,False
experiment_2_A_synthetic_fobs,B_MET112,8,0.26447322964668274,0.9449333548545837,-60.94;171.51;86.70,g-/t/m+,0.94;8.49;3.30,True,3.0843139640824013,CB--B:ILE113:N,3.4175105603001126,"SD--sym1[1,1,0]/A:LEU110:CD1",2.000391960144043,,26.181480407714844,25.18259048461914,26.873733520507812,0.9988899230957031,True,True,False,False
experiment_2_A_synthetic_fobs,B_MET112,9,0.26447322964668274,0.9449333548545837,-60.94;171.51;86.70,g-/t/m+,0.94;8.49;3.30,True,3.0843139640824013,CB--B:ILE113:N,3.4175105603001126,"SD--sym1[1,1,0]/A:LEU110:CD1",2.000391960144043,,26.181480407714844,25.18259048461914,26.873733520507812,0.9988899230957031,True,True,False,False
experiment_2_A_synthetic_fobs,B_MET112,10,0.2644736170768738,0.9449344873428345,-60.94;171.51;86.70,g-/t/m+,0.94;8.49;3.30,True,3.0843139640824013,CB--B:ILE113:N,3.4175105603001126,"SD--sym1[1,1,0]/A:LEU110:CD1",2.000391960144043,,26.181480407714844,25.18259048461914,26.873733520507812,0.9988899230957031,True,True,False,False
experiment_2_A_synthetic_fobs,B_MET112,11,0.26447322964668274,0.9449333548545837,-60.94;171.51;86.70,g-/t/m+,0.94;8.49;3.30,True,3.0843139640824013,CB--B:ILE113:N,3.4175105603001126,"SD--sym1[1,1,0]/A:LEU110:CD1",2.000391960144043,,26.181480407714844,25.18259048461914,26.873733520507812,0.9988899230957031,True,True,False,False
experiment_2_A_synthetic_fobs,B_MET112,12,0.26447322964668274,0.9449333548545837,-60.94;171.51;86.70,g-/t/m+,0.94;8.49;3.30,True,3.0843139640824013,CB--B:ILE113:N,3.4175105603001126,"SD--sym1[1,1,0]/A:LEU110:CD1",2.000391960144043,,26.181480407714844,25.18259048461914,26.873733520507812,0.9988899230957031,True,True,False,False
experiment_2_A_synthetic_fobs,B_MET112,13,0.26447322964668274,0.9449333548545837,-60.94;171.51;86.70,g-/t/m+,0.94;8.49;3.30,True,3.0843139640824013,CB--B:ILE113:N,3.4175105603001126,"SD--sym1[1,1,0]/A:LEU110:CD1",2.000391960144043,,26.181480407714844,25.18259048461914,26.873733520507812,0.9988899230957031,True,True,False,False
experiment_2_A_synthetic_fobs,B_MET112,14,0.26447322964668274,0.9449333548545837,-60.94;171.51;86.70,g-/t/m+,0.94;8.49;3.30,True,3.0843139640824013,CB--B:ILE113:N,3.4175105603001126,"SD--sym1[1,1,0]/A:LEU110:CD1",2.000391960144043,,26.181480407714844,25.18259048461914,26.873733520507812,0.9988899230957031,True,True,False,False
experiment_2_A_synthetic_fobs,B_MET112,15,0.26447322964668274,0.9449333548545837,-60.94;171.51;86.70,g-/t/m+,0.94;8.49;3.30,True,3.0843139640824013,CB--B:ILE113:N,3.4175105603001126,"SD--sym1[1,1,0]/A:LEU110:CD1",2.000391960144043,,26.181480407714844,25.18259048461914,26.873733520507812,0.9988899230957031,True,True,False,False
experiment_2_A_synthetic_fobs,B_MET112,16,0.26447322964668274,0.9449333548545837,-60.94;171.51;86.70,g-/t/m+,0.94;8.49;3.30,True,3.0843139640824013,CB--B:ILE113:N,3.4175105603001126,"SD--sym1[1,1,0]/A:LEU110:CD1",2.000391960144043,,26.181480407714844,25.18259048461914,26.873733520507812,0.9988899230957031,True,True,False,False
experiment_2_A_synthetic_fobs,B_MET112,17,0.2644733488559723,0.9449333548545837,-60.94;171.51;86.70,g-/t/m+,0.94;8.49;3.30,True,3.0843139640824013,CB--B:ILE113:N,3.4175105603001126,"SD--sym1[1,1,0]/A:LEU110:CD1",2.0003902912139893,,26.181480407714844,25.18259048461914,26.873733520507812,0.9988899230957031,True,True,False,False
experiment_2_A_synthetic_fobs,B_MET112,18,0.26447322964668274,0.9449333548545837,-60.94;171.51;86.70,g-/t/m+,0.94;8.49;3.30,True,3.0843139640824013,CB--B:ILE113:N,3.4175105603001126,"SD--sym1[1,1,0]/A:LEU110:CD1",2.000391960144043,,26.181480407714844,25.18259048461914,26.873733520507812,0.9988899230957031,True,True,False,False
experiment_2_A_synthetic_fobs,B_MET112,19,0.2644733488559723,0.9449333548545837,-60.94;171.51;86.70,g-/t/m+,0.94;8.49;3.30,True,3.0843139640824013,CB--B:ILE113:N,3.4175105603001126,"SD--sym1[1,1,0]/A:LEU110:CD1",2.0003902912139893,,26.181480407714844,25.18259048461914,26.873733520507812,0.9988899230957031,True,True,False,False
experiment_2_A_synthetic_fobs,B_MET112,20,0.26447322964668274,0.9449333548545837,-60.94;171.51;86.70,g-/t/m+,0.94;8.49;3.30,True,3.0843139640824013,CB--B:ILE113:N,3.4175105603001126,"SD--sym1[1,1,0]/A:LEU110:CD1",2.000391960144043,,26.181480407714844,25.18259048461914,26.873733520507812,0.9988899230957031,True,True,False,False
experiment_2_A_synthetic_fobs,B_MET112,21,0.2644733488559723,0.9449333548545837,-60.94;171.51;86.70,g-/t/m+,0.94;8.49;3.30,True,3.0843139640824013,CB--B:ILE113:N,3.4175105603001126,"SD--sym1[1,1,0]/A:LEU110:CD1",2.0003902912139893,,26.181480407714844,25.18259048461914,26.873733520507812,0.9988899230957031,True,True,False,False
experiment_2_A_synthetic_fobs,B_MET112,22,0.26447322964668274,0.9449333548545837,-60.94;171.51;86.70,g-/t/m+,0.94;8.49;3.30,True,3.0843139640824013,CB--B:ILE113:N,3.4175105603001126,"SD--sym1[1,1,0]/A:LEU110:CD1",2.000391960144043,,26.181480407714844,25.18259048461914,26.873733520507812,0.9988899230957031,True,True,False,False
experiment_2_A_synthetic_fobs,B_MET112,23,0.2644733488559723,0.9449333548545837,-60.94;171.51;86.70,g-/t/m+,0.94;8.49;3.30,True,3.0843139640824013,CB--B:ILE113:N,3.4175105603001126,"SD--sym1[1,1,0]/A:LEU110:CD1",2.0003902912139893,,26.181480407714844,25.18259048461914,26.873733520507812,0.9988899230957031,True,True,False,False
experiment_2_A_synthetic_fobs,B_MET112,24,0.2644733488559723,0.9449333548545837,-60.94;171.51;86.70,g-/t/m+,0.94;8.49;3.30,True,3.0843139640824013,CB--B:ILE113:N,3.4175105603001126,"SD--sym1[1,1,0]/A:LEU110:CD1",2.0003902912139893,,26.181480407714844,25.18259048461914,26.873733520507812,0.9988899230957031,True,True,False,False
experiment_2_A_synthetic_fobs,B_MET112,25,0.26447322964668274,0.9449333548545837,-60.94;171.51;86.70,g-/t/m+,0.94;8.49;3.30,True,3.0843139640824013,CB--B:ILE113:N,3.4175105603001126,"SD--sym1[1,1,0]/A:LEU110:CD1",2.000391960144043,,26.181480407714844,25.18259048461914,26.873733520507812,0.9988899230957031,True,True,False,False
experiment_2_A_synthetic_fobs,B_MET112,26,0.26447322964668274,0.9449333548545837,-60.94;171.51;86.70,g-/t/m+,0.94;8.49;3.30,True,3.0843139640824013,CB--B:ILE113:N,3.4175105603001126,"SD--sym1[1,1,0]/A:LEU110:CD1",2.000391960144043,,26.181480407714844,25.18259048461914,26.873733520507812,0.9988899230957031,True,True,False,False
experiment_2_A_synthetic_fobs,B_MET112,27,0.26447322964668274,0.9449333548545837,-60.94;171.51;86.70,g-/t/m+,0.94;8.49;3.30,True,3.0843139640824013,CB--B:ILE113:N,3.4175105603001126,"SD--sym1[1,1,0]/A:LEU110:CD1",2.000391960144043,,26.181480407714844,25.18259048461914,26.873733520507812,0.9988899230957031,True,True,False,False
experiment_2_A_synthetic_fobs,B_MET112,28,0.26447322964668274,0.9449333548545837,-60.94;171.51;86.70,g-/t/m+,0.94;8.49;3.30,True,3.0843139640824013,CB--B:ILE113:N,3.4175105603001126,"SD--sym1[1,1,0]/A:LEU110:CD1",2.000391960144043,,26.181480407714844,25.18259048461914,26.873733520507812,0.9988899230957031,True,True,False,False
experiment_2_A_synthetic_fobs,B_MET112,29,0.26447322964668274,0.9449333548545837,-60.94;171.51;86.70,g-/t/m+,0.94;8.49;3.30,True,3.0843139640824013,CB--B:ILE113:N,3.4175105603001126,"SD--sym1[1,1,0]/A:LEU110:CD1",2.000391960144043,,26.181480407714844,25.18259048461914,26.873733520507812,0.9988899230957031,True,True,False,False
experiment_2_A_synthetic_fobs,B_MET112,30,0.26447322964668274,0.9449333548545837,-60.94;171.51;86.70,g-/t/m+,0.94;8.49;3.30,True,3.0843139640824013,CB--B:ILE113:N,3.4175105603001126,"SD--sym1[1,1,0]/A:LEU110:CD1",2.000391960144043,,26.181480407714844,25.18259048461914,26.873733520507812,0.9988899230957031,True,True,False,False
experiment_2_A_synthetic_fobs,B_MET112,31,0.26447322964668274,0.9449333548545837,-60.94;171.51;86.70,g-/t/m+,0.94;8.49;3.30,True,3.0843139640824013,CB--B:ILE113:N,3.4175105603001126,"SD--sym1[1,1,0]/A:LEU110:CD1",2.000391960144043,,26.181480407714844,25.18259048461914,26.873733520507812,0.9988899230957031,True,True,False,False
experiment_2_A_synthetic_fobs,B_MET112,32,0.26447322964668274,0.9449333548545837,-60.94;171.51;86.70,g-/t/m+,0.94;8.49;3.30,True,3.0843139640824013,CB--B:ILE113:N,3.4175105603001126,"SD--sym1[1,1,0]/A:LEU110:CD1",2.000391960144043,,26.181480407714844,25.18259048461914,26.873733520507812,0.9988899230957031,True,True,False,False
experiment_2_A_synthetic_fobs,B_MET112,33,0.26447322964668274,0.9449333548545837,-60.94;171.51;86.70,g-/t/m+,0.94;8.49;3.30,True,3.0843139640824013,CB--B:ILE113:N,3.4175105603001126,"SD--sym1[1,1,0]/A:LEU110:CD1",2.000391960144043,,26.181480407714844,25.18259048461914,26.873733520507812,0.9988899230957031,True,True,False,False
experiment_2_A_synthetic_fobs,B_MET112,34,0.26447322964668274,0.9449333548545837,-60.94;171.51;86.70,g-/t/m+,0.94;8.49;3.30,True,3.0843139640824013,CB--B:ILE113:N,3.4175105603001126,"SD--sym1[1,1,0]/A:LEU110:CD1",2.000391960144043,,26.181480407714844,25.18259048461914,26.873733520507812,0.9988899230957031,True,True,False,False
experiment_2_A_synthetic_fobs,B_MET112,35,0.26447322964668274,0.9449333548545837,-60.94;171.51;86.70,g-/t/m+,0.94;8.49;3.30,True,3.0843139640824013,CB--B:ILE113:N,3.4175105603001126,"SD--sym1[1,1,0]/A:LEU110:CD1",2.000391960144043,,26.181480407714844,25.18259048461914,26.873733520507812,0.9988899230957031,True,True,False,False
experiment_2_A_synthetic_fobs,B_MET112,36,0.2644736170768738,0.9449344873428345,-60.94;171.51;86.70,g-/t/m+,0.94;8.49;3.30,True,3.0843139640824013,CB--B:ILE113:N,3.417509370793611,"SD--sym1[1,1,0]/A:LEU110:CD1",2.0003957748413086,,26.181480407714844,25.18259048461914,26.873733520507812,0.9988899230957031,True,True,False,False
experiment_2_A_synthetic_fobs,B_MET112,37,0.2644733488559723,0.9449333548545837,-60.94;171.51;86.70,g-/t/m+,0.94;8.49;3.30,True,3.0843139640824013,CB--B:ILE113:N,3.4175105603001126,"SD--sym1[1,1,0]/A:LEU110:CD1",2.0003902912139893,,26.181480407714844,25.18259048461914,26.873733520507812,0.9988899230957031,True,True,False,False
experiment_2_A_synthetic_fobs,B_MET112,38,0.26447322964668274,0.9449333548545837,-60.94;171.51;86.70,g-/t/m+,0.94;8.49;3.30,True,3.0843139640824013,CB--B:ILE113:N,3.4175105603001126,"SD--sym1[1,1,0]/A:LEU110:CD1",2.000391960144043,,26.181480407714844,25.18259048461914,26.873733520507812,0.9988899230957031,True,True,False,False
experiment_2_A_synthetic_fobs,B_MET112,39,0.26447322964668274,0.9449333548545837,-60.94;171.51;86.70,g-/t/m+,0.94;8.49;3.30,True,3.0843139640824013,CB--B:ILE113:N,3.4175105603001126,"SD--sym1[1,1,0]/A:LEU110:CD1",2.000391960144043,,26.181480407714844,25.18259048461914,26.873733520507812,0.9988899230957031,True,True,False,False
experiment_2_A_synthetic_fobs,B_MET112,40,0.2644733488559723,0.9449333548545837,-60.94;171.51;86.70,g-/t/m+,0.94;8.49;3.30,True,3.0843139640824013,CB--B:ILE113:N,3.4175105603001126,"SD--sym1[1,1,0]/A:LEU110:CD1",2.0003902912139893,,26.181480407714844,25.18259048461914,26.873733520507812,0.9988899230957031,True,True,False,False
experiment_2_A_synthetic_fobs,B_MET112,41,0.2644733488559723,0.9449333548545837,-60.94;171.51;86.70,g-/t/m+,0.94;8.49;3.30,True,3.0843139640824013,CB--B:ILE113:N,3.4175105603001126,"SD--sym1[1,1,0]/A:LEU110:CD1",2.0003902912139893,,26.181480407714844,25.18259048461914,26.873733520507812,0.9988899230957031,True,True,False,False
experiment_2_A_synthetic_fobs,B_MET112,42,0.26447322964668274,0.9449333548545837,-60.94;171.51;86.70,g-/t/m+,0.94;8.49;3.30,True,3.0843139640824013,CB--B:ILE113:N,3.4175105603001126,"SD--sym1[1,1,0]/A:LEU110:CD1",2.000391960144043,,26.181480407714844,25.18259048461914,26.873733520507812,0.9988899230957031,True,True,False,False
experiment_2_A_synthetic_fobs,B_MET112,43,0.2644733488559723,0.9449333548545837,-60.94;171.51;86.70,g-/t/m+,0.94;8.49;3.30,True,3.0843139640824013,CB--B:ILE113:N,3.4175105603001126,"SD--sym1[1,1,0]/A:LEU110:CD1",2.0003902912139893,,26.181480407714844,25.18259048461914,26.873733520507812,0.9988899230957031,True,True,False,False
experiment_2_A_synthetic_fobs,B_MET112,44,0.26447322964668274,0.9449333548545837,-60.94;171.51;86.70,g-/t/m+,0.94;8.49;3.30,True,3.0843139640824013,CB--B:ILE113:N,3.4175105603001126,"SD--sym1[1,1,0]/A:LEU110:CD1",2.000391960144043,,26.181480407714844,25.18259048461914,26.873733520507812,0.9988899230957031,True,True,False,False
experiment_2_A_synthetic_fobs,B_MET112,45,0.26447322964668274,0.9449333548545837,-60.94;171.51;86.70,g-/t/m+,0.94;8.49;3.30,True,3.0843139640824013,CB--B:ILE113:N,3.4175105603001126,"SD--sym1[1,1,0]/A:LEU110:CD1",2.000391960144043,,26.181480407714844,25.18259048461914,26.873733520507812,0.9988899230957031,True,True,False,False
experiment_2_A_synthetic_fobs,B_MET112,46,0.2644733488559723,0.9449333548545837,-60.94;171.51;86.70,g-/t/m+,0.94;8.49;3.30,True,3.0843139640824013,CB--B:ILE113:N,3.4175105603001126,"SD--sym1[1,1,0]/A:LEU110:CD1",2.0003902912139893,,26.181480407714844,25.18259048461914,26.873733520507812,0.9988899230957031,True,True,False,False
experiment_2_A_synthetic_fobs,B_MET112,47,0.2644733488559723,0.9449333548545837,-60.94;171.51;86.70,g-/t/m+,0.94;8.49;3.30,True,3.0843139640824013,CB--B:ILE113:N,3.4175105603001126,"SD--sym1[1,1,0]/A:LEU110:CD1",2.0003902912139893,,26.181480407714844,25.18259048461914,26.873733520507812,0.9988899230957031,True,True,False,False
experiment_2_A_synthetic_fobs,B_MET112,48,0.26447322964668274,0.9449333548545837,-60.94;171.51;86.70,g-/t/m+,0.94;8.49;3.30,True,3.0843139640824013,CB--B:ILE113:N,3.4175105603001126,"SD--sym1[1,1,0]/A:LEU110:CD1",2.000391960144043,,26.181480407714844,25.18259048461914,26.873733520507812,0.9988899230957031,True,True,False,False
experiment_2_A_synthetic_fobs,B_MET112,49,0.26447322964668274,0.9449333548545837,-60.94;171.51;86.70,g-/t/m+,0.94;8.49;3.30,True,3.0843139640824013,CB--B:ILE113:N,3.4175105603001126,"SD--sym1[1,1,0]/A:LEU110:CD1",2.000391960144043,,26.181480407714844,25.18259048461914,26.873733520507812,0.9988899230957031,True,True,False,False
experiment_2_B_localized_sf,B_MET112,0,0.2875420153141022,0.9949368238449097,-63.41;167.01;80.33,g-/t/m+,3.41;12.99;9.67,True,3.0843139640824013,CB--B:ILE113:N,3.4261180724984555,"SD--sym1[1,1,0]/A:LEU110:CD1",2.0507845878601074,,25.353187561035156,25.18259048461914,26.873733520507812,0.17059707641601562,True,True,False,False
experiment_2_B_localized_sf,B_MET112,1,0.2875420153141022,0.9949368238449097,-63.41;167.01;80.33,g-/t/m+,3.41;12.99;9.67,True,3.0843139640824013,CB--B:ILE113:N,3.4261180724984555,"SD--sym1[1,1,0]/A:LEU110:CD1",2.0507845878601074,,25.353187561035156,25.18259048461914,26.873733520507812,0.17059707641601562,True,True,False,False
experiment_2_B_localized_sf,B_MET112,2,0.2875402271747589,0.9949377179145813,-63.41;167.01;80.33,g-/t/m+,3.41;12.99;9.67,True,3.0843139640824013,CB--B:ILE113:N,3.4261180724984555,"SD--sym1[1,1,0]/A:LEU110:CD1",2.0507845878601074,,25.353187561035156,25.18259048461914,26.873733520507812,0.17059707641601562,True,True,False,False
experiment_2_B_localized_sf,B_MET112,3,0.2875420153141022,0.9949368238449097,-63.41;167.01;80.33,g-/t/m+,3.41;12.99;9.67,True,3.0843139640824013,CB--B:ILE113:N,3.4261180724984555,"SD--sym1[1,1,0]/A:LEU110:CD1",2.0507845878601074,,25.353187561035156,25.18259048461914,26.873733520507812,0.17059707641601562,True,True,False,False
experiment_2_B_localized_sf,B_MET112,4,0.2875402271747589,0.9949377179145813,-63.41;167.01;80.33,g-/t/m+,3.41;12.99;9.67,True,3.0843139640824013,CB--B:ILE113:N,3.4261180724984555,"SD--sym1[1,1,0]/A:LEU110:CD1",2.0507845878601074,,25.353187561035156,25.18259048461914,26.873733520507812,0.17059707641601562,True,True,False,False
experiment_2_B_localized_sf,B_MET112,5,0.2875420153141022,0.9949368238449097,-63.41;167.01;80.33,g-/t/m+,3.41;12.99;9.67,True,3.0843139640824013,CB--B:ILE113:N,3.4261180724984555,"SD--sym1[1,1,0]/A:LEU110:CD1",2.0507845878601074,,25.353187561035156,25.18259048461914,26.873733520507812,0.17059707641601562,True,True,False,False
experiment_2_B_localized_sf,B_MET112,6,0.2875402271747589,0.9949377179145813,-63.41;167.01;80.33,g-/t/m+,3.41;12.99;9.67,True,3.0843139640824013,CB--B:ILE113:N,3.4261180724984555,"SD--sym1[1,1,0]/A:LEU110:CD1",2.0507845878601074,,25.353187561035156,25.18259048461914,26.873733520507812,0.17059707641601562,True,True,False,False
experiment_2_B_localized_sf,B_MET112,7,0.2875402271747589,0.9949377179145813,-63.41;167.01;80.33,g-/t/m+,3.41;12.99;9.67,True,3.0843139640824013,CB--B:ILE113:N,3.4261180724984555,"SD--sym1[1,1,0]/A:LEU110:CD1",2.0507845878601074,,25.353187561035156,25.18259048461914,26.873733520507812,0.17059707641601562,True,True,False,False
experiment_2_B_localized_sf,B_MET112,8,0.2875420153141022,0.9949368238449097,-63.41;167.01;80.33,g-/t/m+,3.41;12.99;9.67,True,3.0843139640824013,CB--B:ILE113:N,3.4261180724984555,"SD--sym1[1,1,0]/A:LEU110:CD1",2.0507845878601074,,25.353187561035156,25.18259048461914,26.873733520507812,0.17059707641601562,True,True,False,False
experiment_2_B_localized_sf,B_MET112,9,0.2875420153141022,0.9949368238449097,-63.41;167.01;80.33,g-/t/m+,3.41;12.99;9.67,True,3.0843139640824013,CB--B:ILE113:N,3.4261180724984555,"SD--sym1[1,1,0]/A:LEU110:CD1",2.0507845878601074,,25.353187561035156,25.18259048461914,26.873733520507812,0.17059707641601562,True,True,False,False
experiment_2_B_localized_sf,B_MET112,10,0.2875402569770813,0.9949375987052917,-63.41;167.01;80.33,g-/t/m+,3.41;12.99;9.67,True,3.0843139640824013,CB--B:ILE113:N,3.4261192740411093,"SD--sym1[1,1,0]/A:LEU110:CD1",2.050788164138794,,25.353187561035156,25.18259048461914,26.873733520507812,0.17059707641601562,True,True,False,False
experiment_2_B_localized_sf,B_MET112,11,0.2875402271747589,0.9949377179145813,-63.41;167.01;80.33,g-/t/m+,3.41;12.99;9.67,True,3.0843139640824013,CB--B:ILE113:N,3.4261180724984555,"SD--sym1[1,1,0]/A:LEU110:CD1",2.0507845878601074,,25.353187561035156,25.18259048461914,26.873733520507812,0.17059707641601562,True,True,False,False
experiment_2_B_localized_sf,B_MET112,12,0.2875420153141022,0.9949368238449097,-63.41;167.01;80.33,g-/t/m+,3.41;12.99;9.67,True,3.0843139640824013,CB--B:ILE113:N,3.4261180724984555,"SD--sym1[1,1,0]/A:LEU110:CD1",2.0507845878601074,,25.353187561035156,25.18259048461914,26.873733520507812,0.17059707641601562,True,True,False,False
experiment_2_B_localized_sf,B_MET112,13,0.2875402271747589,0.9949377179145813,-63.41;167.01;80.33,g-/t/m+,3.41;12.99;9.67,True,3.0843139640824013,CB--B:ILE113:N,3.4261180724984555,"SD--sym1[1,1,0]/A:LEU110:CD1",2.0507845878601074,,25.353187561035156,25.18259048461914,26.873733520507812,0.17059707641601562,True,True,False,False
experiment_2_B_localized_sf,B_MET112,14,0.2875420153141022,0.9949368238449097,-63.41;167.01;80.33,g-/t/m+,3.41;12.99;9.67,True,3.0843139640824013,CB--B:ILE113:N,3.4261180724984555,"SD--sym1[1,1,0]/A:LEU110:CD1",2.0507845878601074,,25.353187561035156,25.18259048461914,26.873733520507812,0.17059707641601562,True,True,False,False
experiment_2_B_localized_sf,B_MET112,15,0.2875402271747589,0.9949377179145813,-63.41;167.01;80.33,g-/t/m+,3.41;12.99;9.67,True,3.0843139640824013,CB--B:ILE113:N,3.4261180724984555,"SD--sym1[1,1,0]/A:LEU110:CD1",2.0507845878601074,,25.353187561035156,25.18259048461914,26.873733520507812,0.17059707641601562,True,True,False,False
experiment_2_B_localized_sf,B_MET112,16,0.2875402271747589,0.9949377179145813,-63.41;167.01;80.33,g-/t/m+,3.41;12.99;9.67,True,3.0843139640824013,CB--B:ILE113:N,3.4261180724984555,"SD--sym1[1,1,0]/A:LEU110:CD1",2.0507845878601074,,25.353187561035156,25.18259048461914,26.873733520507812,0.17059707641601562,True,True,False,False
experiment_2_B_localized_sf,B_MET112,17,0.2875420153141022,0.9949368238449097,-63.41;167.01;80.33,g-/t/m+,3.41;12.99;9.67,True,3.0843139640824013,CB--B:ILE113:N,3.4261180724984555,"SD--sym1[1,1,0]/A:LEU110:CD1",2.0507845878601074,,25.353187561035156,25.18259048461914,26.873733520507812,0.17059707641601562,True,True,False,False
experiment_2_B_localized_sf,B_MET112,18,0.2875420153141022,0.9949368238449097,-63.41;167.01;80.33,g-/t/m+,3.41;12.99;9.67,True,3.0843139640824013,CB--B:ILE113:N,3.4261180724984555,"SD--sym1[1,1,0]/A:LEU110:CD1",2.0507845878601074,,25.353187561035156,25.18259048461914,26.873733520507812,0.17059707641601562,True,True,False,False
experiment_2_B_localized_sf,B_MET112,19,0.2875420153141022,0.9949368238449097,-63.41;167.01;80.33,g-/t/m+,3.41;12.99;9.67,True,3.0843139640824013,CB--B:ILE113:N,3.4261180724984555,"SD--sym1[1,1,0]/A:LEU110:CD1",2.0507845878601074,,25.353187561035156,25.18259048461914,26.873733520507812,0.17059707641601562,True,True,False,False
experiment_2_B_localized_sf,B_MET112,20,0.2875420153141022,0.9949368238449097,-63.41;167.01;80.33,g-/t/m+,3.41;12.99;9.67,True,3.0843139640824013,CB--B:ILE113:N,3.4261180724984555,"SD--sym1[1,1,0]/A:LEU110:CD1",2.0507845878601074,,25.353187561035156,25.18259048461914,26.873733520507812,0.17059707641601562,True,True,False,False
experiment_2_B_localized_sf,B_MET112,21,0.2875420153141022,0.9949368238449097,-63.41;167.01;80.33,g-/t/m+,3.41;12.99;9.67,True,3.0843139640824013,CB--B:ILE113:N,3.4261180724984555,"SD--sym1[1,1,0]/A:LEU110:CD1",2.0507845878601074,,25.353187561035156,25.18259048461914,26.873733520507812,0.17059707641601562,True,True,False,False
experiment_2_B_localized_sf,B_MET112,22,0.2875402271747589,0.9949377179145813,-63.41;167.01;80.33,g-/t/m+,3.41;12.99;9.67,True,3.0843139640824013,CB--B:ILE113:N,3.4261180724984555,"SD--sym1[1,1,0]/A:LEU110:CD1",2.0507845878601074,,25.353187561035156,25.18259048461914,26.873733520507812,0.17059707641601562,True,True,False,False
experiment_2_B_localized_sf,B_MET112,23,0.2875420153141022,0.9949368238449097,-63.41;167.01;80.33,g-/t/m+,3.41;12.99;9.67,True,3.0843139640824013,CB--B:ILE113:N,3.4261180724984555,"SD--sym1[1,1,0]/A:LEU110:CD1",2.0507845878601074,,25.353187561035156,25.18259048461914,26.873733520507812,0.17059707641601562,True,True,False,False
experiment_2_B_localized_sf,B_MET112,24,0.2875420153141022,0.9949368238449097,-63.41;167.01;80.33,g-/t/m+,3.41;12.99;9.67,True,3.0843139640824013,CB--B:ILE113:N,3.4261180724984555,"SD--sym1[1,1,0]/A:LEU110:CD1",2.0507845878601074,,25.353187561035156,25.18259048461914,26.873733520507812,0.17059707641601562,True,True,False,False
experiment_2_B_localized_sf,B_MET112,25,0.2875420153141022,0.9949368238449097,-63.41;167.01;80.33,g-/t/m+,3.41;12.99;9.67,True,3.0843139640824013,CB--B:ILE113:N,3.4261180724984555,"SD--sym1[1,1,0]/A:LEU110:CD1",2.0507845878601074,,25.353187561035156,25.18259048461914,26.873733520507812,0.17059707641601562,True,True,False,False
experiment_2_B_localized_sf,B_MET112,26,0.2875420153141022,0.9949368238449097,-63.41;167.01;80.33,g-/t/m+,3.41;12.99;9.67,True,3.0843139640824013,CB--B:ILE113:N,3.4261180724984555,"SD--sym1[1,1,0]/A:LEU110:CD1",2.0507845878601074,,25.353187561035156,25.18259048461914,26.873733520507812,0.17059707641601562,True,True,False,False
experiment_2_B_localized_sf,B_MET112,27,0.2875402569770813,0.9949375987052917,-63.41;167.01;80.33,g-/t/m+,3.41;12.99;9.67,True,3.0843139640824013,CB--B:ILE113:N,3.4261192740411093,"SD--sym1[1,1,0]/A:LEU110:CD1",2.050788164138794,,25.353187561035156,25.18259048461914,26.873733520507812,0.17059707641601562,True,True,False,False
experiment_2_B_localized_sf,B_MET112,28,0.2875420153141022,0.9949368238449097,-63.41;167.01;80.33,g-/t/m+,3.41;12.99;9.67,True,3.0843139640824013,CB--B:ILE113:N,3.4261180724984555,"SD--sym1[1,1,0]/A:LEU110:CD1",2.0507845878601074,,25.353187561035156,25.18259048461914,26.873733520507812,0.17059707641601562,True,True,False,False
experiment_2_B_localized_sf,B_MET112,29,0.2875402271747589,0.9949377179145813,-63.41;167.01;80.33,g-/t/m+,3.41;12.99;9.67,True,3.0843139640824013,CB--B:ILE113:N,3.4261180724984555,"SD--sym1[1,1,0]/A:LEU110:CD1",2.0507845878601074,,25.353187561035156,25.18259048461914,26.873733520507812,0.17059707641601562,True,True,False,False
experiment_2_B_localized_sf,B_MET112,30,0.2875402271747589,0.9949377179145813,-63.41;167.01;80.33,g-/t/m+,3.41;12.99;9.67,True,3.0843139640824013,CB--B:ILE113:N,3.4261180724984555,"SD--sym1[1,1,0]/A:LEU110:CD1",2.0507845878601074,,25.353187561035156,25.18259048461914,26.873733520507812,0.17059707641601562,True,True,False,False
experiment_2_B_localized_sf,B_MET112,31,0.2875420153141022,0.9949368238449097,-63.41;167.01;80.33,g-/t/m+,3.41;12.99;9.67,True,3.0843139640824013,CB--B:ILE113:N,3.4261180724984555,"SD--sym1[1,1,0]/A:LEU110:CD1",2.0507845878601074,,25.353187561035156,25.18259048461914,26.873733520507812,0.17059707641601562,True,True,False,False
experiment_2_B_localized_sf,B_MET112,32,0.2875420153141022,0.9949368238449097,-63.41;167.01;80.33,g-/t/m+,3.41;12.99;9.67,True,3.0843139640824013,CB--B:ILE113:N,3.4261180724984555,"SD--sym1[1,1,0]/A:LEU110:CD1",2.0507845878601074,,25.353187561035156,25.18259048461914,26.873733520507812,0.17059707641601562,True,True,False,False
experiment_2_B_localized_sf,B_MET112,33,0.2875402271747589,0.9949377179145813,-63.41;167.01;80.33,g-/t/m+,3.41;12.99;9.67,True,3.0843139640824013,CB--B:ILE113:N,3.4261180724984555,"SD--sym1[1,1,0]/A:LEU110:CD1",2.0507845878601074,,25.353187561035156,25.18259048461914,26.873733520507812,0.17059707641601562,True,True,False,False
experiment_2_B_localized_sf,B_MET112,34,0.2875402271747589,0.9949377179145813,-63.41;167.01;80.33,g-/t/m+,3.41;12.99;9.67,True,3.0843139640824013,CB--B:ILE113:N,3.4261180724984555,"SD--sym1[1,1,0]/A:LEU110:CD1",2.0507845878601074,,25.353187561035156,25.18259048461914,26.873733520507812,0.17059707641601562,True,True,False,False
experiment_2_B_localized_sf,B_MET112,35,0.2875420153141022,0.9949368238449097,-63.41;167.01;80.33,g-/t/m+,3.41;12.99;9.67,True,3.0843139640824013,CB--B:ILE113:N,3.4261180724984555,"SD--sym1[1,1,0]/A:LEU110:CD1",2.0507845878601074,,25.353187561035156,25.18259048461914,26.873733520507812,0.17059707641601562,True,True,False,False
experiment_2_B_localized_sf,B_MET112,36,0.2875402569770813,0.9949375987052917,-63.41;167.01;80.33,g-/t/m+,3.41;12.99;9.67,True,3.0843139640824013,CB--B:ILE113:N,3.4261192740411093,"SD--sym1[1,1,0]/A:LEU110:CD1",2.050788164138794,,25.353187561035156,25.18259048461914,26.873733520507812,0.17059707641601562,True,True,False,False
experiment_2_B_localized_sf,B_MET112,37,0.2875420153141022,0.9949368238449097,-63.41;167.01;80.33,g-/t/m+,3.41;12.99;9.67,True,3.0843139640824013,CB--B:ILE113:N,3.4261180724984555,"SD--sym1[1,1,0]/A:LEU110:CD1",2.0507845878601074,,25.353187561035156,25.18259048461914,26.873733520507812,0.17059707641601562,True,True,False,False
experiment_2_B_localized_sf,B_MET112,38,0.2875402271747589,0.9949377179145813,-63.41;167.01;80.33,g-/t/m+,3.41;12.99;9.67,True,3.0843139640824013,CB--B:ILE113:N,3.4261180724984555,"SD--sym1[1,1,0]/A:LEU110:CD1",2.0507845878601074,,25.353187561035156,25.18259048461914,26.873733520507812,0.17059707641601562,True,True,False,False
experiment_2_B_localized_sf,B_MET112,39,0.2875402271747589,0.9949377179145813,-63.41;167.01;80.33,g-/t/m+,3.41;12.99;9.67,True,3.0843139640824013,CB--B:ILE113:N,3.4261180724984555,"SD--sym1[1,1,0]/A:LEU110:CD1",2.0507845878601074,,25.353187561035156,25.18259048461914,26.873733520507812,0.17059707641601562,True,True,False,False
experiment_2_B_localized_sf,B_MET112,40,0.2875420153141022,0.9949368238449097,-63.41;167.01;80.33,g-/t/m+,3.41;12.99;9.67,True,3.0843139640824013,CB--B:ILE113:N,3.4261180724984555,"SD--sym1[1,1,0]/A:LEU110:CD1",2.0507845878601074,,25.353187561035156,25.18259048461914,26.873733520507812,0.17059707641601562,True,True,False,False
experiment_2_B_localized_sf,B_MET112,41,0.2875420153141022,0.9949368238449097,-63.41;167.01;80.33,g-/t/m+,3.41;12.99;9.67,True,3.0843139640824013,CB--B:ILE113:N,3.4261180724984555,"SD--sym1[1,1,0]/A:LEU110:CD1",2.0507845878601074,,25.353187561035156,25.18259048461914,26.873733520507812,0.17059707641601562,True,True,False,False
experiment_2_B_localized_sf,B_MET112,42,0.2875402271747589,0.9949377179145813,-63.41;167.01;80.33,g-/t/m+,3.41;12.99;9.67,True,3.0843139640824013,CB--B:ILE113:N,3.4261180724984555,"SD--sym1[1,1,0]/A:LEU110:CD1",2.0507845878601074,,25.353187561035156,25.18259048461914,26.873733520507812,0.17059707641601562,True,True,False,False
experiment_2_B_localized_sf,B_MET112,43,0.2875420153141022,0.9949368238449097,-63.41;167.01;80.33,g-/t/m+,3.41;12.99;9.67,True,3.0843139640824013,CB--B:ILE113:N,3.4261180724984555,"SD--sym1[1,1,0]/A:LEU110:CD1",2.0507845878601074,,25.353187561035156,25.18259048461914,26.873733520507812,0.17059707641601562,True,True,False,False
experiment_2_B_localized_sf,B_MET112,44,0.2875420153141022,0.9949368238449097,-63.41;167.01;80.33,g-/t/m+,3.41;12.99;9.67,True,3.0843139640824013,CB--B:ILE113:N,3.4261180724984555,"SD--sym1[1,1,0]/A:LEU110:CD1",2.0507845878601074,,25.353187561035156,25.18259048461914,26.873733520507812,0.17059707641601562,True,True,False,False
experiment_2_B_localized_sf,B_MET112,45,0.2875402271747589,0.9949377179145813,-63.41;167.01;80.33,g-/t/m+,3.41;12.99;9.67,True,3.0843139640824013,CB--B:ILE113:N,3.4261180724984555,"SD--sym1[1,1,0]/A:LEU110:CD1",2.0507845878601074,,25.353187561035156,25.18259048461914,26.873733520507812,0.17059707641601562,True,True,False,False
experiment_2_B_localized_sf,B_MET112,46,0.2875420153141022,0.9949368238449097,-63.41;167.01;80.33,g-/t/m+,3.41;12.99;9.67,True,3.0843139640824013,CB--B:ILE113:N,3.4261180724984555,"SD--sym1[1,1,0]/A:LEU110:CD1",2.0507845878601074,,25.353187561035156,25.18259048461914,26.873733520507812,0.17059707641601562,True,True,False,False
experiment_2_B_localized_sf,B_MET112,47,0.2875420153141022,0.9949368238449097,-63.41;167.01;80.33,g-/t/m+,3.41;12.99;9.67,True,3.0843139640824013,CB--B:ILE113:N,3.4261180724984555,"SD--sym1[1,1,0]/A:LEU110:CD1",2.0507845878601074,,25.353187561035156,25.18259048461914,26.873733520507812,0.17059707641601562,True,True,False,False
experiment_2_B_localized_sf,B_MET112,48,0.2875402271747589,0.9949377179145813,-63.41;167.01;80.33,g-/t/m+,3.41;12.99;9.67,True,3.0843139640824013,CB--B:ILE113:N,3.4261180724984555,"SD--sym1[1,1,0]/A:LEU110:CD1",2.0507845878601074,,25.353187561035156,25.18259048461914,26.873733520507812,0.17059707641601562,True,True,False,False
experiment_2_B_localized_sf,B_MET112,49,0.2875420153141022,0.9949368238449097,-63.41;167.01;80.33,g-/t/m+,3.41;12.99;9.67,True,3.0843139640824013,CB--B:ILE113:N,3.4261180724984555,"SD--sym1[1,1,0]/A:LEU110:CD1",2.0507845878601074,,25.353187561035156,25.18259048461914,26.873733520507812,0.17059707641601562,True,True,False,False
experiment_2_C_realspace_local,B_MET112,0,0.25903117656707764,0.903407096862793,-60.52;178.03;93.57,g-/t/m+,0.52;1.97;3.57,True,3.0843139640824013,CB--B:ILE113:N,3.43679303699968,"SD--sym1[1,1,0]/A:LEU110:CD1",1.9705829620361328,,27.234619140625,25.18259048461914,26.873733520507812,2.0520286560058594,True,True,False,False
experiment_2_C_realspace_local,B_MET112,1,0.25903117656707764,0.903407096862793,-60.52;178.03;93.57,g-/t/m+,0.52;1.97;3.57,True,3.0843139640824013,CB--B:ILE113:N,3.43679303699968,"SD--sym1[1,1,0]/A:LEU110:CD1",1.9705829620361328,,27.234619140625,25.18259048461914,26.873733520507812,2.0520286560058594,True,True,False,False
experiment_2_C_realspace_local,B_MET112,2,0.25903117656707764,0.903407096862793,-60.52;178.03;93.57,g-/t/m+,0.52;1.97;3.57,True,3.0843139640824013,CB--B:ILE113:N,3.43679303699968,"SD--sym1[1,1,0]/A:LEU110:CD1",1.9705829620361328,,27.234619140625,25.18259048461914,26.873733520507812,2.0520286560058594,True,True,False,False
experiment_2_C_realspace_local,B_MET112,3,0.25903117656707764,0.903407096862793,-60.52;178.03;93.57,g-/t/m+,0.52;1.97;3.57,True,3.0843139640824013,CB--B:ILE113:N,3.43679303699968,"SD--sym1[1,1,0]/A:LEU110:CD1",1.9705829620361328,,27.234619140625,25.18259048461914,26.873733520507812,2.0520286560058594,True,True,False,False
experiment_2_C_realspace_local,B_MET112,4,0.25903117656707764,0.903407096862793,-60.52;178.03;93.57,g-/t/m+,0.52;1.97;3.57,True,3.0843139640824013,CB--B:ILE113:N,3.43679303699968,"SD--sym1[1,1,0]/A:LEU110:CD1",1.9705829620361328,,27.234619140625,25.18259048461914,26.873733520507812,2.0520286560058594,True,True,False,False
experiment_2_C_realspace_local,B_MET112,5,0.25903117656707764,0.903407096862793,-60.52;178.03;93.57,g-/t/m+,0.52;1.97;3.57,True,3.0843139640824013,CB--B:ILE113:N,3.43679303699968,"SD--sym1[1,1,0]/A:LEU110:CD1",1.9705829620361328,,27.234619140625,25.18259048461914,26.873733520507812,2.0520286560058594,True,True,False,False
experiment_2_C_realspace_local,B_MET112,6,0.25903117656707764,0.903407096862793,-60.52;178.03;93.57,g-/t/m+,0.52;1.97;3.57,True,3.0843139640824013,CB--B:ILE113:N,3.43679303699968,"SD--sym1[1,1,0]/A:LEU110:CD1",1.9705829620361328,,27.234619140625,25.18259048461914,26.873733520507812,2.0520286560058594,True,True,False,False
experiment_2_C_realspace_local,B_MET112,7,0.25903117656707764,0.903407096862793,-60.52;178.03;93.57,g-/t/m+,0.52;1.97;3.57,True,3.0843139640824013,CB--B:ILE113:N,3.43679303699968,"SD--sym1[1,1,0]/A:LEU110:CD1",1.9705829620361328,,27.234619140625,25.18259048461914,26.873733520507812,2.0520286560058594,True,True,False,False
experiment_2_C_realspace_local,B_MET112,8,0.25903117656707764,0.903407096862793,-60.52;178.03;93.57,g-/t/m+,0.52;1.97;3.57,True,3.0843139640824013,CB--B:ILE113:N,3.43679303699968,"SD--sym1[1,1,0]/A:LEU110:CD1",1.9705829620361328,,27.234619140625,25.18259048461914,26.873733520507812,2.0520286560058594,True,True,False,False
experiment_2_C_realspace_local,B_MET112,9,0.25903117656707764,0.903407096862793,-60.52;178.03;93.57,g-/t/m+,0.52;1.97;3.57,True,3.0843139640824013,CB--B:ILE113:N,3.43679303699968,"SD--sym1[1,1,0]/A:LEU110:CD1",1.9705829620361328,,27.234619140625,25.18259048461914,26.873733520507812,2.0520286560058594,True,True,False,False
experiment_2_C_realspace_local,B_MET112,10,0.25903117656707764,0.903407096862793,-60.52;178.03;93.57,g-/t/m+,0.52;1.97;3.57,True,3.0843139640824013,CB--B:ILE113:N,3.43679303699968,"SD--sym1[1,1,0]/A:LEU110:CD1",1.9705829620361328,,27.234619140625,25.18259048461914,26.873733520507812,2.0520286560058594,True,True,False,False
experiment_2_C_realspace_local,B_MET112,11,0.25903117656707764,0.903407096862793,-60.52;178.03;93.57,g-/t/m+,0.52;1.97;3.57,True,3.0843139640824013,CB--B:ILE113:N,3.43679303699968,"SD--sym1[1,1,0]/A:LEU110:CD1",1.9705829620361328,,27.234619140625,25.18259048461914,26.873733520507812,2.0520286560058594,True,True,False,False
experiment_2_C_realspace_local,B_MET112,12,0.25903117656707764,0.903407096862793,-60.52;178.03;93.57,g-/t/m+,0.52;1.97;3.57,True,3.0843139640824013,CB--B:ILE113:N,3.43679303699968,"SD--sym1[1,1,0]/A:LEU110:CD1",1.9705829620361328,,27.234619140625,25.18259048461914,26.873733520507812,2.0520286560058594,True,True,False,False
experiment_2_C_realspace_local,B_MET112,13,0.25903117656707764,0.903407096862793,-60.52;178.03;93.57,g-/t/m+,0.52;1.97;3.57,True,3.0843139640824013,CB--B:ILE113:N,3.43679303699968,"SD--sym1[1,1,0]/A:LEU110:CD1",1.9705829620361328,,27.234619140625,25.18259048461914,26.873733520507812,2.0520286560058594,True,True,False,False
experiment_2_C_realspace_local,B_MET112,14,0.25903117656707764,0.903407096862793,-60.52;178.03;93.57,g-/t/m+,0.52;1.97;3.57,True,3.0843139640824013,CB--B:ILE113:N,3.43679303699968,"SD--sym1[1,1,0]/A:LEU110:CD1",1.9705829620361328,,27.234619140625,25.18259048461914,26.873733520507812,2.0520286560058594,True,True,False,False
experiment_2_C_realspace_local,B_MET112,15,0.25903117656707764,0.903407096862793,-60.52;178.03;93.57,g-/t/m+,0.52;1.97;3.57,True,3.0843139640824013,CB--B:ILE113:N,3.43679303699968,"SD--sym1[1,1,0]/A:LEU110:CD1",1.9705829620361328,,27.234619140625,25.18259048461914,26.873733520507812,2.0520286560058594,True,True,False,False
experiment_2_C_realspace_local,B_MET112,16,0.25903117656707764,0.903407096862793,-60.52;178.03;93.57,g-/t/m+,0.52;1.97;3.57,True,3.0843139640824013,CB--B:ILE113:N,3.43679303699968,"SD--sym1[1,1,0]/A:LEU110:CD1",1.9705829620361328,,27.234619140625,25.18259048461914,26.873733520507812,2.0520286560058594,True,True,False,False
experiment_2_C_realspace_local,B_MET112,17,0.25903117656707764,0.903407096862793,-60.52;178.03;93.57,g-/t/m+,0.52;1.97;3.57,True,3.0843139640824013,CB--B:ILE113:N,3.43679303699968,"SD--sym1[1,1,0]/A:LEU110:CD1",1.9705829620361328,,27.234619140625,25.18259048461914,26.873733520507812,2.0520286560058594,True,True,False,False
experiment_2_C_realspace_local,B_MET112,18,0.25903117656707764,0.903407096862793,-60.52;178.03;93.57,g-/t/m+,0.52;1.97;3.57,True,3.0843139640824013,CB--B:ILE113:N,3.43679303699968,"SD--sym1[1,1,0]/A:LEU110:CD1",1.9705829620361328,,27.234619140625,25.18259048461914,26.873733520507812,2.0520286560058594,True,True,False,False
experiment_2_C_realspace_local,B_MET112,19,0.25903117656707764,0.903407096862793,-60.52;178.03;93.57,g-/t/m+,0.52;1.97;3.57,True,3.0843139640824013,CB--B:ILE113:N,3.43679303699968,"SD--sym1[1,1,0]/A:LEU110:CD1",1.9705829620361328,,27.234619140625,25.18259048461914,26.873733520507812,2.0520286560058594,True,True,False,False
experiment_2_C_realspace_local,B_MET112,20,0.25903117656707764,0.903407096862793,-60.52;178.03;93.57,g-/t/m+,0.52;1.97;3.57,True,3.0843139640824013,CB--B:ILE113:N,3.43679303699968,"SD--sym1[1,1,0]/A:LEU110:CD1",1.9705829620361328,,27.234619140625,25.18259048461914,26.873733520507812,2.0520286560058594,True,True,False,False
experiment_2_C_realspace_local,B_MET112,21,0.25903117656707764,0.903407096862793,-60.52;178.03;93.57,g-/t/m+,0.52;1.97;3.57,True,3.0843139640824013,CB--B:ILE113:N,3.43679303699968,"SD--sym1[1,1,0]/A:LEU110:CD1",1.9705829620361328,,27.234619140625,25.18259048461914,26.873733520507812,2.0520286560058594,True,True,False,False
experiment_2_C_realspace_local,B_MET112,22,0.25903117656707764,0.903407096862793,-60.52;178.03;93.57,g-/t/m+,0.52;1.97;3.57,True,3.0843139640824013,CB--B:ILE113:N,3.43679303699968,"SD--sym1[1,1,0]/A:LEU110:CD1",1.9705829620361328,,27.234619140625,25.18259048461914,26.873733520507812,2.0520286560058594,True,True,False,False
experiment_2_C_realspace_local,B_MET112,23,0.25903117656707764,0.903407096862793,-60.52;178.03;93.57,g-/t/m+,0.52;1.97;3.57,True,3.0843139640824013,CB--B:ILE113:N,3.43679303699968,"SD--sym1[1,1,0]/A:LEU110:CD1",1.9705829620361328,,27.234619140625,25.18259048461914,26.873733520507812,2.0520286560058594,True,True,False,False
experiment_2_C_realspace_local,B_MET112,24,0.25903117656707764,0.903407096862793,-60.52;178.03;93.57,g-/t/m+,0.52;1.97;3.57,True,3.0843139640824013,CB--B:ILE113:N,3.43679303699968,"SD--sym1[1,1,0]/A:LEU110:CD1",1.9705829620361328,,27.234619140625,25.18259048461914,26.873733520507812,2.0520286560058594,True,True,False,False
experiment_2_C_realspace_local,B_MET112,25,0.25903117656707764,0.903407096862793,-60.52;178.03;93.57,g-/t/m+,0.52;1.97;3.57,True,3.0843139640824013,CB--B:ILE113:N,3.43679303699968,"SD--sym1[1,1,0]/A:LEU110:CD1",1.9705829620361328,,27.234619140625,25.18259048461914,26.873733520507812,2.0520286560058594,True,True,False,False
experiment_2_C_realspace_local,B_MET112,26,0.25903117656707764,0.903407096862793,-60.52;178.03;93.57,g-/t/m+,0.52;1.97;3.57,True,3.0843139640824013,CB--B:ILE113:N,3.43679303699968,"SD--sym1[1,1,0]/A:LEU110:CD1",1.9705829620361328,,27.234619140625,25.18259048461914,26.873733520507812,2.0520286560058594,True,True,False,False
experiment_2_C_realspace_local,B_MET112,27,0.25903117656707764,0.903407096862793,-60.52;178.03;93.57,g-/t/m+,0.52;1.97;3.57,True,3.0843139640824013,CB--B:ILE113:N,3.43679303699968,"SD--sym1[1,1,0]/A:LEU110:CD1",1.9705829620361328,,27.234619140625,25.18259048461914,26.873733520507812,2.0520286560058594,True,True,False,False
experiment_2_C_realspace_local,B_MET112,28,0.25903117656707764,0.903407096862793,-60.52;178.03;93.57,g-/t/m+,0.52;1.97;3.57,True,3.0843139640824013,CB--B:ILE113:N,3.43679303699968,"SD--sym1[1,1,0]/A:LEU110:CD1",1.9705829620361328,,27.234619140625,25.18259048461914,26.873733520507812,2.0520286560058594,True,True,False,False
experiment_2_C_realspace_local,B_MET112,29,0.25903117656707764,0.903407096862793,-60.52;178.03;93.57,g-/t/m+,0.52;1.97;3.57,True,3.0843139640824013,CB--B:ILE113:N,3.43679303699968,"SD--sym1[1,1,0]/A:LEU110:CD1",1.9705829620361328,,27.234619140625,25.18259048461914,26.873733520507812,2.0520286560058594,True,True,False,False
experiment_2_C_realspace_local,B_MET112,30,0.25903117656707764,0.903407096862793,-60.52;178.03;93.57,g-/t/m+,0.52;1.97;3.57,True,3.0843139640824013,CB--B:ILE113:N,3.43679303699968,"SD--sym1[1,1,0]/A:LEU110:CD1",1.9705829620361328,,27.234619140625,25.18259048461914,26.873733520507812,2.0520286560058594,True,True,False,False
experiment_2_C_realspace_local,B_MET112,31,0.25903117656707764,0.903407096862793,-60.52;178.03;93.57,g-/t/m+,0.52;1.97;3.57,True,3.0843139640824013,CB--B:ILE113:N,3.43679303699968,"SD--sym1[1,1,0]/A:LEU110:CD1",1.9705829620361328,,27.234619140625,25.18259048461914,26.873733520507812,2.0520286560058594,True,True,False,False
experiment_2_C_realspace_local,B_MET112,32,0.25903117656707764,0.903407096862793,-60.52;178.03;93.57,g-/t/m+,0.52;1.97;3.57,True,3.0843139640824013,CB--B:ILE113:N,3.43679303699968,"SD--sym1[1,1,0]/A:LEU110:CD1",1.9705829620361328,,27.234619140625,25.18259048461914,26.873733520507812,2.0520286560058594,True,True,False,False
experiment_2_C_realspace_local,B_MET112,33,0.25903117656707764,0.903407096862793,-60.52;178.03;93.57,g-/t/m+,0.52;1.97;3.57,True,3.0843139640824013,CB--B:ILE113:N,3.43679303699968,"SD--sym1[1,1,0]/A:LEU110:CD1",1.9705829620361328,,27.234619140625,25.18259048461914,26.873733520507812,2.0520286560058594,True,True,False,False
experiment_2_C_realspace_local,B_MET112,34,0.25903117656707764,0.903407096862793,-60.52;178.03;93.57,g-/t/m+,0.52;1.97;3.57,True,3.0843139640824013,CB--B:ILE113:N,3.43679303699968,"SD--sym1[1,1,0]/A:LEU110:CD1",1.9705829620361328,,27.234619140625,25.18259048461914,26.873733520507812,2.0520286560058594,True,True,False,False
experiment_2_C_realspace_local,B_MET112,35,0.25903117656707764,0.903407096862793,-60.52;178.03;93.57,g-/t/m+,0.52;1.97;3.57,True,3.0843139640824013,CB--B:ILE113:N,3.43679303699968,"SD--sym1[1,1,0]/A:LEU110:CD1",1.9705829620361328,,27.234619140625,25.18259048461914,26.873733520507812,2.0520286560058594,True,True,False,False
experiment_2_C_realspace_local,B_MET112,36,0.25903117656707764,0.903407096862793,-60.52;178.03;93.57,g-/t/m+,0.52;1.97;3.57,True,3.0843139640824013,CB--B:ILE113:N,3.43679303699968,"SD--sym1[1,1,0]/A:LEU110:CD1",1.9705829620361328,,27.234619140625,25.18259048461914,26.873733520507812,2.0520286560058594,True,True,False,False
experiment_2_C_realspace_local,B_MET112,37,0.25903117656707764,0.903407096862793,-60.52;178.03;93.57,g-/t/m+,0.52;1.97;3.57,True,3.0843139640824013,CB--B:ILE113:N,3.43679303699968,"SD--sym1[1,1,0]/A:LEU110:CD1",1.9705829620361328,,27.234619140625,25.18259048461914,26.873733520507812,2.0520286560058594,True,True,False,False
experiment_2_C_realspace_local,B_MET112,38,0.25903117656707764,0.903407096862793,-60.52;178.03;93.57,g-/t/m+,0.52;1.97;3.57,True,3.0843139640824013,CB--B:ILE113:N,3.43679303699968,"SD--sym1[1,1,0]/A:LEU110:CD1",1.9705829620361328,,27.234619140625,25.18259048461914,26.873733520507812,2.0520286560058594,True,True,False,False
experiment_2_C_realspace_local,B_MET112,39,0.25903117656707764,0.903407096862793,-60.52;178.03;93.57,g-/t/m+,0.52;1.97;3.57,True,3.0843139640824013,CB--B:ILE113:N,3.43679303699968,"SD--sym1[1,1,0]/A:LEU110:CD1",1.9705829620361328,,27.234619140625,25.18259048461914,26.873733520507812,2.0520286560058594,True,True,False,False
experiment_2_C_realspace_local,B_MET112,40,0.25903117656707764,0.903407096862793,-60.52;178.03;93.57,g-/t/m+,0.52;1.97;3.57,True,3.0843139640824013,CB--B:ILE113:N,3.43679303699968,"SD--sym1[1,1,0]/A:LEU110:CD1",1.9705829620361328,,27.234619140625,25.18259048461914,26.873733520507812,2.0520286560058594,True,True,False,False
experiment_2_C_realspace_local,B_MET112,41,0.25903117656707764,0.903407096862793,-60.52;178.03;93.57,g-/t/m+,0.52;1.97;3.57,True,3.0843139640824013,CB--B:ILE113:N,3.43679303699968,"SD--sym1[1,1,0]/A:LEU110:CD1",1.9705829620361328,,27.234619140625,25.18259048461914,26.873733520507812,2.0520286560058594,True,True,False,False
experiment_2_C_realspace_local,B_MET112,42,0.25903117656707764,0.903407096862793,-60.52;178.03;93.57,g-/t/m+,0.52;1.97;3.57,True,3.0843139640824013,CB--B:ILE113:N,3.43679303699968,"SD--sym1[1,1,0]/A:LEU110:CD1",1.9705829620361328,,27.234619140625,25.18259048461914,26.873733520507812,2.0520286560058594,True,True,False,False
experiment_2_C_realspace_local,B_MET112,43,0.25903117656707764,0.903407096862793,-60.52;178.03;93.57,g-/t/m+,0.52;1.97;3.57,True,3.0843139640824013,CB--B:ILE113:N,3.43679303699968,"SD--sym1[1,1,0]/A:LEU110:CD1",1.9705829620361328,,27.234619140625,25.18259048461914,26.873733520507812,2.0520286560058594,True,True,False,False
experiment_2_C_realspace_local,B_MET112,44,0.25903117656707764,0.903407096862793,-60.52;178.03;93.57,g-/t/m+,0.52;1.97;3.57,True,3.0843139640824013,CB--B:ILE113:N,3.43679303699968,"SD--sym1[1,1,0]/A:LEU110:CD1",1.9705829620361328,,27.234619140625,25.18259048461914,26.873733520507812,2.0520286560058594,True,True,False,False
experiment_2_C_realspace_local,B_MET112,45,0.25903117656707764,0.903407096862793,-60.52;178.03;93.57,g-/t/m+,0.52;1.97;3.57,True,3.0843139640824013,CB--B:ILE113:N,3.43679303699968,"SD--sym1[1,1,0]/A:LEU110:CD1",1.9705829620361328,,27.234619140625,25.18259048461914,26.873733520507812,2.0520286560058594,True,True,False,False
experiment_2_C_realspace_local,B_MET112,46,0.25903117656707764,0.903407096862793,-60.52;178.03;93.57,g-/t/m+,0.52;1.97;3.57,True,3.0843139640824013,CB--B:ILE113:N,3.43679303699968,"SD--sym1[1,1,0]/A:LEU110:CD1",1.9705829620361328,,27.234619140625,25.18259048461914,26.873733520507812,2.0520286560058594,True,True,False,False
experiment_2_C_realspace_local,B_MET112,47,0.25903117656707764,0.903407096862793,-60.52;178.03;93.57,g-/t/m+,0.52;1.97;3.57,True,3.0843139640824013,CB--B:ILE113:N,3.43679303699968,"SD--sym1[1,1,0]/A:LEU110:CD1",1.9705829620361328,,27.234619140625,25.18259048461914,26.873733520507812,2.0520286560058594,True,True,False,False
experiment_2_C_realspace_local,B_MET112,48,0.25903117656707764,0.903407096862793,-60.52;178.03;93.57,g-/t/m+,0.52;1.97;3.57,True,3.0843139640824013,CB--B:ILE113:N,3.43679303699968,"SD--sym1[1,1,0]/A:LEU110:CD1",1.9705829620361328,,27.234619140625,25.18259048461914,26.873733520507812,2.0520286560058594,True,True,False,False
experiment_2_C_realspace_local,B_MET112,49,0.25903117656707764,0.903407096862793,-60.52;178.03;93.57,g-/t/m+,0.52;1.97;3.57,True,3.0843139640824013,CB--B:ILE113:N,3.43679303699968,"SD--sym1[1,1,0]/A:LEU110:CD1",1.9705829620361328,,27.234619140625,25.18259048461914,26.873733520507812,2.0520286560058594,True,True,False,False
experiment_1_complex_target,B_ASP114,0,0.38044053316116333,1.3463438749313354,150.96;-117.02,t/p-90,29.04;27.02,True,2.877418448575309,OD2--B:HOH14:O,5.503953341129186,"OD2--sym6[0,0,1]/A:ARG129:NH2",0.13895627856254578,OD1--B:HOH54:O:3.21A;OD2--B:HOH50:O:3.20A;OD2--B:HOH14:O:2.88A,29.35327911376953,25.182613372802734,28.920562744140625,4.170665740966797,True,True,False,False
experiment_1_complex_target,B_ASP114,1,0.38044053316116333,1.3463438749313354,150.96;-117.02,t/p-90,29.04;27.02,True,2.877418448575309,OD2--B:HOH14:O,5.503953341129186,"OD2--sym6[0,0,1]/A:ARG129:NH2",0.13895604014396667,OD1--B:HOH54:O:3.21A;OD2--B:HOH50:O:3.20A;OD2--B:HOH14:O:2.88A,29.35327911376953,25.182613372802734,28.920562744140625,4.170665740966797,True,True,False,False
experiment_1_complex_target,B_ASP114,2,0.3804408013820648,1.3463433980941772,150.96;-117.02,t/p-90,29.04;27.02,True,2.877418448575309,OD2--B:HOH14:O,5.503953341129186,"OD2--sym6[0,0,1]/A:ARG129:NH2",0.13895761966705322,OD1--B:HOH54:O:3.21A;OD2--B:HOH50:O:3.20A;OD2--B:HOH14:O:2.88A,29.35327911376953,25.182613372802734,28.920562744140625,4.170665740966797,True,True,False,False
experiment_1_complex_target,B_ASP114,3,0.38044053316116333,1.3463438749313354,150.96;-117.02,t/p-90,29.04;27.02,True,2.877418448575309,OD2--B:HOH14:O,5.503953341129186,"OD2--sym6[0,0,1]/A:ARG129:NH2",0.13895627856254578,OD1--B:HOH54:O:3.21A;OD2--B:HOH50:O:3.20A;OD2--B:HOH14:O:2.88A,29.35327911376953,25.182613372802734,28.920562744140625,4.170665740966797,True,True,False,False
experiment_1_complex_target,B_ASP114,4,0.38044053316116333,1.3463438749313354,150.96;-117.02,t/p-90,29.04;27.02,True,2.877418448575309,OD2--B:HOH14:O,5.503953341129186,"OD2--sym6[0,0,1]/A:ARG129:NH2",0.13895627856254578,OD1--B:HOH54:O:3.21A;OD2--B:HOH50:O:3.20A;OD2--B:HOH14:O:2.88A,29.35327911376953,25.182613372802734,28.920562744140625,4.170665740966797,True,True,False,False
experiment_1_complex_target,B_ASP114,5,0.38044053316116333,1.3463436365127563,150.96;-117.02,t/p-90,29.04;27.02,True,2.877418448575309,OD2--B:HOH14:O,5.503953341129186,"OD2--sym6[0,0,1]/A:ARG129:NH2",0.13895604014396667,OD1--B:HOH54:O:3.21A;OD2--B:HOH50:O:3.20A;OD2--B:HOH14:O:2.88A,29.35327911376953,25.182613372802734,28.920562744140625,4.170665740966797,True,True,False,False
experiment_1_complex_target,B_ASP114,6,0.38044053316116333,1.3463438749313354,150.96;-117.02,t/p-90,29.04;27.02,True,2.877418448575309,OD2--B:HOH14:O,5.503953341129186,"OD2--sym6[0,0,1]/A:ARG129:NH2",0.13895627856254578,OD1--B:HOH54:O:3.21A;OD2--B:HOH50:O:3.20A;OD2--B:HOH14:O:2.88A,29.35327911376953,25.182613372802734,28.920562744140625,4.170665740966797,True,True,False,False
experiment_1_complex_target,B_ASP114,7,0.38044053316116333,1.3463438749313354,150.96;-117.02,t/p-90,29.04;27.02,True,2.877418448575309,OD2--B:HOH14:O,5.503953341129186,"OD2--sym6[0,0,1]/A:ARG129:NH2",0.13895627856254578,OD1--B:HOH54:O:3.21A;OD2--B:HOH50:O:3.20A;OD2--B:HOH14:O:2.88A,29.35327911376953,25.182613372802734,28.920562744140625,4.170665740966797,True,True,False,False
experiment_1_complex_target,B_ASP114,8,0.38044053316116333,1.3463436365127563,150.96;-117.02,t/p-90,29.04;27.02,True,2.877418448575309,OD2--B:HOH14:O,5.503953341129186,"OD2--sym6[0,0,1]/A:ARG129:NH2",0.13895627856254578,OD1--B:HOH54:O:3.21A;OD2--B:HOH50:O:3.20A;OD2--B:HOH14:O:2.88A,29.35327911376953,25.182613372802734,28.920562744140625,4.170665740966797,True,True,False,False
experiment_1_complex_target,B_ASP114,9,0.38044053316116333,1.3463438749313354,150.96;-117.02,t/p-90,29.04;27.02,True,2.877418448575309,OD2--B:HOH14:O,5.503953341129186,"OD2--sym6[0,0,1]/A:ARG129:NH2",0.13895627856254578,OD1--B:HOH54:O:3.21A;OD2--B:HOH50:O:3.20A;OD2--B:HOH14:O:2.88A,29.35327911376953,25.182613372802734,28.920562744140625,4.170665740966797,True,True,False,False
experiment_1_complex_target,B_ASP114,10,0.38044053316116333,1.3463438749313354,150.96;-117.02,t/p-90,29.04;27.02,True,2.877418448575309,OD2--B:HOH14:O,5.503953341129186,"OD2--sym6[0,0,1]/A:ARG129:NH2",0.13895604014396667,OD1--B:HOH54:O:3.21A;OD2--B:HOH50:O:3.20A;OD2--B:HOH14:O:2.88A,29.35327911376953,25.182613372802734,28.920562744140625,4.170665740966797,True,True,False,False
experiment_1_complex_target,B_ASP114,11,0.38044053316116333,1.3463438749313354,150.96;-117.02,t/p-90,29.04;27.02,True,2.877418448575309,OD2--B:HOH14:O,5.503953341129186,"OD2--sym6[0,0,1]/A:ARG129:NH2",0.13895604014396667,OD1--B:HOH54:O:3.21A;OD2--B:HOH50:O:3.20A;OD2--B:HOH14:O:2.88A,29.35327911376953,25.182613372802734,28.920562744140625,4.170665740966797,True,True,False,False
experiment_1_complex_target,B_ASP114,12,0.38044053316116333,1.3463438749313354,150.96;-117.02,t/p-90,29.04;27.02,True,2.877418448575309,OD2--B:HOH14:O,5.503953341129186,"OD2--sym6[0,0,1]/A:ARG129:NH2",0.13895627856254578,OD1--B:HOH54:O:3.21A;OD2--B:HOH50:O:3.20A;OD2--B:HOH14:O:2.88A,29.35327911376953,25.182613372802734,28.920562744140625,4.170665740966797,True,True,False,False
experiment_1_complex_target,B_ASP114,13,0.38044053316116333,1.3463438749313354,150.96;-117.02,t/p-90,29.04;27.02,True,2.877418448575309,OD2--B:HOH14:O,5.503953341129186,"OD2--sym6[0,0,1]/A:ARG129:NH2",0.13895627856254578,OD1--B:HOH54:O:3.21A;OD2--B:HOH50:O:3.20A;OD2--B:HOH14:O:2.88A,29.35327911376953,25.182613372802734,28.920562744140625,4.170665740966797,True,True,False,False
experiment_1_complex_target,B_ASP114,14,0.38044053316116333,1.3463438749313354,150.96;-117.02,t/p-90,29.04;27.02,True,2.877418448575309,OD2--B:HOH14:O,5.503953341129186,"OD2--sym6[0,0,1]/A:ARG129:NH2",0.13895627856254578,OD1--B:HOH54:O:3.21A;OD2--B:HOH50:O:3.20A;OD2--B:HOH14:O:2.88A,29.35327911376953,25.182613372802734,28.920562744140625,4.170665740966797,True,True,False,False
experiment_1_complex_target,B_ASP114,15,0.38044053316116333,1.3463438749313354,150.96;-117.02,t/p-90,29.04;27.02,True,2.877418448575309,OD2--B:HOH14:O,5.503953341129186,"OD2--sym6[0,0,1]/A:ARG129:NH2",0.13895627856254578,OD1--B:HOH54:O:3.21A;OD2--B:HOH50:O:3.20A;OD2--B:HOH14:O:2.88A,29.35327911376953,25.182613372802734,28.920562744140625,4.170665740966797,True,True,False,False
experiment_1_complex_target,B_ASP114,16,0.38044053316116333,1.3463438749313354,150.96;-117.02,t/p-90,29.04;27.02,True,2.877418448575309,OD2--B:HOH14:O,5.503953341129186,"OD2--sym6[0,0,1]/A:ARG129:NH2",0.13895627856254578,OD1--B:HOH54:O:3.21A;OD2--B:HOH50:O:3.20A;OD2--B:HOH14:O:2.88A,29.35327911376953,25.182613372802734,28.920562744140625,4.170665740966797,True,True,False,False
experiment_1_complex_target,B_ASP114,17,0.38044053316116333,1.3463438749313354,150.96;-117.02,t/p-90,29.04;27.02,True,2.877418448575309,OD2--B:HOH14:O,5.503953341129186,"OD2--sym6[0,0,1]/A:ARG129:NH2",0.13895627856254578,OD1--B:HOH54:O:3.21A;OD2--B:HOH50:O:3.20A;OD2--B:HOH14:O:2.88A,29.35327911376953,25.182613372802734,28.920562744140625,4.170665740966797,True,True,False,False
experiment_1_complex_target,B_ASP114,18,0.38044053316116333,1.3463438749313354,150.96;-117.02,t/p-90,29.04;27.02,True,2.877418448575309,OD2--B:HOH14:O,5.503953341129186,"OD2--sym6[0,0,1]/A:ARG129:NH2",0.13895627856254578,OD1--B:HOH54:O:3.21A;OD2--B:HOH50:O:3.20A;OD2--B:HOH14:O:2.88A,29.35327911376953,25.182613372802734,28.920562744140625,4.170665740966797,True,True,False,False
experiment_1_complex_target,B_ASP114,19,0.38044071197509766,1.3463433980941772,150.96;-117.02,t/p-90,29.04;27.02,True,2.877418944282831,OD2--B:HOH14:O,5.5039538210277055,"OD2--sym6[0,0,1]/A:ARG129:NH2",0.13895568251609802,OD1--B:HOH54:O:3.21A;OD2--B:HOH50:O:3.20A;OD2--B:HOH14:O:2.88A,29.35327911376953,25.182613372802734,28.920562744140625,4.170665740966797,True,True,False,False
experiment_1_complex_target,B_ASP114,20,0.38044053316116333,1.3463438749313354,150.96;-117.02,t/p-90,29.04;27.02,True,2.877418448575309,OD2--B:HOH14:O,5.503953341129186,"OD2--sym6[0,0,1]/A:ARG129:NH2",0.13895604014396667,OD1--B:HOH54:O:3.21A;OD2--B:HOH50:O:3.20A;OD2--B:HOH14:O:2.88A,29.35327911376953,25.182613372802734,28.920562744140625,4.170665740966797,True,True,False,False
experiment_1_complex_target,B_ASP114,21,0.38044053316116333,1.3463438749313354,150.96;-117.02,t/p-90,29.04;27.02,True,2.877418448575309,OD2--B:HOH14:O,5.503953341129186,"OD2--sym6[0,0,1]/A:ARG129:NH2",0.13895627856254578,OD1--B:HOH54:O:3.21A;OD2--B:HOH50:O:3.20A;OD2--B:HOH14:O:2.88A,29.35327911376953,25.182613372802734,28.920562744140625,4.170665740966797,True,True,False,False
experiment_1_complex_target,B_ASP114,22,0.38044053316116333,1.3463438749313354,150.96;-117.02,t/p-90,29.04;27.02,True,2.877418448575309,OD2--B:HOH14:O,5.503953341129186,"OD2--sym6[0,0,1]/A:ARG129:NH2",0.13895627856254578,OD1--B:HOH54:O:3.21A;OD2--B:HOH50:O:3.20A;OD2--B:HOH14:O:2.88A,29.35327911376953,25.182613372802734,28.920562744140625,4.170665740966797,True,True,False,False
experiment_1_complex_target,B_ASP114,23,0.38044053316116333,1.3463438749313354,150.96;-117.02,t/p-90,29.04;27.02,True,2.877418448575309,OD2--B:HOH14:O,5.503953341129186,"OD2--sym6[0,0,1]/A:ARG129:NH2",0.13895627856254578,OD1--B:HOH54:O:3.21A;OD2--B:HOH50:O:3.20A;OD2--B:HOH14:O:2.88A,29.35327911376953,25.182613372802734,28.920562744140625,4.170665740966797,True,True,False,False
experiment_1_complex_target,B_ASP114,24,0.38044053316116333,1.3463438749313354,150.96;-117.02,t/p-90,29.04;27.02,True,2.877418448575309,OD2--B:HOH14:O,5.503953341129186,"OD2--sym6[0,0,1]/A:ARG129:NH2",0.13895627856254578,OD1--B:HOH54:O:3.21A;OD2--B:HOH50:O:3.20A;OD2--B:HOH14:O:2.88A,29.35327911376953,25.182613372802734,28.920562744140625,4.170665740966797,True,True,False,False
experiment_1_complex_target,B_ASP114,25,0.38044053316116333,1.3463438749313354,150.96;-117.02,t/p-90,29.04;27.02,True,2.877418448575309,OD2--B:HOH14:O,5.503953341129186,"OD2--sym6[0,0,1]/A:ARG129:NH2",0.13895604014396667,OD1--B:HOH54:O:3.21A;OD2--B:HOH50:O:3.20A;OD2--B:HOH14:O:2.88A,29.35327911376953,25.182613372802734,28.920562744140625,4.170665740966797,True,True,False,False
experiment_1_complex_target,B_ASP114,26,0.38044053316116333,1.3463438749313354,150.96;-117.02,t/p-90,29.04;27.02,True,2.877418448575309,OD2--B:HOH14:O,5.503953341129186,"OD2--sym6[0,0,1]/A:ARG129:NH2",0.13895627856254578,OD1--B:HOH54:O:3.21A;OD2--B:HOH50:O:3.20A;OD2--B:HOH14:O:2.88A,29.35327911376953,25.182613372802734,28.920562744140625,4.170665740966797,True,True,False,False
experiment_1_complex_target,B_ASP114,27,0.38044053316116333,1.3463438749313354,150.96;-117.02,t/p-90,29.04;27.02,True,2.877418448575309,OD2--B:HOH14:O,5.503953341129186,"OD2--sym6[0,0,1]/A:ARG129:NH2",0.13895627856254578,OD1--B:HOH54:O:3.21A;OD2--B:HOH50:O:3.20A;OD2--B:HOH14:O:2.88A,29.35327911376953,25.182613372802734,28.920562744140625,4.170665740966797,True,True,False,False
experiment_1_complex_target,B_ASP114,28,0.38044053316116333,1.3463438749313354,150.96;-117.02,t/p-90,29.04;27.02,True,2.877418448575309,OD2--B:HOH14:O,5.503953341129186,"OD2--sym6[0,0,1]/A:ARG129:NH2",0.13895627856254578,OD1--B:HOH54:O:3.21A;OD2--B:HOH50:O:3.20A;OD2--B:HOH14:O:2.88A,29.35327911376953,25.182613372802734,28.920562744140625,4.170665740966797,True,True,False,False
experiment_1_complex_target,B_ASP114,29,0.38044053316116333,1.3463438749313354,150.96;-117.02,t/p-90,29.04;27.02,True,2.877418448575309,OD2--B:HOH14:O,5.503953341129186,"OD2--sym6[0,0,1]/A:ARG129:NH2",0.13895627856254578,OD1--B:HOH54:O:3.21A;OD2--B:HOH50:O:3.20A;OD2--B:HOH14:O:2.88A,29.35327911376953,25.182613372802734,28.920562744140625,4.170665740966797,True,True,False,False
experiment_1_complex_target,B_ASP114,30,0.38044053316116333,1.3463438749313354,150.96;-117.02,t/p-90,29.04;27.02,True,2.877418448575309,OD2--B:HOH14:O,5.503953341129186,"OD2--sym6[0,0,1]/A:ARG129:NH2",0.13895627856254578,OD1--B:HOH54:O:3.21A;OD2--B:HOH50:O:3.20A;OD2--B:HOH14:O:2.88A,29.35327911376953,25.182613372802734,28.920562744140625,4.170665740966797,True,True,False,False
experiment_1_complex_target,B_ASP114,31,0.38044053316116333,1.3463438749313354,150.96;-117.02,t/p-90,29.04;27.02,True,2.877418448575309,OD2--B:HOH14:O,5.503953341129186,"OD2--sym6[0,0,1]/A:ARG129:NH2",0.13895580172538757,OD1--B:HOH54:O:3.21A;OD2--B:HOH50:O:3.20A;OD2--B:HOH14:O:2.88A,29.35327911376953,25.182613372802734,28.920562744140625,4.170665740966797,True,True,False,False
experiment_1_complex_target,B_ASP114,32,0.38044071197509766,1.3463433980941772,150.96;-117.02,t/p-90,29.04;27.02,True,2.877418944282831,OD2--B:HOH14:O,5.5039538210277055,"OD2--sym6[0,0,1]/A:ARG129:NH2",0.13895568251609802,OD1--B:HOH54:O:3.21A;OD2--B:HOH50:O:3.20A;OD2--B:HOH14:O:2.88A,29.35327911376953,25.182613372802734,28.920562744140625,4.170665740966797,True,True,False,False
experiment_1_complex_target,B_ASP114,33,0.38044053316116333,1.3463438749313354,150.96;-117.02,t/p-90,29.04;27.02,True,2.877418448575309,OD2--B:HOH14:O,5.503953341129186,"OD2--sym6[0,0,1]/A:ARG129:NH2",0.13895604014396667,OD1--B:HOH54:O:3.21A;OD2--B:HOH50:O:3.20A;OD2--B:HOH14:O:2.88A,29.35327911376953,25.182613372802734,28.920562744140625,4.170665740966797,True,True,False,False
experiment_1_complex_target,B_ASP114,34,0.38044053316116333,1.3463438749313354,150.96;-117.02,t/p-90,29.04;27.02,True,2.877418448575309,OD2--B:HOH14:O,5.503953341129186,"OD2--sym6[0,0,1]/A:ARG129:NH2",0.13895604014396667,OD1--B:HOH54:O:3.21A;OD2--B:HOH50:O:3.20A;OD2--B:HOH14:O:2.88A,29.35327911376953,25.182613372802734,28.920562744140625,4.170665740966797,True,True,False,False
experiment_1_complex_target,B_ASP114,35,0.38044071197509766,1.3463433980941772,150.96;-117.02,t/p-90,29.04;27.02,True,2.877418944282831,OD2--B:HOH14:O,5.5039538210277055,"OD2--sym6[0,0,1]/A:ARG129:NH2",0.13895568251609802,OD1--B:HOH54:O:3.21A;OD2--B:HOH50:O:3.20A;OD2--B:HOH14:O:2.88A,29.35327911376953,25.182613372802734,28.920562744140625,4.170665740966797,True,True,False,False
experiment_1_complex_target,B_ASP114,36,0.38044053316116333,1.3463438749313354,150.96;-117.02,t/p-90,29.04;27.02,True,2.877418448575309,OD2--B:HOH14:O,5.503953341129186,"OD2--sym6[0,0,1]/A:ARG129:NH2",0.13895627856254578,OD1--B:HOH54:O:3.21A;OD2--B:HOH50:O:3.20A;OD2--B:HOH14:O:2.88A,29.35327911376953,25.182613372802734,28.920562744140625,4.170665740966797,True,True,False,False
experiment_1_complex_target,B_ASP114,37,0.38044053316116333,1.3463438749313354,150.96;-117.02,t/p-90,29.04;27.02,True,2.877418448575309,OD2--B:HOH14:O,5.503953341129186,"OD2--sym6[0,0,1]/A:ARG129:NH2",0.13895627856254578,OD1--B:HOH54:O:3.21A;OD2--B:HOH50:O:3.20A;OD2--B:HOH14:O:2.88A,29.35327911376953,25.182613372802734,28.920562744140625,4.170665740966797,True,True,False,False
experiment_1_complex_target,B_ASP114,38,0.38044053316116333,1.3463438749313354,150.96;-117.02,t/p-90,29.04;27.02,True,2.877418448575309,OD2--B:HOH14:O,5.503953341129186,"OD2--sym6[0,0,1]/A:ARG129:NH2",0.13895627856254578,OD1--B:HOH54:O:3.21A;OD2--B:HOH50:O:3.20A;OD2--B:HOH14:O:2.88A,29.35327911376953,25.182613372802734,28.920562744140625,4.170665740966797,True,True,False,False
experiment_1_complex_target,B_ASP114,39,0.38044071197509766,1.3463433980941772,150.96;-117.02,t/p-90,29.04;27.02,True,2.877418944282831,OD2--B:HOH14:O,5.5039538210277055,"OD2--sym6[0,0,1]/A:ARG129:NH2",0.13895568251609802,OD1--B:HOH54:O:3.21A;OD2--B:HOH50:O:3.20A;OD2--B:HOH14:O:2.88A,29.35327911376953,25.182613372802734,28.920562744140625,4.170665740966797,True,True,False,False
experiment_1_complex_target,B_ASP114,40,0.38044053316116333,1.3463438749313354,150.96;-117.02,t/p-90,29.04;27.02,True,2.877418448575309,OD2--B:HOH14:O,5.503953341129186,"OD2--sym6[0,0,1]/A:ARG129:NH2",0.13895627856254578,OD1--B:HOH54:O:3.21A;OD2--B:HOH50:O:3.20A;OD2--B:HOH14:O:2.88A,29.35327911376953,25.182613372802734,28.920562744140625,4.170665740966797,True,True,False,False
experiment_1_complex_target,B_ASP114,41,0.38044053316116333,1.3463438749313354,150.96;-117.02,t/p-90,29.04;27.02,True,2.877418448575309,OD2--B:HOH14:O,5.503953341129186,"OD2--sym6[0,0,1]/A:ARG129:NH2",0.13895627856254578,OD1--B:HOH54:O:3.21A;OD2--B:HOH50:O:3.20A;OD2--B:HOH14:O:2.88A,29.35327911376953,25.182613372802734,28.920562744140625,4.170665740966797,True,True,False,False
experiment_1_complex_target,B_ASP114,42,0.38044053316116333,1.3463438749313354,150.96;-117.02,t/p-90,29.04;27.02,True,2.877418448575309,OD2--B:HOH14:O,5.503953341129186,"OD2--sym6[0,0,1]/A:ARG129:NH2",0.13895627856254578,OD1--B:HOH54:O:3.21A;OD2--B:HOH50:O:3.20A;OD2--B:HOH14:O:2.88A,29.35327911376953,25.182613372802734,28.920562744140625,4.170665740966797,True,True,False,False
experiment_1_complex_target,B_ASP114,43,0.38044053316116333,1.3463438749313354,150.96;-117.02,t/p-90,29.04;27.02,True,2.877418448575309,OD2--B:HOH14:O,5.503953341129186,"OD2--sym6[0,0,1]/A:ARG129:NH2",0.13895627856254578,OD1--B:HOH54:O:3.21A;OD2--B:HOH50:O:3.20A;OD2--B:HOH14:O:2.88A,29.35327911376953,25.182613372802734,28.920562744140625,4.170665740966797,True,True,False,False
experiment_1_complex_target,B_ASP114,44,0.38044053316116333,1.3463438749313354,150.96;-117.02,t/p-90,29.04;27.02,True,2.877418448575309,OD2--B:HOH14:O,5.503953341129186,"OD2--sym6[0,0,1]/A:ARG129:NH2",0.13895604014396667,OD1--B:HOH54:O:3.21A;OD2--B:HOH50:O:3.20A;OD2--B:HOH14:O:2.88A,29.35327911376953,25.182613372802734,28.920562744140625,4.170665740966797,True,True,False,False
experiment_1_complex_target,B_ASP114,45,0.38044053316116333,1.3463438749313354,150.96;-117.02,t/p-90,29.04;27.02,True,2.877418448575309,OD2--B:HOH14:O,5.503953341129186,"OD2--sym6[0,0,1]/A:ARG129:NH2",0.13895604014396667,OD1--B:HOH54:O:3.21A;OD2--B:HOH50:O:3.20A;OD2--B:HOH14:O:2.88A,29.35327911376953,25.182613372802734,28.920562744140625,4.170665740966797,True,True,False,False
experiment_1_complex_target,B_ASP114,46,0.38044053316116333,1.3463438749313354,150.96;-117.02,t/p-90,29.04;27.02,True,2.877418448575309,OD2--B:HOH14:O,5.503953341129186,"OD2--sym6[0,0,1]/A:ARG129:NH2",0.13895627856254578,OD1--B:HOH54:O:3.21A;OD2--B:HOH50:O:3.20A;OD2--B:HOH14:O:2.88A,29.35327911376953,25.182613372802734,28.920562744140625,4.170665740966797,True,True,False,False
experiment_1_complex_target,B_ASP114,47,0.38044053316116333,1.3463436365127563,150.96;-117.02,t/p-90,29.04;27.02,True,2.877418448575309,OD2--B:HOH14:O,5.503953341129186,"OD2--sym6[0,0,1]/A:ARG129:NH2",0.13895580172538757,OD1--B:HOH54:O:3.21A;OD2--B:HOH50:O:3.20A;OD2--B:HOH14:O:2.88A,29.35327911376953,25.182613372802734,28.920562744140625,4.170665740966797,True,True,False,False
experiment_1_complex_target,B_ASP114,48,0.38044053316116333,1.3463438749313354,150.96;-117.02,t/p-90,29.04;27.02,True,2.877418448575309,OD2--B:HOH14:O,5.503953341129186,"OD2--sym6[0,0,1]/A:ARG129:NH2",0.13895627856254578,OD1--B:HOH54:O:3.21A;OD2--B:HOH50:O:3.20A;OD2--B:HOH14:O:2.88A,29.35327911376953,25.182613372802734,28.920562744140625,4.170665740966797,True,True,False,False
experiment_1_complex_target,B_ASP114,49,0.38044053316116333,1.3463436365127563,150.96;-117.02,t/p-90,29.04;27.02,True,2.877418448575309,OD2--B:HOH14:O,5.503953341129186,"OD2--sym6[0,0,1]/A:ARG129:NH2",0.13895580172538757,OD1--B:HOH54:O:3.21A;OD2--B:HOH50:O:3.20A;OD2--B:HOH14:O:2.88A,29.35327911376953,25.182613372802734,28.920562744140625,4.170665740966797,True,True,False,False
experiment_2_A_synthetic_fobs,B_ASP114,0,0.023994600400328636,1.1198527812957764,171.04;-111.06,t/p-90,8.96;21.06,True,2.85005473383217,OD2--B:HOH14:O,5.09617460529914,"OD2--sym6[0,0,1]/A:LYS133:NZ",0.31461387872695923,OD1--B:HOH54:O:3.47A;OD2--B:HOH50:O:3.06A;OD2--B:HOH14:O:2.85A,25.376388549804688,25.182613372802734,28.920562744140625,0.19377517700195312,True,True,False,False
experiment_2_A_synthetic_fobs,B_ASP114,1,0.023994600400328636,1.1198527812957764,171.04;-111.06,t/p-90,8.96;21.06,True,2.85005473383217,OD2--B:HOH14:O,5.09617460529914,"OD2--sym6[0,0,1]/A:LYS133:NZ",0.31461387872695923,OD1--B:HOH54:O:3.47A;OD2--B:HOH50:O:3.06A;OD2--B:HOH14:O:2.85A,25.376388549804688,25.182613372802734,28.920562744140625,0.19377517700195312,True,True,False,False
experiment_2_A_synthetic_fobs,B_ASP114,2,0.023994600400328636,1.1198527812957764,171.04;-111.06,t/p-90,8.96;21.06,True,2.85005473383217,OD2--B:HOH14:O,5.09617460529914,"OD2--sym6[0,0,1]/A:LYS133:NZ",0.31461387872695923,OD1--B:HOH54:O:3.47A;OD2--B:HOH50:O:3.06A;OD2--B:HOH14:O:2.85A,25.376388549804688,25.182613372802734,28.920562744140625,0.19377517700195312,True,True,False,False
experiment_2_A_synthetic_fobs,B_ASP114,3,0.023994600400328636,1.1198527812957764,171.04;-111.06,t/p-90,8.96;21.06,True,2.85005473383217,OD2--B:HOH14:O,5.09617460529914,"OD2--sym6[0,0,1]/A:LYS133:NZ",0.31461387872695923,OD1--B:HOH54:O:3.47A;OD2--B:HOH50:O:3.06A;OD2--B:HOH14:O:2.85A,25.376388549804688,25.182613372802734,28.920562744140625,0.19377517700195312,True,True,False,False
experiment_2_A_synthetic_fobs,B_ASP114,4,0.023994600400328636,1.1198527812957764,171.04;-111.06,t/p-90,8.96;21.06,True,2.85005473383217,OD2--B:HOH14:O,5.09617460529914,"OD2--sym6[0,0,1]/A:LYS133:NZ",0.31461387872695923,OD1--B:HOH54:O:3.47A;OD2--B:HOH50:O:3.06A;OD2--B:HOH14:O:2.85A,25.376388549804688,25.182613372802734,28.920562744140625,0.19377517700195312,True,True,False,False
experiment_2_A_synthetic_fobs,B_ASP114,5,0.023994600400328636,1.1198527812957764,171.04;-111.06,t/p-90,8.96;21.06,True,2.85005473383217,OD2--B:HOH14:O,5.09617460529914,"OD2--sym6[0,0,1]/A:LYS133:NZ",0.31461387872695923,OD1--B:HOH54:O:3.47A;OD2--B:HOH50:O:3.06A;OD2--B:HOH14:O:2.85A,25.376388549804688,25.182613372802734,28.920562744140625,0.19377517700195312,True,True,False,False
experiment_2_A_synthetic_fobs,B_ASP114,6,0.023994600400328636,1.1198527812957764,171.04;-111.06,t/p-90,8.96;21.06,True,2.85005473383217,OD2--B:HOH14:O,5.09617460529914,"OD2--sym6[0,0,1]/A:LYS133:NZ",0.31461387872695923,OD1--B:HOH54:O:3.47A;OD2--B:HOH50:O:3.06A;OD2--B:HOH14:O:2.85A,25.376388549804688,25.182613372802734,28.920562744140625,0.19377517700195312,True,True,False,False
experiment_2_A_synthetic_fobs,B_ASP114,7,0.023994600400328636,1.1198527812957764,171.04;-111.06,t/p-90,8.96;21.06,True,2.85005473383217,OD2--B:HOH14:O,5.09617460529914,"OD2--sym6[0,0,1]/A:LYS133:NZ",0.31461387872695923,OD1--B:HOH54:O:3.47A;OD2--B:HOH50:O:3.06A;OD2--B:HOH14:O:2.85A,25.376388549804688,25.182613372802734,28.920562744140625,0.19377517700195312,True,True,False,False
experiment_2_A_synthetic_fobs,B_ASP114,8,0.023994600400328636,1.1198527812957764,171.04;-111.06,t/p-90,8.96;21.06,True,2.85005473383217,OD2--B:HOH14:O,5.09617460529914,"OD2--sym6[0,0,1]/A:LYS133:NZ",0.31461387872695923,OD1--B:HOH54:O:3.47A;OD2--B:HOH50:O:3.06A;OD2--B:HOH14:O:2.85A,25.376388549804688,25.182613372802734,28.920562744140625,0.19377517700195312,True,True,False,False
experiment_2_A_synthetic_fobs,B_ASP114,9,0.023994600400328636,1.1198527812957764,171.04;-111.06,t/p-90,8.96;21.06,True,2.85005473383217,OD2--B:HOH14:O,5.09617460529914,"OD2--sym6[0,0,1]/A:LYS133:NZ",0.31461387872695923,OD1--B:HOH54:O:3.47A;OD2--B:HOH50:O:3.06A;OD2--B:HOH14:O:2.85A,25.376388549804688,25.182613372802734,28.920562744140625,0.19377517700195312,True,True,False,False
experiment_2_A_synthetic_fobs,B_ASP114,10,0.023994600400328636,1.1198527812957764,171.04;-111.06,t/p-90,8.96;21.06,True,2.85005473383217,OD2--B:HOH14:O,5.09617460529914,"OD2--sym6[0,0,1]/A:LYS133:NZ",0.31461387872695923,OD1--B:HOH54:O:3.47A;OD2--B:HOH50:O:3.06A;OD2--B:HOH14:O:2.85A,25.376388549804688,25.182613372802734,28.920562744140625,0.19377517700195312,True,True,False,False
experiment_2_A_synthetic_fobs,B_ASP114,11,0.023994600400328636,1.1198527812957764,171.04;-111.06,t/p-90,8.96;21.06,True,2.85005473383217,OD2--B:HOH14:O,5.09617460529914,"OD2--sym6[0,0,1]/A:LYS133:NZ",0.31461387872695923,OD1--B:HOH54:O:3.47A;OD2--B:HOH50:O:3.06A;OD2--B:HOH14:O:2.85A,25.376388549804688,25.182613372802734,28.920562744140625,0.19377517700195312,True,True,False,False
experiment_2_A_synthetic_fobs,B_ASP114,12,0.023994600400328636,1.1198527812957764,171.04;-111.06,t/p-90,8.96;21.06,True,2.85005473383217,OD2--B:HOH14:O,5.09617460529914,"OD2--sym6[0,0,1]/A:LYS133:NZ",0.31461387872695923,OD1--B:HOH54:O:3.47A;OD2--B:HOH50:O:3.06A;OD2--B:HOH14:O:2.85A,25.376388549804688,25.182613372802734,28.920562744140625,0.19377517700195312,True,True,False,False
experiment_2_A_synthetic_fobs,B_ASP114,13,0.023994600400328636,1.1198527812957764,171.04;-111.06,t/p-90,8.96;21.06,True,2.85005473383217,OD2--B:HOH14:O,5.09617460529914,"OD2--sym6[0,0,1]/A:LYS133:NZ",0.31461387872695923,OD1--B:HOH54:O:3.47A;OD2--B:HOH50:O:3.06A;OD2--B:HOH14:O:2.85A,25.376388549804688,25.182613372802734,28.920562744140625,0.19377517700195312,True,True,False,False
experiment_2_A_synthetic_fobs,B_ASP114,14,0.023994600400328636,1.1198527812957764,171.04;-111.06,t/p-90,8.96;21.06,True,2.85005473383217,OD2--B:HOH14:O,5.09617460529914,"OD2--sym6[0,0,1]/A:LYS133:NZ",0.31461387872695923,OD1--B:HOH54:O:3.47A;OD2--B:HOH50:O:3.06A;OD2--B:HOH14:O:2.85A,25.376388549804688,25.182613372802734,28.920562744140625,0.19377517700195312,True,True,False,False
experiment_2_A_synthetic_fobs,B_ASP114,15,0.023994600400328636,1.1198527812957764,171.04;-111.06,t/p-90,8.96;21.06,True,2.85005473383217,OD2--B:HOH14:O,5.09617460529914,"OD2--sym6[0,0,1]/A:LYS133:NZ",0.31461387872695923,OD1--B:HOH54:O:3.47A;OD2--B:HOH50:O:3.06A;OD2--B:HOH14:O:2.85A,25.376388549804688,25.182613372802734,28.920562744140625,0.19377517700195312,True,True,False,False
experiment_2_A_synthetic_fobs,B_ASP114,16,0.023994600400328636,1.1198527812957764,171.04;-111.06,t/p-90,8.96;21.06,True,2.85005473383217,OD2--B:HOH14:O,5.09617460529914,"OD2--sym6[0,0,1]/A:LYS133:NZ",0.31461387872695923,OD1--B:HOH54:O:3.47A;OD2--B:HOH50:O:3.06A;OD2--B:HOH14:O:2.85A,25.376388549804688,25.182613372802734,28.920562744140625,0.19377517700195312,True,True,False,False
experiment_2_A_synthetic_fobs,B_ASP114,17,0.023994600400328636,1.1198527812957764,171.04;-111.06,t/p-90,8.96;21.06,True,2.85005473383217,OD2--B:HOH14:O,5.09617460529914,"OD2--sym6[0,0,1]/A:LYS133:NZ",0.31461387872695923,OD1--B:HOH54:O:3.47A;OD2--B:HOH50:O:3.06A;OD2--B:HOH14:O:2.85A,25.376388549804688,25.182613372802734,28.920562744140625,0.19377517700195312,True,True,False,False
experiment_2_A_synthetic_fobs,B_ASP114,18,0.023994600400328636,1.1198527812957764,171.04;-111.06,t/p-90,8.96;21.06,True,2.85005473383217,OD2--B:HOH14:O,5.09617460529914,"OD2--sym6[0,0,1]/A:LYS133:NZ",0.31461387872695923,OD1--B:HOH54:O:3.47A;OD2--B:HOH50:O:3.06A;OD2--B:HOH14:O:2.85A,25.376388549804688,25.182613372802734,28.920562744140625,0.19377517700195312,True,True,False,False
experiment_2_A_synthetic_fobs,B_ASP114,19,0.023994600400328636,1.1198527812957764,171.04;-111.06,t/p-90,8.96;21.06,True,2.85005473383217,OD2--B:HOH14:O,5.09617460529914,"OD2--sym6[0,0,1]/A:LYS133:NZ",0.31461387872695923,OD1--B:HOH54:O:3.47A;OD2--B:HOH50:O:3.06A;OD2--B:HOH14:O:2.85A,25.376388549804688,25.182613372802734,28.920562744140625,0.19377517700195312,True,True,False,False
experiment_2_A_synthetic_fobs,B_ASP114,20,0.023994600400328636,1.1198527812957764,171.04;-111.06,t/p-90,8.96;21.06,True,2.85005473383217,OD2--B:HOH14:O,5.09617460529914,"OD2--sym6[0,0,1]/A:LYS133:NZ",0.31461387872695923,OD1--B:HOH54:O:3.47A;OD2--B:HOH50:O:3.06A;OD2--B:HOH14:O:2.85A,25.376388549804688,25.182613372802734,28.920562744140625,0.19377517700195312,True,True,False,False
experiment_2_A_synthetic_fobs,B_ASP114,21,0.023994600400328636,1.1198527812957764,171.04;-111.06,t/p-90,8.96;21.06,True,2.85005473383217,OD2--B:HOH14:O,5.09617460529914,"OD2--sym6[0,0,1]/A:LYS133:NZ",0.31461387872695923,OD1--B:HOH54:O:3.47A;OD2--B:HOH50:O:3.06A;OD2--B:HOH14:O:2.85A,25.376388549804688,25.182613372802734,28.920562744140625,0.19377517700195312,True,True,False,False
experiment_2_A_synthetic_fobs,B_ASP114,22,0.023994600400328636,1.1198527812957764,171.04;-111.06,t/p-90,8.96;21.06,True,2.85005473383217,OD2--B:HOH14:O,5.09617460529914,"OD2--sym6[0,0,1]/A:LYS133:NZ",0.31461387872695923,OD1--B:HOH54:O:3.47A;OD2--B:HOH50:O:3.06A;OD2--B:HOH14:O:2.85A,25.376388549804688,25.182613372802734,28.920562744140625,0.19377517700195312,True,True,False,False
experiment_2_A_synthetic_fobs,B_ASP114,23,0.023994600400328636,1.1198527812957764,171.04;-111.06,t/p-90,8.96;21.06,True,2.85005473383217,OD2--B:HOH14:O,5.09617460529914,"OD2--sym6[0,0,1]/A:LYS133:NZ",0.31461387872695923,OD1--B:HOH54:O:3.47A;OD2--B:HOH50:O:3.06A;OD2--B:HOH14:O:2.85A,25.376388549804688,25.182613372802734,28.920562744140625,0.19377517700195312,True,True,False,False
experiment_2_A_synthetic_fobs,B_ASP114,24,0.023994600400328636,1.1198527812957764,171.04;-111.06,t/p-90,8.96;21.06,True,2.85005473383217,OD2--B:HOH14:O,5.09617460529914,"OD2--sym6[0,0,1]/A:LYS133:NZ",0.31461387872695923,OD1--B:HOH54:O:3.47A;OD2--B:HOH50:O:3.06A;OD2--B:HOH14:O:2.85A,25.376388549804688,25.182613372802734,28.920562744140625,0.19377517700195312,True,True,False,False
experiment_2_A_synthetic_fobs,B_ASP114,25,0.023994600400328636,1.1198527812957764,171.04;-111.06,t/p-90,8.96;21.06,True,2.85005473383217,OD2--B:HOH14:O,5.09617460529914,"OD2--sym6[0,0,1]/A:LYS133:NZ",0.31461387872695923,OD1--B:HOH54:O:3.47A;OD2--B:HOH50:O:3.06A;OD2--B:HOH14:O:2.85A,25.376388549804688,25.182613372802734,28.920562744140625,0.19377517700195312,True,True,False,False
experiment_2_A_synthetic_fobs,B_ASP114,26,0.023994600400328636,1.1198527812957764,171.04;-111.06,t/p-90,8.96;21.06,True,2.85005473383217,OD2--B:HOH14:O,5.09617460529914,"OD2--sym6[0,0,1]/A:LYS133:NZ",0.31461387872695923,OD1--B:HOH54:O:3.47A;OD2--B:HOH50:O:3.06A;OD2--B:HOH14:O:2.85A,25.376388549804688,25.182613372802734,28.920562744140625,0.19377517700195312,True,True,False,False
experiment_2_A_synthetic_fobs,B_ASP114,27,0.023994600400328636,1.1198527812957764,171.04;-111.06,t/p-90,8.96;21.06,True,2.85005473383217,OD2--B:HOH14:O,5.09617460529914,"OD2--sym6[0,0,1]/A:LYS133:NZ",0.31461387872695923,OD1--B:HOH54:O:3.47A;OD2--B:HOH50:O:3.06A;OD2--B:HOH14:O:2.85A,25.376388549804688,25.182613372802734,28.920562744140625,0.19377517700195312,True,True,False,False
experiment_2_A_synthetic_fobs,B_ASP114,28,0.023994600400328636,1.1198527812957764,171.04;-111.06,t/p-90,8.96;21.06,True,2.85005473383217,OD2--B:HOH14:O,5.09617460529914,"OD2--sym6[0,0,1]/A:LYS133:NZ",0.31461387872695923,OD1--B:HOH54:O:3.47A;OD2--B:HOH50:O:3.06A;OD2--B:HOH14:O:2.85A,25.376388549804688,25.182613372802734,28.920562744140625,0.19377517700195312,True,True,False,False
experiment_2_A_synthetic_fobs,B_ASP114,29,0.023994600400328636,1.1198527812957764,171.04;-111.06,t/p-90,8.96;21.06,True,2.85005473383217,OD2--B:HOH14:O,5.09617460529914,"OD2--sym6[0,0,1]/A:LYS133:NZ",0.31461387872695923,OD1--B:HOH54:O:3.47A;OD2--B:HOH50:O:3.06A;OD2--B:HOH14:O:2.85A,25.376388549804688,25.182613372802734,28.920562744140625,0.19377517700195312,True,True,False,False
experiment_2_A_synthetic_fobs,B_ASP114,30,0.023994600400328636,1.1198527812957764,171.04;-111.06,t/p-90,8.96;21.06,True,2.85005473383217,OD2--B:HOH14:O,5.09617460529914,"OD2--sym6[0,0,1]/A:LYS133:NZ",0.31461387872695923,OD1--B:HOH54:O:3.47A;OD2--B:HOH50:O:3.06A;OD2--B:HOH14:O:2.85A,25.376388549804688,25.182613372802734,28.920562744140625,0.19377517700195312,True,True,False,False
experiment_2_A_synthetic_fobs,B_ASP114,31,0.023994600400328636,1.1198527812957764,171.04;-111.06,t/p-90,8.96;21.06,True,2.85005473383217,OD2--B:HOH14:O,5.09617460529914,"OD2--sym6[0,0,1]/A:LYS133:NZ",0.31461387872695923,OD1--B:HOH54:O:3.47A;OD2--B:HOH50:O:3.06A;OD2--B:HOH14:O:2.85A,25.376388549804688,25.182613372802734,28.920562744140625,0.19377517700195312,True,True,False,False
experiment_2_A_synthetic_fobs,B_ASP114,32,0.023994600400328636,1.1198527812957764,171.04;-111.06,t/p-90,8.96;21.06,True,2.85005473383217,OD2--B:HOH14:O,5.09617460529914,"OD2--sym6[0,0,1]/A:LYS133:NZ",0.31461387872695923,OD1--B:HOH54:O:3.47A;OD2--B:HOH50:O:3.06A;OD2--B:HOH14:O:2.85A,25.376388549804688,25.182613372802734,28.920562744140625,0.19377517700195312,True,True,False,False
experiment_2_A_synthetic_fobs,B_ASP114,33,0.023994600400328636,1.1198527812957764,171.04;-111.06,t/p-90,8.96;21.06,True,2.85005473383217,OD2--B:HOH14:O,5.09617460529914,"OD2--sym6[0,0,1]/A:LYS133:NZ",0.31461387872695923,OD1--B:HOH54:O:3.47A;OD2--B:HOH50:O:3.06A;OD2--B:HOH14:O:2.85A,25.376388549804688,25.182613372802734,28.920562744140625,0.19377517700195312,True,True,False,False
experiment_2_A_synthetic_fobs,B_ASP114,34,0.023994600400328636,1.1198527812957764,171.04;-111.06,t/p-90,8.96;21.06,True,2.85005473383217,OD2--B:HOH14:O,5.09617460529914,"OD2--sym6[0,0,1]/A:LYS133:NZ",0.31461387872695923,OD1--B:HOH54:O:3.47A;OD2--B:HOH50:O:3.06A;OD2--B:HOH14:O:2.85A,25.376388549804688,25.182613372802734,28.920562744140625,0.19377517700195312,True,True,False,False
experiment_2_A_synthetic_fobs,B_ASP114,35,0.023994600400328636,1.1198527812957764,171.04;-111.06,t/p-90,8.96;21.06,True,2.85005473383217,OD2--B:HOH14:O,5.09617460529914,"OD2--sym6[0,0,1]/A:LYS133:NZ",0.31461387872695923,OD1--B:HOH54:O:3.47A;OD2--B:HOH50:O:3.06A;OD2--B:HOH14:O:2.85A,25.376388549804688,25.182613372802734,28.920562744140625,0.19377517700195312,True,True,False,False
experiment_2_A_synthetic_fobs,B_ASP114,36,0.023994600400328636,1.1198527812957764,171.04;-111.06,t/p-90,8.96;21.06,True,2.85005473383217,OD2--B:HOH14:O,5.09617460529914,"OD2--sym6[0,0,1]/A:LYS133:NZ",0.31461387872695923,OD1--B:HOH54:O:3.47A;OD2--B:HOH50:O:3.06A;OD2--B:HOH14:O:2.85A,25.376388549804688,25.182613372802734,28.920562744140625,0.19377517700195312,True,True,False,False
experiment_2_A_synthetic_fobs,B_ASP114,37,0.023994600400328636,1.1198527812957764,171.04;-111.06,t/p-90,8.96;21.06,True,2.85005473383217,OD2--B:HOH14:O,5.09617460529914,"OD2--sym6[0,0,1]/A:LYS133:NZ",0.31461387872695923,OD1--B:HOH54:O:3.47A;OD2--B:HOH50:O:3.06A;OD2--B:HOH14:O:2.85A,25.376388549804688,25.182613372802734,28.920562744140625,0.19377517700195312,True,True,False,False
experiment_2_A_synthetic_fobs,B_ASP114,38,0.023994600400328636,1.1198527812957764,171.04;-111.06,t/p-90,8.96;21.06,True,2.85005473383217,OD2--B:HOH14:O,5.09617460529914,"OD2--sym6[0,0,1]/A:LYS133:NZ",0.31461387872695923,OD1--B:HOH54:O:3.47A;OD2--B:HOH50:O:3.06A;OD2--B:HOH14:O:2.85A,25.376388549804688,25.182613372802734,28.920562744140625,0.19377517700195312,True,True,False,False
experiment_2_A_synthetic_fobs,B_ASP114,39,0.023994600400328636,1.1198527812957764,171.04;-111.06,t/p-90,8.96;21.06,True,2.85005473383217,OD2--B:HOH14:O,5.09617460529914,"OD2--sym6[0,0,1]/A:LYS133:NZ",0.31461387872695923,OD1--B:HOH54:O:3.47A;OD2--B:HOH50:O:3.06A;OD2--B:HOH14:O:2.85A,25.376388549804688,25.182613372802734,28.920562744140625,0.19377517700195312,True,True,False,False
experiment_2_A_synthetic_fobs,B_ASP114,40,0.023994600400328636,1.1198527812957764,171.04;-111.06,t/p-90,8.96;21.06,True,2.85005473383217,OD2--B:HOH14:O,5.09617460529914,"OD2--sym6[0,0,1]/A:LYS133:NZ",0.31461387872695923,OD1--B:HOH54:O:3.47A;OD2--B:HOH50:O:3.06A;OD2--B:HOH14:O:2.85A,25.376388549804688,25.182613372802734,28.920562744140625,0.19377517700195312,True,True,False,False
experiment_2_A_synthetic_fobs,B_ASP114,41,0.023994600400328636,1.1198527812957764,171.04;-111.06,t/p-90,8.96;21.06,True,2.85005473383217,OD2--B:HOH14:O,5.09617460529914,"OD2--sym6[0,0,1]/A:LYS133:NZ",0.31461387872695923,OD1--B:HOH54:O:3.47A;OD2--B:HOH50:O:3.06A;OD2--B:HOH14:O:2.85A,25.376388549804688,25.182613372802734,28.920562744140625,0.19377517700195312,True,True,False,False
experiment_2_A_synthetic_fobs,B_ASP114,42,0.023994600400328636,1.1198527812957764,171.04;-111.06,t/p-90,8.96;21.06,True,2.85005473383217,OD2--B:HOH14:O,5.09617460529914,"OD2--sym6[0,0,1]/A:LYS133:NZ",0.31461387872695923,OD1--B:HOH54:O:3.47A;OD2--B:HOH50:O:3.06A;OD2--B:HOH14:O:2.85A,25.376388549804688,25.182613372802734,28.920562744140625,0.19377517700195312,True,True,False,False
experiment_2_A_synthetic_fobs,B_ASP114,43,0.023994600400328636,1.1198527812957764,171.04;-111.06,t/p-90,8.96;21.06,True,2.85005473383217,OD2--B:HOH14:O,5.09617460529914,"OD2--sym6[0,0,1]/A:LYS133:NZ",0.31461387872695923,OD1--B:HOH54:O:3.47A;OD2--B:HOH50:O:3.06A;OD2--B:HOH14:O:2.85A,25.376388549804688,25.182613372802734,28.920562744140625,0.19377517700195312,True,True,False,False
experiment_2_A_synthetic_fobs,B_ASP114,44,0.023994600400328636,1.1198527812957764,171.04;-111.06,t/p-90,8.96;21.06,True,2.85005473383217,OD2--B:HOH14:O,5.09617460529914,"OD2--sym6[0,0,1]/A:LYS133:NZ",0.31461387872695923,OD1--B:HOH54:O:3.47A;OD2--B:HOH50:O:3.06A;OD2--B:HOH14:O:2.85A,25.376388549804688,25.182613372802734,28.920562744140625,0.19377517700195312,True,True,False,False
experiment_2_A_synthetic_fobs,B_ASP114,45,0.023994600400328636,1.1198527812957764,171.04;-111.06,t/p-90,8.96;21.06,True,2.85005473383217,OD2--B:HOH14:O,5.09617460529914,"OD2--sym6[0,0,1]/A:LYS133:NZ",0.31461387872695923,OD1--B:HOH54:O:3.47A;OD2--B:HOH50:O:3.06A;OD2--B:HOH14:O:2.85A,25.376388549804688,25.182613372802734,28.920562744140625,0.19377517700195312,True,True,False,False
experiment_2_A_synthetic_fobs,B_ASP114,46,0.023994600400328636,1.1198527812957764,171.04;-111.06,t/p-90,8.96;21.06,True,2.85005473383217,OD2--B:HOH14:O,5.09617460529914,"OD2--sym6[0,0,1]/A:LYS133:NZ",0.31461387872695923,OD1--B:HOH54:O:3.47A;OD2--B:HOH50:O:3.06A;OD2--B:HOH14:O:2.85A,25.376388549804688,25.182613372802734,28.920562744140625,0.19377517700195312,True,True,False,False
experiment_2_A_synthetic_fobs,B_ASP114,47,0.023994600400328636,1.1198527812957764,171.04;-111.06,t/p-90,8.96;21.06,True,2.85005473383217,OD2--B:HOH14:O,5.09617460529914,"OD2--sym6[0,0,1]/A:LYS133:NZ",0.31461387872695923,OD1--B:HOH54:O:3.47A;OD2--B:HOH50:O:3.06A;OD2--B:HOH14:O:2.85A,25.376388549804688,25.182613372802734,28.920562744140625,0.19377517700195312,True,True,False,False
experiment_2_A_synthetic_fobs,B_ASP114,48,0.023994600400328636,1.1198527812957764,171.04;-111.06,t/p-90,8.96;21.06,True,2.85005473383217,OD2--B:HOH14:O,5.09617460529914,"OD2--sym6[0,0,1]/A:LYS133:NZ",0.31461387872695923,OD1--B:HOH54:O:3.47A;OD2--B:HOH50:O:3.06A;OD2--B:HOH14:O:2.85A,25.376388549804688,25.182613372802734,28.920562744140625,0.19377517700195312,True,True,False,False
experiment_2_A_synthetic_fobs,B_ASP114,49,0.023994600400328636,1.1198527812957764,171.04;-111.06,t/p-90,8.96;21.06,True,2.85005473383217,OD2--B:HOH14:O,5.09617460529914,"OD2--sym6[0,0,1]/A:LYS133:NZ",0.31461387872695923,OD1--B:HOH54:O:3.47A;OD2--B:HOH50:O:3.06A;OD2--B:HOH14:O:2.85A,25.376388549804688,25.182613372802734,28.920562744140625,0.19377517700195312,True,True,False,False
experiment_2_B_localized_sf,B_ASP114,0,0.1123047024011612,1.1717299222946167,165.90;-109.68,t/p-90,14.10;19.68,True,2.8463865925134315,OD2--B:HOH14:O,5.187168539458531,"OD2--sym6[0,0,1]/A:LYS133:NZ",0.2581605911254883,OD1--B:HOH54:O:3.46A;OD2--B:HOH50:O:3.04A;OD2--B:HOH14:O:2.85A,26.19579315185547,25.182613372802734,28.920562744140625,1.0131797790527344,True,True,False,False
experiment_2_B_localized_sf,B_ASP114,1,0.1123047024011612,1.1717299222946167,165.90;-109.68,t/p-90,14.10;19.68,True,2.8463865925134315,OD2--B:HOH14:O,5.187168539458531,"OD2--sym6[0,0,1]/A:LYS133:NZ",0.2581605911254883,OD1--B:HOH54:O:3.46A;OD2--B:HOH50:O:3.04A;OD2--B:HOH14:O:2.85A,26.19579315185547,25.182613372802734,28.920562744140625,1.0131797790527344,True,True,False,False
experiment_2_B_localized_sf,B_ASP114,2,0.1123047024011612,1.1717299222946167,165.90;-109.68,t/p-90,14.10;19.68,True,2.8463865925134315,OD2--B:HOH14:O,5.187168539458531,"OD2--sym6[0,0,1]/A:LYS133:NZ",0.2581605911254883,OD1--B:HOH54:O:3.46A;OD2--B:HOH50:O:3.04A;OD2--B:HOH14:O:2.85A,26.19579315185547,25.182613372802734,28.920562744140625,1.0131797790527344,True,True,False,False
experiment_2_B_localized_sf,B_ASP114,3,0.1123047024011612,1.1717299222946167,165.90;-109.68,t/p-90,14.10;19.68,True,2.8463865925134315,OD2--B:HOH14:O,5.187168539458531,"OD2--sym6[0,0,1]/A:LYS133:NZ",0.2581605911254883,OD1--B:HOH54:O:3.46A;OD2--B:HOH50:O:3.04A;OD2--B:HOH14:O:2.85A,26.19579315185547,25.182613372802734,28.920562744140625,1.0131797790527344,True,True,False,False
experiment_2_B_localized_sf,B_ASP114,4,0.1123047024011612,1.1717299222946167,165.90;-109.68,t/p-90,14.10;19.68,True,2.8463865925134315,OD2--B:HOH14:O,5.187168539458531,"OD2--sym6[0,0,1]/A:LYS133:NZ",0.2581605911254883,OD1--B:HOH54:O:3.46A;OD2--B:HOH50:O:3.04A;OD2--B:HOH14:O:2.85A,26.19579315185547,25.182613372802734,28.920562744140625,1.0131797790527344,True,True,False,False
experiment_2_B_localized_sf,B_ASP114,5,0.1123047024011612,1.1717299222946167,165.90;-109.68,t/p-90,14.10;19.68,True,2.8463865925134315,OD2--B:HOH14:O,5.187168539458531,"OD2--sym6[0,0,1]/A:LYS133:NZ",0.2581605911254883,OD1--B:HOH54:O:3.46A;OD2--B:HOH50:O:3.04A;OD2--B:HOH14:O:2.85A,26.19579315185547,25.182613372802734,28.920562744140625,1.0131797790527344,True,True,False,False
experiment_2_B_localized_sf,B_ASP114,6,0.1123047024011612,1.1717299222946167,165.90;-109.68,t/p-90,14.10;19.68,True,2.8463865925134315,OD2--B:HOH14:O,5.187168539458531,"OD2--sym6[0,0,1]/A:LYS133:NZ",0.2581605911254883,OD1--B:HOH54:O:3.46A;OD2--B:HOH50:O:3.04A;OD2--B:HOH14:O:2.85A,26.19579315185547,25.182613372802734,28.920562744140625,1.0131797790527344,True,True,False,False
experiment_2_B_localized_sf,B_ASP114,7,0.1123047024011612,1.1717299222946167,165.90;-109.68,t/p-90,14.10;19.68,True,2.8463865925134315,OD2--B:HOH14:O,5.187168539458531,"OD2--sym6[0,0,1]/A:LYS133:NZ",0.2581605911254883,OD1--B:HOH54:O:3.46A;OD2--B:HOH50:O:3.04A;OD2--B:HOH14:O:2.85A,26.19579315185547,25.182613372802734,28.920562744140625,1.0131797790527344,True,True,False,False
experiment_2_B_localized_sf,B_ASP114,8,0.1123047024011612,1.1717299222946167,165.90;-109.68,t/p-90,14.10;19.68,True,2.8463865925134315,OD2--B:HOH14:O,5.187168539458531,"OD2--sym6[0,0,1]/A:LYS133:NZ",0.2581605911254883,OD1--B:HOH54:O:3.46A;OD2--B:HOH50:O:3.04A;OD2--B:HOH14:O:2.85A,26.19579315185547,25.182613372802734,28.920562744140625,1.0131797790527344,True,True,False,False
experiment_2_B_localized_sf,B_ASP114,9,0.1123047024011612,1.1717299222946167,165.90;-109.68,t/p-90,14.10;19.68,True,2.8463865925134315,OD2--B:HOH14:O,5.187168539458531,"OD2--sym6[0,0,1]/A:LYS133:NZ",0.2581605911254883,OD1--B:HOH54:O:3.46A;OD2--B:HOH50:O:3.04A;OD2--B:HOH14:O:2.85A,26.19579315185547,25.182613372802734,28.920562744140625,1.0131797790527344,True,True,False,False
experiment_2_B_localized_sf,B_ASP114,10,0.1123047024011612,1.1717299222946167,165.90;-109.68,t/p-90,14.10;19.68,True,2.8463865925134315,OD2--B:HOH14:O,5.187168539458531,"OD2--sym6[0,0,1]/A:LYS133:NZ",0.2581605911254883,OD1--B:HOH54:O:3.46A;OD2--B:HOH50:O:3.04A;OD2--B:HOH14:O:2.85A,26.19579315185547,25.182613372802734,28.920562744140625,1.0131797790527344,True,True,False,False
experiment_2_B_localized_sf,B_ASP114,11,0.1123047024011612,1.1717299222946167,165.90;-109.68,t/p-90,14.10;19.68,True,2.8463865925134315,OD2--B:HOH14:O,5.187168539458531,"OD2--sym6[0,0,1]/A:LYS133:NZ",0.2581605911254883,OD1--B:HOH54:O:3.46A;OD2--B:HOH50:O:3.04A;OD2--B:HOH14:O:2.85A,26.19579315185547,25.182613372802734,28.920562744140625,1.0131797790527344,True,True,False,False
experiment_2_B_localized_sf,B_ASP114,12,0.1123047024011612,1.1717299222946167,165.90;-109.68,t/p-90,14.10;19.68,True,2.8463865925134315,OD2--B:HOH14:O,5.187168539458531,"OD2--sym6[0,0,1]/A:LYS133:NZ",0.2581605911254883,OD1--B:HOH54:O:3.46A;OD2--B:HOH50:O:3.04A;OD2--B:HOH14:O:2.85A,26.19579315185547,25.182613372802734,28.920562744140625,1.0131797790527344,True,True,False,False
experiment_2_B_localized_sf,B_ASP114,13,0.1123047024011612,1.1717299222946167,165.90;-109.68,t/p-90,14.10;19.68,True,2.8463865925134315,OD2--B:HOH14:O,5.187168539458531,"OD2--sym6[0,0,1]/A:LYS133:NZ",0.2581605911254883,OD1--B:HOH54:O:3.46A;OD2--B:HOH50:O:3.04A;OD2--B:HOH14:O:2.85A,26.19579315185547,25.182613372802734,28.920562744140625,1.0131797790527344,True,True,False,False
experiment_2_B_localized_sf,B_ASP114,14,0.1123047024011612,1.1717299222946167,165.90;-109.68,t/p-90,14.10;19.68,True,2.8463865925134315,OD2--B:HOH14:O,5.187168539458531,"OD2--sym6[0,0,1]/A:LYS133:NZ",0.2581605911254883,OD1--B:HOH54:O:3.46A;OD2--B:HOH50:O:3.04A;OD2--B:HOH14:O:2.85A,26.19579315185547,25.182613372802734,28.920562744140625,1.0131797790527344,True,True,False,False
experiment_2_B_localized_sf,B_ASP114,15,0.1123047024011612,1.1717299222946167,165.90;-109.68,t/p-90,14.10;19.68,True,2.8463865925134315,OD2--B:HOH14:O,5.187168539458531,"OD2--sym6[0,0,1]/A:LYS133:NZ",0.2581605911254883,OD1--B:HOH54:O:3.46A;OD2--B:HOH50:O:3.04A;OD2--B:HOH14:O:2.85A,26.19579315185547,25.182613372802734,28.920562744140625,1.0131797790527344,True,True,False,False
experiment_2_B_localized_sf,B_ASP114,16,0.1123047024011612,1.1717299222946167,165.90;-109.68,t/p-90,14.10;19.68,True,2.8463865925134315,OD2--B:HOH14:O,5.187168539458531,"OD2--sym6[0,0,1]/A:LYS133:NZ",0.2581605911254883,OD1--B:HOH54:O:3.46A;OD2--B:HOH50:O:3.04A;OD2--B:HOH14:O:2.85A,26.19579315185547,25.182613372802734,28.920562744140625,1.0131797790527344,True,True,False,False
experiment_2_B_localized_sf,B_ASP114,17,0.1123047024011612,1.1717299222946167,165.90;-109.68,t/p-90,14.10;19.68,True,2.8463865925134315,OD2--B:HOH14:O,5.187168539458531,"OD2--sym6[0,0,1]/A:LYS133:NZ",0.2581605911254883,OD1--B:HOH54:O:3.46A;OD2--B:HOH50:O:3.04A;OD2--B:HOH14:O:2.85A,26.19579315185547,25.182613372802734,28.920562744140625,1.0131797790527344,True,True,False,False
experiment_2_B_localized_sf,B_ASP114,18,0.1123047024011612,1.1717299222946167,165.90;-109.68,t/p-90,14.10;19.68,True,2.8463865925134315,OD2--B:HOH14:O,5.187168539458531,"OD2--sym6[0,0,1]/A:LYS133:NZ",0.2581605911254883,OD1--B:HOH54:O:3.46A;OD2--B:HOH50:O:3.04A;OD2--B:HOH14:O:2.85A,26.19579315185547,25.182613372802734,28.920562744140625,1.0131797790527344,True,True,False,False
experiment_2_B_localized_sf,B_ASP114,19,0.1123047024011612,1.1717299222946167,165.90;-109.68,t/p-90,14.10;19.68,True,2.8463865925134315,OD2--B:HOH14:O,5.187168539458531,"OD2--sym6[0,0,1]/A:LYS133:NZ",0.2581605911254883,OD1--B:HOH54:O:3.46A;OD2--B:HOH50:O:3.04A;OD2--B:HOH14:O:2.85A,26.19579315185547,25.182613372802734,28.920562744140625,1.0131797790527344,True,True,False,False
experiment_2_B_localized_sf,B_ASP114,20,0.1123047024011612,1.1717299222946167,165.90;-109.68,t/p-90,14.10;19.68,True,2.8463865925134315,OD2--B:HOH14:O,5.187168539458531,"OD2--sym6[0,0,1]/A:LYS133:NZ",0.2581605911254883,OD1--B:HOH54:O:3.46A;OD2--B:HOH50:O:3.04A;OD2--B:HOH14:O:2.85A,26.19579315185547,25.182613372802734,28.920562744140625,1.0131797790527344,True,True,False,False
experiment_2_B_localized_sf,B_ASP114,21,0.1123047024011612,1.1717299222946167,165.90;-109.68,t/p-90,14.10;19.68,True,2.8463865925134315,OD2--B:HOH14:O,5.187168539458531,"OD2--sym6[0,0,1]/A:LYS133:NZ",0.2581605911254883,OD1--B:HOH54:O:3.46A;OD2--B:HOH50:O:3.04A;OD2--B:HOH14:O:2.85A,26.19579315185547,25.182613372802734,28.920562744140625,1.0131797790527344,True,True,False,False
experiment_2_B_localized_sf,B_ASP114,22,0.1123047024011612,1.1717299222946167,165.90;-109.68,t/p-90,14.10;19.68,True,2.8463865925134315,OD2--B:HOH14:O,5.187168539458531,"OD2--sym6[0,0,1]/A:LYS133:NZ",0.2581605911254883,OD1--B:HOH54:O:3.46A;OD2--B:HOH50:O:3.04A;OD2--B:HOH14:O:2.85A,26.19579315185547,25.182613372802734,28.920562744140625,1.0131797790527344,True,True,False,False
experiment_2_B_localized_sf,B_ASP114,23,0.1123047024011612,1.1717299222946167,165.90;-109.68,t/p-90,14.10;19.68,True,2.8463865925134315,OD2--B:HOH14:O,5.187168539458531,"OD2--sym6[0,0,1]/A:LYS133:NZ",0.2581605911254883,OD1--B:HOH54:O:3.46A;OD2--B:HOH50:O:3.04A;OD2--B:HOH14:O:2.85A,26.19579315185547,25.182613372802734,28.920562744140625,1.0131797790527344,True,True,False,False
experiment_2_B_localized_sf,B_ASP114,24,0.1123047024011612,1.1717299222946167,165.90;-109.68,t/p-90,14.10;19.68,True,2.8463865925134315,OD2--B:HOH14:O,5.187168539458531,"OD2--sym6[0,0,1]/A:LYS133:NZ",0.2581605911254883,OD1--B:HOH54:O:3.46A;OD2--B:HOH50:O:3.04A;OD2--B:HOH14:O:2.85A,26.19579315185547,25.182613372802734,28.920562744140625,1.0131797790527344,True,True,False,False
experiment_2_B_localized_sf,B_ASP114,25,0.1123047024011612,1.1717299222946167,165.90;-109.68,t/p-90,14.10;19.68,True,2.8463865925134315,OD2--B:HOH14:O,5.187168539458531,"OD2--sym6[0,0,1]/A:LYS133:NZ",0.2581605911254883,OD1--B:HOH54:O:3.46A;OD2--B:HOH50:O:3.04A;OD2--B:HOH14:O:2.85A,26.19579315185547,25.182613372802734,28.920562744140625,1.0131797790527344,True,True,False,False
experiment_2_B_localized_sf,B_ASP114,26,0.1123047024011612,1.1717299222946167,165.90;-109.68,t/p-90,14.10;19.68,True,2.8463865925134315,OD2--B:HOH14:O,5.187168539458531,"OD2--sym6[0,0,1]/A:LYS133:NZ",0.2581605911254883,OD1--B:HOH54:O:3.46A;OD2--B:HOH50:O:3.04A;OD2--B:HOH14:O:2.85A,26.19579315185547,25.182613372802734,28.920562744140625,1.0131797790527344,True,True,False,False
experiment_2_B_localized_sf,B_ASP114,27,0.1123047024011612,1.1717299222946167,165.90;-109.68,t/p-90,14.10;19.68,True,2.8463865925134315,OD2--B:HOH14:O,5.187168539458531,"OD2--sym6[0,0,1]/A:LYS133:NZ",0.2581605911254883,OD1--B:HOH54:O:3.46A;OD2--B:HOH50:O:3.04A;OD2--B:HOH14:O:2.85A,26.19579315185547,25.182613372802734,28.920562744140625,1.0131797790527344,True,True,False,False
experiment_2_B_localized_sf,B_ASP114,28,0.1123047024011612,1.1717299222946167,165.90;-109.68,t/p-90,14.10;19.68,True,2.8463865925134315,OD2--B:HOH14:O,5.187168539458531,"OD2--sym6[0,0,1]/A:LYS133:NZ",0.2581605911254883,OD1--B:HOH54:O:3.46A;OD2--B:HOH50:O:3.04A;OD2--B:HOH14:O:2.85A,26.19579315185547,25.182613372802734,28.920562744140625,1.0131797790527344,True,True,False,False
experiment_2_B_localized_sf,B_ASP114,29,0.1123047024011612,1.1717299222946167,165.90;-109.68,t/p-90,14.10;19.68,True,2.8463865925134315,OD2--B:HOH14:O,5.187168539458531,"OD2--sym6[0,0,1]/A:LYS133:NZ",0.2581605911254883,OD1--B:HOH54:O:3.46A;OD2--B:HOH50:O:3.04A;OD2--B:HOH14:O:2.85A,26.19579315185547,25.182613372802734,28.920562744140625,1.0131797790527344,True,True,False,False
experiment_2_B_localized_sf,B_ASP114,30,0.1123047024011612,1.1717299222946167,165.90;-109.68,t/p-90,14.10;19.68,True,2.8463865925134315,OD2--B:HOH14:O,5.187168539458531,"OD2--sym6[0,0,1]/A:LYS133:NZ",0.2581605911254883,OD1--B:HOH54:O:3.46A;OD2--B:HOH50:O:3.04A;OD2--B:HOH14:O:2.85A,26.19579315185547,25.182613372802734,28.920562744140625,1.0131797790527344,True,True,False,False
experiment_2_B_localized_sf,B_ASP114,31,0.1123047024011612,1.1717299222946167,165.90;-109.68,t/p-90,14.10;19.68,True,2.8463865925134315,OD2--B:HOH14:O,5.187168539458531,"OD2--sym6[0,0,1]/A:LYS133:NZ",0.2581605911254883,OD1--B:HOH54:O:3.46A;OD2--B:HOH50:O:3.04A;OD2--B:HOH14:O:2.85A,26.19579315185547,25.182613372802734,28.920562744140625,1.0131797790527344,True,True,False,False
experiment_2_B_localized_sf,B_ASP114,32,0.1123047024011612,1.1717299222946167,165.90;-109.68,t/p-90,14.10;19.68,True,2.8463865925134315,OD2--B:HOH14:O,5.187168539458531,"OD2--sym6[0,0,1]/A:LYS133:NZ",0.2581605911254883,OD1--B:HOH54:O:3.46A;OD2--B:HOH50:O:3.04A;OD2--B:HOH14:O:2.85A,26.19579315185547,25.182613372802734,28.920562744140625,1.0131797790527344,True,True,False,False
experiment_2_B_localized_sf,B_ASP114,33,0.1123047024011612,1.1717299222946167,165.90;-109.68,t/p-90,14.10;19.68,True,2.8463865925134315,OD2--B:HOH14:O,5.187168539458531,"OD2--sym6[0,0,1]/A:LYS133:NZ",0.2581605911254883,OD1--B:HOH54:O:3.46A;OD2--B:HOH50:O:3.04A;OD2--B:HOH14:O:2.85A,26.19579315185547,25.182613372802734,28.920562744140625,1.0131797790527344,True,True,False,False
experiment_2_B_localized_sf,B_ASP114,34,0.1123047024011612,1.1717299222946167,165.90;-109.68,t/p-90,14.10;19.68,True,2.8463865925134315,OD2--B:HOH14:O,5.187168539458531,"OD2--sym6[0,0,1]/A:LYS133:NZ",0.2581605911254883,OD1--B:HOH54:O:3.46A;OD2--B:HOH50:O:3.04A;OD2--B:HOH14:O:2.85A,26.19579315185547,25.182613372802734,28.920562744140625,1.0131797790527344,True,True,False,False
experiment_2_B_localized_sf,B_ASP114,35,0.1123047024011612,1.1717299222946167,165.90;-109.68,t/p-90,14.10;19.68,True,2.8463865925134315,OD2--B:HOH14:O,5.187168539458531,"OD2--sym6[0,0,1]/A:LYS133:NZ",0.2581605911254883,OD1--B:HOH54:O:3.46A;OD2--B:HOH50:O:3.04A;OD2--B:HOH14:O:2.85A,26.19579315185547,25.182613372802734,28.920562744140625,1.0131797790527344,True,True,False,False
experiment_2_B_localized_sf,B_ASP114,36,0.1123047024011612,1.1717299222946167,165.90;-109.68,t/p-90,14.10;19.68,True,2.8463865925134315,OD2--B:HOH14:O,5.187168539458531,"OD2--sym6[0,0,1]/A:LYS133:NZ",0.2581605911254883,OD1--B:HOH54:O:3.46A;OD2--B:HOH50:O:3.04A;OD2--B:HOH14:O:2.85A,26.19579315185547,25.182613372802734,28.920562744140625,1.0131797790527344,True,True,False,False
experiment_2_B_localized_sf,B_ASP114,37,0.1123047024011612,1.1717299222946167,165.90;-109.68,t/p-90,14.10;19.68,True,2.8463865925134315,OD2--B:HOH14:O,5.187168539458531,"OD2--sym6[0,0,1]/A:LYS133:NZ",0.2581605911254883,OD1--B:HOH54:O:3.46A;OD2--B:HOH50:O:3.04A;OD2--B:HOH14:O:2.85A,26.19579315185547,25.182613372802734,28.920562744140625,1.0131797790527344,True,True,False,False
experiment_2_B_localized_sf,B_ASP114,38,0.1123047024011612,1.1717299222946167,165.90;-109.68,t/p-90,14.10;19.68,True,2.8463865925134315,OD2--B:HOH14:O,5.187168539458531,"OD2--sym6[0,0,1]/A:LYS133:NZ",0.2581605911254883,OD1--B:HOH54:O:3.46A;OD2--B:HOH50:O:3.04A;OD2--B:HOH14:O:2.85A,26.19579315185547,25.182613372802734,28.920562744140625,1.0131797790527344,True,True,False,False
experiment_2_B_localized_sf,B_ASP114,39,0.1123047024011612,1.1717299222946167,165.90;-109.68,t/p-90,14.10;19.68,True,2.8463865925134315,OD2--B:HOH14:O,5.187168539458531,"OD2--sym6[0,0,1]/A:LYS133:NZ",0.2581605911254883,OD1--B:HOH54:O:3.46A;OD2--B:HOH50:O:3.04A;OD2--B:HOH14:O:2.85A,26.19579315185547,25.182613372802734,28.920562744140625,1.0131797790527344,True,True,False,False
experiment_2_B_localized_sf,B_ASP114,40,0.1123047024011612,1.1717299222946167,165.90;-109.68,t/p-90,14.10;19.68,True,2.8463865925134315,OD2--B:HOH14:O,5.187168539458531,"OD2--sym6[0,0,1]/A:LYS133:NZ",0.2581605911254883,OD1--B:HOH54:O:3.46A;OD2--B:HOH50:O:3.04A;OD2--B:HOH14:O:2.85A,26.19579315185547,25.182613372802734,28.920562744140625,1.0131797790527344,True,True,False,False
experiment_2_B_localized_sf,B_ASP114,41,0.1123047024011612,1.1717299222946167,165.90;-109.68,t/p-90,14.10;19.68,True,2.8463865925134315,OD2--B:HOH14:O,5.187168539458531,"OD2--sym6[0,0,1]/A:LYS133:NZ",0.2581605911254883,OD1--B:HOH54:O:3.46A;OD2--B:HOH50:O:3.04A;OD2--B:HOH14:O:2.85A,26.19579315185547,25.182613372802734,28.920562744140625,1.0131797790527344,True,True,False,False
experiment_2_B_localized_sf,B_ASP114,42,0.1123047024011612,1.1717299222946167,165.90;-109.68,t/p-90,14.10;19.68,True,2.8463865925134315,OD2--B:HOH14:O,5.187168539458531,"OD2--sym6[0,0,1]/A:LYS133:NZ",0.2581605911254883,OD1--B:HOH54:O:3.46A;OD2--B:HOH50:O:3.04A;OD2--B:HOH14:O:2.85A,26.19579315185547,25.182613372802734,28.920562744140625,1.0131797790527344,True,True,False,False
experiment_2_B_localized_sf,B_ASP114,43,0.1123047024011612,1.1717299222946167,165.90;-109.68,t/p-90,14.10;19.68,True,2.8463865925134315,OD2--B:HOH14:O,5.187168539458531,"OD2--sym6[0,0,1]/A:LYS133:NZ",0.2581605911254883,OD1--B:HOH54:O:3.46A;OD2--B:HOH50:O:3.04A;OD2--B:HOH14:O:2.85A,26.19579315185547,25.182613372802734,28.920562744140625,1.0131797790527344,True,True,False,False
experiment_2_B_localized_sf,B_ASP114,44,0.1123047024011612,1.1717299222946167,165.90;-109.68,t/p-90,14.10;19.68,True,2.8463865925134315,OD2--B:HOH14:O,5.187168539458531,"OD2--sym6[0,0,1]/A:LYS133:NZ",0.2581605911254883,OD1--B:HOH54:O:3.46A;OD2--B:HOH50:O:3.04A;OD2--B:HOH14:O:2.85A,26.19579315185547,25.182613372802734,28.920562744140625,1.0131797790527344,True,True,False,False
experiment_2_B_localized_sf,B_ASP114,45,0.1123047024011612,1.1717299222946167,165.90;-109.68,t/p-90,14.10;19.68,True,2.8463865925134315,OD2--B:HOH14:O,5.187168539458531,"OD2--sym6[0,0,1]/A:LYS133:NZ",0.2581605911254883,OD1--B:HOH54:O:3.46A;OD2--B:HOH50:O:3.04A;OD2--B:HOH14:O:2.85A,26.19579315185547,25.182613372802734,28.920562744140625,1.0131797790527344,True,True,False,False
experiment_2_B_localized_sf,B_ASP114,46,0.1123047024011612,1.1717299222946167,165.90;-109.68,t/p-90,14.10;19.68,True,2.8463865925134315,OD2--B:HOH14:O,5.187168539458531,"OD2--sym6[0,0,1]/A:LYS133:NZ",0.2581605911254883,OD1--B:HOH54:O:3.46A;OD2--B:HOH50:O:3.04A;OD2--B:HOH14:O:2.85A,26.19579315185547,25.182613372802734,28.920562744140625,1.0131797790527344,True,True,False,False
experiment_2_B_localized_sf,B_ASP114,47,0.1123047024011612,1.1717299222946167,165.90;-109.68,t/p-90,14.10;19.68,True,2.8463865925134315,OD2--B:HOH14:O,5.187168539458531,"OD2--sym6[0,0,1]/A:LYS133:NZ",0.2581605911254883,OD1--B:HOH54:O:3.46A;OD2--B:HOH50:O:3.04A;OD2--B:HOH14:O:2.85A,26.19579315185547,25.182613372802734,28.920562744140625,1.0131797790527344,True,True,False,False
experiment_2_B_localized_sf,B_ASP114,48,0.1123047024011612,1.1717299222946167,165.90;-109.68,t/p-90,14.10;19.68,True,2.8463865925134315,OD2--B:HOH14:O,5.187168539458531,"OD2--sym6[0,0,1]/A:LYS133:NZ",0.2581605911254883,OD1--B:HOH54:O:3.46A;OD2--B:HOH50:O:3.04A;OD2--B:HOH14:O:2.85A,26.19579315185547,25.182613372802734,28.920562744140625,1.0131797790527344,True,True,False,False
experiment_2_B_localized_sf,B_ASP114,49,0.1123047024011612,1.1717299222946167,165.90;-109.68,t/p-90,14.10;19.68,True,2.8463865925134315,OD2--B:HOH14:O,5.187168539458531,"OD2--sym6[0,0,1]/A:LYS133:NZ",0.2581605911254883,OD1--B:HOH54:O:3.46A;OD2--B:HOH50:O:3.04A;OD2--B:HOH14:O:2.85A,26.19579315185547,25.182613372802734,28.920562744140625,1.0131797790527344,True,True,False,False
experiment_2_C_realspace_local,B_ASP114,0,0.1448831558227539,1.177395224571228,164.23;-104.16,t/p-90,15.77;14.16,True,2.924536009967588,OD2--B:HOH14:O,5.203298571344281,"OD2--sym6[0,0,1]/A:LYS133:NZ",0.25230276584625244,OD2--B:HOH50:O:3.04A;OD2--B:HOH14:O:2.92A,26.66250991821289,25.182613372802734,28.920562744140625,1.4798965454101562,True,True,False,False
experiment_2_C_realspace_local,B_ASP114,1,0.1448831558227539,1.177395224571228,164.23;-104.16,t/p-90,15.77;14.16,True,2.924536009967588,OD2--B:HOH14:O,5.203298571344281,"OD2--sym6[0,0,1]/A:LYS133:NZ",0.25230276584625244,OD2--B:HOH50:O:3.04A;OD2--B:HOH14:O:2.92A,26.66250991821289,25.182613372802734,28.920562744140625,1.4798965454101562,True,True,False,False
experiment_2_C_realspace_local,B_ASP114,2,0.1448831558227539,1.177395224571228,164.23;-104.16,t/p-90,15.77;14.16,True,2.924536009967588,OD2--B:HOH14:O,5.203298571344281,"OD2--sym6[0,0,1]/A:LYS133:NZ",0.25230276584625244,OD2--B:HOH50:O:3.04A;OD2--B:HOH14:O:2.92A,26.66250991821289,25.182613372802734,28.920562744140625,1.4798965454101562,True,True,False,False
experiment_2_C_realspace_local,B_ASP114,3,0.1448831558227539,1.177395224571228,164.23;-104.16,t/p-90,15.77;14.16,True,2.924536009967588,OD2--B:HOH14:O,5.203298571344281,"OD2--sym6[0,0,1]/A:LYS133:NZ",0.25230276584625244,OD2--B:HOH50:O:3.04A;OD2--B:HOH14:O:2.92A,26.66250991821289,25.182613372802734,28.920562744140625,1.4798965454101562,True,True,False,False
experiment_2_C_realspace_local,B_ASP114,4,0.1448831558227539,1.177395224571228,164.23;-104.16,t/p-90,15.77;14.16,True,2.924536009967588,OD2--B:HOH14:O,5.203298571344281,"OD2--sym6[0,0,1]/A:LYS133:NZ",0.25230276584625244,OD2--B:HOH50:O:3.04A;OD2--B:HOH14:O:2.92A,26.66250991821289,25.182613372802734,28.920562744140625,1.4798965454101562,True,True,False,False
experiment_2_C_realspace_local,B_ASP114,5,0.1448831558227539,1.177395224571228,164.23;-104.16,t/p-90,15.77;14.16,True,2.924536009967588,OD2--B:HOH14:O,5.203298571344281,"OD2--sym6[0,0,1]/A:LYS133:NZ",0.25230276584625244,OD2--B:HOH50:O:3.04A;OD2--B:HOH14:O:2.92A,26.66250991821289,25.182613372802734,28.920562744140625,1.4798965454101562,True,True,False,False
experiment_2_C_realspace_local,B_ASP114,6,0.1448831558227539,1.177395224571228,164.23;-104.16,t/p-90,15.77;14.16,True,2.924536009967588,OD2--B:HOH14:O,5.203298571344281,"OD2--sym6[0,0,1]/A:LYS133:NZ",0.25230276584625244,OD2--B:HOH50:O:3.04A;OD2--B:HOH14:O:2.92A,26.66250991821289,25.182613372802734,28.920562744140625,1.4798965454101562,True,True,False,False
experiment_2_C_realspace_local,B_ASP114,7,0.1448831558227539,1.177395224571228,164.23;-104.16,t/p-90,15.77;14.16,True,2.924536009967588,OD2--B:HOH14:O,5.203298571344281,"OD2--sym6[0,0,1]/A:LYS133:NZ",0.25230276584625244,OD2--B:HOH50:O:3.04A;OD2--B:HOH14:O:2.92A,26.66250991821289,25.182613372802734,28.920562744140625,1.4798965454101562,True,True,False,False
experiment_2_C_realspace_local,B_ASP114,8,0.1448831558227539,1.177395224571228,164.23;-104.16,t/p-90,15.77;14.16,True,2.924536009967588,OD2--B:HOH14:O,5.203298571344281,"OD2--sym6[0,0,1]/A:LYS133:NZ",0.25230276584625244,OD2--B:HOH50:O:3.04A;OD2--B:HOH14:O:2.92A,26.66250991821289,25.182613372802734,28.920562744140625,1.4798965454101562,True,True,False,False
experiment_2_C_realspace_local,B_ASP114,9,0.1448831558227539,1.177395224571228,164.23;-104.16,t/p-90,15.77;14.16,True,2.924536009967588,OD2--B:HOH14:O,5.203298571344281,"OD2--sym6[0,0,1]/A:LYS133:NZ",0.25230276584625244,OD2--B:HOH50:O:3.04A;OD2--B:HOH14:O:2.92A,26.66250991821289,25.182613372802734,28.920562744140625,1.4798965454101562,True,True,False,False
experiment_2_C_realspace_local,B_ASP114,10,0.1448831558227539,1.177395224571228,164.23;-104.16,t/p-90,15.77;14.16,True,2.924536009967588,OD2--B:HOH14:O,5.203298571344281,"OD2--sym6[0,0,1]/A:LYS133:NZ",0.25230276584625244,OD2--B:HOH50:O:3.04A;OD2--B:HOH14:O:2.92A,26.66250991821289,25.182613372802734,28.920562744140625,1.4798965454101562,True,True,False,False
experiment_2_C_realspace_local,B_ASP114,11,0.1448831558227539,1.177395224571228,164.23;-104.16,t/p-90,15.77;14.16,True,2.924536009967588,OD2--B:HOH14:O,5.203298571344281,"OD2--sym6[0,0,1]/A:LYS133:NZ",0.25230276584625244,OD2--B:HOH50:O:3.04A;OD2--B:HOH14:O:2.92A,26.66250991821289,25.182613372802734,28.920562744140625,1.4798965454101562,True,True,False,False
experiment_2_C_realspace_local,B_ASP114,12,0.1448831558227539,1.177395224571228,164.23;-104.16,t/p-90,15.77;14.16,True,2.924536009967588,OD2--B:HOH14:O,5.203298571344281,"OD2--sym6[0,0,1]/A:LYS133:NZ",0.25230276584625244,OD2--B:HOH50:O:3.04A;OD2--B:HOH14:O:2.92A,26.66250991821289,25.182613372802734,28.920562744140625,1.4798965454101562,True,True,False,False
experiment_2_C_realspace_local,B_ASP114,13,0.1448831558227539,1.177395224571228,164.23;-104.16,t/p-90,15.77;14.16,True,2.924536009967588,OD2--B:HOH14:O,5.203298571344281,"OD2--sym6[0,0,1]/A:LYS133:NZ",0.25230276584625244,OD2--B:HOH50:O:3.04A;OD2--B:HOH14:O:2.92A,26.66250991821289,25.182613372802734,28.920562744140625,1.4798965454101562,True,True,False,False
experiment_2_C_realspace_local,B_ASP114,14,0.1448831558227539,1.177395224571228,164.23;-104.16,t/p-90,15.77;14.16,True,2.924536009967588,OD2--B:HOH14:O,5.203298571344281,"OD2--sym6[0,0,1]/A:LYS133:NZ",0.25230276584625244,OD2--B:HOH50:O:3.04A;OD2--B:HOH14:O:2.92A,26.66250991821289,25.182613372802734,28.920562744140625,1.4798965454101562,True,True,False,False
experiment_2_C_realspace_local,B_ASP114,15,0.1448831558227539,1.177395224571228,164.23;-104.16,t/p-90,15.77;14.16,True,2.924536009967588,OD2--B:HOH14:O,5.203298571344281,"OD2--sym6[0,0,1]/A:LYS133:NZ",0.25230276584625244,OD2--B:HOH50:O:3.04A;OD2--B:HOH14:O:2.92A,26.66250991821289,25.182613372802734,28.920562744140625,1.4798965454101562,True,True,False,False
experiment_2_C_realspace_local,B_ASP114,16,0.1448831558227539,1.177395224571228,164.23;-104.16,t/p-90,15.77;14.16,True,2.924536009967588,OD2--B:HOH14:O,5.203298571344281,"OD2--sym6[0,0,1]/A:LYS133:NZ",0.25230276584625244,OD2--B:HOH50:O:3.04A;OD2--B:HOH14:O:2.92A,26.66250991821289,25.182613372802734,28.920562744140625,1.4798965454101562,True,True,False,False
experiment_2_C_realspace_local,B_ASP114,17,0.1448831558227539,1.177395224571228,164.23;-104.16,t/p-90,15.77;14.16,True,2.924536009967588,OD2--B:HOH14:O,5.203298571344281,"OD2--sym6[0,0,1]/A:LYS133:NZ",0.25230276584625244,OD2--B:HOH50:O:3.04A;OD2--B:HOH14:O:2.92A,26.66250991821289,25.182613372802734,28.920562744140625,1.4798965454101562,True,True,False,False
experiment_2_C_realspace_local,B_ASP114,18,0.1448831558227539,1.177395224571228,164.23;-104.16,t/p-90,15.77;14.16,True,2.924536009967588,OD2--B:HOH14:O,5.203298571344281,"OD2--sym6[0,0,1]/A:LYS133:NZ",0.25230276584625244,OD2--B:HOH50:O:3.04A;OD2--B:HOH14:O:2.92A,26.66250991821289,25.182613372802734,28.920562744140625,1.4798965454101562,True,True,False,False
experiment_2_C_realspace_local,B_ASP114,19,0.1448831558227539,1.177395224571228,164.23;-104.16,t/p-90,15.77;14.16,True,2.924536009967588,OD2--B:HOH14:O,5.203298571344281,"OD2--sym6[0,0,1]/A:LYS133:NZ",0.25230276584625244,OD2--B:HOH50:O:3.04A;OD2--B:HOH14:O:2.92A,26.66250991821289,25.182613372802734,28.920562744140625,1.4798965454101562,True,True,False,False
experiment_2_C_realspace_local,B_ASP114,20,0.1448831558227539,1.177395224571228,164.23;-104.16,t/p-90,15.77;14.16,True,2.924536009967588,OD2--B:HOH14:O,5.203298571344281,"OD2--sym6[0,0,1]/A:LYS133:NZ",0.25230276584625244,OD2--B:HOH50:O:3.04A;OD2--B:HOH14:O:2.92A,26.66250991821289,25.182613372802734,28.920562744140625,1.4798965454101562,True,True,False,False
experiment_2_C_realspace_local,B_ASP114,21,0.1448831558227539,1.177395224571228,164.23;-104.16,t/p-90,15.77;14.16,True,2.924536009967588,OD2--B:HOH14:O,5.203298571344281,"OD2--sym6[0,0,1]/A:LYS133:NZ",0.25230276584625244,OD2--B:HOH50:O:3.04A;OD2--B:HOH14:O:2.92A,26.66250991821289,25.182613372802734,28.920562744140625,1.4798965454101562,True,True,False,False
experiment_2_C_realspace_local,B_ASP114,22,0.1448831558227539,1.177395224571228,164.23;-104.16,t/p-90,15.77;14.16,True,2.924536009967588,OD2--B:HOH14:O,5.203298571344281,"OD2--sym6[0,0,1]/A:LYS133:NZ",0.25230276584625244,OD2--B:HOH50:O:3.04A;OD2--B:HOH14:O:2.92A,26.66250991821289,25.182613372802734,28.920562744140625,1.4798965454101562,True,True,False,False
experiment_2_C_realspace_local,B_ASP114,23,0.1448831558227539,1.177395224571228,164.23;-104.16,t/p-90,15.77;14.16,True,2.924536009967588,OD2--B:HOH14:O,5.203298571344281,"OD2--sym6[0,0,1]/A:LYS133:NZ",0.25230276584625244,OD2--B:HOH50:O:3.04A;OD2--B:HOH14:O:2.92A,26.66250991821289,25.182613372802734,28.920562744140625,1.4798965454101562,True,True,False,False
experiment_2_C_realspace_local,B_ASP114,24,0.1448831558227539,1.177395224571228,164.23;-104.16,t/p-90,15.77;14.16,True,2.924536009967588,OD2--B:HOH14:O,5.203298571344281,"OD2--sym6[0,0,1]/A:LYS133:NZ",0.25230276584625244,OD2--B:HOH50:O:3.04A;OD2--B:HOH14:O:2.92A,26.66250991821289,25.182613372802734,28.920562744140625,1.4798965454101562,True,True,False,False
experiment_2_C_realspace_local,B_ASP114,25,0.1448831558227539,1.177395224571228,164.23;-104.16,t/p-90,15.77;14.16,True,2.924536009967588,OD2--B:HOH14:O,5.203298571344281,"OD2--sym6[0,0,1]/A:LYS133:NZ",0.25230276584625244,OD2--B:HOH50:O:3.04A;OD2--B:HOH14:O:2.92A,26.66250991821289,25.182613372802734,28.920562744140625,1.4798965454101562,True,True,False,False
experiment_2_C_realspace_local,B_ASP114,26,0.1448831558227539,1.177395224571228,164.23;-104.16,t/p-90,15.77;14.16,True,2.924536009967588,OD2--B:HOH14:O,5.203298571344281,"OD2--sym6[0,0,1]/A:LYS133:NZ",0.25230276584625244,OD2--B:HOH50:O:3.04A;OD2--B:HOH14:O:2.92A,26.66250991821289,25.182613372802734,28.920562744140625,1.4798965454101562,True,True,False,False
experiment_2_C_realspace_local,B_ASP114,27,0.1448831558227539,1.177395224571228,164.23;-104.16,t/p-90,15.77;14.16,True,2.924536009967588,OD2--B:HOH14:O,5.203298571344281,"OD2--sym6[0,0,1]/A:LYS133:NZ",0.25230276584625244,OD2--B:HOH50:O:3.04A;OD2--B:HOH14:O:2.92A,26.66250991821289,25.182613372802734,28.920562744140625,1.4798965454101562,True,True,False,False
experiment_2_C_realspace_local,B_ASP114,28,0.1448831558227539,1.177395224571228,164.23;-104.16,t/p-90,15.77;14.16,True,2.924536009967588,OD2--B:HOH14:O,5.203298571344281,"OD2--sym6[0,0,1]/A:LYS133:NZ",0.25230276584625244,OD2--B:HOH50:O:3.04A;OD2--B:HOH14:O:2.92A,26.66250991821289,25.182613372802734,28.920562744140625,1.4798965454101562,True,True,False,False
experiment_2_C_realspace_local,B_ASP114,29,0.1448831558227539,1.177395224571228,164.23;-104.16,t/p-90,15.77;14.16,True,2.924536009967588,OD2--B:HOH14:O,5.203298571344281,"OD2--sym6[0,0,1]/A:LYS133:NZ",0.25230276584625244,OD2--B:HOH50:O:3.04A;OD2--B:HOH14:O:2.92A,26.66250991821289,25.182613372802734,28.920562744140625,1.4798965454101562,True,True,False,False
experiment_2_C_realspace_local,B_ASP114,30,0.1448831558227539,1.177395224571228,164.23;-104.16,t/p-90,15.77;14.16,True,2.924536009967588,OD2--B:HOH14:O,5.203298571344281,"OD2--sym6[0,0,1]/A:LYS133:NZ",0.25230276584625244,OD2--B:HOH50:O:3.04A;OD2--B:HOH14:O:2.92A,26.66250991821289,25.182613372802734,28.920562744140625,1.4798965454101562,True,True,False,False
experiment_2_C_realspace_local,B_ASP114,31,0.1448831558227539,1.177395224571228,164.23;-104.16,t/p-90,15.77;14.16,True,2.924536009967588,OD2--B:HOH14:O,5.203298571344281,"OD2--sym6[0,0,1]/A:LYS133:NZ",0.25230276584625244,OD2--B:HOH50:O:3.04A;OD2--B:HOH14:O:2.92A,26.66250991821289,25.182613372802734,28.920562744140625,1.4798965454101562,True,True,False,False
experiment_2_C_realspace_local,B_ASP114,32,0.1448831558227539,1.177395224571228,164.23;-104.16,t/p-90,15.77;14.16,True,2.924536009967588,OD2--B:HOH14:O,5.203298571344281,"OD2--sym6[0,0,1]/A:LYS133:NZ",0.25230276584625244,OD2--B:HOH50:O:3.04A;OD2--B:HOH14:O:2.92A,26.66250991821289,25.182613372802734,28.920562744140625,1.4798965454101562,True,True,False,False
experiment_2_C_realspace_local,B_ASP114,33,0.1448831558227539,1.177395224571228,164.23;-104.16,t/p-90,15.77;14.16,True,2.924536009967588,OD2--B:HOH14:O,5.203298571344281,"OD2--sym6[0,0,1]/A:LYS133:NZ",0.25230276584625244,OD2--B:HOH50:O:3.04A;OD2--B:HOH14:O:2.92A,26.66250991821289,25.182613372802734,28.920562744140625,1.4798965454101562,True,True,False,False
experiment_2_C_realspace_local,B_ASP114,34,0.1448831558227539,1.177395224571228,164.23;-104.16,t/p-90,15.77;14.16,True,2.924536009967588,OD2--B:HOH14:O,5.203298571344281,"OD2--sym6[0,0,1]/A:LYS133:NZ",0.25230276584625244,OD2--B:HOH50:O:3.04A;OD2--B:HOH14:O:2.92A,26.66250991821289,25.182613372802734,28.920562744140625,1.4798965454101562,True,True,False,False
experiment_2_C_realspace_local,B_ASP114,35,0.1448831558227539,1.177395224571228,164.23;-104.16,t/p-90,15.77;14.16,True,2.924536009967588,OD2--B:HOH14:O,5.203298571344281,"OD2--sym6[0,0,1]/A:LYS133:NZ",0.25230276584625244,OD2--B:HOH50:O:3.04A;OD2--B:HOH14:O:2.92A,26.66250991821289,25.182613372802734,28.920562744140625,1.4798965454101562,True,True,False,False
experiment_2_C_realspace_local,B_ASP114,36,0.1448831558227539,1.177395224571228,164.23;-104.16,t/p-90,15.77;14.16,True,2.924536009967588,OD2--B:HOH14:O,5.203298571344281,"OD2--sym6[0,0,1]/A:LYS133:NZ",0.25230276584625244,OD2--B:HOH50:O:3.04A;OD2--B:HOH14:O:2.92A,26.66250991821289,25.182613372802734,28.920562744140625,1.4798965454101562,True,True,False,False
experiment_2_C_realspace_local,B_ASP114,37,0.1448831558227539,1.177395224571228,164.23;-104.16,t/p-90,15.77;14.16,True,2.924536009967588,OD2--B:HOH14:O,5.203298571344281,"OD2--sym6[0,0,1]/A:LYS133:NZ",0.25230276584625244,OD2--B:HOH50:O:3.04A;OD2--B:HOH14:O:2.92A,26.66250991821289,25.182613372802734,28.920562744140625,1.4798965454101562,True,True,False,False
experiment_2_C_realspace_local,B_ASP114,38,0.1448831558227539,1.177395224571228,164.23;-104.16,t/p-90,15.77;14.16,True,2.924536009967588,OD2--B:HOH14:O,5.203298571344281,"OD2--sym6[0,0,1]/A:LYS133:NZ",0.25230276584625244,OD2--B:HOH50:O:3.04A;OD2--B:HOH14:O:2.92A,26.66250991821289,25.182613372802734,28.920562744140625,1.4798965454101562,True,True,False,False
experiment_2_C_realspace_local,B_ASP114,39,0.1448831558227539,1.177395224571228,164.23;-104.16,t/p-90,15.77;14.16,True,2.924536009967588,OD2--B:HOH14:O,5.203298571344281,"OD2--sym6[0,0,1]/A:LYS133:NZ",0.25230276584625244,OD2--B:HOH50:O:3.04A;OD2--B:HOH14:O:2.92A,26.66250991821289,25.182613372802734,28.920562744140625,1.4798965454101562,True,True,False,False
experiment_2_C_realspace_local,B_ASP114,40,0.1448831558227539,1.177395224571228,164.23;-104.16,t/p-90,15.77;14.16,True,2.924536009967588,OD2--B:HOH14:O,5.203298571344281,"OD2--sym6[0,0,1]/A:LYS133:NZ",0.25230276584625244,OD2--B:HOH50:O:3.04A;OD2--B:HOH14:O:2.92A,26.66250991821289,25.182613372802734,28.920562744140625,1.4798965454101562,True,True,False,False
experiment_2_C_realspace_local,B_ASP114,41,0.1448831558227539,1.177395224571228,164.23;-104.16,t/p-90,15.77;14.16,True,2.924536009967588,OD2--B:HOH14:O,5.203298571344281,"OD2--sym6[0,0,1]/A:LYS133:NZ",0.25230276584625244,OD2--B:HOH50:O:3.04A;OD2--B:HOH14:O:2.92A,26.66250991821289,25.182613372802734,28.920562744140625,1.4798965454101562,True,True,False,False
experiment_2_C_realspace_local,B_ASP114,42,0.1448831558227539,1.177395224571228,164.23;-104.16,t/p-90,15.77;14.16,True,2.924536009967588,OD2--B:HOH14:O,5.203298571344281,"OD2--sym6[0,0,1]/A:LYS133:NZ",0.25230276584625244,OD2--B:HOH50:O:3.04A;OD2--B:HOH14:O:2.92A,26.66250991821289,25.182613372802734,28.920562744140625,1.4798965454101562,True,True,False,False
experiment_2_C_realspace_local,B_ASP114,43,0.1448831558227539,1.177395224571228,164.23;-104.16,t/p-90,15.77;14.16,True,2.924536009967588,OD2--B:HOH14:O,5.203298571344281,"OD2--sym6[0,0,1]/A:LYS133:NZ",0.25230276584625244,OD2--B:HOH50:O:3.04A;OD2--B:HOH14:O:2.92A,26.66250991821289,25.182613372802734,28.920562744140625,1.4798965454101562,True,True,False,False
experiment_2_C_realspace_local,B_ASP114,44,0.1448831558227539,1.177395224571228,164.23;-104.16,t/p-90,15.77;14.16,True,2.924536009967588,OD2--B:HOH14:O,5.203298571344281,"OD2--sym6[0,0,1]/A:LYS133:NZ",0.25230276584625244,OD2--B:HOH50:O:3.04A;OD2--B:HOH14:O:2.92A,26.66250991821289,25.182613372802734,28.920562744140625,1.4798965454101562,True,True,False,False
experiment_2_C_realspace_local,B_ASP114,45,0.1448831558227539,1.177395224571228,164.23;-104.16,t/p-90,15.77;14.16,True,2.924536009967588,OD2--B:HOH14:O,5.203298571344281,"OD2--sym6[0,0,1]/A:LYS133:NZ",0.25230276584625244,OD2--B:HOH50:O:3.04A;OD2--B:HOH14:O:2.92A,26.66250991821289,25.182613372802734,28.920562744140625,1.4798965454101562,True,True,False,False
experiment_2_C_realspace_local,B_ASP114,46,0.1448831558227539,1.177395224571228,164.23;-104.16,t/p-90,15.77;14.16,True,2.924536009967588,OD2--B:HOH14:O,5.203298571344281,"OD2--sym6[0,0,1]/A:LYS133:NZ",0.25230276584625244,OD2--B:HOH50:O:3.04A;OD2--B:HOH14:O:2.92A,26.66250991821289,25.182613372802734,28.920562744140625,1.4798965454101562,True,True,False,False
experiment_2_C_realspace_local,B_ASP114,47,0.1448831558227539,1.177395224571228,164.23;-104.16,t/p-90,15.77;14.16,True,2.924536009967588,OD2--B:HOH14:O,5.203298571344281,"OD2--sym6[0,0,1]/A:LYS133:NZ",0.25230276584625244,OD2--B:HOH50:O:3.04A;OD2--B:HOH14:O:2.92A,26.66250991821289,25.182613372802734,28.920562744140625,1.4798965454101562,True,True,False,False
experiment_2_C_realspace_local,B_ASP114,48,0.1448831558227539,1.177395224571228,164.23;-104.16,t/p-90,15.77;14.16,True,2.924536009967588,OD2--B:HOH14:O,5.203298571344281,"OD2--sym6[0,0,1]/A:LYS133:NZ",0.25230276584625244,OD2--B:HOH50:O:3.04A;OD2--B:HOH14:O:2.92A,26.66250991821289,25.182613372802734,28.920562744140625,1.4798965454101562,True,True,False,False
experiment_2_C_realspace_local,B_ASP114,49,0.1448831558227539,1.177395224571228,164.23;-104.16,t/p-90,15.77;14.16,True,2.924536009967588,OD2--B:HOH14:O,5.203298571344281,"OD2--sym6[0,0,1]/A:LYS133:NZ",0.25230276584625244,OD2--B:HOH50:O:3.04A;OD2--B:HOH14:O:2.92A,26.66250991821289,25.182613372802734,28.920562744140625,1.4798965454101562,True,True,False,False
experiment_1_complex_target,B_ARG129,0,1.3856498003005981,0.8243473768234253,-84.80;-121.20;-16.32;170.45,g-/t/g-/p180,24.80;58.80;43.68;9.55,False,2.918131381231272,NH2--B:LYS133:NZ,2.030205227684896,"NH2--sym1[1,1,0]/A:TYR131:CZ",0.2682792544364929,NH2--B:LYS133:NZ:2.92A,45.65160369873047,25.18259048461914,26.839664459228516,20.469013214111328,True,False,False,False
experiment_1_complex_target,B_ARG129,1,1.3856500387191772,0.8243473768234253,-84.80;-121.20;-16.32;170.45,g-/t/g-/p180,24.80;58.80;43.68;9.55,False,2.9181323216217665,NH2--B:LYS133:NZ,2.030207938796647,"NH2--sym1[1,1,0]/A:TYR131:CZ",0.2682796120643616,NH2--B:LYS133:NZ:2.92A,45.65160369873047,25.18259048461914,26.839664459228516,20.469013214111328,True,False,False,False
experiment_1_complex_target,B_ARG129,2,1.38564932346344,0.8243498206138611,-84.80;-121.20;-16.32;170.45,g-/t/g-/p180,24.80;58.80;43.68;9.55,False,2.918114905139324,NH2--B:LYS133:NZ,2.030188614333865,"NH2--sym1[1,1,0]/A:TYR131:CZ",0.2682822346687317,NH2--B:LYS133:NZ:2.92A,45.65160369873047,25.18259048461914,26.839664459228516,20.469013214111328,True,False,False,False
experiment_1_complex_target,B_ARG129,3,1.38564932346344,0.8243496417999268,-84.80;-121.20;-16.32;170.45,g-/t/g-/p180,24.80;58.80;43.68;9.55,False,2.9181158154629885,NH2--B:LYS133:NZ,2.030189179658944,"NH2--sym1[1,1,0]/A:TYR131:CZ",0.2682846486568451,NH2--B:LYS133:NZ:2.92A,45.65160369873047,25.18259048461914,26.839664459228516,20.469013214111328,True,False,False,False
experiment_1_complex_target,B_ARG129,4,1.3856436014175415,0.8243488669395447,-84.80;-121.20;-16.32;170.45,g-/t/g-/p180,24.80;58.80;43.68;9.55,False,2.9181352034172665,NH2--B:LYS133:NZ,2.030188967682638,"NH2--sym1[1,1,0]/A:TYR131:CZ",0.26828330755233765,NH2--B:LYS133:NZ:2.92A,45.65160369873047,25.18259048461914,26.839664459228516,20.469013214111328,True,False,False,False
experiment_1_complex_target,B_ARG129,5,1.38564932346344,0.824349582195282,-84.80;-121.20;-16.32;170.45,g-/t/g-/p180,24.80;58.80;43.68;9.55,False,2.9181158154629885,NH2--B:LYS133:NZ,2.030189179658944,"NH2--sym1[1,1,0]/A:TYR131:CZ",0.2682840824127197,NH2--B:LYS133:NZ:2.92A,45.65160369873047,25.18259048461914,26.839664459228516,20.469013214111328,True,False,False,False
experiment_1_complex_target,B_ARG129,6,1.3856499195098877,0.8243473172187805,-84.80;-121.20;-16.32;170.45,g-/t/g-/p180,24.80;58.80;43.68;9.55,False,2.918133231953711,NH2--B:LYS133:NZ,2.0302085041360565,"NH2--sym1[1,1,0]/A:TYR131:CZ",0.26827988028526306,NH2--B:LYS133:NZ:2.92A,45.65160369873047,25.18259048461914,26.839664459228516,20.469013214111328,True,False,False,False
experiment_1_complex_target,B_ARG129,7,1.3856498003005981,0.8243473768234253,-84.80;-121.20;-16.32;170.45,g-/t/g-/p180,24.80;58.80;43.68;9.55,False,2.918131381231272,NH2--B:LYS133:NZ,2.030205227684896,"NH2--sym1[1,1,0]/A:TYR131:CZ",0.26827922463417053,NH2--B:LYS133:NZ:2.92A,45.65160369873047,25.18259048461914,26.839664459228516,20.469013214111328,True,False,False,False
experiment_1_complex_target,B_ARG129,8,1.38564932346344,0.8243496417999268,-84.80;-121.20;-16.32;170.45,g-/t/g-/p180,24.80;58.80;43.68;9.55,False,2.9181158154629885,NH2--B:LYS133:NZ,2.030189179658944,"NH2--sym1[1,1,0]/A:TYR131:CZ",0.2682846486568451,NH2--B:LYS133:NZ:2.92A,45.65160369873047,25.18259048461914,26.839664459228516,20.469013214111328,True,False,False,False
experiment_1_complex_target,B_ARG129,9,1.3856492042541504,0.8243498802185059,-84.80;-121.20;-16.32;170.45,g-/t/g-/p-180,24.80;58.80;43.68;9.55,False,2.918114905139324,NH2--B:LYS133:NZ,2.030188614333865,"NH2--sym1[1,1,0]/A:TYR131:CZ",0.26828286051750183,NH2--B:LYS133:NZ:2.92A,45.65160369873047,25.18259048461914,26.839664459228516,20.469013214111328,True,False,False,False
experiment_1_complex_target,B_ARG129,10,1.3856498003005981,0.8243498206138611,-84.80;-121.20;-16.32;170.45,g-/t/g-/p180,24.80;58.80;43.68;9.55,False,2.918116740821187,NH2--B:LYS133:NZ,2.0301908178864876,"NH2--sym1[1,1,0]/A:TYR131:CZ",0.26828375458717346,NH2--B:LYS133:NZ:2.92A,45.65160369873047,25.18259048461914,26.839664459228516,20.469013214111328,True,False,False,False
experiment_1_complex_target,B_ARG129,11,1.38564932346344,0.824349582195282,-84.80;-121.20;-16.32;170.45,g-/t/g-/p180,24.80;58.80;43.68;9.55,False,2.9181158154629885,NH2--B:LYS133:NZ,2.030189179658944,"NH2--sym1[1,1,0]/A:TYR131:CZ",0.2682840824127197,NH2--B:LYS133:NZ:2.92A,45.65160369873047,25.18259048461914,26.839664459228516,20.469013214111328,True,False,False,False
experiment_1_complex_target,B_ARG129,12,1.3856498003005981,0.8243494629859924,-84.80;-121.20;-16.32;170.45,g-/t/g-/p-180,24.80;58.80;43.68;9.55,False,2.9181176511455256,NH2--B:LYS133:NZ,2.0301913832127454,"NH2--sym1[1,1,0]/A:TYR131:CZ",0.26828497648239136,NH2--B:LYS133:NZ:2.92A,45.65160369873047,25.18259048461914,26.839664459228516,20.469013214111328,True,False,False,False
experiment_1_complex_target,B_ARG129,13,1.3856492042541504,0.8243498802185059,-84.80;-121.20;-16.32;170.45,g-/t/g-/p-180,24.80;58.80;43.68;9.55,False,2.918114905139324,NH2--B:LYS133:NZ,2.030188614333865,"NH2--sym1[1,1,0]/A:TYR131:CZ",0.26828286051750183,NH2--B:LYS133:NZ:2.92A,45.65160369873047,25.18259048461914,26.839664459228516,20.469013214111328,True,False,False,False
experiment_1_complex_target,B_ARG129,14,1.38564932346344,0.8243496417999268,-84.80;-121.20;-16.32;170.45,g-/t/g-/p180,24.80;58.80;43.68;9.55,False,2.918116740821187,NH2--B:LYS133:NZ,2.0301908178864876,"NH2--sym1[1,1,0]/A:TYR131:CZ",0.26828375458717346,NH2--B:LYS133:NZ:2.92A,45.65160369873047,25.18259048461914,26.839664459228516,20.469013214111328,True,False,False,False
experiment_1_complex_target,B_ARG129,15,1.3856472969055176,0.8243502974510193,-84.80;-121.20;-16.32;170.45,g-/t/g-/p-180,24.80;58.80;43.68;9.55,False,2.918114875074655,NH2--B:LYS133:NZ,2.030186468532894,"NH2--sym1[1,1,0]/A:TYR131:CZ",0.26828625798225403,NH2--B:LYS133:NZ:2.92A,45.65160369873047,25.18259048461914,26.839664459228516,20.469013214111328,True,False,False,False
experiment_1_complex_target,B_ARG129,16,1.3856465816497803,0.8243466019630432,-84.80;-121.20;-16.32;170.45,g-/t/g-/p180,24.80;58.80;43.68;9.55,False,2.9181323065920153,NH2--B:LYS133:NZ,2.030206865910241,"NH2--sym1[1,1,0]/A:TYR131:CZ",0.2682790160179138,NH2--B:LYS133:NZ:2.92A,45.65160369873047,25.18259048461914,26.839664459228516,20.469013214111328,True,False,False,False
experiment_1_complex_target,B_ARG129,17,1.3856291770935059,0.8243555426597595,-84.80;-121.20;-16.32;170.45,g-/t/g-/p-180,24.80;58.80;43.68;9.55,False,2.9181362807773032,NH2--B:LYS133:NZ,2.030138542861846,"NH2--sym1[1,1,0]/A:TYR131:CZ",0.26829656958580017,NH2--B:LYS133:NZ:2.92A,45.661258697509766,25.18259048461914,26.839664459228516,20.478668212890625,True,False,False,False
experiment_1_complex_target,B_ARG129,18,1.38564932346344,0.8243494629859924,-84.80;-121.20;-16.32;170.45,g-/t/g-/p180,24.80;58.80;43.68;9.55,False,2.9181158154629885,NH2--B:LYS133:NZ,2.030189179658944,"NH2--sym1[1,1,0]/A:TYR131:CZ",0.2682840824127197,NH2--B:LYS133:NZ:2.92A,45.65160369873047,25.18259048461914,26.839664459228516,20.469013214111328,True,False,False,False
experiment_1_complex_target,B_ARG129,19,1.3856481313705444,0.8243480920791626,-84.80;-121.20;-16.32;170.45,g-/t/g-/p180,24.80;58.80;43.68;9.55,False,2.9181304708987503,NH2--B:LYS133:NZ,2.030204662344574,"NH2--sym1[1,1,0]/A:TYR131:CZ",0.26827773451805115,NH2--B:LYS133:NZ:2.92A,45.65160369873047,25.18259048461914,26.839664459228516,20.469013214111328,True,False,False,False
experiment_1_complex_target,B_ARG129,20,1.3856494426727295,0.8243497610092163,-84.80;-121.20;-16.32;170.45,g-/t/g-/p180,24.80;58.80;43.68;9.55,False,2.918114905139324,NH2--B:LYS133:NZ,2.030188614333865,"NH2--sym1[1,1,0]/A:TYR131:CZ",0.26828405261039734,NH2--B:LYS133:NZ:2.92A,45.65160369873047,25.18259048461914,26.839664459228516,20.469013214111328,True,False,False,False
experiment_1_complex_target,B_ARG129,21,1.3856500387191772,0.8243473768234253,-84.80;-121.20;-16.32;170.45,g-/t/g-/p180,24.80;58.80;43.68;9.55,False,2.9181323216217665,NH2--B:LYS133:NZ,2.030207938796647,"NH2--sym1[1,1,0]/A:TYR131:CZ",0.2682796120643616,NH2--B:LYS133:NZ:2.92A,45.65160369873047,25.18259048461914,26.839664459228516,20.469013214111328,True,False,False,False
experiment_1_complex_target,B_ARG129,22,1.3856500387191772,0.8243473768234253,-84.80;-121.20;-16.32;170.45,g-/t/g-/p180,24.80;58.80;43.68;9.55,False,2.9181323216217665,NH2--B:LYS133:NZ,2.030207938796647,"NH2--sym1[1,1,0]/A:TYR131:CZ",0.2682796120643616,NH2--B:LYS133:NZ:2.92A,45.65160369873047,25.18259048461914,26.839664459228516,20.469013214111328,True,False,False,False
experiment_1_complex_target,B_ARG129,23,1.38564932346344,0.8243496417999268,-84.80;-121.20;-16.32;170.45,g-/t/g-/p180,24.80;58.80;43.68;9.55,False,2.918114905139324,NH2--B:LYS133:NZ,2.030188614333865,"NH2--sym1[1,1,0]/A:TYR131:CZ",0.26828405261039734,NH2--B:LYS133:NZ:2.92A,45.65160369873047,25.18259048461914,26.839664459228516,20.469013214111328,True,False,False,False
experiment_1_complex_target,B_ARG129,24,1.3856494426727295,0.8243497610092163,-84.80;-121.20;-16.32;170.45,g-/t/g-/p180,24.80;58.80;43.68;9.55,False,2.918114905139324,NH2--B:LYS133:NZ,2.030188614333865,"NH2--sym1[1,1,0]/A:TYR131:CZ",0.26828405261039734,NH2--B:LYS133:NZ:2.92A,45.65160369873047,25.18259048461914,26.839664459228516,20.469013214111328,True,False,False,False
experiment_1_complex_target,B_ARG129,25,1.3856494426727295,0.8243497610092163,-84.80;-121.20;-16.32;170.45,g-/t/g-/p180,24.80;58.80;43.68;9.55,False,2.918114905139324,NH2--B:LYS133:NZ,2.030188614333865,"NH2--sym1[1,1,0]/A:TYR131:CZ",0.26828405261039734,NH2--B:LYS133:NZ:2.92A,45.65160369873047,25.18259048461914,26.839664459228516,20.469013214111328,True,False,False,False
experiment_1_complex_target,B_ARG129,26,1.385649561882019,0.824349582195282,-84.80;-121.20;-16.32;170.45,g-/t/g-/p180,24.80;58.80;43.68;9.55,False,2.918116740821187,NH2--B:LYS133:NZ,2.0301908178864876,"NH2--sym1[1,1,0]/A:TYR131:CZ",0.2682833969593048,NH2--B:LYS133:NZ:2.92A,45.65160369873047,25.18259048461914,26.839664459228516,20.469013214111328,True,False,False,False
experiment_1_complex_target,B_ARG129,27,1.38564932346344,0.8243494629859924,-84.80;-121.20;-16.32;170.45,g-/t/g-/p180,24.80;58.80;43.68;9.55,False,2.918114905139324,NH2--B:LYS133:NZ,2.030188614333865,"NH2--sym1[1,1,0]/A:TYR131:CZ",0.26828405261039734,NH2--B:LYS133:NZ:2.92A,45.65160369873047,25.18259048461914,26.839664459228516,20.469013214111328,True,False,False,False
experiment_1_complex_target,B_ARG129,28,1.3856494426727295,0.8243497610092163,-84.80;-121.20;-16.32;170.45,g-/t/g-/p180,24.80;58.80;43.68;9.55,False,2.918114905139324,NH2--B:LYS133:NZ,2.030188614333865,"NH2--sym1[1,1,0]/A:TYR131:CZ",0.26828405261039734,NH2--B:LYS133:NZ:2.92A,45.65160369873047,25.18259048461914,26.839664459228516,20.469013214111328,True,False,False,False
experiment_1_complex_target,B_ARG129,29,1.3856500387191772,0.8243473768234253,-84.80;-121.20;-16.32;170.45,g-/t/g-/p180,24.80;58.80;43.68;9.55,False,2.9181323216217665,NH2--B:LYS133:NZ,2.030207938796647,"NH2--sym1[1,1,0]/A:TYR131:CZ",0.2682796120643616,NH2--B:LYS133:NZ:2.92A,45.65160369873047,25.18259048461914,26.839664459228516,20.469013214111328,True,False,False,False
experiment_1_complex_target,B_ARG129,30,1.3856499195098877,0.8243473172187805,-84.80;-121.20;-16.32;170.45,g-/t/g-/p180,24.80;58.80;43.68;9.55,False,2.918133231953711,NH2--B:LYS133:NZ,2.0302085041360565,"NH2--sym1[1,1,0]/A:TYR131:CZ",0.26827988028526306,NH2--B:LYS133:NZ:2.92A,45.65160369873047,25.18259048461914,26.839664459228516,20.469013214111328,True,False,False,False
experiment_1_complex_target,B_ARG129,31,1.3856500387191772,0.8243473768234253,-84.80;-121.20;-16.32;170.45,g-/t/g-/p-180,24.80;58.80;43.68;9.55,False,2.9181313962597817,NH2--B:LYS133:NZ,2.0302063005703754,"NH2--sym1[1,1,0]/A:TYR131:CZ",0.26827964186668396,NH2--B:LYS133:NZ:2.92A,45.65160369873047,25.18259048461914,26.839664459228516,20.469013214111328,True,False,False,False
experiment_1_complex_target,B_ARG129,32,1.3856500387191772,0.8243472576141357,-84.80;-121.20;-16.32;170.45,g-/t/g-/p180,24.80;58.80;43.68;9.55,False,2.9181332469847043,NH2--B:LYS133:NZ,2.030209577023389,"NH2--sym1[1,1,0]/A:TYR131:CZ",0.26827898621559143,NH2--B:LYS133:NZ:2.92A,45.65160369873047,25.18259048461914,26.839664459228516,20.469013214111328,True,False,False,False
experiment_1_complex_target,B_ARG129,33,1.38564932346344,0.8243494629859924,-84.80;-121.20;-16.32;170.45,g-/t/g-/p180,24.80;58.80;43.68;9.55,False,2.918114905139324,NH2--B:LYS133:NZ,2.030188614333865,"NH2--sym1[1,1,0]/A:TYR131:CZ",0.26828405261039734,NH2--B:LYS133:NZ:2.92A,45.65160369873047,25.18259048461914,26.839664459228516,20.469013214111328,True,False,False,False
experiment_1_complex_target,B_ARG129,34,1.38564932346344,0.8243496417999268,-84.80;-121.20;-16.32;170.45,g-/t/g-/p180,24.80;58.80;43.68;9.55,False,2.918114905139324,NH2--B:LYS133:NZ,2.030188614333865,"NH2--sym1[1,1,0]/A:TYR131:CZ",0.26828405261039734,NH2--B:LYS133:NZ:2.92A,45.65160369873047,25.18259048461914,26.839664459228516,20.469013214111328,True,False,False,False
experiment_1_complex_target,B_ARG129,35,1.3856499195098877,0.8243471384048462,-84.80;-121.20;-16.32;170.45,g-/t/g-/p-180,24.80;58.80;43.68;9.55,False,2.9181313962597817,NH2--B:LYS133:NZ,2.0302063005703754,"NH2--sym1[1,1,0]/A:TYR131:CZ",0.26827964186668396,NH2--B:LYS133:NZ:2.92A,45.65160369873047,25.18259048461914,26.839664459228516,20.469013214111328,True,False,False,False
experiment_1_complex_target,B_ARG129,36,1.3856500387191772,0.8243473768234253,-84.80;-121.20;-16.32;170.45,g-/t/g-/p180,24.80;58.80;43.68;9.55,False,2.9181323216217665,NH2--B:LYS133:NZ,2.030207938796647,"NH2--sym1[1,1,0]/A:TYR131:CZ",0.2682796120643616,NH2--B:LYS133:NZ:2.92A,45.65160369873047,25.18259048461914,26.839664459228516,20.469013214111328,True,False,False,False
experiment_1_complex_target,B_ARG129,37,1.3856492042541504,0.8243496417999268,-84.80;-121.20;-16.32;170.45,g-/t/g-/p180,24.80;58.80;43.68;9.55,False,2.9181158004306584,NH2--B:LYS133:NZ,2.030188106759041,"NH2--sym1[1,1,0]/A:TYR131:CZ",0.268284410238266,NH2--B:LYS133:NZ:2.92A,45.65160369873047,25.18259048461914,26.839664459228516,20.469013214111328,True,False,False,False
experiment_1_complex_target,B_ARG129,38,1.3856500387191772,0.8243473768234253,-84.80;-121.20;-16.32;170.45,g-/t/g-/p180,24.80;58.80;43.68;9.55,False,2.9181323216217665,NH2--B:LYS133:NZ,2.030207938796647,"NH2--sym1[1,1,0]/A:TYR131:CZ",0.2682796120643616,NH2--B:LYS133:NZ:2.92A,45.65160369873047,25.18259048461914,26.839664459228516,20.469013214111328,True,False,False,False
experiment_1_complex_target,B_ARG129,39,1.3856494426727295,0.8243497610092163,-84.80;-121.20;-16.32;170.45,g-/t/g-/p180,24.80;58.80;43.68;9.55,False,2.918114905139324,NH2--B:LYS133:NZ,2.030188614333865,"NH2--sym1[1,1,0]/A:TYR131:CZ",0.26828405261039734,NH2--B:LYS133:NZ:2.92A,45.65160369873047,25.18259048461914,26.839664459228516,20.469013214111328,True,False,False,False
experiment_1_complex_target,B_ARG129,40,1.38564932346344,0.8243498802185059,-84.80;-121.20;-16.32;170.45,g-/t/g-/p-180,24.80;58.80;43.68;9.55,False,2.918114905139324,NH2--B:LYS133:NZ,2.030188614333865,"NH2--sym1[1,1,0]/A:TYR131:CZ",0.2682827115058899,NH2--B:LYS133:NZ:2.92A,45.65160369873047,25.18259048461914,26.839664459228516,20.469013214111328,True,False,False,False
experiment_1_complex_target,B_ARG129,41,1.3391176462173462,0.8363843560218811,-84.79;-122.96;-16.33;170.44,g-/t/g-/p180,24.79;57.04;43.67;9.56,False,2.9609373152533562,NH2--B:LYS133:NZ,1.9127670174710607,"NH2--sym1[1,1,0]/A:TYR131:CZ",0.2960811257362366,NH2--B:LYS133:NZ:2.96A,42.69351577758789,25.18259048461914,26.839664459228516,17.51092529296875,False,False,False,False
experiment_1_complex_target,B_ARG129,42,1.385649561882019,0.824349582195282,-84.80;-121.20;-16.32;170.45,g-/t/g-/p180,24.80;58.80;43.68;9.55,False,2.918116740821187,NH2--B:LYS133:NZ,2.0301908178864876,"NH2--sym1[1,1,0]/A:TYR131:CZ",0.26828375458717346,NH2--B:LYS133:NZ:2.92A,45.65160369873047,25.18259048461914,26.839664459228516,20.469013214111328,True,False,False,False
experiment_1_complex_target,B_ARG129,43,1.3856465816497803,0.8243468403816223,-84.80;-121.20;-16.32;170.45,g-/t/g-/p180,24.80;58.80;43.68;9.55,False,2.9181323065920153,NH2--B:LYS133:NZ,2.030206865910241,"NH2--sym1[1,1,0]/A:TYR131:CZ",0.2682790160179138,NH2--B:LYS133:NZ:2.92A,45.65160369873047,25.18259048461914,26.839664459228516,20.469013214111328,True,False,False,False
experiment_1_complex_target,B_ARG129,44,1.3856500387191772,0.8243473768234253,-84.80;-121.20;-16.32;170.45,g-/t/g-/p-180,24.80;58.80;43.68;9.55,False,2.9181313962597817,NH2--B:LYS133:NZ,2.0302063005703754,"NH2--sym1[1,1,0]/A:TYR131:CZ",0.26827964186668396,NH2--B:LYS133:NZ:2.92A,45.65160369873047,25.18259048461914,26.839664459228516,20.469013214111328,True,False,False,False
experiment_1_complex_target,B_ARG129,45,1.3856500387191772,0.8243473768234253,-84.80;-121.20;-16.32;170.45,g-/t/g-/p180,24.80;58.80;43.68;9.55,False,2.9181323216217665,NH2--B:LYS133:NZ,2.030207938796647,"NH2--sym1[1,1,0]/A:TYR131:CZ",0.2682796120643616,NH2--B:LYS133:NZ:2.92A,45.65160369873047,25.18259048461914,26.839664459228516,20.469013214111328,True,False,False,False
experiment_1_complex_target,B_ARG129,46,1.3856499195098877,0.8243471384048462,-84.80;-121.20;-16.32;170.45,g-/t/g-/p-180,24.80;58.80;43.68;9.55,False,2.9181313962597817,NH2--B:LYS133:NZ,2.0302063005703754,"NH2--sym1[1,1,0]/A:TYR131:CZ",0.26827964186668396,NH2--B:LYS133:NZ:2.92A,45.65160369873047,25.18259048461914,26.839664459228516,20.469013214111328,True,False,False,False
experiment_1_complex_target,B_ARG129,47,1.3856500387191772,0.8243473768234253,-84.80;-121.20;-16.32;170.45,g-/t/g-/p180,24.80;58.80;43.68;9.55,False,2.9181323216217665,NH2--B:LYS133:NZ,2.030207938796647,"NH2--sym1[1,1,0]/A:TYR131:CZ",0.2682796120643616,NH2--B:LYS133:NZ:2.92A,45.65160369873047,25.18259048461914,26.839664459228516,20.469013214111328,True,False,False,False
experiment_1_complex_target,B_ARG129,48,1.3856500387191772,0.8243473768234253,-84.80;-121.20;-16.32;170.45,g-/t/g-/p180,24.80;58.80;43.68;9.55,False,2.9181323216217665,NH2--B:LYS133:NZ,2.030207938796647,"NH2--sym1[1,1,0]/A:TYR131:CZ",0.2682796120643616,NH2--B:LYS133:NZ:2.92A,45.65160369873047,25.18259048461914,26.839664459228516,20.469013214111328,True,False,False,False
experiment_1_complex_target,B_ARG129,49,1.3856436014175415,0.8243488073348999,-84.80;-121.20;-16.32;170.45,g-/t/g-/p180,24.80;58.80;43.68;9.55,False,2.9181342630426617,NH2--B:LYS133:NZ,2.0301862565670556,"NH2--sym1[1,1,0]/A:TYR131:CZ",0.2682855725288391,NH2--B:LYS133:NZ:2.92A,45.65160369873047,25.18259048461914,26.839664459228516,20.469013214111328,True,False,False,False
experiment_2_A_synthetic_fobs,B_ARG129,0,0.2513401210308075,1.5826224088668823,-70.71;-148.99;-51.10;157.22,g-/t/g-/p180,10.71;31.01;8.90;22.78,False,3.1618601278270484,CB--B:ILE130:N,2.662957466987939,"NH2--sym1[1,1,0]/A:TYR131:CZ",0.21116885542869568,NH1--B:HOH53:O:3.18A;NH1--B:HOH59:O:3.43A;NH2--B:HOH40:O:3.37A,25.613563537597656,25.18259048461914,26.839664459228516,0.4309730529785156,True,False,False,False
experiment_2_A_synthetic_fobs,B_ARG129,1,0.2513401210308075,1.5826224088668823,-70.71;-148.99;-51.10;157.22,g-/t/g-/p180,10.71;31.01;8.90;22.78,False,3.1618601278270484,CB--B:ILE130:N,2.662957466987939,"NH2--sym1[1,1,0]/A:TYR131:CZ",0.21116885542869568,NH1--B:HOH53:O:3.18A;NH1--B:HOH59:O:3.43A;NH2--B:HOH40:O:3.37A,25.613563537597656,25.18259048461914,26.839664459228516,0.4309730529785156,True,False,False,False
experiment_2_A_synthetic_fobs,B_ARG129,2,0.2513401210308075,1.5826224088668823,-70.71;-148.99;-51.10;157.22,g-/t/g-/p180,10.71;31.01;8.90;22.78,False,3.1618601278270484,CB--B:ILE130:N,2.662957466987939,"NH2--sym1[1,1,0]/A:TYR131:CZ",0.21116885542869568,NH1--B:HOH53:O:3.18A;NH1--B:HOH59:O:3.43A;NH2--B:HOH40:O:3.37A,25.613563537597656,25.18259048461914,26.839664459228516,0.4309730529785156,True,False,False,False
experiment_2_A_synthetic_fobs,B_ARG129,3,0.2513401210308075,1.5826224088668823,-70.71;-148.99;-51.10;157.22,g-/t/g-/p180,10.71;31.01;8.90;22.78,False,3.1618601278270484,CB--B:ILE130:N,2.662957466987939,"NH2--sym1[1,1,0]/A:TYR131:CZ",0.21116885542869568,NH1--B:HOH53:O:3.18A;NH1--B:HOH59:O:3.43A;NH2--B:HOH40:O:3.37A,25.613563537597656,25.18259048461914,26.839664459228516,0.4309730529785156,True,False,False,False
experiment_2_A_synthetic_fobs,B_ARG129,4,0.2513401210308075,1.5826224088668823,-70.71;-148.99;-51.10;157.22,g-/t/g-/p180,10.71;31.01;8.90;22.78,False,3.1618601278270484,CB--B:ILE130:N,2.662957466987939,"NH2--sym1[1,1,0]/A:TYR131:CZ",0.21116885542869568,NH1--B:HOH53:O:3.18A;NH1--B:HOH59:O:3.43A;NH2--B:HOH40:O:3.37A,25.613563537597656,25.18259048461914,26.839664459228516,0.4309730529785156,True,False,False,False
experiment_2_A_synthetic_fobs,B_ARG129,5,0.2513401210308075,1.5826224088668823,-70.71;-148.99;-51.10;157.22,g-/t/g-/p180,10.71;31.01;8.90;22.78,False,3.1618601278270484,CB--B:ILE130:N,2.662957466987939,"NH2--sym1[1,1,0]/A:TYR131:CZ",0.21116885542869568,NH1--B:HOH53:O:3.18A;NH1--B:HOH59:O:3.43A;NH2--B:HOH40:O:3.37A,25.613563537597656,25.18259048461914,26.839664459228516,0.4309730529785156,True,False,False,False
experiment_2_A_synthetic_fobs,B_ARG129,6,0.2513401210308075,1.5826224088668823,-70.71;-148.99;-51.10;157.22,g-/t/g-/p180,10.71;31.01;8.90;22.78,False,3.1618601278270484,CB--B:ILE130:N,2.662957466987939,"NH2--sym1[1,1,0]/A:TYR131:CZ",0.21116885542869568,NH1--B:HOH53:O:3.18A;NH1--B:HOH59:O:3.43A;NH2--B:HOH40:O:3.37A,25.613563537597656,25.18259048461914,26.839664459228516,0.4309730529785156,True,False,False,False
experiment_2_A_synthetic_fobs,B_ARG129,7,0.2513401210308075,1.5826224088668823,-70.71;-148.99;-51.10;157.22,g-/t/g-/p180,10.71;31.01;8.90;22.78,False,3.1618601278270484,CB--B:ILE130:N,2.662957466987939,"NH2--sym1[1,1,0]/A:TYR131:CZ",0.21116885542869568,NH1--B:HOH53:O:3.18A;NH1--B:HOH59:O:3.43A;NH2--B:HOH40:O:3.37A,25.613563537597656,25.18259048461914,26.839664459228516,0.4309730529785156,True,False,False,False
experiment_2_A_synthetic_fobs,B_ARG129,8,0.2513401210308075,1.5826224088668823,-70.71;-148.99;-51.10;157.22,g-/t/g-/p180,10.71;31.01;8.90;22.78,False,3.1618601278270484,CB--B:ILE130:N,2.662957466987939,"NH2--sym1[1,1,0]/A:TYR131:CZ",0.21116885542869568,NH1--B:HOH53:O:3.18A;NH1--B:HOH59:O:3.43A;NH2--B:HOH40:O:3.37A,25.613563537597656,25.18259048461914,26.839664459228516,0.4309730529785156,True,False,False,False
experiment_2_A_synthetic_fobs,B_ARG129,9,0.2513401210308075,1.5826224088668823,-70.71;-148.99;-51.10;157.22,g-/t/g-/p180,10.71;31.01;8.90;22.78,False,3.1618601278270484,CB--B:ILE130:N,2.662957466987939,"NH2--sym1[1,1,0]/A:TYR131:CZ",0.21116885542869568,NH1--B:HOH53:O:3.18A;NH1--B:HOH59:O:3.43A;NH2--B:HOH40:O:3.37A,25.613563537597656,25.18259048461914,26.839664459228516,0.4309730529785156,True,False,False,False
experiment_2_A_synthetic_fobs,B_ARG129,10,0.2513401210308075,1.5826224088668823,-70.71;-148.99;-51.10;157.22,g-/t/g-/p180,10.71;31.01;8.90;22.78,False,3.1618601278270484,CB--B:ILE130:N,2.662957466987939,"NH2--sym1[1,1,0]/A:TYR131:CZ",0.21116885542869568,NH1--B:HOH53:O:3.18A;NH1--B:HOH59:O:3.43A;NH2--B:HOH40:O:3.37A,25.613563537597656,25.18259048461914,26.839664459228516,0.4309730529785156,True,False,False,False
experiment_2_A_synthetic_fobs,B_ARG129,11,0.2513401210308075,1.5826224088668823,-70.71;-148.99;-51.10;157.22,g-/t/g-/p180,10.71;31.01;8.90;22.78,False,3.1618601278270484,CB--B:ILE130:N,2.662957466987939,"NH2--sym1[1,1,0]/A:TYR131:CZ",0.21116885542869568,NH1--B:HOH53:O:3.18A;NH1--B:HOH59:O:3.43A;NH2--B:HOH40:O:3.37A,25.613563537597656,25.18259048461914,26.839664459228516,0.4309730529785156,True,False,False,False
experiment_2_A_synthetic_fobs,B_ARG129,12,0.2513401210308075,1.5826224088668823,-70.71;-148.99;-51.10;157.22,g-/t/g-/p180,10.71;31.01;8.90;22.78,False,3.1618601278270484,CB--B:ILE130:N,2.662957466987939,"NH2--sym1[1,1,0]/A:TYR131:CZ",0.21116885542869568,NH1--B:HOH53:O:3.18A;NH1--B:HOH59:O:3.43A;NH2--B:HOH40:O:3.37A,25.613563537597656,25.18259048461914,26.839664459228516,0.4309730529785156,True,False,False,False
experiment_2_A_synthetic_fobs,B_ARG129,13,0.2513401210308075,1.5826224088668823,-70.71;-148.99;-51.10;157.22,g-/t/g-/p180,10.71;31.01;8.90;22.78,False,3.1618601278270484,CB--B:ILE130:N,2.662957466987939,"NH2--sym1[1,1,0]/A:TYR131:CZ",0.21116885542869568,NH1--B:HOH53:O:3.18A;NH1--B:HOH59:O:3.43A;NH2--B:HOH40:O:3.37A,25.613563537597656,25.18259048461914,26.839664459228516,0.4309730529785156,True,False,False,False
experiment_2_A_synthetic_fobs,B_ARG129,14,0.2513401210308075,1.5826224088668823,-70.71;-148.99;-51.10;157.22,g-/t/g-/p180,10.71;31.01;8.90;22.78,False,3.1618601278270484,CB--B:ILE130:N,2.662957466987939,"NH2--sym1[1,1,0]/A:TYR131:CZ",0.21116885542869568,NH1--B:HOH53:O:3.18A;NH1--B:HOH59:O:3.43A;NH2--B:HOH40:O:3.37A,25.613563537597656,25.18259048461914,26.839664459228516,0.4309730529785156,True,False,False,False
experiment_2_A_synthetic_fobs,B_ARG129,15,0.2513401210308075,1.5826224088668823,-70.71;-148.99;-51.10;157.22,g-/t/g-/p180,10.71;31.01;8.90;22.78,False,3.1618601278270484,CB--B:ILE130:N,2.662957466987939,"NH2--sym1[1,1,0]/A:TYR131:CZ",0.21116885542869568,NH1--B:HOH53:O:3.18A;NH1--B:HOH59:O:3.43A;NH2--B:HOH40:O:3.37A,25.613563537597656,25.18259048461914,26.839664459228516,0.4309730529785156,True,False,False,False
experiment_2_A_synthetic_fobs,B_ARG129,16,0.2513401210308075,1.5826224088668823,-70.71;-148.99;-51.10;157.22,g-/t/g-/p180,10.71;31.01;8.90;22.78,False,3.1618601278270484,CB--B:ILE130:N,2.662957466987939,"NH2--sym1[1,1,0]/A:TYR131:CZ",0.21116885542869568,NH1--B:HOH53:O:3.18A;NH1--B:HOH59:O:3.43A;NH2--B:HOH40:O:3.37A,25.613563537597656,25.18259048461914,26.839664459228516,0.4309730529785156,True,False,False,False
experiment_2_A_synthetic_fobs,B_ARG129,17,0.2513401210308075,1.5826224088668823,-70.71;-148.99;-51.10;157.22,g-/t/g-/p180,10.71;31.01;8.90;22.78,False,3.1618601278270484,CB--B:ILE130:N,2.662957466987939,"NH2--sym1[1,1,0]/A:TYR131:CZ",0.21116885542869568,NH1--B:HOH53:O:3.18A;NH1--B:HOH59:O:3.43A;NH2--B:HOH40:O:3.37A,25.613563537597656,25.18259048461914,26.839664459228516,0.4309730529785156,True,False,False,False
experiment_2_A_synthetic_fobs,B_ARG129,18,0.2513401210308075,1.5826224088668823,-70.71;-148.99;-51.10;157.22,g-/t/g-/p180,10.71;31.01;8.90;22.78,False,3.1618601278270484,CB--B:ILE130:N,2.662957466987939,"NH2--sym1[1,1,0]/A:TYR131:CZ",0.21116885542869568,NH1--B:HOH53:O:3.18A;NH1--B:HOH59:O:3.43A;NH2--B:HOH40:O:3.37A,25.613563537597656,25.18259048461914,26.839664459228516,0.4309730529785156,True,False,False,False
experiment_2_A_synthetic_fobs,B_ARG129,19,0.2513401210308075,1.5826224088668823,-70.71;-148.99;-51.10;157.22,g-/t/g-/p180,10.71;31.01;8.90;22.78,False,3.1618601278270484,CB--B:ILE130:N,2.662957466987939,"NH2--sym1[1,1,0]/A:TYR131:CZ",0.21116885542869568,NH1--B:HOH53:O:3.18A;NH1--B:HOH59:O:3.43A;NH2--B:HOH40:O:3.37A,25.613563537597656,25.18259048461914,26.839664459228516,0.4309730529785156,True,False,False,False
experiment_2_A_synthetic_fobs,B_ARG129,20,0.2513401210308075,1.5826224088668823,-70.71;-148.99;-51.10;157.22,g-/t/g-/p180,10.71;31.01;8.90;22.78,False,3.1618601278270484,CB--B:ILE130:N,2.662957466987939,"NH2--sym1[1,1,0]/A:TYR131:CZ",0.21116885542869568,NH1--B:HOH53:O:3.18A;NH1--B:HOH59:O:3.43A;NH2--B:HOH40:O:3.37A,25.613563537597656,25.18259048461914,26.839664459228516,0.4309730529785156,True,False,False,False
experiment_2_A_synthetic_fobs,B_ARG129,21,0.2513401210308075,1.5826224088668823,-70.71;-148.99;-51.10;157.22,g-/t/g-/p180,10.71;31.01;8.90;22.78,False,3.1618601278270484,CB--B:ILE130:N,2.662957466987939,"NH2--sym1[1,1,0]/A:TYR131:CZ",0.21116885542869568,NH1--B:HOH53:O:3.18A;NH1--B:HOH59:O:3.43A;NH2--B:HOH40:O:3.37A,25.613563537597656,25.18259048461914,26.839664459228516,0.4309730529785156,True,False,False,False
experiment_2_A_synthetic_fobs,B_ARG129,22,0.2513401210308075,1.5826224088668823,-70.71;-148.99;-51.10;157.22,g-/t/g-/p180,10.71;31.01;8.90;22.78,False,3.1618601278270484,CB--B:ILE130:N,2.662957466987939,"NH2--sym1[1,1,0]/A:TYR131:CZ",0.21116885542869568,NH1--B:HOH53:O:3.18A;NH1--B:HOH59:O:3.43A;NH2--B:HOH40:O:3.37A,25.613563537597656,25.18259048461914,26.839664459228516,0.4309730529785156,True,False,False,False
experiment_2_A_synthetic_fobs,B_ARG129,23,0.2513401210308075,1.5826224088668823,-70.71;-148.99;-51.10;157.22,g-/t/g-/p180,10.71;31.01;8.90;22.78,False,3.1618601278270484,CB--B:ILE130:N,2.662957466987939,"NH2--sym1[1,1,0]/A:TYR131:CZ",0.21116885542869568,NH1--B:HOH53:O:3.18A;NH1--B:HOH59:O:3.43A;NH2--B:HOH40:O:3.37A,25.613563537597656,25.18259048461914,26.839664459228516,0.4309730529785156,True,False,False,False
experiment_2_A_synthetic_fobs,B_ARG129,24,0.2513401210308075,1.5826224088668823,-70.71;-148.99;-51.10;157.22,g-/t/g-/p180,10.71;31.01;8.90;22.78,False,3.1618601278270484,CB--B:ILE130:N,2.662957466987939,"NH2--sym1[1,1,0]/A:TYR131:CZ",0.21116885542869568,NH1--B:HOH53:O:3.18A;NH1--B:HOH59:O:3.43A;NH2--B:HOH40:O:3.37A,25.613563537597656,25.18259048461914,26.839664459228516,0.4309730529785156,True,False,False,False
experiment_2_A_synthetic_fobs,B_ARG129,25,0.2513401210308075,1.5826224088668823,-70.71;-148.99;-51.10;157.22,g-/t/g-/p180,10.71;31.01;8.90;22.78,False,3.1618601278270484,CB--B:ILE130:N,2.662957466987939,"NH2--sym1[1,1,0]/A:TYR131:CZ",0.21116885542869568,NH1--B:HOH53:O:3.18A;NH1--B:HOH59:O:3.43A;NH2--B:HOH40:O:3.37A,25.613563537597656,25.18259048461914,26.839664459228516,0.4309730529785156,True,False,False,False
experiment_2_A_synthetic_fobs,B_ARG129,26,0.2513401210308075,1.5826224088668823,-70.71;-148.99;-51.10;157.22,g-/t/g-/p180,10.71;31.01;8.90;22.78,False,3.1618601278270484,CB--B:ILE130:N,2.662957466987939,"NH2--sym1[1,1,0]/A:TYR131:CZ",0.21116885542869568,NH1--B:HOH53:O:3.18A;NH1--B:HOH59:O:3.43A;NH2--B:HOH40:O:3.37A,25.613563537597656,25.18259048461914,26.839664459228516,0.4309730529785156,True,False,False,False
experiment_2_A_synthetic_fobs,B_ARG129,27,0.2513401210308075,1.5826224088668823,-70.71;-148.99;-51.10;157.22,g-/t/g-/p180,10.71;31.01;8.90;22.78,False,3.1618601278270484,CB--B:ILE130:N,2.662957466987939,"NH2--sym1[1,1,0]/A:TYR131:CZ",0.21116885542869568,NH1--B:HOH53:O:3.18A;NH1--B:HOH59:O:3.43A;NH2--B:HOH40:O:3.37A,25.613563537597656,25.18259048461914,26.839664459228516,0.4309730529785156,True,False,False,False
experiment_2_A_synthetic_fobs,B_ARG129,28,0.2513401210308075,1.5826224088668823,-70.71;-148.99;-51.10;157.22,g-/t/g-/p180,10.71;31.01;8.90;22.78,False,3.1618601278270484,CB--B:ILE130:N,2.662957466987939,"NH2--sym1[1,1,0]/A:TYR131:CZ",0.21116885542869568,NH1--B:HOH53:O:3.18A;NH1--B:HOH59:O:3.43A;NH2--B:HOH40:O:3.37A,25.613563537597656,25.18259048461914,26.839664459228516,0.4309730529785156,True,False,False,False
experiment_2_A_synthetic_fobs,B_ARG129,29,0.2513401210308075,1.5826224088668823,-70.71;-148.99;-51.10;157.22,g-/t/g-/p180,10.71;31.01;8.90;22.78,False,3.1618601278270484,CB--B:ILE130:N,2.662957466987939,"NH2--sym1[1,1,0]/A:TYR131:CZ",0.21116885542869568,NH1--B:HOH53:O:3.18A;NH1--B:HOH59:O:3.43A;NH2--B:HOH40:O:3.37A,25.613563537597656,25.18259048461914,26.839664459228516,0.4309730529785156,True,False,False,False
experiment_2_A_synthetic_fobs,B_ARG129,30,0.2513401210308075,1.5826224088668823,-70.71;-148.99;-51.10;157.22,g-/t/g-/p180,10.71;31.01;8.90;22.78,False,3.1618601278270484,CB--B:ILE130:N,2.662957466987939,"NH2--sym1[1,1,0]/A:TYR131:CZ",0.21116885542869568,NH1--B:HOH53:O:3.18A;NH1--B:HOH59:O:3.43A;NH2--B:HOH40:O:3.37A,25.613563537597656,25.18259048461914,26.839664459228516,0.4309730529785156,True,False,False,False
experiment_2_A_synthetic_fobs,B_ARG129,31,0.2513401210308075,1.5826224088668823,-70.71;-148.99;-51.10;157.22,g-/t/g-/p180,10.71;31.01;8.90;22.78,False,3.1618601278270484,CB--B:ILE130:N,2.662957466987939,"NH2--sym1[1,1,0]/A:TYR131:CZ",0.21116885542869568,NH1--B:HOH53:O:3.18A;NH1--B:HOH59:O:3.43A;NH2--B:HOH40:O:3.37A,25.613563537597656,25.18259048461914,26.839664459228516,0.4309730529785156,True,False,False,False
experiment_2_A_synthetic_fobs,B_ARG129,32,0.2513401210308075,1.5826224088668823,-70.71;-148.99;-51.10;157.22,g-/t/g-/p180,10.71;31.01;8.90;22.78,False,3.1618601278270484,CB--B:ILE130:N,2.662957466987939,"NH2--sym1[1,1,0]/A:TYR131:CZ",0.21116885542869568,NH1--B:HOH53:O:3.18A;NH1--B:HOH59:O:3.43A;NH2--B:HOH40:O:3.37A,25.613563537597656,25.18259048461914,26.839664459228516,0.4309730529785156,True,False,False,False
experiment_2_A_synthetic_fobs,B_ARG129,33,0.2513401210308075,1.5826224088668823,-70.71;-148.99;-51.10;157.22,g-/t/g-/p180,10.71;31.01;8.90;22.78,False,3.1618601278270484,CB--B:ILE130:N,2.662957466987939,"NH2--sym1[1,1,0]/A:TYR131:CZ",0.21116885542869568,NH1--B:HOH53:O:3.18A;NH1--B:HOH59:O:3.43A;NH2--B:HOH40:O:3.37A,25.613563537597656,25.18259048461914,26.839664459228516,0.4309730529785156,True,False,False,False
experiment_2_A_synthetic_fobs,B_ARG129,34,0.2513401210308075,1.5826224088668823,-70.71;-148.99;-51.10;157.22,g-/t/g-/p180,10.71;31.01;8.90;22.78,False,3.1618601278270484,CB--B:ILE130:N,2.662957466987939,"NH2--sym1[1,1,0]/A:TYR131:CZ",0.21116885542869568,NH1--B:HOH53:O:3.18A;NH1--B:HOH59:O:3.43A;NH2--B:HOH40:O:3.37A,25.613563537597656,25.18259048461914,26.839664459228516,0.4309730529785156,True,False,False,False
experiment_2_A_synthetic_fobs,B_ARG129,35,0.2513401210308075,1.5826224088668823,-70.71;-148.99;-51.10;157.22,g-/t/g-/p180,10.71;31.01;8.90;22.78,False,3.1618601278270484,CB--B:ILE130:N,2.662957466987939,"NH2--sym1[1,1,0]/A:TYR131:CZ",0.21116885542869568,NH1--B:HOH53:O:3.18A;NH1--B:HOH59:O:3.43A;NH2--B:HOH40:O:3.37A,25.613563537597656,25.18259048461914,26.839664459228516,0.4309730529785156,True,False,False,False
experiment_2_A_synthetic_fobs,B_ARG129,36,0.2513401210308075,1.5826224088668823,-70.71;-148.99;-51.10;157.22,g-/t/g-/p180,10.71;31.01;8.90;22.78,False,3.1618601278270484,CB--B:ILE130:N,2.662957466987939,"NH2--sym1[1,1,0]/A:TYR131:CZ",0.21116885542869568,NH1--B:HOH53:O:3.18A;NH1--B:HOH59:O:3.43A;NH2--B:HOH40:O:3.37A,25.613563537597656,25.18259048461914,26.839664459228516,0.4309730529785156,True,False,False,False
experiment_2_A_synthetic_fobs,B_ARG129,37,0.2513401210308075,1.5826224088668823,-70.71;-148.99;-51.10;157.22,g-/t/g-/p180,10.71;31.01;8.90;22.78,False,3.1618601278270484,CB--B:ILE130:N,2.662957466987939,"NH2--sym1[1,1,0]/A:TYR131:CZ",0.21116885542869568,NH1--B:HOH53:O:3.18A;NH1--B:HOH59:O:3.43A;NH2--B:HOH40:O:3.37A,25.613563537597656,25.18259048461914,26.839664459228516,0.4309730529785156,True,False,False,False
experiment_2_A_synthetic_fobs,B_ARG129,38,0.2513401210308075,1.5826224088668823,-70.71;-148.99;-51.10;157.22,g-/t/g-/p180,10.71;31.01;8.90;22.78,False,3.1618601278270484,CB--B:ILE130:N,2.662957466987939,"NH2--sym1[1,1,0]/A:TYR131:CZ",0.21116885542869568,NH1--B:HOH53:O:3.18A;NH1--B:HOH59:O:3.43A;NH2--B:HOH40:O:3.37A,25.613563537597656,25.18259048461914,26.839664459228516,0.4309730529785156,True,False,False,False
experiment_2_A_synthetic_fobs,B_ARG129,39,0.2513401210308075,1.5826224088668823,-70.71;-148.99;-51.10;157.22,g-/t/g-/p180,10.71;31.01;8.90;22.78,False,3.1618601278270484,CB--B:ILE130:N,2.662957466987939,"NH2--sym1[1,1,0]/A:TYR131:CZ",0.21116885542869568,NH1--B:HOH53:O:3.18A;NH1--B:HOH59:O:3.43A;NH2--B:HOH40:O:3.37A,25.613563537597656,25.18259048461914,26.839664459228516,0.4309730529785156,True,False,False,False
experiment_2_A_synthetic_fobs,B_ARG129,40,0.2513401210308075,1.5826224088668823,-70.71;-148.99;-51.10;157.22,g-/t/g-/p180,10.71;31.01;8.90;22.78,False,3.1618601278270484,CB--B:ILE130:N,2.662957466987939,"NH2--sym1[1,1,0]/A:TYR131:CZ",0.21116885542869568,NH1--B:HOH53:O:3.18A;NH1--B:HOH59:O:3.43A;NH2--B:HOH40:O:3.37A,25.613563537597656,25.18259048461914,26.839664459228516,0.4309730529785156,True,False,False,False
experiment_2_A_synthetic_fobs,B_ARG129,41,0.2513401210308075,1.5826224088668823,-70.71;-148.99;-51.10;157.22,g-/t/g-/p180,10.71;31.01;8.90;22.78,False,3.1618601278270484,CB--B:ILE130:N,2.662957466987939,"NH2--sym1[1,1,0]/A:TYR131:CZ",0.21116885542869568,NH1--B:HOH53:O:3.18A;NH1--B:HOH59:O:3.43A;NH2--B:HOH40:O:3.37A,25.613563537597656,25.18259048461914,26.839664459228516,0.4309730529785156,True,False,False,False
experiment_2_A_synthetic_fobs,B_ARG129,42,0.2513401210308075,1.5826224088668823,-70.71;-148.99;-51.10;157.22,g-/t/g-/p180,10.71;31.01;8.90;22.78,False,3.1618601278270484,CB--B:ILE130:N,2.662957466987939,"NH2--sym1[1,1,0]/A:TYR131:CZ",0.21116885542869568,NH1--B:HOH53:O:3.18A;NH1--B:HOH59:O:3.43A;NH2--B:HOH40:O:3.37A,25.613563537597656,25.18259048461914,26.839664459228516,0.4309730529785156,True,False,False,False
experiment_2_A_synthetic_fobs,B_ARG129,43,0.2513401210308075,1.5826224088668823,-70.71;-148.99;-51.10;157.22,g-/t/g-/p180,10.71;31.01;8.90;22.78,False,3.1618601278270484,CB--B:ILE130:N,2.662957466987939,"NH2--sym1[1,1,0]/A:TYR131:CZ",0.21116885542869568,NH1--B:HOH53:O:3.18A;NH1--B:HOH59:O:3.43A;NH2--B:HOH40:O:3.37A,25.613563537597656,25.18259048461914,26.839664459228516,0.4309730529785156,True,False,False,False
experiment_2_A_synthetic_fobs,B_ARG129,44,0.2513401210308075,1.5826224088668823,-70.71;-148.99;-51.10;157.22,g-/t/g-/p180,10.71;31.01;8.90;22.78,False,3.1618601278270484,CB--B:ILE130:N,2.662957466987939,"NH2--sym1[1,1,0]/A:TYR131:CZ",0.21116885542869568,NH1--B:HOH53:O:3.18A;NH1--B:HOH59:O:3.43A;NH2--B:HOH40:O:3.37A,25.613563537597656,25.18259048461914,26.839664459228516,0.4309730529785156,True,False,False,False
experiment_2_A_synthetic_fobs,B_ARG129,45,0.2513401210308075,1.5826224088668823,-70.71;-148.99;-51.10;157.22,g-/t/g-/p180,10.71;31.01;8.90;22.78,False,3.1618601278270484,CB--B:ILE130:N,2.662957466987939,"NH2--sym1[1,1,0]/A:TYR131:CZ",0.21116885542869568,NH1--B:HOH53:O:3.18A;NH1--B:HOH59:O:3.43A;NH2--B:HOH40:O:3.37A,25.613563537597656,25.18259048461914,26.839664459228516,0.4309730529785156,True,False,False,False
experiment_2_A_synthetic_fobs,B_ARG129,46,0.2513401210308075,1.5826224088668823,-70.71;-148.99;-51.10;157.22,g-/t/g-/p180,10.71;31.01;8.90;22.78,False,3.1618601278270484,CB--B:ILE130:N,2.662957466987939,"NH2--sym1[1,1,0]/A:TYR131:CZ",0.21116885542869568,NH1--B:HOH53:O:3.18A;NH1--B:HOH59:O:3.43A;NH2--B:HOH40:O:3.37A,25.613563537597656,25.18259048461914,26.839664459228516,0.4309730529785156,True,False,False,False
experiment_2_A_synthetic_fobs,B_ARG129,47,0.2513401210308075,1.5826224088668823,-70.71;-148.99;-51.10;157.22,g-/t/g-/p180,10.71;31.01;8.90;22.78,False,3.1618601278270484,CB--B:ILE130:N,2.662957466987939,"NH2--sym1[1,1,0]/A:TYR131:CZ",0.21116885542869568,NH1--B:HOH53:O:3.18A;NH1--B:HOH59:O:3.43A;NH2--B:HOH40:O:3.37A,25.613563537597656,25.18259048461914,26.839664459228516,0.4309730529785156,True,False,False,False
experiment_2_A_synthetic_fobs,B_ARG129,48,0.2513401210308075,1.5826224088668823,-70.71;-148.99;-51.10;157.22,g-/t/g-/p180,10.71;31.01;8.90;22.78,False,3.1618601278270484,CB--B:ILE130:N,2.662957466987939,"NH2--sym1[1,1,0]/A:TYR131:CZ",0.21116885542869568,NH1--B:HOH53:O:3.18A;NH1--B:HOH59:O:3.43A;NH2--B:HOH40:O:3.37A,25.613563537597656,25.18259048461914,26.839664459228516,0.4309730529785156,True,False,False,False
experiment_2_A_synthetic_fobs,B_ARG129,49,0.2513401210308075,1.5826224088668823,-70.71;-148.99;-51.10;157.22,g-/t/g-/p180,10.71;31.01;8.90;22.78,False,3.1618601278270484,CB--B:ILE130:N,2.662957466987939,"NH2--sym1[1,1,0]/A:TYR131:CZ",0.21116885542869568,NH1--B:HOH53:O:3.18A;NH1--B:HOH59:O:3.43A;NH2--B:HOH40:O:3.37A,25.613563537597656,25.18259048461914,26.839664459228516,0.4309730529785156,True,False,False,False
experiment_2_B_localized_sf,B_ARG129,0,0.3749299645423889,1.505163550376892,-75.83;-145.83;-52.11;153.09,g-/t/g-/p-180,15.83;34.17;7.89;26.91,False,3.1618601278270484,CB--B:ILE130:N,2.5022167648845604,"NH2--sym1[1,1,0]/A:TYR131:CZ",0.1427379995584488,NH2--B:HOH40:O:3.50A,25.897804260253906,25.18259048461914,26.839664459228516,0.7152137756347656,True,False,False,False
experiment_2_B_localized_sf,B_ARG129,1,0.37492987513542175,1.505163311958313,-75.83;-145.83;-52.11;153.09,g-/t/g-/p-180,15.83;34.17;7.89;26.91,False,3.1618601278270484,CB--B:ILE130:N,2.5022176521415416,"NH2--sym1[1,1,0]/A:TYR131:CZ",0.14273785054683685,NH2--B:HOH40:O:3.50A,25.897804260253906,25.18259048461914,26.839664459228516,0.7152137756347656,True,False,False,False
experiment_2_B_localized_sf,B_ARG129,2,0.37492990493774414,1.505163550376892,-75.83;-145.83;-52.11;153.09,g-/t/g-/p-180,15.83;34.17;7.89;26.91,False,3.1618601278270484,CB--B:ILE130:N,2.5022172085123633,"NH2--sym1[1,1,0]/A:TYR131:CZ",0.14273801445960999,NH2--B:HOH40:O:3.50A,25.897804260253906,25.18259048461914,26.839664459228516,0.7152137756347656,True,False,False,False
experiment_2_B_localized_sf,B_ARG129,3,0.37492987513542175,1.505163311958313,-75.83;-145.83;-52.11;153.09,g-/t/g-/p-180,15.83;34.17;7.89;26.91,False,3.1618601278270484,CB--B:ILE130:N,2.5022176521415416,"NH2--sym1[1,1,0]/A:TYR131:CZ",0.14273810386657715,NH2--B:HOH40:O:3.50A,25.897804260253906,25.18259048461914,26.839664459228516,0.7152137756347656,True,False,False,False
experiment_2_B_localized_sf,B_ARG129,4,0.37492990493774414,1.5051637887954712,-75.83;-145.83;-52.11;153.09,g-/t/g-/p-180,15.83;34.17;7.89;26.91,False,3.1618601278270484,CB--B:ILE130:N,2.5022154727895636,"NH2--sym1[1,1,0]/A:TYR131:CZ",0.1427375078201294,NH2--B:HOH40:O:3.50A,25.897804260253906,25.18259048461914,26.839664459228516,0.7152137756347656,True,False,False,False
experiment_2_B_localized_sf,B_ARG129,5,0.37492990493774414,1.5051637887954712,-75.83;-145.83;-52.11;153.09,g-/t/g-/p-180,15.83;34.17;7.89;26.91,False,3.1618601278270484,CB--B:ILE130:N,2.5022154727895636,"NH2--sym1[1,1,0]/A:TYR131:CZ",0.1427375078201294,NH2--B:HOH40:O:3.50A,25.897804260253906,25.18259048461914,26.839664459228516,0.7152137756347656,True,False,False,False
experiment_2_B_localized_sf,B_ARG129,6,0.37492990493774414,1.5051637887954712,-75.83;-145.83;-52.11;153.09,g-/t/g-/p-180,15.83;34.17;7.89;26.91,False,3.1618601278270484,CB--B:ILE130:N,2.5022154727895636,"NH2--sym1[1,1,0]/A:TYR131:CZ",0.1427375078201294,NH2--B:HOH40:O:3.50A,25.897804260253906,25.18259048461914,26.839664459228516,0.7152137756347656,True,False,False,False
experiment_2_B_localized_sf,B_ARG129,7,0.3749299645423889,1.505163550376892,-75.83;-145.83;-52.11;153.09,g-/t/g-/p-180,15.83;34.17;7.89;26.91,False,3.1618601278270484,CB--B:ILE130:N,2.5022176521415416,"NH2--sym1[1,1,0]/A:TYR131:CZ",0.14273788034915924,NH2--B:HOH40:O:3.50A,25.897804260253906,25.18259048461914,26.839664459228516,0.7152137756347656,True,False,False,False
experiment_2_B_localized_sf,B_ARG129,8,0.37492987513542175,1.505163311958313,-75.83;-145.83;-52.11;153.09,g-/t/g-/p-180,15.83;34.17;7.89;26.91,False,3.1618601278270484,CB--B:ILE130:N,2.5022176521415416,"NH2--sym1[1,1,0]/A:TYR131:CZ",0.14273785054683685,NH2--B:HOH40:O:3.50A,25.897804260253906,25.18259048461914,26.839664459228516,0.7152137756347656,True,False,False,False
experiment_2_B_localized_sf,B_ARG129,9,0.37492990493774414,1.5051637887954712,-75.83;-145.83;-52.11;153.09,g-/t/g-/p-180,15.83;34.17;7.89;26.91,False,3.1618601278270484,CB--B:ILE130:N,2.5022154727895636,"NH2--sym1[1,1,0]/A:TYR131:CZ",0.1427375078201294,NH2--B:HOH40:O:3.50A,25.897804260253906,25.18259048461914,26.839664459228516,0.7152137756347656,True,False,False,False
experiment_2_B_localized_sf,B_ARG129,10,0.37492987513542175,1.505163311958313,-75.83;-145.83;-52.11;153.09,g-/t/g-/p180,15.83;34.17;7.89;26.91,False,3.1618601278270484,CB--B:ILE130:N,2.5022185006108257,"NH2--sym1[1,1,0]/A:TYR131:CZ",0.1427377313375473,NH2--B:HOH40:O:3.50A,25.897804260253906,25.18259048461914,26.839664459228516,0.7152137756347656,True,False,False,False
experiment_2_B_localized_sf,B_ARG129,11,0.37492987513542175,1.505163311958313,-75.83;-145.83;-52.11;153.09,g-/t/g-/p-180,15.83;34.17;7.89;26.91,False,3.1618601278270484,CB--B:ILE130:N,2.5022176521415416,"NH2--sym1[1,1,0]/A:TYR131:CZ",0.14273810386657715,NH2--B:HOH40:O:3.50A,25.897804260253906,25.18259048461914,26.839664459228516,0.7152137756347656,True,False,False,False
experiment_2_B_localized_sf,B_ARG129,12,0.37492987513542175,1.505163311958313,-75.83;-145.83;-52.11;153.09,g-/t/g-/p-180,15.83;34.17;7.89;26.91,False,3.1618601278270484,CB--B:ILE130:N,2.5022176521415416,"NH2--sym1[1,1,0]/A:TYR131:CZ",0.14273810386657715,NH2--B:HOH40:O:3.50A,25.897804260253906,25.18259048461914,26.839664459228516,0.7152137756347656,True,False,False,False
experiment_2_B_localized_sf,B_ARG129,13,0.3749299645423889,1.505163550376892,-75.83;-145.83;-52.11;153.09,g-/t/g-/p-180,15.83;34.17;7.89;26.91,False,3.1618601278270484,CB--B:ILE130:N,2.5022167648845604,"NH2--sym1[1,1,0]/A:TYR131:CZ",0.1427379995584488,NH2--B:HOH40:O:3.50A,25.897804260253906,25.18259048461914,26.839664459228516,0.7152137756347656,True,False,False,False
experiment_2_B_localized_sf,B_ARG129,14,0.37492987513542175,1.505163311958313,-75.83;-145.83;-52.11;153.09,g-/t/g-/p-180,15.83;34.17;7.89;26.91,False,3.1618601278270484,CB--B:ILE130:N,2.5022176521415416,"NH2--sym1[1,1,0]/A:TYR131:CZ",0.14273810386657715,NH2--B:HOH40:O:3.50A,25.897804260253906,25.18259048461914,26.839664459228516,0.7152137756347656,True,False,False,False
experiment_2_B_localized_sf,B_ARG129,15,0.37492990493774414,1.5051637887954712,-75.83;-145.83;-52.11;153.09,g-/t/g-/p-180,15.83;34.17;7.89;26.91,False,3.1618601278270484,CB--B:ILE130:N,2.5022154727895636,"NH2--sym1[1,1,0]/A:TYR131:CZ",0.1427375078201294,NH2--B:HOH40:O:3.50A,25.897804260253906,25.18259048461914,26.839664459228516,0.7152137756347656,True,False,False,False
experiment_2_B_localized_sf,B_ARG129,16,0.3749299645423889,1.505163550376892,-75.83;-145.83;-52.11;153.09,g-/t/g-/p-180,15.83;34.17;7.89;26.91,False,3.1618601278270484,CB--B:ILE130:N,2.5022176521415416,"NH2--sym1[1,1,0]/A:TYR131:CZ",0.14273788034915924,NH2--B:HOH40:O:3.50A,25.897804260253906,25.18259048461914,26.839664459228516,0.7152137756347656,True,False,False,False
experiment_2_B_localized_sf,B_ARG129,17,0.37492990493774414,1.5051637887954712,-75.83;-145.83;-52.11;153.09,g-/t/g-/p-180,15.83;34.17;7.89;26.91,False,3.1618601278270484,CB--B:ILE130:N,2.5022154727895636,"NH2--sym1[1,1,0]/A:TYR131:CZ",0.1427375078201294,NH2--B:HOH40:O:3.50A,25.897804260253906,25.18259048461914,26.839664459228516,0.7152137756347656,True,False,False,False
experiment_2_B_localized_sf,B_ARG129,18,0.37492987513542175,1.505163311958313,-75.83;-145.83;-52.11;153.09,g-/t/g-/p-180,15.83;34.17;7.89;26.91,False,3.1618601278270484,CB--B:ILE130:N,2.5022176521415416,"NH2--sym1[1,1,0]/A:TYR131:CZ",0.14273785054683685,NH2--B:HOH40:O:3.50A,25.897804260253906,25.18259048461914,26.839664459228516,0.7152137756347656,True,False,False,False
experiment_2_B_localized_sf,B_ARG129,19,0.37492990493774414,1.5051637887954712,-75.83;-145.83;-52.11;153.09,g-/t/g-/p-180,15.83;34.17;7.89;26.91,False,3.1618601278270484,CB--B:ILE130:N,2.5022154727895636,"NH2--sym1[1,1,0]/A:TYR131:CZ",0.1427372545003891,NH2--B:HOH40:O:3.50A,25.897804260253906,25.18259048461914,26.839664459228516,0.7152137756347656,True,False,False,False
experiment_2_B_localized_sf,B_ARG129,20,0.37492987513542175,1.505163311958313,-75.83;-145.83;-52.11;153.09,g-/t/g-/p-180,15.83;34.17;7.89;26.91,False,3.1618601278270484,CB--B:ILE130:N,2.5022176521415416,"NH2--sym1[1,1,0]/A:TYR131:CZ",0.14273810386657715,NH2--B:HOH40:O:3.50A,25.897804260253906,25.18259048461914,26.839664459228516,0.7152137756347656,True,False,False,False
experiment_2_B_localized_sf,B_ARG129,21,0.37492990493774414,1.5051637887954712,-75.83;-145.83;-52.11;153.09,g-/t/g-/p-180,15.83;34.17;7.89;26.91,False,3.1618601278270484,CB--B:ILE130:N,2.5022154727895636,"NH2--sym1[1,1,0]/A:TYR131:CZ",0.1427375078201294,NH2--B:HOH40:O:3.50A,25.897804260253906,25.18259048461914,26.839664459228516,0.7152137756347656,True,False,False,False
experiment_2_B_localized_sf,B_ARG129,22,0.3749299645423889,1.505163550376892,-75.83;-145.83;-52.11;153.09,g-/t/g-/p-180,15.83;34.17;7.89;26.91,False,3.1618601278270484,CB--B:ILE130:N,2.5022167648845604,"NH2--sym1[1,1,0]/A:TYR131:CZ",0.1427379995584488,NH2--B:HOH40:O:3.50A,25.897804260253906,25.18259048461914,26.839664459228516,0.7152137756347656,True,False,False,False
experiment_2_B_localized_sf,B_ARG129,23,0.37492990493774414,1.5051637887954712,-75.83;-145.83;-52.11;153.09,g-/t/g-/p-180,15.83;34.17;7.89;26.91,False,3.1618601278270484,CB--B:ILE130:N,2.5022154727895636,"NH2--sym1[1,1,0]/A:TYR131:CZ",0.1427375078201294,NH2--B:HOH40:O:3.50A,25.897804260253906,25.18259048461914,26.839664459228516,0.7152137756347656,True,False,False,False
experiment_2_B_localized_sf,B_ARG129,24,0.37492993474006653,1.505163311958313,-75.83;-145.83;-52.11;153.09,g-/t/g-/p180,15.83;34.17;7.89;26.91,False,3.1618601278270484,CB--B:ILE130:N,2.5022172085123633,"NH2--sym1[1,1,0]/A:TYR131:CZ",0.14273841679096222,NH2--B:HOH40:O:3.50A,25.897804260253906,25.18259048461914,26.839664459228516,0.7152137756347656,True,False,False,False
experiment_2_B_localized_sf,B_ARG129,25,0.37492990493774414,1.5051637887954712,-75.83;-145.83;-52.11;153.09,g-/t/g-/p-180,15.83;34.17;7.89;26.91,False,3.1618601278270484,CB--B:ILE130:N,2.5022154727895636,"NH2--sym1[1,1,0]/A:TYR131:CZ",0.1427375078201294,NH2--B:HOH40:O:3.50A,25.897804260253906,25.18259048461914,26.839664459228516,0.7152137756347656,True,False,False,False
experiment_2_B_localized_sf,B_ARG129,26,0.37492990493774414,1.5051637887954712,-75.83;-145.83;-52.11;153.09,g-/t/g-/p-180,15.83;34.17;7.89;26.91,False,3.1618601278270484,CB--B:ILE130:N,2.5022154727895636,"NH2--sym1[1,1,0]/A:TYR131:CZ",0.1427375078201294,NH2--B:HOH40:O:3.50A,25.897804260253906,25.18259048461914,26.839664459228516,0.7152137756347656,True,False,False,False
experiment_2_B_localized_sf,B_ARG129,27,0.37492987513542175,1.505163311958313,-75.83;-145.83;-52.11;153.09,g-/t/g-/p-180,15.83;34.17;7.89;26.91,False,3.1618601278270484,CB--B:ILE130:N,2.5022176521415416,"NH2--sym1[1,1,0]/A:TYR131:CZ",0.14273810386657715,NH2--B:HOH40:O:3.50A,25.897804260253906,25.18259048461914,26.839664459228516,0.7152137756347656,True,False,False,False
experiment_2_B_localized_sf,B_ARG129,28,0.37492987513542175,1.505163311958313,-75.83;-145.83;-52.11;153.09,g-/t/g-/p-180,15.83;34.17;7.89;26.91,False,3.1618601278270484,CB--B:ILE130:N,2.5022176521415416,"NH2--sym1[1,1,0]/A:TYR131:CZ",0.14273810386657715,NH2--B:HOH40:O:3.50A,25.897804260253906,25.18259048461914,26.839664459228516,0.7152137756347656,True,False,False,False
experiment_2_B_localized_sf,B_ARG129,29,0.37492987513542175,1.505163311958313,-75.83;-145.83;-52.11;153.09,g-/t/g-/p-180,15.83;34.17;7.89;26.91,False,3.1618601278270484,CB--B:ILE130:N,2.5022172085123633,"NH2--sym1[1,1,0]/A:TYR131:CZ",0.14273835718631744,NH2--B:HOH40:O:3.50A,25.897804260253906,25.18259048461914,26.839664459228516,0.7152137756347656,True,False,False,False
experiment_2_B_localized_sf,B_ARG129,30,0.37492990493774414,1.5051637887954712,-75.83;-145.83;-52.11;153.09,g-/t/g-/p-180,15.83;34.17;7.89;26.91,False,3.1618601278270484,CB--B:ILE130:N,2.5022154727895636,"NH2--sym1[1,1,0]/A:TYR131:CZ",0.1427375078201294,NH2--B:HOH40:O:3.50A,25.897804260253906,25.18259048461914,26.839664459228516,0.7152137756347656,True,False,False,False
experiment_2_B_localized_sf,B_ARG129,31,0.37492990493774414,1.5051637887954712,-75.83;-145.83;-52.11;153.09,g-/t/g-/p-180,15.83;34.17;7.89;26.91,False,3.1618601278270484,CB--B:ILE130:N,2.5022154727895636,"NH2--sym1[1,1,0]/A:TYR131:CZ",0.1427375078201294,NH2--B:HOH40:O:3.50A,25.897804260253906,25.18259048461914,26.839664459228516,0.7152137756347656,True,False,False,False
experiment_2_B_localized_sf,B_ARG129,32,0.37492990493774414,1.5051637887954712,-75.83;-145.83;-52.11;153.09,g-/t/g-/p-180,15.83;34.17;7.89;26.91,False,3.1618601278270484,CB--B:ILE130:N,2.5022154727895636,"NH2--sym1[1,1,0]/A:TYR131:CZ",0.1427375078201294,NH2--B:HOH40:O:3.50A,25.897804260253906,25.18259048461914,26.839664459228516,0.7152137756347656,True,False,False,False
experiment_2_B_localized_sf,B_ARG129,33,0.37492987513542175,1.505163311958313,-75.83;-145.83;-52.11;153.09,g-/t/g-/p-180,15.83;34.17;7.89;26.91,False,3.1618601278270484,CB--B:ILE130:N,2.5022176521415416,"NH2--sym1[1,1,0]/A:TYR131:CZ",0.14273810386657715,NH2--B:HOH40:O:3.50A,25.897804260253906,25.18259048461914,26.839664459228516,0.7152137756347656,True,False,False,False
experiment_2_B_localized_sf,B_ARG129,34,0.37492987513542175,1.505163311958313,-75.83;-145.83;-52.11;153.09,g-/t/g-/p-180,15.83;34.17;7.89;26.91,False,3.1618601278270484,CB--B:ILE130:N,2.5022176521415416,"NH2--sym1[1,1,0]/A:TYR131:CZ",0.14273810386657715,NH2--B:HOH40:O:3.50A,25.897804260253906,25.18259048461914,26.839664459228516,0.7152137756347656,True,False,False,False
experiment_2_B_localized_sf,B_ARG129,35,0.3749299645423889,1.505163550376892,-75.83;-145.83;-52.11;153.09,g-/t/g-/p-180,15.83;34.17;7.89;26.91,False,3.1618601278270484,CB--B:ILE130:N,2.5022167648845604,"NH2--sym1[1,1,0]/A:TYR131:CZ",0.1427379995584488,NH2--B:HOH40:O:3.50A,25.897804260253906,25.18259048461914,26.839664459228516,0.7152137756347656,True,False,False,False
experiment_2_B_localized_sf,B_ARG129,36,0.37492987513542175,1.505163311958313,-75.83;-145.83;-52.11;153.09,g-/t/g-/p-180,15.83;34.17;7.89;26.91,False,3.1618601278270484,CB--B:ILE130:N,2.5022176521415416,"NH2--sym1[1,1,0]/A:TYR131:CZ",0.14273810386657715,NH2--B:HOH40:O:3.50A,25.897804260253906,25.18259048461914,26.839664459228516,0.7152137756347656,True,False,False,False
experiment_2_B_localized_sf,B_ARG129,37,0.37492990493774414,1.5051637887954712,-75.83;-145.83;-52.11;153.09,g-/t/g-/p-180,15.83;34.17;7.89;26.91,False,3.1618601278270484,CB--B:ILE130:N,2.5022154727895636,"NH2--sym1[1,1,0]/A:TYR131:CZ",0.1427372545003891,NH2--B:HOH40:O:3.50A,25.897804260253906,25.18259048461914,26.839664459228516,0.7152137756347656,True,False,False,False
experiment_2_B_localized_sf,B_ARG129,38,0.37492987513542175,1.505163311958313,-75.83;-145.83;-52.11;153.09,g-/t/g-/p-180,15.83;34.17;7.89;26.91,False,3.1618601278270484,CB--B:ILE130:N,2.5022176521415416,"NH2--sym1[1,1,0]/A:TYR131:CZ",0.14273810386657715,NH2--B:HOH40:O:3.50A,25.897804260253906,25.18259048461914,26.839664459228516,0.7152137756347656,True,False,False,False
experiment_2_B_localized_sf,B_ARG129,39,0.37492990493774414,1.5051637887954712,-75.83;-145.83;-52.11;153.09,g-/t/g-/p-180,15.83;34.17;7.89;26.91,False,3.1618601278270484,CB--B:ILE130:N,2.5022159164161417,"NH2--sym1[1,1,0]/A:TYR131:CZ",0.14273716509342194,NH2--B:HOH40:O:3.50A,25.897804260253906,25.18259048461914,26.839664459228516,0.7152137756347656,True,False,False,False
experiment_2_B_localized_sf,B_ARG129,40,0.37492987513542175,1.505163311958313,-75.83;-145.83;-52.11;153.09,g-/t/g-/p-180,15.83;34.17;7.89;26.91,False,3.1618601278270484,CB--B:ILE130:N,2.5022176521415416,"NH2--sym1[1,1,0]/A:TYR131:CZ",0.14273810386657715,NH2--B:HOH40:O:3.50A,25.897804260253906,25.18259048461914,26.839664459228516,0.7152137756347656,True,False,False,False
experiment_2_B_localized_sf,B_ARG129,41,0.3749299645423889,1.505163550376892,-75.83;-145.83;-52.11;153.09,g-/t/g-/p-180,15.83;34.17;7.89;26.91,False,3.1618601278270484,CB--B:ILE130:N,2.5022167648845604,"NH2--sym1[1,1,0]/A:TYR131:CZ",0.1427379995584488,NH2--B:HOH40:O:3.50A,25.897804260253906,25.18259048461914,26.839664459228516,0.7152137756347656,True,False,False,False
experiment_2_B_localized_sf,B_ARG129,42,0.37492987513542175,1.505163311958313,-75.83;-145.83;-52.11;153.09,g-/t/g-/p-180,15.83;34.17;7.89;26.91,False,3.1618601278270484,CB--B:ILE130:N,2.5022176521415416,"NH2--sym1[1,1,0]/A:TYR131:CZ",0.14273810386657715,NH2--B:HOH40:O:3.50A,25.897804260253906,25.18259048461914,26.839664459228516,0.7152137756347656,True,False,False,False
experiment_2_B_localized_sf,B_ARG129,43,0.37492987513542175,1.505163311958313,-75.83;-145.83;-52.11;153.09,g-/t/g-/p-180,15.83;34.17;7.89;26.91,False,3.1618601278270484,CB--B:ILE130:N,2.5022176521415416,"NH2--sym1[1,1,0]/A:TYR131:CZ",0.14273810386657715,NH2--B:HOH40:O:3.50A,25.897804260253906,25.18259048461914,26.839664459228516,0.7152137756347656,True,False,False,False
experiment_2_B_localized_sf,B_ARG129,44,0.37492990493774414,1.5051637887954712,-75.83;-145.83;-52.11;153.09,g-/t/g-/p-180,15.83;34.17;7.89;26.91,False,3.1618601278270484,CB--B:ILE130:N,2.5022154727895636,"NH2--sym1[1,1,0]/A:TYR131:CZ",0.1427375078201294,NH2--B:HOH40:O:3.50A,25.897804260253906,25.18259048461914,26.839664459228516,0.7152137756347656,True,False,False,False
experiment_2_B_localized_sf,B_ARG129,45,0.37492990493774414,1.505163550376892,-75.83;-145.83;-52.11;153.09,g-/t/g-/p-180,15.83;34.17;7.89;26.91,False,3.1618601278270484,CB--B:ILE130:N,2.5022176521415416,"NH2--sym1[1,1,0]/A:TYR131:CZ",0.14273814857006073,NH2--B:HOH40:O:3.50A,25.897804260253906,25.18259048461914,26.839664459228516,0.7152137756347656,True,False,False,False
experiment_2_B_localized_sf,B_ARG129,46,0.37492987513542175,1.505163311958313,-75.83;-145.83;-52.11;153.09,g-/t/g-/p-180,15.83;34.17;7.89;26.91,False,3.1618601278270484,CB--B:ILE130:N,2.5022172085123633,"NH2--sym1[1,1,0]/A:TYR131:CZ",0.14273835718631744,NH2--B:HOH40:O:3.50A,25.897804260253906,25.18259048461914,26.839664459228516,0.7152137756347656,True,False,False,False
experiment_2_B_localized_sf,B_ARG129,47,0.37492990493774414,1.5051637887954712,-75.83;-145.83;-52.11;153.09,g-/t/g-/p-180,15.83;34.17;7.89;26.91,False,3.1618601278270484,CB--B:ILE130:N,2.5022154727895636,"NH2--sym1[1,1,0]/A:TYR131:CZ",0.1427372545003891,NH2--B:HOH40:O:3.50A,25.897804260253906,25.18259048461914,26.839664459228516,0.7152137756347656,True,False,False,False
experiment_2_B_localized_sf,B_ARG129,48,0.3749299645423889,1.505163550376892,-75.83;-145.83;-52.11;153.09,g-/t/g-/p-180,15.83;34.17;7.89;26.91,False,3.1618601278270484,CB--B:ILE130:N,2.5022167648845604,"NH2--sym1[1,1,0]/A:TYR131:CZ",0.1427379995584488,NH2--B:HOH40:O:3.50A,25.897804260253906,25.18259048461914,26.839664459228516,0.7152137756347656,True,False,False,False
experiment_2_B_localized_sf,B_ARG129,49,0.37492990493774414,1.5051637887954712,-75.83;-145.83;-52.11;153.09,g-/t/g-/p-180,15.83;34.17;7.89;26.91,False,3.1618601278270484,CB--B:ILE130:N,2.5022154727895636,"NH2--sym1[1,1,0]/A:TYR131:CZ",0.1427375078201294,NH2--B:HOH40:O:3.50A,25.897804260253906,25.18259048461914,26.839664459228516,0.7152137756347656,True,False,False,False
experiment_2_C_realspace_local,B_ARG129,0,0.5284071564674377,1.454944133758545,-77.17;-142.58;-55.41;138.05,g-/t/g-/p180,17.17;37.42;4.59;41.95,False,3.1618601278270484,CB--B:ILE130:N,2.283830768274773,"NH2--sym1[1,1,0]/A:TYR131:CZ",0.13699667155742645,,26.675739288330078,25.18259048461914,26.839664459228516,1.4931488037109375,True,False,False,False
experiment_2_C_realspace_local,B_ARG129,1,0.5284072756767273,1.454944133758545,-77.17;-142.58;-55.41;138.05,g-/t/g-/p180,17.17;37.42;4.59;41.95,False,3.1618601278270484,CB--B:ILE130:N,2.283830768274773,"NH2--sym1[1,1,0]/A:TYR131:CZ",0.13699617981910706,,26.675739288330078,25.18259048461914,26.839664459228516,1.4931488037109375,True,False,False,False
experiment_2_C_realspace_local,B_ARG129,2,0.5284072756767273,1.454944133758545,-77.17;-142.58;-55.41;138.05,g-/t/g-/p180,17.17;37.42;4.59;41.95,False,3.1618601278270484,CB--B:ILE130:N,2.283830768274773,"NH2--sym1[1,1,0]/A:TYR131:CZ",0.13699617981910706,,26.675739288330078,25.18259048461914,26.839664459228516,1.4931488037109375,True,False,False,False
experiment_2_C_realspace_local,B_ARG129,3,0.5284072756767273,1.454944133758545,-77.17;-142.58;-55.41;138.05,g-/t/g-/p180,17.17;37.42;4.59;41.95,False,3.1618601278270484,CB--B:ILE130:N,2.283830768274773,"NH2--sym1[1,1,0]/A:TYR131:CZ",0.13699617981910706,,26.675739288330078,25.18259048461914,26.839664459228516,1.4931488037109375,True,False,False,False
experiment_2_C_realspace_local,B_ARG129,4,0.5284072756767273,1.454944133758545,-77.17;-142.58;-55.41;138.05,g-/t/g-/p180,17.17;37.42;4.59;41.95,False,3.1618601278270484,CB--B:ILE130:N,2.283830768274773,"NH2--sym1[1,1,0]/A:TYR131:CZ",0.13699617981910706,,26.675739288330078,25.18259048461914,26.839664459228516,1.4931488037109375,True,False,False,False
experiment_2_C_realspace_local,B_ARG129,5,0.5284072756767273,1.454944133758545,-77.17;-142.58;-55.41;138.05,g-/t/g-/p180,17.17;37.42;4.59;41.95,False,3.1618601278270484,CB--B:ILE130:N,2.283830768274773,"NH2--sym1[1,1,0]/A:TYR131:CZ",0.13699617981910706,,26.675739288330078,25.18259048461914,26.839664459228516,1.4931488037109375,True,False,False,False
experiment_2_C_realspace_local,B_ARG129,6,0.5284071564674377,1.454944133758545,-77.17;-142.58;-55.41;138.05,g-/t/g-/p180,17.17;37.42;4.59;41.95,False,3.1618601278270484,CB--B:ILE130:N,2.283830768274773,"NH2--sym1[1,1,0]/A:TYR131:CZ",0.13699667155742645,,26.675739288330078,25.18259048461914,26.839664459228516,1.4931488037109375,True,False,False,False
experiment_2_C_realspace_local,B_ARG129,7,0.5284071564674377,1.454944133758545,-77.17;-142.58;-55.41;138.05,g-/t/g-/p180,17.17;37.42;4.59;41.95,False,3.1618601278270484,CB--B:ILE130:N,2.283830768274773,"NH2--sym1[1,1,0]/A:TYR131:CZ",0.13699667155742645,,26.675739288330078,25.18259048461914,26.839664459228516,1.4931488037109375,True,False,False,False
experiment_2_C_realspace_local,B_ARG129,8,0.5284072756767273,1.454944133758545,-77.17;-142.58;-55.41;138.05,g-/t/g-/p180,17.17;37.42;4.59;41.95,False,3.1618601278270484,CB--B:ILE130:N,2.283830768274773,"NH2--sym1[1,1,0]/A:TYR131:CZ",0.13699617981910706,,26.675739288330078,25.18259048461914,26.839664459228516,1.4931488037109375,True,False,False,False
experiment_2_C_realspace_local,B_ARG129,9,0.5284071564674377,1.454944133758545,-77.17;-142.58;-55.41;138.05,g-/t/g-/p180,17.17;37.42;4.59;41.95,False,3.1618601278270484,CB--B:ILE130:N,2.283830768274773,"NH2--sym1[1,1,0]/A:TYR131:CZ",0.13699667155742645,,26.675739288330078,25.18259048461914,26.839664459228516,1.4931488037109375,True,False,False,False
experiment_2_C_realspace_local,B_ARG129,10,0.528407096862793,1.454944133758545,-77.17;-142.58;-55.41;138.05,g-/t/g-/p180,17.17;37.42;4.59;41.95,False,3.1618601278270484,CB--B:ILE130:N,2.283830768274773,"NH2--sym1[1,1,0]/A:TYR131:CZ",0.1369962841272354,,26.675739288330078,25.18259048461914,26.839664459228516,1.4931488037109375,True,False,False,False
experiment_2_C_realspace_local,B_ARG129,11,0.5284071564674377,1.454944133758545,-77.17;-142.58;-55.41;138.05,g-/t/g-/p180,17.17;37.42;4.59;41.95,False,3.1618601278270484,CB--B:ILE130:N,2.283830768274773,"NH2--sym1[1,1,0]/A:TYR131:CZ",0.13699667155742645,,26.675739288330078,25.18259048461914,26.839664459228516,1.4931488037109375,True,False,False,False
experiment_2_C_realspace_local,B_ARG129,12,0.5284072756767273,1.454944133758545,-77.17;-142.58;-55.41;138.05,g-/t/g-/p180,17.17;37.42;4.59;41.95,False,3.1618601278270484,CB--B:ILE130:N,2.283830768274773,"NH2--sym1[1,1,0]/A:TYR131:CZ",0.13699617981910706,,26.675739288330078,25.18259048461914,26.839664459228516,1.4931488037109375,True,False,False,False
experiment_2_C_realspace_local,B_ARG129,13,0.528407096862793,1.454944133758545,-77.17;-142.58;-55.41;138.05,g-/t/g-/p180,17.17;37.42;4.59;41.95,False,3.1618601278270484,CB--B:ILE130:N,2.283830768274773,"NH2--sym1[1,1,0]/A:TYR131:CZ",0.1369962841272354,,26.675739288330078,25.18259048461914,26.839664459228516,1.4931488037109375,True,False,False,False
experiment_2_C_realspace_local,B_ARG129,14,0.5284071564674377,1.454944133758545,-77.17;-142.58;-55.41;138.05,g-/t/g-/p180,17.17;37.42;4.59;41.95,False,3.1618601278270484,CB--B:ILE130:N,2.283830768274773,"NH2--sym1[1,1,0]/A:TYR131:CZ",0.13699667155742645,,26.675739288330078,25.18259048461914,26.839664459228516,1.4931488037109375,True,False,False,False
experiment_2_C_realspace_local,B_ARG129,15,0.5284072756767273,1.454944133758545,-77.17;-142.58;-55.41;138.05,g-/t/g-/p180,17.17;37.42;4.59;41.95,False,3.1618601278270484,CB--B:ILE130:N,2.283830768274773,"NH2--sym1[1,1,0]/A:TYR131:CZ",0.13699617981910706,,26.675739288330078,25.18259048461914,26.839664459228516,1.4931488037109375,True,False,False,False
experiment_2_C_realspace_local,B_ARG129,16,0.5284072756767273,1.454944133758545,-77.17;-142.58;-55.41;138.05,g-/t/g-/p180,17.17;37.42;4.59;41.95,False,3.1618601278270484,CB--B:ILE130:N,2.283830768274773,"NH2--sym1[1,1,0]/A:TYR131:CZ",0.13699617981910706,,26.675739288330078,25.18259048461914,26.839664459228516,1.4931488037109375,True,False,False,False
experiment_2_C_realspace_local,B_ARG129,17,0.5284071564674377,1.454944133758545,-77.17;-142.58;-55.41;138.05,g-/t/g-/p180,17.17;37.42;4.59;41.95,False,3.1618601278270484,CB--B:ILE130:N,2.283830768274773,"NH2--sym1[1,1,0]/A:TYR131:CZ",0.13699667155742645,,26.675739288330078,25.18259048461914,26.839664459228516,1.4931488037109375,True,False,False,False
experiment_2_C_realspace_local,B_ARG129,18,0.5284072756767273,1.454944133758545,-77.17;-142.58;-55.41;138.05,g-/t/g-/p180,17.17;37.42;4.59;41.95,False,3.1618601278270484,CB--B:ILE130:N,2.283830768274773,"NH2--sym1[1,1,0]/A:TYR131:CZ",0.13699617981910706,,26.675739288330078,25.18259048461914,26.839664459228516,1.4931488037109375,True,False,False,False
experiment_2_C_realspace_local,B_ARG129,19,0.5284072756767273,1.454944133758545,-77.17;-142.58;-55.41;138.05,g-/t/g-/p180,17.17;37.42;4.59;41.95,False,3.1618601278270484,CB--B:ILE130:N,2.283830768274773,"NH2--sym1[1,1,0]/A:TYR131:CZ",0.13699617981910706,,26.675739288330078,25.18259048461914,26.839664459228516,1.4931488037109375,True,False,False,False
experiment_2_C_realspace_local,B_ARG129,20,0.5284072756767273,1.454944133758545,-77.17;-142.58;-55.41;138.05,g-/t/g-/p180,17.17;37.42;4.59;41.95,False,3.1618601278270484,CB--B:ILE130:N,2.283830768274773,"NH2--sym1[1,1,0]/A:TYR131:CZ",0.13699617981910706,,26.675739288330078,25.18259048461914,26.839664459228516,1.4931488037109375,True,False,False,False
experiment_2_C_realspace_local,B_ARG129,21,0.5284072756767273,1.454944133758545,-77.17;-142.58;-55.41;138.05,g-/t/g-/p180,17.17;37.42;4.59;41.95,False,3.1618601278270484,CB--B:ILE130:N,2.283830768274773,"NH2--sym1[1,1,0]/A:TYR131:CZ",0.13699617981910706,,26.675739288330078,25.18259048461914,26.839664459228516,1.4931488037109375,True,False,False,False
experiment_2_C_realspace_local,B_ARG129,22,0.5284071564674377,1.454944133758545,-77.17;-142.58;-55.41;138.05,g-/t/g-/p180,17.17;37.42;4.59;41.95,False,3.1618601278270484,CB--B:ILE130:N,2.283830768274773,"NH2--sym1[1,1,0]/A:TYR131:CZ",0.13699667155742645,,26.675739288330078,25.18259048461914,26.839664459228516,1.4931488037109375,True,False,False,False
experiment_2_C_realspace_local,B_ARG129,23,0.5284072756767273,1.454944133758545,-77.17;-142.58;-55.41;138.05,g-/t/g-/p180,17.17;37.42;4.59;41.95,False,3.1618601278270484,CB--B:ILE130:N,2.283830768274773,"NH2--sym1[1,1,0]/A:TYR131:CZ",0.13699617981910706,,26.675739288330078,25.18259048461914,26.839664459228516,1.4931488037109375,True,False,False,False
experiment_2_C_realspace_local,B_ARG129,24,0.5284071564674377,1.454944133758545,-77.17;-142.58;-55.41;138.05,g-/t/g-/p180,17.17;37.42;4.59;41.95,False,3.1618601278270484,CB--B:ILE130:N,2.283830768274773,"NH2--sym1[1,1,0]/A:TYR131:CZ",0.13699667155742645,,26.675739288330078,25.18259048461914,26.839664459228516,1.4931488037109375,True,False,False,False
experiment_2_C_realspace_local,B_ARG129,25,0.5284072756767273,1.454944133758545,-77.17;-142.58;-55.41;138.05,g-/t/g-/p180,17.17;37.42;4.59;41.95,False,3.1618601278270484,CB--B:ILE130:N,2.283830768274773,"NH2--sym1[1,1,0]/A:TYR131:CZ",0.13699617981910706,,26.675739288330078,25.18259048461914,26.839664459228516,1.4931488037109375,True,False,False,False
experiment_2_C_realspace_local,B_ARG129,26,0.5284072756767273,1.454944133758545,-77.17;-142.58;-55.41;138.05,g-/t/g-/p180,17.17;37.42;4.59;41.95,False,3.1618601278270484,CB--B:ILE130:N,2.283830768274773,"NH2--sym1[1,1,0]/A:TYR131:CZ",0.13699617981910706,,26.675739288330078,25.18259048461914,26.839664459228516,1.4931488037109375,True,False,False,False
experiment_2_C_realspace_local,B_ARG129,27,0.528407096862793,1.454944133758545,-77.17;-142.58;-55.41;138.05,g-/t/g-/p180,17.17;37.42;4.59;41.95,False,3.1618601278270484,CB--B:ILE130:N,2.283830768274773,"NH2--sym1[1,1,0]/A:TYR131:CZ",0.1369962841272354,,26.675739288330078,25.18259048461914,26.839664459228516,1.4931488037109375,True,False,False,False
experiment_2_C_realspace_local,B_ARG129,28,0.5284071564674377,1.454944133758545,-77.17;-142.58;-55.41;138.05,g-/t/g-/p180,17.17;37.42;4.59;41.95,False,3.1618601278270484,CB--B:ILE130:N,2.283830768274773,"NH2--sym1[1,1,0]/A:TYR131:CZ",0.13699667155742645,,26.675739288330078,25.18259048461914,26.839664459228516,1.4931488037109375,True,False,False,False
experiment_2_C_realspace_local,B_ARG129,29,0.5284072756767273,1.454944133758545,-77.17;-142.58;-55.41;138.05,g-/t/g-/p180,17.17;37.42;4.59;41.95,False,3.1618601278270484,CB--B:ILE130:N,2.283830768274773,"NH2--sym1[1,1,0]/A:TYR131:CZ",0.13699617981910706,,26.675739288330078,25.18259048461914,26.839664459228516,1.4931488037109375,True,False,False,False
experiment_2_C_realspace_local,B_ARG129,30,0.5284072756767273,1.454944133758545,-77.17;-142.58;-55.41;138.05,g-/t/g-/p180,17.17;37.42;4.59;41.95,False,3.1618601278270484,CB--B:ILE130:N,2.283830768274773,"NH2--sym1[1,1,0]/A:TYR131:CZ",0.13699617981910706,,26.675739288330078,25.18259048461914,26.839664459228516,1.4931488037109375,True,False,False,False
experiment_2_C_realspace_local,B_ARG129,31,0.5284072756767273,1.454944133758545,-77.17;-142.58;-55.41;138.05,g-/t/g-/p180,17.17;37.42;4.59;41.95,False,3.1618601278270484,CB--B:ILE130:N,2.283830768274773,"NH2--sym1[1,1,0]/A:TYR131:CZ",0.13699617981910706,,26.675739288330078,25.18259048461914,26.839664459228516,1.4931488037109375,True,False,False,False
experiment_2_C_realspace_local,B_ARG129,32,0.5284071564674377,1.454944133758545,-77.17;-142.58;-55.41;138.05,g-/t/g-/p180,17.17;37.42;4.59;41.95,False,3.1618601278270484,CB--B:ILE130:N,2.283830768274773,"NH2--sym1[1,1,0]/A:TYR131:CZ",0.13699667155742645,,26.675739288330078,25.18259048461914,26.839664459228516,1.4931488037109375,True,False,False,False
experiment_2_C_realspace_local,B_ARG129,33,0.528407096862793,1.454944133758545,-77.17;-142.58;-55.41;138.05,g-/t/g-/p180,17.17;37.42;4.59;41.95,False,3.1618601278270484,CB--B:ILE130:N,2.283830768274773,"NH2--sym1[1,1,0]/A:TYR131:CZ",0.1369962841272354,,26.675739288330078,25.18259048461914,26.839664459228516,1.4931488037109375,True,False,False,False
experiment_2_C_realspace_local,B_ARG129,34,0.5284071564674377,1.454944133758545,-77.17;-142.58;-55.41;138.05,g-/t/g-/p180,17.17;37.42;4.59;41.95,False,3.1618601278270484,CB--B:ILE130:N,2.283830768274773,"NH2--sym1[1,1,0]/A:TYR131:CZ",0.13699667155742645,,26.675739288330078,25.18259048461914,26.839664459228516,1.4931488037109375,True,False,False,False
experiment_2_C_realspace_local,B_ARG129,35,0.528407096862793,1.454944133758545,-77.17;-142.58;-55.41;138.05,g-/t/g-/p180,17.17;37.42;4.59;41.95,False,3.1618601278270484,CB--B:ILE130:N,2.283830768274773,"NH2--sym1[1,1,0]/A:TYR131:CZ",0.1369962841272354,,26.675739288330078,25.18259048461914,26.839664459228516,1.4931488037109375,True,False,False,False
experiment_2_C_realspace_local,B_ARG129,36,0.5284071564674377,1.454944133758545,-77.17;-142.58;-55.41;138.05,g-/t/g-/p180,17.17;37.42;4.59;41.95,False,3.1618601278270484,CB--B:ILE130:N,2.283830768274773,"NH2--sym1[1,1,0]/A:TYR131:CZ",0.13699667155742645,,26.675739288330078,25.18259048461914,26.839664459228516,1.4931488037109375,True,False,False,False
experiment_2_C_realspace_local,B_ARG129,37,0.5284072756767273,1.454944133758545,-77.17;-142.58;-55.41;138.05,g-/t/g-/p180,17.17;37.42;4.59;41.95,False,3.1618601278270484,CB--B:ILE130:N,2.283830768274773,"NH2--sym1[1,1,0]/A:TYR131:CZ",0.13699617981910706,,26.675739288330078,25.18259048461914,26.839664459228516,1.4931488037109375,True,False,False,False
experiment_2_C_realspace_local,B_ARG129,38,0.5284071564674377,1.454944133758545,-77.17;-142.58;-55.41;138.05,g-/t/g-/p180,17.17;37.42;4.59;41.95,False,3.1618601278270484,CB--B:ILE130:N,2.283830768274773,"NH2--sym1[1,1,0]/A:TYR131:CZ",0.13699667155742645,,26.675739288330078,25.18259048461914,26.839664459228516,1.4931488037109375,True,False,False,False
experiment_2_C_realspace_local,B_ARG129,39,0.528407096862793,1.454944133758545,-77.17;-142.58;-55.41;138.05,g-/t/g-/p180,17.17;37.42;4.59;41.95,False,3.1618601278270484,CB--B:ILE130:N,2.283830768274773,"NH2--sym1[1,1,0]/A:TYR131:CZ",0.1369962841272354,,26.675739288330078,25.18259048461914,26.839664459228516,1.4931488037109375,True,False,False,False
experiment_2_C_realspace_local,B_ARG129,40,0.5284072756767273,1.454944133758545,-77.17;-142.58;-55.41;138.05,g-/t/g-/p180,17.17;37.42;4.59;41.95,False,3.1618601278270484,CB--B:ILE130:N,2.283830768274773,"NH2--sym1[1,1,0]/A:TYR131:CZ",0.13699617981910706,,26.675739288330078,25.18259048461914,26.839664459228516,1.4931488037109375,True,False,False,False
experiment_2_C_realspace_local,B_ARG129,41,0.5284071564674377,1.454944133758545,-77.17;-142.58;-55.41;138.05,g-/t/g-/p180,17.17;37.42;4.59;41.95,False,3.1618601278270484,CB--B:ILE130:N,2.283830768274773,"NH2--sym1[1,1,0]/A:TYR131:CZ",0.13699667155742645,,26.675739288330078,25.18259048461914,26.839664459228516,1.4931488037109375,True,False,False,False
experiment_2_C_realspace_local,B_ARG129,42,0.5284071564674377,1.454944133758545,-77.17;-142.58;-55.41;138.05,g-/t/g-/p180,17.17;37.42;4.59;41.95,False,3.1618601278270484,CB--B:ILE130:N,2.283830768274773,"NH2--sym1[1,1,0]/A:TYR131:CZ",0.13699667155742645,,26.675739288330078,25.18259048461914,26.839664459228516,1.4931488037109375,True,False,False,False
experiment_2_C_realspace_local,B_ARG129,43,0.5284072756767273,1.454944133758545,-77.17;-142.58;-55.41;138.05,g-/t/g-/p180,17.17;37.42;4.59;41.95,False,3.1618601278270484,CB--B:ILE130:N,2.283830768274773,"NH2--sym1[1,1,0]/A:TYR131:CZ",0.13699617981910706,,26.675739288330078,25.18259048461914,26.839664459228516,1.4931488037109375,True,False,False,False
experiment_2_C_realspace_local,B_ARG129,44,0.5284072756767273,1.454944133758545,-77.17;-142.58;-55.41;138.05,g-/t/g-/p180,17.17;37.42;4.59;41.95,False,3.1618601278270484,CB--B:ILE130:N,2.283830768274773,"NH2--sym1[1,1,0]/A:TYR131:CZ",0.13699617981910706,,26.675739288330078,25.18259048461914,26.839664459228516,1.4931488037109375,True,False,False,False
experiment_2_C_realspace_local,B_ARG129,45,0.5284072756767273,1.454944133758545,-77.17;-142.58;-55.41;138.05,g-/t/g-/p180,17.17;37.42;4.59;41.95,False,3.1618601278270484,CB--B:ILE130:N,2.283830768274773,"NH2--sym1[1,1,0]/A:TYR131:CZ",0.13699617981910706,,26.675739288330078,25.18259048461914,26.839664459228516,1.4931488037109375,True,False,False,False
experiment_2_C_realspace_local,B_ARG129,46,0.5284072756767273,1.454944133758545,-77.17;-142.58;-55.41;138.05,g-/t/g-/p180,17.17;37.42;4.59;41.95,False,3.1618601278270484,CB--B:ILE130:N,2.283830768274773,"NH2--sym1[1,1,0]/A:TYR131:CZ",0.13699617981910706,,26.675739288330078,25.18259048461914,26.839664459228516,1.4931488037109375,True,False,False,False
experiment_2_C_realspace_local,B_ARG129,47,0.5284072756767273,1.454944133758545,-77.17;-142.58;-55.41;138.05,g-/t/g-/p180,17.17;37.42;4.59;41.95,False,3.1618601278270484,CB--B:ILE130:N,2.283830768274773,"NH2--sym1[1,1,0]/A:TYR131:CZ",0.13699617981910706,,26.675739288330078,25.18259048461914,26.839664459228516,1.4931488037109375,True,False,False,False
experiment_2_C_realspace_local,B_ARG129,48,0.5284072756767273,1.454944133758545,-77.17;-142.58;-55.41;138.05,g-/t/g-/p180,17.17;37.42;4.59;41.95,False,3.1618601278270484,CB--B:ILE130:N,2.283830768274773,"NH2--sym1[1,1,0]/A:TYR131:CZ",0.13699617981910706,,26.675739288330078,25.18259048461914,26.839664459228516,1.4931488037109375,True,False,False,False
experiment_2_C_realspace_local,B_ARG129,49,0.5284071564674377,1.454944133758545,-77.17;-142.58;-55.41;138.05,g-/t/g-/p180,17.17;37.42;4.59;41.95,False,3.1618601278270484,CB--B:ILE130:N,2.283830768274773,"NH2--sym1[1,1,0]/A:TYR131:CZ",0.13699667155742645,,26.675739288330078,25.18259048461914,26.839664459228516,1.4931488037109375,True,False,False,False
