candidate_id,site,start,conformer,occupancy,assignment,merge_cluster,merge_cluster_occupancy,merge_cluster_representative,merge_cluster_assignment,assigned_occupancy,rmsd_to_A_conventional,rmsd_to_B_conventional,chi_degrees,nearest_rotamer,rotamer_deviation_degrees,rotamer_allowed_width_degrees,rotamer_within_allowed_width,canonical_like_30deg,min_direct_distance,closest_direct_atom,min_direct_clearance,no_direct_clash,min_symmetry_distance,closest_symmetry_atom,min_symmetry_clearance,no_symmetry_clash,no_sub2A_clash,geometry_physical_valid,tmol_energy,tmol_reference_matched_AB,tmol_delta_vs_matched_AB,tmol_valid,strict_physical_valid
4C16_A_MET258__000__0,4C16_A_MET258,0,0,0.163362,other,0,0.163362,True,other,0.163362,1.0460700988769531,1.5239543914794922,-83.5597;-156.7859;89.6730,g-/t/m+,23.5597;23.2141;0.3270,45.0000;45.0000;60.0000,True,True,2.96054887665739,A:LYS279:NZ,0.96054887665739,True,5.83572741405452,"sym0[-1,1,0]/B:GLU132:OE2",3.83572741405452,True,True,True,78.98193359375,nan,nan,False,False
4C16_A_MET258__000__1,4C16_A_MET258,0,1,0.20398553,other,1,0.20398553,True,other,0.20398553,1.4820280075073242,2.85244083404541,-168.7062;158.1190;90.3656,t/t/m+,11.2938;21.8810;0.3656,45.0000;45.0000;60.0000,True,True,3.406105266796932,A:THR277:OG1,1.4061052667969318,True,5.795681233896905,"sym0[-1,1,0]/B:GLU132:OE2",3.7956812338969046,True,True,True,77.31608581542969,nan,nan,False,False
4C16_A_MET258__000__2,4C16_A_MET258,0,2,0.093670815,other,2,0.093670815,True,other,0.093670815,1.4465361833572388,1.8338255882263184,-171.6646;66.1319;91.3550,t/g+/m+,8.3354;6.1319;1.3550,45.0000;45.0000;60.0000,True,True,3.406105266796932,A:THR277:OG1,1.4061052667969318,True,6.680777675771732,"sym0[-1,1,0]/B:GLU132:OE2",4.680777675771732,True,True,True,75.929931640625,nan,nan,False,False
4C16_A_MET258__000__3,4C16_A_MET258,0,3,0.53898168,other,3,0.53898168,True,other,0.53898168,3.1463561058044434,1.4836069345474243,-53.7263;-75.9707;102.8047,g-/g-/m+,6.2737;15.9707;12.8047,45.0000;45.0000;60.0000,True,True,2.941457214844846,A:GLU256:CG,0.9414572148448461,True,8.540353187131965,"sym0[-1,1,0]/B:GLU132:OE2",6.540353187131965,True,True,True,226.86416625976562,nan,nan,False,False
4C16_A_MET258__001__0,4C16_A_MET258,1,0,0.30270186,A,0,0.30270186,True,A,0.30270186,0.1679847240447998,2.322237491607666,-163.0627;158.1967;-173.2053,t/t/t,16.9373;21.8033;6.7947,45.0000;45.0000;60.0000,True,True,3.3455085685885435,A:LYS279:NZ,1.3455085685885435,True,4.829714596177937,"sym0[-1,1,0]/B:GLU132:OE2",2.8297145961779373,True,True,True,108.00513458251953,109.64179992675781,-1.6366653442382812,True,True
4C16_A_MET258__001__1,4C16_A_MET258,1,1,0.052043982,other,1,0.052043982,True,other,0.052043982,1.5461201667785645,1.7555843591690063,-161.6868;93.7242;-122.2766,t/g+/m-,18.3132;33.7242;32.2766,45.0000;45.0000;60.0000,True,True,3.406105266796932,A:THR277:OG1,1.4061052667969318,True,7.08544078105535,"sym0[-1,1,0]/B:GLU132:OE2",5.08544078105535,True,True,True,82.0383071899414,nan,nan,False,False
4C16_A_MET258__001__2,4C16_A_MET258,1,2,0.58260542,B,2,0.58260542,True,B,0.58260542,2.210585355758667,0.19850870966911316,-51.4849;-62.8202;-72.2284,g-/g-/m-,8.5151;2.8202;17.7716,45.0000;45.0000;60.0000,True,True,3.3936216987766796,A:GLU256:O,1.3936216987766796,True,6.167691773494623,"sym0[-1,1,0]/S:HOH624:O",4.807691759189508,True,True,True,104.31481170654297,105.44197082519531,-1.1271591186523438,True,True
4C16_A_MET258__001__3,4C16_A_MET258,1,3,0.062648706,other,3,0.062648706,True,other,0.062648706,1.106711745262146,1.472447395324707,-80.8909;-156.8210;91.2168,g-/t/m+,20.8909;23.1790;1.2168,45.0000;45.0000;60.0000,True,True,2.927735986702886,A:LYS279:CE,0.9277359867028858,True,5.947653670828306,"sym0[-1,1,0]/B:GLU132:OE2",3.9476536708283056,True,True,True,78.59305572509766,nan,nan,False,False
4C16_A_MET258__002__0,4C16_A_MET258,2,0,0.57836145,other,0,0.57836145,True,other,0.57836145,2.8318228721618652,1.6778854131698608,-114.5276;62.1689;83.5460,g-/g+/m+,54.5276;2.1689;6.4540,45.0000;45.0000;60.0000,False,False,3.020575742903237,A:LYS279:CB,1.0205757429032372,True,7.802612470011787,"sym0[-1,1,0]/B:GLU132:OE2",5.802612470011787,True,True,False,80.45822143554688,nan,nan,False,False
4C16_A_MET258__002__1,4C16_A_MET258,2,1,0.34574342,A,1,0.34574342,True,A,0.34574342,0.054701127111911774,2.2437052726745605,-162.3873;153.5780;-171.9600,t/t/t,17.6127;26.4220;8.0400,45.0000;45.0000;60.0000,True,True,3.311747848510857,A:LYS279:NZ,1.3117478485108571,True,4.929233392292011,"sym0[-1,1,0]/B:GLU132:OE2",2.9292333922920113,True,True,True,108.99988555908203,109.64179992675781,-0.6419143676757812,True,True
4C16_A_MET258__002__3,4C16_A_MET258,2,3,0.063173562,other,2,0.063173562,True,other,0.063173562,2.5324528217315674,2.4870636463165283,-33.4066;157.1937;38.6894,g-/t/m+,26.5934;22.8063;51.3106,45.0000;45.0000;60.0000,True,True,2.8007468368320994,A:LYS279:CB,0.8007468368320994,True,6.952658645998145,"sym0[-1,1,0]/B:GLU132:OE2",4.952658645998145,True,True,True,82.81352233886719,nan,nan,False,False
4C16_A_MET258__003__2,4C16_A_MET258,3,2,0.36471677,A,0,0.36471677,True,A,0.36471677,0.09590734541416168,2.2633464336395264,-160.7746;156.7511;-174.2412,t/t/t,19.2254;23.2489;5.7588,45.0000;45.0000;60.0000,True,True,3.300017366016924,A:LYS279:NZ,1.3000173660169239,True,4.89778884234187,"sym0[-1,1,0]/B:GLU132:OE2",2.8977888423418703,True,True,True,108.85678100585938,109.64179992675781,-0.7850189208984375,True,True
4C16_A_MET258__003__3,4C16_A_MET258,3,3,0.62757331,B,1,0.62757331,True,B,0.62757331,2.187323570251465,0.15319062769412994,-51.6871;-63.7058;-68.5046,g-/g-/m-,8.3129;3.7058;21.4954,45.0000;45.0000;60.0000,True,True,3.3964731177999132,A:GLU256:O,1.3964731177999132,True,6.144944932009168,"sym0[-1,1,0]/S:HOH624:O",4.7849449177040535,True,True,True,104.33817291259766,105.44197082519531,-1.1037979125976562,True,True
4C16_A_MET258__004__0,4C16_A_MET258,4,0,0.30593556,A,0,0.30593556,True,A,0.30593556,0.17448781430721283,2.321347713470459,-161.4268;160.6106;-173.7077,t/t/t,18.5732;19.3894;6.2923,45.0000;45.0000;60.0000,True,True,3.337098219775634,A:LYS279:NZ,1.3370982197756338,True,4.840823789031634,"sym0[-1,1,0]/B:GLU132:OE2",2.840823789031634,True,True,True,108.10282135009766,109.64179992675781,-1.5389785766601562,True,True
4C16_A_MET258__004__1,4C16_A_MET258,4,1,0.60656893,B,1,0.60656893,True,B,0.60656893,2.198756694793701,0.15839551389217377,-51.7646;-63.0013;-69.4428,g-/g-/m-,8.2354;3.0013;20.5572,45.0000;45.0000;60.0000,True,True,3.3975666165687697,A:GLU256:O,1.3975666165687697,True,6.16531313122271,"sym0[-1,1,0]/S:HOH624:O",4.8053131169175956,True,True,True,104.32154846191406,105.44197082519531,-1.12042236328125,True,True
4C16_A_MET258__004__2,4C16_A_MET258,4,2,0.055800334,other,2,0.055800334,True,other,0.055800334,1.1287368535995483,1.4662554264068604,-80.0998;-157.9271;92.1184,g-/t/m+,20.0998;22.0729;2.1184,45.0000;45.0000;60.0000,True,True,2.8918782057886796,A:LYS279:CE,0.8918782057886796,True,5.970120938587404,"sym0[-1,1,0]/B:GLU132:OE2",3.970120938587404,True,True,True,78.36074829101562,nan,nan,False,False
4C16_A_MET258__005__0,4C16_A_MET258,5,0,0.36165544,A,0,0.36165544,True,A,0.36165544,0.09823527932167053,2.2653348445892334,-160.8205;156.8756;-174.1624,t/t/t,19.1795;23.1244;5.8376,45.0000;45.0000;60.0000,True,True,3.3014395322441974,A:LYS279:NZ,1.3014395322441974,True,4.896275043186638,"sym0[-1,1,0]/B:GLU132:OE2",2.8962750431866384,True,True,True,108.82276916503906,109.64179992675781,-0.81903076171875,True,True
4C16_A_MET258__005__3,4C16_A_MET258,5,3,0.62049508,B,1,0.62049508,True,B,0.62049508,2.1907711029052734,0.1621783822774887,-51.5674;-63.6777;-69.1360,g-/g-/m-,8.4326;3.6777;20.8640,45.0000;45.0000;60.0000,True,True,3.394784214211322,A:GLU256:O,1.394784214211322,True,6.146157946766173,"sym0[-1,1,0]/S:HOH624:O",4.786157932461058,True,True,True,104.33543395996094,105.44197082519531,-1.106536865234375,True,True
4C16_A_MET258__006__0,4C16_A_MET258,6,0,0.27629212,A,0,0.27629212,True,A,0.27629212,0.23738634586334229,2.3743896484375,-166.3238;158.7731;-169.6185,t/t/t,13.6762;21.2269;10.3815,45.0000;45.0000;60.0000,True,True,3.4035080797969814,A:LYS279:NZ,1.4035080797969814,True,4.793362423011962,"sym0[-1,1,0]/B:GLU132:OE2",2.7933624230119616,True,True,True,107.22097778320312,109.64179992675781,-2.4208221435546875,True,True
4C16_A_MET258__006__2,4C16_A_MET258,6,2,0.55186868,other,1,0.55186868,True,other,0.55186868,2.85512113571167,1.6880537271499634,-114.3979;61.2140;81.9588,g-/g+/m+,54.3979;1.2140;8.0412,45.0000;45.0000;60.0000,False,False,3.0348446677611647,A:LYS279:CB,1.0348446677611647,True,7.804859030084014,"sym0[-1,1,0]/B:GLU132:OE2",5.804859030084014,True,True,False,80.53594970703125,nan,nan,False,False
4C16_A_MET258__006__3,4C16_A_MET258,6,3,0.16868517,other,2,0.16868517,True,other,0.16868517,1.3467671871185303,1.2497379779815674,-72.0445;-147.3491;91.2102,g-/t/m+,12.0445;32.6509;1.2102,45.0000;45.0000;60.0000,True,True,2.9853181732105365,A:LYS279:CE,0.9853181732105365,True,6.508933489245654,"sym0[-1,1,0]/B:GLU132:OE2",4.508933489245654,True,True,True,79.04519653320312,nan,nan,False,False
4C16_A_MET258__007__1,4C16_A_MET258,7,1,0.35510203,A,0,0.35510203,True,A,0.35510203,0.10526543110609055,2.272167921066284,-161.1401;156.8827;-174.1781,t/t/t,18.8599;23.1173;5.8219,45.0000;45.0000;60.0000,True,True,3.306533548597897,A:LYS279:NZ,1.3065335485978968,True,4.88588152860385,"sym0[-1,1,0]/B:GLU132:OE2",2.88588152860385,True,True,True,108.73020935058594,109.64179992675781,-0.911590576171875,True,True
4C16_A_MET258__007__3,4C16_A_MET258,7,3,0.60291737,B,1,0.60291737,True,B,0.60291737,2.1676251888275146,0.1580520123243332,-52.1493;-64.2281;-68.3435,g-/g-/m-,7.8507;4.2281;21.6565,45.0000;45.0000;60.0000,True,True,3.40304720171757,A:GLU256:O,1.4030472017175701,True,6.108668917418381,"sym0[-1,1,0]/S:HOH624:O",4.748668903113266,True,True,True,104.30384826660156,105.44197082519531,-1.13812255859375,True,True
4C16_A_MET258__008__0,4C16_A_MET258,8,0,0.36082014,A,0,0.36082014,True,A,0.36082014,0.09616794437170029,2.2635128498077393,-160.7715;156.7767;-174.2280,t/t/t,19.2285;23.2233;5.7720,45.0000;45.0000;60.0000,True,True,3.3001133820815007,A:LYS279:NZ,1.3001133820815007,True,4.897816917498003,"sym0[-1,1,0]/B:GLU132:OE2",2.8978169174980026,True,True,True,108.85627746582031,109.64179992675781,-0.7855224609375,True,True
4C16_A_MET258__008__1,4C16_A_MET258,8,1,0.61435711,B,1,0.61435711,True,B,0.61435711,2.177323818206787,0.15760819613933563,-52.0320;-63.8414;-68.7350,g-/g-/m-,7.9680;3.8414;21.2650,45.0000;45.0000;60.0000,True,True,3.4013701321421674,A:GLU256:O,1.4013701321421674,True,6.125961004938435,"sym0[-1,1,0]/S:HOH624:O",4.76596099063332,True,True,True,104.30108642578125,105.44197082519531,-1.1408843994140625,True,True
4C16_A_MET258__009__0,4C16_A_MET258,9,0,0.24605079,other,0,0.24605079,True,other,0.24605079,1.4509294033050537,2.8153388500213623,-169.1458;155.3045;90.4197,t/t/m+,10.8542;24.6955;0.4197,45.0000;45.0000;60.0000,True,True,3.406105266796932,A:THR277:OG1,1.4061052667969318,True,5.79238975646315,"sym0[-1,1,0]/B:GLU132:OE2",3.79238975646315,True,True,True,77.50395965576172,nan,nan,False,False
4C16_A_MET258__009__1,4C16_A_MET258,9,1,0.059253167,other,1,0.059253167,True,other,0.059253167,2.916278839111328,1.373793125152588,-95.1237;53.3549;179.9562,g-/g+/t,35.1237;6.6451;0.0438,45.0000;45.0000;60.0000,True,True,2.996707225040304,A:GLU256:O,0.996707225040304,True,8.157181828193128,"sym0[-1,1,0]/B:GLU132:OE2",6.157181828193128,True,True,True,186.89923095703125,nan,nan,False,False
4C16_A_MET258__009__2,4C16_A_MET258,9,2,0.17690459,other,2,0.17690459,True,other,0.17690459,1.1328047513961792,1.419109582901001,-79.8153;-152.1992;90.1704,g-/t/m+,19.8153;27.8008;0.1704,45.0000;45.0000;60.0000,True,True,2.9836642424617748,A:LYS279:NZ,0.9836642424617748,True,6.06384075024244,"sym0[-1,1,0]/B:GLU132:OE2",4.06384075024244,True,True,True,79.08282470703125,nan,nan,False,False
4C16_A_MET258__009__3,4C16_A_MET258,9,3,0.51779139,other,3,0.51779139,True,other,0.51779139,3.052952766418457,1.4706511497497559,-54.9375;-64.9957;174.0948,g-/g-/t,5.0625;4.9957;5.9052,45.0000;45.0000;60.0000,True,True,3.1684756015043596,A:GLU256:OE2,1.1684756015043596,True,8.639275418104157,"sym0[-1,1,0]/B:GLU132:OE2",6.639275418104157,True,True,True,170.46376037597656,nan,nan,False,False
4C16_A_MET258__010__1,4C16_A_MET258,10,1,0.35766488,A,0,0.35766488,True,A,0.35766488,0.09926457703113556,2.2666265964508057,-160.9072;156.8258;-174.1787,t/t/t,19.0928;23.1742;5.8213,45.0000;45.0000;60.0000,True,True,3.3025234572695656,A:LYS279:NZ,1.3025234572695656,True,4.893855555298623,"sym0[-1,1,0]/B:GLU132:OE2",2.8938555552986234,True,True,True,108.80815887451172,109.64179992675781,-0.8336410522460938,True,True
4C16_A_MET258__010__2,4C16_A_MET258,10,2,0.053748127,other,1,0.053748127,True,other,0.053748127,2.9485933780670166,1.3952558040618896,-94.0555;51.3228;178.9202,g-/g+/t,34.0555;8.6772;1.0798,45.0000;45.0000;60.0000,True,True,2.976517102905851,A:GLU256:O,0.9765171029058508,True,8.177338578498773,"sym0[-1,1,0]/B:GLU132:OE2",6.177338578498773,True,True,True,196.01837158203125,nan,nan,False,False
4C16_A_MET258__010__3,4C16_A_MET258,10,3,0.58576524,B,2,0.58576524,True,B,0.58576524,2.158400297164917,0.17198485136032104,-52.6815;-64.1113;-69.3980,g-/g-/m-,7.3185;4.1113;20.6020,45.0000;45.0000;60.0000,True,True,3.406105266796932,A:THR277:OG1,1.4061052667969318,True,6.0883222311479654,"sym0[-1,1,0]/S:HOH624:O",4.728322216842851,True,True,True,104.2271728515625,105.44197082519531,-1.2147979736328125,True,True
4C16_A_MET258__011__0,4C16_A_MET258,11,0,0.15188073,other,0,0.15188073,True,other,0.15188073,1.1575995683670044,1.4006435871124268,-77.9935;-152.1399;86.5970,g-/t/m+,17.9935;27.8601;3.4030,45.0000;45.0000;60.0000,True,True,2.9725253802619465,A:LYS279:NZ,0.9725253802619465,True,6.080778754923056,"sym0[-1,1,0]/B:GLU132:OE2",4.080778754923056,True,True,True,78.52227020263672,nan,nan,False,False
4C16_A_MET258__011__1,4C16_A_MET258,11,1,0.27754986,A,1,0.27754986,True,A,0.27754986,0.839176595211029,2.1001949310302734,-173.9405;154.2432;-92.8964,t/t/m-,6.0595;25.7568;2.8964,45.0000;45.0000;60.0000,True,True,3.406105266796932,A:THR277:OG1,1.4061052667969318,True,6.122153157091438,"sym0[-1,1,0]/B:GLU132:OE2",4.122153157091438,True,True,True,107.34099578857422,109.64179992675781,-2.3008041381835938,True,True
4C16_A_MET258__011__3,4C16_A_MET258,11,3,0.57016337,other,2,0.57016337,True,other,0.57016337,2.41894793510437,1.0729461908340454,-112.2361;63.2531;-172.5051,g-/g+/t,52.2361;3.2531;7.4949,45.0000;45.0000;60.0000,False,False,3.393125325302376,A:GLU256:OE2,1.393125325302376,True,7.842612955932006,"sym0[-1,1,0]/B:GLU132:OE2",5.842612955932006,True,True,False,84.54736328125,nan,nan,False,False
4C16_A_MET258__012__0,4C16_A_MET258,12,0,0.085895218,other,0,0.085895218,True,other,0.085895218,1.6047803163528442,2.5212135314941406,179.4664;60.0033;-179.1618,t/g+/t,0.5336;0.0033;0.8382,45.0000;45.0000;60.0000,True,True,3.406105266796932,A:THR277:OG1,1.4061052667969318,True,5.410603697894251,"sym0[-1,1,0]/B:GLU132:OE2",3.410603697894251,True,True,True,76.2448959350586,nan,nan,False,False
4C16_A_MET258__012__1,4C16_A_MET258,12,1,0.093419559,other,1,0.093419559,True,other,0.093419559,1.2032270431518555,1.364405870437622,-77.3234;-151.5055;92.4353,g-/t/m+,17.3234;28.4945;2.4353,45.0000;45.0000;60.0000,True,True,2.9752096178899072,A:LYS279:NZ,0.9752096178899072,True,6.208850966713748,"sym0[-1,1,0]/B:GLU132:OE2",4.208850966713748,True,True,True,79.0093994140625,nan,nan,False,False
4C16_A_MET258__012__2,4C16_A_MET258,12,2,0.53554004,other,2,0.53554004,True,other,0.53554004,3.1421315670013428,1.480688214302063,-53.9736;-75.9122;102.9283,g-/g-/m+,6.0264;15.9122;12.9283,45.0000;45.0000;60.0000,True,True,2.9466505775383096,A:GLU256:CG,0.9466505775383096,True,8.533036428468593,"sym0[-1,1,0]/B:GLU132:OE2",6.533036428468593,True,True,True,225.26466369628906,nan,nan,False,False
4C16_A_MET258__012__3,4C16_A_MET258,12,3,0.28514519,A,3,0.28514519,True,A,0.28514519,0.15286293625831604,2.309948444366455,-162.2301;158.5472;-173.3266,t/t/t,17.7699;21.4528;6.6734,45.0000;45.0000;60.0000,True,True,3.334376542408124,A:LYS279:NZ,1.334376542408124,True,4.848068773774147,"sym0[-1,1,0]/B:GLU132:OE2",2.8480687737741466,True,True,True,108.1753921508789,109.64179992675781,-1.4664077758789062,True,True
4C16_A_MET258__013__0,4C16_A_MET258,13,0,0.52910209,other,0,0.52910209,True,other,0.52910209,3.150465488433838,1.4835704565048218,-52.1176;-77.4875;101.6003,g-/g-/m+,7.8824;17.4875;11.6003,45.0000;45.0000;60.0000,True,True,2.9402183926696077,A:GLU256:CG,0.9402183926696077,True,8.55829316316767,"sym0[-1,1,0]/B:GLU132:OE2",6.55829316316767,True,True,True,228.0064697265625,nan,nan,False,False
4C16_A_MET258__013__1,4C16_A_MET258,13,1,0.066445448,other,1,0.066445448,True,other,0.066445448,2.796140670776367,1.3775124549865723,-73.7613;-70.5885;91.6733,g-/g-/m+,13.7613;10.5885;1.6733,45.0000;45.0000;60.0000,True,True,2.9934774324558187,A:LEU257:O,0.9934774324558187,True,7.964912981678918,"sym0[-1,1,0]/B:GLU132:OE2",5.964912981678918,True,True,True,86.80950164794922,nan,nan,False,False
4C16_A_MET258__013__3,4C16_A_MET258,13,3,0.35631382,A,2,0.35631382,True,A,0.35631382,0.07397306710481644,2.2492706775665283,-160.8833;155.6902;-173.7320,t/t/t,19.1167;24.3098;6.2680,45.0000;45.0000;60.0000,True,True,3.296305490811743,A:LYS279:NZ,1.296305490811743,True,4.917133191787115,"sym0[-1,1,0]/B:GLU132:OE2",2.917133191787115,True,True,True,109.012939453125,109.64179992675781,-0.6288604736328125,True,True
4C16_A_MET258__014__1,4C16_A_MET258,14,1,0.31867743,A,0,0.31867743,True,A,0.31867743,0.15719804167747498,2.3145148754119873,-162.8404;157.9788;-173.1455,t/t/t,17.1596;22.0212;6.8545,45.0000;45.0000;60.0000,True,True,3.340469564308109,A:LYS279:NZ,1.3404695643081088,True,4.839836853784302,"sym0[-1,1,0]/B:GLU132:OE2",2.839836853784302,True,True,True,108.09973907470703,109.64179992675781,-1.5420608520507812,True,True
4C16_A_MET258__014__2,4C16_A_MET258,14,2,0.067781761,other,1,0.067781761,True,other,0.067781761,1.1221708059310913,1.4547343254089355,-79.6601;-155.7645;88.2698,g-/t/m+,19.6601;24.2355;1.7302,45.0000;45.0000;60.0000,True,True,2.930130324996778,A:LYS279:CE,0.9301303249967781,True,5.970224300297431,"sym0[-1,1,0]/B:GLU132:OE2",3.9702243002974313,True,True,True,78.29743957519531,nan,nan,False,False
4C16_A_MET258__014__3,4C16_A_MET258,14,3,0.60912859,B,2,0.60912859,True,B,0.60912859,2.193354845046997,0.14535890519618988,-51.7804;-63.2565;-68.3166,g-/g-/m-,8.2196;3.2565;21.6834,45.0000;45.0000;60.0000,True,True,3.3977938708448,A:GLU256:O,1.3977938708448,True,6.161620815840274,"sym0[-1,1,0]/S:HOH624:O",4.801620801535159,True,True,True,104.3352279663086,105.44197082519531,-1.1067428588867188,True,True
4C16_A_MET258__015__1,4C16_A_MET258,15,1,0.34314531,other,0,0.34314531,True,other,0.34314531,1.322920799255371,2.6505229473114014,-164.9955;148.8876;90.7577,t/t/m+,15.0045;31.1124;0.7577,45.0000;45.0000;60.0000,True,True,3.3467949286914673,A:LYS279:NZ,1.3467949286914673,True,5.746355631827774,"sym0[-1,1,0]/B:GLU132:OE2",3.7463556318277744,True,True,True,79.06859588623047,nan,nan,False,False
4C16_A_MET258__015__2,4C16_A_MET258,15,2,0.19717601,other,1,0.19717601,True,other,0.19717601,3.0438880920410156,1.735319972038269,-102.3768;53.5260;106.0785,g-/g+/m+,42.3768;6.4740;16.0785,45.0000;45.0000;60.0000,True,True,2.9814956217886883,A:LYS279:CB,0.9814956217886883,True,8.021333796430664,"sym0[-1,1,0]/B:GLU132:OE2",6.021333796430664,True,True,True,84.2300796508789,nan,nan,False,False
4C16_A_MET258__015__3,4C16_A_MET258,15,3,0.44342381,other,2,0.44342381,True,other,0.44342381,3.1066412925720215,1.458343744277954,-56.3395;-75.0893;104.1708,g-/g-/m+,3.6605;15.0893;14.1708,45.0000;45.0000;60.0000,True,True,2.9851597761669013,A:LEU257:O,0.9851597761669013,True,8.469812125157274,"sym0[-1,1,0]/B:GLU132:OE2",6.469812125157274,True,True,True,212.49945068359375,nan,nan,False,False
4C16_A_MET258__016__1,4C16_A_MET258,16,1,0.35688943,A,0,0.35688943,True,A,0.35688943,0.09805157780647278,2.266267776489258,-160.9635;156.7844;-174.0195,t/t/t,19.0365;23.2156;5.9805,45.0000;45.0000;60.0000,True,True,3.3031900073103926,A:LYS279:NZ,1.3031900073103926,True,4.895554428882217,"sym0[-1,1,0]/B:GLU132:OE2",2.8955544288822166,True,True,True,108.8052749633789,109.64179992675781,-0.8365249633789062,True,True
4C16_A_MET258__016__2,4C16_A_MET258,16,2,0.59133196,B,1,0.59133196,True,B,0.59133196,2.163097381591797,0.1699441522359848,-52.5354;-64.0292;-69.3887,g-/g-/m-,7.4646;4.0292;20.6113,45.0000;45.0000;60.0000,True,True,3.406105266796932,A:THR277:OG1,1.4061052667969318,True,6.096750288842515,"sym0[-1,1,0]/S:HOH624:O",4.736750274537401,True,True,True,104.24407196044922,105.44197082519531,-1.1978988647460938,True,True
4C16_A_MET258__017__1,4C16_A_MET258,17,1,0.33566013,A,0,0.33566013,True,A,0.33566013,0.9366406202316284,2.013399362564087,-172.2085;149.1767;-89.7118,t/t/m-,7.7915;30.8233;0.2882,45.0000;45.0000;60.0000,True,True,3.406105266796932,A:THR277:OG1,1.4061052667969318,True,6.180996131057703,"sym0[-1,1,0]/B:GLU132:OE2",4.180996131057703,True,True,True,108.51920318603516,109.64179992675781,-1.1225967407226562,True,True
4C16_A_MET258__017__2,4C16_A_MET258,17,2,0.57297647,other,1,0.57297647,True,other,0.57297647,2.8563714027404785,1.6902153491973877,-114.0528;61.4850;82.5901,g-/g+/m+,54.0528;1.4850;7.4099,45.0000;45.0000;60.0000,False,False,3.0147345053023358,A:LYS279:CB,1.0147345053023358,True,7.810843627589121,"sym0[-1,1,0]/B:GLU132:OE2",5.810843627589121,True,True,False,80.45883178710938,nan,nan,False,False
4C16_A_MET258__017__3,4C16_A_MET258,17,3,0.09136337,other,2,0.09136337,True,other,0.09136337,1.8937662839889526,2.1256895065307617,-74.5657;-148.9272;-43.0206,g-/t/m-,14.5657;31.0728;46.9794,45.0000;45.0000;60.0000,True,True,2.9706879275901215,A:LYS279:CE,0.9706879275901215,True,6.787009726699929,"sym0[-1,1,0]/B:GLU132:OE2",4.787009726699929,True,True,True,80.1640625,nan,nan,False,False
4C16_A_MET258__018__0,4C16_A_MET258,18,0,0.24079306,other,0,0.24079306,True,other,0.24079306,1.5349096059799194,2.838613986968994,-162.9133;162.8714;80.8533,t/t/m+,17.0867;17.1286;9.1467,45.0000;45.0000;60.0000,True,True,3.3819134640604944,A:LYS279:NZ,1.3819134640604944,True,5.972772688931954,"sym0[-1,1,0]/B:GLU132:OE2",3.972772688931954,True,True,True,77.66815948486328,nan,nan,False,False
4C16_A_MET258__018__2,4C16_A_MET258,18,2,0.56305188,other,1,0.56305188,True,other,0.56305188,3.086627721786499,1.496661901473999,-54.3888;-64.5503;172.4866,g-/g-/t,5.6112;4.5503;7.5134,45.0000;45.0000;60.0000,True,True,3.1597352251645594,A:GLU256:OE2,1.1597352251645594,True,8.639275418104157,"sym0[-1,1,0]/B:GLU132:OE2",6.639275418104157,True,True,True,187.95587158203125,nan,nan,False,False
4C16_A_MET258__018__3,4C16_A_MET258,18,3,0.18362324,other,2,0.18362324,True,other,0.18362324,1.1528793573379517,1.440769910812378,-76.1285;-149.7206;66.9647,g-/t/m+,16.1285;30.2794;23.0353,45.0000;45.0000;60.0000,True,True,2.98754968714525,A:LYS279:NZ,0.98754968714525,True,5.95417424256373,"sym0[-1,1,0]/B:GLU132:OE2",3.95417424256373,True,True,True,78.6644058227539,nan,nan,False,False
4C16_A_MET258__019__1,4C16_A_MET258,19,1,0.37582126,A,0,0.37582126,True,A,0.37582126,0.9470205903053284,1.9735710620880127,-168.1120;149.9928;-95.6009,t/t/m-,11.8880;30.0072;5.6009,45.0000;45.0000;60.0000,True,True,3.3992611557452865,A:LYS279:NZ,1.3992611557452865,True,6.243458337081929,"sym0[-1,1,0]/B:GLU132:OE2",4.243458337081929,True,True,True,109.08846282958984,109.64179992675781,-0.5533370971679688,True,True
4C16_A_MET258__019__2,4C16_A_MET258,19,2,0.3793695,other,1,0.3793695,True,other,0.3793695,3.1233880519866943,1.5292205810546875,-51.5546;-63.0427;179.0297,g-/g-/t,8.4454;3.0427;0.9703,45.0000;45.0000;60.0000,True,True,3.293391212995359,A:GLU256:CD,1.2933912129953589,True,8.639275418104157,"sym0[-1,1,0]/B:GLU132:OE2",6.639275418104157,True,True,True,167.27496337890625,nan,nan,False,False
4C16_A_MET258__019__3,4C16_A_MET258,19,3,0.19982286,other,2,0.19982286,True,other,0.19982286,3.0066134929656982,1.3971325159072876,-61.0807;-74.4196;101.3777,g-/g-/m+,1.0807;14.4196;11.3777,45.0000;45.0000;60.0000,True,True,2.988981350229804,A:LEU257:O,0.9889813502298042,True,8.31666952085065,"sym0[-1,1,0]/B:GLU132:OE2",6.316669520850651,True,True,True,154.30392456054688,nan,nan,False,False
4C16_A_MET258__020__2,4C16_A_MET258,20,2,0.5884313,other,0,0.5884313,True,other,0.5884313,3.1481337547302246,1.4843106269836426,-53.4118;-76.2180;102.5557,g-/g-/m+,6.5882;16.2180;12.5557,45.0000;45.0000;60.0000,True,True,2.940337340041157,A:GLU256:CG,0.940337340041157,True,8.545130420100792,"sym0[-1,1,0]/B:GLU132:OE2",6.545130420100792,True,True,True,227.089111328125,nan,nan,False,False
4C16_A_MET258__020__3,4C16_A_MET258,20,3,0.37287787,A,1,0.37287787,True,A,0.37287787,0.906286358833313,1.9933305978775024,-167.6143;151.9249;-98.7187,t/t/m-,12.3857;28.0751;8.7187,45.0000;45.0000;60.0000,True,True,3.393491879748724,A:LYS279:NZ,1.3934918797487241,True,6.2345704546586695,"sym0[-1,1,0]/B:GLU132:OE2",4.2345704546586695,True,True,True,108.92337036132812,109.64179992675781,-0.7184295654296875,True,True
4C16_A_MET258__021__2,4C16_A_MET258,21,2,0.35674518,A,0,0.35674518,True,A,0.35674518,0.0695950910449028,2.2531332969665527,-161.9910;154.7666;-172.4834,t/t/t,18.0090;25.2334;7.5166,45.0000;45.0000;60.0000,True,True,3.3097846860365925,A:LYS279:NZ,1.3097846860365925,True,4.917021339220825,"sym0[-1,1,0]/B:GLU132:OE2",2.917021339220825,True,True,True,108.88423919677734,109.64179992675781,-0.7575607299804688,True,True
4C16_A_MET258__021__3,4C16_A_MET258,21,3,0.59659368,other,1,0.59659368,True,other,0.59659368,2.410088300704956,1.0754050016403198,-112.3861;64.0192;-173.9790,g-/g+/t,52.3861;4.0192;6.0210,45.0000;45.0000;60.0000,False,False,3.406105266796932,A:THR277:OG1,1.4061052667969318,True,7.839975635140862,"sym0[-1,1,0]/B:GLU132:OE2",5.839975635140862,True,True,False,83.84590148925781,nan,nan,False,False
4C16_A_MET258__022__0,4C16_A_MET258,22,0,0.62691194,B,0,0.62691194,True,B,0.62691194,2.1873979568481445,0.15435515344142914,-51.6895;-63.7008;-68.5933,g-/g-/m-,8.3105;3.7008;21.4067,45.0000;45.0000;60.0000,True,True,3.3965026203865665,A:GLU256:O,1.3965026203865665,True,6.1444822743927965,"sym0[-1,1,0]/S:HOH624:O",4.784482260087682,True,True,True,104.33548736572266,105.44197082519531,-1.1064834594726562,True,True
4C16_A_MET258__022__3,4C16_A_MET258,22,3,0.36361268,A,1,0.36361268,True,A,0.36361268,0.09521742910146713,2.2621591091156006,-160.6819;156.7929;-174.2757,t/t/t,19.3181;23.2071;5.7243,45.0000;45.0000;60.0000,True,True,3.2987869048110308,A:LYS279:NZ,1.2987869048110308,True,4.899560951930636,"sym0[-1,1,0]/B:GLU132:OE2",2.899560951930636,True,True,True,108.88187408447266,109.64179992675781,-0.7599258422851562,True,True
4C16_A_MET258__023__0,4C16_A_MET258,23,0,0.61377323,B,0,0.61377323,True,B,0.61377323,2.1938037872314453,0.15114785730838776,-51.7296;-63.3000;-68.6937,g-/g-/m-,8.2704;3.3000;21.3063,45.0000;45.0000;60.0000,True,True,3.397074274534106,A:GLU256:O,1.397074274534106,True,6.1590064208855155,"sym0[-1,1,0]/S:HOH624:O",4.799006406580401,True,True,True,104.33114624023438,105.44197082519531,-1.1108245849609375,True,True
4C16_A_MET258__023__1,4C16_A_MET258,23,1,0.050434951,other,1,0.050434951,True,other,0.050434951,1.08539617061615,1.4505178928375244,-82.9221;-147.8094;88.6755,g-/t/m+,22.9221;32.1906;1.3245,45.0000;45.0000;60.0000,True,True,3.065455518046621,A:LYS279:NZ,1.0654555180466212,True,6.036622235421738,"sym0[-1,1,0]/B:GLU132:OE2",4.036622235421738,True,True,True,80.3851547241211,nan,nan,False,False
4C16_A_MET258__023__2,4C16_A_MET258,23,2,0.32584903,A,2,0.32584903,True,A,0.32584903,0.14213623106479645,2.300821304321289,-161.8038;158.3144;-173.7340,t/t/t,18.1962;21.6856;6.2660,45.0000;45.0000;60.0000,True,True,3.325936091134814,A:LYS279:NZ,1.325936091134814,True,4.85631666049349,"sym0[-1,1,0]/B:GLU132:OE2",2.8563166604934898,True,True,True,108.32352447509766,109.64179992675781,-1.3182754516601562,True,True
4C16_A_MET258__024__0,4C16_A_MET258,24,0,0.63030589,B,0,0.63030589,True,B,0.63030589,2.1868174076080322,0.15186506509780884,-51.7273;-63.6834;-68.4358,g-/g-/m-,8.2727;3.6834;21.5642,45.0000;45.0000;60.0000,True,True,3.397039225595067,A:GLU256:O,1.397039225595067,True,6.144951410504325,"sym0[-1,1,0]/S:HOH624:O",4.78495139619921,True,True,True,104.33512878417969,105.44197082519531,-1.106842041015625,True,True
4C16_A_MET258__024__2,4C16_A_MET258,24,2,0.36543682,A,1,0.36543682,True,A,0.36543682,0.09477924555540085,2.2621119022369385,-160.7143;156.7468;-174.2525,t/t/t,19.2857;23.2532;5.7475,45.0000;45.0000;60.0000,True,True,3.2990461835549927,A:LYS279:NZ,1.2990461835549927,True,4.899539658036885,"sym0[-1,1,0]/B:GLU132:OE2",2.8995396580368853,True,True,True,108.87567138671875,109.64179992675781,-0.7661285400390625,True,True
4C16_A_MET258__025__1,4C16_A_MET258,25,1,0.19172761,other,0,0.19172761,True,other,0.19172761,2.9613711833953857,1.3732954263687134,-62.7916;-74.5769;99.4374,g-/g-/m+,2.7916;14.5769;9.4374,45.0000;45.0000;60.0000,True,True,2.991518906466717,A:LEU257:O,0.9915189064667169,True,8.250685937274737,"sym0[-1,1,0]/B:GLU132:OE2",6.250685937274737,True,True,True,130.52105712890625,nan,nan,False,False
4C16_A_MET258__025__2,4C16_A_MET258,25,2,0.3775169,A,1,0.3775169,True,A,0.3775169,0.9493970274925232,1.9724146127700806,-167.9528;150.0660;-95.6542,t/t/m-,12.0472;29.9340;5.6542,45.0000;45.0000;60.0000,True,True,3.39659687238097,A:LYS279:NZ,1.3965968723809699,True,6.245579870809671,"sym0[-1,1,0]/B:GLU132:OE2",4.245579870809671,True,True,True,109.08869171142578,109.64179992675781,-0.5531082153320312,True,True
4C16_A_MET258__025__3,4C16_A_MET258,25,3,0.43075544,other,2,0.43075544,True,other,0.43075544,3.1509382724761963,1.5538214445114136,-50.8795;-62.8524;178.1832,g-/g-/t,9.1205;2.8524;1.8168,45.0000;45.0000;60.0000,True,True,3.2815284627373487,A:GLU256:CD,1.2815284627373487,True,8.639275418104157,"sym0[-1,1,0]/B:GLU132:OE2",6.639275418104157,True,True,True,175.56011962890625,nan,nan,False,False
4C16_A_MET258__026__0,4C16_A_MET258,26,0,0.59130323,B,0,0.59130323,True,B,0.59130323,2.162790060043335,0.16957268118858337,-52.6875;-63.8615;-69.5030,g-/g-/m-,7.3125;3.8615;20.4970,45.0000;45.0000;60.0000,True,True,3.406105266796932,A:THR277:OG1,1.4061052667969318,True,6.097651552518219,"sym0[-1,1,0]/S:HOH624:O",4.737651538213104,True,True,True,104.22805786132812,105.44197082519531,-1.2139129638671875,True,True
4C16_A_MET258__026__3,4C16_A_MET258,26,3,0.35851741,A,1,0.35851741,True,A,0.35851741,0.09825500100851059,2.2656209468841553,-160.8613;156.8212;-174.1798,t/t/t,19.1387;23.1788;5.8202,45.0000;45.0000;60.0000,True,True,3.3017731219082314,A:LYS279:NZ,1.3017731219082314,True,4.895338627902237,"sym0[-1,1,0]/B:GLU132:OE2",2.8953386279022366,True,True,True,108.8243179321289,109.64179992675781,-0.8174819946289062,True,True
4C16_A_MET258__027__2,4C16_A_MET258,27,2,0.61484307,B,0,0.61484307,True,B,0.61484307,2.239682197570801,0.10807393491268158,-51.2791;-61.3887;-65.4252,g-/g-/m-,8.7209;1.3887;24.5748,45.0000;45.0000;60.0000,True,True,3.3907416451902916,A:GLU256:O,1.3907416451902916,True,6.280991534437694,"sym0[-1,1,0]/S:HOH624:O",4.92099152013258,True,True,True,104.50225830078125,105.44197082519531,-0.9397125244140625,True,True
4C16_A_MET258__027__3,4C16_A_MET258,27,3,0.32911262,other,1,0.32911262,True,other,0.32911262,1.3000990152359009,1.6421740055084229,-95.4589;-139.5878;172.2963,g-/t/t,35.4589;40.4122;7.7037,45.0000;45.0000;60.0000,True,True,2.986973298983505,A:LYS279:NZ,0.9869732989835049,True,6.424240751322213,"sym0[-1,1,0]/B:GLU132:OE2",4.424240751322213,True,True,True,87.03568267822266,nan,nan,False,False
4C16_A_MET258__028__0,4C16_A_MET258,28,0,0.3810336,A,0,0.3810336,True,A,0.3810336,0.026987280696630478,2.2172484397888184,-160.9567;153.2698;-173.1131,t/t/t,19.0433;26.7302;6.8869,45.0000;45.0000;60.0000,True,True,3.2881743828722403,A:LYS279:NZ,1.2881743828722403,True,4.957406704340137,"sym0[-1,1,0]/B:GLU132:OE2",2.957406704340137,True,True,True,109.44648742675781,109.64179992675781,-0.1953125,True,True
4C16_A_MET258__028__1,4C16_A_MET258,28,1,0.53264755,other,1,0.53264755,True,other,0.53264755,3.0407602787017822,1.4656304121017456,-54.9577;-66.0588;173.8802,g-/g-/t,5.0423;6.0588;6.1198,45.0000;45.0000;60.0000,True,True,3.1728406429253977,A:GLU256:OE2,1.1728406429253977,True,8.639275418104157,"sym0[-1,1,0]/B:GLU132:OE2",6.639275418104157,True,True,True,165.32119750976562,nan,nan,False,False
4C16_A_MET258__028__2,4C16_A_MET258,28,2,0.066145517,other,2,0.066145517,True,other,0.066145517,2.9414594173431396,1.3883464336395264,-94.2865;51.5375;179.3621,g-/g+/t,34.2865;8.4625;0.6379,45.0000;45.0000;60.0000,True,True,2.9840921351302,A:GLU256:O,0.9840921351301999,True,8.172980278977557,"sym0[-1,1,0]/B:GLU132:OE2",6.1729802789775565,True,True,True,195.0043182373047,nan,nan,False,False
4C16_A_MET258__029__0,4C16_A_MET258,29,0,0.0927402,other,0,0.0927402,True,other,0.0927402,1.8843777179718018,2.091202735900879,-72.2580;-147.3876;-43.6203,g-/t/m-,12.2580;32.6124;46.3797,45.0000;45.0000;60.0000,True,True,2.969178909414992,A:LYS279:CE,0.9691789094149921,True,6.738744202176219,"sym0[-1,1,0]/B:GLU132:OE2",4.738744202176219,True,True,True,80.09538269042969,nan,nan,False,False
4C16_A_MET258__029__1,4C16_A_MET258,29,1,0.58294356,other,1,0.58294356,True,other,0.58294356,2.848306655883789,1.6886019706726074,-114.5460;61.8311;81.6631,g-/g+/m+,54.5460;1.8311;8.3369,45.0000;45.0000;60.0000,False,False,3.0198568790308813,A:LYS279:CB,1.0198568790308813,True,7.8022933592830235,"sym0[-1,1,0]/B:GLU132:OE2",5.8022933592830235,True,True,False,80.43350219726562,nan,nan,False,False
4C16_A_MET258__029__3,4C16_A_MET258,29,3,0.3243162,A,2,0.3243162,True,A,0.3243162,0.13627402484416962,2.299730062484741,-165.0897;154.6164;-169.8345,t/t/t,14.9103;25.3836;10.1655,45.0000;45.0000;60.0000,True,True,3.3595342888373865,A:LYS279:NZ,1.3595342888373865,True,4.87273889369901,"sym0[-1,1,0]/B:GLU132:OE2",2.87273889369901,True,True,True,108.1787338256836,109.64179992675781,-1.4630661010742188,True,True
4C16_A_MET258__030__2,4C16_A_MET258,30,2,0.35812744,A,0,0.35812744,True,A,0.35812744,0.0975961983203888,2.26594614982605,-160.9777;156.6617;-174.1606,t/t/t,19.0223;23.3383;5.8394,45.0000;45.0000;60.0000,True,True,3.30273274096514,A:LYS279:NZ,1.3027327409651401,True,4.894004599540267,"sym0[-1,1,0]/B:GLU132:OE2",2.894004599540267,True,True,True,108.812744140625,109.64179992675781,-0.8290557861328125,True,True
4C16_A_MET258__030__3,4C16_A_MET258,30,3,0.59051543,B,1,0.59051543,True,B,0.59051543,2.167297601699829,0.16903159022331238,-52.7158;-63.5827;-69.7652,g-/g-/m-,7.2842;3.5827;20.2348,45.0000;45.0000;60.0000,True,True,3.406105266796932,A:THR277:OG1,1.4061052667969318,True,6.106459301664255,"sym0[-1,1,0]/S:HOH624:O",4.746459287359141,True,True,True,104.21821594238281,105.44197082519531,-1.2237548828125,True,True
4C16_A_MET258__031__0,4C16_A_MET258,31,0,0.56845844,B,0,0.56845844,True,B,0.56845844,2.166132926940918,0.11696664243936539,-52.9810;-63.3502;-65.0131,g-/g-/m-,7.0190;3.3502;24.9869,45.0000;45.0000;60.0000,True,True,3.406105266796932,A:THR277:OG1,1.4061052667969318,True,6.144047294953603,"sym0[-1,1,0]/S:HOH624:O",4.784047280648489,True,True,True,104.33806610107422,105.44197082519531,-1.1039047241210938,True,True
4C16_A_MET258__031__2,4C16_A_MET258,31,2,0.077217557,other,1,0.077217557,True,other,0.077217557,2.9371204376220703,1.3890607357025146,-94.4206;52.4246;179.4427,g-/g+/t,34.4206;7.5754;0.5573,45.0000;45.0000;60.0000,True,True,2.977153655783127,A:GLU256:O,0.9771536557831269,True,8.170448378955676,"sym0[-1,1,0]/B:GLU132:OE2",6.170448378955676,True,True,True,192.40560913085938,nan,nan,False,False
4C16_A_MET258__031__3,4C16_A_MET258,31,3,0.3385475,other,2,0.3385475,True,other,0.3385475,1.0092480182647705,2.043114185333252,-165.3995;157.8611;-92.0846,t/t/m-,14.6005;22.1389;2.0846,45.0000;45.0000;60.0000,True,True,3.165172763929604,A:LYS279:NZ,1.1651727639296041,True,6.216462386608603,"sym0[-1,1,0]/B:GLU132:OE2",4.216462386608603,True,True,True,78.24279022216797,nan,nan,False,False
4C16_A_MET258__032__0,4C16_A_MET258,32,0,0.56112462,B,0,0.56112462,True,B,0.56112462,2.152935743331909,0.1787104606628418,-52.9475;-64.1008;-69.8267,g-/g-/m-,7.0525;4.1008;20.1733,45.0000;45.0000;60.0000,True,True,3.406105266796932,A:THR277:OG1,1.4061052667969318,True,6.076973424445884,"sym0[-1,1,0]/S:HOH624:O",4.71697341014077,True,True,True,104.19967651367188,105.44197082519531,-1.2422943115234375,True,True
4C16_A_MET258__032__2,4C16_A_MET258,32,2,0.073310092,other,1,0.073310092,True,other,0.073310092,2.8060572147369385,1.3364201784133911,-99.1792;57.1789;171.5306,g-/g+/t,39.1792;2.8211;8.4694,45.0000;45.0000;60.0000,True,True,3.136225076326663,A:GLU256:O,1.1362250763266628,True,8.08093886577114,"sym0[-1,1,0]/B:GLU132:OE2",6.08093886577114,True,True,True,141.52879333496094,nan,nan,False,False
4C16_A_MET258__032__3,4C16_A_MET258,32,3,0.36263001,A,2,0.36263001,True,A,0.36263001,0.09618769586086273,2.2648563385009766,-160.9441;156.7021;-174.0210,t/t/t,19.0559;23.2979;5.9790,45.0000;45.0000;60.0000,True,True,3.302429322103778,A:LYS279:NZ,1.302429322103778,True,4.897154461947723,"sym0[-1,1,0]/B:GLU132:OE2",2.897154461947723,True,True,True,108.8203125,109.64179992675781,-0.8214874267578125,True,True
4C16_A_MET258__033__2,4C16_A_MET258,33,2,0.34775272,A,0,0.34775272,True,A,0.34775272,0.10955210030078888,2.2700653076171875,-160.4492;157.5199;-174.8591,t/t/t,19.5508;22.4801;5.1409,45.0000;45.0000;60.0000,True,True,3.2993244054181736,A:LYS279:NZ,1.2993244054181736,True,4.887090762637364,"sym0[-1,1,0]/B:GLU132:OE2",2.8870907626373636,True,True,True,108.82093811035156,109.64179992675781,-0.82086181640625,True,True
4C16_A_MET258__033__3,4C16_A_MET258,33,3,0.61258709,B,1,0.61258709,True,B,0.61258709,2.193629264831543,0.16594068706035614,-51.6271;-63.4596;-69.5970,g-/g-/m-,8.3729;3.4596;20.4030,45.0000;45.0000;60.0000,True,True,3.3956214807224536,A:GLU256:O,1.3956214807224536,True,6.150237418498373,"sym0[-1,1,0]/S:HOH624:O",4.790237404193258,True,True,True,104.32378387451172,105.44197082519531,-1.1181869506835938,True,True
4C16_A_MET258__034__0,4C16_A_MET258,34,0,0.14336984,other,0,0.14336984,True,other,0.14336984,3.2122507095336914,1.8336008787155151,-97.7645;46.5103;104.5562,g-/g+/m+,37.7645;13.4897;14.5562,45.0000;45.0000;60.0000,True,True,2.9809973940697763,A:LYS279:CB,0.9809973940697763,True,8.107469432632604,"sym0[-1,1,0]/B:GLU132:OE2",6.107469432632604,True,True,True,95.77791595458984,nan,nan,False,False
4C16_A_MET258__034__1,4C16_A_MET258,34,1,0.35358575,other,1,0.35358575,True,other,0.35358575,1.2657155990600586,2.6253273487091064,-165.4475;146.9996;95.1019,t/t/m+,14.5525;33.0004;5.1019,45.0000;45.0000;60.0000,True,True,3.3559139540478244,A:LYS279:NZ,1.3559139540478244,True,5.634091183443958,"sym0[-1,1,0]/B:GLU132:OE2",3.6340911834439584,True,True,True,79.59037017822266,nan,nan,False,False
4C16_A_MET258__034__2,4C16_A_MET258,34,2,0.48825735,other,2,0.48825735,True,other,0.48825735,2.9536054134368896,1.4046438932418823,-56.2431;-67.6914;177.6642,g-/g-/t,3.7569;7.6914;2.3358,45.0000;45.0000;60.0000,True,True,3.217900678788,A:GLU256:OE2,1.2179006787879998,True,8.639275418104157,"sym0[-1,1,0]/B:GLU132:OE2",6.639275418104157,True,True,True,120.82609558105469,nan,nan,False,False
4C16_A_MET258__035__0,4C16_A_MET258,35,0,0.068289921,other,0,0.068289921,True,other,0.068289921,1.3740143775939941,2.2875092029571533,-175.4599;68.3225;177.7647,t/g+/t,4.5401;8.3225;2.2353,45.0000;45.0000;60.0000,True,True,3.406105266796932,A:THR277:OG1,1.4061052667969318,True,5.363441872744058,"sym0[-1,1,0]/B:GLU132:OE2",3.3634418727440583,True,True,True,76.32807159423828,nan,nan,False,False
4C16_A_MET258__035__1,4C16_A_MET258,35,1,0.35961106,A,1,0.35961106,True,A,0.35961106,0.052192140370607376,2.232734441757202,-160.7392;154.5431;-173.8195,t/t/t,19.2608;25.4569;6.1805,45.0000;45.0000;60.0000,True,True,3.2891067426388947,A:LYS279:NZ,1.2891067426388947,True,4.934585390445025,"sym0[-1,1,0]/B:GLU132:OE2",2.934585390445025,True,True,True,109.25936889648438,109.64179992675781,-0.3824310302734375,True,True
4C16_A_MET258__035__3,4C16_A_MET258,35,3,0.57113123,other,2,0.57113123,True,other,0.57113123,3.137141704559326,1.4748705625534058,-53.3563;-76.8064;102.2332,g-/g-/m+,6.6437;16.8064;12.2332,45.0000;45.0000;60.0000,True,True,2.9513280504364072,A:LEU257:O,0.9513280504364072,True,8.531750228062844,"sym0[-1,1,0]/B:GLU132:OE2",6.531750228062844,True,True,True,222.68051147460938,nan,nan,False,False
4C16_A_MET258__036__0,4C16_A_MET258,36,0,0.58754891,B,0,0.58754891,True,B,0.58754891,2.173034429550171,0.09671279042959213,-52.5006;-63.6159;-63.2076,g-/g-/m-,7.4994;3.6159;26.7924,45.0000;45.0000;60.0000,True,True,3.406105266796932,A:THR277:OG1,1.4061052667969318,True,6.166439416223866,"sym0[-1,1,0]/S:HOH624:O",4.806439401918751,True,True,True,104.46305847167969,105.44197082519531,-0.978912353515625,True,True
4C16_A_MET258__036__1,4C16_A_MET258,36,1,0.34508643,other,1,0.34508643,True,other,0.34508643,1.0112674236297607,2.0400428771972656,-165.3390;157.6874;-92.0818,t/t/m-,14.6610;22.3126;2.0818,45.0000;45.0000;60.0000,True,True,3.1711255222900943,A:LYS279:NZ,1.1711255222900943,True,6.218947161709708,"sym0[-1,1,0]/B:GLU132:OE2",4.218947161709708,True,True,True,78.2819595336914,nan,nan,False,False
4C16_A_MET258__036__3,4C16_A_MET258,36,3,0.056091867,other,2,0.056091867,True,other,0.056091867,3.2548277378082275,1.8519542217254639,-94.8984;44.7520;110.5608,g-/g+/m+,34.8984;15.2480;20.5608,45.0000;45.0000;60.0000,True,True,2.981538904547554,A:LYS279:CB,0.9815389045475542,True,8.161431221295047,"sym0[-1,1,0]/B:GLU132:OE2",6.161431221295047,True,True,True,100.34803771972656,nan,nan,False,False
4C16_A_MET258__037__1,4C16_A_MET258,37,1,0.36495483,A,0,0.36495483,True,A,0.36495483,0.7949858903884888,1.8523080348968506,-100.7743;-155.3883;95.2670,g-/t/m+,40.7743;24.6117;5.2670,45.0000;45.0000;60.0000,True,True,3.155040004986692,A:LYS279:NZ,1.155040004986692,True,5.402581288822981,"sym0[-1,1,0]/B:GLU132:OE2",3.402581288822981,True,True,True,113.47807312011719,109.64179992675781,3.836273193359375,False,False
4C16_A_MET258__037__3,4C16_A_MET258,37,3,0.62337708,B,1,0.62337708,True,B,0.62337708,2.2132604122161865,0.15128490328788757,-51.6084;-62.3901;-69.1952,g-/g-/m-,8.3916;2.3901;20.8048,45.0000;45.0000;60.0000,True,True,3.395358938888763,A:GLU256:O,1.395358938888763,True,6.197717715450179,"sym0[-1,1,0]/S:HOH624:O",4.837717701145064,True,True,True,104.34942626953125,105.44197082519531,-1.0925445556640625,True,True
4C16_A_MET258__038__2,4C16_A_MET258,38,2,0.61918414,B,0,0.61918414,True,B,0.61918414,2.190006732940674,0.15257425606250763,-51.4202;-63.8802;-68.2418,g-/g-/m-,8.5798;3.8802;21.7582,45.0000;45.0000;60.0000,True,True,3.3927123354833695,A:GLU256:O,1.3927123354833695,True,6.148717486926675,"sym0[-1,1,0]/S:HOH624:O",4.788717472621561,True,True,True,104.37442016601562,105.44197082519531,-1.0675506591796875,True,True
4C16_A_MET258__038__3,4C16_A_MET258,38,3,0.33792287,other,1,0.33792287,True,other,0.33792287,1.3466198444366455,2.6895182132720947,-163.2467;153.0730;90.7739,t/t/m+,16.7533;26.9270;0.7739,45.0000;45.0000;60.0000,True,True,3.3239998398224153,A:LYS279:NZ,1.3239998398224153,True,5.718418868796806,"sym0[-1,1,0]/B:GLU132:OE2",3.718418868796806,True,True,True,79.01191711425781,nan,nan,False,False
4C16_A_MET258__039__0,4C16_A_MET258,39,0,0.58764291,B,0,0.58764291,True,B,0.58764291,2.159080982208252,0.16795121133327484,-52.7446;-63.9900;-69.1947,g-/g-/m-,7.2554;3.9900;20.8053,45.0000;45.0000;60.0000,True,True,3.406105266796932,A:THR277:OG1,1.4061052667969318,True,6.092397314917004,"sym0[-1,1,0]/S:HOH624:O",4.732397300611889,True,True,True,104.22869110107422,105.44197082519531,-1.2132797241210938,True,True
4C16_A_MET258__039__2,4C16_A_MET258,39,2,0.052996941,other,1,0.052996941,True,other,0.052996941,2.880093574523926,1.3560256958007812,-96.4463;54.5025;178.0893,g-/g+/t,36.4463;5.4975;1.9107,45.0000;45.0000;60.0000,True,True,3.0427792372469376,A:GLU256:O,1.0427792372469376,True,8.132259895946687,"sym0[-1,1,0]/B:GLU132:OE2",6.132259895946687,True,True,True,172.98080444335938,nan,nan,False,False
4C16_A_MET258__039__3,4C16_A_MET258,39,3,0.35622039,A,2,0.35622039,True,A,0.35622039,0.10129177570343018,2.2689013481140137,-161.0389;156.8195;-174.1192,t/t/t,18.9611;23.1805;5.8808,45.0000;45.0000;60.0000,True,True,3.304578260284364,A:LYS279:NZ,1.304578260284364,True,4.89091562727446,"sym0[-1,1,0]/B:GLU132:OE2",2.8909156272744596,True,True,True,108.77185821533203,109.64179992675781,-0.8699417114257812,True,True
4C16_A_MET258__040__2,4C16_A_MET258,40,2,0.63216287,B,0,0.63216287,True,B,0.63216287,2.187164068222046,0.1676143854856491,-51.6239;-63.8173;-69.4210,g-/g-/m-,8.3761;3.8173;20.5790,45.0000;45.0000;60.0000,True,True,3.395578739770876,A:GLU256:O,1.395578739770876,True,6.136712044143234,"sym0[-1,1,0]/S:HOH624:O",4.776712029838119,True,True,True,104.32423400878906,105.44197082519531,-1.11773681640625,True,True
4C16_A_MET258__040__3,4C16_A_MET258,40,3,0.3342163,other,1,0.3342163,True,other,0.3342163,1.349664330482483,2.693361282348633,-163.5522;153.0168;90.7581,t/t/m+,16.4478;26.9832;0.7581,45.0000;45.0000;60.0000,True,True,3.328781546027113,A:LYS279:NZ,1.328781546027113,True,5.721752545167402,"sym0[-1,1,0]/B:GLU132:OE2",3.7217525451674023,True,True,True,78.93993377685547,nan,nan,False,False
4C16_A_MET258__041__3,4C16_A_MET258,41,3,1.0,other,0,1.0,True,other,1.0,2.352250099182129,1.060550570487976,-114.2870;65.7292;-173.2374,g-/g+/t,54.2870;5.7292;6.7626,45.0000;45.0000;60.0000,False,False,3.406105266796932,A:THR277:OG1,1.4061052667969318,True,7.806780580157026,"sym0[-1,1,0]/B:GLU132:OE2",5.806780580157026,True,True,False,82.67864990234375,nan,nan,False,False
4C16_A_MET258__042__1,4C16_A_MET258,42,1,0.36441106,A,0,0.36441106,True,A,0.36441106,0.0956246480345726,2.263373613357544,-160.7993;156.7485;-174.1699,t/t/t,19.2007;23.2515;5.8301,45.0000;45.0000;60.0000,True,True,3.3003957433637425,A:LYS279:NZ,1.3003957433637425,True,4.898372268960934,"sym0[-1,1,0]/B:GLU132:OE2",2.8983722689609337,True,True,True,108.85563659667969,109.64179992675781,-0.786163330078125,True,True
4C16_A_MET258__042__2,4C16_A_MET258,42,2,0.62439102,B,1,0.62439102,True,B,0.62439102,2.190948009490967,0.154316708445549,-51.6439;-63.5627;-68.6937,g-/g-/m-,8.3561;3.5627;21.3063,45.0000;45.0000;60.0000,True,True,3.395858913060456,A:GLU256:O,1.3958589130604562,True,6.151093831018032,"sym0[-1,1,0]/S:HOH624:O",4.791093816712917,True,True,True,104.33804321289062,105.44197082519531,-1.1039276123046875,True,True
4C16_A_MET258__043__0,4C16_A_MET258,43,0,0.22120164,other,0,0.22120164,True,other,0.22120164,1.4741945266723633,2.847708225250244,-166.9376;159.6046;90.4145,t/t/m+,13.0624;20.3954;0.4145,45.0000;45.0000;60.0000,True,True,3.406105266796932,A:THR277:OG1,1.4061052667969318,True,5.771035833709619,"sym0[-1,1,0]/B:GLU132:OE2",3.771035833709619,True,True,True,77.5209732055664,nan,nan,False,False
4C16_A_MET258__043__1,4C16_A_MET258,43,1,0.15696333,other,1,0.15696333,True,other,0.15696333,1.0073825120925903,1.5669715404510498,-85.4932;-157.2499;88.7071,g-/t/m+,25.4932;22.7501;1.2929,45.0000;45.0000;60.0000,True,True,2.9693770580779617,A:LYS279:NZ,0.9693770580779617,True,5.7541922431589745,"sym0[-1,1,0]/B:GLU132:OE2",3.7541922431589745,True,True,True,79.24226379394531,nan,nan,False,False
4C16_A_MET258__043__2,4C16_A_MET258,43,2,0.050350085,other,2,0.050350085,True,other,0.050350085,1.3028548955917358,2.184904098510742,-174.1884;62.6831;156.7353,t/g+/t,5.8116;2.6831;23.2647,45.0000;45.0000;60.0000,True,True,3.406105266796932,A:THR277:OG1,1.4061052667969318,True,5.33897342836004,"sym0[-1,1,0]/B:GLU132:OE2",3.33897342836004,True,True,True,77.4373779296875,nan,nan,False,False
4C16_A_MET258__043__3,4C16_A_MET258,43,3,0.57148492,B,3,0.57148492,True,B,0.57148492,2.199472665786743,0.13012230396270752,-51.4750;-63.2833;-67.0981,g-/g-/m-,8.5250;3.2833;22.9019,45.0000;45.0000;60.0000,True,True,3.3934804825471754,A:GLU256:O,1.3934804825471754,True,6.179874695654765,"sym0[-1,1,0]/S:HOH624:O",4.81987468134965,True,True,True,104.4016342163086,105.44197082519531,-1.0403366088867188,True,True
4C16_A_MET258__044__0,4C16_A_MET258,44,0,0.063708887,other,0,0.063708887,True,other,0.063708887,1.2971577644348145,1.9405531883239746,-176.2344;70.2757;96.1683,t/g+/m+,3.7656;10.2757;6.1683,45.0000;45.0000;60.0000,True,True,3.406105266796932,A:THR277:OG1,1.4061052667969318,True,6.269146518529233,"sym0[-1,1,0]/B:GLU132:OE2",4.269146518529233,True,True,True,76.27346801757812,nan,nan,False,False
4C16_A_MET258__044__1,4C16_A_MET258,44,1,0.54615128,other,1,0.54615128,True,other,0.54615128,2.8527255058288574,1.6882296800613403,-114.2318;61.5248;82.4547,g-/g+/m+,54.2318;1.5248;7.5453,45.0000;45.0000;60.0000,False,False,3.020480331909112,A:LYS279:CB,1.0204803319091118,True,7.807735964693954,"sym0[-1,1,0]/B:GLU132:OE2",5.807735964693954,True,True,False,80.46990966796875,nan,nan,False,False
4C16_A_MET258__044__2,4C16_A_MET258,44,2,0.28073433,A,2,0.28073433,True,A,0.28073433,0.20830927789211273,2.3442254066467285,-165.6654;154.9625;-174.1280,t/t/t,14.3346;25.0375;5.8720,45.0000;45.0000;60.0000,True,True,3.3705536371396145,A:LYS279:NZ,1.3705536371396145,True,4.776767055022184,"sym0[-1,1,0]/B:GLU132:OE2",2.7767670550221837,True,True,True,107.89335632324219,109.64179992675781,-1.748443603515625,True,True
4C16_A_MET258__044__3,4C16_A_MET258,44,3,0.10940551,other,3,0.10940551,True,other,0.10940551,1.8094691038131714,2.0173165798187256,-71.8499;-141.5066;-48.5300,g-/t/m-,11.8499;38.4934;41.4700,45.0000;45.0000;60.0000,True,True,2.930550221902302,A:LYS279:CE,0.9305502219023021,True,6.599476854498868,"sym0[-1,1,0]/B:GLU132:OE2",4.599476854498868,True,True,True,80.23239135742188,nan,nan,False,False
4C16_A_MET258__045__0,4C16_A_MET258,45,0,1.0,B,0,1.0,True,B,1.0,2.1361196041107178,0.1704803705215454,-51.6692;-66.5592;-66.2121,g-/g-/m-,8.3308;6.5592;23.7879,45.0000;45.0000;60.0000,True,True,3.406105266796932,A:THR277:OG1,1.4061052667969318,True,6.045277099306927,"sym0[-1,1,0]/S:HOH624:O",4.685277085001812,True,True,True,104.45346069335938,105.44197082519531,-0.9885101318359375,True,True
4C16_A_MET258__046__1,4C16_A_MET258,46,1,0.53636605,other,0,0.53636605,True,other,0.53636605,2.839329242706299,1.6712610721588135,-113.9785;61.0450;85.6779,g-/g+/m+,53.9785;1.0450;4.3221,45.0000;45.0000;60.0000,False,False,3.0472296416786246,A:LYS279:CB,1.0472296416786246,True,7.812133786686059,"sym0[-1,1,0]/B:GLU132:OE2",5.812133786686059,True,True,False,80.6694564819336,nan,nan,False,False
4C16_A_MET258__046__2,4C16_A_MET258,46,2,0.32496753,A,1,0.32496753,True,A,0.32496753,0.8690952658653259,1.7207839488983154,-94.3592;-154.6206;91.8053,g-/t/m+,34.3592;25.3794;1.8053,45.0000;45.0000;60.0000,True,True,3.0873524176287472,A:LYS279:NZ,1.0873524176287472,True,5.560746225017491,"sym0[-1,1,0]/B:GLU132:OE2",3.560746225017491,True,True,True,111.1943130493164,109.64179992675781,1.5525131225585938,False,False
4C16_A_MET258__046__3,4C16_A_MET258,46,3,0.098499782,other,2,0.098499782,True,other,0.098499782,1.5578783750534058,1.8212257623672485,-171.1053;62.2953;85.9255,t/g+/m+,8.8947;2.2953;4.0745,45.0000;45.0000;60.0000,True,True,3.406105266796932,A:THR277:OG1,1.4061052667969318,True,6.94131686226264,"sym0[-1,1,0]/B:GLU132:OE2",4.94131686226264,True,True,True,75.43220520019531,nan,nan,False,False
4C16_A_MET258__047__0,4C16_A_MET258,47,0,0.54878485,other,0,0.54878485,True,other,0.54878485,2.3987863063812256,1.0695968866348267,-112.8435;63.5620;-173.7430,g-/g+/t,52.8435;3.5620;6.2570,45.0000;45.0000;60.0000,False,False,3.406105266796932,A:THR277:OG1,1.4061052667969318,True,7.831944501787915,"sym0[-1,1,0]/B:GLU132:OE2",5.831944501787915,True,True,False,83.65914916992188,nan,nan,False,False
4C16_A_MET258__047__1,4C16_A_MET258,47,1,0.22016904,A,1,0.22016904,True,A,0.22016904,0.4879465103149414,2.370934247970581,179.7639;160.5979;-120.6684,t/t/m-,0.2361;19.4021;30.6684,45.0000;45.0000;60.0000,True,True,3.406105266796932,A:THR277:OG1,1.4061052667969318,True,5.41176589424339,"sym0[-1,1,0]/B:GLU132:OE2",3.4117658942433904,True,True,True,109.14058685302734,109.64179992675781,-0.5012130737304688,True,True
4C16_A_MET258__047__2,4C16_A_MET258,47,2,0.23104607,other,2,0.23104607,True,other,0.23104607,1.129724383354187,1.4242852926254272,-79.8667;-152.6578;90.0590,g-/t/m+,19.8667;27.3422;0.0590,45.0000;45.0000;60.0000,True,True,2.9789462510247384,A:LYS279:NZ,0.9789462510247384,True,6.050274258397118,"sym0[-1,1,0]/B:GLU132:OE2",4.050274258397118,True,True,True,79.0033950805664,nan,nan,False,False
4C16_A_MET258__048__0,4C16_A_MET258,48,0,0.53073955,other,0,0.53073955,True,other,0.53073955,2.870410680770874,1.6943296194076538,-113.1533;61.0321;84.1680,g-/g+/m+,53.1533;1.0321;5.8320,45.0000;45.0000;60.0000,False,False,2.999675848421629,A:LYS279:CB,0.9996758484216288,True,7.826518022091837,"sym0[-1,1,0]/B:GLU132:OE2",5.826518022091837,True,True,False,80.48149108886719,nan,nan,False,False
4C16_A_MET258__048__1,4C16_A_MET258,48,1,0.095888317,other,1,0.095888317,True,other,0.095888317,1.9510420560836792,1.697068691253662,-159.2257;91.5695;-84.2100,t/g+/m-,20.7743;31.5695;5.7900,45.0000;45.0000;60.0000,True,True,2.9796737166680147,S:HOH152:O,1.059673759583359,True,7.195950937417202,"sym0[-1,1,0]/B:GLU132:OE2",5.195950937417202,True,True,True,81.28518676757812,nan,nan,False,False
4C16_A_MET258__048__2,4C16_A_MET258,48,2,0.27709952,A,2,0.27709952,True,A,0.27709952,0.8630771636962891,2.0723869800567627,-172.0941;153.9363;-93.8045,t/t/m-,7.9059;26.0637;3.8045,45.0000;45.0000;60.0000,True,True,3.406105266796932,A:THR277:OG1,1.4061052667969318,True,6.149287327764064,"sym0[-1,1,0]/B:GLU132:OE2",4.149287327764064,True,True,True,107.59011840820312,109.64179992675781,-2.0516815185546875,True,True
4C16_A_MET258__048__3,4C16_A_MET258,48,3,0.096272625,other,3,0.096272625,True,other,0.096272625,1.8933712244033813,2.111013174057007,-73.3435;-148.3703;-43.2676,g-/t/m-,13.3435;31.6297;46.7324,45.0000;45.0000;60.0000,True,True,2.968241837358716,A:LYS279:CE,0.968241837358716,True,6.7702183024572715,"sym0[-1,1,0]/B:GLU132:OE2",4.7702183024572715,True,True,True,80.08761596679688,nan,nan,False,False
4C16_A_MET258__049__0,4C16_A_MET258,49,0,0.61600924,B,0,0.61600924,True,B,0.61600924,2.179119348526001,0.16060389578342438,-51.6715;-64.1828;-68.5948,g-/g-/m-,8.3285;4.1828;21.4052,45.0000;45.0000;60.0000,True,True,3.396246706698395,A:GLU256:O,1.396246706698395,True,6.125268267004639,"sym0[-1,1,0]/S:HOH624:O",4.765268252699524,True,True,True,104.3394775390625,105.44197082519531,-1.1024932861328125,True,True
4C16_A_MET258__049__3,4C16_A_MET258,49,3,0.34934431,A,1,0.34934431,True,A,0.34934431,0.0982791930437088,2.2647159099578857,-160.7785;156.6672;-174.6057,t/t/t,19.2215;23.3328;5.3943,45.0000;45.0000;60.0000,True,True,3.2996178279451143,A:LYS279:NZ,1.2996178279451143,True,4.891948297093066,"sym0[-1,1,0]/B:GLU132:OE2",2.891948297093066,True,True,True,108.86498260498047,109.64179992675781,-0.7768173217773438,True,True
7F72_A_MET103__000__1,7F72_A_MET103,0,1,0.69382876,B,0,0.69382876,True,B,0.69382876,1.3872897624969482,0.2154165357351303,-56.1927;168.3972;94.8858,g-/t/m+,3.8073;11.6028;4.8858,45.0000;45.0000;60.0000,True,True,3.23600754765031,A:PHE104:N,1.2360075476503098,True,nan,,inf,True,True,True,75.26127624511719,78.19924926757812,-2.9379730224609375,True,True
7F72_A_MET103__000__2,7F72_A_MET103,0,2,0.18071292,other,1,0.18071292,True,other,0.18071292,1.5367792844772339,0.7556052207946777,-73.6700;-176.8839;167.3354,g-/t/t,13.6700;3.1161;12.6646,45.0000;45.0000;60.0000,True,True,2.9927176701969644,A:ARG198:NE,0.9927176701969644,True,nan,,inf,True,True,True,49.983612060546875,nan,nan,False,False
7F72_A_MET103__000__3,7F72_A_MET103,0,3,0.12463435,A,2,0.12463435,True,A,0.12463435,0.13615232706069946,1.4487639665603638,-74.1037;178.2448;-68.3374,g-/t/m-,14.1037;1.7552;21.6626,45.0000;45.0000;60.0000,True,True,3.23600754765031,A:PHE104:N,1.2360075476503098,True,nan,,inf,True,True,True,72.6270751953125,72.57913208007812,0.047943115234375,True,True
7F72_A_MET103__001__2,7F72_A_MET103,1,2,0.43570375,B,0,0.43570375,True,B,0.43570375,1.4830753803253174,0.31263598799705505,-59.3616;174.1780;96.0133,g-/t/m+,0.6384;5.8220;6.0133,45.0000;45.0000;60.0000,True,True,3.23600754765031,A:PHE104:N,1.2360075476503098,True,nan,,inf,True,True,True,74.77645874023438,78.19924926757812,-3.42279052734375,True,True
7F72_A_MET103__001__3,7F72_A_MET103,1,3,0.5529471,A,1,0.5529471,True,A,0.5529471,0.3105027675628662,1.4340524673461914,-60.0527;-174.1571;-86.8251,g-/t/m-,0.0527;5.8429;3.1749,45.0000;45.0000;60.0000,True,True,3.23600754765031,A:PHE104:N,1.2360075476503098,True,nan,,inf,True,True,True,74.32162475585938,72.57913208007812,1.74249267578125,False,False
7F72_A_MET103__002__0,7F72_A_MET103,2,0,0.065628968,other,0,0.065628968,True,other,0.065628968,1.4847605228424072,0.7205020189285278,-71.9744;178.8549;166.9726,g-/t/t,11.9744;1.1451;13.0274,45.0000;45.0000;60.0000,True,True,2.8571239939728375,A:ARG198:NE,0.8571239939728375,True,nan,,inf,True,True,True,49.71468734741211,nan,nan,False,False
7F72_A_MET103__002__1,7F72_A_MET103,2,1,0.47797748,A,1,0.47797748,True,A,0.47797748,0.26759210228919983,1.4382089376449585,-63.0187;-175.8256;-82.2514,g-/t/m-,3.0187;4.1744;7.7486,45.0000;45.0000;60.0000,True,True,3.23600754765031,A:PHE104:N,1.2360075476503098,True,nan,,inf,True,True,True,73.30936431884766,72.57913208007812,0.7302322387695312,False,False
7F72_A_MET103__002__3,7F72_A_MET103,2,3,0.43818155,B,2,0.43818155,True,B,0.43818155,1.4571231603622437,0.2685207426548004,-58.7491;172.5185;96.8185,g-/t/m+,1.2509;7.4815;6.8185,45.0000;45.0000;60.0000,True,True,3.23600754765031,A:PHE104:N,1.2360075476503098,True,nan,,inf,True,True,True,75.0074462890625,78.19924926757812,-3.191802978515625,True,True
7F72_A_MET103__003__0,7F72_A_MET103,3,0,0.50570571,A,0,0.50570571,True,A,0.50570571,0.26696038246154785,1.4366488456726074,-62.9341;-175.6580;-82.3228,g-/t/m-,2.9341;4.3420;7.6772,45.0000;45.0000;60.0000,True,True,3.23600754765031,A:PHE104:N,1.2360075476503098,True,nan,,inf,True,True,True,73.26374816894531,72.57913208007812,0.6846160888671875,False,False
7F72_A_MET103__003__1,7F72_A_MET103,3,1,0.45932847,B,1,0.45932847,True,B,0.45932847,1.4700263738632202,0.26107361912727356,-58.7761;173.3066;98.8325,g-/t/m+,1.2239;6.6934;8.8325,45.0000;45.0000;60.0000,True,True,3.23600754765031,A:PHE104:N,1.2360075476503098,True,nan,,inf,True,True,True,75.3158187866211,78.19924926757812,-2.8834304809570312,True,True
7F72_A_MET103__004__1,7F72_A_MET103,4,1,0.17963903,other,0,0.17963903,True,other,0.17963903,1.5350723266601562,0.7506418824195862,-73.6454;-177.3281;167.0390,g-/t/t,13.6454;2.6719;12.9610,45.0000;45.0000;60.0000,True,True,2.993149999404505,A:ARG198:NE,0.9931499994045052,True,nan,,inf,True,True,True,49.97175979614258,nan,nan,False,False
7F72_A_MET103__004__3,7F72_A_MET103,4,3,0.77295721,B,1,0.77295721,True,B,0.77295721,1.3764070272445679,0.21881677210330963,-55.8112;167.6990;94.4402,g-/t/m+,4.1888;12.3010;4.4402,45.0000;45.0000;60.0000,True,True,3.23600754765031,A:PHE104:N,1.2360075476503098,True,nan,,inf,True,True,True,75.29910278320312,78.19924926757812,-2.900146484375,True,True
7F72_A_MET103__005__0,7F72_A_MET103,5,0,0.50507808,A,0,0.50507808,True,A,0.50507808,0.25630417466163635,1.4285029172897339,-62.9510;-174.9595;-81.8201,g-/t/m-,2.9510;5.0405;8.1799,45.0000;45.0000;60.0000,True,True,3.23600754765031,A:PHE104:N,1.2360075476503098,True,nan,,inf,True,True,True,72.90505981445312,72.57913208007812,0.325927734375,True,True
7F72_A_MET103__005__2,7F72_A_MET103,5,2,0.44704291,B,1,0.44704291,True,B,0.44704291,1.4772447347640991,0.2825773358345032,-59.1415;173.7102;98.0696,g-/t/m+,0.8585;6.2898;8.0696,45.0000;45.0000;60.0000,True,True,3.23600754765031,A:PHE104:N,1.2360075476503098,True,nan,,inf,True,True,True,75.13505554199219,78.19924926757812,-3.0641937255859375,True,True
7F72_A_MET103__006__0,7F72_A_MET103,6,0,0.41591501,B,0,0.41591501,True,B,0.41591501,1.4716638326644897,0.29709750413894653,-59.2761;173.3785;96.3075,g-/t/m+,0.7239;6.6215;6.3075,45.0000;45.0000;60.0000,True,True,3.23600754765031,A:PHE104:N,1.2360075476503098,True,nan,,inf,True,True,True,74.83415222167969,78.19924926757812,-3.3650970458984375,True,True
7F72_A_MET103__006__1,7F72_A_MET103,6,1,0.06607201,other,1,0.06607201,True,other,0.06607201,1.540844440460205,0.7623347043991089,-73.4689;-175.9799;167.3883,g-/t/t,13.4689;4.0201;12.6117,45.0000;45.0000;60.0000,True,True,2.9947181526603543,A:ARG198:NE,0.9947181526603543,True,nan,,inf,True,True,True,50.005340576171875,nan,nan,False,False
7F72_A_MET103__006__3,7F72_A_MET103,6,3,0.4724822,A,2,0.4724822,True,A,0.4724822,0.27912095189094543,1.443665623664856,-62.6494;-176.0739;-82.7871,g-/t/m-,2.6494;3.9261;7.2129,45.0000;45.0000;60.0000,True,True,3.23600754765031,A:PHE104:N,1.2360075476503098,True,nan,,inf,True,True,True,73.64288330078125,72.57913208007812,1.063751220703125,False,False
7F72_A_MET103__007__1,7F72_A_MET103,7,1,0.51553798,A,0,0.51553798,True,A,0.51553798,0.2602625787258148,1.4322047233581543,-63.1575;-175.4518;-82.2478,g-/t/m-,3.1575;4.5482;7.7522,45.0000;45.0000;60.0000,True,True,3.23600754765031,A:PHE104:N,1.2360075476503098,True,nan,,inf,True,True,True,73.08171081542969,72.57913208007812,0.5025787353515625,False,False
7F72_A_MET103__007__3,7F72_A_MET103,7,3,0.48111022,B,1,0.48111022,True,B,0.48111022,1.468754529953003,0.2651510238647461,-58.8031;173.2342;98.3141,g-/t/m+,1.1969;6.7658;8.3141,45.0000;45.0000;60.0000,True,True,3.23600754765031,A:PHE104:N,1.2360075476503098,True,nan,,inf,True,True,True,75.2276382446289,78.19924926757812,-2.9716110229492188,True,True
7F72_A_MET103__008__0,7F72_A_MET103,8,0,0.49889949,A,0,0.49889949,True,A,0.49889949,0.2611168324947357,1.4323049783706665,-63.0463;-175.3811;-82.2246,g-/t/m-,3.0463;4.6189;7.7754,45.0000;45.0000;60.0000,True,True,3.23600754765031,A:PHE104:N,1.2360075476503098,True,nan,,inf,True,True,True,73.09075164794922,72.57913208007812,0.5116195678710938,False,False
7F72_A_MET103__008__1,7F72_A_MET103,8,1,0.48010212,B,1,0.48010212,True,B,0.48010212,1.4703197479248047,0.26773375272750854,-58.8397;173.3339;98.2818,g-/t/m+,1.1603;6.6661;8.2818,45.0000;45.0000;60.0000,True,True,3.23600754765031,A:PHE104:N,1.2360075476503098,True,nan,,inf,True,True,True,75.22087097167969,78.19924926757812,-2.9783782958984375,True,True
7F72_A_MET103__009__1,7F72_A_MET103,9,1,0.058776457,other,0,0.058776457,True,other,0.058776457,1.6264495849609375,0.7932698726654053,-76.2689;-173.7499;163.7673,g-/t/t,16.2689;6.2501;16.2327,45.0000;45.0000;60.0000,True,True,3.23600754765031,A:PHE104:N,1.2360075476503098,True,nan,,inf,True,True,True,50.602691650390625,nan,nan,False,False
7F72_A_MET103__009__2,7F72_A_MET103,9,2,0.48128986,A,1,0.48128986,True,A,0.48128986,0.28135305643081665,1.4461193084716797,-62.5412;-176.1542;-82.5657,g-/t/m-,2.5412;3.8458;7.4343,45.0000;45.0000;60.0000,True,True,3.23600754765031,A:PHE104:N,1.2360075476503098,True,nan,,inf,True,True,True,73.70542907714844,72.57913208007812,1.1262969970703125,False,False
7F72_A_MET103__009__3,7F72_A_MET103,9,3,0.45271155,B,2,0.45271155,True,B,0.45271155,1.4561667442321777,0.26307013630867004,-58.6280;172.4852;97.0278,g-/t/m+,1.3720;7.5148;7.0278,45.0000;45.0000;60.0000,True,True,3.23600754765031,A:PHE104:N,1.2360075476503098,True,nan,,inf,True,True,True,75.05691528320312,78.19924926757812,-3.142333984375,True,True
7F72_A_MET103__010__0,7F72_A_MET103,10,0,0.052224521,merged_duplicate,0,0.757910251,False,A,0.0,0.40807849168777466,1.493124008178711,-62.0421;179.4285;-90.2185,g-/t/m-,2.0421;0.5715;0.2185,45.0000;45.0000;60.0000,True,True,3.23600754765031,A:PHE104:N,1.2360075476503098,True,nan,,inf,True,True,True,54.135169982910156,nan,nan,False,False
7F72_A_MET103__010__1,7F72_A_MET103,10,1,0.19468634,B,1,0.19468634,True,B,0.19468634,1.5376371145248413,0.7513595223426819,-73.1935;-176.7071;166.5093,g-/t/t,13.1935;3.2929;13.4907,45.0000;45.0000;60.0000,True,True,2.994884701990682,A:ARG198:NE,0.9948847019906819,True,nan,,inf,True,True,True,74.36927032470703,78.19924926757812,-3.8299789428710938,True,True
7F72_A_MET103__010__2,7F72_A_MET103,10,2,0.70568573,A,0,0.757910251,True,A,0.757910251,0.2742805480957031,1.437301754951477,-61.9111;-174.9507;-81.8077,g-/t/m-,1.9111;5.0493;8.1923,45.0000;45.0000;60.0000,True,True,3.23600754765031,A:PHE104:N,1.2360075476503098,True,nan,,inf,True,True,True,73.26846313476562,72.57913208007812,0.6893310546875,False,False
7F72_A_MET103__011__0,7F72_A_MET103,11,0,0.47543031,B,0,0.47543031,True,B,0.47543031,1.4706016778945923,0.2673279345035553,-58.8811;173.3247;98.4393,g-/t/m+,1.1189;6.6753;8.4393,45.0000;45.0000;60.0000,True,True,3.23600754765031,A:PHE104:N,1.2360075476503098,True,nan,,inf,True,True,True,75.24059295654297,78.19924926757812,-2.9586563110351562,True,True
7F72_A_MET103__011__3,7F72_A_MET103,11,3,0.50469798,A,1,0.50469798,True,A,0.50469798,0.2592061161994934,1.429573893547058,-63.3496;-175.4608;-82.7805,g-/t/m-,3.3496;4.5392;7.2195,45.0000;45.0000;60.0000,True,True,3.23600754765031,A:PHE104:N,1.2360075476503098,True,nan,,inf,True,True,True,73.06103515625,72.57913208007812,0.481903076171875,False,False
7F72_A_MET103__012__0,7F72_A_MET103,12,0,0.21027045,B,0,0.38337696,True,B,0.38337696,1.4508317708969116,0.2941362261772156,-59.0810;172.1099;94.6876,g-/t/m+,0.9190;7.8901;4.6876,45.0000;45.0000;60.0000,True,True,3.23600754765031,A:PHE104:N,1.2360075476503098,True,nan,,inf,True,True,True,74.62583923339844,78.19924926757812,-3.5734100341796875,True,True
7F72_A_MET103__012__1,7F72_A_MET103,12,1,0.17310651,merged_duplicate,0,0.38337696,False,B,0.0,1.5983349084854126,0.4698159098625183,-59.7927;-178.0367;94.7856,g-/t/m+,0.2073;1.9633;4.7856,45.0000;45.0000;60.0000,True,True,3.1943836050476553,A:ILE145:CG1,1.1943836050476553,True,nan,,inf,True,True,True,50.358856201171875,nan,nan,False,False
7F72_A_MET103__012__2,7F72_A_MET103,12,2,0.60143042,A,1,0.60143042,True,A,0.60143042,0.2566775381565094,1.4289264678955078,-63.3472;-175.3566;-82.4594,g-/t/m-,3.3472;4.6434;7.5406,45.0000;45.0000;60.0000,True,True,3.23600754765031,A:PHE104:N,1.2360075476503098,True,nan,,inf,True,True,True,72.99322509765625,72.57913208007812,0.414093017578125,True,True
7F72_A_MET103__013__0,7F72_A_MET103,13,0,0.34955901,B,0,0.45627269000000004,True,B,0.45627269000000004,1.478103756904602,0.2836166322231293,-59.1558;173.7647;98.0830,g-/t/m+,0.8442;6.2353;8.0830,45.0000;45.0000;60.0000,True,True,3.23600754765031,A:PHE104:N,1.2360075476503098,True,nan,,inf,True,True,True,75.13490295410156,78.19924926757812,-3.0643463134765625,True,True
7F72_A_MET103__013__1,7F72_A_MET103,13,1,0.4635013,A,1,0.4635013,True,A,0.4635013,0.2979244589805603,1.45768404006958,-62.1355;-176.7662;-82.6791,g-/t/m-,2.1355;3.2338;7.3209,45.0000;45.0000;60.0000,True,True,3.23600754765031,A:PHE104:N,1.2360075476503098,True,nan,,inf,True,True,True,74.28706359863281,72.57913208007812,1.7079315185546875,False,False
7F72_A_MET103__013__2,7F72_A_MET103,13,2,0.10671368,merged_duplicate,0,0.45627269000000004,False,B,0.0,1.404901385307312,0.5065963864326477,-60.8908;170.6619;79.4340,g-/t/m+,0.8908;9.3381;10.5660,45.0000;45.0000;60.0000,True,True,3.0939455688764403,A:ILE145:CG1,1.0939455688764403,True,nan,,inf,True,True,True,48.33708190917969,nan,nan,False,False
7F72_A_MET103__013__3,7F72_A_MET103,13,3,0.080225959,other,2,0.080225959,True,other,0.080225959,1.555099606513977,0.7675650119781494,-73.1464;-174.7121;166.2868,g-/t/t,13.1464;5.2879;13.7132,45.0000;45.0000;60.0000,True,True,3.0278351760557727,A:ARG198:NE,1.0278351760557727,True,nan,,inf,True,True,True,50.088924407958984,nan,nan,False,False
7F72_A_MET103__014__1,7F72_A_MET103,14,1,0.47703648,B,0,0.47703648,True,B,0.47703648,1.4707621335983276,0.26516902446746826,-58.8101;173.3628;98.5419,g-/t/m+,1.1899;6.6372;8.5419,45.0000;45.0000;60.0000,True,True,3.23600754765031,A:PHE104:N,1.2360075476503098,True,nan,,inf,True,True,True,75.26478576660156,78.19924926757812,-2.9344635009765625,True,True
7F72_A_MET103__014__3,7F72_A_MET103,14,3,0.4759292,A,1,0.4759292,True,A,0.4759292,0.2759384214878082,1.4453707933425903,-62.6970;-176.1071;-81.9053,g-/t/m-,2.6970;3.8929;8.0947,45.0000;45.0000;60.0000,True,True,3.23600754765031,A:PHE104:N,1.2360075476503098,True,nan,,inf,True,True,True,73.53900909423828,72.57913208007812,0.9598770141601562,False,False
7F72_A_MET103__015__0,7F72_A_MET103,15,0,0.17641036,merged_duplicate,0,0.996923152,False,A,0.0,0.4583975076675415,1.5156012773513794,-62.3698;177.2435;-91.6106,g-/t/m-,2.3698;2.7565;1.6106,45.0000;45.0000;60.0000,True,True,3.23600754765031,A:PHE104:N,1.2360075476503098,True,nan,,inf,True,True,True,55.91106033325195,nan,nan,False,False
7F72_A_MET103__015__1,7F72_A_MET103,15,1,0.7455914,A,0,0.996923152,True,A,0.996923152,0.21796812117099762,1.3702356815338135,-63.8888;-170.4985;-80.0759,g-/t/m-,3.8888;9.5015;9.9241,45.0000;45.0000;60.0000,True,True,3.23600754765031,A:PHE104:N,1.2360075476503098,True,nan,,inf,True,True,True,71.55706787109375,72.57913208007812,-1.022064208984375,True,True
7F72_A_MET103__015__3,7F72_A_MET103,15,3,0.074921392,merged_duplicate,0,0.996923152,False,A,0.0,0.4484418034553528,1.5176650285720825,-62.3530;177.3494;-90.4315,g-/t/m-,2.3530;2.6506;0.4315,45.0000;45.0000;60.0000,True,True,3.23600754765031,A:PHE104:N,1.2360075476503098,True,nan,,inf,True,True,True,56.00138854980469,nan,nan,False,False
7F72_A_MET103__016__0,7F72_A_MET103,16,0,0.45440379,B,0,0.45440379,True,B,0.45440379,1.4589898586273193,0.2662009000778198,-58.7178;172.6441;97.1297,g-/t/m+,1.2822;7.3559;7.1297,45.0000;45.0000;60.0000,True,True,3.23600754765031,A:PHE104:N,1.2360075476503098,True,nan,,inf,True,True,True,75.0574951171875,78.19924926757812,-3.141754150390625,True,True
7F72_A_MET103__016__2,7F72_A_MET103,16,2,0.054145373,other,1,0.054145373,True,other,0.054145373,1.5410332679748535,0.7615426778793335,-73.3887;-175.9576;167.2382,g-/t/t,13.3887;4.0424;12.7618,45.0000;45.0000;60.0000,True,True,2.995238939708088,A:ARG198:NE,0.9952389397080879,True,nan,,inf,True,True,True,50.00461959838867,nan,nan,False,False
7F72_A_MET103__016__3,7F72_A_MET103,16,3,0.45489809,A,2,0.45489809,True,A,0.45489809,0.2913295328617096,1.4532800912857056,-62.4052;-176.6284;-82.7293,g-/t/m-,2.4052;3.3716;7.2707,45.0000;45.0000;60.0000,True,True,3.23600754765031,A:PHE104:N,1.2360075476503098,True,nan,,inf,True,True,True,74.07087707519531,72.57913208007812,1.4917449951171875,False,False
7F72_A_MET103__017__1,7F72_A_MET103,17,1,0.43964142,B,0,0.43964142,True,B,0.43964142,1.458964228630066,0.27162301540374756,-59.7736;172.0464;98.6638,g-/t/m+,0.2264;7.9536;8.6638,45.0000;45.0000;60.0000,True,True,3.23600754765031,A:PHE104:N,1.2360075476503098,True,nan,,inf,True,True,True,75.16867065429688,78.19924926757812,-3.03057861328125,True,True
7F72_A_MET103__017__3,7F72_A_MET103,17,3,0.50916231,A,1,0.50916231,True,A,0.50916231,0.27952277660369873,1.4188635349273682,-62.2809;-174.4935;-86.3771,g-/t/m-,2.2809;5.5065;3.6229,45.0000;45.0000;60.0000,True,True,3.23600754765031,A:PHE104:N,1.2360075476503098,True,nan,,inf,True,True,True,73.36231231689453,72.57913208007812,0.7831802368164062,False,False
7F72_A_MET103__018__0,7F72_A_MET103,18,0,0.18618938,B,0,0.39398957,True,B,0.39398957,1.479822039604187,0.3151313066482544,-59.1057;174.1469;94.9834,g-/t/m+,0.8943;5.8531;4.9834,45.0000;45.0000;60.0000,True,True,3.23600754765031,A:PHE104:N,1.2360075476503098,True,nan,,inf,True,True,True,74.65748596191406,78.19924926757812,-3.5417633056640625,True,True
7F72_A_MET103__018__2,7F72_A_MET103,18,2,0.59721571,A,1,0.59721571,True,A,0.59721571,0.31222501397132874,1.468256950378418,-61.6201;-177.1541;-82.3676,g-/t/m-,1.6201;2.8459;7.6324,45.0000;45.0000;60.0000,True,True,3.23600754765031,A:PHE104:N,1.2360075476503098,True,nan,,inf,True,True,True,74.75959014892578,72.57913208007812,2.1804580688476562,False,False
7F72_A_MET103__018__3,7F72_A_MET103,18,3,0.20780019,merged_duplicate,0,0.39398957,False,B,0.0,1.6157811880111694,0.6245132088661194,-70.1314;177.4342;97.9869,g-/t/m+,10.1314;2.5658;7.9869,45.0000;45.0000;60.0000,True,True,2.940195009318916,A:ILE145:CG1,0.940195009318916,True,nan,,inf,True,True,True,50.34944534301758,nan,nan,False,False
7F72_A_MET103__019__0,7F72_A_MET103,19,0,0.47816271,B,0,0.47816271,True,B,0.47816271,1.4592936038970947,0.2510819733142853,-58.6474;172.5976;98.5122,g-/t/m+,1.3526;7.4024;8.5122,45.0000;45.0000;60.0000,True,True,3.23600754765031,A:PHE104:N,1.2360075476503098,True,nan,,inf,True,True,True,75.29376220703125,78.19924926757812,-2.905487060546875,True,True
7F72_A_MET103__019__3,7F72_A_MET103,19,3,0.49008566,A,1,0.49008566,True,A,0.49008566,0.27077987790107727,1.4386073350906372,-62.7308;-175.6778;-82.3642,g-/t/m-,2.7308;4.3222;7.6358,45.0000;45.0000;60.0000,True,True,3.23600754765031,A:PHE104:N,1.2360075476503098,True,nan,,inf,True,True,True,73.36434936523438,72.57913208007812,0.78521728515625,False,False
7F72_A_MET103__020__0,7F72_A_MET103,20,0,0.4872514,A,0,0.4872514,True,A,0.4872514,0.28383949398994446,1.4480299949645996,-62.4097;-176.1943;-82.4591,g-/t/m-,2.4097;3.8057;7.5409,45.0000;45.0000;60.0000,True,True,3.23600754765031,A:PHE104:N,1.2360075476503098,True,nan,,inf,True,True,True,73.77392578125,72.57913208007812,1.194793701171875,False,False
7F72_A_MET103__020__2,7F72_A_MET103,20,2,0.46525803,B,1,0.46525803,True,B,0.46525803,1.4553663730621338,0.24307319521903992,-58.5457;172.3368;98.7573,g-/t/m+,1.4543;7.6632;8.7573,45.0000;45.0000;60.0000,True,True,3.23600754765031,A:PHE104:N,1.2360075476503098,True,nan,,inf,True,True,True,75.35901641845703,78.19924926757812,-2.8402328491210938,True,True
7F72_A_MET103__021__1,7F72_A_MET103,21,1,0.48441243,B,0,0.48441243,True,B,0.48441243,1.4642783403396606,0.2581544816493988,-58.7606;172.9136;98.4994,g-/t/m+,1.2394;7.0864;8.4994,45.0000;45.0000;60.0000,True,True,3.23600754765031,A:PHE104:N,1.2360075476503098,True,nan,,inf,True,True,True,75.27204895019531,78.19924926757812,-2.9272003173828125,True,True
7F72_A_MET103__021__2,7F72_A_MET103,21,2,0.48575178,A,1,0.48575178,True,A,0.48575178,0.267484575510025,1.4364306926727295,-62.6574;-175.4107;-82.0286,g-/t/m-,2.6574;4.5893;7.9714,45.0000;45.0000;60.0000,True,True,3.23600754765031,A:PHE104:N,1.2360075476503098,True,nan,,inf,True,True,True,73.22962951660156,72.57913208007812,0.6504974365234375,False,False
7F72_A_MET103__022__1,7F72_A_MET103,22,1,0.46943632,B,0,0.46943632,True,B,0.46943632,1.4647091627120972,0.2539185583591461,-58.8249;172.8743;99.1244,g-/t/m+,1.1751;7.1257;9.1244,45.0000;45.0000;60.0000,True,True,3.23600754765031,A:PHE104:N,1.2360075476503098,True,nan,,inf,True,True,True,75.36817169189453,78.19924926757812,-2.8310775756835938,True,True
7F72_A_MET103__022__3,7F72_A_MET103,22,3,0.46711466,A,1,0.46711466,True,A,0.46711466,0.2737416923046112,1.43435537815094,-62.8430;-175.6452;-83.7730,g-/t/m-,2.8430;4.3548;6.2270,45.0000;45.0000;60.0000,True,True,3.23600754765031,A:PHE104:N,1.2360075476503098,True,nan,,inf,True,True,True,73.44673919677734,72.57913208007812,0.8676071166992188,False,False
7F72_A_MET103__023__2,7F72_A_MET103,23,2,0.77990812,A,0,0.77990812,True,A,0.77990812,0.2866031229496002,1.445698857307434,-62.0001;-175.8009;-82.9029,g-/t/m-,2.0001;4.1991;7.0971,45.0000;45.0000;60.0000,True,True,3.23600754765031,A:PHE104:N,1.2360075476503098,True,nan,,inf,True,True,True,73.78878784179688,72.57913208007812,1.20965576171875,False,False
7F72_A_MET103__023__3,7F72_A_MET103,23,3,0.19603625,B,1,0.19603625,True,B,0.19603625,1.5367112159729004,0.7495335340499878,-73.2495;-176.9444;166.4804,g-/t/t,13.2495;3.0556;13.5196,45.0000;45.0000;60.0000,True,True,2.994969033234406,A:ARG198:NE,0.9949690332344061,True,nan,,inf,True,True,True,74.36489868164062,78.19924926757812,-3.8343505859375,True,True
7F72_A_MET103__024__0,7F72_A_MET103,24,0,0.67717922,A,0,0.762677814,True,A,0.762677814,0.3016315996646881,1.4572012424468994,-61.1709;-175.9792;-81.9930,g-/t/m-,1.1709;4.0208;8.0070,45.0000;45.0000;60.0000,True,True,3.23600754765031,A:PHE104:N,1.2360075476503098,True,nan,,inf,True,True,True,74.13423919677734,72.57913208007812,1.5551071166992188,False,False
7F72_A_MET103__024__1,7F72_A_MET103,24,1,0.085498594,merged_duplicate,0,0.762677814,False,A,0.0,0.41240978240966797,1.4936102628707886,-62.1083;179.2769;-90.5342,g-/t/m-,2.1083;0.7231;0.5342,45.0000;45.0000;60.0000,True,True,3.23600754765031,A:PHE104:N,1.2360075476503098,True,nan,,inf,True,True,True,54.17047119140625,nan,nan,False,False
7F72_A_MET103__024__2,7F72_A_MET103,24,2,0.061122712,merged_duplicate,1,0.23732225199999998,False,B,0.0,1.5511237382888794,0.702319324016571,-71.3488;-177.7228;159.6115,g-/t/t,11.3488;2.2772;20.3885,45.0000;45.0000;60.0000,True,True,3.0863163496772743,A:ARG198:NE,1.0863163496772743,True,nan,,inf,True,True,True,50.06346130371094,nan,nan,False,False
7F72_A_MET103__024__3,7F72_A_MET103,24,3,0.17619954,B,1,0.23732225199999998,True,B,0.23732225199999998,1.5370038747787476,0.7329527139663696,-72.9410;-177.8621;164.7923,g-/t/t,12.9410;2.1379;15.2077,45.0000;45.0000;60.0000,True,True,3.014025022506854,A:ARG198:NE,1.014025022506854,True,nan,,inf,True,True,True,74.35903930664062,78.19924926757812,-3.8402099609375,True,True
7F72_A_MET103__025__1,7F72_A_MET103,25,1,0.47934705,B,0,0.47934705,True,B,0.47934705,1.468929409980774,0.2647058069705963,-58.8817;173.1956;98.5398,g-/t/m+,1.1183;6.8044;8.5398,45.0000;45.0000;60.0000,True,True,3.23600754765031,A:PHE104:N,1.2360075476503098,True,nan,,inf,True,True,True,75.25382232666016,78.19924926757812,-2.9454269409179688,True,True
7F72_A_MET103__025__2,7F72_A_MET103,25,2,0.50838953,A,1,0.50838953,True,A,0.50838953,0.2602020502090454,1.4318934679031372,-63.2156;-175.4868;-82.3752,g-/t/m-,3.2156;4.5132;7.6248,45.0000;45.0000;60.0000,True,True,3.23600754765031,A:PHE104:N,1.2360075476503098,True,nan,,inf,True,True,True,73.09306335449219,72.57913208007812,0.5139312744140625,False,False
7F72_A_MET103__026__1,7F72_A_MET103,26,1,0.49897742,A,0,0.49897742,True,A,0.49897742,0.2711980640888214,1.4375749826431274,-62.8050;-175.7061;-82.7444,g-/t/m-,2.8050;4.2939;7.2556,45.0000;45.0000;60.0000,True,True,3.23600754765031,A:PHE104:N,1.2360075476503098,True,nan,,inf,True,True,True,73.38848114013672,72.57913208007812,0.8093490600585938,False,False
7F72_A_MET103__026__3,7F72_A_MET103,26,3,0.46296906,B,1,0.46296906,True,B,0.46296906,1.4617327451705933,0.25733712315559387,-58.7399;172.7502;98.2922,g-/t/m+,1.2601;7.2498;8.2922,45.0000;45.0000;60.0000,True,True,3.23600754765031,A:PHE104:N,1.2360075476503098,True,nan,,inf,True,True,True,75.24169921875,78.19924926757812,-2.957550048828125,True,True
7F72_A_MET103__027__0,7F72_A_MET103,27,0,0.41819018,B,0,0.487318462,True,B,0.487318462,1.47423255443573,0.2918822169303894,-59.5511;173.3361;97.5999,g-/t/m+,0.4489;6.6639;7.5999,45.0000;45.0000;60.0000,True,True,3.23600754765031,A:PHE104:N,1.2360075476503098,True,nan,,inf,True,True,True,75.0022964477539,78.19924926757812,-3.1969528198242188,True,True
7F72_A_MET103__027__1,7F72_A_MET103,27,1,0.50639802,A,1,0.50639802,True,A,0.50639802,0.2676357924938202,1.4357585906982422,-62.8302;-175.5418;-82.4739,g-/t/m-,2.8302;4.4582;7.5261,45.0000;45.0000;60.0000,True,True,3.23600754765031,A:PHE104:N,1.2360075476503098,True,nan,,inf,True,True,True,73.26731872558594,72.57913208007812,0.6881866455078125,False,False
7F72_A_MET103__027__3,7F72_A_MET103,27,3,0.069128282,merged_duplicate,0,0.487318462,False,B,0.0,1.4269556999206543,0.16177216172218323,-57.5820;170.3637;103.0397,g-/t/m+,2.4180;9.6363;13.0397,45.0000;45.0000;60.0000,True,True,3.23600754765031,A:PHE104:N,1.2360075476503098,True,nan,,inf,True,True,True,51.93816375732422,nan,nan,False,False
7F72_A_MET103__028__0,7F72_A_MET103,28,0,0.10822804,merged_duplicate,0,0.53203006,False,A,0.0,0.3885560631752014,1.3994871377944946,-66.0997;-178.2002;-96.0397,g-/t/m-,6.0997;1.7998;6.0397,45.0000;45.0000;60.0000,True,True,3.23600754765031,A:PHE104:N,1.2360075476503098,True,nan,,inf,True,True,True,48.7152099609375,nan,nan,False,False
7F72_A_MET103__028__1,7F72_A_MET103,28,1,0.42380202,A,0,0.53203006,True,A,0.53203006,0.28424638509750366,1.444681167602539,-61.7399;-175.4420;-82.1382,g-/t/m-,1.7399;4.5580;7.8618,45.0000;45.0000;60.0000,True,True,3.23600754765031,A:PHE104:N,1.2360075476503098,True,nan,,inf,True,True,True,73.60881805419922,72.57913208007812,1.0296859741210938,False,False
7F72_A_MET103__028__3,7F72_A_MET103,28,3,0.46287212,B,1,0.46287212,True,B,0.46287212,1.4737865924835205,0.2749987244606018,-58.9806;173.5280;98.1714,g-/t/m+,1.0194;6.4720;8.1714,45.0000;45.0000;60.0000,True,True,3.23600754765031,A:PHE104:N,1.2360075476503098,True,nan,,inf,True,True,True,75.17878723144531,78.19924926757812,-3.0204620361328125,True,True
7F72_A_MET103__029__1,7F72_A_MET103,29,1,0.50251007,A,0,0.50251007,True,A,0.50251007,0.2651251554489136,1.4327696561813354,-63.1568;-175.6127;-82.9903,g-/t/m-,3.1568;4.3873;7.0097,45.0000;45.0000;60.0000,True,True,3.23600754765031,A:PHE104:N,1.2360075476503098,True,nan,,inf,True,True,True,73.22341918945312,72.57913208007812,0.644287109375,False,False
7F72_A_MET103__029__2,7F72_A_MET103,29,2,0.45679867,B,1,0.45679867,True,B,0.45679867,1.4692559242248535,0.2642809748649597,-58.9976;173.1445;98.8588,g-/t/m+,1.0024;6.8555;8.8588,45.0000;45.0000;60.0000,True,True,3.23600754765031,A:PHE104:N,1.2360075476503098,True,nan,,inf,True,True,True,75.29335021972656,78.19924926757812,-2.9058990478515625,True,True
7F72_A_MET103__030__0,7F72_A_MET103,30,0,0.85414243,B,0,0.85414243,True,B,0.85414243,1.4242308139801025,0.20718581974506378,-58.3502;170.0079;99.6649,g-/t/m+,1.6498;9.9921;9.6649,45.0000;45.0000;60.0000,True,True,3.23600754765031,A:PHE104:N,1.2360075476503098,True,nan,,inf,True,True,True,75.59207916259766,78.19924926757812,-2.6071701049804688,True,True
7F72_A_MET103__030__1,7F72_A_MET103,30,1,0.059083041,other,1,0.059083041,True,other,0.059083041,1.714224934577942,1.4456720352172852,-138.3649;159.7176;-89.9958,t/t/m-,41.6351;20.2824;0.0042,45.0000;45.0000;60.0000,True,True,2.9694945091224043,A:ILE145:CG1,0.9694945091224043,True,nan,,inf,True,True,True,55.32018280029297,nan,nan,False,False
7F72_A_MET103__030__3,7F72_A_MET103,30,3,0.067839727,other,2,0.067839727,True,other,0.067839727,1.7855578660964966,1.9945098161697388,50.6896;-162.6123;66.3609,g+/t/m+,9.3104;17.3877;23.6391,45.0000;45.0000;60.0000,True,True,2.7995824470158595,A:SER99:O,0.7995824470158595,True,nan,,inf,True,True,True,122.18327331542969,nan,nan,False,False
7F72_A_MET103__031__0,7F72_A_MET103,31,0,0.48207471,A,0,0.48207471,True,A,0.48207471,0.258025199174881,1.423730731010437,-63.5126;-175.2635;-83.6843,g-/t/m-,3.5126;4.7365;6.3157,45.0000;45.0000;60.0000,True,True,3.23600754765031,A:PHE104:N,1.2360075476503098,True,nan,,inf,True,True,True,72.99662780761719,72.57913208007812,0.4174957275390625,True,True
7F72_A_MET103__031__3,7F72_A_MET103,31,3,0.46971819,B,1,0.46971819,True,B,0.46971819,1.4736003875732422,0.27163198590278625,-58.9759;173.4949;98.5014,g-/t/m+,1.0241;6.5051;8.5014,45.0000;45.0000;60.0000,True,True,3.23600754765031,A:PHE104:N,1.2360075476503098,True,nan,,inf,True,True,True,75.23601531982422,78.19924926757812,-2.9632339477539062,True,True
7F72_A_MET103__032__0,7F72_A_MET103,32,0,0.50351858,A,0,0.50351858,True,A,0.50351858,0.2631925642490387,1.4312591552734375,-62.9455;-175.2993;-82.6612,g-/t/m-,2.9455;4.7007;7.3388,45.0000;45.0000;60.0000,True,True,3.23600754765031,A:PHE104:N,1.2360075476503098,True,nan,,inf,True,True,True,73.13288879394531,72.57913208007812,0.5537567138671875,False,False
7F72_A_MET103__032__2,7F72_A_MET103,32,2,0.47864059,B,1,0.47864059,True,B,0.47864059,1.467242956161499,0.2615754008293152,-58.8103;173.1048;98.5467,g-/t/m+,1.1897;6.8952;8.5467,45.0000;45.0000;60.0000,True,True,3.23600754765031,A:PHE104:N,1.2360075476503098,True,nan,,inf,True,True,True,75.27001953125,78.19924926757812,-2.929229736328125,True,True
7F72_A_MET103__033__0,7F72_A_MET103,33,0,0.43682444,A,0,0.512783929,True,A,0.512783929,0.26631879806518555,1.4342349767684937,-62.6888;-175.3017;-82.2960,g-/t/m-,2.6888;4.6983;7.7040,45.0000;45.0000;60.0000,True,True,3.23600754765031,A:PHE104:N,1.2360075476503098,True,nan,,inf,True,True,True,73.18730163574219,72.57913208007812,0.6081695556640625,False,False
7F72_A_MET103__033__1,7F72_A_MET103,33,1,0.075959489,merged_duplicate,0,0.512783929,False,A,0.0,0.37211915850639343,1.4771413803100586,-62.1935;-179.2673;-88.8744,g-/t/m-,2.1935;0.7327;1.1256,45.0000;45.0000;60.0000,True,True,3.23600754765031,A:PHE104:N,1.2360075476503098,True,nan,,inf,True,True,True,52.58476638793945,nan,nan,False,False
7F72_A_MET103__033__2,7F72_A_MET103,33,2,0.46679512,B,1,0.46679512,True,B,0.46679512,1.465583086013794,0.26075705885887146,-58.9227;172.9216;98.6901,g-/t/m+,1.0773;7.0784;8.6901,45.0000;45.0000;60.0000,True,True,3.23600754765031,A:PHE104:N,1.2360075476503098,True,nan,,inf,True,True,True,75.27430725097656,78.19924926757812,-2.9249420166015625,True,True
7F72_A_MET103__034__0,7F72_A_MET103,34,0,0.14684013,merged_duplicate,0,0.990530138,False,A,0.0,0.4426998794078827,1.509229063987732,-62.3195;177.8538;-91.0950,g-/t/m-,2.3195;2.1462;1.0950,45.0000;45.0000;60.0000,True,True,3.23600754765031,A:PHE104:N,1.2360075476503098,True,nan,,inf,True,True,True,55.39506149291992,nan,nan,False,False
7F72_A_MET103__034__2,7F72_A_MET103,34,2,0.085800678,merged_duplicate,0,0.990530138,False,A,0.0,0.4160904884338379,1.496325969696045,-62.2508;178.9793;-90.4463,g-/t/m-,2.2508;1.0207;0.4463,45.0000;45.0000;60.0000,True,True,3.23600754765031,A:PHE104:N,1.2360075476503098,True,nan,,inf,True,True,True,54.30904769897461,nan,nan,False,False
7F72_A_MET103__034__3,7F72_A_MET103,34,3,0.75788933,A,0,0.990530138,True,A,0.990530138,0.2245798110961914,1.3766112327575684,-63.3365;-170.8197;-80.6482,g-/t/m-,3.3365;9.1803;9.3518,45.0000;45.0000;60.0000,True,True,3.23600754765031,A:PHE104:N,1.2360075476503098,True,nan,,inf,True,True,True,71.71532440185547,72.57913208007812,-0.8638076782226562,True,True
7F72_A_MET103__035__1,7F72_A_MET103,35,1,0.48374051,A,0,0.48374051,True,A,0.48374051,0.29359790682792664,1.4547251462936401,-62.1307;-176.5157;-82.5048,g-/t/m-,2.1307;3.4843;7.4952,45.0000;45.0000;60.0000,True,True,3.23600754765031,A:PHE104:N,1.2360075476503098,True,nan,,inf,True,True,True,74.09029388427734,72.57913208007812,1.5111618041992188,False,False
7F72_A_MET103__035__3,7F72_A_MET103,35,3,0.45445102,B,1,0.45445102,True,B,0.45445102,1.4527126550674438,0.24605825543403625,-58.4926;172.2085;98.1214,g-/t/m+,1.5074;7.7915;8.1214,45.0000;45.0000;60.0000,True,True,3.23600754765031,A:PHE104:N,1.2360075476503098,True,nan,,inf,True,True,True,75.25820922851562,78.19924926757812,-2.9410400390625,True,True
7F72_A_MET103__036__2,7F72_A_MET103,36,2,0.45666552,A,0,0.45666552,True,A,0.45666552,0.2746421992778778,1.4392567873001099,-62.8146;-175.8875;-83.0388,g-/t/m-,2.8146;4.1125;6.9612,45.0000;45.0000;60.0000,True,True,3.23600754765031,A:PHE104:N,1.2360075476503098,True,nan,,inf,True,True,True,73.50405883789062,72.57913208007812,0.9249267578125,False,False
7F72_A_MET103__036__3,7F72_A_MET103,36,3,0.47333151,B,1,0.47333151,True,B,0.47333151,1.4620802402496338,0.2557234764099121,-58.6276;172.8290;98.2647,g-/t/m+,1.3724;7.1710;8.2647,45.0000;45.0000;60.0000,True,True,3.23600754765031,A:PHE104:N,1.2360075476503098,True,nan,,inf,True,True,True,75.25376892089844,78.19924926757812,-2.9454803466796875,True,True
7F72_A_MET103__037__0,7F72_A_MET103,37,0,0.70579797,A,0,0.758263495,True,A,0.758263495,0.3026263415813446,1.460996389389038,-61.2572;-176.2402;-81.3566,g-/t/m-,1.2572;3.7598;8.6434,45.0000;45.0000;60.0000,True,True,3.23600754765031,A:PHE104:N,1.2360075476503098,True,nan,,inf,True,True,True,74.13221740722656,72.57913208007812,1.5530853271484375,False,False
7F72_A_MET103__037__1,7F72_A_MET103,37,1,0.056121632,other,1,0.056121632,True,other,0.056121632,0.4247661828994751,1.2221119403839111,-68.6071;-165.2092;-100.8582,g-/t/m-,8.6071;14.7908;10.8582,45.0000;45.0000;60.0000,True,True,3.23600754765031,A:PHE104:N,1.2360075476503098,True,nan,,inf,True,True,True,48.751861572265625,nan,nan,False,False
7F72_A_MET103__037__2,7F72_A_MET103,37,2,0.052465525,merged_duplicate,0,0.758263495,False,A,0.0,0.40499505400657654,1.4921094179153442,-62.0732;179.5091;-90.0511,g-/t/m-,2.0732;0.4909;0.0511,45.0000;45.0000;60.0000,True,True,3.23600754765031,A:PHE104:N,1.2360075476503098,True,nan,,inf,True,True,True,53.99152374267578,nan,nan,False,False
7F72_A_MET103__037__3,7F72_A_MET103,37,3,0.18561479,B,2,0.18561479,True,B,0.18561479,1.5378868579864502,0.751550018787384,-73.2119;-176.6987;166.5191,g-/t/t,13.2119;3.3013;13.4809,45.0000;45.0000;60.0000,True,True,2.995651049508662,A:ARG198:NE,0.9956510495086621,True,nan,,inf,True,True,True,74.36927032470703,78.19924926757812,-3.8299789428710938,True,True
7F72_A_MET103__038__2,7F72_A_MET103,38,2,0.49047914,A,0,0.49047914,True,A,0.49047914,0.2832723557949066,1.4474728107452393,-62.3952;-176.1403;-82.4490,g-/t/m-,2.3952;3.8597;7.5510,45.0000;45.0000;60.0000,True,True,3.23600754765031,A:PHE104:N,1.2360075476503098,True,nan,,inf,True,True,True,73.74378967285156,72.57913208007812,1.1646575927734375,False,False
7F72_A_MET103__038__3,7F72_A_MET103,38,3,0.44680884,B,1,0.44680884,True,B,0.44680884,1.4549747705459595,0.25457948446273804,-58.7204;172.2878;97.9248,g-/t/m+,1.2796;7.7122;7.9248,45.0000;45.0000;60.0000,True,True,3.23600754765031,A:PHE104:N,1.2360075476503098,True,nan,,inf,True,True,True,75.18402099609375,78.19924926757812,-3.015228271484375,True,True
7F72_A_MET103__039__0,7F72_A_MET103,39,0,0.48608974,A,0,0.48608974,True,A,0.48608974,0.27655625343322754,1.4402153491973877,-62.6182;-175.8145;-82.9605,g-/t/m-,2.6182;4.1855;7.0395,45.0000;45.0000;60.0000,True,True,3.23600754765031,A:PHE104:N,1.2360075476503098,True,nan,,inf,True,True,True,73.54072570800781,72.57913208007812,0.9615936279296875,False,False
7F72_A_MET103__039__3,7F72_A_MET103,39,3,0.4616344,B,1,0.4616344,True,B,0.4616344,1.4605039358139038,0.2628061771392822,-58.7316;172.7122;97.6155,g-/t/m+,1.2684;7.2878;7.6155,45.0000;45.0000;60.0000,True,True,3.23600754765031,A:PHE104:N,1.2360075476503098,True,nan,,inf,True,True,True,75.13276672363281,78.19924926757812,-3.0664825439453125,True,True
7F72_A_MET103__040__0,7F72_A_MET103,40,0,0.1064598,merged_duplicate,0,0.8049198399999999,False,A,0.0,0.42068710923194885,1.4992080926895142,-62.0821;178.8868;-90.5572,g-/t/m-,2.0821;1.1132;0.5572,45.0000;45.0000;60.0000,True,True,3.23600754765031,A:PHE104:N,1.2360075476503098,True,nan,,inf,True,True,True,54.65081787109375,nan,nan,False,False
7F72_A_MET103__040__2,7F72_A_MET103,40,2,0.69846004,A,0,0.8049198399999999,True,A,0.8049198399999999,0.2761932611465454,1.4388006925582886,-61.8293;-175.0001;-81.7275,g-/t/m-,1.8293;4.9999;8.2725,45.0000;45.0000;60.0000,True,True,3.23600754765031,A:PHE104:N,1.2360075476503098,True,nan,,inf,True,True,True,73.30611419677734,72.57913208007812,0.7269821166992188,False,False
7F72_A_MET103__040__3,7F72_A_MET103,40,3,0.19033524,B,1,0.19033524,True,B,0.19033524,1.5394591093063354,0.7518931031227112,-73.2507;-176.6375;166.4436,g-/t/t,13.2507;3.3625;13.5564,45.0000;45.0000;60.0000,True,True,3.000605570210446,A:ARG198:NE,1.0006055702104462,True,nan,,inf,True,True,True,74.3802490234375,78.19924926757812,-3.819000244140625,True,True
7F72_A_MET103__041__0,7F72_A_MET103,41,0,0.44655091,A,0,0.523616348,True,A,0.523616348,0.25173497200012207,1.4165959358215332,-63.5946;-174.7849;-83.8561,g-/t/m-,3.5946;5.2151;6.1439,45.0000;45.0000;60.0000,True,True,3.23600754765031,A:PHE104:N,1.2360075476503098,True,nan,,inf,True,True,True,72.78811645507812,72.57913208007812,0.208984375,True,True
7F72_A_MET103__041__1,7F72_A_MET103,41,1,0.077065438,merged_duplicate,0,0.523616348,False,A,0.0,0.4243006408214569,1.5871976613998413,-64.5627;173.3807;-66.0170,g-/t/m-,4.5627;6.6193;23.9830,45.0000;45.0000;60.0000,True,True,3.1418131138280496,A:SER99:O,1.1418131138280496,True,nan,,inf,True,True,True,52.33984375,nan,nan,False,False
7F72_A_MET103__041__2,7F72_A_MET103,41,2,0.46848744,B,1,0.46848744,True,B,0.46848744,1.4724397659301758,0.2728928029537201,-59.0553;173.3799;98.4008,g-/t/m+,0.9447;6.6201;8.4008,45.0000;45.0000;60.0000,True,True,3.23600754765031,A:PHE104:N,1.2360075476503098,True,nan,,inf,True,True,True,75.20588684082031,78.19924926757812,-2.9933624267578125,True,True
7F72_A_MET103__042__1,7F72_A_MET103,42,1,0.3997888,B,0,0.455477245,True,B,0.455477245,1.443812608718872,0.23002758622169495,-58.2336;171.6353;98.4665,g-/t/m+,1.7664;8.3647;8.4665,45.0000;45.0000;60.0000,True,True,3.23600754765031,A:PHE104:N,1.2360075476503098,True,nan,,inf,True,True,True,75.37129211425781,78.19924926757812,-2.8279571533203125,True,True
7F72_A_MET103__042__2,7F72_A_MET103,42,2,0.055688445,merged_duplicate,0,0.455477245,False,B,0.0,1.532052993774414,0.38574346899986267,-64.3317;174.5520;104.5215,g-/t/m+,4.3317;5.4480;14.5215,45.0000;45.0000;60.0000,True,True,3.23600754765031,A:PHE104:N,1.2360075476503098,True,nan,,inf,True,True,True,51.427978515625,nan,nan,False,False
7F72_A_MET103__042__3,7F72_A_MET103,42,3,0.50057262,A,1,0.50057262,True,A,0.50057262,0.27528804540634155,1.441179871559143,-62.5638;-175.7770;-82.4650,g-/t/m-,2.5638;4.2230;7.5350,45.0000;45.0000;60.0000,True,True,3.23600754765031,A:PHE104:N,1.2360075476503098,True,nan,,inf,True,True,True,73.48782348632812,72.57913208007812,0.90869140625,False,False
7F72_A_MET103__043__0,7F72_A_MET103,43,0,0.051230904,other,0,0.051230904,True,other,0.051230904,1.1125032901763916,1.439886212348938,-81.0073;-143.3150;-54.3885,g-/t/m-,21.0073;36.6850;35.6115,45.0000;45.0000;60.0000,True,True,2.9762144179313434,A:ILE145:CG1,0.9762144179313434,True,nan,,inf,True,True,True,60.174339294433594,nan,nan,False,False
7F72_A_MET103__043__1,7F72_A_MET103,43,1,0.47727564,A,1,0.47727564,True,A,0.47727564,0.3250824809074402,1.4719202518463135,-61.2311;-177.3072;-83.5365,g-/t/m-,1.2311;2.6928;6.4635,45.0000;45.0000;60.0000,True,True,3.23600754765031,A:PHE104:N,1.2360075476503098,True,nan,,inf,True,True,True,75.30036163330078,72.57913208007812,2.7212295532226562,False,False
7F72_A_MET103__043__2,7F72_A_MET103,43,2,0.42090616,B,2,0.42090616,True,B,0.42090616,1.4142920970916748,0.2006096988916397,-57.2837;169.8345;97.8606,g-/t/m+,2.7163;10.1655;7.8606,45.0000;45.0000;60.0000,True,True,3.23600754765031,A:PHE104:N,1.2360075476503098,True,nan,,inf,True,True,True,75.47875213623047,78.19924926757812,-2.7204971313476562,True,True
7F72_A_MET103__043__3,7F72_A_MET103,43,3,0.050587282,other,3,0.050587282,True,other,0.050587282,1.5717945098876953,0.7569254636764526,-73.4467;-175.1701;164.0503,g-/t/t,13.4467;4.8299;15.9497,45.0000;45.0000;60.0000,True,True,3.0997638093903404,A:ARG198:NE,1.0997638093903404,True,nan,,inf,True,True,True,50.1731071472168,nan,nan,False,False
7F72_A_MET103__044__0,7F72_A_MET103,44,0,0.461059,A,0,0.5311676,True,A,0.5311676,0.23173418641090393,1.403627634048462,-63.7496;-173.6026;-82.4429,g-/t/m-,3.7496;6.3974;7.5571,45.0000;45.0000;60.0000,True,True,3.23600754765031,A:PHE104:N,1.2360075476503098,True,nan,,inf,True,True,True,72.26045989990234,72.57913208007812,-0.31867218017578125,True,True
7F72_A_MET103__044__1,7F72_A_MET103,44,1,0.0701086,merged_duplicate,0,0.5311676,False,A,0.0,0.5329203605651855,1.584678292274475,-61.6869;173.4691;-88.8231,g-/t/m-,1.6869;6.5309;1.1769,45.0000;45.0000;60.0000,True,True,3.0629603339099734,A:SER99:O,1.0629603339099734,True,nan,,inf,True,True,True,61.62919616699219,nan,nan,False,False
7F72_A_MET103__044__3,7F72_A_MET103,44,3,0.43581957,B,1,0.43581957,True,B,0.43581957,1.479137659072876,0.290681928396225,-59.1217;173.9037;97.3809,g-/t/m+,0.8783;6.0963;7.3809,45.0000;45.0000;60.0000,True,True,3.23600754765031,A:PHE104:N,1.2360075476503098,True,nan,,inf,True,True,True,75.0269546508789,78.19924926757812,-3.1722946166992188,True,True
7F72_A_MET103__045__1,7F72_A_MET103,45,1,0.067590639,other,0,0.067590639,True,other,0.067590639,1.7157758474349976,1.43324613571167,-139.6128;165.9987;-93.4299,t/t/m-,40.3872;14.0013;3.4299,45.0000;45.0000;60.0000,True,True,2.830936207473901,A:ILE145:CG1,0.8309362074739011,True,nan,,inf,True,True,True,54.47587585449219,nan,nan,False,False
7F72_A_MET103__045__3,7F72_A_MET103,45,3,0.93238974,B,1,0.93238974,True,B,0.93238974,1.395771861076355,0.16791704297065735,-56.7081;168.4701;99.5298,g-/t/m+,3.2919;11.5299;9.5298,45.0000;45.0000;60.0000,True,True,3.23600754765031,A:PHE104:N,1.2360075476503098,True,nan,,inf,True,True,True,75.91751098632812,78.19924926757812,-2.28173828125,True,True
7F72_A_MET103__046__0,7F72_A_MET103,46,0,0.50211793,A,0,0.50211793,True,A,0.50211793,0.2649334669113159,1.4343146085739136,-62.9106;-175.4669;-82.3603,g-/t/m-,2.9106;4.5331;7.6397,45.0000;45.0000;60.0000,True,True,3.23600754765031,A:PHE104:N,1.2360075476503098,True,nan,,inf,True,True,True,73.19410705566406,72.57913208007812,0.6149749755859375,False,False
7F72_A_MET103__046__3,7F72_A_MET103,46,3,0.46267626,B,1,0.46267626,True,B,0.46267626,1.4686903953552246,0.26431694626808167,-58.8101;173.2200;98.4094,g-/t/m+,1.1899;6.7800;8.4094,45.0000;45.0000;60.0000,True,True,3.23600754765031,A:PHE104:N,1.2360075476503098,True,nan,,inf,True,True,True,75.2435302734375,78.19924926757812,-2.955718994140625,True,True
7F72_A_MET103__047__1,7F72_A_MET103,47,1,0.17139807,B,0,0.17139807,True,B,0.17139807,1.5337918996810913,0.739662230014801,-72.8477;-177.4368;165.5637,g-/t/t,12.8477;2.5632;14.4363,45.0000;45.0000;60.0000,True,True,2.9937113711708534,A:ARG198:NE,0.9937113711708534,True,nan,,inf,True,True,True,74.33729553222656,78.19924926757812,-3.8619537353515625,True,True
7F72_A_MET103__047__3,7F72_A_MET103,47,3,0.74053258,A,1,0.74053258,True,A,0.74053258,0.29842329025268555,1.4533406496047974,-61.4912;-176.0199;-82.8469,g-/t/m-,1.4912;3.9801;7.1531,45.0000;45.0000;60.0000,True,True,3.23600754765031,A:PHE104:N,1.2360075476503098,True,nan,,inf,True,True,True,74.15043640136719,72.57913208007812,1.5713043212890625,False,False
7F72_A_MET103__048__1,7F72_A_MET103,48,1,0.46773717,B,0,0.46773717,True,B,0.46773717,1.4598314762115479,0.2620106637477875,-58.6561;172.7063;97.4873,g-/t/m+,1.3439;7.2937;7.4873,45.0000;45.0000;60.0000,True,True,3.23600754765031,A:PHE104:N,1.2360075476503098,True,nan,,inf,True,True,True,75.121337890625,78.19924926757812,-3.077911376953125,True,True
7F72_A_MET103__048__2,7F72_A_MET103,48,2,0.49711859,A,1,0.49711859,True,A,0.49711859,0.2755005657672882,1.4416685104370117,-62.5755;-175.8161;-82.4230,g-/t/m-,2.5755;4.1839;7.5770,45.0000;45.0000;60.0000,True,True,3.23600754765031,A:PHE104:N,1.2360075476503098,True,nan,,inf,True,True,True,73.49797058105469,72.57913208007812,0.9188385009765625,False,False
7F72_A_MET103__049__0,7F72_A_MET103,49,0,0.46664155,A,0,0.46664155,True,A,0.46664155,0.2793731093406677,1.438713788986206,-62.5726;-175.7752;-83.6584,g-/t/m-,2.5726;4.2248;6.3416,45.0000;45.0000;60.0000,True,True,3.23600754765031,A:PHE104:N,1.2360075476503098,True,nan,,inf,True,True,True,73.6157455444336,72.57913208007812,1.0366134643554688,False,False
7F72_A_MET103__049__1,7F72_A_MET103,49,1,0.4641318,B,1,0.4641318,True,B,0.4641318,1.4591456651687622,0.2477518916130066,-58.6833;172.5432;98.9146,g-/t/m+,1.3167;7.4568;8.9146,45.0000;45.0000;60.0000,True,True,3.23600754765031,A:PHE104:N,1.2360075476503098,True,nan,,inf,True,True,True,75.35877990722656,78.19924926757812,-2.8404693603515625,True,True
3A1C_B_ARG447__000__0,3A1C_B_ARG447,0,0,0.42229721,A,0,0.42229721,True,A,0.42229721,0.32094866037368774,5.669095993041992,53.9540;-154.4567;158.8894;-78.3390,g+/t/t/m-,6.0460;25.5433;21.1106;11.6610,45.0000;45.0000;45.0000;60.0000,True,True,3.283766224066698,B:GLU448:N,1.283766224066698,True,nan,,inf,True,True,True,171.77711486816406,175.90042114257812,-4.1233062744140625,True,True
3A1C_B_ARG447__000__2,3A1C_B_ARG447,0,2,0.56760496,B,1,0.56760496,True,B,0.56760496,5.935861587524414,0.27344900369644165,-169.6823;-173.2687;-161.8706;86.2681,t/t/t/m+,10.3177;6.7313;18.1294;3.7319,45.0000;45.0000;45.0000;60.0000,True,True,2.978018343006835,B:HIS475:O,0.978018343006835,True,nan,,inf,True,True,True,166.97439575195312,168.35716247558594,-1.3827667236328125,True,True
3A1C_B_ARG447__001__0,3A1C_B_ARG447,1,0,0.059325438,other,0,0.059325438,True,other,0.059325438,5.593616485595703,1.7115602493286133,-172.9019;67.6129;61.3565;88.4271,t/g+/g+/m+,7.0981;7.6129;1.3565;1.5729,45.0000;45.0000;45.0000;60.0000,True,True,2.9849735387744083,B:ILE477:CG1,0.9849735387744083,True,nan,,inf,True,True,True,166.30982971191406,nan,nan,False,False
3A1C_B_ARG447__001__1,3A1C_B_ARG447,1,1,0.47949156,B,1,0.47949156,True,B,0.47949156,5.695876598358154,0.8206431269645691,170.1289;176.6665;-72.6150;-94.5744,t/t/g-/m-,9.8711;3.3335;12.6150;4.5744,45.0000;45.0000;45.0000;60.0000,True,True,3.061897022514562,B:HIS475:O,1.0618970225145619,True,nan,,inf,True,True,True,167.48892211914062,168.35716247558594,-0.8682403564453125,True,True
3A1C_B_ARG447__001__2,3A1C_B_ARG447,1,2,0.40822735,A,2,0.40822735,True,A,0.40822735,0.3262597322463989,5.661334037780762,53.6333;-154.9217;159.0906;-78.0126,g+/t/t/m-,6.3667;25.0783;20.9094;11.9874,45.0000;45.0000;45.0000;60.0000,True,True,3.283766224066698,B:GLU448:N,1.283766224066698,True,nan,,inf,True,True,True,171.69476318359375,175.90042114257812,-4.205657958984375,True,True
3A1C_B_ARG447__001__3,3A1C_B_ARG447,1,3,0.052955706,other,3,0.052955706,True,other,0.052955706,6.333810806274414,3.1408588886260986,-175.6873;-71.4566;176.3223;88.7844,t/g-/t/m+,4.3127;11.4566;3.6777;1.2156,45.0000;45.0000;45.0000;60.0000,True,True,3.283766224066698,B:GLU448:N,1.283766224066698,True,nan,,inf,True,True,True,180.1166229248047,nan,nan,False,False
3A1C_B_ARG447__002__0,3A1C_B_ARG447,2,0,0.075649925,other,0,0.075649925,True,other,0.075649925,6.097572326660156,1.1771968603134155,-168.8470;81.4580;161.8797;-86.3952,t/g+/t/m-,11.1530;21.4580;18.1203;3.6048,45.0000;45.0000;45.0000;60.0000,True,True,2.9787365351170507,B:ILE477:CG1,0.9787365351170507,True,nan,,inf,True,True,True,168.95594787597656,nan,nan,False,False
3A1C_B_ARG447__002__1,3A1C_B_ARG447,2,1,0.18054639,other,1,0.18054639,True,other,0.18054639,6.159091472625732,1.409129023551941,176.7537;-175.6791;179.2996;95.8314,t/t/t/m+,3.2463;4.3209;0.7004;5.8314,45.0000;45.0000;45.0000;60.0000,True,True,3.047298487949595,B:GLY476:O,1.047298487949595,True,nan,,inf,True,True,True,166.78050231933594,nan,nan,False,False
3A1C_B_ARG447__002__2,3A1C_B_ARG447,2,2,0.40908042,A,2,0.40908042,True,A,0.40908042,0.31503826379776,5.666281223297119,53.8038;-154.5571;158.7758;-78.0394,g+/t/t/m-,6.1962;25.4429;21.2242;11.9606,45.0000;45.0000;45.0000;60.0000,True,True,3.283766224066698,B:GLU448:N,1.283766224066698,True,nan,,inf,True,True,True,171.8385009765625,175.90042114257812,-4.061920166015625,True,True
3A1C_B_ARG447__002__3,3A1C_B_ARG447,2,3,0.33472323,B,3,0.33472323,True,B,0.33472323,5.576013565063477,0.8180767893791199,174.2634;174.2693;-66.1246;-92.5602,t/t/g-/m-,5.7366;5.7307;6.1246;2.5602,45.0000;45.0000;45.0000;60.0000,True,True,3.046137506453575,B:HIS475:O,1.046137506453575,True,nan,,inf,True,True,True,166.6050262451172,168.35716247558594,-1.75213623046875,True,True
3A1C_B_ARG447__003__0,3A1C_B_ARG447,3,0,0.42341262,A,0,0.42341262,True,A,0.42341262,0.31872978806495667,5.669753551483154,53.9826;-154.3773;158.8227;-78.4320,g+/t/t/m-,6.0174;25.6227;21.1773;11.5680,45.0000;45.0000;45.0000;60.0000,True,True,3.283766224066698,B:GLU448:N,1.283766224066698,True,nan,,inf,True,True,True,171.79473876953125,175.90042114257812,-4.105682373046875,True,True
3A1C_B_ARG447__003__2,3A1C_B_ARG447,3,2,0.071276337,other,1,0.071276337,True,other,0.071276337,5.276642799377441,0.9962285161018372,178.9257;179.0967;-60.4013;-87.2382,t/t/g-/m-,1.0743;0.9033;0.4013;2.7618,45.0000;45.0000;45.0000;60.0000,True,True,2.9729156243777752,B:HIS475:O,0.9729156243777752,True,nan,,inf,True,True,True,166.30963134765625,nan,nan,False,False
3A1C_B_ARG447__003__3,3A1C_B_ARG447,3,3,0.50262296,B,2,0.50262296,True,B,0.50262296,5.939091205596924,0.2796529233455658,-169.7552;-173.1829;-162.0342;86.0827,t/t/t/m+,10.2448;6.8171;17.9658;3.9173,45.0000;45.0000;45.0000;60.0000,True,True,2.9784082438788295,B:GLY476:O,0.9784082438788295,True,nan,,inf,True,True,True,166.95228576660156,168.35716247558594,-1.404876708984375,True,True
3A1C_B_ARG447__004__0,3A1C_B_ARG447,4,0,0.13532041,other,0,0.13532041,True,other,0.13532041,6.141567707061768,1.4933058023452759,169.4215;88.1048;162.1516;-87.8146,t/g+/t/m-,10.5785;28.1048;17.8484;2.1854,45.0000;45.0000;45.0000;60.0000,True,True,2.968461708716103,B:ILE477:CG1,0.9684617087161032,True,nan,,inf,True,True,True,169.8983612060547,nan,nan,False,False
3A1C_B_ARG447__004__2,3A1C_B_ARG447,4,2,0.42071837,A,1,0.42071837,True,A,0.42071837,0.31503260135650635,5.668156623840332,53.7956;-154.4704;158.8721;-78.1372,g+/t/t/m-,6.2044;25.5296;21.1279;11.8628,45.0000;45.0000;45.0000;60.0000,True,True,3.283766224066698,B:GLU448:N,1.283766224066698,True,nan,,inf,True,True,True,171.8340301513672,175.90042114257812,-4.0663909912109375,True,True
3A1C_B_ARG447__004__3,3A1C_B_ARG447,4,3,0.44150141,B,2,0.44150141,True,B,0.44150141,5.628364562988281,0.7990269660949707,172.1264;173.6477;-66.9892;-93.5846,t/t/g-/m-,7.8736;6.3523;6.9892;3.5846,45.0000;45.0000;45.0000;60.0000,True,True,3.1471429479569295,B:HIS475:O,1.1471429479569295,True,nan,,inf,True,True,True,166.99110412597656,168.35716247558594,-1.366058349609375,True,True
3A1C_B_ARG447__005__0,3A1C_B_ARG447,5,0,0.077845201,other,0,0.077845201,True,other,0.077845201,5.253524303436279,0.9816433787345886,177.4388;-179.5334;-59.2960;-90.7810,t/t/g-/m-,2.5612;0.4666;0.7040;0.7810,45.0000;45.0000;45.0000;60.0000,True,True,3.1111023766842805,B:HIS475:O,1.1111023766842805,True,nan,,inf,True,True,True,166.6541748046875,nan,nan,False,False
3A1C_B_ARG447__005__1,3A1C_B_ARG447,5,1,0.51488584,B,1,0.51488584,True,B,0.51488584,5.936671733856201,0.26154252886772156,-169.3111;-172.7527;-161.9884;84.2890,t/t/t/m+,10.6889;7.2473;18.0116;5.7110,45.0000;45.0000;45.0000;60.0000,True,True,2.9600532889426825,B:HIS475:O,0.9600532889426825,True,nan,,inf,True,True,True,167.000732421875,168.35716247558594,-1.3564300537109375,True,True
3A1C_B_ARG447__005__2,3A1C_B_ARG447,5,2,0.40390617,A,2,0.40390617,True,A,0.40390617,0.8391577005386353,5.484016418457031,69.1787;-152.1917;71.6478;88.5029,g+/t/g+/m+,9.1787;27.8083;11.6478;1.4971,45.0000;45.0000;45.0000;60.0000,True,True,3.0311096576653984,B:ASP445:CB,1.0311096576653984,True,nan,,inf,True,True,True,175.75355529785156,175.90042114257812,-0.1468658447265625,True,True
3A1C_B_ARG447__006__0,3A1C_B_ARG447,6,0,0.56768805,B,0,0.56768805,True,B,0.56768805,5.93493127822876,0.27280494570732117,-169.6178;-173.2471;-161.8784;86.3546,t/t/t/m+,10.3822;6.7529;18.1216;3.6454,45.0000;45.0000;45.0000;60.0000,True,True,2.977331243496323,B:HIS475:O,0.977331243496323,True,nan,,inf,True,True,True,166.9735870361328,168.35716247558594,-1.383575439453125,True,True
3A1C_B_ARG447__006__1,3A1C_B_ARG447,6,1,0.42191762,A,1,0.42191762,True,A,0.42191762,0.32099854946136475,5.670226573944092,54.0200;-154.3785;158.8609;-78.4743,g+/t/t/m-,5.9800;25.6215;21.1391;11.5257,45.0000;45.0000;45.0000;60.0000,True,True,3.283766224066698,B:GLU448:N,1.283766224066698,True,nan,,inf,True,True,True,171.77877807617188,175.90042114257812,-4.12164306640625,True,True
3A1C_B_ARG447__007__0,3A1C_B_ARG447,7,0,0.54090321,B,0,0.54090321,True,B,0.54090321,5.93505334854126,0.27704015374183655,-170.1927;-173.6979;-161.4806;87.0950,t/t/t/m+,9.8073;6.3021;18.5194;2.9050,45.0000;45.0000;45.0000;60.0000,True,True,2.9847184051983437,B:HIS475:O,0.9847184051983437,True,nan,,inf,True,True,True,166.9739990234375,168.35716247558594,-1.3831634521484375,True,True
3A1C_B_ARG447__007__3,3A1C_B_ARG447,7,3,0.4084743,A,1,0.4084743,True,A,0.4084743,0.3545582890510559,5.659671306610107,54.6845;-155.1788;158.5055;-78.2745,g+/t/t/m-,5.3155;24.8212;21.4945;11.7255,45.0000;45.0000;45.0000;60.0000,True,True,3.283766224066698,B:GLU448:N,1.283766224066698,True,nan,,inf,True,True,True,171.53952026367188,175.90042114257812,-4.36090087890625,True,True
3A1C_B_ARG447__008__0,3A1C_B_ARG447,8,0,0.5747807,B,0,0.5747807,True,B,0.5747807,5.938901901245117,0.2765578031539917,-168.9514;-173.0932;-162.5944;86.5848,t/t/t/m+,11.0486;6.9068;17.4056;3.4152,45.0000;45.0000;45.0000;60.0000,True,True,2.9729159969973393,B:HIS475:O,0.9729159969973393,True,nan,,inf,True,True,True,166.96527099609375,168.35716247558594,-1.3918914794921875,True,True
3A1C_B_ARG447__008__3,3A1C_B_ARG447,8,3,0.41428578,A,1,0.41428578,True,A,0.41428578,0.845795214176178,5.433804035186768,68.5581;-153.1146;69.8548;86.2006,g+/t/g+/m+,8.5581;26.8854;9.8548;3.7994,45.0000;45.0000;45.0000;60.0000,True,True,3.0232175080494597,B:ASP445:CB,1.0232175080494597,True,nan,,inf,True,True,True,175.46426391601562,175.90042114257812,-0.4361572265625,True,True
3A1C_B_ARG447__009__0,3A1C_B_ARG447,9,0,0.55315143,B,0,0.55315143,True,B,0.55315143,5.933137893676758,0.27068161964416504,-170.2440;-173.3709;-161.2884;85.9189,t/t/t/m+,9.7560;6.6291;18.7116;4.0811,45.0000;45.0000;45.0000;60.0000,True,True,2.9812281379847883,B:HIS475:O,0.9812281379847883,True,nan,,inf,True,True,True,166.99172973632812,168.35716247558594,-1.3654327392578125,True,True
3A1C_B_ARG447__009__2,3A1C_B_ARG447,9,2,0.40018046,A,1,0.40018046,True,A,0.40018046,0.3630635142326355,5.673362731933594,54.8755;-155.0652;158.9006;-76.6718,g+/t/t/m-,5.1245;24.9348;21.0994;13.3282,45.0000;45.0000;45.0000;60.0000,True,True,3.283766224066698,B:GLU448:N,1.283766224066698,True,nan,,inf,True,True,True,171.99545288085938,175.90042114257812,-3.90496826171875,True,True
3A1C_B_ARG447__010__1,3A1C_B_ARG447,10,1,0.42342758,A,0,0.42342758,True,A,0.42342758,0.32176852226257324,5.669443130493164,53.9527;-154.4529;158.9300;-78.3524,g+/t/t/m-,6.0473;25.5471;21.0700;11.6476,45.0000;45.0000;45.0000;60.0000,True,True,3.283766224066698,B:GLU448:N,1.283766224066698,True,nan,,inf,True,True,True,171.775390625,175.90042114257812,-4.125030517578125,True,True
3A1C_B_ARG447__010__3,3A1C_B_ARG447,10,3,0.5260548,B,1,0.5260548,True,B,0.5260548,5.936337947845459,0.27587786316871643,-169.6234;-173.3289;-161.9697;86.6293,t/t/t/m+,10.3766;6.6711;18.0303;3.3707,45.0000;45.0000;45.0000;60.0000,True,True,2.979790342323194,B:HIS475:O,0.9797903423231942,True,nan,,inf,True,True,True,166.96876525878906,168.35716247558594,-1.388397216796875,True,True
3A1C_B_ARG447__011__2,3A1C_B_ARG447,11,2,0.41965213,A,0,0.41965213,True,A,0.41965213,0.32235103845596313,5.669032573699951,54.0070;-154.4712;158.8590;-78.3404,g+/t/t/m-,5.9930;25.5288;21.1410;11.6596,45.0000;45.0000;45.0000;60.0000,True,True,3.283766224066698,B:GLU448:N,1.283766224066698,True,nan,,inf,True,True,True,171.7782440185547,175.90042114257812,-4.1221771240234375,True,True
3A1C_B_ARG447__011__3,3A1C_B_ARG447,11,3,0.56086504,B,1,0.56086504,True,B,0.56086504,5.935892105102539,0.27528825402259827,-169.7788;-173.3572;-161.8229;86.5185,t/t/t/m+,10.2212;6.6428;18.1771;3.4815,45.0000;45.0000;45.0000;60.0000,True,True,2.980798300356744,B:HIS475:O,0.980798300356744,True,nan,,inf,True,True,True,166.97396850585938,168.35716247558594,-1.3831939697265625,True,True
3A1C_B_ARG447__012__0,3A1C_B_ARG447,12,0,0.42627278,A,0,0.42627278,True,A,0.42627278,0.30035296082496643,5.681593894958496,53.6420;-153.6697;159.2504;-78.7163,g+/t/t/m-,6.3580;26.3303;20.7496;11.2837,45.0000;45.0000;45.0000;60.0000,True,True,3.283766224066698,B:GLU448:N,1.283766224066698,True,nan,,inf,True,True,True,171.9820556640625,175.90042114257812,-3.918365478515625,True,True
3A1C_B_ARG447__012__2,3A1C_B_ARG447,12,2,0.53813201,B,1,0.53813201,True,B,0.53813201,5.695656776428223,0.7970931529998779,171.7168;174.0944;-70.7485;-94.8985,t/t/g-/m-,8.2832;5.9056;10.7485;4.8985,45.0000;45.0000;45.0000;60.0000,True,True,3.01266119965342,B:HIS475:O,1.01266119965342,True,nan,,inf,True,True,True,167.2453155517578,168.35716247558594,-1.111846923828125,True,True
3A1C_B_ARG447__013__1,3A1C_B_ARG447,13,1,0.41402769,A,0,0.41402769,True,A,0.41402769,0.8708183765411377,5.419445037841797,69.8665;-154.3947;70.3144;88.0186,g+/t/g+/m+,9.8665;25.6053;10.3144;1.9814,45.0000;45.0000;45.0000;60.0000,True,True,3.101290611275475,B:ASP445:CB,1.1012906112754748,True,nan,,inf,True,True,True,174.07781982421875,175.90042114257812,-1.822601318359375,True,True
3A1C_B_ARG447__013__2,3A1C_B_ARG447,13,2,0.5784955,B,1,0.5784955,True,B,0.5784955,5.938492774963379,0.2778260111808777,-168.9842;-173.1228;-162.5751;86.7701,t/t/t/m+,11.0158;6.8772;17.4249;3.2299,45.0000;45.0000;45.0000;60.0000,True,True,2.975153122850127,B:HIS475:O,0.9751531228501271,True,nan,,inf,True,True,True,166.9612274169922,168.35716247558594,-1.39593505859375,True,True
3A1C_B_ARG447__014__1,3A1C_B_ARG447,14,1,0.42237645,A,0,0.42237645,True,A,0.42237645,0.32279765605926514,5.668034553527832,53.9788;-154.5379;158.8604;-78.2479,g+/t/t/m-,6.0212;25.4621;21.1396;11.7521,45.0000;45.0000;45.0000;60.0000,True,True,3.283766224066698,B:GLU448:N,1.283766224066698,True,nan,,inf,True,True,True,171.7786102294922,175.90042114257812,-4.1218109130859375,True,True
3A1C_B_ARG447__014__2,3A1C_B_ARG447,14,2,0.56543469,B,1,0.56543469,True,B,0.56543469,5.936864376068115,0.27544841170310974,-169.7175;-173.3661;-161.9049;86.5079,t/t/t/m+,10.2825;6.6339;18.0951;3.4921,45.0000;45.0000;45.0000;60.0000,True,True,2.979340833279024,B:HIS475:O,0.9793408332790241,True,nan,,inf,True,True,True,166.9664306640625,168.35716247558594,-1.3907318115234375,True,True
3A1C_B_ARG447__015__0,3A1C_B_ARG447,15,0,0.48794562,B,0,0.48794562,True,B,0.48794562,5.690826892852783,0.836323082447052,169.6660;177.9312;-73.3946;-92.1145,t/t/g-/m-,10.3340;2.0688;13.3946;2.1145,45.0000;45.0000;45.0000;60.0000,True,True,3.0842929829536745,B:HIS475:O,1.0842929829536745,True,nan,,inf,True,True,True,167.38992309570312,168.35716247558594,-0.9672393798828125,True,True
3A1C_B_ARG447__015__2,3A1C_B_ARG447,15,2,0.42769149,A,1,0.42769149,True,A,0.42769149,0.2942229211330414,5.675234794616699,53.6313;-153.9762;158.7832;-77.9682,g+/t/t/m-,6.3687;26.0238;21.2168;12.0318,45.0000;45.0000;45.0000;60.0000,True,True,3.283766224066698,B:GLU448:N,1.283766224066698,True,nan,,inf,True,True,True,172.08914184570312,175.90042114257812,-3.811279296875,True,True
3A1C_B_ARG447__015__3,3A1C_B_ARG447,15,3,0.082732737,other,2,0.082732737,True,other,0.082732737,5.619410991668701,1.7377703189849854,-172.3401;66.8499;61.1306;90.4458,t/g+/g+/m+,7.6599;6.8499;1.1306;0.4458,45.0000;45.0000;45.0000;60.0000,True,True,2.9858155083868874,B:ILE477:CG1,0.9858155083868874,True,nan,,inf,True,True,True,166.3890380859375,nan,nan,False,False
3A1C_B_ARG447__016__0,3A1C_B_ARG447,16,0,0.50941437,B,0,0.50941437,True,B,0.50941437,5.934991359710693,0.2816266715526581,-170.2078;-174.0551;-161.5070;88.3115,t/t/t/m+,9.7922;5.9449;18.4930;1.6885,45.0000;45.0000;45.0000;60.0000,True,True,2.9866466344407123,B:HIS475:O,0.9866466344407123,True,nan,,inf,True,True,True,166.9740753173828,168.35716247558594,-1.383087158203125,True,True
3A1C_B_ARG447__016__2,3A1C_B_ARG447,16,2,0.20565706,other,1,0.20565706,True,other,0.20565706,1.2364161014556885,5.613800525665283,68.1744;-76.3442;-61.6346;-172.0607,g+/g-/g-/t,8.1744;16.3442;1.6346;7.9393,45.0000;45.0000;45.0000;60.0000,True,True,2.9882902765717514,B:ASP445:CA,0.9882902765717514,True,nan,,inf,True,True,True,197.6478729248047,nan,nan,False,False
3A1C_B_ARG447__016__3,3A1C_B_ARG447,16,3,0.23553595,A,2,0.23553595,True,A,0.23553595,0.9703568816184998,5.606886386871338,57.3949;-163.5870;170.2012;-78.8541,g+/t/t/m-,2.6051;16.4130;9.7988;11.1459,45.0000;45.0000;45.0000;60.0000,True,True,3.265489224311617,B:GLU448:N,1.265489224311617,True,nan,,inf,True,True,True,167.81593322753906,175.90042114257812,-8.084487915039062,True,True
3A1C_B_ARG447__017__1,3A1C_B_ARG447,17,1,0.41403821,A,0,0.41403821,True,A,0.41403821,0.32715150713920593,5.663749694824219,54.1529;-154.7637;158.5720;-78.0845,g+/t/t/m-,5.8471;25.2363;21.4280;11.9155,45.0000;45.0000;45.0000;60.0000,True,True,3.283766224066698,B:GLU448:N,1.283766224066698,True,nan,,inf,True,True,True,171.75338745117188,175.90042114257812,-4.14703369140625,True,True
3A1C_B_ARG447__017__3,3A1C_B_ARG447,17,3,0.54386848,B,1,0.54386848,True,B,0.54386848,5.934081554412842,0.27321669459342957,-170.4077;-173.3715;-161.2330;85.7881,t/t/t/m+,9.5923;6.6285;18.7670;4.2119,45.0000;45.0000;45.0000;60.0000,True,True,2.982118305143683,B:GLY476:O,0.982118305143683,True,nan,,inf,True,True,True,166.9848175048828,168.35716247558594,-1.372344970703125,True,True
3A1C_B_ARG447__018__0,3A1C_B_ARG447,18,0,0.56589174,B,0,0.56589174,True,B,0.56589174,5.701749801635742,0.8037038445472717,170.8707;174.5793;-71.1490;-94.1900,t/t/g-/m-,9.1293;5.4207;11.1490;4.1900,45.0000;45.0000;45.0000;60.0000,True,True,2.995878125594322,B:HIS475:O,0.9958781255943219,True,nan,,inf,True,True,True,167.30328369140625,168.35716247558594,-1.0538787841796875,True,True
3A1C_B_ARG447__018__2,3A1C_B_ARG447,18,2,0.42979291,A,1,0.42979291,True,A,0.42979291,0.30501359701156616,5.681429862976074,53.7790;-153.6988;159.2050;-78.8327,g+/t/t/m-,6.2210;26.3012;20.7950;11.1673,45.0000;45.0000;45.0000;60.0000,True,True,3.283766224066698,B:GLU448:N,1.283766224066698,True,nan,,inf,True,True,True,171.92784118652344,175.90042114257812,-3.9725799560546875,True,True
3A1C_B_ARG447__019__0,3A1C_B_ARG447,19,0,0.36823642,A,0,0.36823642,True,A,0.36823642,0.46274492144584656,5.664680004119873,54.7763;-156.5687;161.4842;-77.6256,g+/t/t/m-,5.2237;23.4313;18.5158;12.3744,45.0000;45.0000;45.0000;60.0000,True,True,3.283766224066698,B:GLU448:N,1.283766224066698,True,nan,,inf,True,True,True,170.92330932617188,175.90042114257812,-4.97711181640625,True,True
3A1C_B_ARG447__019__1,3A1C_B_ARG447,19,1,0.060944412,other,1,0.060944412,True,other,0.060944412,1.3481305837631226,5.460960865020752,65.2979;-80.0559;-60.7319;-170.6796,g+/g-/g-/t,5.2979;20.0559;0.7319;9.3204,45.0000;45.0000;45.0000;60.0000,True,True,3.191518016250137,B:GLU448:N,1.191518016250137,True,nan,,inf,True,True,True,182.70445251464844,nan,nan,False,False
3A1C_B_ARG447__019__3,3A1C_B_ARG447,19,3,0.56665248,B,2,0.56665248,True,B,0.56665248,5.935973644256592,0.2734348773956299,-169.5514;-173.3313;-161.9697;86.5607,t/t/t/m+,10.4486;6.6687;18.0303;3.4393,45.0000;45.0000;45.0000;60.0000,True,True,2.9754905087208163,B:HIS475:O,0.9754905087208163,True,nan,,inf,True,True,True,166.96551513671875,168.35716247558594,-1.3916473388671875,True,True
3A1C_B_ARG447__020__0,3A1C_B_ARG447,20,0,0.56543493,B,0,0.56543493,True,B,0.56543493,5.702172756195068,0.8036954998970032,170.8633;174.5413;-71.1305;-94.2055,t/t/g-/m-,9.1367;5.4587;11.1305;4.2055,45.0000;45.0000;45.0000;60.0000,True,True,2.9941013084290544,B:HIS475:O,0.9941013084290544,True,nan,,inf,True,True,True,167.3043212890625,168.35716247558594,-1.0528411865234375,True,True
3A1C_B_ARG447__020__2,3A1C_B_ARG447,20,2,0.43130997,A,1,0.43130997,True,A,0.43130997,0.30468958616256714,5.680511951446533,53.7125;-153.7249;159.2445;-78.8858,g+/t/t/m-,6.2875;26.2751;20.7555;11.1142,45.0000;45.0000;45.0000;60.0000,True,True,3.283766224066698,B:GLU448:N,1.283766224066698,True,nan,,inf,True,True,True,171.90724182128906,175.90042114257812,-3.9931793212890625,True,True
3A1C_B_ARG447__021__0,3A1C_B_ARG447,21,0,0.49331075,other,0,0.49331075,True,other,0.49331075,5.912697792053223,1.0099385976791382,174.3389;83.5897;143.1878;-93.7800,t/g+/t/m-,5.6611;23.5897;36.8122;3.7800,45.0000;45.0000;45.0000;60.0000,True,True,3.031455398801781,B:ILE477:CG1,1.0314553988017812,True,nan,,inf,True,True,True,171.66604614257812,nan,nan,False,False
3A1C_B_ARG447__021__2,3A1C_B_ARG447,21,2,0.4227103,A,1,0.4227103,True,A,0.4227103,0.29328837990760803,5.674686431884766,53.6089;-153.9508;158.7687;-78.1284,g+/t/t/m-,6.3911;26.0492;21.2313;11.8716,45.0000;45.0000;45.0000;60.0000,True,True,3.283766224066698,B:GLU448:N,1.283766224066698,True,nan,,inf,True,True,True,172.04983520507812,175.90042114257812,-3.8505859375,True,True
3A1C_B_ARG447__021__3,3A1C_B_ARG447,21,3,0.081123129,other,2,0.081123129,True,other,0.081123129,4.359964370727539,3.2130963802337646,-175.5616;178.0116;63.6690;176.0494,t/t/g+/t,4.4384;1.9884;3.6690;3.9506,45.0000;45.0000;45.0000;60.0000,True,True,3.283766224066698,B:GLU448:N,1.283766224066698,True,nan,,inf,True,True,True,165.95103454589844,nan,nan,False,False
3A1C_B_ARG447__022__0,3A1C_B_ARG447,22,0,0.53620428,B,0,0.53620428,True,B,0.53620428,5.935524940490723,0.27709537744522095,-169.9137;-173.4405;-161.7324;86.7530,t/t/t/m+,10.0863;6.5595;18.2676;3.2470,45.0000;45.0000;45.0000;60.0000,True,True,2.9843768220196836,B:HIS475:O,0.9843768220196836,True,nan,,inf,True,True,True,166.96815490722656,168.35716247558594,-1.389007568359375,True,True
3A1C_B_ARG447__022__3,3A1C_B_ARG447,22,3,0.41935971,A,1,0.41935971,True,A,0.41935971,0.3199545443058014,5.667586803436279,53.9635;-154.5068;158.7821;-78.2852,g+/t/t/m-,6.0365;25.4932;21.2179;11.7148,45.0000;45.0000;45.0000;60.0000,True,True,3.283766224066698,B:GLU448:N,1.283766224066698,True,nan,,inf,True,True,True,171.78927612304688,175.90042114257812,-4.11114501953125,True,True
3A1C_B_ARG447__023__2,3A1C_B_ARG447,23,2,0.41505206,A,0,0.41505206,True,A,0.41505206,0.8524190187454224,5.434105396270752,68.5433;-153.7520;70.9193;86.0417,g+/t/g+/m+,8.5433;26.2480;10.9193;3.9583,45.0000;45.0000;45.0000;60.0000,True,True,3.0385362449436513,B:ASP445:CB,1.0385362449436513,True,nan,,inf,True,True,True,174.97056579589844,175.90042114257812,-0.9298553466796875,True,True
3A1C_B_ARG447__023__3,3A1C_B_ARG447,23,3,0.57408315,B,1,0.57408315,True,B,0.57408315,5.937684535980225,0.277519166469574,-169.1978;-173.2503;-162.3707;86.9021,t/t/t/m+,10.8022;6.7497;17.6293;3.0979,45.0000;45.0000;45.0000;60.0000,True,True,2.976568391447132,B:HIS475:O,0.9765683914471319,True,nan,,inf,True,True,True,166.96177673339844,168.35716247558594,-1.3953857421875,True,True
3A1C_B_ARG447__024__0,3A1C_B_ARG447,24,0,0.41842982,A,0,0.41842982,True,A,0.41842982,0.3244120478630066,5.667877674102783,54.1352;-154.5130;158.7072;-78.3918,g+/t/t/m-,5.8648;25.4870;21.2928;11.6082,45.0000;45.0000;45.0000;60.0000,True,True,3.283766224066698,B:GLU448:N,1.283766224066698,True,nan,,inf,True,True,True,171.7613067626953,175.90042114257812,-4.1391143798828125,True,True
3A1C_B_ARG447__024__3,3A1C_B_ARG447,24,3,0.56588322,B,1,0.56588322,True,B,0.56588322,5.934962749481201,0.2708659768104553,-169.9373;-173.2867;-161.5961;85.8865,t/t/t/m+,10.0627;6.7133;18.4039;4.1135,45.0000;45.0000;45.0000;60.0000,True,True,2.97754806572668,B:HIS475:O,0.9775480657266802,True,nan,,inf,True,True,True,166.9836883544922,168.35716247558594,-1.37347412109375,True,True
3A1C_B_ARG447__025__0,3A1C_B_ARG447,25,0,0.50206113,B,0,0.50206113,True,B,0.50206113,5.705502510070801,0.8467082381248474,168.9564;177.4962;-73.5064;-89.5817,t/t/g-/m-,11.0436;2.5038;13.5064;0.4183,45.0000;45.0000;45.0000;60.0000,True,True,3.012346726478636,B:HIS475:O,1.0123467264786359,True,nan,,inf,True,True,True,167.34304809570312,168.35716247558594,-1.0141143798828125,True,True
3A1C_B_ARG447__025__1,3A1C_B_ARG447,25,1,0.32207292,A,1,0.32207292,True,A,0.32207292,0.4633505046367645,5.680840015411377,55.0188;-155.8131;161.7576;-77.6665,g+/t/t/m-,4.9812;24.1869;18.2424;12.3335,45.0000;45.0000;45.0000;60.0000,True,True,3.283766224066698,B:GLU448:N,1.283766224066698,True,nan,,inf,True,True,True,171.18276977539062,175.90042114257812,-4.7176513671875,True,True
3A1C_B_ARG447__025__2,3A1C_B_ARG447,25,2,0.081587382,other,2,0.081587382,True,other,0.081587382,5.618612289428711,1.7619330883026123,-171.6801;66.4604;61.0884;90.8398,t/g+/g+/m+,8.3199;6.4604;1.0884;0.8398,45.0000;45.0000;45.0000;60.0000,True,True,2.9949960341734227,B:ILE477:CG1,0.9949960341734227,True,nan,,inf,True,True,True,166.44744873046875,nan,nan,False,False
3A1C_B_ARG447__025__3,3A1C_B_ARG447,25,3,0.094278522,other,3,0.094278522,True,other,0.094278522,1.50397789478302,5.119943141937256,72.4686;-70.1603;-54.3019;-93.2189,g+/g-/g-/m-,12.4686;10.1603;5.6981;3.2189,45.0000;45.0000;45.0000;60.0000,True,True,3.1378333426612683,B:GLU448:N,1.1378333426612683,True,nan,,inf,True,True,True,179.638916015625,nan,nan,False,False
3A1C_B_ARG447__026__0,3A1C_B_ARG447,26,0,0.55290967,B,0,0.55290967,True,B,0.55290967,5.689229965209961,0.804313600063324,170.7855;174.9887;-70.8405;-92.9527,t/t/g-/m-,9.2145;5.0113;10.8405;2.9527,45.0000;45.0000;45.0000;60.0000,True,True,3.0217039413429925,B:HIS475:O,1.0217039413429925,True,nan,,inf,True,True,True,167.19427490234375,168.35716247558594,-1.1628875732421875,True,True
3A1C_B_ARG447__026__1,3A1C_B_ARG447,26,1,0.43859828,A,1,0.43859828,True,A,0.43859828,0.30245259404182434,5.6796369552612305,53.6438;-153.7115;159.2354;-78.9905,g+/t/t/m-,6.3562;26.2885;20.7646;11.0095,45.0000;45.0000;45.0000;60.0000,True,True,3.283766224066698,B:GLU448:N,1.283766224066698,True,nan,,inf,True,True,True,171.89051818847656,175.90042114257812,-4.0099029541015625,True,True
3A1C_B_ARG447__027__0,3A1C_B_ARG447,27,0,0.55246061,B,0,0.55246061,True,B,0.55246061,5.9322428703308105,0.2679627239704132,-170.4552;-173.2864;-161.0447;85.2850,t/t/t/m+,9.5448;6.7136;18.9553;4.7150,45.0000;45.0000;45.0000;60.0000,True,True,2.9807017114491248,B:HIS475:O,0.9807017114491248,True,nan,,inf,True,True,True,167.005126953125,168.35716247558594,-1.3520355224609375,True,True
3A1C_B_ARG447__027__3,3A1C_B_ARG447,27,3,0.41597456,A,1,0.41597456,True,A,0.41597456,0.33091360330581665,5.664212226867676,54.1617;-154.7977;158.6891;-78.0956,g+/t/t/m-,5.8383;25.2023;21.3109;11.9044,45.0000;45.0000;45.0000;60.0000,True,True,3.283766224066698,B:GLU448:N,1.283766224066698,True,nan,,inf,True,True,True,171.72555541992188,175.90042114257812,-4.17486572265625,True,True
3A1C_B_ARG447__028__1,3A1C_B_ARG447,28,1,0.58407444,B,0,0.58407444,True,B,0.58407444,5.939084529876709,0.277116984128952,-169.0516;-173.1229;-162.5330;86.5698,t/t/t/m+,10.9484;6.8771;17.4670;3.4302,45.0000;45.0000;45.0000;60.0000,True,True,2.9746103266031527,B:HIS475:O,0.9746103266031527,True,nan,,inf,True,True,True,166.95950317382812,168.35716247558594,-1.3976593017578125,True,True
3A1C_B_ARG447__028__2,3A1C_B_ARG447,28,2,0.41186279,A,1,0.41186279,True,A,0.41186279,0.849578320980072,5.438460826873779,69.0281;-153.2007;70.0340;85.7198,g+/t/g+/m+,9.0281;26.7993;10.0340;4.2802,45.0000;45.0000;45.0000;60.0000,True,True,2.996658216934599,B:ASP445:CB,0.9966582169345992,True,nan,,inf,True,True,True,175.69752502441406,175.90042114257812,-0.2028961181640625,True,True
3A1C_B_ARG447__029__1,3A1C_B_ARG447,29,1,0.4310064,A,0,0.4310064,True,A,0.4310064,0.3069939613342285,5.679989337921143,53.7399;-153.7786;159.2514;-78.8592,g+/t/t/m-,6.2601;26.2214;20.7486;11.1408,45.0000;45.0000;45.0000;60.0000,True,True,3.283766224066698,B:GLU448:N,1.283766224066698,True,nan,,inf,True,True,True,171.89080810546875,175.90042114257812,-4.009613037109375,True,True
3A1C_B_ARG447__029__3,3A1C_B_ARG447,29,3,0.56602472,B,1,0.56602472,True,B,0.56602472,5.702054977416992,0.8037505149841309,170.8720;174.5731;-71.1604;-94.1976,t/t/g-/m-,9.1280;5.4269;11.1604;4.1976,45.0000;45.0000;45.0000;60.0000,True,True,2.9951458278773537,B:HIS475:O,0.9951458278773537,True,nan,,inf,True,True,True,167.3101806640625,168.35716247558594,-1.0469818115234375,True,True
3A1C_B_ARG447__030__1,3A1C_B_ARG447,30,1,0.57175076,B,0,0.57175076,True,B,0.57175076,5.9372711181640625,0.27588605880737305,-169.4027;-173.2538;-162.1747;86.5956,t/t/t/m+,10.5973;6.7462;17.8253;3.4044,45.0000;45.0000;45.0000;60.0000,True,True,2.9772117866204124,B:HIS475:O,0.9772117866204124,True,nan,,inf,True,True,True,166.9624481201172,168.35716247558594,-1.39471435546875,True,True
3A1C_B_ARG447__030__3,3A1C_B_ARG447,30,3,0.42012081,A,1,0.42012081,True,A,0.42012081,0.30942144989967346,5.663656234741211,54.0788;-154.8304;158.0686;-76.5971,g+/t/t/m-,5.9212;25.1696;21.9314;13.4029,45.0000;45.0000;45.0000;60.0000,True,True,3.283766224066698,B:GLU448:N,1.283766224066698,True,nan,,inf,True,True,True,172.1752166748047,175.90042114257812,-3.7252044677734375,True,True
3A1C_B_ARG447__031__0,3A1C_B_ARG447,31,0,0.56832862,B,0,0.56832862,True,B,0.56832862,5.93519401550293,0.27284470200538635,-169.7834;-173.3649;-161.7536;86.4128,t/t/t/m+,10.2166;6.6351;18.2464;3.5872,45.0000;45.0000;45.0000;60.0000,True,True,2.977695838872659,B:HIS475:O,0.9776958388726591,True,nan,,inf,True,True,True,166.97293090820312,168.35716247558594,-1.3842315673828125,True,True
3A1C_B_ARG447__031__1,3A1C_B_ARG447,31,1,0.40006733,A,1,0.40006733,True,A,0.40006733,0.37081316113471985,5.676977634429932,54.7136;-154.8560;159.5494;-77.6905,g+/t/t/m-,5.2864;25.1440;20.4506;12.3095,45.0000;45.0000;45.0000;60.0000,True,True,3.283766224066698,B:GLU448:N,1.283766224066698,True,nan,,inf,True,True,True,171.72775268554688,175.90042114257812,-4.17266845703125,True,True
3A1C_B_ARG447__032__0,3A1C_B_ARG447,32,0,0.58542579,B,0,0.58542579,True,B,0.58542579,5.938037395477295,0.2772175669670105,-168.9727;-173.0856;-162.5597;86.7001,t/t/t/m+,11.0273;6.9144;17.4403;3.2999,45.0000;45.0000;45.0000;60.0000,True,True,2.9749992621315275,B:HIS475:O,0.9749992621315275,True,nan,,inf,True,True,True,166.9606170654297,168.35716247558594,-1.39654541015625,True,True
3A1C_B_ARG447__032__3,3A1C_B_ARG447,32,3,0.40911537,A,1,0.40911537,True,A,0.40911537,0.8543984889984131,5.4183669090271,68.4344;-153.9274;70.2603;87.7804,g+/t/g+/m+,8.4344;26.0726;10.2603;2.2196,45.0000;45.0000;45.0000;60.0000,True,True,3.1114356352010457,B:ASP445:CB,1.1114356352010457,True,nan,,inf,True,True,True,174.3162384033203,175.90042114257812,-1.5841827392578125,True,True
3A1C_B_ARG447__033__1,3A1C_B_ARG447,33,1,0.41028368,A,0,0.41028368,True,A,0.41028368,0.8320150971412659,5.526559352874756,69.0354;-151.0459;72.9692;88.8629,g+/t/g+/m+,9.0354;28.9541;12.9692;1.1371,45.0000;45.0000;45.0000;60.0000,True,True,2.993302780069462,B:ASP445:CB,0.9933027800694618,True,nan,,inf,True,True,True,176.8214874267578,175.90042114257812,0.9210662841796875,False,False
3A1C_B_ARG447__033__2,3A1C_B_ARG447,33,2,0.58089328,B,1,0.58089328,True,B,0.58089328,5.941505432128906,0.2764478325843811,-169.0314;-173.2117;-162.6139;86.4475,t/t/t/m+,10.9686;6.7883;17.3861;3.5525,45.0000;45.0000;45.0000;60.0000,True,True,2.970221111042137,B:HIS475:O,0.9702211110421368,True,nan,,inf,True,True,True,166.94290161132812,168.35716247558594,-1.4142608642578125,True,True
3A1C_B_ARG447__034__1,3A1C_B_ARG447,34,1,0.5388509,B,0,0.5388509,True,B,0.5388509,5.932114124298096,0.2706270217895508,-170.6913;-173.4247;-160.8940;85.5628,t/t/t/m+,9.3087;6.5753;19.1060;4.4372,45.0000;45.0000;45.0000;60.0000,True,True,2.9829103724860855,B:GLY476:O,0.9829103724860855,True,nan,,inf,True,True,True,167.00738525390625,168.35716247558594,-1.3497772216796875,True,True
3A1C_B_ARG447__034__3,3A1C_B_ARG447,34,3,0.39454725,A,1,0.39454725,True,A,0.39454725,0.367587149143219,5.668152809143066,54.5737;-155.2136;159.3047;-77.5503,g+/t/t/m-,5.4263;24.7864;20.6953;12.4497,45.0000;45.0000;45.0000;60.0000,True,True,3.283766224066698,B:GLU448:N,1.283766224066698,True,nan,,inf,True,True,True,171.63572692871094,175.90042114257812,-4.2646942138671875,True,True
3A1C_B_ARG447__035__1,3A1C_B_ARG447,35,1,0.41640574,A,0,0.41640574,True,A,0.41640574,0.9158233404159546,5.531209945678711,74.3943;-136.1714;67.7478;155.1223,g+/t/g+/t,14.3943;43.8286;7.7478;24.8777,45.0000;45.0000;45.0000;60.0000,True,True,3.125803739050143,B:GLU448:N,1.1258037390501432,True,nan,,inf,True,True,True,173.03839111328125,175.90042114257812,-2.862030029296875,True,True
3A1C_B_ARG447__035__3,3A1C_B_ARG447,35,3,0.53181964,B,1,0.53181964,True,B,0.53181964,5.9239044189453125,0.2511216998100281,-169.4741;-173.2986;-161.2285;86.1146,t/t/t/m+,10.5259;6.7014;18.7715;3.8854,45.0000;45.0000;45.0000;60.0000,True,True,2.951187545844074,B:HIS475:O,0.951187545844074,True,nan,,inf,True,True,True,167.04664611816406,168.35716247558594,-1.310516357421875,True,True
3A1C_B_ARG447__036__0,3A1C_B_ARG447,36,0,0.50644732,B,0,0.50644732,True,B,0.50644732,5.943734645843506,0.2871725857257843,-169.2620;-173.6126;-162.6682;87.7502,t/t/t/m+,10.7380;6.3874;17.3318;2.2498,45.0000;45.0000;45.0000;60.0000,True,True,2.9787139964225013,B:GLY476:O,0.9787139964225013,True,nan,,inf,True,True,True,166.92401123046875,168.35716247558594,-1.4331512451171875,True,True
3A1C_B_ARG447__036__2,3A1C_B_ARG447,36,2,0.068543561,other,1,0.068543561,True,other,0.068543561,5.28306770324707,0.9668225049972534,177.8130;-178.5498;-62.6336;-81.9835,t/t/g-/m-,2.1870;1.4502;2.6336;8.0165,45.0000;45.0000;45.0000;60.0000,True,True,3.004823252306401,B:HIS475:O,1.0048232523064011,True,nan,,inf,True,True,True,166.32760620117188,nan,nan,False,False
3A1C_B_ARG447__036__3,3A1C_B_ARG447,36,3,0.4228425,A,2,0.4228425,True,A,0.4228425,0.31585606932640076,5.671402454376221,53.8864;-154.3578;158.9187;-78.1171,g+/t/t/m-,6.1136;25.6422;21.0813;11.8829,45.0000;45.0000;45.0000;60.0000,True,True,3.283766224066698,B:GLU448:N,1.283766224066698,True,nan,,inf,True,True,True,171.87408447265625,175.90042114257812,-4.026336669921875,True,True
3A1C_B_ARG447__037__0,3A1C_B_ARG447,37,0,0.43335465,A,0,0.43335465,True,A,0.43335465,0.3237805962562561,5.673477649688721,53.8025;-154.1709;159.3814;-79.1883,g+/t/t/m-,6.1975;25.8291;20.6186;10.8117,45.0000;45.0000;45.0000;60.0000,True,True,3.283766224066698,B:GLU448:N,1.283766224066698,True,nan,,inf,True,True,True,171.65023803710938,175.90042114257812,-4.25018310546875,True,True
3A1C_B_ARG447__037__2,3A1C_B_ARG447,37,2,0.54176217,B,1,0.54176217,True,B,0.54176217,5.632997035980225,0.7928939461708069,172.5505;176.4592;-70.1541;-95.3453,t/t/g-/m-,7.4495;3.5408;10.1541;5.3453,45.0000;45.0000;45.0000;60.0000,True,True,3.2216871570277155,B:HIS475:O,1.2216871570277155,True,nan,,inf,True,True,True,167.12799072265625,168.35716247558594,-1.2291717529296875,True,True
3A1C_B_ARG447__038__1,3A1C_B_ARG447,38,1,0.5737105,B,0,0.5737105,True,B,0.5737105,5.935864448547363,0.27376556396484375,-169.6365;-173.3304;-161.9068;86.4995,t/t/t/m+,10.3635;6.6696;18.0932;3.5005,45.0000;45.0000;45.0000;60.0000,True,True,2.9771573783460816,B:HIS475:O,0.9771573783460816,True,nan,,inf,True,True,True,166.9749755859375,168.35716247558594,-1.3821868896484375,True,True
3A1C_B_ARG447__038__3,3A1C_B_ARG447,38,3,0.42132604,A,1,0.42132604,True,A,0.42132604,0.322673499584198,5.670645236968994,54.0369;-154.4013;158.9013;-78.3955,g+/t/t/m-,5.9631;25.5987;21.0987;11.6045,45.0000;45.0000;45.0000;60.0000,True,True,3.283766224066698,B:GLU448:N,1.283766224066698,True,nan,,inf,True,True,True,171.77989196777344,175.90042114257812,-4.1205291748046875,True,True
3A1C_B_ARG447__039__1,3A1C_B_ARG447,39,1,0.083561324,other,0,0.083561324,True,other,0.083561324,5.632874965667725,1.7437037229537964,-172.0558;66.5334;61.4440;91.0721,t/g+/g+/m+,7.9442;6.5334;1.4440;1.0721,45.0000;45.0000;45.0000;60.0000,True,True,2.987414834895031,B:ILE477:CG1,0.9874148348950311,True,nan,,inf,True,True,True,166.44204711914062,nan,nan,False,False
3A1C_B_ARG447__039__2,3A1C_B_ARG447,39,2,0.47804967,B,1,0.47804967,True,B,0.47804967,5.6630120277404785,0.8463413119316101,168.8854;179.1228;-72.7672;-90.8160,t/t/g-/m-,11.1146;0.8772;12.7672;0.8160,45.0000;45.0000;45.0000;60.0000,True,True,3.158364357174194,B:HIS475:O,1.158364357174194,True,nan,,inf,True,True,True,167.41424560546875,168.35716247558594,-0.9429168701171875,True,True
3A1C_B_ARG447__039__3,3A1C_B_ARG447,39,3,0.43713865,A,2,0.43713865,True,A,0.43713865,0.276522696018219,5.680014133453369,53.6171;-153.6017;158.4859;-77.7301,g+/t/t/m-,6.3829;26.3983;21.5141;12.2699,45.0000;45.0000;45.0000;60.0000,True,True,3.283766224066698,B:GLU448:N,1.283766224066698,True,nan,,inf,True,True,True,172.33201599121094,175.90042114257812,-3.5684051513671875,True,True
3A1C_B_ARG447__040__0,3A1C_B_ARG447,40,0,0.068789937,other,0,0.068789937,True,other,0.068789937,4.4461669921875,3.6296000480651855,62.6119;-176.9598;-56.6938;-89.6226,g+/t/g-/m-,2.6119;3.0402;3.3062;0.3774,45.0000;45.0000;45.0000;60.0000,True,True,3.215023037148267,B:GLU448:N,1.215023037148267,True,nan,,inf,True,True,True,166.90255737304688,nan,nan,False,False
3A1C_B_ARG447__040__1,3A1C_B_ARG447,40,1,0.36743677,other,1,0.36743677,True,other,0.36743677,1.4752848148345947,5.704791069030762,4.8339;74.5397;-173.9127;-67.5006,g+/g+/t/m-,55.1661;14.5397;6.0873;22.4994,45.0000;45.0000;45.0000;60.0000,False,False,2.9864385964351503,B:ASP445:CB,0.9864385964351503,True,nan,,inf,True,True,False,189.05389404296875,nan,nan,False,False
3A1C_B_ARG447__040__2,3A1C_B_ARG447,40,2,0.15420933,other,2,0.15420933,True,other,0.15420933,6.151612758636475,1.4526598453521729,169.1914;86.9716;161.0470;-89.4093,t/g+/t/m-,10.8086;26.9716;18.9530;0.5907,45.0000;45.0000;45.0000;60.0000,True,True,2.9637992497464007,B:ILE477:CG1,0.9637992497464007,True,nan,,inf,True,True,True,169.85162353515625,nan,nan,False,False
3A1C_B_ARG447__040__3,3A1C_B_ARG447,40,3,0.40956393,B,3,0.40956393,True,B,0.40956393,5.5829057693481445,0.9476707577705383,169.7555;159.4663;-63.1478;-153.3586,t/t/g-/t,10.2445;20.5337;3.1478;26.6414,45.0000;45.0000;45.0000;60.0000,True,True,3.079807530576083,B:HIS475:O,1.0798075305760828,True,nan,,inf,True,True,True,167.57322692871094,168.35716247558594,-0.783935546875,True,True
3A1C_B_ARG447__041__0,3A1C_B_ARG447,41,0,0.4266659,A,0,0.4266659,True,A,0.4266659,0.28670525550842285,5.686393737792969,53.6126;-153.3639;159.0892;-78.4420,g+/t/t/m-,6.3874;26.6361;20.9108;11.5580,45.0000;45.0000;45.0000;60.0000,True,True,3.283766224066698,B:GLU448:N,1.283766224066698,True,nan,,inf,True,True,True,172.19589233398438,175.90042114257812,-3.70452880859375,True,True
3A1C_B_ARG447__041__1,3A1C_B_ARG447,41,1,0.55932117,B,1,0.55932117,True,B,0.55932117,5.683926105499268,0.8045771718025208,170.5758;175.2311;-70.6991;-92.9863,t/t/g-/m-,9.4242;4.7689;10.6991;2.9863,45.0000;45.0000;45.0000;60.0000,True,True,3.0374819575793763,B:HIS475:O,1.0374819575793763,True,nan,,inf,True,True,True,167.2169952392578,168.35716247558594,-1.140167236328125,True,True
3A1C_B_ARG447__042__1,3A1C_B_ARG447,42,1,0.41047472,A,0,0.41047472,True,A,0.41047472,0.843360185623169,5.468896389007568,69.3728;-152.4284;70.7307;86.4631,g+/t/g+/m+,9.3728;27.5716;10.7307;3.5369,45.0000;45.0000;45.0000;60.0000,True,True,2.972314141059895,B:ASP445:CB,0.9723141410598952,True,nan,,inf,True,True,True,176.29690551757812,175.90042114257812,0.396484375,True,True
3A1C_B_ARG447__042__3,3A1C_B_ARG447,42,3,0.58410841,B,1,0.58410841,True,B,0.58410841,5.940701007843018,0.27841120958328247,-168.8778;-173.1652;-162.7390;86.7707,t/t/t/m+,11.1222;6.8348;17.2610;3.2293,45.0000;45.0000;45.0000;60.0000,True,True,2.972306226866673,B:HIS475:O,0.9723062268666731,True,nan,,inf,True,True,True,166.94802856445312,168.35716247558594,-1.4091339111328125,True,True
3A1C_B_ARG447__043__1,3A1C_B_ARG447,43,1,0.41879424,A,0,0.41879424,True,A,0.41879424,0.3041503131389618,5.668268203735352,53.8296;-154.3611;158.5094;-77.8741,g+/t/t/m-,6.1704;25.6389;21.4906;12.1259,45.0000;45.0000;45.0000;60.0000,True,True,3.283766224066698,B:GLU448:N,1.283766224066698,True,nan,,inf,True,True,True,171.97450256347656,175.90042114257812,-3.9259185791015625,True,True
3A1C_B_ARG447__043__3,3A1C_B_ARG447,43,3,0.5680266,B,1,0.5680266,True,B,0.5680266,5.9348297119140625,0.27153322100639343,-169.7729;-173.1982;-161.7364;85.9510,t/t/t/m+,10.2271;6.8018;18.2636;4.0490,45.0000;45.0000;45.0000;60.0000,True,True,2.9779303061138442,B:HIS475:O,0.9779303061138442,True,nan,,inf,True,True,True,166.978515625,168.35716247558594,-1.3786468505859375,True,True
3A1C_B_ARG447__044__1,3A1C_B_ARG447,44,1,0.41115549,A,0,0.41115549,True,A,0.41115549,0.8581462502479553,5.429412364959717,69.2740;-153.8362;70.3344;86.4767,g+/t/g+/m+,9.2740;26.1638;10.3344;3.5233,45.0000;45.0000;45.0000;60.0000,True,True,3.0405650771145343,B:ASP445:CB,1.0405650771145343,True,nan,,inf,True,True,True,174.87188720703125,175.90042114257812,-1.028533935546875,True,True
3A1C_B_ARG447__044__3,3A1C_B_ARG447,44,3,0.58464092,B,1,0.58464092,True,B,0.58464092,5.939095973968506,0.27838316559791565,-168.9497;-173.1144;-162.6318;86.7633,t/t/t/m+,11.0503;6.8856;17.3682;3.2367,45.0000;45.0000;45.0000;60.0000,True,True,2.975185980777822,B:HIS475:O,0.9751859807778218,True,nan,,inf,True,True,True,166.96334838867188,168.35716247558594,-1.3938140869140625,True,True
3A1C_B_ARG447__045__0,3A1C_B_ARG447,45,0,0.077470593,other,0,0.077470593,True,other,0.077470593,4.324318885803223,3.1943490505218506,-176.1789;177.1109;62.8039;176.7903,t/t/g+/t,3.8211;2.8891;2.8039;3.2097,45.0000;45.0000;45.0000;60.0000,True,True,3.283766224066698,B:GLU448:N,1.283766224066698,True,nan,,inf,True,True,True,165.9523162841797,nan,nan,False,False
3A1C_B_ARG447__045__1,3A1C_B_ARG447,45,1,0.4084833,A,1,0.4084833,True,A,0.4084833,0.8466076850891113,5.425281524658203,68.1112;-153.2706;69.7767;86.0158,g+/t/g+/m+,8.1112;26.7294;9.7767;3.9842,45.0000;45.0000;45.0000;60.0000,True,True,3.0382859770748794,B:ASP445:CB,1.0382859770748794,True,nan,,inf,True,True,True,175.29458618164062,175.90042114257812,-0.6058349609375,True,True
3A1C_B_ARG447__045__2,3A1C_B_ARG447,45,2,0.50687146,other,2,0.50687146,True,other,0.50687146,5.9132208824157715,1.0118030309677124,174.6959;83.6972;143.4734;-93.6924,t/g+/t/m-,5.3041;23.6972;36.5266;3.6924,45.0000;45.0000;45.0000;60.0000,True,True,3.0371486017779468,B:ILE477:CG1,1.0371486017779468,True,nan,,inf,True,True,True,171.6002960205078,nan,nan,False,False
3A1C_B_ARG447__046__0,3A1C_B_ARG447,46,0,0.089507043,other,0,0.089507043,True,other,0.089507043,5.318035125732422,0.9580788016319275,177.6124;178.1838;-60.2209;-89.6238,t/t/g-/m-,2.3876;1.8162;0.2209;0.3762,45.0000;45.0000;45.0000;60.0000,True,True,2.9951955442256177,B:HIS475:O,0.9951955442256177,True,nan,,inf,True,True,True,166.5253143310547,nan,nan,False,False
3A1C_B_ARG447__046__1,3A1C_B_ARG447,46,1,0.42457592,A,1,0.42457592,True,A,0.42457592,0.3194955885410309,5.6689934730529785,53.9841;-154.4254;158.8076;-78.3856,g+/t/t/m-,6.0159;25.5746;21.1924;11.6144,45.0000;45.0000;45.0000;60.0000,True,True,3.283766224066698,B:GLU448:N,1.283766224066698,True,nan,,inf,True,True,True,171.79159545898438,175.90042114257812,-4.10882568359375,True,True
3A1C_B_ARG447__046__3,3A1C_B_ARG447,46,3,0.48340806,B,2,0.48340806,True,B,0.48340806,5.935711860656738,0.2738930583000183,-170.1746;-173.1549;-161.4898;85.3867,t/t/t/m+,9.8254;6.8451;18.5102;4.6133,45.0000;45.0000;45.0000;60.0000,True,True,2.9798650148473094,B:GLY476:O,0.9798650148473094,True,nan,,inf,True,True,True,166.98251342773438,168.35716247558594,-1.3746490478515625,True,True
3A1C_B_ARG447__047__2,3A1C_B_ARG447,47,2,0.4165504,A,0,0.4165504,True,A,0.4165504,0.3224829137325287,5.669121265411377,53.9696;-154.4953;158.9101;-78.2466,g+/t/t/m-,6.0304;25.5047;21.0899;11.7534,45.0000;45.0000;45.0000;60.0000,True,True,3.283766224066698,B:GLU448:N,1.283766224066698,True,nan,,inf,True,True,True,171.78367614746094,175.90042114257812,-4.1167449951171875,True,True
3A1C_B_ARG447__047__3,3A1C_B_ARG447,47,3,0.57089263,B,1,0.57089263,True,B,0.57089263,5.936728477478027,0.27514398097991943,-169.5142;-173.2912;-162.0558;86.5590,t/t/t/m+,10.4858;6.7088;17.9442;3.4410,45.0000;45.0000;45.0000;60.0000,True,True,2.9774931845962382,B:HIS475:O,0.9774931845962382,True,nan,,inf,True,True,True,166.96392822265625,168.35716247558594,-1.3932342529296875,True,True
3A1C_B_ARG447__048__0,3A1C_B_ARG447,48,0,0.40565813,A,0,0.40565813,True,A,0.40565813,0.34660205245018005,5.6697306632995605,54.4079;-154.8169;159.0283;-77.9135,g+/t/t/m-,5.5921;25.1831;20.9717;12.0865,45.0000;45.0000;45.0000;60.0000,True,True,3.283766224066698,B:GLU448:N,1.283766224066698,True,nan,,inf,True,True,True,171.72288513183594,175.90042114257812,-4.1775360107421875,True,True
3A1C_B_ARG447__048__2,3A1C_B_ARG447,48,2,0.56147748,B,1,0.56147748,True,B,0.56147748,5.934218883514404,0.27371466159820557,-169.8914;-173.5191;-161.6407;86.8487,t/t/t/m+,10.1086;6.4809;18.3593;3.1513,45.0000;45.0000;45.0000;60.0000,True,True,2.979139397328489,B:HIS475:O,0.9791393973284892,True,nan,,inf,True,True,True,166.9793701171875,168.35716247558594,-1.3777923583984375,True,True
3A1C_B_ARG447__049__0,3A1C_B_ARG447,49,0,0.5405525,B,0,0.5405525,True,B,0.5405525,5.933769226074219,0.2767000198364258,-170.5059;-173.7426;-161.1862;86.9460,t/t/t/m+,9.4941;6.2574;18.8138;3.0540,45.0000;45.0000;45.0000;60.0000,True,True,2.9846796572087224,B:GLY476:O,0.9846796572087224,True,nan,,inf,True,True,True,166.9833221435547,168.35716247558594,-1.37384033203125,True,True
3A1C_B_ARG447__049__3,3A1C_B_ARG447,49,3,0.41167367,A,1,0.41167367,True,A,0.41167367,0.3336736261844635,5.659867286682129,54.2278;-155.0144;158.4892;-77.9433,g+/t/t/m-,5.7722;24.9856;21.5108;12.0567,45.0000;45.0000;45.0000;60.0000,True,True,3.283766224066698,B:GLU448:N,1.283766224066698,True,nan,,inf,True,True,True,171.69822692871094,175.90042114257812,-4.2021942138671875,True,True
6H59_B_ARG144__000__0,6H59_B_ARG144,0,0,0.48701379,B,0,0.48701379,True,B,0.48701379,2.655935287475586,0.11676454544067383,-78.6741;-172.2972;170.2560;-93.4681,g-/t/t/m-,18.6741;7.7028;9.7440;3.4681,45.0000;45.0000;45.0000;60.0000,True,True,3.2506995420976637,B:GLY145:N,1.2506995420976637,True,4.060040780181253,"sym2[-1,0,1]/B:SO4306:O3",2.060040780181253,True,True,True,106.6661148071289,107.15079498291016,-0.48468017578125,True,True
6H59_B_ARG144__000__3,6H59_B_ARG144,0,3,0.46532848,A,1,0.46532848,True,A,0.46532848,0.19247625768184662,2.783057928085327,-64.9245;-176.9691;172.2056;88.3711,g-/t/t/m+,4.9245;3.0309;7.7944;1.6289,45.0000;45.0000;45.0000;60.0000,True,True,3.2506995420976637,B:GLY145:N,1.2506995420976637,True,2.6425929620936324,"sym2[-1,0,1]/B:MET112:O",0.6425929620936324,True,True,True,120.38084411621094,122.55687713623047,-2.1760330200195312,True,True
6H59_B_ARG144__001__0,6H59_B_ARG144,1,0,0.51350433,B,0,0.51350433,True,B,0.51350433,2.7096848487854004,0.08481533080339432,-80.3652;-173.7906;169.7676;-92.2162,g-/t/t/m-,20.3652;6.2094;10.2324;2.2162,45.0000;45.0000;45.0000;60.0000,True,True,3.2506995420976637,B:GLY145:N,1.2506995420976637,True,4.015029176867955,"sym2[-1,0,1]/B:SO4306:O3",2.015029176867955,True,True,True,106.84233093261719,107.15079498291016,-0.30846405029296875,True,True
6H59_B_ARG144__001__2,6H59_B_ARG144,1,2,0.43067542,other,1,0.43067542,True,other,0.43067542,1.1166328191757202,2.2071666717529297,-56.6242;-179.6390;-163.0870;-86.2321,g-/t/t/m-,3.3758;0.3610;16.9130;3.7679,45.0000;45.0000;45.0000;60.0000,True,True,3.2506995420976637,B:GLY145:N,1.2506995420976637,True,2.5077572301785347,"sym2[-1,0,1]/B:MET112:O",0.5077572301785347,True,True,True,50.11671447753906,nan,nan,False,False
6H59_B_ARG144__002__0,6H59_B_ARG144,2,0,0.50292349,B,0,0.50292349,True,B,0.50292349,2.6692426204681396,0.09971851110458374,-79.1556;-171.8021;170.8597;-94.1007,g-/t/t/m-,19.1556;8.1979;9.1403;4.1007,45.0000;45.0000;45.0000;60.0000,True,True,3.2506995420976637,B:GLY145:N,1.2506995420976637,True,4.055621656380307,"sym2[-1,0,1]/B:SO4306:O3",2.055621656380307,True,True,True,106.74047088623047,107.15079498291016,-0.4103240966796875,True,True
6H59_B_ARG144__002__2,6H59_B_ARG144,2,2,0.45073709,A,1,0.45073709,True,A,0.45073709,0.21092264354228973,2.8001058101654053,-64.9883;-176.4980;173.4022;87.8302,g-/t/t/m+,4.9883;3.5020;6.5978;2.1698,45.0000;45.0000;45.0000;60.0000,True,True,3.2506995420976637,B:GLY145:N,1.2506995420976637,True,2.621276593433551,"sym2[-1,0,1]/B:MET112:O",0.6212765934335511,True,True,True,120.36674499511719,122.55687713623047,-2.1901321411132812,True,True
6H59_B_ARG144__003__0,6H59_B_ARG144,3,0,0.46803772,A,0,0.46803772,True,A,0.46803772,0.18954090774059296,2.7802813053131104,-64.8659;-176.9898;171.9667;88.3945,g-/t/t/m+,4.8659;3.0102;8.0333;1.6055,45.0000;45.0000;45.0000;60.0000,True,True,3.2506995420976637,B:GLY145:N,1.2506995420976637,True,2.6461752458121146,"sym2[-1,0,1]/B:MET112:O",0.6461752458121146,True,True,True,120.38525390625,122.55687713623047,-2.1716232299804688,True,True
6H59_B_ARG144__003__2,6H59_B_ARG144,3,2,0.48865879,B,1,0.48865879,True,B,0.48865879,2.6497278213500977,0.12420732527971268,-78.4770;-172.3310;170.1623;-93.3832,g-/t/t/m-,18.4770;7.6690;9.8377;3.3832,45.0000;45.0000;45.0000;60.0000,True,True,3.2506995420976637,B:GLY145:N,1.2506995420976637,True,4.063687827272524,"sym2[-1,0,1]/B:SO4306:O3",2.063687827272524,True,True,True,106.64923095703125,107.15079498291016,-0.5015640258789062,True,True
6H59_B_ARG144__004__1,6H59_B_ARG144,4,1,0.50274122,B,0,0.50274122,True,B,0.50274122,2.6537537574768066,0.11981131136417389,-78.4787;-172.0878;170.1577;-93.6396,g-/t/t/m-,18.4787;7.9122;9.8423;3.6396,45.0000;45.0000;45.0000;60.0000,True,True,3.2506995420976637,B:GLY145:N,1.2506995420976637,True,4.065027361855889,"sym2[-1,0,1]/B:SO4306:O3",2.065027361855889,True,True,True,106.6644515991211,107.15079498291016,-0.4863433837890625,True,True
6H59_B_ARG144__004__3,6H59_B_ARG144,4,3,0.47918957,A,1,0.47918957,True,A,0.47918957,0.18433499336242676,2.779963731765747,-64.4117;-176.7306;171.3476;88.2972,g-/t/t/m+,4.4117;3.2694;8.6524;1.7028,45.0000;45.0000;45.0000;60.0000,True,True,3.2506995420976637,B:GLY145:N,1.2506995420976637,True,2.647302889618669,"sym2[-1,0,1]/B:MET112:O",0.6473028896186692,True,True,True,120.39529418945312,122.55687713623047,-2.1615829467773438,True,True
6H59_B_ARG144__005__0,6H59_B_ARG144,5,0,0.46947864,A,0,0.46947864,True,A,0.46947864,0.1854325234889984,2.7747631072998047,-64.7822;-177.2507;171.3863;88.1030,g-/t/t/m+,4.7822;2.7493;8.6137;1.8970,45.0000;45.0000;45.0000;60.0000,True,True,3.2506995420976637,B:GLY145:N,1.2506995420976637,True,2.654819899510648,"sym2[-1,0,1]/B:MET112:O",0.654819899510648,True,True,True,120.38587188720703,122.55687713623047,-2.1710052490234375,True,True
6H59_B_ARG144__005__1,6H59_B_ARG144,5,1,0.49948567,B,1,0.49948567,True,B,0.49948567,2.654392719268799,0.11747710406780243,-78.6816;-172.2156;170.3903;-93.7128,g-/t/t/m-,18.6816;7.7844;9.6097;3.7128,45.0000;45.0000;45.0000;60.0000,True,True,3.2506995420976637,B:GLY145:N,1.2506995420976637,True,4.0587285000369775,"sym2[-1,0,1]/B:SO4306:O3",2.0587285000369775,True,True,True,106.67970275878906,107.15079498291016,-0.47109222412109375,True,True
6H59_B_ARG144__006__0,6H59_B_ARG144,6,0,0.48664448,B,0,0.48664448,True,B,0.48664448,2.6492576599121094,0.12469349056482315,-78.4922;-172.3763;170.1781;-93.3310,g-/t/t/m-,18.4922;7.6237;9.8219;3.3310,45.0000;45.0000;45.0000;60.0000,True,True,3.2506995420976637,B:GLY145:N,1.2506995420976637,True,4.063314956227712,"sym2[-1,0,1]/B:SO4306:O3",2.063314956227712,True,True,True,106.64054870605469,107.15079498291016,-0.5102462768554688,True,True
6H59_B_ARG144__006__3,6H59_B_ARG144,6,3,0.46591762,A,1,0.46591762,True,A,0.46591762,0.18993732333183289,2.778914451599121,-64.9785;-177.0210;172.0795;88.4015,g-/t/t/m+,4.9785;2.9790;7.9205;1.5985,45.0000;45.0000;45.0000;60.0000,True,True,3.2506995420976637,B:GLY145:N,1.2506995420976637,True,2.6473618247491024,"sym2[-1,0,1]/B:MET112:O",0.6473618247491024,True,True,True,120.3821792602539,122.55687713623047,-2.1746978759765625,True,True
6H59_B_ARG144__007__1,6H59_B_ARG144,7,1,0.49611905,B,0,0.49611905,True,B,0.49611905,2.652181625366211,0.12217166274785995,-78.3854;-172.0769;170.0731;-93.5812,g-/t/t/m-,18.3854;7.9231;9.9269;3.5812,45.0000;45.0000;45.0000;60.0000,True,True,3.2506995420976637,B:GLY145:N,1.2506995420976637,True,4.067397114781821,"sym2[-1,0,1]/B:SO4306:O3",2.067397114781821,True,True,True,106.65287017822266,107.15079498291016,-0.4979248046875,True,True
6H59_B_ARG144__007__3,6H59_B_ARG144,7,3,0.47284129,A,1,0.47284129,True,A,0.47284129,0.1866525560617447,2.7823219299316406,-64.4471;-176.8107;171.4531;88.1852,g-/t/t/m+,4.4471;3.1893;8.5469;1.8148,45.0000;45.0000;45.0000;60.0000,True,True,3.2506995420976637,B:GLY145:N,1.2506995420976637,True,2.644941206385589,"sym2[-1,0,1]/B:MET112:O",0.6449412063855888,True,True,True,120.38694763183594,122.55687713623047,-2.1699295043945312,True,True
6H59_B_ARG144__008__0,6H59_B_ARG144,8,0,0.47377181,A,0,0.47377181,True,A,0.47377181,0.18747010827064514,2.7848386764526367,-64.3885;-176.7666;171.4976;88.3261,g-/t/t/m+,4.3885;3.2334;8.5024;1.6739,45.0000;45.0000;45.0000;60.0000,True,True,3.2506995420976637,B:GLY145:N,1.2506995420976637,True,2.6420425122224573,"sym2[-1,0,1]/B:MET112:O",0.6420425122224573,True,True,True,120.39293670654297,122.55687713623047,-2.1639404296875,True,True
6H59_B_ARG144__008__1,6H59_B_ARG144,8,1,0.49381608,B,1,0.49381608,True,B,0.49381608,2.6503970623016357,0.12374750524759293,-78.3611;-172.1674;170.0428;-93.5881,g-/t/t/m-,18.3611;7.8326;9.9572;3.5881,45.0000;45.0000;45.0000;60.0000,True,True,3.2506995420976637,B:GLY145:N,1.2506995420976637,True,4.065579417861335,"sym2[-1,0,1]/B:SO4306:O3",2.0655794178613354,True,True,True,106.64668273925781,107.15079498291016,-0.5041122436523438,True,True
6H59_B_ARG144__009__0,6H59_B_ARG144,9,0,0.52364397,B,0,0.52364397,True,B,0.52364397,2.7146434783935547,0.08661690354347229,-80.2037;-173.5808;169.3883;-93.0124,g-/t/t/m-,20.2037;6.4192;10.6117;3.0124,45.0000;45.0000;45.0000;60.0000,True,True,3.2506995420976637,B:GLY145:N,1.2506995420976637,True,4.008279273020646,"sym2[-1,0,1]/B:SO4306:O3",2.008279273020646,True,True,True,106.86965942382812,107.15079498291016,-0.28113555908203125,True,True
6H59_B_ARG144__009__3,6H59_B_ARG144,9,3,0.43931639,other,1,0.43931639,True,other,0.43931639,1.1928242444992065,2.086306095123291,-57.2456;-178.6297;-165.3875;-87.2596,g-/t/t/m-,2.7544;1.3703;14.6125;2.7404,45.0000;45.0000;45.0000;60.0000,True,True,3.2506995420976637,B:GLY145:N,1.2506995420976637,True,2.588799927501865,"sym2[-1,0,1]/B:MET112:O",0.5887999275018649,True,True,True,49.88633728027344,nan,nan,False,False
6H59_B_ARG144__010__0,6H59_B_ARG144,10,0,0.49230966,B,0,0.49230966,True,B,0.49230966,2.6500003337860107,0.12418211996555328,-78.3664;-172.2001;170.0468;-93.5495,g-/t/t/m-,18.3664;7.7999;9.9532;3.5495,45.0000;45.0000;45.0000;60.0000,True,True,3.2506995420976637,B:GLY145:N,1.2506995420976637,True,4.065381157304196,"sym2[-1,0,1]/B:SO4306:O3",2.065381157304196,True,True,True,106.65032958984375,107.15079498291016,-0.5004653930664062,True,True
6H59_B_ARG144__010__2,6H59_B_ARG144,10,2,0.47215697,A,1,0.47215697,True,A,0.47215697,0.18789692223072052,2.7837073802948,-64.4984;-176.8114;171.6066;88.3372,g-/t/t/m+,4.4984;3.1886;8.3934;1.6628,45.0000;45.0000;45.0000;60.0000,True,True,3.2506995420976637,B:GLY145:N,1.2506995420976637,True,2.643046609286109,"sym2[-1,0,1]/B:MET112:O",0.6430466092861091,True,True,True,120.38935852050781,122.55687713623047,-2.1675186157226562,True,True
6H59_B_ARG144__011__2,6H59_B_ARG144,11,2,0.45873868,A,0,0.45873868,True,A,0.45873868,0.19871482253074646,2.784388542175293,-65.1912;-176.6477;172.9591;88.2704,g-/t/t/m+,5.1912;3.3523;7.0409;1.7296,45.0000;45.0000;45.0000;60.0000,True,True,3.2506995420976637,B:GLY145:N,1.2506995420976637,True,2.6380481585633886,"sym2[-1,0,1]/B:MET112:O",0.6380481585633886,True,True,True,120.37610626220703,122.55687713623047,-2.1807708740234375,True,True
6H59_B_ARG144__011__3,6H59_B_ARG144,11,3,0.4793801,B,1,0.4793801,True,B,0.4793801,2.656028985977173,0.11693334579467773,-78.8077;-172.5608;170.3040;-93.0937,g-/t/t/m-,18.8077;7.4392;9.6960;3.0937,45.0000;45.0000;45.0000;60.0000,True,True,3.2506995420976637,B:GLY145:N,1.2506995420976637,True,4.0578585937303435,"sym2[-1,0,1]/B:SO4306:O3",2.0578585937303435,True,True,True,106.66729736328125,107.15079498291016,-0.48349761962890625,True,True
6H59_B_ARG144__012__0,6H59_B_ARG144,12,0,0.092896298,other,0,0.092896298,True,other,0.092896298,1.2791681289672852,3.1100282669067383,-75.2086;67.1902;-178.1579;-88.2796,g-/g+/t/m-,15.2086;7.1902;1.8421;1.7204,45.0000;45.0000;45.0000;60.0000,True,True,3.2506995420976637,B:GLY145:N,1.2506995420976637,True,2.5360809013637664,"sym2[-1,0,1]/B:MET112:O",0.5360809013637664,True,True,True,52.78921890258789,nan,nan,False,False
6H59_B_ARG144__012__2,6H59_B_ARG144,12,2,0.51553857,B,1,0.51553857,True,B,0.51553857,2.7135469913482666,0.09447024017572403,-80.0666;-174.0274;168.9110;-91.5432,g-/t/t/m-,20.0666;5.9726;11.0890;1.5432,45.0000;45.0000;45.0000;60.0000,True,True,3.2506995420976637,B:GLY145:N,1.2506995420976637,True,4.020252159050889,"sym2[-1,0,1]/B:SO4306:O3",2.020252159050889,True,True,True,106.83538055419922,107.15079498291016,-0.3154144287109375,True,True
6H59_B_ARG144__012__3,6H59_B_ARG144,12,3,0.38606703,other,2,0.38606703,True,other,0.38606703,1.167841911315918,2.118574380874634,-56.8941;-179.3437;-164.8900;-89.6723,g-/t/t/m-,3.1059;0.6563;15.1100;0.3277,45.0000;45.0000;45.0000;60.0000,True,True,3.2506995420976637,B:GLY145:N,1.2506995420976637,True,2.565303291016171,"sym2[-1,0,1]/B:MET112:O",0.5653032910161708,True,True,True,49.965003967285156,nan,nan,False,False
6H59_B_ARG144__013__0,6H59_B_ARG144,13,0,0.48901591,B,0,0.48901591,True,B,0.48901591,2.6484222412109375,0.125682070851326,-78.4356;-172.3445;170.1374;-93.3848,g-/t/t/m-,18.4356;7.6555;9.8626;3.3848,45.0000;45.0000;45.0000;60.0000,True,True,3.2506995420976637,B:GLY145:N,1.2506995420976637,True,4.063999014828328,"sym2[-1,0,1]/B:SO4306:O3",2.063999014828328,True,True,True,106.64329528808594,107.15079498291016,-0.5074996948242188,True,True
6H59_B_ARG144__013__1,6H59_B_ARG144,13,1,0.468613,A,1,0.468613,True,A,0.468613,0.18941275775432587,2.780794620513916,-64.8259;-176.9805;171.9266;88.3943,g-/t/t/m+,4.8259;3.0195;8.0734;1.6057,45.0000;45.0000;45.0000;60.0000,True,True,3.2506995420976637,B:GLY145:N,1.2506995420976637,True,2.645735080512307,"sym2[-1,0,1]/B:MET112:O",0.6457350805123072,True,True,True,120.38401794433594,122.55687713623047,-2.1728591918945312,True,True
6H59_B_ARG144__014__2,6H59_B_ARG144,14,2,0.46160677,A,0,0.46160677,True,A,0.46160677,0.18641357123851776,2.775573253631592,-64.8251;-177.0186;171.6628;88.1767,g-/t/t/m+,4.8251;2.9814;8.3372;1.8233,45.0000;45.0000;45.0000;60.0000,True,True,3.2506995420976637,B:GLY145:N,1.2506995420976637,True,2.6520858450154923,"sym2[-1,0,1]/B:MET112:O",0.6520858450154923,True,True,True,120.38436889648438,122.55687713623047,-2.1725082397460938,True,True
6H59_B_ARG144__014__3,6H59_B_ARG144,14,3,0.49033368,B,1,0.49033368,True,B,0.49033368,2.650296926498413,0.12373609095811844,-78.4071;-172.2157;170.0946;-93.5240,g-/t/t/m-,18.4071;7.7843;9.9054;3.5240,45.0000;45.0000;45.0000;60.0000,True,True,3.2506995420976637,B:GLY145:N,1.2506995420976637,True,4.064949777701227,"sym2[-1,0,1]/B:SO4306:O3",2.0649497777012273,True,True,True,106.65341186523438,107.15079498291016,-0.49738311767578125,True,True
6H59_B_ARG144__015__0,6H59_B_ARG144,15,0,0.50024426,B,0,0.50024426,True,B,0.50024426,2.6515705585479736,0.12229974567890167,-78.3972;-172.0691;170.1237;-93.6814,g-/t/t/m-,18.3972;7.9309;9.8763;3.6814,45.0000;45.0000;45.0000;60.0000,True,True,3.2506995420976637,B:GLY145:N,1.2506995420976637,True,4.066116427551612,"sym2[-1,0,1]/B:SO4306:O3",2.066116427551612,True,True,True,106.65113830566406,107.15079498291016,-0.49965667724609375,True,True
6H59_B_ARG144__015__1,6H59_B_ARG144,15,1,0.48335451,A,1,0.48335451,True,A,0.48335451,0.1870976984500885,2.78791880607605,-64.1901;-176.7958;171.2690;88.3637,g-/t/t/m+,4.1901;3.2042;8.7310;1.6363,45.0000;45.0000;45.0000;60.0000,True,True,3.2506995420976637,B:GLY145:N,1.2506995420976637,True,2.6397326643277754,"sym2[-1,0,1]/B:MET112:O",0.6397326643277754,True,True,True,120.39700317382812,122.55687713623047,-2.1598739624023438,True,True
6H59_B_ARG144__016__1,6H59_B_ARG144,16,1,0.47907346,B,0,0.47907346,True,B,0.47907346,2.6239421367645264,0.15592435002326965,-77.7568;-172.1017;170.2083;-93.3569,g-/t/t/m-,17.7568;7.8983;9.7917;3.3569,45.0000;45.0000;45.0000;60.0000,True,True,3.2506995420976637,B:GLY145:N,1.2506995420976637,True,4.083190138032139,"sym2[-1,0,1]/B:SO4306:O3",2.0831901380321387,True,True,True,106.55977630615234,107.15079498291016,-0.5910186767578125,True,True
6H59_B_ARG144__016__2,6H59_B_ARG144,16,2,0.48181871,A,1,0.48181871,True,A,0.48181871,0.1875733584165573,2.783018112182617,-64.4510;-176.6305;171.6210;88.2235,g-/t/t/m+,4.4510;3.3695;8.3790;1.7765,45.0000;45.0000;45.0000;60.0000,True,True,3.2506995420976637,B:GLY145:N,1.2506995420976637,True,2.642973267808003,"sym2[-1,0,1]/B:MET112:O",0.6429732678080029,True,True,True,120.38970947265625,122.55687713623047,-2.1671676635742188,True,True
6H59_B_ARG144__017__0,6H59_B_ARG144,17,0,0.4366129,B,0,0.4366129,True,B,0.4366129,2.6450350284576416,0.772950291633606,-58.0902;-170.4379;77.0969;97.1723,g-/t/g+/m+,1.9098;9.5621;17.0969;7.1723,45.0000;45.0000;45.0000;60.0000,True,True,3.2506995420976637,B:GLY145:N,1.2506995420976637,True,4.625541539169415,"sym2[-1,0,1]/B:ARG113:CB",2.625541539169415,True,True,True,106.3808822631836,107.15079498291016,-0.7699127197265625,True,True
6H59_B_ARG144__017__1,6H59_B_ARG144,17,1,0.50596565,A,1,0.50596565,True,A,0.50596565,0.24524560570716858,2.674675464630127,-70.3841;-174.9236;178.3479;86.6962,g-/t/t/m+,10.3841;5.0764;1.6521;3.3038,45.0000;45.0000;45.0000;60.0000,True,True,3.2506995420976637,B:GLY145:N,1.2506995420976637,True,2.7374731158253613,"sym2[-1,0,1]/B:MET112:O",0.7374731158253613,True,True,True,120.61479949951172,122.55687713623047,-1.94207763671875,True,True
6H59_B_ARG144__018__2,6H59_B_ARG144,18,2,0.49041474,B,0,0.49041474,True,B,0.49041474,2.6538963317871094,0.11658746004104614,-78.9037;-172.3580;170.6978;-93.7309,g-/t/t/m-,18.9037;7.6420;9.3022;3.7309,45.0000;45.0000;45.0000;60.0000,True,True,3.2506995420976637,B:GLY145:N,1.2506995420976637,True,4.05310483037505,"sym2[-1,0,1]/B:SO4306:O3",2.05310483037505,True,True,True,106.67993927001953,107.15079498291016,-0.470855712890625,True,True
6H59_B_ARG144__018__3,6H59_B_ARG144,18,3,0.44334358,A,1,0.44334358,True,A,0.44334358,0.20349740982055664,2.788480043411255,-65.0723;-176.3231;173.1509;87.5310,g-/t/t/m+,5.0723;3.6769;6.8491;2.4690,45.0000;45.0000;45.0000;60.0000,True,True,3.2506995420976637,B:GLY145:N,1.2506995420976637,True,2.632474119778434,"sym2[-1,0,1]/B:MET112:O",0.632474119778434,True,True,True,120.36280822753906,122.55687713623047,-2.1940689086914062,True,True
6H59_B_ARG144__019__0,6H59_B_ARG144,19,0,0.51445556,B,0,0.51445556,True,B,0.51445556,2.7228078842163086,0.08325863629579544,-80.4011;-173.4777;169.4580;-92.8252,g-/t/t/m-,20.4011;6.5223;10.5420;2.8252,45.0000;45.0000;45.0000;60.0000,True,True,3.2506995420976637,B:GLY145:N,1.2506995420976637,True,4.010760434616019,"sym2[-1,0,1]/B:SO4306:O3",2.010760434616019,True,True,True,106.89096069335938,107.15079498291016,-0.25983428955078125,True,True
6H59_B_ARG144__019__2,6H59_B_ARG144,19,2,0.43868938,other,1,0.43868938,True,other,0.43868938,1.106011986732483,2.226166248321533,-56.2122;-179.4304;-163.0712;-85.9842,g-/t/t/m-,3.7878;0.5696;16.9288;4.0158,45.0000;45.0000;45.0000;60.0000,True,True,3.2506995420976637,B:GLY145:N,1.2506995420976637,True,2.4978128793989915,"sym2[-1,0,1]/B:MET112:O",0.49781287939899155,True,True,True,50.15904235839844,nan,nan,False,False
6H59_B_ARG144__020__0,6H59_B_ARG144,20,0,0.48887834,A,0,0.48887834,True,A,0.48887834,0.18673670291900635,2.7891976833343506,-64.0770;-176.7934;171.1300;88.3353,g-/t/t/m+,4.0770;3.2066;8.8700;1.6647,45.0000;45.0000;45.0000;60.0000,True,True,3.2506995420976637,B:GLY145:N,1.2506995420976637,True,2.6388592236223207,"sym2[-1,0,1]/B:MET112:O",0.6388592236223207,True,True,True,120.40214538574219,122.55687713623047,-2.1547317504882812,True,True
6H59_B_ARG144__020__3,6H59_B_ARG144,20,3,0.50342625,B,1,0.50342625,True,B,0.50342625,2.6549389362335205,0.11711301654577255,-78.6668;-172.0966;170.4263;-93.7628,g-/t/t/m-,18.6668;7.9034;9.5737;3.7628,45.0000;45.0000;45.0000;60.0000,True,True,3.2506995420976637,B:GLY145:N,1.2506995420976637,True,4.061007341438004,"sym2[-1,0,1]/B:SO4306:O3",2.061007341438004,True,True,True,106.67100524902344,107.15079498291016,-0.47978973388671875,True,True
6H59_B_ARG144__021__0,6H59_B_ARG144,21,0,0.52023095,A,0,0.52023095,True,A,0.52023095,0.2509644627571106,2.662853240966797,-70.6629;-174.7359;178.4281;86.1938,g-/t/t/m+,10.6629;5.2641;1.5719;3.8062,45.0000;45.0000;45.0000;60.0000,True,True,3.2506995420976637,B:GLY145:N,1.2506995420976637,True,2.7502329894968667,"sym2[-1,0,1]/B:MET112:O",0.7502329894968667,True,True,True,120.6375732421875,122.55687713623047,-1.9193038940429688,True,True
6H59_B_ARG144__021__1,6H59_B_ARG144,21,1,0.4340798,B,1,0.4340798,True,B,0.4340798,2.6448287963867188,0.7729732394218445,-58.0683;-170.3966;77.0917;97.1568,g-/t/g+/m+,1.9317;9.6034;17.0917;7.1568,45.0000;45.0000;45.0000;60.0000,True,True,3.2506995420976637,B:GLY145:N,1.2506995420976637,True,4.626563953984837,"sym2[-1,0,1]/B:ARG113:CB",2.626563953984837,True,True,True,106.38240051269531,107.15079498291016,-0.7683944702148438,True,True
6H59_B_ARG144__022__0,6H59_B_ARG144,22,0,0.51476467,B,0,0.51476467,True,B,0.51476467,2.394609212875366,0.8574144244194031,-56.0857;-171.0517;82.8899;98.9103,g-/t/g+/m+,3.9143;8.9483;22.8899;8.9103,45.0000;45.0000;45.0000;60.0000,True,True,3.2506995420976637,B:GLY145:N,1.2506995420976637,True,4.30180704267332,"sym2[-1,0,1]/B:ARG113:CB",2.30180704267332,True,True,True,107.03870391845703,107.15079498291016,-0.112091064453125,True,True
6H59_B_ARG144__022__1,6H59_B_ARG144,22,1,0.40611553,A,1,0.40611553,True,A,0.40611553,0.8041527271270752,2.851722240447998,-89.8072;176.1224;-88.7517;-94.5449,g-/t/g-/m-,29.8072;3.8776;28.7517;4.5449,45.0000;45.0000;45.0000;60.0000,True,True,3.2506995420976637,B:GLY145:N,1.2506995420976637,True,2.8120572483071253,"sym2[-1,0,1]/B:HIS111:O",0.8120572483071253,True,True,True,125.4678955078125,122.55687713623047,2.9110183715820312,False,False
6H59_B_ARG144__022__3,6H59_B_ARG144,22,3,0.062341735,other,2,0.062341735,True,other,0.062341735,6.271790504455566,6.873225688934326,68.5167;18.2394;-93.1375;130.0775,g+/g+/g-/m+,8.5167;41.7606;33.1375;40.0775,45.0000;45.0000;45.0000;60.0000,True,True,1.249954367667306,B:SER202:OG,-0.7500456323326941,False,6.118939842666722,"sym2[-1,0,1]/S:HOH281:O",5.058939899887181,True,False,False,582.0355224609375,nan,nan,False,False
6H59_B_ARG144__023__1,6H59_B_ARG144,23,1,0.44066292,other,0,0.44066292,True,other,0.44066292,1.184420108795166,2.0963985919952393,-57.3333;-178.1495;-164.7917;-86.9937,g-/t/t/m-,2.6667;1.8505;15.2083;3.0063,45.0000;45.0000;45.0000;60.0000,True,True,3.2506995420976637,B:GLY145:N,1.2506995420976637,True,2.5804296209352198,"sym2[-1,0,1]/B:MET112:O",0.5804296209352198,True,True,True,49.928035736083984,nan,nan,False,False
6H59_B_ARG144__023__3,6H59_B_ARG144,23,3,0.52706504,B,1,0.52706504,True,B,0.52706504,2.7432899475097656,0.08969604969024658,-80.4634;-173.2337;168.8462;-92.5371,g-/t/t/m-,20.4634;6.7663;11.1538;2.5371,45.0000;45.0000;45.0000;60.0000,True,True,3.2506995420976637,B:GLY145:N,1.2506995420976637,True,4.017497769151151,"sym2[-1,0,1]/B:SO4306:O3",2.0174977691511513,True,True,True,106.93941497802734,107.15079498291016,-0.2113800048828125,True,True
6H59_B_ARG144__024__0,6H59_B_ARG144,24,0,0.068776876,other,0,0.068776876,True,other,0.068776876,2.1052701473236084,0.9722394347190857,-68.6981;-175.9737;173.0009;-66.5919,g-/t/t/m-,8.6981;4.0263;6.9991;23.4081,45.0000;45.0000;45.0000;60.0000,True,True,3.2506995420976637,B:GLY145:N,1.2506995420976637,True,4.0411414328469695,"sym2[-1,0,1]/B:ARG113:CB",2.0411414328469695,True,True,True,51.53868103027344,nan,nan,False,False
6H59_B_ARG144__024__1,6H59_B_ARG144,24,1,0.5285688,B,1,0.5285688,True,B,0.5285688,2.7465121746063232,0.09871120750904083,-81.0392;-173.7504;169.2930;-93.3073,g-/t/t/m-,21.0392;6.2496;10.7070;3.3073,45.0000;45.0000;45.0000;60.0000,True,True,3.2506995420976637,B:GLY145:N,1.2506995420976637,True,3.987460048027287,"sym2[-1,0,1]/B:SO4306:O3",1.987460048027287,True,True,True,107.00371551513672,107.15079498291016,-0.1470794677734375,True,True
6H59_B_ARG144__024__2,6H59_B_ARG144,24,2,0.39802223,other,2,0.39802223,True,other,0.39802223,1.0936644077301025,2.2420196533203125,-56.0892;-178.8641;-162.5227;-86.0817,g-/t/t/m-,3.9108;1.1359;17.4773;3.9183,45.0000;45.0000;45.0000;60.0000,True,True,3.2506995420976637,B:GLY145:N,1.2506995420976637,True,2.4897839412586054,"sym2[-1,0,1]/B:MET112:O",0.48978394125860536,True,True,True,50.21355438232422,nan,nan,False,False
6H59_B_ARG144__025__0,6H59_B_ARG144,25,0,0.49968633,B,0,0.49968633,True,B,0.49968633,2.6434333324432373,0.13276760280132294,-78.0417;-171.9430;169.9507;-93.7071,g-/t/t/m-,18.0417;8.0570;10.0493;3.7071,45.0000;45.0000;45.0000;60.0000,True,True,3.2506995420976637,B:GLY145:N,1.2506995420976637,True,4.074163414432158,"sym2[-1,0,1]/B:SO4306:O3",2.0741634144321583,True,True,True,106.61961364746094,107.15079498291016,-0.5311813354492188,True,True
6H59_B_ARG144__025__1,6H59_B_ARG144,25,1,0.48378196,A,1,0.48378196,True,A,0.48378196,0.1858132928609848,2.784926652908325,-64.1300;-176.3218;171.3677;88.1845,g-/t/t/m+,4.1300;3.6782;8.6323;1.8155,45.0000;45.0000;45.0000;60.0000,True,True,3.2506995420976637,B:GLY145:N,1.2506995420976637,True,2.640493312490719,"sym2[-1,0,1]/B:MET112:O",0.6404933124907188,True,True,True,120.39472961425781,122.55687713623047,-2.1621475219726562,True,True
6H59_B_ARG144__026__0,6H59_B_ARG144,26,0,0.50655264,B,0,0.50655264,True,B,0.50655264,2.34047269821167,0.890030026435852,-55.7023;-171.9942;83.9463;98.2831,g-/t/g+/m+,4.2977;8.0058;23.9463;8.2831,45.0000;45.0000;45.0000;60.0000,True,True,3.2506995420976637,B:GLY145:N,1.2506995420976637,True,4.2548147532309795,"sym2[-1,0,1]/B:ARG113:CB",2.2548147532309795,True,True,True,107.0386962890625,107.15079498291016,-0.11209869384765625,True,True
6H59_B_ARG144__026__3,6H59_B_ARG144,26,3,0.40808794,A,1,0.40808794,True,A,0.40808794,0.8070694208145142,2.8605480194091797,-89.6624;176.2577;-88.5778;-94.3170,g-/t/g-/m-,29.6624;3.7423;28.5778;4.3170,45.0000;45.0000;45.0000;60.0000,True,True,3.2506995420976637,B:GLY145:N,1.2506995420976637,True,2.80341052726029,"sym2[-1,0,1]/B:HIS111:O",0.80341052726029,True,True,True,125.40587615966797,122.55687713623047,2.8489990234375,False,False
6H59_B_ARG144__027__0,6H59_B_ARG144,27,0,0.50674748,B,0,0.50674748,True,B,0.50674748,2.726766586303711,0.07488730549812317,-80.7608;-173.3281;170.0377;-92.6536,g-/t/t/m-,20.7608;6.6719;9.9623;2.6536,45.0000;45.0000;45.0000;60.0000,True,True,3.2506995420976637,B:GLY145:N,1.2506995420976637,True,4.013829288029991,"sym2[-1,0,1]/B:SO4306:O3",2.0138292880299913,True,True,True,106.9101333618164,107.15079498291016,-0.24066162109375,True,True
6H59_B_ARG144__027__1,6H59_B_ARG144,27,1,0.38838857,other,1,0.38838857,True,other,0.38838857,1.1582586765289307,2.1481082439422607,-56.9275;-179.3178;-164.5161;-85.1564,g-/t/t/m-,3.0725;0.6822;15.4839;4.8436,45.0000;45.0000;45.0000;60.0000,True,True,3.2506995420976637,B:GLY145:N,1.2506995420976637,True,2.545691761395125,"sym2[-1,0,1]/B:MET112:O",0.5456917613951249,True,True,True,49.99663543701172,nan,nan,False,False
6H59_B_ARG144__027__3,6H59_B_ARG144,27,3,0.080160901,other,2,0.080160901,True,other,0.080160901,1.138436198234558,2.5842223167419434,-40.6752;-104.0643;-110.0060;-83.0573,g-/g-/g-/m-,19.3248;44.0643;50.0060;6.9427,45.0000;45.0000;45.0000;60.0000,False,False,3.2506995420976637,B:GLY145:N,1.2506995420976637,True,2.89272902661394,"sym2[-1,0,1]/B:ARG113:CD",0.89272902661394,True,True,False,61.52070617675781,nan,nan,False,False
6H59_B_ARG144__028__0,6H59_B_ARG144,28,0,0.061254874,other,0,0.061254874,True,other,0.061254874,0.5223945379257202,2.898149013519287,-64.2490;-173.4930;-178.8707;102.8763,g-/t/t/m+,4.2490;6.5070;1.1293;12.8763,45.0000;45.0000;45.0000;60.0000,True,True,3.2506995420976637,B:GLY145:N,1.2506995420976637,True,2.587815578327931,"sym2[-1,0,1]/B:MET112:O",0.5878155783279309,True,True,True,50.22944259643555,nan,nan,False,False
6H59_B_ARG144__028__2,6H59_B_ARG144,28,2,0.4277406,A,1,0.4277406,True,A,0.4277406,0.1957215666770935,2.776583194732666,-64.9578;-177.6803;171.4564;86.8511,g-/t/t/m+,4.9578;2.3197;8.5436;3.1489,45.0000;45.0000;45.0000;60.0000,True,True,3.2506995420976637,B:GLY145:N,1.2506995420976637,True,2.654914009921867,"sym2[-1,0,1]/B:MET112:O",0.6549140099218671,True,True,True,120.36878967285156,122.55687713623047,-2.1880874633789062,True,True
6H59_B_ARG144__028__3,6H59_B_ARG144,28,3,0.50211191,B,2,0.50211191,True,B,0.50211191,2.6605772972106934,0.11266107112169266,-78.5682;-171.9222;170.1311;-93.7523,g-/t/t/m-,18.5682;8.0778;9.8689;3.7523,45.0000;45.0000;45.0000;60.0000,True,True,3.2506995420976637,B:GLY145:N,1.2506995420976637,True,4.0651516123860425,"sym2[-1,0,1]/B:SO4306:O3",2.0651516123860425,True,True,True,106.68959045410156,107.15079498291016,-0.46120452880859375,True,True
6H59_B_ARG144__029__2,6H59_B_ARG144,29,2,0.48450303,B,0,0.48450303,True,B,0.48450303,2.6478893756866455,0.12630879878997803,-78.4602;-172.2453;170.2765;-93.4125,g-/t/t/m-,18.4602;7.7547;9.7235;3.4125,45.0000;45.0000;45.0000;60.0000,True,True,3.2506995420976637,B:GLY145:N,1.2506995420976637,True,4.066107439712914,"sym2[-1,0,1]/B:SO4306:O3",2.0661074397129138,True,True,True,106.63245391845703,107.15079498291016,-0.518341064453125,True,True
6H59_B_ARG144__029__3,6H59_B_ARG144,29,3,0.46849608,A,1,0.46849608,True,A,0.46849608,0.1895725280046463,2.7802252769470215,-64.8518;-176.9326;171.9801;88.3587,g-/t/t/m+,4.8518;3.0674;8.0199;1.6413,45.0000;45.0000;45.0000;60.0000,True,True,3.2506995420976637,B:GLY145:N,1.2506995420976637,True,2.6459687121604776,"sym2[-1,0,1]/B:MET112:O",0.6459687121604776,True,True,True,120.38578796386719,122.55687713623047,-2.1710891723632812,True,True
6H59_B_ARG144__030__0,6H59_B_ARG144,30,0,0.50190777,B,0,0.50190777,True,B,0.50190777,2.653820037841797,0.1196175366640091,-78.4949;-172.0749;170.1922;-93.6592,g-/t/t/m-,18.4949;7.9251;9.8078;3.6592,45.0000;45.0000;45.0000;60.0000,True,True,3.2506995420976637,B:GLY145:N,1.2506995420976637,True,4.064917589109714,"sym2[-1,0,1]/B:SO4306:O3",2.0649175891097142,True,True,True,106.66651153564453,107.15079498291016,-0.484283447265625,True,True
6H59_B_ARG144__030__2,6H59_B_ARG144,30,2,0.48126242,A,1,0.48126242,True,A,0.48126242,0.18690425157546997,2.784879446029663,-64.3280;-176.7681;171.3915;88.2571,g-/t/t/m+,4.3280;3.2319;8.6085;1.7429,45.0000;45.0000;45.0000;60.0000,True,True,3.2506995420976637,B:GLY145:N,1.2506995420976637,True,2.6423374832599236,"sym2[-1,0,1]/B:MET112:O",0.6423374832599236,True,True,True,120.39430236816406,122.55687713623047,-2.1625747680664062,True,True
6H59_B_ARG144__031__1,6H59_B_ARG144,31,1,0.053394776,merged_duplicate,0,0.512753556,False,A,0.0,0.4094419479370117,2.9803900718688965,-65.5101;179.4825;179.5330;93.1131,g-/t/t/m+,5.5101;0.5175;0.4670;3.1131,45.0000;45.0000;45.0000;60.0000,True,True,3.2506995420976637,B:GLY145:N,1.2506995420976637,True,2.4936891690419576,"sym2[-1,0,1]/B:MET112:O",0.4936891690419576,True,True,True,49.35072326660156,nan,nan,False,False
6H59_B_ARG144__031__2,6H59_B_ARG144,31,2,0.45935878,A,0,0.512753556,True,A,0.512753556,0.25045427680015564,2.643695831298828,-70.6763;-174.8055;177.5701;87.4122,g-/t/t/m+,10.6763;5.1945;2.4299;2.5878,45.0000;45.0000;45.0000;60.0000,True,True,3.2506995420976637,B:GLY145:N,1.2506995420976637,True,2.774438379858795,"sym2[-1,0,1]/B:MET112:O",0.774438379858795,True,True,True,120.62005615234375,122.55687713623047,-1.9368209838867188,True,True
6H59_B_ARG144__031__3,6H59_B_ARG144,31,3,0.45230749,B,1,0.45230749,True,B,0.45230749,2.6702158451080322,0.7678002715110779,-58.3795;-170.2200;76.6227;97.5468,g-/t/g+/m+,1.6205;9.7800;16.6227;7.5468,45.0000;45.0000;45.0000;60.0000,True,True,3.2506995420976637,B:GLY145:N,1.2506995420976637,True,4.646425564056603,"sym2[-1,0,1]/B:ARG113:CB",2.646425564056603,True,True,True,106.36660766601562,107.15079498291016,-0.7841873168945312,True,True
6H59_B_ARG144__032__0,6H59_B_ARG144,32,0,0.48949951,B,0,0.48949951,True,B,0.48949951,2.6491851806640625,0.1246846616268158,-78.4833;-172.3343;170.1949;-93.3894,g-/t/t/m-,18.4833;7.6657;9.8051;3.3894,45.0000;45.0000;45.0000;60.0000,True,True,3.2506995420976637,B:GLY145:N,1.2506995420976637,True,4.063610341208125,"sym2[-1,0,1]/B:SO4306:O3",2.0636103412081246,True,True,True,106.64026641845703,107.15079498291016,-0.510528564453125,True,True
6H59_B_ARG144__032__3,6H59_B_ARG144,32,3,0.46902114,A,1,0.46902114,True,A,0.46902114,0.1896093785762787,2.7809066772460938,-64.8516;-177.0346;171.9379;88.4213,g-/t/t/m+,4.8516;2.9654;8.0621;1.5787,45.0000;45.0000;45.0000;60.0000,True,True,3.2506995420976637,B:GLY145:N,1.2506995420976637,True,2.645801447373692,"sym2[-1,0,1]/B:MET112:O",0.6458014473736919,True,True,True,120.38243103027344,122.55687713623047,-2.1744461059570312,True,True
6H59_B_ARG144__033__2,6H59_B_ARG144,33,2,0.48663408,B,0,0.48663408,True,B,0.48663408,2.649259090423584,0.12469597160816193,-78.4922;-172.3760;170.1782;-93.3298,g-/t/t/m-,18.4922;7.6240;9.8218;3.3298,45.0000;45.0000;45.0000;60.0000,True,True,3.2506995420976637,B:GLY145:N,1.2506995420976637,True,4.063333472243127,"sym2[-1,0,1]/B:SO4306:O3",2.0633334722431274,True,True,True,106.64054870605469,107.15079498291016,-0.5102462768554688,True,True
6H59_B_ARG144__033__3,6H59_B_ARG144,33,3,0.46591097,A,1,0.46591097,True,A,0.46591097,0.18998737633228302,2.779015064239502,-64.9774;-177.0228;172.0808;88.4017,g-/t/t/m+,4.9774;2.9772;7.9192;1.5983,45.0000;45.0000;45.0000;60.0000,True,True,3.2506995420976637,B:GLY145:N,1.2506995420976637,True,2.6472602466640436,"sym2[-1,0,1]/B:MET112:O",0.6472602466640436,True,True,True,120.38280487060547,122.55687713623047,-2.174072265625,True,True
6H59_B_ARG144__034__1,6H59_B_ARG144,34,1,0.42751402,A,0,0.42751402,True,A,0.42751402,0.18101857602596283,2.758169651031494,-65.2836;-176.5327;172.0619;88.9944,g-/t/t/m+,5.2836;3.4673;7.9381;1.0056,45.0000;45.0000;45.0000;60.0000,True,True,3.2506995420976637,B:GLY145:N,1.2506995420976637,True,2.6667805399188307,"sym2[-1,0,1]/B:MET112:O",0.6667805399188307,True,True,True,120.40303039550781,122.55687713623047,-2.1538467407226562,True,True
6H59_B_ARG144__034__3,6H59_B_ARG144,34,3,0.4918552,B,1,0.4918552,True,B,0.4918552,2.6476519107818604,0.12651437520980835,-78.4085;-172.3381;170.1280;-93.4086,g-/t/t/m-,18.4085;7.6619;9.8720;3.4086,45.0000;45.0000;45.0000;60.0000,True,True,3.2506995420976637,B:GLY145:N,1.2506995420976637,True,4.064235030994959,"sym2[-1,0,1]/B:SO4306:O3",2.0642350309949586,True,True,True,106.63629913330078,107.15079498291016,-0.514495849609375,True,True
6H59_B_ARG144__035__1,6H59_B_ARG144,35,1,0.31970984,other,0,0.31970984,True,other,0.31970984,1.042682409286499,3.0220580101013184,-105.2392;88.4426;81.1198;157.8701,g-/g+/g+/t,45.2392;28.4426;21.1198;22.1299,45.0000;45.0000;45.0000;60.0000,False,False,3.2506995420976637,B:GLY145:N,1.2506995420976637,True,2.909884850895748,"sym2[-1,0,1]/B:HIS111:O",0.909884850895748,True,True,False,52.51739501953125,nan,nan,False,False
6H59_B_ARG144__035__3,6H59_B_ARG144,35,3,0.64380187,B,1,0.64380187,True,B,0.64380187,2.247201442718506,0.9480897784233093,-55.0696;-172.3776;86.1188;98.7380,g-/t/g+/m+,4.9304;7.6224;26.1188;8.7380,45.0000;45.0000;45.0000;60.0000,True,True,3.2506995420976637,B:GLY145:N,1.2506995420976637,True,4.152855014433465,"sym2[-1,0,1]/B:ARG113:CB",2.152855014433465,True,True,True,107.32452392578125,107.15079498291016,0.17372894287109375,True,True
6H59_B_ARG144__036__1,6H59_B_ARG144,36,1,0.46818298,A,0,0.46818298,True,A,0.46818298,0.18953585624694824,2.7781190872192383,-65.0015;-177.0271;172.0809;88.4462,g-/t/t/m+,5.0015;2.9729;7.9191;1.5538,45.0000;45.0000;45.0000;60.0000,True,True,3.2506995420976637,B:GLY145:N,1.2506995420976637,True,2.648183674458561,"sym2[-1,0,1]/B:MET112:O",0.648183674458561,True,True,True,120.38461303710938,122.55687713623047,-2.1722640991210938,True,True
6H59_B_ARG144__036__3,6H59_B_ARG144,36,3,0.48948592,B,1,0.48948592,True,B,0.48948592,2.649693489074707,0.12483162432909012,-78.3892;-172.3100;170.0253;-93.3653,g-/t/t/m-,18.3892;7.6900;9.9747;3.3653,45.0000;45.0000;45.0000;60.0000,True,True,3.2506995420976637,B:GLY145:N,1.2506995420976637,True,4.065231486868329,"sym2[-1,0,1]/B:SO4306:O3",2.0652314868683286,True,True,True,106.64370727539062,107.15079498291016,-0.5070877075195312,True,True
6H59_B_ARG144__037__0,6H59_B_ARG144,37,0,0.52885467,A,0,0.52885467,True,A,0.52885467,0.25350117683410645,2.654533624649048,-70.8376;-174.7590;178.3425;86.2743,g-/t/t/m+,10.8376;5.2410;1.6575;3.7257,45.0000;45.0000;45.0000;60.0000,True,True,3.2506995420976637,B:GLY145:N,1.2506995420976637,True,2.7600864765948483,"sym2[-1,0,1]/B:MET112:O",0.7600864765948483,True,True,True,120.64360046386719,122.55687713623047,-1.9132766723632812,True,True
6H59_B_ARG144__037__3,6H59_B_ARG144,37,3,0.44268182,B,1,0.44268182,True,B,0.44268182,2.6572306156158447,0.7700955271720886,-58.1606;-170.1972;76.8109;97.4046,g-/t/g+/m+,1.8394;9.8028;16.8109;7.4046,45.0000;45.0000;45.0000;60.0000,True,True,3.2506995420976637,B:GLY145:N,1.2506995420976637,True,4.636968924384816,"sym2[-1,0,1]/B:ARG113:CB",2.6369689243848162,True,True,True,106.39208221435547,107.15079498291016,-0.7587127685546875,True,True
6H59_B_ARG144__038__0,6H59_B_ARG144,38,0,0.50413078,B,0,0.50413078,True,B,0.50413078,2.6588823795318604,0.11362922191619873,-78.6142;-172.1399;170.1281;-93.7063,g-/t/t/m-,18.6142;7.8601;9.8719;3.7063,45.0000;45.0000;45.0000;60.0000,True,True,3.2506995420976637,B:GLY145:N,1.2506995420976637,True,4.060209963357856,"sym2[-1,0,1]/B:SO4306:O3",2.060209963357856,True,True,True,106.683837890625,107.15079498291016,-0.46695709228515625,True,True
6H59_B_ARG144__038__1,6H59_B_ARG144,38,1,0.46687067,A,1,0.46687067,True,A,0.46687067,0.190177783370018,2.7864391803741455,-64.4619;-176.6652;171.7671;88.2526,g-/t/t/m+,4.4619;3.3348;8.2329;1.7474,45.0000;45.0000;45.0000;60.0000,True,True,3.2506995420976637,B:GLY145:N,1.2506995420976637,True,2.639244206554997,"sym2[-1,0,1]/B:MET112:O",0.6392442065549968,True,True,True,120.38664245605469,122.55687713623047,-2.1702346801757812,True,True
6H59_B_ARG144__039__0,6H59_B_ARG144,39,0,0.43684265,B,0,0.43684265,True,B,0.43684265,2.63128399848938,0.776992917060852,-57.9243;-170.7054;77.2725;96.9565,g-/t/g+/m+,2.0757;9.2946;17.2725;6.9565,45.0000;45.0000;45.0000;60.0000,True,True,3.2506995420976637,B:GLY145:N,1.2506995420976637,True,4.612769853949529,"sym2[-1,0,1]/B:ARG113:CB",2.612769853949529,True,True,True,106.36976623535156,107.15079498291016,-0.7810287475585938,True,True
6H59_B_ARG144__039__2,6H59_B_ARG144,39,2,0.5220027,A,1,0.5220027,True,A,0.5220027,0.24939200282096863,2.658604145050049,-70.3826;-174.3492;178.0302;86.0394,g-/t/t/m+,10.3826;5.6508;1.9698;3.9606,45.0000;45.0000;45.0000;60.0000,True,True,3.2506995420976637,B:GLY145:N,1.2506995420976637,True,2.754523633787488,"sym2[-1,0,1]/B:MET112:O",0.7545236337874881,True,True,True,120.6112060546875,122.55687713623047,-1.9456710815429688,True,True
6H59_B_ARG144__040__0,6H59_B_ARG144,40,0,0.50359964,B,0,0.50359964,True,B,0.50359964,2.650545597076416,0.12395595014095306,-78.2775;-172.1235;169.9195;-93.6394,g-/t/t/m-,18.2775;7.8765;10.0805;3.6394,45.0000;45.0000;45.0000;60.0000,True,True,3.2506995420976637,B:GLY145:N,1.2506995420976637,True,4.0666065824531,"sym2[-1,0,1]/B:SO4306:O3",2.0666065824531,True,True,True,106.64088439941406,107.15079498291016,-0.5099105834960938,True,True
6H59_B_ARG144__040__2,6H59_B_ARG144,40,2,0.46934515,A,1,0.46934515,True,A,0.46934515,0.19413955509662628,2.799400568008423,-64.0541;-177.0847;171.3313;88.3185,g-/t/t/m+,4.0541;2.9153;8.6687;1.6815,45.0000;45.0000;45.0000;60.0000,True,True,3.2506995420976637,B:GLY145:N,1.2506995420976637,True,2.6292924392744985,"sym2[-1,0,1]/B:MET112:O",0.6292924392744985,True,True,True,120.3983154296875,122.55687713623047,-2.1585617065429688,True,True
6H59_B_ARG144__041__0,6H59_B_ARG144,41,0,0.46844128,A,0,0.46844128,True,A,0.46844128,0.1894940286874771,2.779505968093872,-64.8978;-176.9757;171.9976;88.3758,g-/t/t/m+,4.8978;3.0243;8.0024;1.6242,45.0000;45.0000;45.0000;60.0000,True,True,3.2506995420976637,B:GLY145:N,1.2506995420976637,True,2.6468176752186703,"sym2[-1,0,1]/B:MET112:O",0.6468176752186703,True,True,True,120.38424682617188,122.55687713623047,-2.1726303100585938,True,True
6H59_B_ARG144__041__2,6H59_B_ARG144,41,2,0.48905051,B,1,0.48905051,True,B,0.48905051,2.650139808654785,0.12370487302541733,-78.4954;-172.3235;170.1819;-93.3872,g-/t/t/m-,18.4954;7.6765;9.8181;3.3872,45.0000;45.0000;45.0000;60.0000,True,True,3.2506995420976637,B:GLY145:N,1.2506995420976637,True,4.06356783989834,"sym2[-1,0,1]/B:SO4306:O3",2.06356783989834,True,True,True,106.64644622802734,107.15079498291016,-0.5043487548828125,True,True
6H59_B_ARG144__042__1,6H59_B_ARG144,42,1,0.49142823,B,0,0.49142823,True,B,0.49142823,2.6518001556396484,0.12161081284284592,-78.5746;-172.3783;170.2079;-93.3606,g-/t/t/m-,18.5746;7.6217;9.7921;3.3606,45.0000;45.0000;45.0000;60.0000,True,True,3.2506995420976637,B:GLY145:N,1.2506995420976637,True,4.061469848244353,"sym2[-1,0,1]/B:SO4306:O3",2.0614698482443528,True,True,True,106.65191650390625,107.15079498291016,-0.49887847900390625,True,True
6H59_B_ARG144__042__2,6H59_B_ARG144,42,2,0.44746923,A,1,0.44746923,True,A,0.44746923,0.19229872524738312,2.777839183807373,-65.2143;-176.8185;172.5978;88.7575,g-/t/t/m+,5.2143;3.1815;7.4022;1.2425,45.0000;45.0000;45.0000;60.0000,True,True,3.2506995420976637,B:GLY145:N,1.2506995420976637,True,2.646139416455387,"sym2[-1,0,1]/B:MET112:O",0.6461394164553869,True,True,True,120.38825225830078,122.55687713623047,-2.1686248779296875,True,True
6H59_B_ARG144__043__1,6H59_B_ARG144,43,1,0.38904205,other,0,0.38904205,True,other,0.38904205,1.8872298002243042,1.3605650663375854,-89.9351;-175.8615;152.7849;87.3055,g-/t/t/m+,29.9351;4.1385;27.2151;2.6945,45.0000;45.0000;45.0000;60.0000,True,True,3.2506995420976637,B:GLY145:N,1.2506995420976637,True,3.9296988796860304,"sym2[-1,0,1]/B:MET112:O",1.9296988796860304,True,True,True,53.82396697998047,nan,nan,False,False
6H59_B_ARG144__043__2,6H59_B_ARG144,43,2,0.47475621,A,1,0.47475621,True,A,0.47475621,0.2558911144733429,2.8600900173187256,-62.5564;-174.8156;173.0872;88.0781,g-/t/t/m+,2.5564;5.1844;6.9128;1.9219,45.0000;45.0000;45.0000;60.0000,True,True,3.2506995420976637,B:GLY145:N,1.2506995420976637,True,2.564422260132665,"sym2[-1,0,1]/B:MET112:O",0.5644222601326652,True,True,True,120.41827392578125,122.55687713623047,-2.1386032104492188,True,True
6H59_B_ARG144__043__3,6H59_B_ARG144,43,3,0.11724395,other,2,0.11724395,True,other,0.11724395,3.3186049461364746,1.412718415260315,-61.0134;-63.3506;-63.1842;-91.3957,g-/g-/g-/m-,1.0134;3.3506;3.1842;1.3957,45.0000;45.0000;45.0000;60.0000,True,True,3.2506995420976637,B:GLY145:N,1.2506995420976637,True,4.721198810754522,"sym2[-1,0,1]/B:SO4306:O3",2.7211988107545224,True,True,True,49.02571105957031,nan,nan,False,False
6H59_B_ARG144__044__0,6H59_B_ARG144,44,0,0.46591392,A,0,0.46591392,True,A,0.46591392,0.18998003005981445,2.779001235961914,-64.9775;-177.0227;172.0805;88.4015,g-/t/t/m+,4.9775;2.9773;7.9195;1.5985,45.0000;45.0000;45.0000;60.0000,True,True,3.2506995420976637,B:GLY145:N,1.2506995420976637,True,2.647273660944556,"sym2[-1,0,1]/B:MET112:O",0.6472736609445562,True,True,True,120.38223266601562,122.55687713623047,-2.1746444702148438,True,True
6H59_B_ARG144__044__1,6H59_B_ARG144,44,1,0.4866356,B,1,0.4866356,True,B,0.4866356,2.6492490768432617,0.12470541894435883,-78.4919;-172.3765;170.1781;-93.3305,g-/t/t/m-,18.4919;7.6235;9.8219;3.3305,45.0000;45.0000;45.0000;60.0000,True,True,3.2506995420976637,B:GLY145:N,1.2506995420976637,True,4.06333152044649,"sym2[-1,0,1]/B:SO4306:O3",2.06333152044649,True,True,True,106.64054870605469,107.15079498291016,-0.5102462768554688,True,True
6H59_B_ARG144__045__0,6H59_B_ARG144,45,0,0.4904429,B,0,0.4904429,True,B,0.4904429,2.6673595905303955,0.10415007174015045,-78.9713;-172.2363;170.3156;-93.5148,g-/t/t/m-,18.9713;7.7637;9.6844;3.5148,45.0000;45.0000;45.0000;60.0000,True,True,3.2506995420976637,B:GLY145:N,1.2506995420976637,True,4.055589749360797,"sym2[-1,0,1]/B:SO4306:O3",2.055589749360797,True,True,True,106.70774841308594,107.15079498291016,-0.44304656982421875,True,True
6H59_B_ARG144__045__1,6H59_B_ARG144,45,1,0.44821346,A,1,0.44821346,True,A,0.44821346,0.19667106866836548,2.7839338779449463,-65.1131;-176.5869;172.8670;88.9133,g-/t/t/m+,5.1131;3.4131;7.1330;1.0867,45.0000;45.0000;45.0000;60.0000,True,True,3.2506995420976637,B:GLY145:N,1.2506995420976637,True,2.638461215620858,"sym2[-1,0,1]/B:MET112:O",0.638461215620858,True,True,True,120.3896484375,122.55687713623047,-2.1672286987304688,True,True
6H59_B_ARG144__046__0,6H59_B_ARG144,46,0,0.48570138,B,0,0.48570138,True,B,0.48570138,2.641958236694336,0.1325051486492157,-78.2746;-172.3660;170.1215;-93.5078,g-/t/t/m-,18.2746;7.6340;9.8785;3.5078,45.0000;45.0000;45.0000;60.0000,True,True,3.2506995420976637,B:GLY145:N,1.2506995420976637,True,4.0645870219789195,"sym2[-1,0,1]/B:SO4306:O3",2.0645870219789195,True,True,True,106.61749267578125,107.15079498291016,-0.5333023071289062,True,True
6H59_B_ARG144__046__1,6H59_B_ARG144,46,1,0.46743113,A,1,0.46743113,True,A,0.46743113,0.1893622875213623,2.780930280685425,-64.8001;-176.9356;171.9197;88.3711,g-/t/t/m+,4.8001;3.0644;8.0803;1.6289,45.0000;45.0000;45.0000;60.0000,True,True,3.2506995420976637,B:GLY145:N,1.2506995420976637,True,2.64543897169601,"sym2[-1,0,1]/B:MET112:O",0.6454389716960098,True,True,True,120.38560485839844,122.55687713623047,-2.1712722778320312,True,True
6H59_B_ARG144__047__0,6H59_B_ARG144,47,0,0.43343508,A,0,0.43343508,True,A,0.43343508,0.21425968408584595,2.8184101581573486,-64.2817;-177.0409;172.6120;88.7583,g-/t/t/m+,4.2817;2.9591;7.3880;1.2417,45.0000;45.0000;45.0000;60.0000,True,True,3.2506995420976637,B:GLY145:N,1.2506995420976637,True,2.607591542193172,"sym2[-1,0,1]/B:MET112:O",0.6075915421931719,True,True,True,120.38359832763672,122.55687713623047,-2.17327880859375,True,True
6H59_B_ARG144__047__1,6H59_B_ARG144,47,1,0.49437964,B,1,0.49437964,True,B,0.49437964,2.6810872554779053,0.08891554921865463,-79.2752;-172.0608;170.3600;-93.8687,g-/t/t/m-,19.2752;7.9392;9.6400;3.8687,45.0000;45.0000;45.0000;60.0000,True,True,3.2506995420976637,B:GLY145:N,1.2506995420976637,True,4.048885568656902,"sym2[-1,0,1]/B:SO4306:O3",2.0488855686569023,True,True,True,106.77022552490234,107.15079498291016,-0.3805694580078125,True,True
6H59_B_ARG144__047__2,6H59_B_ARG144,47,2,0.065029927,other,2,0.065029927,True,other,0.065029927,1.4026354551315308,1.8129202127456665,-57.4925;-178.6055;-173.5630;-86.4491,g-/t/t/m-,2.5075;1.3945;6.4370;3.5509,45.0000;45.0000;45.0000;60.0000,True,True,3.2506995420976637,B:GLY145:N,1.2506995420976637,True,2.8713397462586285,"sym2[-1,0,1]/B:MET112:O",0.8713397462586285,True,True,True,49.492271423339844,nan,nan,False,False
6H59_B_ARG144__048__0,6H59_B_ARG144,48,0,0.48783496,B,0,0.48783496,True,B,0.48783496,2.646632671356201,0.12724187970161438,-78.4504;-172.3520;170.2362;-93.4249,g-/t/t/m-,18.4504;7.6480;9.7638;3.4249,45.0000;45.0000;45.0000;60.0000,True,True,3.2506995420976637,B:GLY145:N,1.2506995420976637,True,4.063543165805322,"sym2[-1,0,1]/B:SO4306:O3",2.0635431658053216,True,True,True,106.63428497314453,107.15079498291016,-0.516510009765625,True,True
6H59_B_ARG144__048__3,6H59_B_ARG144,48,3,0.46840617,A,1,0.46840617,True,A,0.46840617,0.18968640267848969,2.781036376953125,-64.8544;-177.0472;171.9396;88.4276,g-/t/t/m+,4.8544;2.9528;8.0604;1.5724,45.0000;45.0000;45.0000;60.0000,True,True,3.2506995420976637,B:GLY145:N,1.2506995420976637,True,2.645714969081843,"sym2[-1,0,1]/B:MET112:O",0.6457149690818431,True,True,True,120.38490295410156,122.55687713623047,-2.1719741821289062,True,True
6H59_B_ARG144__049__0,6H59_B_ARG144,49,0,0.47725862,B,0,0.47725862,True,B,0.47725862,2.6220035552978516,0.15875016152858734,-77.6812;-171.8832;170.3145;-93.5747,g-/t/t/m-,17.6812;8.1168;9.6855;3.5747,45.0000;45.0000;45.0000;60.0000,True,True,3.2506995420976637,B:GLY145:N,1.2506995420976637,True,4.086788592675642,"sym2[-1,0,1]/B:SO4306:O3",2.086788592675642,True,True,True,106.55302429199219,107.15079498291016,-0.5977706909179688,True,True
6H59_B_ARG144__049__2,6H59_B_ARG144,49,2,0.48484743,A,1,0.48484743,True,A,0.48484743,0.18620337545871735,2.7837295532226562,-64.2225;-176.3540;171.4507;88.1089,g-/t/t/m+,4.2225;3.6460;8.5493;1.8911,45.0000;45.0000;45.0000;60.0000,True,True,3.2506995420976637,B:GLY145:N,1.2506995420976637,True,2.641614875462181,"sym2[-1,0,1]/B:MET112:O",0.6416148754621811,True,True,True,120.3931655883789,122.55687713623047,-2.1637115478515625,True,True
8Q6Q_B_ASP81__000__0,8Q6Q_B_ASP81,0,0,0.15250832,other,0,0.15250832,True,other,0.15250832,2.1162960529327393,0.7603657245635986,-151.8584;-47.3364,t/p0,28.1416;47.3364,45.0000;90.0000,True,True,3.031779799518678,B:VAL80:C,1.0317797995186782,True,nan,,inf,True,True,True,55.24385452270508,nan,nan,False,False
8Q6Q_B_ASP81__000__1,8Q6Q_B_ASP81,0,1,0.55114108,A,1,0.55114108,True,A,0.55114108,0.13314716517925262,2.2732603549957275,-72.8273;165.9466,g-/t,12.8273;14.0534,45.0000;90.0000,True,True,3.031779799518678,B:VAL80:C,1.0317797995186782,True,nan,,inf,True,True,True,48.37528991699219,48.98417663574219,-0.60888671875,True,True
8Q6Q_B_ASP81__000__2,8Q6Q_B_ASP81,0,2,0.29633611,B,2,0.29633611,True,B,0.29633611,2.318129777908325,0.3561684191226959,-169.6503;-143.7539,t/t,10.3497;36.2461,45.0000;90.0000,True,True,3.031779799518678,B:VAL80:C,1.0317797995186782,True,nan,,inf,True,True,True,49.26254653930664,48.86177444458008,0.4007720947265625,True,True
8Q6Q_B_ASP81__001__0,8Q6Q_B_ASP81,1,0,0.18293525,other,0,0.18293525,True,other,0.18293525,2.114015817642212,0.7363864183425903,-152.1639;-45.3303,t/p0,27.8361;45.3303,45.0000;90.0000,True,True,3.031779799518678,B:VAL80:C,1.0317797995186782,True,nan,,inf,True,True,True,55.09103775024414,nan,nan,False,False
8Q6Q_B_ASP81__001__1,8Q6Q_B_ASP81,1,1,0.26728329,B,1,0.26728329,True,B,0.26728329,2.3316590785980225,0.45281049609184265,-169.9407;44.3875,t/p0,10.0593;44.3875,45.0000;90.0000,True,True,3.031779799518678,B:VAL80:C,1.0317797995186782,True,nan,,inf,True,True,True,49.71795654296875,48.86177444458008,0.8561820983886719,False,False
8Q6Q_B_ASP81__001__2,8Q6Q_B_ASP81,1,2,0.54840487,A,2,0.54840487,True,A,0.54840487,0.14136739075183868,2.2791919708251953,-72.5129;165.5856,g-/t,12.5129;14.4144,45.0000;90.0000,True,True,3.031779799518678,B:VAL80:C,1.0317797995186782,True,nan,,inf,True,True,True,48.34223175048828,48.98417663574219,-0.6419448852539062,True,True
8Q6Q_B_ASP81__002__0,8Q6Q_B_ASP81,2,0,0.18297601,other,0,0.18297601,True,other,0.18297601,2.1140201091766357,0.7363789677619934,-152.1642;-45.3298,t/p0,27.8358;45.3298,45.0000;90.0000,True,True,3.031779799518678,B:VAL80:C,1.0317797995186782,True,nan,,inf,True,True,True,55.09103775024414,nan,nan,False,False
8Q6Q_B_ASP81__002__2,8Q6Q_B_ASP81,2,2,0.54967463,A,1,0.54967463,True,A,0.54967463,0.14230428636074066,2.2795658111572266,-72.4919;165.5194,g-/t,12.4919;14.4806,45.0000;90.0000,True,True,3.031779799518678,B:VAL80:C,1.0317797995186782,True,nan,,inf,True,True,True,48.33770751953125,48.98417663574219,-0.6464691162109375,True,True
8Q6Q_B_ASP81__002__3,8Q6Q_B_ASP81,2,3,0.2673454,B,2,0.2673454,True,B,0.2673454,2.3316569328308105,0.4528048038482666,-169.9406;44.3871,t/p0,10.0594;44.3871,45.0000;90.0000,True,True,3.031779799518678,B:VAL80:C,1.0317797995186782,True,nan,,inf,True,True,True,49.71795654296875,48.86177444458008,0.8561820983886719,False,False
8Q6Q_B_ASP81__003__1,8Q6Q_B_ASP81,3,1,0.57300496,A,0,0.57300496,True,A,0.57300496,0.11362366378307343,2.2461040019989014,-74.0111;-14.2986,g-/p0,14.0111;14.2986,45.0000;90.0000,True,True,3.031779799518678,B:VAL80:C,1.0317797995186782,True,nan,,inf,True,True,True,48.482391357421875,48.98417663574219,-0.5017852783203125,True,True
8Q6Q_B_ASP81__003__3,8Q6Q_B_ASP81,3,3,0.42698184,B,1,0.42698184,True,B,0.42698184,2.266594409942627,0.24599002301692963,-167.3002;-151.7169,t/t,12.6998;28.2831,45.0000;90.0000,True,True,3.031779799518678,B:VAL80:C,1.0317797995186782,True,nan,,inf,True,True,True,48.82391357421875,48.86177444458008,-0.037860870361328125,True,True
8Q6Q_B_ASP81__004__1,8Q6Q_B_ASP81,4,1,0.1502647,other,0,0.1502647,True,other,0.1502647,2.1164119243621826,0.7606410980224609,-151.8585;-47.3624,t/p0,28.1415;47.3624,45.0000;90.0000,True,True,3.031779799518678,B:VAL80:C,1.0317797995186782,True,nan,,inf,True,True,True,55.250431060791016,nan,nan,False,False
8Q6Q_B_ASP81__004__2,8Q6Q_B_ASP81,4,2,0.28885129,B,1,0.28885129,True,B,0.28885129,2.3200035095214844,0.357843279838562,-169.7443;-143.6677,t/t,10.2557;36.3323,45.0000;90.0000,True,True,3.031779799518678,B:VAL80:C,1.0317797995186782,True,nan,,inf,True,True,True,49.27079772949219,48.86177444458008,0.4090232849121094,True,True
8Q6Q_B_ASP81__004__3,8Q6Q_B_ASP81,4,3,0.55071342,A,2,0.55071342,True,A,0.55071342,0.13225530087947845,2.274146318435669,-72.7866;166.1112,g-/t,12.7866;13.8888,45.0000;90.0000,True,True,3.031779799518678,B:VAL80:C,1.0317797995186782,True,nan,,inf,True,True,True,48.37890625,48.98417663574219,-0.6052703857421875,True,True
8Q6Q_B_ASP81__005__1,8Q6Q_B_ASP81,5,1,0.29094186,B,0,0.29094186,True,B,0.29094186,2.3181562423706055,0.3536836802959442,-169.6637;-143.9700,t/t,10.3363;36.0300,45.0000;90.0000,True,True,3.031779799518678,B:VAL80:C,1.0317797995186782,True,nan,,inf,True,True,True,49.255577087402344,48.86177444458008,0.3938026428222656,True,True
8Q6Q_B_ASP81__005__2,8Q6Q_B_ASP81,5,2,0.16253635,other,1,0.16253635,True,other,0.16253635,2.1078872680664062,0.7377635836601257,-151.8905;-45.2390,t/p0,28.1095;45.2390,45.0000;90.0000,True,True,3.031779799518678,B:VAL80:C,1.0317797995186782,True,nan,,inf,True,True,True,55.09635925292969,nan,nan,False,False
8Q6Q_B_ASP81__005__3,8Q6Q_B_ASP81,5,3,0.54652047,A,2,0.54652047,True,A,0.54652047,0.2058085799217224,2.279801845550537,-72.1585;-20.7876,g-/p0,12.1585;20.7876,45.0000;90.0000,True,True,3.031779799518678,B:VAL80:C,1.0317797995186782,True,nan,,inf,True,True,True,48.193138122558594,48.98417663574219,-0.7910385131835938,True,True
8Q6Q_B_ASP81__006__0,8Q6Q_B_ASP81,6,0,0.14302786,other,0,0.14302786,True,other,0.14302786,2.1182901859283447,0.7824042439460754,-151.5664;-49.1838,t/p0,28.4336;49.1838,45.0000;90.0000,True,True,3.031779799518678,B:VAL80:C,1.0317797995186782,True,nan,,inf,True,True,True,55.395957946777344,nan,nan,False,False
8Q6Q_B_ASP81__006__2,8Q6Q_B_ASP81,6,2,0.30322075,B,1,0.30322075,True,B,0.30322075,2.313575029373169,0.3393591344356537,-169.4810;-145.0657,t/t,10.5190;34.9343,45.0000;90.0000,True,True,3.031779799518678,B:VAL80:C,1.0317797995186782,True,nan,,inf,True,True,True,49.18846893310547,48.86177444458008,0.3266944885253906,True,True
8Q6Q_B_ASP81__006__3,8Q6Q_B_ASP81,6,3,0.52805871,A,2,0.52805871,True,A,0.52805871,0.15007364749908447,2.285475969314575,-72.1796;165.2192,g-/t,12.1796;14.7808,45.0000;90.0000,True,True,3.031779799518678,B:VAL80:C,1.0317797995186782,True,nan,,inf,True,True,True,48.30945587158203,48.98417663574219,-0.6747207641601562,True,True
8Q6Q_B_ASP81__007__0,8Q6Q_B_ASP81,7,0,0.21503165,other,0,0.21503165,True,other,0.21503165,2.1367316246032715,0.5950455665588379,-155.4989;145.3746,t/t,24.5011;34.6254,45.0000;90.0000,True,True,3.031779799518678,B:VAL80:C,1.0317797995186782,True,nan,,inf,True,True,True,54.10234069824219,nan,nan,False,False
8Q6Q_B_ASP81__007__1,8Q6Q_B_ASP81,7,1,0.54497343,A,1,0.54497343,True,A,0.54497343,0.223017618060112,2.281553268432617,-72.0616;-22.1946,g-/p0,12.0616;22.1946,45.0000;90.0000,True,True,3.025974171848057,B:GLU98:O,1.0259741718480568,True,nan,,inf,True,True,True,48.16313934326172,48.98417663574219,-0.8210372924804688,True,True
8Q6Q_B_ASP81__007__3,8Q6Q_B_ASP81,7,3,0.22422397,B,2,0.22422397,True,B,0.22422397,2.3304460048675537,0.40559902787208557,-170.0534;-139.8376,t/t,9.9466;40.1624,45.0000;90.0000,True,True,3.031779799518678,B:VAL80:C,1.0317797995186782,True,nan,,inf,True,True,True,49.51033401489258,48.86177444458008,0.6485595703125,False,False
8Q6Q_B_ASP81__008__1,8Q6Q_B_ASP81,8,1,0.42966163,A,0,0.42966163,True,A,0.42966163,0.28700894117355347,2.255035161972046,-73.4933;-27.9300,g-/p0,13.4933;27.9300,45.0000;90.0000,True,True,2.99094564976069,B:GLU98:O,0.9909456497606901,True,nan,,inf,True,True,True,48.173641204833984,48.98417663574219,-0.8105354309082031,True,True
8Q6Q_B_ASP81__008__2,8Q6Q_B_ASP81,8,2,0.15390928,other,1,0.15390928,True,other,0.15390928,0.7177493572235107,2.3460187911987305,-77.7466;50.5002,g-/p0,17.7466;50.5002,45.0000;90.0000,True,True,3.031779799518678,B:VAL80:C,1.0317797995186782,True,nan,,inf,True,True,True,52.82179641723633,nan,nan,False,False
8Q6Q_B_ASP81__008__3,8Q6Q_B_ASP81,8,3,0.41642743,B,2,0.41642743,True,B,0.41642743,2.2871482372283936,0.24383977055549622,-168.3775;-152.4249,t/t,11.6225;27.5751,45.0000;90.0000,True,True,3.031779799518678,B:VAL80:C,1.0317797995186782,True,nan,,inf,True,True,True,48.89460754394531,48.86177444458008,0.032833099365234375,True,True
8Q6Q_B_ASP81__009__0,8Q6Q_B_ASP81,9,0,0.5394482,A,0,0.5394482,True,A,0.5394482,0.10490439832210541,2.279120922088623,-72.6832;170.2490,g-/t,12.6832;9.7510,45.0000;90.0000,True,True,3.031779799518678,B:VAL80:C,1.0317797995186782,True,nan,,inf,True,True,True,48.49774932861328,48.98417663574219,-0.48642730712890625,True,True
8Q6Q_B_ASP81__009__1,8Q6Q_B_ASP81,9,1,0.12052563,other,1,0.12052563,True,other,0.12052563,1.7114843130111694,0.7173017859458923,-139.3822;-15.1138,t/p0,40.6178;15.1138,45.0000;90.0000,True,True,3.031779799518678,B:VAL80:C,1.0317797995186782,True,nan,,inf,True,True,True,53.64964294433594,nan,nan,False,False
8Q6Q_B_ASP81__009__2,8Q6Q_B_ASP81,9,2,0.34002388,B,2,0.34002388,True,B,0.34002388,2.3413119316101074,0.3686999976634979,-170.8657;-143.5137,t/t,9.1343;36.4863,45.0000;90.0000,True,True,3.031779799518678,B:VAL80:C,1.0317797995186782,True,nan,,inf,True,True,True,49.387088775634766,48.86177444458008,0.5253143310546875,False,False
8Q6Q_B_ASP81__010__0,8Q6Q_B_ASP81,10,0,0.061816536,merged_duplicate,0,0.260880846,False,B,0.0,2.3148250579833984,0.5007550120353699,-168.5060;-131.5530,t/t,11.4940;48.4470,45.0000;90.0000,True,True,3.031779799518678,B:VAL80:C,1.0317797995186782,True,nan,,inf,True,True,True,50.22809600830078,nan,nan,False,False
8Q6Q_B_ASP81__010__1,8Q6Q_B_ASP81,10,1,0.19906431,B,0,0.260880846,True,B,0.260880846,2.3299593925476074,0.40509089827537537,-170.0297;-139.8678,t/t,9.9703;40.1322,45.0000;90.0000,True,True,3.031779799518678,B:VAL80:C,1.0317797995186782,True,nan,,inf,True,True,True,49.50593948364258,48.86177444458008,0.6441650390625,False,False
8Q6Q_B_ASP81__010__2,8Q6Q_B_ASP81,10,2,0.54989904,A,1,0.54989904,True,A,0.54989904,0.14150722324848175,2.272928237915039,-72.8217;165.0837,g-/t,12.8217;14.9163,45.0000;90.0000,True,True,3.031779799518678,B:VAL80:C,1.0317797995186782,True,nan,,inf,True,True,True,48.35557556152344,48.98417663574219,-0.62860107421875,True,True
8Q6Q_B_ASP81__010__3,8Q6Q_B_ASP81,10,3,0.1892201,other,2,0.1892201,True,other,0.1892201,2.1353282928466797,0.6229934096336365,-155.0313;143.2014,t/t,24.9687;36.7986,45.0000;90.0000,True,True,3.031779799518678,B:VAL80:C,1.0317797995186782,True,nan,,inf,True,True,True,54.28444290161133,nan,nan,False,False
8Q6Q_B_ASP81__011__0,8Q6Q_B_ASP81,11,0,0.54557568,A,0,0.54557568,True,A,0.54557568,0.17184659838676453,2.287618637084961,-72.0241;163.1511,g-/t,12.0241;16.8489,45.0000;90.0000,True,True,3.031779799518678,B:VAL80:C,1.0317797995186782,True,nan,,inf,True,True,True,48.249488830566406,48.98417663574219,-0.7346878051757812,True,True
8Q6Q_B_ASP81__011__1,8Q6Q_B_ASP81,11,1,0.19674858,B,1,0.19674858,True,B,0.19674858,2.3378896713256836,0.4076257646083832,-170.4534;-139.8899,t/t,9.5466;40.1101,45.0000;90.0000,True,True,3.031779799518678,B:VAL80:C,1.0317797995186782,True,nan,,inf,True,True,True,49.540157318115234,48.86177444458008,0.6783828735351562,False,False
8Q6Q_B_ASP81__011__3,8Q6Q_B_ASP81,11,3,0.20880209,other,2,0.20880209,True,other,0.20880209,2.1130430698394775,0.7215548157691956,-152.3668;-44.1074,t/p0,27.6332;44.1074,45.0000;90.0000,True,True,3.031779799518678,B:VAL80:C,1.0317797995186782,True,nan,,inf,True,True,True,55.00214385986328,nan,nan,False,False
8Q6Q_B_ASP81__012__1,8Q6Q_B_ASP81,12,1,0.52685905,A,0,0.52685905,True,A,0.52685905,0.11360495537519455,2.2629542350769043,-73.3904;167.1380,g-/t,13.3904;12.8620,45.0000;90.0000,True,True,3.031779799518678,B:VAL80:C,1.0317797995186782,True,nan,,inf,True,True,True,48.45931625366211,48.98417663574219,-0.5248603820800781,True,True
8Q6Q_B_ASP81__012__3,8Q6Q_B_ASP81,12,3,0.41469857,B,1,0.41469857,True,B,0.41469857,2.278390645980835,0.2675758898258209,-167.8619;-150.1812,t/t,12.1381;29.8188,45.0000;90.0000,True,True,3.031779799518678,B:VAL80:C,1.0317797995186782,True,nan,,inf,True,True,True,48.89257049560547,48.86177444458008,0.030796051025390625,True,True
8Q6Q_B_ASP81__013__0,8Q6Q_B_ASP81,13,0,0.080374204,merged_duplicate,0,0.29533695400000004,False,B,0.0,2.3574466705322266,0.40430495142936707,-171.5737;-140.9679,t/t,8.4263;39.0321,45.0000;90.0000,True,True,3.031779799518678,B:VAL80:C,1.0317797995186782,True,nan,,inf,True,True,True,49.85985565185547,nan,nan,False,False
8Q6Q_B_ASP81__013__1,8Q6Q_B_ASP81,13,1,0.1527089,other,1,0.1527089,True,other,0.1527089,2.1144587993621826,0.7443538308143616,-152.0504;-45.9858,t/p0,27.9496;45.9858,45.0000;90.0000,True,True,3.031779799518678,B:VAL80:C,1.0317797995186782,True,nan,,inf,True,True,True,55.1400260925293,nan,nan,False,False
8Q6Q_B_ASP81__013__2,8Q6Q_B_ASP81,13,2,0.55195421,A,2,0.55195421,True,A,0.55195421,0.13168202340602875,2.271770715713501,-72.9046;165.9786,g-/t,12.9046;14.0214,45.0000;90.0000,True,True,3.031779799518678,B:VAL80:C,1.0317797995186782,True,nan,,inf,True,True,True,48.38780212402344,48.98417663574219,-0.59637451171875,True,True
8Q6Q_B_ASP81__013__3,8Q6Q_B_ASP81,13,3,0.21496275,B,0,0.29533695400000004,True,B,0.29533695400000004,2.323162794113159,0.3744063973426819,-169.8321;-142.3282,t/t,10.1679;37.6718,45.0000;90.0000,True,True,3.031779799518678,B:VAL80:C,1.0317797995186782,True,nan,,inf,True,True,True,49.34221649169922,48.86177444458008,0.4804420471191406,False,False
8Q6Q_B_ASP81__014__0,8Q6Q_B_ASP81,14,0,0.16417521,other,0,0.16417521,True,other,0.16417521,0.6329596042633057,2.3416759967803955,-76.3315;-137.0366,g-/t,16.3315;42.9634,45.0000;90.0000,True,True,3.031779799518678,B:VAL80:C,1.0317797995186782,True,nan,,inf,True,True,True,52.43881607055664,nan,nan,False,False
8Q6Q_B_ASP81__014__1,8Q6Q_B_ASP81,14,1,0.39487532,A,1,0.39487532,True,A,0.39487532,0.2879541516304016,2.2727670669555664,-72.8311;152.4599,g-/t,12.8311;27.5401,45.0000;90.0000,True,True,3.0239713837589655,B:GLU98:O,1.0239713837589655,True,nan,,inf,True,True,True,48.12042999267578,48.98417663574219,-0.8637466430664062,True,True
8Q6Q_B_ASP81__014__2,8Q6Q_B_ASP81,14,2,0.41466606,B,2,0.41466606,True,B,0.41466606,2.285068988800049,0.2564767301082611,-168.2404;-151.2794,t/t,11.7596;28.7206,45.0000;90.0000,True,True,3.031779799518678,B:VAL80:C,1.0317797995186782,True,nan,,inf,True,True,True,48.90647888183594,48.86177444458008,0.044704437255859375,True,True
8Q6Q_B_ASP81__015__0,8Q6Q_B_ASP81,15,0,0.3017022,B,0,0.3017022,True,B,0.3017022,2.3145499229431152,0.354109525680542,-169.4656;-143.8237,t/t,10.5344;36.1763,45.0000;90.0000,True,True,3.031779799518678,B:VAL80:C,1.0317797995186782,True,nan,,inf,True,True,True,49.24000549316406,48.86177444458008,0.3782310485839844,True,True
8Q6Q_B_ASP81__015__1,8Q6Q_B_ASP81,15,1,0.14841208,other,1,0.14841208,True,other,0.14841208,2.131653308868408,0.767243504524231,-152.3780;-48.3729,t/p0,27.6220;48.3729,45.0000;90.0000,True,True,3.031779799518678,B:VAL80:C,1.0317797995186782,True,nan,,inf,True,True,True,55.310211181640625,nan,nan,False,False
8Q6Q_B_ASP81__015__2,8Q6Q_B_ASP81,15,2,0.54988468,A,2,0.54988468,True,A,0.54988468,0.1300438642501831,2.2715890407562256,-72.9183;166.1314,g-/t,12.9183;13.8686,45.0000;90.0000,True,True,3.031779799518678,B:VAL80:C,1.0317797995186782,True,nan,,inf,True,True,True,48.385475158691406,48.98417663574219,-0.5987014770507812,True,True
8Q6Q_B_ASP81__016__0,8Q6Q_B_ASP81,16,0,0.20158379,other,0,0.20158379,True,other,0.20158379,2.1127102375030518,0.7244789004325867,-152.3055;-44.3312,t/p0,27.6945;44.3312,45.0000;90.0000,True,True,3.031779799518678,B:VAL80:C,1.0317797995186782,True,nan,,inf,True,True,True,55.01554870605469,nan,nan,False,False
8Q6Q_B_ASP81__016__2,8Q6Q_B_ASP81,16,2,0.25367677,B,1,0.25367677,True,B,0.25367677,2.334120750427246,0.45723995566368103,-170.0454;44.7134,t/p0,9.9546;44.7134,45.0000;90.0000,True,True,3.031779799518678,B:VAL80:C,1.0317797995186782,True,nan,,inf,True,True,True,49.749061584472656,48.86177444458008,0.8872871398925781,False,False
8Q6Q_B_ASP81__016__3,8Q6Q_B_ASP81,16,3,0.54473358,A,2,0.54473358,True,A,0.54473358,0.21153561770915985,2.2870168685913086,-71.7830;-20.9616,g-/p0,11.7830;20.9616,45.0000;90.0000,True,True,3.031779799518678,B:VAL80:C,1.0317797995186782,True,nan,,inf,True,True,True,48.160980224609375,48.98417663574219,-0.8231964111328125,True,True
8Q6Q_B_ASP81__017__1,8Q6Q_B_ASP81,17,1,0.20849994,other,0,0.20849994,True,other,0.20849994,2.138535499572754,0.5782139897346497,-155.8159;146.6543,t/t,24.1841;33.3457,45.0000;90.0000,True,True,3.031779799518678,B:VAL80:C,1.0317797995186782,True,nan,,inf,True,True,True,53.990142822265625,nan,nan,False,False
8Q6Q_B_ASP81__017__2,8Q6Q_B_ASP81,17,2,0.54875243,A,1,0.54875243,True,A,0.54875243,0.14923511445522308,2.2763986587524414,-72.6313;164.5702,g-/t,12.6313;15.4298,45.0000;90.0000,True,True,3.031779799518678,B:VAL80:C,1.0317797995186782,True,nan,,inf,True,True,True,48.33149337768555,48.98417663574219,-0.6526832580566406,True,True
8Q6Q_B_ASP81__017__3,8Q6Q_B_ASP81,17,3,0.21093185,B,2,0.21093185,True,B,0.21093185,2.3298254013061523,0.4064185917377472,-170.0142;-139.7490,t/t,9.9858;40.2510,45.0000;90.0000,True,True,3.031779799518678,B:VAL80:C,1.0317797995186782,True,nan,,inf,True,True,True,49.509124755859375,48.86177444458008,0.6473503112792969,False,False
8Q6Q_B_ASP81__018__1,8Q6Q_B_ASP81,18,1,0.24307115,B,0,0.24307115,True,B,0.24307115,2.3263630867004395,0.39878135919570923,-169.8699;-140.3125,t/t,10.1301;39.6875,45.0000;90.0000,True,True,3.031779799518678,B:VAL80:C,1.0317797995186782,True,nan,,inf,True,True,True,49.45486831665039,48.86177444458008,0.5930938720703125,False,False
8Q6Q_B_ASP81__018__2,8Q6Q_B_ASP81,18,2,0.20599008,other,1,0.20599008,True,other,0.20599008,2.137216567993164,0.5929453372955322,-155.5497;145.5272,t/t,24.4503;34.4728,45.0000;90.0000,True,True,3.031779799518678,B:VAL80:C,1.0317797995186782,True,nan,,inf,True,True,True,54.090354919433594,nan,nan,False,False
8Q6Q_B_ASP81__018__3,8Q6Q_B_ASP81,18,3,0.53719187,A,2,0.53719187,True,A,0.53719187,0.16574914753437042,2.2747795581817627,-72.6820;162.9023,g-/t,12.6820;17.0977,45.0000;90.0000,True,True,3.031779799518678,B:VAL80:C,1.0317797995186782,True,nan,,inf,True,True,True,48.302879333496094,48.98417663574219,-0.6812973022460938,True,True
8Q6Q_B_ASP81__019__0,8Q6Q_B_ASP81,19,0,0.17412949,other,0,0.17412949,True,other,0.17412949,0.6241519451141357,2.3257293701171875,-77.0454;-137.5551,g-/t,17.0454;42.4449,45.0000;90.0000,True,True,3.031779799518678,B:VAL80:C,1.0317797995186782,True,nan,,inf,True,True,True,52.45676803588867,nan,nan,False,False
8Q6Q_B_ASP81__019__2,8Q6Q_B_ASP81,19,2,0.41503665,B,1,0.41503665,True,B,0.41503665,2.2834584712982178,0.25254571437835693,-168.1649;-151.5643,t/t,11.8351;28.4357,45.0000;90.0000,True,True,3.031779799518678,B:VAL80:C,1.0317797995186782,True,nan,,inf,True,True,True,48.89329528808594,48.86177444458008,0.031520843505859375,True,True
8Q6Q_B_ASP81__019__3,8Q6Q_B_ASP81,19,3,0.4107433,A,2,0.4107433,True,A,0.4107433,0.2731461822986603,2.273324966430664,-72.7747;153.6786,g-/t,12.7747;26.3214,45.0000;90.0000,True,True,3.031779799518678,B:VAL80:C,1.0317797995186782,True,nan,,inf,True,True,True,48.14204406738281,48.98417663574219,-0.842132568359375,True,True
8Q6Q_B_ASP81__020__0,8Q6Q_B_ASP81,20,0,0.37093848,A,0,0.37093848,True,A,0.37093848,0.3170740306377411,2.251246213912964,-73.7537;-30.2934,g-/p0,13.7537;30.2934,45.0000;90.0000,True,True,2.9747773396301875,B:GLU98:O,0.9747773396301875,True,nan,,inf,True,True,True,48.16230010986328,48.98417663574219,-0.8218765258789062,True,True
8Q6Q_B_ASP81__020__1,8Q6Q_B_ASP81,20,1,0.21629538,other,1,0.21629538,True,other,0.21629538,0.5974209904670715,2.31522536277771,-77.1627;-139.7143,g-/t,17.1627;40.2857,45.0000;90.0000,True,True,3.031779799518678,B:VAL80:C,1.0317797995186782,True,nan,,inf,True,True,True,52.297088623046875,nan,nan,False,False
8Q6Q_B_ASP81__020__2,8Q6Q_B_ASP81,20,2,0.055998478,merged_duplicate,2,0.412766128,False,B,0.0,2.3425405025482178,0.4706103801727295,-170.2701;-134.5211,t/t,9.7299;45.4789,45.0000;90.0000,True,True,3.031779799518678,B:VAL80:C,1.0317797995186782,True,nan,,inf,True,True,True,50.14589309692383,nan,nan,False,False
8Q6Q_B_ASP81__020__3,8Q6Q_B_ASP81,20,3,0.35676765,B,2,0.412766128,True,B,0.412766128,2.2959725856781006,0.2734970152378082,-168.7731;-150.1735,t/t,11.2269;29.8265,45.0000;90.0000,True,True,3.031779799518678,B:VAL80:C,1.0317797995186782,True,nan,,inf,True,True,True,48.96466827392578,48.86177444458008,0.10289382934570312,True,True
8Q6Q_B_ASP81__021__0,8Q6Q_B_ASP81,21,0,0.25368726,B,0,0.25368726,True,B,0.25368726,2.334122896194458,0.45724329352378845,-170.0455;44.7136,t/p0,9.9545;44.7136,45.0000;90.0000,True,True,3.031779799518678,B:VAL80:C,1.0317797995186782,True,nan,,inf,True,True,True,49.749061584472656,48.86177444458008,0.8872871398925781,False,False
8Q6Q_B_ASP81__021__1,8Q6Q_B_ASP81,21,1,0.20157973,other,1,0.20157973,True,other,0.20157973,2.1126708984375,0.7243478298187256,-152.3061;-44.3193,t/p0,27.6939;44.3193,45.0000;90.0000,True,True,3.031779799518678,B:VAL80:C,1.0317797995186782,True,nan,,inf,True,True,True,55.01554870605469,nan,nan,False,False
8Q6Q_B_ASP81__021__2,8Q6Q_B_ASP81,21,2,0.54473162,A,2,0.54473162,True,A,0.54473162,0.2115323394536972,2.2869694232940674,-71.7855;-20.9636,g-/p0,11.7855;20.9636,45.0000;90.0000,True,True,3.031779799518678,B:VAL80:C,1.0317797995186782,True,nan,,inf,True,True,True,48.160980224609375,48.98417663574219,-0.8231964111328125,True,True
8Q6Q_B_ASP81__022__0,8Q6Q_B_ASP81,22,0,0.40858468,B,0,0.40858468,True,B,0.40858468,2.3054604530334473,0.36250776052474976,-169.0366;37.3282,t/p0,10.9634;37.3282,45.0000;90.0000,True,True,3.031779799518678,B:VAL80:C,1.0317797995186782,True,nan,,inf,True,True,True,49.20173645019531,48.86177444458008,0.3399620056152344,True,True
8Q6Q_B_ASP81__022__1,8Q6Q_B_ASP81,22,1,0.34780514,A,1,0.34780514,True,A,0.34780514,0.33133652806282043,2.295391798019409,-71.7467;149.3615,g-/t,11.7467;30.6385,45.0000;90.0000,True,True,2.995797380605641,B:GLU98:O,0.9957973806056408,True,nan,,inf,True,True,True,48.0031623840332,48.98417663574219,-0.9810142517089844,True,True
8Q6Q_B_ASP81__022__3,8Q6Q_B_ASP81,22,3,0.24360608,other,2,0.24360608,True,other,0.24360608,0.5622216463088989,2.29524302482605,-77.6535;-142.4695,g-/t,17.6535;37.5305,45.0000;90.0000,True,True,3.031779799518678,B:VAL80:C,1.0317797995186782,True,nan,,inf,True,True,True,52.02576446533203,nan,nan,False,False
8Q6Q_B_ASP81__023__0,8Q6Q_B_ASP81,23,0,0.097458333,other,0,0.097458333,True,other,0.097458333,2.1285338401794434,0.8176147937774658,-151.3771;-52.3774,t/p0,28.6229;52.3774,45.0000;90.0000,True,True,3.031779799518678,B:VAL80:C,1.0317797995186782,True,nan,,inf,True,True,True,55.63760757446289,nan,nan,False,False
8Q6Q_B_ASP81__023__1,8Q6Q_B_ASP81,23,1,0.55264062,A,1,0.55264062,True,A,0.55264062,0.13347628712654114,2.2737479209899902,-72.8025;165.9519,g-/t,12.8025;14.0481,45.0000;90.0000,True,True,3.031779799518678,B:VAL80:C,1.0317797995186782,True,nan,,inf,True,True,True,48.373497009277344,48.98417663574219,-0.6106796264648438,True,True
8Q6Q_B_ASP81__023__2,8Q6Q_B_ASP81,23,2,0.30661294,B,2,0.30661294,True,B,0.30661294,2.315040349960327,0.3423101305961609,-169.5472;-144.8568,t/t,10.4528;35.1432,45.0000;90.0000,True,True,3.031779799518678,B:VAL80:C,1.0317797995186782,True,nan,,inf,True,True,True,49.200767517089844,48.86177444458008,0.3389930725097656,True,True
8Q6Q_B_ASP81__024__1,8Q6Q_B_ASP81,24,1,0.57410502,A,0,0.57410502,True,A,0.57410502,0.05876960977911949,2.2487049102783203,-74.3462;172.6385,g-/t,14.3462;7.3615,45.0000;90.0000,True,True,3.031779799518678,B:VAL80:C,1.0317797995186782,True,nan,,inf,True,True,True,48.7425651550293,48.98417663574219,-0.24161148071289062,True,True
8Q6Q_B_ASP81__024__3,8Q6Q_B_ASP81,24,3,0.39336652,B,1,0.39336652,True,B,0.39336652,2.2861175537109375,0.2946867346763611,-168.1863;-148.1085,t/t,11.8137;31.8915,45.0000;90.0000,True,True,3.031779799518678,B:VAL80:C,1.0317797995186782,True,nan,,inf,True,True,True,48.97149658203125,48.86177444458008,0.10972213745117188,True,True
8Q6Q_B_ASP81__025__1,8Q6Q_B_ASP81,25,1,0.26957822,B,0,0.26957822,True,B,0.26957822,2.3254165649414062,0.3758176863193512,-169.9482;-142.2756,t/t,10.0518;37.7244,45.0000;90.0000,True,True,3.031779799518678,B:VAL80:C,1.0317797995186782,True,nan,,inf,True,True,True,49.36168670654297,48.86177444458008,0.4999122619628906,False,False
8Q6Q_B_ASP81__025__2,8Q6Q_B_ASP81,25,2,0.55079257,A,1,0.55079257,True,A,0.55079257,0.13558928668498993,2.269845962524414,-72.9890;165.4484,g-/t,12.9890;14.5516,45.0000;90.0000,True,True,3.031779799518678,B:VAL80:C,1.0317797995186782,True,nan,,inf,True,True,True,48.38621520996094,48.98417663574219,-0.59796142578125,True,True
8Q6Q_B_ASP81__025__3,8Q6Q_B_ASP81,25,3,0.14541389,other,2,0.14541389,True,other,0.14541389,2.116136074066162,0.7376651763916016,-152.2300;-45.5019,t/p0,27.7700;45.5019,45.0000;90.0000,True,True,3.031779799518678,B:VAL80:C,1.0317797995186782,True,nan,,inf,True,True,True,55.10301971435547,nan,nan,False,False
8Q6Q_B_ASP81__026__1,8Q6Q_B_ASP81,26,1,0.58100104,A,0,0.58100104,True,A,0.58100104,0.05251927301287651,2.2450761795043945,-74.6143;174.1814,g-/t,14.6143;5.8186,45.0000;90.0000,True,True,3.031779799518678,B:VAL80:C,1.0317797995186782,True,nan,,inf,True,True,True,48.84117889404297,48.98417663574219,-0.14299774169921875,True,True
8Q6Q_B_ASP81__026__2,8Q6Q_B_ASP81,26,2,0.41888517,B,1,0.41888517,True,B,0.41888517,2.2857511043548584,0.36965781450271606,-167.9538;38.2125,t/p0,12.0462;38.2125,45.0000;90.0000,True,True,3.031779799518678,B:VAL80:C,1.0317797995186782,True,nan,,inf,True,True,True,49.14817428588867,48.86177444458008,0.28639984130859375,True,True
8Q6Q_B_ASP81__027__2,8Q6Q_B_ASP81,27,2,0.41070089,B,0,0.41070089,True,B,0.41070089,2.2902939319610596,0.37400195002555847,-168.1728;38.5158,t/p0,11.8272;38.5158,45.0000;90.0000,True,True,3.031779799518678,B:VAL80:C,1.0317797995186782,True,nan,,inf,True,True,True,49.18700408935547,48.86177444458008,0.3252296447753906,True,True
8Q6Q_B_ASP81__027__3,8Q6Q_B_ASP81,27,3,0.57410413,A,1,0.57410413,True,A,0.57410413,0.05628088489174843,2.2477376461029053,-74.5099;174.6827,g-/t,14.5099;5.3173,45.0000;90.0000,True,True,3.031779799518678,B:VAL80:C,1.0317797995186782,True,nan,,inf,True,True,True,48.86076354980469,48.98417663574219,-0.1234130859375,True,True
8Q6Q_B_ASP81__028__0,8Q6Q_B_ASP81,28,0,0.41892895,B,0,0.41892895,True,B,0.41892895,2.2857487201690674,0.3696436285972595,-167.9538;38.2114,t/p0,12.0462;38.2114,45.0000;90.0000,True,True,3.031779799518678,B:VAL80:C,1.0317797995186782,True,nan,,inf,True,True,True,49.14817428588867,48.86177444458008,0.28639984130859375,True,True
8Q6Q_B_ASP81__028__3,8Q6Q_B_ASP81,28,3,0.58105475,A,1,0.58105475,True,A,0.58105475,0.05252986028790474,2.2450873851776123,-74.6137;174.1795,g-/t,14.6137;5.8205,45.0000;90.0000,True,True,3.031779799518678,B:VAL80:C,1.0317797995186782,True,nan,,inf,True,True,True,48.84117889404297,48.98417663574219,-0.14299774169921875,True,True
8Q6Q_B_ASP81__029__0,8Q6Q_B_ASP81,29,0,0.18843174,other,0,0.18843174,True,other,0.18843174,2.1383535861968994,0.5849503874778748,-155.7127;146.1274,t/t,24.2873;33.8726,45.0000;90.0000,True,True,3.031779799518678,B:VAL80:C,1.0317797995186782,True,nan,,inf,True,True,True,54.04066467285156,nan,nan,False,False
8Q6Q_B_ASP81__029__1,8Q6Q_B_ASP81,29,1,0.099169418,other,1,0.099169418,True,other,0.099169418,0.6627030968666077,2.358896017074585,-75.9029;-134.7228,g-/t,15.9029;45.2772,45.0000;90.0000,True,True,3.031779799518678,B:VAL80:C,1.0317797995186782,True,nan,,inf,True,True,True,52.5295524597168,nan,nan,False,False
8Q6Q_B_ASP81__029__2,8Q6Q_B_ASP81,29,2,0.45759904,A,2,0.45759904,True,A,0.45759904,0.2791454792022705,2.284978151321411,-71.9184;-26.8076,g-/p0,11.9184;26.8076,45.0000;90.0000,True,True,2.9881769490886185,B:GLU98:O,0.9881769490886185,True,nan,,inf,True,True,True,48.07058334350586,48.98417663574219,-0.9135932922363281,True,True
8Q6Q_B_ASP81__029__3,8Q6Q_B_ASP81,29,3,0.25479981,B,3,0.25479981,True,B,0.25479981,2.3276586532592773,0.38738423585891724,-170.0075;-141.3381,t/t,9.9925;38.6619,45.0000;90.0000,True,True,3.031779799518678,B:VAL80:C,1.0317797995186782,True,nan,,inf,True,True,True,49.41532897949219,48.86177444458008,0.5535545349121094,False,False
8Q6Q_B_ASP81__030__0,8Q6Q_B_ASP81,30,0,0.54546809,A,0,0.54546809,True,A,0.54546809,0.15092094242572784,2.2804102897644043,-72.4280;164.7006,g-/t,12.4280;15.2994,45.0000;90.0000,True,True,3.031779799518678,B:VAL80:C,1.0317797995186782,True,nan,,inf,True,True,True,48.31446075439453,48.98417663574219,-0.6697158813476562,True,True
8Q6Q_B_ASP81__030__1,8Q6Q_B_ASP81,30,1,0.2291141,B,1,0.2291141,True,B,0.2291141,2.3300771713256836,0.40167635679244995,-170.0570;-140.1676,t/t,9.9430;39.8324,45.0000;90.0000,True,True,3.031779799518678,B:VAL80:C,1.0317797995186782,True,nan,,inf,True,True,True,49.485206604003906,48.86177444458008,0.6234321594238281,False,False
8Q6Q_B_ASP81__030__3,8Q6Q_B_ASP81,30,3,0.20258598,other,2,0.20258598,True,other,0.20258598,2.138308525085449,0.5835000872612,-155.7313;146.2432,t/t,24.2687;33.7568,45.0000;90.0000,True,True,3.031779799518678,B:VAL80:C,1.0317797995186782,True,nan,,inf,True,True,True,54.027076721191406,nan,nan,False,False
8Q6Q_B_ASP81__031__0,8Q6Q_B_ASP81,31,0,0.54457271,A,0,0.54457271,True,A,0.54457271,0.21306826174259186,2.2888288497924805,-71.6885;-21.0085,g-/p0,11.6885;21.0085,45.0000;90.0000,True,True,3.031779799518678,B:VAL80:C,1.0317797995186782,True,nan,,inf,True,True,True,48.1458625793457,48.98417663574219,-0.8383140563964844,True,True
8Q6Q_B_ASP81__031__2,8Q6Q_B_ASP81,31,2,0.19570966,B,1,0.19570966,True,B,0.19570966,2.3402912616729736,0.4853671193122864,-170.1786;46.9907,t/p0,9.8214;46.9907,45.0000;90.0000,True,True,3.031779799518678,B:VAL80:C,1.0317797995186782,True,nan,,inf,True,True,True,49.94422149658203,48.86177444458008,1.0824470520019531,False,False
8Q6Q_B_ASP81__031__3,8Q6Q_B_ASP81,31,3,0.21020304,other,2,0.21020304,True,other,0.21020304,2.1124260425567627,0.7203617095947266,-152.3609;-43.9916,t/p0,27.6391;43.9916,45.0000;90.0000,True,True,3.031779799518678,B:VAL80:C,1.0317797995186782,True,nan,,inf,True,True,True,54.992454528808594,nan,nan,False,False
8Q6Q_B_ASP81__032__1,8Q6Q_B_ASP81,32,1,0.57300729,A,0,0.57300729,True,A,0.57300729,0.11361878365278244,2.246105432510376,-74.0110;-14.2982,g-/p0,14.0110;14.2982,45.0000;90.0000,True,True,3.031779799518678,B:VAL80:C,1.0317797995186782,True,nan,,inf,True,True,True,48.482391357421875,48.98417663574219,-0.5017852783203125,True,True
8Q6Q_B_ASP81__032__2,8Q6Q_B_ASP81,32,2,0.42697978,B,1,0.42697978,True,B,0.42697978,2.266596555709839,0.2459917962551117,-167.3002;-151.7168,t/t,12.6998;28.2832,45.0000;90.0000,True,True,3.031779799518678,B:VAL80:C,1.0317797995186782,True,nan,,inf,True,True,True,48.82391357421875,48.86177444458008,-0.037860870361328125,True,True
8Q6Q_B_ASP81__033__0,8Q6Q_B_ASP81,33,0,0.57625437,A,0,0.57625437,True,A,0.57625437,0.05643308535218239,2.244117021560669,-74.5512;172.1250,g-/t,14.5512;7.8750,45.0000;90.0000,True,True,3.031779799518678,B:VAL80:C,1.0317797995186782,True,nan,,inf,True,True,True,48.74174880981445,48.98417663574219,-0.24242782592773438,True,True
8Q6Q_B_ASP81__033__2,8Q6Q_B_ASP81,33,2,0.42371112,B,1,0.42371112,True,B,0.42371112,2.2706081867218018,0.2654263973236084,-167.4615;-150.2079,t/t,12.5385;29.7921,45.0000;90.0000,True,True,3.031779799518678,B:VAL80:C,1.0317797995186782,True,nan,,inf,True,True,True,48.8589973449707,48.86177444458008,-0.002777099609375,True,True
8Q6Q_B_ASP81__034__0,8Q6Q_B_ASP81,34,0,0.42371893,B,0,0.42371893,True,B,0.42371893,2.270606756210327,0.2654258906841278,-167.4615;-150.2079,t/t,12.5385;29.7921,45.0000;90.0000,True,True,3.031779799518678,B:VAL80:C,1.0317797995186782,True,nan,,inf,True,True,True,48.8589973449707,48.86177444458008,-0.002777099609375,True,True
8Q6Q_B_ASP81__034__1,8Q6Q_B_ASP81,34,1,0.57626277,A,1,0.57626277,True,A,0.57626277,0.05643950402736664,2.2441229820251465,-74.5509;172.1248,g-/t,14.5509;7.8752,45.0000;90.0000,True,True,3.031779799518678,B:VAL80:C,1.0317797995186782,True,nan,,inf,True,True,True,48.74174880981445,48.98417663574219,-0.24242782592773438,True,True
8Q6Q_B_ASP81__035__1,8Q6Q_B_ASP81,35,1,0.20034504,other,0,0.20034504,True,other,0.20034504,2.1360695362091064,0.6058230996131897,-155.3147;144.5407,t/t,24.6853;35.4593,45.0000;90.0000,True,True,3.031779799518678,B:VAL80:C,1.0317797995186782,True,nan,,inf,True,True,True,54.17071533203125,nan,nan,False,False
8Q6Q_B_ASP81__035__2,8Q6Q_B_ASP81,35,2,0.2501556,B,1,0.2501556,True,B,0.2501556,2.3260395526885986,0.39525336027145386,-169.8731;-140.6081,t/t,10.1269;39.3919,45.0000;90.0000,True,True,3.031779799518678,B:VAL80:C,1.0317797995186782,True,nan,,inf,True,True,True,49.438899993896484,48.86177444458008,0.5771255493164062,False,False
8Q6Q_B_ASP81__035__3,8Q6Q_B_ASP81,35,3,0.54949486,A,2,0.54949486,True,A,0.54949486,0.1501910388469696,2.2744057178497314,-72.7286;164.3411,g-/t,12.7286;15.6589,45.0000;90.0000,True,True,3.031779799518678,B:VAL80:C,1.0317797995186782,True,nan,,inf,True,True,True,48.33146667480469,48.98417663574219,-0.6527099609375,True,True
8Q6Q_B_ASP81__036__0,8Q6Q_B_ASP81,36,0,0.05950423,merged_duplicate,0,0.22595801,False,B,0.0,2.3203606605529785,0.4641108214855194,-169.2428;45.5334,t/p0,10.7572;45.5334,45.0000;90.0000,True,True,3.031779799518678,B:VAL80:C,1.0317797995186782,True,nan,,inf,True,True,True,49.979766845703125,nan,nan,False,False
8Q6Q_B_ASP81__036__1,8Q6Q_B_ASP81,36,1,0.23132113,other,1,0.23132113,True,other,0.23132113,2.111833095550537,0.6995712518692017,-152.6714;-42.3069,t/p0,27.3286;42.3069,45.0000;90.0000,True,True,3.031779799518678,B:VAL80:C,1.0317797995186782,True,nan,,inf,True,True,True,54.86686325073242,nan,nan,False,False
8Q6Q_B_ASP81__036__2,8Q6Q_B_ASP81,36,2,0.54272085,A,2,0.54272085,True,A,0.54272085,0.23205029964447021,2.294992208480835,-71.3619;-22.3938,g-/p0,11.3619;22.3938,45.0000;90.0000,True,True,3.0185609990547353,B:GLU98:O,1.0185609990547353,True,nan,,inf,True,True,True,48.10511016845703,48.98417663574219,-0.8790664672851562,True,True
8Q6Q_B_ASP81__036__3,8Q6Q_B_ASP81,36,3,0.16645378,B,0,0.22595801,True,B,0.22595801,2.343634843826294,0.4987437427043915,-170.2582;48.0711,t/p0,9.7418;48.0711,45.0000;90.0000,True,True,3.031779799518678,B:VAL80:C,1.0317797995186782,True,nan,,inf,True,True,True,50.045745849609375,48.86177444458008,1.1839714050292969,False,False
8Q6Q_B_ASP81__037__0,8Q6Q_B_ASP81,37,0,0.25779456,B,0,0.25779456,True,B,0.25779456,2.3223702907562256,0.35718604922294617,-169.8769;-143.8027,t/t,10.1231;36.1973,45.0000;90.0000,True,True,3.031779799518678,B:VAL80:C,1.0317797995186782,True,nan,,inf,True,True,True,49.28111267089844,48.86177444458008,0.4193382263183594,True,True
8Q6Q_B_ASP81__037__1,8Q6Q_B_ASP81,37,1,0.16156381,other,1,0.16156381,True,other,0.16156381,2.1154325008392334,0.7547885179519653,-151.9165;-46.8583,t/p0,28.0835;46.8583,45.0000;90.0000,True,True,3.031779799518678,B:VAL80:C,1.0317797995186782,True,nan,,inf,True,True,True,55.215919494628906,nan,nan,False,False
8Q6Q_B_ASP81__037__3,8Q6Q_B_ASP81,37,3,0.54985511,A,2,0.54985511,True,A,0.54985511,0.14043325185775757,2.27518367767334,-72.7128;165.3562,g-/t,12.7128;14.6438,45.0000;90.0000,True,True,3.031779799518678,B:VAL80:C,1.0317797995186782,True,nan,,inf,True,True,True,48.35346984863281,48.98417663574219,-0.630706787109375,True,True
8Q6Q_B_ASP81__038__0,8Q6Q_B_ASP81,38,0,0.55973041,A,0,0.55973041,True,A,0.55973041,0.11217134445905685,2.267821788787842,-73.1606;167.7007,g-/t,13.1606;12.2993,45.0000;90.0000,True,True,3.031779799518678,B:VAL80:C,1.0317797995186782,True,nan,,inf,True,True,True,48.45417785644531,48.98417663574219,-0.529998779296875,True,True
8Q6Q_B_ASP81__038__1,8Q6Q_B_ASP81,38,1,0.13099496,other,1,0.13099496,True,other,0.13099496,2.1477487087249756,0.6700413823127747,-154.6483;-41.0080,t/p0,25.3517;41.0080,45.0000;90.0000,True,True,3.031779799518678,B:VAL80:C,1.0317797995186782,True,nan,,inf,True,True,True,54.75126266479492,nan,nan,False,False
8Q6Q_B_ASP81__038__2,8Q6Q_B_ASP81,38,2,0.30927148,B,2,0.30927148,True,B,0.30927148,2.3213372230529785,0.3549562394618988,-169.8312;-143.9628,t/t,10.1688;36.0372,45.0000;90.0000,True,True,3.031779799518678,B:VAL80:C,1.0317797995186782,True,nan,,inf,True,True,True,49.26597213745117,48.86177444458008,0.40419769287109375,True,True
8Q6Q_B_ASP81__039__0,8Q6Q_B_ASP81,39,0,0.42697433,B,0,0.42697433,True,B,0.42697433,2.266596794128418,0.24598737061023712,-167.3003;-151.7172,t/t,12.6997;28.2828,45.0000;90.0000,True,True,3.031779799518678,B:VAL80:C,1.0317797995186782,True,nan,,inf,True,True,True,48.82391357421875,48.86177444458008,-0.037860870361328125,True,True
8Q6Q_B_ASP81__039__1,8Q6Q_B_ASP81,39,1,0.57299721,A,1,0.57299721,True,A,0.57299721,0.11362132430076599,2.246103286743164,-74.0112;-14.2983,g-/p0,14.0112;14.2983,45.0000;90.0000,True,True,3.031779799518678,B:VAL80:C,1.0317797995186782,True,nan,,inf,True,True,True,48.482391357421875,48.98417663574219,-0.5017852783203125,True,True
8Q6Q_B_ASP81__040__0,8Q6Q_B_ASP81,40,0,0.2414224,B,0,0.301821448,True,B,0.301821448,2.3254408836364746,0.3737170100212097,-169.9608;-142.4596,t/t,10.0392;37.5404,45.0000;90.0000,True,True,3.031779799518678,B:VAL80:C,1.0317797995186782,True,nan,,inf,True,True,True,49.349708557128906,48.86177444458008,0.4879341125488281,False,False
8Q6Q_B_ASP81__040__1,8Q6Q_B_ASP81,40,1,0.55467159,A,1,0.55467159,True,A,0.55467159,0.12396679073572159,2.2710938453674316,-72.9613;166.7221,g-/t,12.9613;13.2779,45.0000;90.0000,True,True,3.031779799518678,B:VAL80:C,1.0317797995186782,True,nan,,inf,True,True,True,48.40876388549805,48.98417663574219,-0.5754127502441406,True,True
8Q6Q_B_ASP81__040__2,8Q6Q_B_ASP81,40,2,0.060399048,merged_duplicate,0,0.301821448,False,B,0.0,2.2797040939331055,0.3815387487411499,-167.5776;39.2071,t/p0,12.4224;39.2071,45.0000;90.0000,True,True,3.031779799518678,B:VAL80:C,1.0317797995186782,True,nan,,inf,True,True,True,49.406524658203125,nan,nan,False,False
8Q6Q_B_ASP81__040__3,8Q6Q_B_ASP81,40,3,0.14350696,other,2,0.14350696,True,other,0.14350696,2.128999710083008,0.7644407153129578,-152.3149;-48.0653,t/p0,27.6851;48.0653,45.0000;90.0000,True,True,3.031779799518678,B:VAL80:C,1.0317797995186782,True,nan,,inf,True,True,True,55.28520202636719,nan,nan,False,False
8Q6Q_B_ASP81__041__0,8Q6Q_B_ASP81,41,0,0.45752794,A,0,0.45752794,True,A,0.45752794,0.2791081666946411,2.2850341796875,-71.9155;-26.8029,g-/p0,11.9155;26.8029,45.0000;90.0000,True,True,2.9881901190221853,B:GLU98:O,0.9881901190221853,True,nan,,inf,True,True,True,48.07058334350586,48.98417663574219,-0.9135932922363281,True,True
8Q6Q_B_ASP81__041__1,8Q6Q_B_ASP81,41,1,0.09922868,other,1,0.09922868,True,other,0.09922868,0.6629003286361694,2.359107255935669,-75.8947;-134.7093,g-/t,15.8947;45.2907,45.0000;90.0000,True,True,3.031779799518678,B:VAL80:C,1.0317797995186782,True,nan,,inf,True,True,True,52.529544830322266,nan,nan,False,False
8Q6Q_B_ASP81__041__2,8Q6Q_B_ASP81,41,2,0.18837509,other,2,0.18837509,True,other,0.18837509,2.13835072517395,0.5848543643951416,-155.7139;146.1351,t/t,24.2861;33.8649,45.0000;90.0000,True,True,3.031779799518678,B:VAL80:C,1.0317797995186782,True,nan,,inf,True,True,True,54.04024887084961,nan,nan,False,False
8Q6Q_B_ASP81__041__3,8Q6Q_B_ASP81,41,3,0.25486833,B,3,0.25486833,True,B,0.25486833,2.3276407718658447,0.3872908055782318,-170.0070;-141.3456,t/t,9.9930;38.6544,45.0000;90.0000,True,True,3.031779799518678,B:VAL80:C,1.0317797995186782,True,nan,,inf,True,True,True,49.41532897949219,48.86177444458008,0.5535545349121094,False,False
8Q6Q_B_ASP81__042__0,8Q6Q_B_ASP81,42,0,0.25351226,B,0,0.25351226,True,B,0.25351226,2.3341476917266846,0.4573826491832733,-170.0459;44.7250,t/p0,9.9541;44.7250,45.0000;90.0000,True,True,3.031779799518678,B:VAL80:C,1.0317797995186782,True,nan,,inf,True,True,True,49.751678466796875,48.86177444458008,0.8899040222167969,False,False
8Q6Q_B_ASP81__042__1,8Q6Q_B_ASP81,42,1,0.20166917,other,1,0.20166917,True,other,0.20166917,2.112812042236328,0.7243641018867493,-152.3116;-44.3253,t/p0,27.6884;44.3253,45.0000;90.0000,True,True,3.031779799518678,B:VAL80:C,1.0317797995186782,True,nan,,inf,True,True,True,55.01515579223633,nan,nan,False,False
8Q6Q_B_ASP81__042__3,8Q6Q_B_ASP81,42,3,0.54481661,A,2,0.54481661,True,A,0.54481661,0.21183182299137115,2.2869620323181152,-71.7856;-20.9905,g-/p0,11.7856;20.9905,45.0000;90.0000,True,True,3.031779799518678,B:VAL80:C,1.0317797995186782,True,nan,,inf,True,True,True,48.16345977783203,48.98417663574219,-0.8207168579101562,True,True
8Q6Q_B_ASP81__043__0,8Q6Q_B_ASP81,43,0,0.51073265,A,0,0.51073265,True,A,0.51073265,0.16278140246868134,2.2785720825195312,-72.4956;163.4071,g-/t,12.4956;16.5929,45.0000;90.0000,True,True,3.031779799518678,B:VAL80:C,1.0317797995186782,True,nan,,inf,True,True,True,48.293434143066406,48.98417663574219,-0.6907424926757812,True,True
8Q6Q_B_ASP81__043__2,8Q6Q_B_ASP81,43,2,0.18177268,other,1,0.18177268,True,other,0.18177268,2.1383633613586426,0.5848143696784973,-155.7150;146.1379,t/t,24.2850;33.8621,45.0000;90.0000,True,True,3.031779799518678,B:VAL80:C,1.0317797995186782,True,nan,,inf,True,True,True,54.04024887084961,nan,nan,False,False
8Q6Q_B_ASP81__043__3,8Q6Q_B_ASP81,43,3,0.26352614,B,2,0.26352614,True,B,0.26352614,2.3243887424468994,0.38868749141693115,-169.8205;-141.1285,t/t,10.1795;38.8715,45.0000;90.0000,True,True,3.031779799518678,B:VAL80:C,1.0317797995186782,True,nan,,inf,True,True,True,49.41032791137695,48.86177444458008,0.548553466796875,False,False
8Q6Q_B_ASP81__044__0,8Q6Q_B_ASP81,44,0,0.3823708,B,0,0.3823708,True,B,0.3823708,2.2717125415802,0.27150917053222656,-167.5025;-149.7327,t/t,12.4975;30.2673,45.0000;90.0000,True,True,3.031779799518678,B:VAL80:C,1.0317797995186782,True,nan,,inf,True,True,True,48.87702941894531,48.86177444458008,0.015254974365234375,True,True
8Q6Q_B_ASP81__044__1,8Q6Q_B_ASP81,44,1,0.57567585,A,1,0.57567585,True,A,0.57567585,0.05583936721086502,2.244863510131836,-74.5270;172.3867,g-/t,14.5270;7.6133,45.0000;90.0000,True,True,3.031779799518678,B:VAL80:C,1.0317797995186782,True,nan,,inf,True,True,True,48.75157928466797,48.98417663574219,-0.23259735107421875,True,True
8Q6Q_B_ASP81__045__0,8Q6Q_B_ASP81,45,0,0.16692215,other,0,0.16692215,True,other,0.16692215,2.1341845989227295,0.631926417350769,-154.8498;142.5252,t/t,25.1502;37.4748,45.0000;90.0000,True,True,3.031779799518678,B:VAL80:C,1.0317797995186782,True,nan,,inf,True,True,True,54.33472442626953,nan,nan,False,False
8Q6Q_B_ASP81__045__1,8Q6Q_B_ASP81,45,1,0.25261039,B,1,0.25261039,True,B,0.25261039,2.3266122341156006,0.39127787947654724,-169.9277;-140.9685,t/t,10.0723;39.0315,45.0000;90.0000,True,True,3.031779799518678,B:VAL80:C,1.0317797995186782,True,nan,,inf,True,True,True,49.4283447265625,48.86177444458008,0.5665702819824219,False,False
8Q6Q_B_ASP81__045__3,8Q6Q_B_ASP81,45,3,0.54910618,A,2,0.54910618,True,A,0.54910618,0.15083429217338562,2.2752842903137207,-72.6834;164.3376,g-/t,12.6834;15.6624,45.0000;90.0000,True,True,3.031779799518678,B:VAL80:C,1.0317797995186782,True,nan,,inf,True,True,True,48.33094024658203,48.98417663574219,-0.6532363891601562,True,True
8Q6Q_B_ASP81__046__1,8Q6Q_B_ASP81,46,1,0.42370602,B,0,0.42370602,True,B,0.42370602,2.270604133605957,0.2654374837875366,-167.4613;-150.2070,t/t,12.5387;29.7930,45.0000;90.0000,True,True,3.031779799518678,B:VAL80:C,1.0317797995186782,True,nan,,inf,True,True,True,48.8589973449707,48.86177444458008,-0.002777099609375,True,True
8Q6Q_B_ASP81__046__2,8Q6Q_B_ASP81,46,2,0.57624751,A,1,0.57624751,True,A,0.57624751,0.05643114820122719,2.2441165447235107,-74.5513;172.1251,g-/t,14.5513;7.8749,45.0000;90.0000,True,True,3.031779799518678,B:VAL80:C,1.0317797995186782,True,nan,,inf,True,True,True,48.74174880981445,48.98417663574219,-0.24242782592773438,True,True
8Q6Q_B_ASP81__047__0,8Q6Q_B_ASP81,47,0,0.50576705,A,0,0.50576705,True,A,0.50576705,0.19141218066215515,2.2792892456054688,-72.4240;160.8090,g-/t,12.4240;19.1910,45.0000;90.0000,True,True,3.031779799518678,B:VAL80:C,1.0317797995186782,True,nan,,inf,True,True,True,48.23891830444336,48.98417663574219,-0.7452583312988281,True,True
8Q6Q_B_ASP81__047__2,8Q6Q_B_ASP81,47,2,0.2534115,B,1,0.2534115,True,B,0.2534115,2.3258931636810303,0.3896884024143219,-169.8973;-141.0852,t/t,10.1027;38.9148,45.0000;90.0000,True,True,3.031779799518678,B:VAL80:C,1.0317797995186782,True,nan,,inf,True,True,True,49.414276123046875,48.86177444458008,0.5525016784667969,False,False
8Q6Q_B_ASP81__047__3,8Q6Q_B_ASP81,47,3,0.19326492,other,2,0.19326492,True,other,0.19326492,2.136692762374878,0.609300434589386,-155.2907;144.2480,t/t,24.7093;35.7520,45.0000;90.0000,True,True,3.031779799518678,B:VAL80:C,1.0317797995186782,True,nan,,inf,True,True,True,54.20097351074219,nan,nan,False,False
8Q6Q_B_ASP81__048__0,8Q6Q_B_ASP81,48,0,0.24345507,other,0,0.24345507,True,other,0.24345507,0.5623180270195007,2.295283079147339,-77.6530;-142.4619,g-/t,17.6530;37.5381,45.0000;90.0000,True,True,3.031779799518678,B:VAL80:C,1.0317797995186782,True,nan,,inf,True,True,True,52.02576446533203,nan,nan,False,False
8Q6Q_B_ASP81__048__2,8Q6Q_B_ASP81,48,2,0.34795478,A,1,0.34795478,True,A,0.34795478,0.3312758207321167,2.295370101928711,-71.7476;149.3661,g-/t,11.7476;30.6339,45.0000;90.0000,True,True,2.9958324722761986,B:GLU98:O,0.9958324722761986,True,nan,,inf,True,True,True,48.0031623840332,48.98417663574219,-0.9810142517089844,True,True
8Q6Q_B_ASP81__048__3,8Q6Q_B_ASP81,48,3,0.40857992,B,2,0.40857992,True,B,0.40857992,2.30544376373291,0.3625195324420929,-169.0357;37.3296,t/p0,10.9643;37.3296,45.0000;90.0000,True,True,3.031779799518678,B:VAL80:C,1.0317797995186782,True,nan,,inf,True,True,True,49.20173645019531,48.86177444458008,0.3399620056152344,True,True
8Q6Q_B_ASP81__049__0,8Q6Q_B_ASP81,49,0,0.13198633,other,0,0.13198633,True,other,0.13198633,0.6428968906402588,2.3434040546417236,-76.4088;-136.1921,g-/t,16.4088;43.8079,45.0000;90.0000,True,True,3.031779799518678,B:VAL80:C,1.0317797995186782,True,nan,,inf,True,True,True,52.49492645263672,nan,nan,False,False
8Q6Q_B_ASP81__049__1,8Q6Q_B_ASP81,49,1,0.43650219,A,1,0.43650219,True,A,0.43650219,0.2509461045265198,2.284470319747925,-72.1629;155.8325,g-/t,12.1629;24.1675,45.0000;90.0000,True,True,3.031779799518678,B:VAL80:C,1.0317797995186782,True,nan,,inf,True,True,True,48.128746032714844,48.98417663574219,-0.8554306030273438,True,True
8Q6Q_B_ASP81__049__2,8Q6Q_B_ASP81,49,2,0.07918328,other,2,0.07918328,True,other,0.07918328,2.204780340194702,0.9071241617202759,-153.0002;-61.9550,t/p0,26.9998;61.9550,45.0000;90.0000,True,True,3.031779799518678,B:VAL80:C,1.0317797995186782,True,nan,,inf,True,True,True,56.427345275878906,nan,nan,False,False
8Q6Q_B_ASP81__049__3,8Q6Q_B_ASP81,49,3,0.35232824,B,3,0.35232824,True,B,0.35232824,2.3143129348754883,0.31378450989723206,-169.6258;-147.3251,t/t,10.3742;32.6749,45.0000;90.0000,True,True,3.031779799518678,B:VAL80:C,1.0317797995186782,True,nan,,inf,True,True,True,49.12041091918945,48.86177444458008,0.258636474609375,True,True
