candidate_id,site,start,conformer,tmol_energy,tmol_A,tmol_B,tmol_environment_assignment,tmol_environment_rule,random_mean,random_min,random_max
4C16_A_MET258__000__0,4C16_A_MET258,0,0,78.98193359375,109.64179992675781,105.44197082519531,other,frozen_matched_deposited_minstate_v1,95.20284957885742,75.00538635253906,220.616455078125
4C16_A_MET258__000__1,4C16_A_MET258,0,1,77.31608581542969,109.64179992675781,105.44197082519531,other,frozen_matched_deposited_minstate_v1,95.20284957885742,75.00538635253906,220.616455078125
4C16_A_MET258__000__2,4C16_A_MET258,0,2,75.929931640625,109.64179992675781,105.44197082519531,other,frozen_matched_deposited_minstate_v1,95.20284957885742,75.00538635253906,220.616455078125
4C16_A_MET258__000__3,4C16_A_MET258,0,3,226.86416625976562,109.64179992675781,105.44197082519531,other,frozen_matched_deposited_minstate_v1,95.20284957885742,75.00538635253906,220.616455078125
4C16_A_MET258__001__0,4C16_A_MET258,1,0,108.00513458251953,109.64179992675781,105.44197082519531,A,frozen_matched_deposited_minstate_v1,95.20284957885742,75.00538635253906,220.616455078125
4C16_A_MET258__001__1,4C16_A_MET258,1,1,82.0383071899414,109.64179992675781,105.44197082519531,other,frozen_matched_deposited_minstate_v1,95.20284957885742,75.00538635253906,220.616455078125
4C16_A_MET258__001__2,4C16_A_MET258,1,2,104.31481170654297,109.64179992675781,105.44197082519531,B,frozen_matched_deposited_minstate_v1,95.20284957885742,75.00538635253906,220.616455078125
4C16_A_MET258__001__3,4C16_A_MET258,1,3,78.59305572509766,109.64179992675781,105.44197082519531,other,frozen_matched_deposited_minstate_v1,95.20284957885742,75.00538635253906,220.616455078125
4C16_A_MET258__002__0,4C16_A_MET258,2,0,80.45822143554688,109.64179992675781,105.44197082519531,other,frozen_matched_deposited_minstate_v1,95.20284957885742,75.00538635253906,220.616455078125
4C16_A_MET258__002__1,4C16_A_MET258,2,1,108.99988555908203,109.64179992675781,105.44197082519531,A,frozen_matched_deposited_minstate_v1,95.20284957885742,75.00538635253906,220.616455078125
4C16_A_MET258__002__3,4C16_A_MET258,2,3,82.81352233886719,109.64179992675781,105.44197082519531,other,frozen_matched_deposited_minstate_v1,95.20284957885742,75.00538635253906,220.616455078125
4C16_A_MET258__003__2,4C16_A_MET258,3,2,108.85678100585938,109.64179992675781,105.44197082519531,A,frozen_matched_deposited_minstate_v1,95.20284957885742,75.00538635253906,220.616455078125
4C16_A_MET258__003__3,4C16_A_MET258,3,3,104.33817291259766,109.64179992675781,105.44197082519531,B,frozen_matched_deposited_minstate_v1,95.20284957885742,75.00538635253906,220.616455078125
4C16_A_MET258__004__0,4C16_A_MET258,4,0,108.10282135009766,109.64179992675781,105.44197082519531,A,frozen_matched_deposited_minstate_v1,95.20284957885742,75.00538635253906,220.616455078125
4C16_A_MET258__004__1,4C16_A_MET258,4,1,104.32154846191406,109.64179992675781,105.44197082519531,B,frozen_matched_deposited_minstate_v1,95.20284957885742,75.00538635253906,220.616455078125
4C16_A_MET258__004__2,4C16_A_MET258,4,2,78.36074829101562,109.64179992675781,105.44197082519531,other,frozen_matched_deposited_minstate_v1,95.20284957885742,75.00538635253906,220.616455078125
4C16_A_MET258__005__0,4C16_A_MET258,5,0,108.82276916503906,109.64179992675781,105.44197082519531,A,frozen_matched_deposited_minstate_v1,95.20284957885742,75.00538635253906,220.616455078125
4C16_A_MET258__005__3,4C16_A_MET258,5,3,104.33543395996094,109.64179992675781,105.44197082519531,B,frozen_matched_deposited_minstate_v1,95.20284957885742,75.00538635253906,220.616455078125
4C16_A_MET258__006__0,4C16_A_MET258,6,0,107.22097778320312,109.64179992675781,105.44197082519531,A,frozen_matched_deposited_minstate_v1,95.20284957885742,75.00538635253906,220.616455078125
4C16_A_MET258__006__2,4C16_A_MET258,6,2,80.53594970703125,109.64179992675781,105.44197082519531,other,frozen_matched_deposited_minstate_v1,95.20284957885742,75.00538635253906,220.616455078125
4C16_A_MET258__006__3,4C16_A_MET258,6,3,79.04519653320312,109.64179992675781,105.44197082519531,other,frozen_matched_deposited_minstate_v1,95.20284957885742,75.00538635253906,220.616455078125
4C16_A_MET258__007__1,4C16_A_MET258,7,1,108.73020935058594,109.64179992675781,105.44197082519531,A,frozen_matched_deposited_minstate_v1,95.20284957885742,75.00538635253906,220.616455078125
4C16_A_MET258__007__3,4C16_A_MET258,7,3,104.30384826660156,109.64179992675781,105.44197082519531,B,frozen_matched_deposited_minstate_v1,95.20284957885742,75.00538635253906,220.616455078125
4C16_A_MET258__008__0,4C16_A_MET258,8,0,108.85627746582031,109.64179992675781,105.44197082519531,A,frozen_matched_deposited_minstate_v1,95.20284957885742,75.00538635253906,220.616455078125
4C16_A_MET258__008__1,4C16_A_MET258,8,1,104.30108642578125,109.64179992675781,105.44197082519531,B,frozen_matched_deposited_minstate_v1,95.20284957885742,75.00538635253906,220.616455078125
4C16_A_MET258__009__0,4C16_A_MET258,9,0,77.50395965576172,109.64179992675781,105.44197082519531,other,frozen_matched_deposited_minstate_v1,95.20284957885742,75.00538635253906,220.616455078125
4C16_A_MET258__009__1,4C16_A_MET258,9,1,186.89923095703125,109.64179992675781,105.44197082519531,other,frozen_matched_deposited_minstate_v1,95.20284957885742,75.00538635253906,220.616455078125
4C16_A_MET258__009__2,4C16_A_MET258,9,2,79.08282470703125,109.64179992675781,105.44197082519531,other,frozen_matched_deposited_minstate_v1,95.20284957885742,75.00538635253906,220.616455078125
4C16_A_MET258__009__3,4C16_A_MET258,9,3,170.46376037597656,109.64179992675781,105.44197082519531,other,frozen_matched_deposited_minstate_v1,95.20284957885742,75.00538635253906,220.616455078125
4C16_A_MET258__010__1,4C16_A_MET258,10,1,108.80815887451172,109.64179992675781,105.44197082519531,A,frozen_matched_deposited_minstate_v1,95.20284957885742,75.00538635253906,220.616455078125
4C16_A_MET258__010__2,4C16_A_MET258,10,2,196.01837158203125,109.64179992675781,105.44197082519531,other,frozen_matched_deposited_minstate_v1,95.20284957885742,75.00538635253906,220.616455078125
4C16_A_MET258__010__3,4C16_A_MET258,10,3,104.2271728515625,109.64179992675781,105.44197082519531,B,frozen_matched_deposited_minstate_v1,95.20284957885742,75.00538635253906,220.616455078125
4C16_A_MET258__011__0,4C16_A_MET258,11,0,78.52227020263672,109.64179992675781,105.44197082519531,other,frozen_matched_deposited_minstate_v1,95.20284957885742,75.00538635253906,220.616455078125
4C16_A_MET258__011__1,4C16_A_MET258,11,1,107.34099578857422,109.64179992675781,105.44197082519531,A,frozen_matched_deposited_minstate_v1,95.20284957885742,75.00538635253906,220.616455078125
4C16_A_MET258__011__3,4C16_A_MET258,11,3,84.54736328125,109.64179992675781,105.44197082519531,other,frozen_matched_deposited_minstate_v1,95.20284957885742,75.00538635253906,220.616455078125
4C16_A_MET258__012__0,4C16_A_MET258,12,0,76.2448959350586,109.64179992675781,105.44197082519531,other,frozen_matched_deposited_minstate_v1,95.20284957885742,75.00538635253906,220.616455078125
4C16_A_MET258__012__1,4C16_A_MET258,12,1,79.0093994140625,109.64179992675781,105.44197082519531,other,frozen_matched_deposited_minstate_v1,95.20284957885742,75.00538635253906,220.616455078125
4C16_A_MET258__012__2,4C16_A_MET258,12,2,225.26466369628906,109.64179992675781,105.44197082519531,other,frozen_matched_deposited_minstate_v1,95.20284957885742,75.00538635253906,220.616455078125
4C16_A_MET258__012__3,4C16_A_MET258,12,3,108.1753921508789,109.64179992675781,105.44197082519531,A,frozen_matched_deposited_minstate_v1,95.20284957885742,75.00538635253906,220.616455078125
4C16_A_MET258__013__0,4C16_A_MET258,13,0,228.0064697265625,109.64179992675781,105.44197082519531,other,frozen_matched_deposited_minstate_v1,95.20284957885742,75.00538635253906,220.616455078125
4C16_A_MET258__013__1,4C16_A_MET258,13,1,86.80950164794922,109.64179992675781,105.44197082519531,other,frozen_matched_deposited_minstate_v1,95.20284957885742,75.00538635253906,220.616455078125
4C16_A_MET258__013__3,4C16_A_MET258,13,3,109.012939453125,109.64179992675781,105.44197082519531,A,frozen_matched_deposited_minstate_v1,95.20284957885742,75.00538635253906,220.616455078125
4C16_A_MET258__014__1,4C16_A_MET258,14,1,108.09973907470703,109.64179992675781,105.44197082519531,A,frozen_matched_deposited_minstate_v1,95.20284957885742,75.00538635253906,220.616455078125
4C16_A_MET258__014__2,4C16_A_MET258,14,2,78.29743957519531,109.64179992675781,105.44197082519531,other,frozen_matched_deposited_minstate_v1,95.20284957885742,75.00538635253906,220.616455078125
4C16_A_MET258__014__3,4C16_A_MET258,14,3,104.3352279663086,109.64179992675781,105.44197082519531,B,frozen_matched_deposited_minstate_v1,95.20284957885742,75.00538635253906,220.616455078125
4C16_A_MET258__015__1,4C16_A_MET258,15,1,79.06859588623047,109.64179992675781,105.44197082519531,other,frozen_matched_deposited_minstate_v1,95.20284957885742,75.00538635253906,220.616455078125
4C16_A_MET258__015__2,4C16_A_MET258,15,2,84.2300796508789,109.64179992675781,105.44197082519531,other,frozen_matched_deposited_minstate_v1,95.20284957885742,75.00538635253906,220.616455078125
4C16_A_MET258__015__3,4C16_A_MET258,15,3,212.49945068359375,109.64179992675781,105.44197082519531,other,frozen_matched_deposited_minstate_v1,95.20284957885742,75.00538635253906,220.616455078125
4C16_A_MET258__016__1,4C16_A_MET258,16,1,108.8052749633789,109.64179992675781,105.44197082519531,A,frozen_matched_deposited_minstate_v1,95.20284957885742,75.00538635253906,220.616455078125
4C16_A_MET258__016__2,4C16_A_MET258,16,2,104.24407196044922,109.64179992675781,105.44197082519531,B,frozen_matched_deposited_minstate_v1,95.20284957885742,75.00538635253906,220.616455078125
4C16_A_MET258__017__1,4C16_A_MET258,17,1,108.51920318603516,109.64179992675781,105.44197082519531,A,frozen_matched_deposited_minstate_v1,95.20284957885742,75.00538635253906,220.616455078125
4C16_A_MET258__017__2,4C16_A_MET258,17,2,80.45883178710938,109.64179992675781,105.44197082519531,other,frozen_matched_deposited_minstate_v1,95.20284957885742,75.00538635253906,220.616455078125
4C16_A_MET258__017__3,4C16_A_MET258,17,3,80.1640625,109.64179992675781,105.44197082519531,other,frozen_matched_deposited_minstate_v1,95.20284957885742,75.00538635253906,220.616455078125
4C16_A_MET258__018__0,4C16_A_MET258,18,0,77.66815948486328,109.64179992675781,105.44197082519531,other,frozen_matched_deposited_minstate_v1,95.20284957885742,75.00538635253906,220.616455078125
4C16_A_MET258__018__2,4C16_A_MET258,18,2,187.95587158203125,109.64179992675781,105.44197082519531,other,frozen_matched_deposited_minstate_v1,95.20284957885742,75.00538635253906,220.616455078125
4C16_A_MET258__018__3,4C16_A_MET258,18,3,78.6644058227539,109.64179992675781,105.44197082519531,other,frozen_matched_deposited_minstate_v1,95.20284957885742,75.00538635253906,220.616455078125
4C16_A_MET258__019__1,4C16_A_MET258,19,1,109.08846282958984,109.64179992675781,105.44197082519531,A,frozen_matched_deposited_minstate_v1,95.20284957885742,75.00538635253906,220.616455078125
4C16_A_MET258__019__2,4C16_A_MET258,19,2,167.27496337890625,109.64179992675781,105.44197082519531,other,frozen_matched_deposited_minstate_v1,95.20284957885742,75.00538635253906,220.616455078125
4C16_A_MET258__019__3,4C16_A_MET258,19,3,154.30392456054688,109.64179992675781,105.44197082519531,other,frozen_matched_deposited_minstate_v1,95.20284957885742,75.00538635253906,220.616455078125
4C16_A_MET258__020__2,4C16_A_MET258,20,2,227.089111328125,109.64179992675781,105.44197082519531,other,frozen_matched_deposited_minstate_v1,95.20284957885742,75.00538635253906,220.616455078125
4C16_A_MET258__020__3,4C16_A_MET258,20,3,108.92337036132812,109.64179992675781,105.44197082519531,A,frozen_matched_deposited_minstate_v1,95.20284957885742,75.00538635253906,220.616455078125
4C16_A_MET258__021__2,4C16_A_MET258,21,2,108.88423919677734,109.64179992675781,105.44197082519531,A,frozen_matched_deposited_minstate_v1,95.20284957885742,75.00538635253906,220.616455078125
4C16_A_MET258__021__3,4C16_A_MET258,21,3,83.84590148925781,109.64179992675781,105.44197082519531,other,frozen_matched_deposited_minstate_v1,95.20284957885742,75.00538635253906,220.616455078125
4C16_A_MET258__022__0,4C16_A_MET258,22,0,104.33548736572266,109.64179992675781,105.44197082519531,B,frozen_matched_deposited_minstate_v1,95.20284957885742,75.00538635253906,220.616455078125
4C16_A_MET258__022__3,4C16_A_MET258,22,3,108.88187408447266,109.64179992675781,105.44197082519531,A,frozen_matched_deposited_minstate_v1,95.20284957885742,75.00538635253906,220.616455078125
4C16_A_MET258__023__0,4C16_A_MET258,23,0,104.33114624023438,109.64179992675781,105.44197082519531,B,frozen_matched_deposited_minstate_v1,95.20284957885742,75.00538635253906,220.616455078125
4C16_A_MET258__023__1,4C16_A_MET258,23,1,80.3851547241211,109.64179992675781,105.44197082519531,other,frozen_matched_deposited_minstate_v1,95.20284957885742,75.00538635253906,220.616455078125
4C16_A_MET258__023__2,4C16_A_MET258,23,2,108.32352447509766,109.64179992675781,105.44197082519531,A,frozen_matched_deposited_minstate_v1,95.20284957885742,75.00538635253906,220.616455078125
4C16_A_MET258__024__0,4C16_A_MET258,24,0,104.33512878417969,109.64179992675781,105.44197082519531,B,frozen_matched_deposited_minstate_v1,95.20284957885742,75.00538635253906,220.616455078125
4C16_A_MET258__024__2,4C16_A_MET258,24,2,108.87567138671875,109.64179992675781,105.44197082519531,A,frozen_matched_deposited_minstate_v1,95.20284957885742,75.00538635253906,220.616455078125
4C16_A_MET258__025__1,4C16_A_MET258,25,1,130.52105712890625,109.64179992675781,105.44197082519531,other,frozen_matched_deposited_minstate_v1,95.20284957885742,75.00538635253906,220.616455078125
4C16_A_MET258__025__2,4C16_A_MET258,25,2,109.08869171142578,109.64179992675781,105.44197082519531,A,frozen_matched_deposited_minstate_v1,95.20284957885742,75.00538635253906,220.616455078125
4C16_A_MET258__025__3,4C16_A_MET258,25,3,175.56011962890625,109.64179992675781,105.44197082519531,other,frozen_matched_deposited_minstate_v1,95.20284957885742,75.00538635253906,220.616455078125
4C16_A_MET258__026__0,4C16_A_MET258,26,0,104.22805786132812,109.64179992675781,105.44197082519531,B,frozen_matched_deposited_minstate_v1,95.20284957885742,75.00538635253906,220.616455078125
4C16_A_MET258__026__3,4C16_A_MET258,26,3,108.8243179321289,109.64179992675781,105.44197082519531,A,frozen_matched_deposited_minstate_v1,95.20284957885742,75.00538635253906,220.616455078125
4C16_A_MET258__027__2,4C16_A_MET258,27,2,104.50225830078125,109.64179992675781,105.44197082519531,B,frozen_matched_deposited_minstate_v1,95.20284957885742,75.00538635253906,220.616455078125
4C16_A_MET258__027__3,4C16_A_MET258,27,3,87.03568267822266,109.64179992675781,105.44197082519531,other,frozen_matched_deposited_minstate_v1,95.20284957885742,75.00538635253906,220.616455078125
4C16_A_MET258__028__0,4C16_A_MET258,28,0,109.44648742675781,109.64179992675781,105.44197082519531,A,frozen_matched_deposited_minstate_v1,95.20284957885742,75.00538635253906,220.616455078125
4C16_A_MET258__028__1,4C16_A_MET258,28,1,165.32119750976562,109.64179992675781,105.44197082519531,other,frozen_matched_deposited_minstate_v1,95.20284957885742,75.00538635253906,220.616455078125
4C16_A_MET258__028__2,4C16_A_MET258,28,2,195.0043182373047,109.64179992675781,105.44197082519531,other,frozen_matched_deposited_minstate_v1,95.20284957885742,75.00538635253906,220.616455078125
4C16_A_MET258__029__0,4C16_A_MET258,29,0,80.09538269042969,109.64179992675781,105.44197082519531,other,frozen_matched_deposited_minstate_v1,95.20284957885742,75.00538635253906,220.616455078125
4C16_A_MET258__029__1,4C16_A_MET258,29,1,80.43350219726562,109.64179992675781,105.44197082519531,other,frozen_matched_deposited_minstate_v1,95.20284957885742,75.00538635253906,220.616455078125
4C16_A_MET258__029__3,4C16_A_MET258,29,3,108.1787338256836,109.64179992675781,105.44197082519531,A,frozen_matched_deposited_minstate_v1,95.20284957885742,75.00538635253906,220.616455078125
4C16_A_MET258__030__2,4C16_A_MET258,30,2,108.812744140625,109.64179992675781,105.44197082519531,A,frozen_matched_deposited_minstate_v1,95.20284957885742,75.00538635253906,220.616455078125
4C16_A_MET258__030__3,4C16_A_MET258,30,3,104.21821594238281,109.64179992675781,105.44197082519531,B,frozen_matched_deposited_minstate_v1,95.20284957885742,75.00538635253906,220.616455078125
4C16_A_MET258__031__0,4C16_A_MET258,31,0,104.33806610107422,109.64179992675781,105.44197082519531,B,frozen_matched_deposited_minstate_v1,95.20284957885742,75.00538635253906,220.616455078125
4C16_A_MET258__031__2,4C16_A_MET258,31,2,192.40560913085938,109.64179992675781,105.44197082519531,other,frozen_matched_deposited_minstate_v1,95.20284957885742,75.00538635253906,220.616455078125
4C16_A_MET258__031__3,4C16_A_MET258,31,3,78.24279022216797,109.64179992675781,105.44197082519531,other,frozen_matched_deposited_minstate_v1,95.20284957885742,75.00538635253906,220.616455078125
4C16_A_MET258__032__0,4C16_A_MET258,32,0,104.19967651367188,109.64179992675781,105.44197082519531,B,frozen_matched_deposited_minstate_v1,95.20284957885742,75.00538635253906,220.616455078125
4C16_A_MET258__032__2,4C16_A_MET258,32,2,141.52879333496094,109.64179992675781,105.44197082519531,other,frozen_matched_deposited_minstate_v1,95.20284957885742,75.00538635253906,220.616455078125
4C16_A_MET258__032__3,4C16_A_MET258,32,3,108.8203125,109.64179992675781,105.44197082519531,A,frozen_matched_deposited_minstate_v1,95.20284957885742,75.00538635253906,220.616455078125
4C16_A_MET258__033__2,4C16_A_MET258,33,2,108.82093811035156,109.64179992675781,105.44197082519531,A,frozen_matched_deposited_minstate_v1,95.20284957885742,75.00538635253906,220.616455078125
4C16_A_MET258__033__3,4C16_A_MET258,33,3,104.32378387451172,109.64179992675781,105.44197082519531,B,frozen_matched_deposited_minstate_v1,95.20284957885742,75.00538635253906,220.616455078125
4C16_A_MET258__034__0,4C16_A_MET258,34,0,95.77791595458984,109.64179992675781,105.44197082519531,other,frozen_matched_deposited_minstate_v1,95.20284957885742,75.00538635253906,220.616455078125
4C16_A_MET258__034__1,4C16_A_MET258,34,1,79.59037017822266,109.64179992675781,105.44197082519531,other,frozen_matched_deposited_minstate_v1,95.20284957885742,75.00538635253906,220.616455078125
4C16_A_MET258__034__2,4C16_A_MET258,34,2,120.82609558105469,109.64179992675781,105.44197082519531,other,frozen_matched_deposited_minstate_v1,95.20284957885742,75.00538635253906,220.616455078125
4C16_A_MET258__035__0,4C16_A_MET258,35,0,76.32807159423828,109.64179992675781,105.44197082519531,other,frozen_matched_deposited_minstate_v1,95.20284957885742,75.00538635253906,220.616455078125
4C16_A_MET258__035__1,4C16_A_MET258,35,1,109.25936889648438,109.64179992675781,105.44197082519531,A,frozen_matched_deposited_minstate_v1,95.20284957885742,75.00538635253906,220.616455078125
4C16_A_MET258__035__3,4C16_A_MET258,35,3,222.68051147460938,109.64179992675781,105.44197082519531,other,frozen_matched_deposited_minstate_v1,95.20284957885742,75.00538635253906,220.616455078125
4C16_A_MET258__036__0,4C16_A_MET258,36,0,104.46305847167969,109.64179992675781,105.44197082519531,B,frozen_matched_deposited_minstate_v1,95.20284957885742,75.00538635253906,220.616455078125
4C16_A_MET258__036__1,4C16_A_MET258,36,1,78.2819595336914,109.64179992675781,105.44197082519531,other,frozen_matched_deposited_minstate_v1,95.20284957885742,75.00538635253906,220.616455078125
4C16_A_MET258__036__3,4C16_A_MET258,36,3,100.34803771972656,109.64179992675781,105.44197082519531,other,frozen_matched_deposited_minstate_v1,95.20284957885742,75.00538635253906,220.616455078125
4C16_A_MET258__037__1,4C16_A_MET258,37,1,113.47807312011719,109.64179992675781,105.44197082519531,A,frozen_matched_deposited_minstate_v1,95.20284957885742,75.00538635253906,220.616455078125
4C16_A_MET258__037__3,4C16_A_MET258,37,3,104.34942626953125,109.64179992675781,105.44197082519531,B,frozen_matched_deposited_minstate_v1,95.20284957885742,75.00538635253906,220.616455078125
4C16_A_MET258__038__2,4C16_A_MET258,38,2,104.37442016601562,109.64179992675781,105.44197082519531,B,frozen_matched_deposited_minstate_v1,95.20284957885742,75.00538635253906,220.616455078125
4C16_A_MET258__038__3,4C16_A_MET258,38,3,79.01191711425781,109.64179992675781,105.44197082519531,other,frozen_matched_deposited_minstate_v1,95.20284957885742,75.00538635253906,220.616455078125
4C16_A_MET258__039__0,4C16_A_MET258,39,0,104.22869110107422,109.64179992675781,105.44197082519531,B,frozen_matched_deposited_minstate_v1,95.20284957885742,75.00538635253906,220.616455078125
4C16_A_MET258__039__2,4C16_A_MET258,39,2,172.98080444335938,109.64179992675781,105.44197082519531,other,frozen_matched_deposited_minstate_v1,95.20284957885742,75.00538635253906,220.616455078125
4C16_A_MET258__039__3,4C16_A_MET258,39,3,108.77185821533203,109.64179992675781,105.44197082519531,A,frozen_matched_deposited_minstate_v1,95.20284957885742,75.00538635253906,220.616455078125
4C16_A_MET258__040__2,4C16_A_MET258,40,2,104.32423400878906,109.64179992675781,105.44197082519531,B,frozen_matched_deposited_minstate_v1,95.20284957885742,75.00538635253906,220.616455078125
4C16_A_MET258__040__3,4C16_A_MET258,40,3,78.93993377685547,109.64179992675781,105.44197082519531,other,frozen_matched_deposited_minstate_v1,95.20284957885742,75.00538635253906,220.616455078125
4C16_A_MET258__041__3,4C16_A_MET258,41,3,82.67864990234375,109.64179992675781,105.44197082519531,other,frozen_matched_deposited_minstate_v1,95.20284957885742,75.00538635253906,220.616455078125
4C16_A_MET258__042__1,4C16_A_MET258,42,1,108.85563659667969,109.64179992675781,105.44197082519531,A,frozen_matched_deposited_minstate_v1,95.20284957885742,75.00538635253906,220.616455078125
4C16_A_MET258__042__2,4C16_A_MET258,42,2,104.33804321289062,109.64179992675781,105.44197082519531,B,frozen_matched_deposited_minstate_v1,95.20284957885742,75.00538635253906,220.616455078125
4C16_A_MET258__043__0,4C16_A_MET258,43,0,77.5209732055664,109.64179992675781,105.44197082519531,other,frozen_matched_deposited_minstate_v1,95.20284957885742,75.00538635253906,220.616455078125
4C16_A_MET258__043__1,4C16_A_MET258,43,1,79.24226379394531,109.64179992675781,105.44197082519531,other,frozen_matched_deposited_minstate_v1,95.20284957885742,75.00538635253906,220.616455078125
4C16_A_MET258__043__2,4C16_A_MET258,43,2,77.4373779296875,109.64179992675781,105.44197082519531,other,frozen_matched_deposited_minstate_v1,95.20284957885742,75.00538635253906,220.616455078125
4C16_A_MET258__043__3,4C16_A_MET258,43,3,104.4016342163086,109.64179992675781,105.44197082519531,B,frozen_matched_deposited_minstate_v1,95.20284957885742,75.00538635253906,220.616455078125
4C16_A_MET258__044__0,4C16_A_MET258,44,0,76.27346801757812,109.64179992675781,105.44197082519531,other,frozen_matched_deposited_minstate_v1,95.20284957885742,75.00538635253906,220.616455078125
4C16_A_MET258__044__1,4C16_A_MET258,44,1,80.46990966796875,109.64179992675781,105.44197082519531,other,frozen_matched_deposited_minstate_v1,95.20284957885742,75.00538635253906,220.616455078125
4C16_A_MET258__044__2,4C16_A_MET258,44,2,107.89335632324219,109.64179992675781,105.44197082519531,A,frozen_matched_deposited_minstate_v1,95.20284957885742,75.00538635253906,220.616455078125
4C16_A_MET258__044__3,4C16_A_MET258,44,3,80.23239135742188,109.64179992675781,105.44197082519531,other,frozen_matched_deposited_minstate_v1,95.20284957885742,75.00538635253906,220.616455078125
4C16_A_MET258__045__0,4C16_A_MET258,45,0,104.45346069335938,109.64179992675781,105.44197082519531,B,frozen_matched_deposited_minstate_v1,95.20284957885742,75.00538635253906,220.616455078125
4C16_A_MET258__046__1,4C16_A_MET258,46,1,80.6694564819336,109.64179992675781,105.44197082519531,other,frozen_matched_deposited_minstate_v1,95.20284957885742,75.00538635253906,220.616455078125
4C16_A_MET258__046__2,4C16_A_MET258,46,2,111.1943130493164,109.64179992675781,105.44197082519531,A,frozen_matched_deposited_minstate_v1,95.20284957885742,75.00538635253906,220.616455078125
4C16_A_MET258__046__3,4C16_A_MET258,46,3,75.43220520019531,109.64179992675781,105.44197082519531,other,frozen_matched_deposited_minstate_v1,95.20284957885742,75.00538635253906,220.616455078125
4C16_A_MET258__047__0,4C16_A_MET258,47,0,83.65914916992188,109.64179992675781,105.44197082519531,other,frozen_matched_deposited_minstate_v1,95.20284957885742,75.00538635253906,220.616455078125
4C16_A_MET258__047__1,4C16_A_MET258,47,1,109.14058685302734,109.64179992675781,105.44197082519531,A,frozen_matched_deposited_minstate_v1,95.20284957885742,75.00538635253906,220.616455078125
4C16_A_MET258__047__2,4C16_A_MET258,47,2,79.0033950805664,109.64179992675781,105.44197082519531,other,frozen_matched_deposited_minstate_v1,95.20284957885742,75.00538635253906,220.616455078125
4C16_A_MET258__048__0,4C16_A_MET258,48,0,80.48149108886719,109.64179992675781,105.44197082519531,other,frozen_matched_deposited_minstate_v1,95.20284957885742,75.00538635253906,220.616455078125
4C16_A_MET258__048__1,4C16_A_MET258,48,1,81.28518676757812,109.64179992675781,105.44197082519531,other,frozen_matched_deposited_minstate_v1,95.20284957885742,75.00538635253906,220.616455078125
4C16_A_MET258__048__2,4C16_A_MET258,48,2,107.59011840820312,109.64179992675781,105.44197082519531,A,frozen_matched_deposited_minstate_v1,95.20284957885742,75.00538635253906,220.616455078125
4C16_A_MET258__048__3,4C16_A_MET258,48,3,80.08761596679688,109.64179992675781,105.44197082519531,other,frozen_matched_deposited_minstate_v1,95.20284957885742,75.00538635253906,220.616455078125
4C16_A_MET258__049__0,4C16_A_MET258,49,0,104.3394775390625,109.64179992675781,105.44197082519531,B,frozen_matched_deposited_minstate_v1,95.20284957885742,75.00538635253906,220.616455078125
4C16_A_MET258__049__3,4C16_A_MET258,49,3,108.86498260498047,109.64179992675781,105.44197082519531,A,frozen_matched_deposited_minstate_v1,95.20284957885742,75.00538635253906,220.616455078125
7F72_A_MET103__000__1,7F72_A_MET103,0,1,75.26127624511719,72.57913208007812,78.19924926757812,B,frozen_matched_deposited_minstate_v1,273.2128059387207,49.332820892333984,943.826171875
7F72_A_MET103__000__2,7F72_A_MET103,0,2,49.983612060546875,72.57913208007812,78.19924926757812,other,frozen_matched_deposited_minstate_v1,273.2128059387207,49.332820892333984,943.826171875
7F72_A_MET103__000__3,7F72_A_MET103,0,3,72.6270751953125,72.57913208007812,78.19924926757812,A,frozen_matched_deposited_minstate_v1,273.2128059387207,49.332820892333984,943.826171875
7F72_A_MET103__001__2,7F72_A_MET103,1,2,74.77645874023438,72.57913208007812,78.19924926757812,B,frozen_matched_deposited_minstate_v1,273.2128059387207,49.332820892333984,943.826171875
7F72_A_MET103__001__3,7F72_A_MET103,1,3,74.32162475585938,72.57913208007812,78.19924926757812,A,frozen_matched_deposited_minstate_v1,273.2128059387207,49.332820892333984,943.826171875
7F72_A_MET103__002__0,7F72_A_MET103,2,0,49.71468734741211,72.57913208007812,78.19924926757812,other,frozen_matched_deposited_minstate_v1,273.2128059387207,49.332820892333984,943.826171875
7F72_A_MET103__002__1,7F72_A_MET103,2,1,73.30936431884766,72.57913208007812,78.19924926757812,A,frozen_matched_deposited_minstate_v1,273.2128059387207,49.332820892333984,943.826171875
7F72_A_MET103__002__3,7F72_A_MET103,2,3,75.0074462890625,72.57913208007812,78.19924926757812,B,frozen_matched_deposited_minstate_v1,273.2128059387207,49.332820892333984,943.826171875
7F72_A_MET103__003__0,7F72_A_MET103,3,0,73.26374816894531,72.57913208007812,78.19924926757812,A,frozen_matched_deposited_minstate_v1,273.2128059387207,49.332820892333984,943.826171875
7F72_A_MET103__003__1,7F72_A_MET103,3,1,75.3158187866211,72.57913208007812,78.19924926757812,B,frozen_matched_deposited_minstate_v1,273.2128059387207,49.332820892333984,943.826171875
7F72_A_MET103__004__1,7F72_A_MET103,4,1,49.97175979614258,72.57913208007812,78.19924926757812,other,frozen_matched_deposited_minstate_v1,273.2128059387207,49.332820892333984,943.826171875
7F72_A_MET103__004__3,7F72_A_MET103,4,3,75.29910278320312,72.57913208007812,78.19924926757812,B,frozen_matched_deposited_minstate_v1,273.2128059387207,49.332820892333984,943.826171875
7F72_A_MET103__005__0,7F72_A_MET103,5,0,72.90505981445312,72.57913208007812,78.19924926757812,A,frozen_matched_deposited_minstate_v1,273.2128059387207,49.332820892333984,943.826171875
7F72_A_MET103__005__2,7F72_A_MET103,5,2,75.13505554199219,72.57913208007812,78.19924926757812,B,frozen_matched_deposited_minstate_v1,273.2128059387207,49.332820892333984,943.826171875
7F72_A_MET103__006__0,7F72_A_MET103,6,0,74.83415222167969,72.57913208007812,78.19924926757812,B,frozen_matched_deposited_minstate_v1,273.2128059387207,49.332820892333984,943.826171875
7F72_A_MET103__006__1,7F72_A_MET103,6,1,50.005340576171875,72.57913208007812,78.19924926757812,other,frozen_matched_deposited_minstate_v1,273.2128059387207,49.332820892333984,943.826171875
7F72_A_MET103__006__3,7F72_A_MET103,6,3,73.64288330078125,72.57913208007812,78.19924926757812,A,frozen_matched_deposited_minstate_v1,273.2128059387207,49.332820892333984,943.826171875
7F72_A_MET103__007__1,7F72_A_MET103,7,1,73.08171081542969,72.57913208007812,78.19924926757812,A,frozen_matched_deposited_minstate_v1,273.2128059387207,49.332820892333984,943.826171875
7F72_A_MET103__007__3,7F72_A_MET103,7,3,75.2276382446289,72.57913208007812,78.19924926757812,B,frozen_matched_deposited_minstate_v1,273.2128059387207,49.332820892333984,943.826171875
7F72_A_MET103__008__0,7F72_A_MET103,8,0,73.09075164794922,72.57913208007812,78.19924926757812,A,frozen_matched_deposited_minstate_v1,273.2128059387207,49.332820892333984,943.826171875
7F72_A_MET103__008__1,7F72_A_MET103,8,1,75.22087097167969,72.57913208007812,78.19924926757812,B,frozen_matched_deposited_minstate_v1,273.2128059387207,49.332820892333984,943.826171875
7F72_A_MET103__009__1,7F72_A_MET103,9,1,50.602691650390625,72.57913208007812,78.19924926757812,other,frozen_matched_deposited_minstate_v1,273.2128059387207,49.332820892333984,943.826171875
7F72_A_MET103__009__2,7F72_A_MET103,9,2,73.70542907714844,72.57913208007812,78.19924926757812,A,frozen_matched_deposited_minstate_v1,273.2128059387207,49.332820892333984,943.826171875
7F72_A_MET103__009__3,7F72_A_MET103,9,3,75.05691528320312,72.57913208007812,78.19924926757812,B,frozen_matched_deposited_minstate_v1,273.2128059387207,49.332820892333984,943.826171875
7F72_A_MET103__010__0,7F72_A_MET103,10,0,54.135169982910156,72.57913208007812,78.19924926757812,other,frozen_matched_deposited_minstate_v1,273.2128059387207,49.332820892333984,943.826171875
7F72_A_MET103__010__1,7F72_A_MET103,10,1,74.36927032470703,72.57913208007812,78.19924926757812,B,frozen_matched_deposited_minstate_v1,273.2128059387207,49.332820892333984,943.826171875
7F72_A_MET103__010__2,7F72_A_MET103,10,2,73.26846313476562,72.57913208007812,78.19924926757812,A,frozen_matched_deposited_minstate_v1,273.2128059387207,49.332820892333984,943.826171875
7F72_A_MET103__011__0,7F72_A_MET103,11,0,75.24059295654297,72.57913208007812,78.19924926757812,B,frozen_matched_deposited_minstate_v1,273.2128059387207,49.332820892333984,943.826171875
7F72_A_MET103__011__3,7F72_A_MET103,11,3,73.06103515625,72.57913208007812,78.19924926757812,A,frozen_matched_deposited_minstate_v1,273.2128059387207,49.332820892333984,943.826171875
7F72_A_MET103__012__0,7F72_A_MET103,12,0,74.62583923339844,72.57913208007812,78.19924926757812,B,frozen_matched_deposited_minstate_v1,273.2128059387207,49.332820892333984,943.826171875
7F72_A_MET103__012__1,7F72_A_MET103,12,1,50.358856201171875,72.57913208007812,78.19924926757812,other,frozen_matched_deposited_minstate_v1,273.2128059387207,49.332820892333984,943.826171875
7F72_A_MET103__012__2,7F72_A_MET103,12,2,72.99322509765625,72.57913208007812,78.19924926757812,A,frozen_matched_deposited_minstate_v1,273.2128059387207,49.332820892333984,943.826171875
7F72_A_MET103__013__0,7F72_A_MET103,13,0,75.13490295410156,72.57913208007812,78.19924926757812,B,frozen_matched_deposited_minstate_v1,273.2128059387207,49.332820892333984,943.826171875
7F72_A_MET103__013__1,7F72_A_MET103,13,1,74.28706359863281,72.57913208007812,78.19924926757812,A,frozen_matched_deposited_minstate_v1,273.2128059387207,49.332820892333984,943.826171875
7F72_A_MET103__013__2,7F72_A_MET103,13,2,48.33708190917969,72.57913208007812,78.19924926757812,other,frozen_matched_deposited_minstate_v1,273.2128059387207,49.332820892333984,943.826171875
7F72_A_MET103__013__3,7F72_A_MET103,13,3,50.088924407958984,72.57913208007812,78.19924926757812,other,frozen_matched_deposited_minstate_v1,273.2128059387207,49.332820892333984,943.826171875
7F72_A_MET103__014__1,7F72_A_MET103,14,1,75.26478576660156,72.57913208007812,78.19924926757812,B,frozen_matched_deposited_minstate_v1,273.2128059387207,49.332820892333984,943.826171875
7F72_A_MET103__014__3,7F72_A_MET103,14,3,73.53900909423828,72.57913208007812,78.19924926757812,A,frozen_matched_deposited_minstate_v1,273.2128059387207,49.332820892333984,943.826171875
7F72_A_MET103__015__0,7F72_A_MET103,15,0,55.91106033325195,72.57913208007812,78.19924926757812,other,frozen_matched_deposited_minstate_v1,273.2128059387207,49.332820892333984,943.826171875
7F72_A_MET103__015__1,7F72_A_MET103,15,1,71.55706787109375,72.57913208007812,78.19924926757812,A,frozen_matched_deposited_minstate_v1,273.2128059387207,49.332820892333984,943.826171875
7F72_A_MET103__015__3,7F72_A_MET103,15,3,56.00138854980469,72.57913208007812,78.19924926757812,other,frozen_matched_deposited_minstate_v1,273.2128059387207,49.332820892333984,943.826171875
7F72_A_MET103__016__0,7F72_A_MET103,16,0,75.0574951171875,72.57913208007812,78.19924926757812,B,frozen_matched_deposited_minstate_v1,273.2128059387207,49.332820892333984,943.826171875
7F72_A_MET103__016__2,7F72_A_MET103,16,2,50.00461959838867,72.57913208007812,78.19924926757812,other,frozen_matched_deposited_minstate_v1,273.2128059387207,49.332820892333984,943.826171875
7F72_A_MET103__016__3,7F72_A_MET103,16,3,74.07087707519531,72.57913208007812,78.19924926757812,A,frozen_matched_deposited_minstate_v1,273.2128059387207,49.332820892333984,943.826171875
7F72_A_MET103__017__1,7F72_A_MET103,17,1,75.16867065429688,72.57913208007812,78.19924926757812,B,frozen_matched_deposited_minstate_v1,273.2128059387207,49.332820892333984,943.826171875
7F72_A_MET103__017__3,7F72_A_MET103,17,3,73.36231231689453,72.57913208007812,78.19924926757812,A,frozen_matched_deposited_minstate_v1,273.2128059387207,49.332820892333984,943.826171875
7F72_A_MET103__018__0,7F72_A_MET103,18,0,74.65748596191406,72.57913208007812,78.19924926757812,B,frozen_matched_deposited_minstate_v1,273.2128059387207,49.332820892333984,943.826171875
7F72_A_MET103__018__2,7F72_A_MET103,18,2,74.75959014892578,72.57913208007812,78.19924926757812,A,frozen_matched_deposited_minstate_v1,273.2128059387207,49.332820892333984,943.826171875
7F72_A_MET103__018__3,7F72_A_MET103,18,3,50.34944534301758,72.57913208007812,78.19924926757812,other,frozen_matched_deposited_minstate_v1,273.2128059387207,49.332820892333984,943.826171875
7F72_A_MET103__019__0,7F72_A_MET103,19,0,75.29376220703125,72.57913208007812,78.19924926757812,B,frozen_matched_deposited_minstate_v1,273.2128059387207,49.332820892333984,943.826171875
7F72_A_MET103__019__3,7F72_A_MET103,19,3,73.36434936523438,72.57913208007812,78.19924926757812,A,frozen_matched_deposited_minstate_v1,273.2128059387207,49.332820892333984,943.826171875
7F72_A_MET103__020__0,7F72_A_MET103,20,0,73.77392578125,72.57913208007812,78.19924926757812,A,frozen_matched_deposited_minstate_v1,273.2128059387207,49.332820892333984,943.826171875
7F72_A_MET103__020__2,7F72_A_MET103,20,2,75.35901641845703,72.57913208007812,78.19924926757812,B,frozen_matched_deposited_minstate_v1,273.2128059387207,49.332820892333984,943.826171875
7F72_A_MET103__021__1,7F72_A_MET103,21,1,75.27204895019531,72.57913208007812,78.19924926757812,B,frozen_matched_deposited_minstate_v1,273.2128059387207,49.332820892333984,943.826171875
7F72_A_MET103__021__2,7F72_A_MET103,21,2,73.22962951660156,72.57913208007812,78.19924926757812,A,frozen_matched_deposited_minstate_v1,273.2128059387207,49.332820892333984,943.826171875
7F72_A_MET103__022__1,7F72_A_MET103,22,1,75.36817169189453,72.57913208007812,78.19924926757812,B,frozen_matched_deposited_minstate_v1,273.2128059387207,49.332820892333984,943.826171875
7F72_A_MET103__022__3,7F72_A_MET103,22,3,73.44673919677734,72.57913208007812,78.19924926757812,A,frozen_matched_deposited_minstate_v1,273.2128059387207,49.332820892333984,943.826171875
7F72_A_MET103__023__2,7F72_A_MET103,23,2,73.78878784179688,72.57913208007812,78.19924926757812,A,frozen_matched_deposited_minstate_v1,273.2128059387207,49.332820892333984,943.826171875
7F72_A_MET103__023__3,7F72_A_MET103,23,3,74.36489868164062,72.57913208007812,78.19924926757812,B,frozen_matched_deposited_minstate_v1,273.2128059387207,49.332820892333984,943.826171875
7F72_A_MET103__024__0,7F72_A_MET103,24,0,74.13423919677734,72.57913208007812,78.19924926757812,A,frozen_matched_deposited_minstate_v1,273.2128059387207,49.332820892333984,943.826171875
7F72_A_MET103__024__1,7F72_A_MET103,24,1,54.17047119140625,72.57913208007812,78.19924926757812,other,frozen_matched_deposited_minstate_v1,273.2128059387207,49.332820892333984,943.826171875
7F72_A_MET103__024__2,7F72_A_MET103,24,2,50.06346130371094,72.57913208007812,78.19924926757812,other,frozen_matched_deposited_minstate_v1,273.2128059387207,49.332820892333984,943.826171875
7F72_A_MET103__024__3,7F72_A_MET103,24,3,74.35903930664062,72.57913208007812,78.19924926757812,B,frozen_matched_deposited_minstate_v1,273.2128059387207,49.332820892333984,943.826171875
7F72_A_MET103__025__1,7F72_A_MET103,25,1,75.25382232666016,72.57913208007812,78.19924926757812,B,frozen_matched_deposited_minstate_v1,273.2128059387207,49.332820892333984,943.826171875
7F72_A_MET103__025__2,7F72_A_MET103,25,2,73.09306335449219,72.57913208007812,78.19924926757812,A,frozen_matched_deposited_minstate_v1,273.2128059387207,49.332820892333984,943.826171875
7F72_A_MET103__026__1,7F72_A_MET103,26,1,73.38848114013672,72.57913208007812,78.19924926757812,A,frozen_matched_deposited_minstate_v1,273.2128059387207,49.332820892333984,943.826171875
7F72_A_MET103__026__3,7F72_A_MET103,26,3,75.24169921875,72.57913208007812,78.19924926757812,B,frozen_matched_deposited_minstate_v1,273.2128059387207,49.332820892333984,943.826171875
7F72_A_MET103__027__0,7F72_A_MET103,27,0,75.0022964477539,72.57913208007812,78.19924926757812,B,frozen_matched_deposited_minstate_v1,273.2128059387207,49.332820892333984,943.826171875
7F72_A_MET103__027__1,7F72_A_MET103,27,1,73.26731872558594,72.57913208007812,78.19924926757812,A,frozen_matched_deposited_minstate_v1,273.2128059387207,49.332820892333984,943.826171875
7F72_A_MET103__027__3,7F72_A_MET103,27,3,51.93816375732422,72.57913208007812,78.19924926757812,other,frozen_matched_deposited_minstate_v1,273.2128059387207,49.332820892333984,943.826171875
7F72_A_MET103__028__0,7F72_A_MET103,28,0,48.7152099609375,72.57913208007812,78.19924926757812,other,frozen_matched_deposited_minstate_v1,273.2128059387207,49.332820892333984,943.826171875
7F72_A_MET103__028__1,7F72_A_MET103,28,1,73.60881805419922,72.57913208007812,78.19924926757812,A,frozen_matched_deposited_minstate_v1,273.2128059387207,49.332820892333984,943.826171875
7F72_A_MET103__028__3,7F72_A_MET103,28,3,75.17878723144531,72.57913208007812,78.19924926757812,B,frozen_matched_deposited_minstate_v1,273.2128059387207,49.332820892333984,943.826171875
7F72_A_MET103__029__1,7F72_A_MET103,29,1,73.22341918945312,72.57913208007812,78.19924926757812,A,frozen_matched_deposited_minstate_v1,273.2128059387207,49.332820892333984,943.826171875
7F72_A_MET103__029__2,7F72_A_MET103,29,2,75.29335021972656,72.57913208007812,78.19924926757812,B,frozen_matched_deposited_minstate_v1,273.2128059387207,49.332820892333984,943.826171875
7F72_A_MET103__030__0,7F72_A_MET103,30,0,75.59207916259766,72.57913208007812,78.19924926757812,B,frozen_matched_deposited_minstate_v1,273.2128059387207,49.332820892333984,943.826171875
7F72_A_MET103__030__1,7F72_A_MET103,30,1,55.32018280029297,72.57913208007812,78.19924926757812,other,frozen_matched_deposited_minstate_v1,273.2128059387207,49.332820892333984,943.826171875
7F72_A_MET103__030__3,7F72_A_MET103,30,3,122.18327331542969,72.57913208007812,78.19924926757812,other,frozen_matched_deposited_minstate_v1,273.2128059387207,49.332820892333984,943.826171875
7F72_A_MET103__031__0,7F72_A_MET103,31,0,72.99662780761719,72.57913208007812,78.19924926757812,A,frozen_matched_deposited_minstate_v1,273.2128059387207,49.332820892333984,943.826171875
7F72_A_MET103__031__3,7F72_A_MET103,31,3,75.23601531982422,72.57913208007812,78.19924926757812,B,frozen_matched_deposited_minstate_v1,273.2128059387207,49.332820892333984,943.826171875
7F72_A_MET103__032__0,7F72_A_MET103,32,0,73.13288879394531,72.57913208007812,78.19924926757812,A,frozen_matched_deposited_minstate_v1,273.2128059387207,49.332820892333984,943.826171875
7F72_A_MET103__032__2,7F72_A_MET103,32,2,75.27001953125,72.57913208007812,78.19924926757812,B,frozen_matched_deposited_minstate_v1,273.2128059387207,49.332820892333984,943.826171875
7F72_A_MET103__033__0,7F72_A_MET103,33,0,73.18730163574219,72.57913208007812,78.19924926757812,A,frozen_matched_deposited_minstate_v1,273.2128059387207,49.332820892333984,943.826171875
7F72_A_MET103__033__1,7F72_A_MET103,33,1,52.58476638793945,72.57913208007812,78.19924926757812,other,frozen_matched_deposited_minstate_v1,273.2128059387207,49.332820892333984,943.826171875
7F72_A_MET103__033__2,7F72_A_MET103,33,2,75.27430725097656,72.57913208007812,78.19924926757812,B,frozen_matched_deposited_minstate_v1,273.2128059387207,49.332820892333984,943.826171875
7F72_A_MET103__034__0,7F72_A_MET103,34,0,55.39506149291992,72.57913208007812,78.19924926757812,other,frozen_matched_deposited_minstate_v1,273.2128059387207,49.332820892333984,943.826171875
7F72_A_MET103__034__2,7F72_A_MET103,34,2,54.30904769897461,72.57913208007812,78.19924926757812,other,frozen_matched_deposited_minstate_v1,273.2128059387207,49.332820892333984,943.826171875
7F72_A_MET103__034__3,7F72_A_MET103,34,3,71.71532440185547,72.57913208007812,78.19924926757812,A,frozen_matched_deposited_minstate_v1,273.2128059387207,49.332820892333984,943.826171875
7F72_A_MET103__035__1,7F72_A_MET103,35,1,74.09029388427734,72.57913208007812,78.19924926757812,A,frozen_matched_deposited_minstate_v1,273.2128059387207,49.332820892333984,943.826171875
7F72_A_MET103__035__3,7F72_A_MET103,35,3,75.25820922851562,72.57913208007812,78.19924926757812,B,frozen_matched_deposited_minstate_v1,273.2128059387207,49.332820892333984,943.826171875
7F72_A_MET103__036__2,7F72_A_MET103,36,2,73.50405883789062,72.57913208007812,78.19924926757812,A,frozen_matched_deposited_minstate_v1,273.2128059387207,49.332820892333984,943.826171875
7F72_A_MET103__036__3,7F72_A_MET103,36,3,75.25376892089844,72.57913208007812,78.19924926757812,B,frozen_matched_deposited_minstate_v1,273.2128059387207,49.332820892333984,943.826171875
7F72_A_MET103__037__0,7F72_A_MET103,37,0,74.13221740722656,72.57913208007812,78.19924926757812,A,frozen_matched_deposited_minstate_v1,273.2128059387207,49.332820892333984,943.826171875
7F72_A_MET103__037__1,7F72_A_MET103,37,1,48.751861572265625,72.57913208007812,78.19924926757812,other,frozen_matched_deposited_minstate_v1,273.2128059387207,49.332820892333984,943.826171875
7F72_A_MET103__037__2,7F72_A_MET103,37,2,53.99152374267578,72.57913208007812,78.19924926757812,other,frozen_matched_deposited_minstate_v1,273.2128059387207,49.332820892333984,943.826171875
7F72_A_MET103__037__3,7F72_A_MET103,37,3,74.36927032470703,72.57913208007812,78.19924926757812,B,frozen_matched_deposited_minstate_v1,273.2128059387207,49.332820892333984,943.826171875
7F72_A_MET103__038__2,7F72_A_MET103,38,2,73.74378967285156,72.57913208007812,78.19924926757812,A,frozen_matched_deposited_minstate_v1,273.2128059387207,49.332820892333984,943.826171875
7F72_A_MET103__038__3,7F72_A_MET103,38,3,75.18402099609375,72.57913208007812,78.19924926757812,B,frozen_matched_deposited_minstate_v1,273.2128059387207,49.332820892333984,943.826171875
7F72_A_MET103__039__0,7F72_A_MET103,39,0,73.54072570800781,72.57913208007812,78.19924926757812,A,frozen_matched_deposited_minstate_v1,273.2128059387207,49.332820892333984,943.826171875
7F72_A_MET103__039__3,7F72_A_MET103,39,3,75.13276672363281,72.57913208007812,78.19924926757812,B,frozen_matched_deposited_minstate_v1,273.2128059387207,49.332820892333984,943.826171875
7F72_A_MET103__040__0,7F72_A_MET103,40,0,54.65081787109375,72.57913208007812,78.19924926757812,other,frozen_matched_deposited_minstate_v1,273.2128059387207,49.332820892333984,943.826171875
7F72_A_MET103__040__2,7F72_A_MET103,40,2,73.30611419677734,72.57913208007812,78.19924926757812,A,frozen_matched_deposited_minstate_v1,273.2128059387207,49.332820892333984,943.826171875
7F72_A_MET103__040__3,7F72_A_MET103,40,3,74.3802490234375,72.57913208007812,78.19924926757812,B,frozen_matched_deposited_minstate_v1,273.2128059387207,49.332820892333984,943.826171875
7F72_A_MET103__041__0,7F72_A_MET103,41,0,72.78811645507812,72.57913208007812,78.19924926757812,A,frozen_matched_deposited_minstate_v1,273.2128059387207,49.332820892333984,943.826171875
7F72_A_MET103__041__1,7F72_A_MET103,41,1,52.33984375,72.57913208007812,78.19924926757812,other,frozen_matched_deposited_minstate_v1,273.2128059387207,49.332820892333984,943.826171875
7F72_A_MET103__041__2,7F72_A_MET103,41,2,75.20588684082031,72.57913208007812,78.19924926757812,B,frozen_matched_deposited_minstate_v1,273.2128059387207,49.332820892333984,943.826171875
7F72_A_MET103__042__1,7F72_A_MET103,42,1,75.37129211425781,72.57913208007812,78.19924926757812,B,frozen_matched_deposited_minstate_v1,273.2128059387207,49.332820892333984,943.826171875
7F72_A_MET103__042__2,7F72_A_MET103,42,2,51.427978515625,72.57913208007812,78.19924926757812,other,frozen_matched_deposited_minstate_v1,273.2128059387207,49.332820892333984,943.826171875
7F72_A_MET103__042__3,7F72_A_MET103,42,3,73.48782348632812,72.57913208007812,78.19924926757812,A,frozen_matched_deposited_minstate_v1,273.2128059387207,49.332820892333984,943.826171875
7F72_A_MET103__043__0,7F72_A_MET103,43,0,60.174339294433594,72.57913208007812,78.19924926757812,other,frozen_matched_deposited_minstate_v1,273.2128059387207,49.332820892333984,943.826171875
7F72_A_MET103__043__1,7F72_A_MET103,43,1,75.30036163330078,72.57913208007812,78.19924926757812,A,frozen_matched_deposited_minstate_v1,273.2128059387207,49.332820892333984,943.826171875
7F72_A_MET103__043__2,7F72_A_MET103,43,2,75.47875213623047,72.57913208007812,78.19924926757812,B,frozen_matched_deposited_minstate_v1,273.2128059387207,49.332820892333984,943.826171875
7F72_A_MET103__043__3,7F72_A_MET103,43,3,50.1731071472168,72.57913208007812,78.19924926757812,other,frozen_matched_deposited_minstate_v1,273.2128059387207,49.332820892333984,943.826171875
7F72_A_MET103__044__0,7F72_A_MET103,44,0,72.26045989990234,72.57913208007812,78.19924926757812,A,frozen_matched_deposited_minstate_v1,273.2128059387207,49.332820892333984,943.826171875
7F72_A_MET103__044__1,7F72_A_MET103,44,1,61.62919616699219,72.57913208007812,78.19924926757812,other,frozen_matched_deposited_minstate_v1,273.2128059387207,49.332820892333984,943.826171875
7F72_A_MET103__044__3,7F72_A_MET103,44,3,75.0269546508789,72.57913208007812,78.19924926757812,B,frozen_matched_deposited_minstate_v1,273.2128059387207,49.332820892333984,943.826171875
7F72_A_MET103__045__1,7F72_A_MET103,45,1,54.47587585449219,72.57913208007812,78.19924926757812,other,frozen_matched_deposited_minstate_v1,273.2128059387207,49.332820892333984,943.826171875
7F72_A_MET103__045__3,7F72_A_MET103,45,3,75.91751098632812,72.57913208007812,78.19924926757812,B,frozen_matched_deposited_minstate_v1,273.2128059387207,49.332820892333984,943.826171875
7F72_A_MET103__046__0,7F72_A_MET103,46,0,73.19410705566406,72.57913208007812,78.19924926757812,A,frozen_matched_deposited_minstate_v1,273.2128059387207,49.332820892333984,943.826171875
7F72_A_MET103__046__3,7F72_A_MET103,46,3,75.2435302734375,72.57913208007812,78.19924926757812,B,frozen_matched_deposited_minstate_v1,273.2128059387207,49.332820892333984,943.826171875
7F72_A_MET103__047__1,7F72_A_MET103,47,1,74.33729553222656,72.57913208007812,78.19924926757812,B,frozen_matched_deposited_minstate_v1,273.2128059387207,49.332820892333984,943.826171875
7F72_A_MET103__047__3,7F72_A_MET103,47,3,74.15043640136719,72.57913208007812,78.19924926757812,A,frozen_matched_deposited_minstate_v1,273.2128059387207,49.332820892333984,943.826171875
7F72_A_MET103__048__1,7F72_A_MET103,48,1,75.121337890625,72.57913208007812,78.19924926757812,B,frozen_matched_deposited_minstate_v1,273.2128059387207,49.332820892333984,943.826171875
7F72_A_MET103__048__2,7F72_A_MET103,48,2,73.49797058105469,72.57913208007812,78.19924926757812,A,frozen_matched_deposited_minstate_v1,273.2128059387207,49.332820892333984,943.826171875
7F72_A_MET103__049__0,7F72_A_MET103,49,0,73.6157455444336,72.57913208007812,78.19924926757812,A,frozen_matched_deposited_minstate_v1,273.2128059387207,49.332820892333984,943.826171875
7F72_A_MET103__049__1,7F72_A_MET103,49,1,75.35877990722656,72.57913208007812,78.19924926757812,B,frozen_matched_deposited_minstate_v1,273.2128059387207,49.332820892333984,943.826171875
3A1C_B_ARG447__000__0,3A1C_B_ARG447,0,0,171.77711486816406,175.90042114257812,168.35716247558594,A,frozen_matched_deposited_minstate_v1,167.24268035888673,165.5059356689453,170.09642028808594
3A1C_B_ARG447__000__2,3A1C_B_ARG447,0,2,166.97439575195312,175.90042114257812,168.35716247558594,B,frozen_matched_deposited_minstate_v1,167.24268035888673,165.5059356689453,170.09642028808594
3A1C_B_ARG447__001__0,3A1C_B_ARG447,1,0,166.30982971191406,175.90042114257812,168.35716247558594,other,frozen_matched_deposited_minstate_v1,167.24268035888673,165.5059356689453,170.09642028808594
3A1C_B_ARG447__001__1,3A1C_B_ARG447,1,1,167.48892211914062,175.90042114257812,168.35716247558594,B,frozen_matched_deposited_minstate_v1,167.24268035888673,165.5059356689453,170.09642028808594
3A1C_B_ARG447__001__2,3A1C_B_ARG447,1,2,171.69476318359375,175.90042114257812,168.35716247558594,A,frozen_matched_deposited_minstate_v1,167.24268035888673,165.5059356689453,170.09642028808594
3A1C_B_ARG447__001__3,3A1C_B_ARG447,1,3,180.1166229248047,175.90042114257812,168.35716247558594,other,frozen_matched_deposited_minstate_v1,167.24268035888673,165.5059356689453,170.09642028808594
3A1C_B_ARG447__002__0,3A1C_B_ARG447,2,0,168.95594787597656,175.90042114257812,168.35716247558594,other,frozen_matched_deposited_minstate_v1,167.24268035888673,165.5059356689453,170.09642028808594
3A1C_B_ARG447__002__1,3A1C_B_ARG447,2,1,166.78050231933594,175.90042114257812,168.35716247558594,other,frozen_matched_deposited_minstate_v1,167.24268035888673,165.5059356689453,170.09642028808594
3A1C_B_ARG447__002__2,3A1C_B_ARG447,2,2,171.8385009765625,175.90042114257812,168.35716247558594,A,frozen_matched_deposited_minstate_v1,167.24268035888673,165.5059356689453,170.09642028808594
3A1C_B_ARG447__002__3,3A1C_B_ARG447,2,3,166.6050262451172,175.90042114257812,168.35716247558594,B,frozen_matched_deposited_minstate_v1,167.24268035888673,165.5059356689453,170.09642028808594
3A1C_B_ARG447__003__0,3A1C_B_ARG447,3,0,171.79473876953125,175.90042114257812,168.35716247558594,A,frozen_matched_deposited_minstate_v1,167.24268035888673,165.5059356689453,170.09642028808594
3A1C_B_ARG447__003__2,3A1C_B_ARG447,3,2,166.30963134765625,175.90042114257812,168.35716247558594,other,frozen_matched_deposited_minstate_v1,167.24268035888673,165.5059356689453,170.09642028808594
3A1C_B_ARG447__003__3,3A1C_B_ARG447,3,3,166.95228576660156,175.90042114257812,168.35716247558594,B,frozen_matched_deposited_minstate_v1,167.24268035888673,165.5059356689453,170.09642028808594
3A1C_B_ARG447__004__0,3A1C_B_ARG447,4,0,169.8983612060547,175.90042114257812,168.35716247558594,other,frozen_matched_deposited_minstate_v1,167.24268035888673,165.5059356689453,170.09642028808594
3A1C_B_ARG447__004__2,3A1C_B_ARG447,4,2,171.8340301513672,175.90042114257812,168.35716247558594,A,frozen_matched_deposited_minstate_v1,167.24268035888673,165.5059356689453,170.09642028808594
3A1C_B_ARG447__004__3,3A1C_B_ARG447,4,3,166.99110412597656,175.90042114257812,168.35716247558594,B,frozen_matched_deposited_minstate_v1,167.24268035888673,165.5059356689453,170.09642028808594
3A1C_B_ARG447__005__0,3A1C_B_ARG447,5,0,166.6541748046875,175.90042114257812,168.35716247558594,other,frozen_matched_deposited_minstate_v1,167.24268035888673,165.5059356689453,170.09642028808594
3A1C_B_ARG447__005__1,3A1C_B_ARG447,5,1,167.000732421875,175.90042114257812,168.35716247558594,B,frozen_matched_deposited_minstate_v1,167.24268035888673,165.5059356689453,170.09642028808594
3A1C_B_ARG447__005__2,3A1C_B_ARG447,5,2,175.75355529785156,175.90042114257812,168.35716247558594,A,frozen_matched_deposited_minstate_v1,167.24268035888673,165.5059356689453,170.09642028808594
3A1C_B_ARG447__006__0,3A1C_B_ARG447,6,0,166.9735870361328,175.90042114257812,168.35716247558594,B,frozen_matched_deposited_minstate_v1,167.24268035888673,165.5059356689453,170.09642028808594
3A1C_B_ARG447__006__1,3A1C_B_ARG447,6,1,171.77877807617188,175.90042114257812,168.35716247558594,A,frozen_matched_deposited_minstate_v1,167.24268035888673,165.5059356689453,170.09642028808594
3A1C_B_ARG447__007__0,3A1C_B_ARG447,7,0,166.9739990234375,175.90042114257812,168.35716247558594,B,frozen_matched_deposited_minstate_v1,167.24268035888673,165.5059356689453,170.09642028808594
3A1C_B_ARG447__007__3,3A1C_B_ARG447,7,3,171.53952026367188,175.90042114257812,168.35716247558594,A,frozen_matched_deposited_minstate_v1,167.24268035888673,165.5059356689453,170.09642028808594
3A1C_B_ARG447__008__0,3A1C_B_ARG447,8,0,166.96527099609375,175.90042114257812,168.35716247558594,B,frozen_matched_deposited_minstate_v1,167.24268035888673,165.5059356689453,170.09642028808594
3A1C_B_ARG447__008__3,3A1C_B_ARG447,8,3,175.46426391601562,175.90042114257812,168.35716247558594,A,frozen_matched_deposited_minstate_v1,167.24268035888673,165.5059356689453,170.09642028808594
3A1C_B_ARG447__009__0,3A1C_B_ARG447,9,0,166.99172973632812,175.90042114257812,168.35716247558594,B,frozen_matched_deposited_minstate_v1,167.24268035888673,165.5059356689453,170.09642028808594
3A1C_B_ARG447__009__2,3A1C_B_ARG447,9,2,171.99545288085938,175.90042114257812,168.35716247558594,A,frozen_matched_deposited_minstate_v1,167.24268035888673,165.5059356689453,170.09642028808594
3A1C_B_ARG447__010__1,3A1C_B_ARG447,10,1,171.775390625,175.90042114257812,168.35716247558594,A,frozen_matched_deposited_minstate_v1,167.24268035888673,165.5059356689453,170.09642028808594
3A1C_B_ARG447__010__3,3A1C_B_ARG447,10,3,166.96876525878906,175.90042114257812,168.35716247558594,B,frozen_matched_deposited_minstate_v1,167.24268035888673,165.5059356689453,170.09642028808594
3A1C_B_ARG447__011__2,3A1C_B_ARG447,11,2,171.7782440185547,175.90042114257812,168.35716247558594,A,frozen_matched_deposited_minstate_v1,167.24268035888673,165.5059356689453,170.09642028808594
3A1C_B_ARG447__011__3,3A1C_B_ARG447,11,3,166.97396850585938,175.90042114257812,168.35716247558594,B,frozen_matched_deposited_minstate_v1,167.24268035888673,165.5059356689453,170.09642028808594
3A1C_B_ARG447__012__0,3A1C_B_ARG447,12,0,171.9820556640625,175.90042114257812,168.35716247558594,A,frozen_matched_deposited_minstate_v1,167.24268035888673,165.5059356689453,170.09642028808594
3A1C_B_ARG447__012__2,3A1C_B_ARG447,12,2,167.2453155517578,175.90042114257812,168.35716247558594,B,frozen_matched_deposited_minstate_v1,167.24268035888673,165.5059356689453,170.09642028808594
3A1C_B_ARG447__013__1,3A1C_B_ARG447,13,1,174.07781982421875,175.90042114257812,168.35716247558594,A,frozen_matched_deposited_minstate_v1,167.24268035888673,165.5059356689453,170.09642028808594
3A1C_B_ARG447__013__2,3A1C_B_ARG447,13,2,166.9612274169922,175.90042114257812,168.35716247558594,B,frozen_matched_deposited_minstate_v1,167.24268035888673,165.5059356689453,170.09642028808594
3A1C_B_ARG447__014__1,3A1C_B_ARG447,14,1,171.7786102294922,175.90042114257812,168.35716247558594,A,frozen_matched_deposited_minstate_v1,167.24268035888673,165.5059356689453,170.09642028808594
3A1C_B_ARG447__014__2,3A1C_B_ARG447,14,2,166.9664306640625,175.90042114257812,168.35716247558594,B,frozen_matched_deposited_minstate_v1,167.24268035888673,165.5059356689453,170.09642028808594
3A1C_B_ARG447__015__0,3A1C_B_ARG447,15,0,167.38992309570312,175.90042114257812,168.35716247558594,B,frozen_matched_deposited_minstate_v1,167.24268035888673,165.5059356689453,170.09642028808594
3A1C_B_ARG447__015__2,3A1C_B_ARG447,15,2,172.08914184570312,175.90042114257812,168.35716247558594,A,frozen_matched_deposited_minstate_v1,167.24268035888673,165.5059356689453,170.09642028808594
3A1C_B_ARG447__015__3,3A1C_B_ARG447,15,3,166.3890380859375,175.90042114257812,168.35716247558594,other,frozen_matched_deposited_minstate_v1,167.24268035888673,165.5059356689453,170.09642028808594
3A1C_B_ARG447__016__0,3A1C_B_ARG447,16,0,166.9740753173828,175.90042114257812,168.35716247558594,B,frozen_matched_deposited_minstate_v1,167.24268035888673,165.5059356689453,170.09642028808594
3A1C_B_ARG447__016__2,3A1C_B_ARG447,16,2,197.6478729248047,175.90042114257812,168.35716247558594,other,frozen_matched_deposited_minstate_v1,167.24268035888673,165.5059356689453,170.09642028808594
3A1C_B_ARG447__016__3,3A1C_B_ARG447,16,3,167.81593322753906,175.90042114257812,168.35716247558594,A,frozen_matched_deposited_minstate_v1,167.24268035888673,165.5059356689453,170.09642028808594
3A1C_B_ARG447__017__1,3A1C_B_ARG447,17,1,171.75338745117188,175.90042114257812,168.35716247558594,A,frozen_matched_deposited_minstate_v1,167.24268035888673,165.5059356689453,170.09642028808594
3A1C_B_ARG447__017__3,3A1C_B_ARG447,17,3,166.9848175048828,175.90042114257812,168.35716247558594,B,frozen_matched_deposited_minstate_v1,167.24268035888673,165.5059356689453,170.09642028808594
3A1C_B_ARG447__018__0,3A1C_B_ARG447,18,0,167.30328369140625,175.90042114257812,168.35716247558594,B,frozen_matched_deposited_minstate_v1,167.24268035888673,165.5059356689453,170.09642028808594
3A1C_B_ARG447__018__2,3A1C_B_ARG447,18,2,171.92784118652344,175.90042114257812,168.35716247558594,A,frozen_matched_deposited_minstate_v1,167.24268035888673,165.5059356689453,170.09642028808594
3A1C_B_ARG447__019__0,3A1C_B_ARG447,19,0,170.92330932617188,175.90042114257812,168.35716247558594,A,frozen_matched_deposited_minstate_v1,167.24268035888673,165.5059356689453,170.09642028808594
3A1C_B_ARG447__019__1,3A1C_B_ARG447,19,1,182.70445251464844,175.90042114257812,168.35716247558594,other,frozen_matched_deposited_minstate_v1,167.24268035888673,165.5059356689453,170.09642028808594
3A1C_B_ARG447__019__3,3A1C_B_ARG447,19,3,166.96551513671875,175.90042114257812,168.35716247558594,B,frozen_matched_deposited_minstate_v1,167.24268035888673,165.5059356689453,170.09642028808594
3A1C_B_ARG447__020__0,3A1C_B_ARG447,20,0,167.3043212890625,175.90042114257812,168.35716247558594,B,frozen_matched_deposited_minstate_v1,167.24268035888673,165.5059356689453,170.09642028808594
3A1C_B_ARG447__020__2,3A1C_B_ARG447,20,2,171.90724182128906,175.90042114257812,168.35716247558594,A,frozen_matched_deposited_minstate_v1,167.24268035888673,165.5059356689453,170.09642028808594
3A1C_B_ARG447__021__0,3A1C_B_ARG447,21,0,171.66604614257812,175.90042114257812,168.35716247558594,other,frozen_matched_deposited_minstate_v1,167.24268035888673,165.5059356689453,170.09642028808594
3A1C_B_ARG447__021__2,3A1C_B_ARG447,21,2,172.04983520507812,175.90042114257812,168.35716247558594,A,frozen_matched_deposited_minstate_v1,167.24268035888673,165.5059356689453,170.09642028808594
3A1C_B_ARG447__021__3,3A1C_B_ARG447,21,3,165.95103454589844,175.90042114257812,168.35716247558594,other,frozen_matched_deposited_minstate_v1,167.24268035888673,165.5059356689453,170.09642028808594
3A1C_B_ARG447__022__0,3A1C_B_ARG447,22,0,166.96815490722656,175.90042114257812,168.35716247558594,B,frozen_matched_deposited_minstate_v1,167.24268035888673,165.5059356689453,170.09642028808594
3A1C_B_ARG447__022__3,3A1C_B_ARG447,22,3,171.78927612304688,175.90042114257812,168.35716247558594,A,frozen_matched_deposited_minstate_v1,167.24268035888673,165.5059356689453,170.09642028808594
3A1C_B_ARG447__023__2,3A1C_B_ARG447,23,2,174.97056579589844,175.90042114257812,168.35716247558594,A,frozen_matched_deposited_minstate_v1,167.24268035888673,165.5059356689453,170.09642028808594
3A1C_B_ARG447__023__3,3A1C_B_ARG447,23,3,166.96177673339844,175.90042114257812,168.35716247558594,B,frozen_matched_deposited_minstate_v1,167.24268035888673,165.5059356689453,170.09642028808594
3A1C_B_ARG447__024__0,3A1C_B_ARG447,24,0,171.7613067626953,175.90042114257812,168.35716247558594,A,frozen_matched_deposited_minstate_v1,167.24268035888673,165.5059356689453,170.09642028808594
3A1C_B_ARG447__024__3,3A1C_B_ARG447,24,3,166.9836883544922,175.90042114257812,168.35716247558594,B,frozen_matched_deposited_minstate_v1,167.24268035888673,165.5059356689453,170.09642028808594
3A1C_B_ARG447__025__0,3A1C_B_ARG447,25,0,167.34304809570312,175.90042114257812,168.35716247558594,B,frozen_matched_deposited_minstate_v1,167.24268035888673,165.5059356689453,170.09642028808594
3A1C_B_ARG447__025__1,3A1C_B_ARG447,25,1,171.18276977539062,175.90042114257812,168.35716247558594,A,frozen_matched_deposited_minstate_v1,167.24268035888673,165.5059356689453,170.09642028808594
3A1C_B_ARG447__025__2,3A1C_B_ARG447,25,2,166.44744873046875,175.90042114257812,168.35716247558594,other,frozen_matched_deposited_minstate_v1,167.24268035888673,165.5059356689453,170.09642028808594
3A1C_B_ARG447__025__3,3A1C_B_ARG447,25,3,179.638916015625,175.90042114257812,168.35716247558594,other,frozen_matched_deposited_minstate_v1,167.24268035888673,165.5059356689453,170.09642028808594
3A1C_B_ARG447__026__0,3A1C_B_ARG447,26,0,167.19427490234375,175.90042114257812,168.35716247558594,B,frozen_matched_deposited_minstate_v1,167.24268035888673,165.5059356689453,170.09642028808594
3A1C_B_ARG447__026__1,3A1C_B_ARG447,26,1,171.89051818847656,175.90042114257812,168.35716247558594,A,frozen_matched_deposited_minstate_v1,167.24268035888673,165.5059356689453,170.09642028808594
3A1C_B_ARG447__027__0,3A1C_B_ARG447,27,0,167.005126953125,175.90042114257812,168.35716247558594,B,frozen_matched_deposited_minstate_v1,167.24268035888673,165.5059356689453,170.09642028808594
3A1C_B_ARG447__027__3,3A1C_B_ARG447,27,3,171.72555541992188,175.90042114257812,168.35716247558594,A,frozen_matched_deposited_minstate_v1,167.24268035888673,165.5059356689453,170.09642028808594
3A1C_B_ARG447__028__1,3A1C_B_ARG447,28,1,166.95950317382812,175.90042114257812,168.35716247558594,B,frozen_matched_deposited_minstate_v1,167.24268035888673,165.5059356689453,170.09642028808594
3A1C_B_ARG447__028__2,3A1C_B_ARG447,28,2,175.69752502441406,175.90042114257812,168.35716247558594,A,frozen_matched_deposited_minstate_v1,167.24268035888673,165.5059356689453,170.09642028808594
3A1C_B_ARG447__029__1,3A1C_B_ARG447,29,1,171.89080810546875,175.90042114257812,168.35716247558594,A,frozen_matched_deposited_minstate_v1,167.24268035888673,165.5059356689453,170.09642028808594
3A1C_B_ARG447__029__3,3A1C_B_ARG447,29,3,167.3101806640625,175.90042114257812,168.35716247558594,B,frozen_matched_deposited_minstate_v1,167.24268035888673,165.5059356689453,170.09642028808594
3A1C_B_ARG447__030__1,3A1C_B_ARG447,30,1,166.9624481201172,175.90042114257812,168.35716247558594,B,frozen_matched_deposited_minstate_v1,167.24268035888673,165.5059356689453,170.09642028808594
3A1C_B_ARG447__030__3,3A1C_B_ARG447,30,3,172.1752166748047,175.90042114257812,168.35716247558594,A,frozen_matched_deposited_minstate_v1,167.24268035888673,165.5059356689453,170.09642028808594
3A1C_B_ARG447__031__0,3A1C_B_ARG447,31,0,166.97293090820312,175.90042114257812,168.35716247558594,B,frozen_matched_deposited_minstate_v1,167.24268035888673,165.5059356689453,170.09642028808594
3A1C_B_ARG447__031__1,3A1C_B_ARG447,31,1,171.72775268554688,175.90042114257812,168.35716247558594,A,frozen_matched_deposited_minstate_v1,167.24268035888673,165.5059356689453,170.09642028808594
3A1C_B_ARG447__032__0,3A1C_B_ARG447,32,0,166.9606170654297,175.90042114257812,168.35716247558594,B,frozen_matched_deposited_minstate_v1,167.24268035888673,165.5059356689453,170.09642028808594
3A1C_B_ARG447__032__3,3A1C_B_ARG447,32,3,174.3162384033203,175.90042114257812,168.35716247558594,A,frozen_matched_deposited_minstate_v1,167.24268035888673,165.5059356689453,170.09642028808594
3A1C_B_ARG447__033__1,3A1C_B_ARG447,33,1,176.8214874267578,175.90042114257812,168.35716247558594,A,frozen_matched_deposited_minstate_v1,167.24268035888673,165.5059356689453,170.09642028808594
3A1C_B_ARG447__033__2,3A1C_B_ARG447,33,2,166.94290161132812,175.90042114257812,168.35716247558594,B,frozen_matched_deposited_minstate_v1,167.24268035888673,165.5059356689453,170.09642028808594
3A1C_B_ARG447__034__1,3A1C_B_ARG447,34,1,167.00738525390625,175.90042114257812,168.35716247558594,B,frozen_matched_deposited_minstate_v1,167.24268035888673,165.5059356689453,170.09642028808594
3A1C_B_ARG447__034__3,3A1C_B_ARG447,34,3,171.63572692871094,175.90042114257812,168.35716247558594,A,frozen_matched_deposited_minstate_v1,167.24268035888673,165.5059356689453,170.09642028808594
3A1C_B_ARG447__035__1,3A1C_B_ARG447,35,1,173.03839111328125,175.90042114257812,168.35716247558594,A,frozen_matched_deposited_minstate_v1,167.24268035888673,165.5059356689453,170.09642028808594
3A1C_B_ARG447__035__3,3A1C_B_ARG447,35,3,167.04664611816406,175.90042114257812,168.35716247558594,B,frozen_matched_deposited_minstate_v1,167.24268035888673,165.5059356689453,170.09642028808594
3A1C_B_ARG447__036__0,3A1C_B_ARG447,36,0,166.92401123046875,175.90042114257812,168.35716247558594,B,frozen_matched_deposited_minstate_v1,167.24268035888673,165.5059356689453,170.09642028808594
3A1C_B_ARG447__036__2,3A1C_B_ARG447,36,2,166.32760620117188,175.90042114257812,168.35716247558594,other,frozen_matched_deposited_minstate_v1,167.24268035888673,165.5059356689453,170.09642028808594
3A1C_B_ARG447__036__3,3A1C_B_ARG447,36,3,171.87408447265625,175.90042114257812,168.35716247558594,A,frozen_matched_deposited_minstate_v1,167.24268035888673,165.5059356689453,170.09642028808594
3A1C_B_ARG447__037__0,3A1C_B_ARG447,37,0,171.65023803710938,175.90042114257812,168.35716247558594,A,frozen_matched_deposited_minstate_v1,167.24268035888673,165.5059356689453,170.09642028808594
3A1C_B_ARG447__037__2,3A1C_B_ARG447,37,2,167.12799072265625,175.90042114257812,168.35716247558594,B,frozen_matched_deposited_minstate_v1,167.24268035888673,165.5059356689453,170.09642028808594
3A1C_B_ARG447__038__1,3A1C_B_ARG447,38,1,166.9749755859375,175.90042114257812,168.35716247558594,B,frozen_matched_deposited_minstate_v1,167.24268035888673,165.5059356689453,170.09642028808594
3A1C_B_ARG447__038__3,3A1C_B_ARG447,38,3,171.77989196777344,175.90042114257812,168.35716247558594,A,frozen_matched_deposited_minstate_v1,167.24268035888673,165.5059356689453,170.09642028808594
3A1C_B_ARG447__039__1,3A1C_B_ARG447,39,1,166.44204711914062,175.90042114257812,168.35716247558594,other,frozen_matched_deposited_minstate_v1,167.24268035888673,165.5059356689453,170.09642028808594
3A1C_B_ARG447__039__2,3A1C_B_ARG447,39,2,167.41424560546875,175.90042114257812,168.35716247558594,B,frozen_matched_deposited_minstate_v1,167.24268035888673,165.5059356689453,170.09642028808594
3A1C_B_ARG447__039__3,3A1C_B_ARG447,39,3,172.33201599121094,175.90042114257812,168.35716247558594,A,frozen_matched_deposited_minstate_v1,167.24268035888673,165.5059356689453,170.09642028808594
3A1C_B_ARG447__040__0,3A1C_B_ARG447,40,0,166.90255737304688,175.90042114257812,168.35716247558594,other,frozen_matched_deposited_minstate_v1,167.24268035888673,165.5059356689453,170.09642028808594
3A1C_B_ARG447__040__1,3A1C_B_ARG447,40,1,189.05389404296875,175.90042114257812,168.35716247558594,other,frozen_matched_deposited_minstate_v1,167.24268035888673,165.5059356689453,170.09642028808594
3A1C_B_ARG447__040__2,3A1C_B_ARG447,40,2,169.85162353515625,175.90042114257812,168.35716247558594,other,frozen_matched_deposited_minstate_v1,167.24268035888673,165.5059356689453,170.09642028808594
3A1C_B_ARG447__040__3,3A1C_B_ARG447,40,3,167.57322692871094,175.90042114257812,168.35716247558594,B,frozen_matched_deposited_minstate_v1,167.24268035888673,165.5059356689453,170.09642028808594
3A1C_B_ARG447__041__0,3A1C_B_ARG447,41,0,172.19589233398438,175.90042114257812,168.35716247558594,A,frozen_matched_deposited_minstate_v1,167.24268035888673,165.5059356689453,170.09642028808594
3A1C_B_ARG447__041__1,3A1C_B_ARG447,41,1,167.2169952392578,175.90042114257812,168.35716247558594,B,frozen_matched_deposited_minstate_v1,167.24268035888673,165.5059356689453,170.09642028808594
3A1C_B_ARG447__042__1,3A1C_B_ARG447,42,1,176.29690551757812,175.90042114257812,168.35716247558594,A,frozen_matched_deposited_minstate_v1,167.24268035888673,165.5059356689453,170.09642028808594
3A1C_B_ARG447__042__3,3A1C_B_ARG447,42,3,166.94802856445312,175.90042114257812,168.35716247558594,B,frozen_matched_deposited_minstate_v1,167.24268035888673,165.5059356689453,170.09642028808594
3A1C_B_ARG447__043__1,3A1C_B_ARG447,43,1,171.97450256347656,175.90042114257812,168.35716247558594,A,frozen_matched_deposited_minstate_v1,167.24268035888673,165.5059356689453,170.09642028808594
3A1C_B_ARG447__043__3,3A1C_B_ARG447,43,3,166.978515625,175.90042114257812,168.35716247558594,B,frozen_matched_deposited_minstate_v1,167.24268035888673,165.5059356689453,170.09642028808594
3A1C_B_ARG447__044__1,3A1C_B_ARG447,44,1,174.87188720703125,175.90042114257812,168.35716247558594,A,frozen_matched_deposited_minstate_v1,167.24268035888673,165.5059356689453,170.09642028808594
3A1C_B_ARG447__044__3,3A1C_B_ARG447,44,3,166.96334838867188,175.90042114257812,168.35716247558594,B,frozen_matched_deposited_minstate_v1,167.24268035888673,165.5059356689453,170.09642028808594
3A1C_B_ARG447__045__0,3A1C_B_ARG447,45,0,165.9523162841797,175.90042114257812,168.35716247558594,other,frozen_matched_deposited_minstate_v1,167.24268035888673,165.5059356689453,170.09642028808594
3A1C_B_ARG447__045__1,3A1C_B_ARG447,45,1,175.29458618164062,175.90042114257812,168.35716247558594,A,frozen_matched_deposited_minstate_v1,167.24268035888673,165.5059356689453,170.09642028808594
3A1C_B_ARG447__045__2,3A1C_B_ARG447,45,2,171.6002960205078,175.90042114257812,168.35716247558594,other,frozen_matched_deposited_minstate_v1,167.24268035888673,165.5059356689453,170.09642028808594
3A1C_B_ARG447__046__0,3A1C_B_ARG447,46,0,166.5253143310547,175.90042114257812,168.35716247558594,other,frozen_matched_deposited_minstate_v1,167.24268035888673,165.5059356689453,170.09642028808594
3A1C_B_ARG447__046__1,3A1C_B_ARG447,46,1,171.79159545898438,175.90042114257812,168.35716247558594,A,frozen_matched_deposited_minstate_v1,167.24268035888673,165.5059356689453,170.09642028808594
3A1C_B_ARG447__046__3,3A1C_B_ARG447,46,3,166.98251342773438,175.90042114257812,168.35716247558594,B,frozen_matched_deposited_minstate_v1,167.24268035888673,165.5059356689453,170.09642028808594
3A1C_B_ARG447__047__2,3A1C_B_ARG447,47,2,171.78367614746094,175.90042114257812,168.35716247558594,A,frozen_matched_deposited_minstate_v1,167.24268035888673,165.5059356689453,170.09642028808594
3A1C_B_ARG447__047__3,3A1C_B_ARG447,47,3,166.96392822265625,175.90042114257812,168.35716247558594,B,frozen_matched_deposited_minstate_v1,167.24268035888673,165.5059356689453,170.09642028808594
3A1C_B_ARG447__048__0,3A1C_B_ARG447,48,0,171.72288513183594,175.90042114257812,168.35716247558594,A,frozen_matched_deposited_minstate_v1,167.24268035888673,165.5059356689453,170.09642028808594
3A1C_B_ARG447__048__2,3A1C_B_ARG447,48,2,166.9793701171875,175.90042114257812,168.35716247558594,B,frozen_matched_deposited_minstate_v1,167.24268035888673,165.5059356689453,170.09642028808594
3A1C_B_ARG447__049__0,3A1C_B_ARG447,49,0,166.9833221435547,175.90042114257812,168.35716247558594,B,frozen_matched_deposited_minstate_v1,167.24268035888673,165.5059356689453,170.09642028808594
3A1C_B_ARG447__049__3,3A1C_B_ARG447,49,3,171.69822692871094,175.90042114257812,168.35716247558594,A,frozen_matched_deposited_minstate_v1,167.24268035888673,165.5059356689453,170.09642028808594
6H59_B_ARG144__000__0,6H59_B_ARG144,0,0,106.6661148071289,122.55687713623047,107.15079498291016,B,frozen_matched_deposited_minstate_v1,360.9003288269043,50.25675582885742,2532.10498046875
6H59_B_ARG144__000__3,6H59_B_ARG144,0,3,120.38084411621094,122.55687713623047,107.15079498291016,A,frozen_matched_deposited_minstate_v1,360.9003288269043,50.25675582885742,2532.10498046875
6H59_B_ARG144__001__0,6H59_B_ARG144,1,0,106.84233093261719,122.55687713623047,107.15079498291016,B,frozen_matched_deposited_minstate_v1,360.9003288269043,50.25675582885742,2532.10498046875
6H59_B_ARG144__001__2,6H59_B_ARG144,1,2,50.11671447753906,122.55687713623047,107.15079498291016,other,frozen_matched_deposited_minstate_v1,360.9003288269043,50.25675582885742,2532.10498046875
6H59_B_ARG144__002__0,6H59_B_ARG144,2,0,106.74047088623047,122.55687713623047,107.15079498291016,B,frozen_matched_deposited_minstate_v1,360.9003288269043,50.25675582885742,2532.10498046875
6H59_B_ARG144__002__2,6H59_B_ARG144,2,2,120.36674499511719,122.55687713623047,107.15079498291016,A,frozen_matched_deposited_minstate_v1,360.9003288269043,50.25675582885742,2532.10498046875
6H59_B_ARG144__003__0,6H59_B_ARG144,3,0,120.38525390625,122.55687713623047,107.15079498291016,A,frozen_matched_deposited_minstate_v1,360.9003288269043,50.25675582885742,2532.10498046875
6H59_B_ARG144__003__2,6H59_B_ARG144,3,2,106.64923095703125,122.55687713623047,107.15079498291016,B,frozen_matched_deposited_minstate_v1,360.9003288269043,50.25675582885742,2532.10498046875
6H59_B_ARG144__004__1,6H59_B_ARG144,4,1,106.6644515991211,122.55687713623047,107.15079498291016,B,frozen_matched_deposited_minstate_v1,360.9003288269043,50.25675582885742,2532.10498046875
6H59_B_ARG144__004__3,6H59_B_ARG144,4,3,120.39529418945312,122.55687713623047,107.15079498291016,A,frozen_matched_deposited_minstate_v1,360.9003288269043,50.25675582885742,2532.10498046875
6H59_B_ARG144__005__0,6H59_B_ARG144,5,0,120.38587188720703,122.55687713623047,107.15079498291016,A,frozen_matched_deposited_minstate_v1,360.9003288269043,50.25675582885742,2532.10498046875
6H59_B_ARG144__005__1,6H59_B_ARG144,5,1,106.67970275878906,122.55687713623047,107.15079498291016,B,frozen_matched_deposited_minstate_v1,360.9003288269043,50.25675582885742,2532.10498046875
6H59_B_ARG144__006__0,6H59_B_ARG144,6,0,106.64054870605469,122.55687713623047,107.15079498291016,B,frozen_matched_deposited_minstate_v1,360.9003288269043,50.25675582885742,2532.10498046875
6H59_B_ARG144__006__3,6H59_B_ARG144,6,3,120.3821792602539,122.55687713623047,107.15079498291016,A,frozen_matched_deposited_minstate_v1,360.9003288269043,50.25675582885742,2532.10498046875
6H59_B_ARG144__007__1,6H59_B_ARG144,7,1,106.65287017822266,122.55687713623047,107.15079498291016,B,frozen_matched_deposited_minstate_v1,360.9003288269043,50.25675582885742,2532.10498046875
6H59_B_ARG144__007__3,6H59_B_ARG144,7,3,120.38694763183594,122.55687713623047,107.15079498291016,A,frozen_matched_deposited_minstate_v1,360.9003288269043,50.25675582885742,2532.10498046875
6H59_B_ARG144__008__0,6H59_B_ARG144,8,0,120.39293670654297,122.55687713623047,107.15079498291016,A,frozen_matched_deposited_minstate_v1,360.9003288269043,50.25675582885742,2532.10498046875
6H59_B_ARG144__008__1,6H59_B_ARG144,8,1,106.64668273925781,122.55687713623047,107.15079498291016,B,frozen_matched_deposited_minstate_v1,360.9003288269043,50.25675582885742,2532.10498046875
6H59_B_ARG144__009__0,6H59_B_ARG144,9,0,106.86965942382812,122.55687713623047,107.15079498291016,B,frozen_matched_deposited_minstate_v1,360.9003288269043,50.25675582885742,2532.10498046875
6H59_B_ARG144__009__3,6H59_B_ARG144,9,3,49.88633728027344,122.55687713623047,107.15079498291016,other,frozen_matched_deposited_minstate_v1,360.9003288269043,50.25675582885742,2532.10498046875
6H59_B_ARG144__010__0,6H59_B_ARG144,10,0,106.65032958984375,122.55687713623047,107.15079498291016,B,frozen_matched_deposited_minstate_v1,360.9003288269043,50.25675582885742,2532.10498046875
6H59_B_ARG144__010__2,6H59_B_ARG144,10,2,120.38935852050781,122.55687713623047,107.15079498291016,A,frozen_matched_deposited_minstate_v1,360.9003288269043,50.25675582885742,2532.10498046875
6H59_B_ARG144__011__2,6H59_B_ARG144,11,2,120.37610626220703,122.55687713623047,107.15079498291016,A,frozen_matched_deposited_minstate_v1,360.9003288269043,50.25675582885742,2532.10498046875
6H59_B_ARG144__011__3,6H59_B_ARG144,11,3,106.66729736328125,122.55687713623047,107.15079498291016,B,frozen_matched_deposited_minstate_v1,360.9003288269043,50.25675582885742,2532.10498046875
6H59_B_ARG144__012__0,6H59_B_ARG144,12,0,52.78921890258789,122.55687713623047,107.15079498291016,other,frozen_matched_deposited_minstate_v1,360.9003288269043,50.25675582885742,2532.10498046875
6H59_B_ARG144__012__2,6H59_B_ARG144,12,2,106.83538055419922,122.55687713623047,107.15079498291016,B,frozen_matched_deposited_minstate_v1,360.9003288269043,50.25675582885742,2532.10498046875
6H59_B_ARG144__012__3,6H59_B_ARG144,12,3,49.965003967285156,122.55687713623047,107.15079498291016,other,frozen_matched_deposited_minstate_v1,360.9003288269043,50.25675582885742,2532.10498046875
6H59_B_ARG144__013__0,6H59_B_ARG144,13,0,106.64329528808594,122.55687713623047,107.15079498291016,B,frozen_matched_deposited_minstate_v1,360.9003288269043,50.25675582885742,2532.10498046875
6H59_B_ARG144__013__1,6H59_B_ARG144,13,1,120.38401794433594,122.55687713623047,107.15079498291016,A,frozen_matched_deposited_minstate_v1,360.9003288269043,50.25675582885742,2532.10498046875
6H59_B_ARG144__014__2,6H59_B_ARG144,14,2,120.38436889648438,122.55687713623047,107.15079498291016,A,frozen_matched_deposited_minstate_v1,360.9003288269043,50.25675582885742,2532.10498046875
6H59_B_ARG144__014__3,6H59_B_ARG144,14,3,106.65341186523438,122.55687713623047,107.15079498291016,B,frozen_matched_deposited_minstate_v1,360.9003288269043,50.25675582885742,2532.10498046875
6H59_B_ARG144__015__0,6H59_B_ARG144,15,0,106.65113830566406,122.55687713623047,107.15079498291016,B,frozen_matched_deposited_minstate_v1,360.9003288269043,50.25675582885742,2532.10498046875
6H59_B_ARG144__015__1,6H59_B_ARG144,15,1,120.39700317382812,122.55687713623047,107.15079498291016,A,frozen_matched_deposited_minstate_v1,360.9003288269043,50.25675582885742,2532.10498046875
6H59_B_ARG144__016__1,6H59_B_ARG144,16,1,106.55977630615234,122.55687713623047,107.15079498291016,B,frozen_matched_deposited_minstate_v1,360.9003288269043,50.25675582885742,2532.10498046875
6H59_B_ARG144__016__2,6H59_B_ARG144,16,2,120.38970947265625,122.55687713623047,107.15079498291016,A,frozen_matched_deposited_minstate_v1,360.9003288269043,50.25675582885742,2532.10498046875
6H59_B_ARG144__017__0,6H59_B_ARG144,17,0,106.3808822631836,122.55687713623047,107.15079498291016,B,frozen_matched_deposited_minstate_v1,360.9003288269043,50.25675582885742,2532.10498046875
6H59_B_ARG144__017__1,6H59_B_ARG144,17,1,120.61479949951172,122.55687713623047,107.15079498291016,A,frozen_matched_deposited_minstate_v1,360.9003288269043,50.25675582885742,2532.10498046875
6H59_B_ARG144__018__2,6H59_B_ARG144,18,2,106.67993927001953,122.55687713623047,107.15079498291016,B,frozen_matched_deposited_minstate_v1,360.9003288269043,50.25675582885742,2532.10498046875
6H59_B_ARG144__018__3,6H59_B_ARG144,18,3,120.36280822753906,122.55687713623047,107.15079498291016,A,frozen_matched_deposited_minstate_v1,360.9003288269043,50.25675582885742,2532.10498046875
6H59_B_ARG144__019__0,6H59_B_ARG144,19,0,106.89096069335938,122.55687713623047,107.15079498291016,B,frozen_matched_deposited_minstate_v1,360.9003288269043,50.25675582885742,2532.10498046875
6H59_B_ARG144__019__2,6H59_B_ARG144,19,2,50.15904235839844,122.55687713623047,107.15079498291016,other,frozen_matched_deposited_minstate_v1,360.9003288269043,50.25675582885742,2532.10498046875
6H59_B_ARG144__020__0,6H59_B_ARG144,20,0,120.40214538574219,122.55687713623047,107.15079498291016,A,frozen_matched_deposited_minstate_v1,360.9003288269043,50.25675582885742,2532.10498046875
6H59_B_ARG144__020__3,6H59_B_ARG144,20,3,106.67100524902344,122.55687713623047,107.15079498291016,B,frozen_matched_deposited_minstate_v1,360.9003288269043,50.25675582885742,2532.10498046875
6H59_B_ARG144__021__0,6H59_B_ARG144,21,0,120.6375732421875,122.55687713623047,107.15079498291016,A,frozen_matched_deposited_minstate_v1,360.9003288269043,50.25675582885742,2532.10498046875
6H59_B_ARG144__021__1,6H59_B_ARG144,21,1,106.38240051269531,122.55687713623047,107.15079498291016,B,frozen_matched_deposited_minstate_v1,360.9003288269043,50.25675582885742,2532.10498046875
6H59_B_ARG144__022__0,6H59_B_ARG144,22,0,107.03870391845703,122.55687713623047,107.15079498291016,B,frozen_matched_deposited_minstate_v1,360.9003288269043,50.25675582885742,2532.10498046875
6H59_B_ARG144__022__1,6H59_B_ARG144,22,1,125.4678955078125,122.55687713623047,107.15079498291016,A,frozen_matched_deposited_minstate_v1,360.9003288269043,50.25675582885742,2532.10498046875
6H59_B_ARG144__022__3,6H59_B_ARG144,22,3,582.0355224609375,122.55687713623047,107.15079498291016,other,frozen_matched_deposited_minstate_v1,360.9003288269043,50.25675582885742,2532.10498046875
6H59_B_ARG144__023__1,6H59_B_ARG144,23,1,49.928035736083984,122.55687713623047,107.15079498291016,other,frozen_matched_deposited_minstate_v1,360.9003288269043,50.25675582885742,2532.10498046875
6H59_B_ARG144__023__3,6H59_B_ARG144,23,3,106.93941497802734,122.55687713623047,107.15079498291016,B,frozen_matched_deposited_minstate_v1,360.9003288269043,50.25675582885742,2532.10498046875
6H59_B_ARG144__024__0,6H59_B_ARG144,24,0,51.53868103027344,122.55687713623047,107.15079498291016,other,frozen_matched_deposited_minstate_v1,360.9003288269043,50.25675582885742,2532.10498046875
6H59_B_ARG144__024__1,6H59_B_ARG144,24,1,107.00371551513672,122.55687713623047,107.15079498291016,B,frozen_matched_deposited_minstate_v1,360.9003288269043,50.25675582885742,2532.10498046875
6H59_B_ARG144__024__2,6H59_B_ARG144,24,2,50.21355438232422,122.55687713623047,107.15079498291016,other,frozen_matched_deposited_minstate_v1,360.9003288269043,50.25675582885742,2532.10498046875
6H59_B_ARG144__025__0,6H59_B_ARG144,25,0,106.61961364746094,122.55687713623047,107.15079498291016,B,frozen_matched_deposited_minstate_v1,360.9003288269043,50.25675582885742,2532.10498046875
6H59_B_ARG144__025__1,6H59_B_ARG144,25,1,120.39472961425781,122.55687713623047,107.15079498291016,A,frozen_matched_deposited_minstate_v1,360.9003288269043,50.25675582885742,2532.10498046875
6H59_B_ARG144__026__0,6H59_B_ARG144,26,0,107.0386962890625,122.55687713623047,107.15079498291016,B,frozen_matched_deposited_minstate_v1,360.9003288269043,50.25675582885742,2532.10498046875
6H59_B_ARG144__026__3,6H59_B_ARG144,26,3,125.40587615966797,122.55687713623047,107.15079498291016,A,frozen_matched_deposited_minstate_v1,360.9003288269043,50.25675582885742,2532.10498046875
6H59_B_ARG144__027__0,6H59_B_ARG144,27,0,106.9101333618164,122.55687713623047,107.15079498291016,B,frozen_matched_deposited_minstate_v1,360.9003288269043,50.25675582885742,2532.10498046875
6H59_B_ARG144__027__1,6H59_B_ARG144,27,1,49.99663543701172,122.55687713623047,107.15079498291016,other,frozen_matched_deposited_minstate_v1,360.9003288269043,50.25675582885742,2532.10498046875
6H59_B_ARG144__027__3,6H59_B_ARG144,27,3,61.52070617675781,122.55687713623047,107.15079498291016,other,frozen_matched_deposited_minstate_v1,360.9003288269043,50.25675582885742,2532.10498046875
6H59_B_ARG144__028__0,6H59_B_ARG144,28,0,50.22944259643555,122.55687713623047,107.15079498291016,other,frozen_matched_deposited_minstate_v1,360.9003288269043,50.25675582885742,2532.10498046875
6H59_B_ARG144__028__2,6H59_B_ARG144,28,2,120.36878967285156,122.55687713623047,107.15079498291016,A,frozen_matched_deposited_minstate_v1,360.9003288269043,50.25675582885742,2532.10498046875
6H59_B_ARG144__028__3,6H59_B_ARG144,28,3,106.68959045410156,122.55687713623047,107.15079498291016,B,frozen_matched_deposited_minstate_v1,360.9003288269043,50.25675582885742,2532.10498046875
6H59_B_ARG144__029__2,6H59_B_ARG144,29,2,106.63245391845703,122.55687713623047,107.15079498291016,B,frozen_matched_deposited_minstate_v1,360.9003288269043,50.25675582885742,2532.10498046875
6H59_B_ARG144__029__3,6H59_B_ARG144,29,3,120.38578796386719,122.55687713623047,107.15079498291016,A,frozen_matched_deposited_minstate_v1,360.9003288269043,50.25675582885742,2532.10498046875
6H59_B_ARG144__030__0,6H59_B_ARG144,30,0,106.66651153564453,122.55687713623047,107.15079498291016,B,frozen_matched_deposited_minstate_v1,360.9003288269043,50.25675582885742,2532.10498046875
6H59_B_ARG144__030__2,6H59_B_ARG144,30,2,120.39430236816406,122.55687713623047,107.15079498291016,A,frozen_matched_deposited_minstate_v1,360.9003288269043,50.25675582885742,2532.10498046875
6H59_B_ARG144__031__1,6H59_B_ARG144,31,1,49.35072326660156,122.55687713623047,107.15079498291016,other,frozen_matched_deposited_minstate_v1,360.9003288269043,50.25675582885742,2532.10498046875
6H59_B_ARG144__031__2,6H59_B_ARG144,31,2,120.62005615234375,122.55687713623047,107.15079498291016,A,frozen_matched_deposited_minstate_v1,360.9003288269043,50.25675582885742,2532.10498046875
6H59_B_ARG144__031__3,6H59_B_ARG144,31,3,106.36660766601562,122.55687713623047,107.15079498291016,B,frozen_matched_deposited_minstate_v1,360.9003288269043,50.25675582885742,2532.10498046875
6H59_B_ARG144__032__0,6H59_B_ARG144,32,0,106.64026641845703,122.55687713623047,107.15079498291016,B,frozen_matched_deposited_minstate_v1,360.9003288269043,50.25675582885742,2532.10498046875
6H59_B_ARG144__032__3,6H59_B_ARG144,32,3,120.38243103027344,122.55687713623047,107.15079498291016,A,frozen_matched_deposited_minstate_v1,360.9003288269043,50.25675582885742,2532.10498046875
6H59_B_ARG144__033__2,6H59_B_ARG144,33,2,106.64054870605469,122.55687713623047,107.15079498291016,B,frozen_matched_deposited_minstate_v1,360.9003288269043,50.25675582885742,2532.10498046875
6H59_B_ARG144__033__3,6H59_B_ARG144,33,3,120.38280487060547,122.55687713623047,107.15079498291016,A,frozen_matched_deposited_minstate_v1,360.9003288269043,50.25675582885742,2532.10498046875
6H59_B_ARG144__034__1,6H59_B_ARG144,34,1,120.40303039550781,122.55687713623047,107.15079498291016,A,frozen_matched_deposited_minstate_v1,360.9003288269043,50.25675582885742,2532.10498046875
6H59_B_ARG144__034__3,6H59_B_ARG144,34,3,106.63629913330078,122.55687713623047,107.15079498291016,B,frozen_matched_deposited_minstate_v1,360.9003288269043,50.25675582885742,2532.10498046875
6H59_B_ARG144__035__1,6H59_B_ARG144,35,1,52.51739501953125,122.55687713623047,107.15079498291016,other,frozen_matched_deposited_minstate_v1,360.9003288269043,50.25675582885742,2532.10498046875
6H59_B_ARG144__035__3,6H59_B_ARG144,35,3,107.32452392578125,122.55687713623047,107.15079498291016,B,frozen_matched_deposited_minstate_v1,360.9003288269043,50.25675582885742,2532.10498046875
6H59_B_ARG144__036__1,6H59_B_ARG144,36,1,120.38461303710938,122.55687713623047,107.15079498291016,A,frozen_matched_deposited_minstate_v1,360.9003288269043,50.25675582885742,2532.10498046875
6H59_B_ARG144__036__3,6H59_B_ARG144,36,3,106.64370727539062,122.55687713623047,107.15079498291016,B,frozen_matched_deposited_minstate_v1,360.9003288269043,50.25675582885742,2532.10498046875
6H59_B_ARG144__037__0,6H59_B_ARG144,37,0,120.64360046386719,122.55687713623047,107.15079498291016,A,frozen_matched_deposited_minstate_v1,360.9003288269043,50.25675582885742,2532.10498046875
6H59_B_ARG144__037__3,6H59_B_ARG144,37,3,106.39208221435547,122.55687713623047,107.15079498291016,B,frozen_matched_deposited_minstate_v1,360.9003288269043,50.25675582885742,2532.10498046875
6H59_B_ARG144__038__0,6H59_B_ARG144,38,0,106.683837890625,122.55687713623047,107.15079498291016,B,frozen_matched_deposited_minstate_v1,360.9003288269043,50.25675582885742,2532.10498046875
6H59_B_ARG144__038__1,6H59_B_ARG144,38,1,120.38664245605469,122.55687713623047,107.15079498291016,A,frozen_matched_deposited_minstate_v1,360.9003288269043,50.25675582885742,2532.10498046875
6H59_B_ARG144__039__0,6H59_B_ARG144,39,0,106.36976623535156,122.55687713623047,107.15079498291016,B,frozen_matched_deposited_minstate_v1,360.9003288269043,50.25675582885742,2532.10498046875
6H59_B_ARG144__039__2,6H59_B_ARG144,39,2,120.6112060546875,122.55687713623047,107.15079498291016,A,frozen_matched_deposited_minstate_v1,360.9003288269043,50.25675582885742,2532.10498046875
6H59_B_ARG144__040__0,6H59_B_ARG144,40,0,106.64088439941406,122.55687713623047,107.15079498291016,B,frozen_matched_deposited_minstate_v1,360.9003288269043,50.25675582885742,2532.10498046875
6H59_B_ARG144__040__2,6H59_B_ARG144,40,2,120.3983154296875,122.55687713623047,107.15079498291016,A,frozen_matched_deposited_minstate_v1,360.9003288269043,50.25675582885742,2532.10498046875
6H59_B_ARG144__041__0,6H59_B_ARG144,41,0,120.38424682617188,122.55687713623047,107.15079498291016,A,frozen_matched_deposited_minstate_v1,360.9003288269043,50.25675582885742,2532.10498046875
6H59_B_ARG144__041__2,6H59_B_ARG144,41,2,106.64644622802734,122.55687713623047,107.15079498291016,B,frozen_matched_deposited_minstate_v1,360.9003288269043,50.25675582885742,2532.10498046875
6H59_B_ARG144__042__1,6H59_B_ARG144,42,1,106.65191650390625,122.55687713623047,107.15079498291016,B,frozen_matched_deposited_minstate_v1,360.9003288269043,50.25675582885742,2532.10498046875
6H59_B_ARG144__042__2,6H59_B_ARG144,42,2,120.38825225830078,122.55687713623047,107.15079498291016,A,frozen_matched_deposited_minstate_v1,360.9003288269043,50.25675582885742,2532.10498046875
6H59_B_ARG144__043__1,6H59_B_ARG144,43,1,53.82396697998047,122.55687713623047,107.15079498291016,other,frozen_matched_deposited_minstate_v1,360.9003288269043,50.25675582885742,2532.10498046875
6H59_B_ARG144__043__2,6H59_B_ARG144,43,2,120.41827392578125,122.55687713623047,107.15079498291016,A,frozen_matched_deposited_minstate_v1,360.9003288269043,50.25675582885742,2532.10498046875
6H59_B_ARG144__043__3,6H59_B_ARG144,43,3,49.02571105957031,122.55687713623047,107.15079498291016,other,frozen_matched_deposited_minstate_v1,360.9003288269043,50.25675582885742,2532.10498046875
6H59_B_ARG144__044__0,6H59_B_ARG144,44,0,120.38223266601562,122.55687713623047,107.15079498291016,A,frozen_matched_deposited_minstate_v1,360.9003288269043,50.25675582885742,2532.10498046875
6H59_B_ARG144__044__1,6H59_B_ARG144,44,1,106.64054870605469,122.55687713623047,107.15079498291016,B,frozen_matched_deposited_minstate_v1,360.9003288269043,50.25675582885742,2532.10498046875
6H59_B_ARG144__045__0,6H59_B_ARG144,45,0,106.70774841308594,122.55687713623047,107.15079498291016,B,frozen_matched_deposited_minstate_v1,360.9003288269043,50.25675582885742,2532.10498046875
6H59_B_ARG144__045__1,6H59_B_ARG144,45,1,120.3896484375,122.55687713623047,107.15079498291016,A,frozen_matched_deposited_minstate_v1,360.9003288269043,50.25675582885742,2532.10498046875
6H59_B_ARG144__046__0,6H59_B_ARG144,46,0,106.61749267578125,122.55687713623047,107.15079498291016,B,frozen_matched_deposited_minstate_v1,360.9003288269043,50.25675582885742,2532.10498046875
6H59_B_ARG144__046__1,6H59_B_ARG144,46,1,120.38560485839844,122.55687713623047,107.15079498291016,A,frozen_matched_deposited_minstate_v1,360.9003288269043,50.25675582885742,2532.10498046875
6H59_B_ARG144__047__0,6H59_B_ARG144,47,0,120.38359832763672,122.55687713623047,107.15079498291016,A,frozen_matched_deposited_minstate_v1,360.9003288269043,50.25675582885742,2532.10498046875
6H59_B_ARG144__047__1,6H59_B_ARG144,47,1,106.77022552490234,122.55687713623047,107.15079498291016,B,frozen_matched_deposited_minstate_v1,360.9003288269043,50.25675582885742,2532.10498046875
6H59_B_ARG144__047__2,6H59_B_ARG144,47,2,49.492271423339844,122.55687713623047,107.15079498291016,other,frozen_matched_deposited_minstate_v1,360.9003288269043,50.25675582885742,2532.10498046875
6H59_B_ARG144__048__0,6H59_B_ARG144,48,0,106.63428497314453,122.55687713623047,107.15079498291016,B,frozen_matched_deposited_minstate_v1,360.9003288269043,50.25675582885742,2532.10498046875
6H59_B_ARG144__048__3,6H59_B_ARG144,48,3,120.38490295410156,122.55687713623047,107.15079498291016,A,frozen_matched_deposited_minstate_v1,360.9003288269043,50.25675582885742,2532.10498046875
6H59_B_ARG144__049__0,6H59_B_ARG144,49,0,106.55302429199219,122.55687713623047,107.15079498291016,B,frozen_matched_deposited_minstate_v1,360.9003288269043,50.25675582885742,2532.10498046875
6H59_B_ARG144__049__2,6H59_B_ARG144,49,2,120.3931655883789,122.55687713623047,107.15079498291016,A,frozen_matched_deposited_minstate_v1,360.9003288269043,50.25675582885742,2532.10498046875
8Q6Q_B_ASP81__000__0,8Q6Q_B_ASP81,0,0,55.24385452270508,48.98417663574219,48.86177444458008,other,frozen_matched_deposited_minstate_v1,111.91548500061035,48.566162109375,206.20411682128906
8Q6Q_B_ASP81__000__1,8Q6Q_B_ASP81,0,1,48.37528991699219,48.98417663574219,48.86177444458008,A,frozen_matched_deposited_minstate_v1,111.91548500061035,48.566162109375,206.20411682128906
8Q6Q_B_ASP81__000__2,8Q6Q_B_ASP81,0,2,49.26254653930664,48.98417663574219,48.86177444458008,B,frozen_matched_deposited_minstate_v1,111.91548500061035,48.566162109375,206.20411682128906
8Q6Q_B_ASP81__001__0,8Q6Q_B_ASP81,1,0,55.09103775024414,48.98417663574219,48.86177444458008,other,frozen_matched_deposited_minstate_v1,111.91548500061035,48.566162109375,206.20411682128906
8Q6Q_B_ASP81__001__1,8Q6Q_B_ASP81,1,1,49.71795654296875,48.98417663574219,48.86177444458008,B,frozen_matched_deposited_minstate_v1,111.91548500061035,48.566162109375,206.20411682128906
8Q6Q_B_ASP81__001__2,8Q6Q_B_ASP81,1,2,48.34223175048828,48.98417663574219,48.86177444458008,A,frozen_matched_deposited_minstate_v1,111.91548500061035,48.566162109375,206.20411682128906
8Q6Q_B_ASP81__002__0,8Q6Q_B_ASP81,2,0,55.09103775024414,48.98417663574219,48.86177444458008,other,frozen_matched_deposited_minstate_v1,111.91548500061035,48.566162109375,206.20411682128906
8Q6Q_B_ASP81__002__2,8Q6Q_B_ASP81,2,2,48.33770751953125,48.98417663574219,48.86177444458008,A,frozen_matched_deposited_minstate_v1,111.91548500061035,48.566162109375,206.20411682128906
8Q6Q_B_ASP81__002__3,8Q6Q_B_ASP81,2,3,49.71795654296875,48.98417663574219,48.86177444458008,B,frozen_matched_deposited_minstate_v1,111.91548500061035,48.566162109375,206.20411682128906
8Q6Q_B_ASP81__003__1,8Q6Q_B_ASP81,3,1,48.482391357421875,48.98417663574219,48.86177444458008,A,frozen_matched_deposited_minstate_v1,111.91548500061035,48.566162109375,206.20411682128906
8Q6Q_B_ASP81__003__3,8Q6Q_B_ASP81,3,3,48.82391357421875,48.98417663574219,48.86177444458008,B,frozen_matched_deposited_minstate_v1,111.91548500061035,48.566162109375,206.20411682128906
8Q6Q_B_ASP81__004__1,8Q6Q_B_ASP81,4,1,55.250431060791016,48.98417663574219,48.86177444458008,other,frozen_matched_deposited_minstate_v1,111.91548500061035,48.566162109375,206.20411682128906
8Q6Q_B_ASP81__004__2,8Q6Q_B_ASP81,4,2,49.27079772949219,48.98417663574219,48.86177444458008,B,frozen_matched_deposited_minstate_v1,111.91548500061035,48.566162109375,206.20411682128906
8Q6Q_B_ASP81__004__3,8Q6Q_B_ASP81,4,3,48.37890625,48.98417663574219,48.86177444458008,A,frozen_matched_deposited_minstate_v1,111.91548500061035,48.566162109375,206.20411682128906
8Q6Q_B_ASP81__005__1,8Q6Q_B_ASP81,5,1,49.255577087402344,48.98417663574219,48.86177444458008,B,frozen_matched_deposited_minstate_v1,111.91548500061035,48.566162109375,206.20411682128906
8Q6Q_B_ASP81__005__2,8Q6Q_B_ASP81,5,2,55.09635925292969,48.98417663574219,48.86177444458008,other,frozen_matched_deposited_minstate_v1,111.91548500061035,48.566162109375,206.20411682128906
8Q6Q_B_ASP81__005__3,8Q6Q_B_ASP81,5,3,48.193138122558594,48.98417663574219,48.86177444458008,A,frozen_matched_deposited_minstate_v1,111.91548500061035,48.566162109375,206.20411682128906
8Q6Q_B_ASP81__006__0,8Q6Q_B_ASP81,6,0,55.395957946777344,48.98417663574219,48.86177444458008,other,frozen_matched_deposited_minstate_v1,111.91548500061035,48.566162109375,206.20411682128906
8Q6Q_B_ASP81__006__2,8Q6Q_B_ASP81,6,2,49.18846893310547,48.98417663574219,48.86177444458008,B,frozen_matched_deposited_minstate_v1,111.91548500061035,48.566162109375,206.20411682128906
8Q6Q_B_ASP81__006__3,8Q6Q_B_ASP81,6,3,48.30945587158203,48.98417663574219,48.86177444458008,A,frozen_matched_deposited_minstate_v1,111.91548500061035,48.566162109375,206.20411682128906
8Q6Q_B_ASP81__007__0,8Q6Q_B_ASP81,7,0,54.10234069824219,48.98417663574219,48.86177444458008,other,frozen_matched_deposited_minstate_v1,111.91548500061035,48.566162109375,206.20411682128906
8Q6Q_B_ASP81__007__1,8Q6Q_B_ASP81,7,1,48.16313934326172,48.98417663574219,48.86177444458008,A,frozen_matched_deposited_minstate_v1,111.91548500061035,48.566162109375,206.20411682128906
8Q6Q_B_ASP81__007__3,8Q6Q_B_ASP81,7,3,49.51033401489258,48.98417663574219,48.86177444458008,B,frozen_matched_deposited_minstate_v1,111.91548500061035,48.566162109375,206.20411682128906
8Q6Q_B_ASP81__008__1,8Q6Q_B_ASP81,8,1,48.173641204833984,48.98417663574219,48.86177444458008,A,frozen_matched_deposited_minstate_v1,111.91548500061035,48.566162109375,206.20411682128906
8Q6Q_B_ASP81__008__2,8Q6Q_B_ASP81,8,2,52.82179641723633,48.98417663574219,48.86177444458008,other,frozen_matched_deposited_minstate_v1,111.91548500061035,48.566162109375,206.20411682128906
8Q6Q_B_ASP81__008__3,8Q6Q_B_ASP81,8,3,48.89460754394531,48.98417663574219,48.86177444458008,B,frozen_matched_deposited_minstate_v1,111.91548500061035,48.566162109375,206.20411682128906
8Q6Q_B_ASP81__009__0,8Q6Q_B_ASP81,9,0,48.49774932861328,48.98417663574219,48.86177444458008,A,frozen_matched_deposited_minstate_v1,111.91548500061035,48.566162109375,206.20411682128906
8Q6Q_B_ASP81__009__1,8Q6Q_B_ASP81,9,1,53.64964294433594,48.98417663574219,48.86177444458008,other,frozen_matched_deposited_minstate_v1,111.91548500061035,48.566162109375,206.20411682128906
8Q6Q_B_ASP81__009__2,8Q6Q_B_ASP81,9,2,49.387088775634766,48.98417663574219,48.86177444458008,B,frozen_matched_deposited_minstate_v1,111.91548500061035,48.566162109375,206.20411682128906
8Q6Q_B_ASP81__010__0,8Q6Q_B_ASP81,10,0,50.22809600830078,48.98417663574219,48.86177444458008,other,frozen_matched_deposited_minstate_v1,111.91548500061035,48.566162109375,206.20411682128906
8Q6Q_B_ASP81__010__1,8Q6Q_B_ASP81,10,1,49.50593948364258,48.98417663574219,48.86177444458008,B,frozen_matched_deposited_minstate_v1,111.91548500061035,48.566162109375,206.20411682128906
8Q6Q_B_ASP81__010__2,8Q6Q_B_ASP81,10,2,48.35557556152344,48.98417663574219,48.86177444458008,A,frozen_matched_deposited_minstate_v1,111.91548500061035,48.566162109375,206.20411682128906
8Q6Q_B_ASP81__010__3,8Q6Q_B_ASP81,10,3,54.28444290161133,48.98417663574219,48.86177444458008,other,frozen_matched_deposited_minstate_v1,111.91548500061035,48.566162109375,206.20411682128906
8Q6Q_B_ASP81__011__0,8Q6Q_B_ASP81,11,0,48.249488830566406,48.98417663574219,48.86177444458008,A,frozen_matched_deposited_minstate_v1,111.91548500061035,48.566162109375,206.20411682128906
8Q6Q_B_ASP81__011__1,8Q6Q_B_ASP81,11,1,49.540157318115234,48.98417663574219,48.86177444458008,B,frozen_matched_deposited_minstate_v1,111.91548500061035,48.566162109375,206.20411682128906
8Q6Q_B_ASP81__011__3,8Q6Q_B_ASP81,11,3,55.00214385986328,48.98417663574219,48.86177444458008,other,frozen_matched_deposited_minstate_v1,111.91548500061035,48.566162109375,206.20411682128906
8Q6Q_B_ASP81__012__1,8Q6Q_B_ASP81,12,1,48.45931625366211,48.98417663574219,48.86177444458008,A,frozen_matched_deposited_minstate_v1,111.91548500061035,48.566162109375,206.20411682128906
8Q6Q_B_ASP81__012__3,8Q6Q_B_ASP81,12,3,48.89257049560547,48.98417663574219,48.86177444458008,B,frozen_matched_deposited_minstate_v1,111.91548500061035,48.566162109375,206.20411682128906
8Q6Q_B_ASP81__013__0,8Q6Q_B_ASP81,13,0,49.85985565185547,48.98417663574219,48.86177444458008,other,frozen_matched_deposited_minstate_v1,111.91548500061035,48.566162109375,206.20411682128906
8Q6Q_B_ASP81__013__1,8Q6Q_B_ASP81,13,1,55.1400260925293,48.98417663574219,48.86177444458008,other,frozen_matched_deposited_minstate_v1,111.91548500061035,48.566162109375,206.20411682128906
8Q6Q_B_ASP81__013__2,8Q6Q_B_ASP81,13,2,48.38780212402344,48.98417663574219,48.86177444458008,A,frozen_matched_deposited_minstate_v1,111.91548500061035,48.566162109375,206.20411682128906
8Q6Q_B_ASP81__013__3,8Q6Q_B_ASP81,13,3,49.34221649169922,48.98417663574219,48.86177444458008,B,frozen_matched_deposited_minstate_v1,111.91548500061035,48.566162109375,206.20411682128906
8Q6Q_B_ASP81__014__0,8Q6Q_B_ASP81,14,0,52.43881607055664,48.98417663574219,48.86177444458008,other,frozen_matched_deposited_minstate_v1,111.91548500061035,48.566162109375,206.20411682128906
8Q6Q_B_ASP81__014__1,8Q6Q_B_ASP81,14,1,48.12042999267578,48.98417663574219,48.86177444458008,A,frozen_matched_deposited_minstate_v1,111.91548500061035,48.566162109375,206.20411682128906
8Q6Q_B_ASP81__014__2,8Q6Q_B_ASP81,14,2,48.90647888183594,48.98417663574219,48.86177444458008,B,frozen_matched_deposited_minstate_v1,111.91548500061035,48.566162109375,206.20411682128906
8Q6Q_B_ASP81__015__0,8Q6Q_B_ASP81,15,0,49.24000549316406,48.98417663574219,48.86177444458008,B,frozen_matched_deposited_minstate_v1,111.91548500061035,48.566162109375,206.20411682128906
8Q6Q_B_ASP81__015__1,8Q6Q_B_ASP81,15,1,55.310211181640625,48.98417663574219,48.86177444458008,other,frozen_matched_deposited_minstate_v1,111.91548500061035,48.566162109375,206.20411682128906
8Q6Q_B_ASP81__015__2,8Q6Q_B_ASP81,15,2,48.385475158691406,48.98417663574219,48.86177444458008,A,frozen_matched_deposited_minstate_v1,111.91548500061035,48.566162109375,206.20411682128906
8Q6Q_B_ASP81__016__0,8Q6Q_B_ASP81,16,0,55.01554870605469,48.98417663574219,48.86177444458008,other,frozen_matched_deposited_minstate_v1,111.91548500061035,48.566162109375,206.20411682128906
8Q6Q_B_ASP81__016__2,8Q6Q_B_ASP81,16,2,49.749061584472656,48.98417663574219,48.86177444458008,B,frozen_matched_deposited_minstate_v1,111.91548500061035,48.566162109375,206.20411682128906
8Q6Q_B_ASP81__016__3,8Q6Q_B_ASP81,16,3,48.160980224609375,48.98417663574219,48.86177444458008,A,frozen_matched_deposited_minstate_v1,111.91548500061035,48.566162109375,206.20411682128906
8Q6Q_B_ASP81__017__1,8Q6Q_B_ASP81,17,1,53.990142822265625,48.98417663574219,48.86177444458008,other,frozen_matched_deposited_minstate_v1,111.91548500061035,48.566162109375,206.20411682128906
8Q6Q_B_ASP81__017__2,8Q6Q_B_ASP81,17,2,48.33149337768555,48.98417663574219,48.86177444458008,A,frozen_matched_deposited_minstate_v1,111.91548500061035,48.566162109375,206.20411682128906
8Q6Q_B_ASP81__017__3,8Q6Q_B_ASP81,17,3,49.509124755859375,48.98417663574219,48.86177444458008,B,frozen_matched_deposited_minstate_v1,111.91548500061035,48.566162109375,206.20411682128906
8Q6Q_B_ASP81__018__1,8Q6Q_B_ASP81,18,1,49.45486831665039,48.98417663574219,48.86177444458008,B,frozen_matched_deposited_minstate_v1,111.91548500061035,48.566162109375,206.20411682128906
8Q6Q_B_ASP81__018__2,8Q6Q_B_ASP81,18,2,54.090354919433594,48.98417663574219,48.86177444458008,other,frozen_matched_deposited_minstate_v1,111.91548500061035,48.566162109375,206.20411682128906
8Q6Q_B_ASP81__018__3,8Q6Q_B_ASP81,18,3,48.302879333496094,48.98417663574219,48.86177444458008,A,frozen_matched_deposited_minstate_v1,111.91548500061035,48.566162109375,206.20411682128906
8Q6Q_B_ASP81__019__0,8Q6Q_B_ASP81,19,0,52.45676803588867,48.98417663574219,48.86177444458008,other,frozen_matched_deposited_minstate_v1,111.91548500061035,48.566162109375,206.20411682128906
8Q6Q_B_ASP81__019__2,8Q6Q_B_ASP81,19,2,48.89329528808594,48.98417663574219,48.86177444458008,B,frozen_matched_deposited_minstate_v1,111.91548500061035,48.566162109375,206.20411682128906
8Q6Q_B_ASP81__019__3,8Q6Q_B_ASP81,19,3,48.14204406738281,48.98417663574219,48.86177444458008,A,frozen_matched_deposited_minstate_v1,111.91548500061035,48.566162109375,206.20411682128906
8Q6Q_B_ASP81__020__0,8Q6Q_B_ASP81,20,0,48.16230010986328,48.98417663574219,48.86177444458008,A,frozen_matched_deposited_minstate_v1,111.91548500061035,48.566162109375,206.20411682128906
8Q6Q_B_ASP81__020__1,8Q6Q_B_ASP81,20,1,52.297088623046875,48.98417663574219,48.86177444458008,other,frozen_matched_deposited_minstate_v1,111.91548500061035,48.566162109375,206.20411682128906
8Q6Q_B_ASP81__020__2,8Q6Q_B_ASP81,20,2,50.14589309692383,48.98417663574219,48.86177444458008,other,frozen_matched_deposited_minstate_v1,111.91548500061035,48.566162109375,206.20411682128906
8Q6Q_B_ASP81__020__3,8Q6Q_B_ASP81,20,3,48.96466827392578,48.98417663574219,48.86177444458008,B,frozen_matched_deposited_minstate_v1,111.91548500061035,48.566162109375,206.20411682128906
8Q6Q_B_ASP81__021__0,8Q6Q_B_ASP81,21,0,49.749061584472656,48.98417663574219,48.86177444458008,B,frozen_matched_deposited_minstate_v1,111.91548500061035,48.566162109375,206.20411682128906
8Q6Q_B_ASP81__021__1,8Q6Q_B_ASP81,21,1,55.01554870605469,48.98417663574219,48.86177444458008,other,frozen_matched_deposited_minstate_v1,111.91548500061035,48.566162109375,206.20411682128906
8Q6Q_B_ASP81__021__2,8Q6Q_B_ASP81,21,2,48.160980224609375,48.98417663574219,48.86177444458008,A,frozen_matched_deposited_minstate_v1,111.91548500061035,48.566162109375,206.20411682128906
8Q6Q_B_ASP81__022__0,8Q6Q_B_ASP81,22,0,49.20173645019531,48.98417663574219,48.86177444458008,B,frozen_matched_deposited_minstate_v1,111.91548500061035,48.566162109375,206.20411682128906
8Q6Q_B_ASP81__022__1,8Q6Q_B_ASP81,22,1,48.0031623840332,48.98417663574219,48.86177444458008,A,frozen_matched_deposited_minstate_v1,111.91548500061035,48.566162109375,206.20411682128906
8Q6Q_B_ASP81__022__3,8Q6Q_B_ASP81,22,3,52.02576446533203,48.98417663574219,48.86177444458008,other,frozen_matched_deposited_minstate_v1,111.91548500061035,48.566162109375,206.20411682128906
8Q6Q_B_ASP81__023__0,8Q6Q_B_ASP81,23,0,55.63760757446289,48.98417663574219,48.86177444458008,other,frozen_matched_deposited_minstate_v1,111.91548500061035,48.566162109375,206.20411682128906
8Q6Q_B_ASP81__023__1,8Q6Q_B_ASP81,23,1,48.373497009277344,48.98417663574219,48.86177444458008,A,frozen_matched_deposited_minstate_v1,111.91548500061035,48.566162109375,206.20411682128906
8Q6Q_B_ASP81__023__2,8Q6Q_B_ASP81,23,2,49.200767517089844,48.98417663574219,48.86177444458008,B,frozen_matched_deposited_minstate_v1,111.91548500061035,48.566162109375,206.20411682128906
8Q6Q_B_ASP81__024__1,8Q6Q_B_ASP81,24,1,48.7425651550293,48.98417663574219,48.86177444458008,A,frozen_matched_deposited_minstate_v1,111.91548500061035,48.566162109375,206.20411682128906
8Q6Q_B_ASP81__024__3,8Q6Q_B_ASP81,24,3,48.97149658203125,48.98417663574219,48.86177444458008,B,frozen_matched_deposited_minstate_v1,111.91548500061035,48.566162109375,206.20411682128906
8Q6Q_B_ASP81__025__1,8Q6Q_B_ASP81,25,1,49.36168670654297,48.98417663574219,48.86177444458008,B,frozen_matched_deposited_minstate_v1,111.91548500061035,48.566162109375,206.20411682128906
8Q6Q_B_ASP81__025__2,8Q6Q_B_ASP81,25,2,48.38621520996094,48.98417663574219,48.86177444458008,A,frozen_matched_deposited_minstate_v1,111.91548500061035,48.566162109375,206.20411682128906
8Q6Q_B_ASP81__025__3,8Q6Q_B_ASP81,25,3,55.10301971435547,48.98417663574219,48.86177444458008,other,frozen_matched_deposited_minstate_v1,111.91548500061035,48.566162109375,206.20411682128906
8Q6Q_B_ASP81__026__1,8Q6Q_B_ASP81,26,1,48.84117889404297,48.98417663574219,48.86177444458008,A,frozen_matched_deposited_minstate_v1,111.91548500061035,48.566162109375,206.20411682128906
8Q6Q_B_ASP81__026__2,8Q6Q_B_ASP81,26,2,49.14817428588867,48.98417663574219,48.86177444458008,B,frozen_matched_deposited_minstate_v1,111.91548500061035,48.566162109375,206.20411682128906
8Q6Q_B_ASP81__027__2,8Q6Q_B_ASP81,27,2,49.18700408935547,48.98417663574219,48.86177444458008,B,frozen_matched_deposited_minstate_v1,111.91548500061035,48.566162109375,206.20411682128906
8Q6Q_B_ASP81__027__3,8Q6Q_B_ASP81,27,3,48.86076354980469,48.98417663574219,48.86177444458008,A,frozen_matched_deposited_minstate_v1,111.91548500061035,48.566162109375,206.20411682128906
8Q6Q_B_ASP81__028__0,8Q6Q_B_ASP81,28,0,49.14817428588867,48.98417663574219,48.86177444458008,B,frozen_matched_deposited_minstate_v1,111.91548500061035,48.566162109375,206.20411682128906
8Q6Q_B_ASP81__028__3,8Q6Q_B_ASP81,28,3,48.84117889404297,48.98417663574219,48.86177444458008,A,frozen_matched_deposited_minstate_v1,111.91548500061035,48.566162109375,206.20411682128906
8Q6Q_B_ASP81__029__0,8Q6Q_B_ASP81,29,0,54.04066467285156,48.98417663574219,48.86177444458008,other,frozen_matched_deposited_minstate_v1,111.91548500061035,48.566162109375,206.20411682128906
8Q6Q_B_ASP81__029__1,8Q6Q_B_ASP81,29,1,52.5295524597168,48.98417663574219,48.86177444458008,other,frozen_matched_deposited_minstate_v1,111.91548500061035,48.566162109375,206.20411682128906
8Q6Q_B_ASP81__029__2,8Q6Q_B_ASP81,29,2,48.07058334350586,48.98417663574219,48.86177444458008,A,frozen_matched_deposited_minstate_v1,111.91548500061035,48.566162109375,206.20411682128906
8Q6Q_B_ASP81__029__3,8Q6Q_B_ASP81,29,3,49.41532897949219,48.98417663574219,48.86177444458008,B,frozen_matched_deposited_minstate_v1,111.91548500061035,48.566162109375,206.20411682128906
8Q6Q_B_ASP81__030__0,8Q6Q_B_ASP81,30,0,48.31446075439453,48.98417663574219,48.86177444458008,A,frozen_matched_deposited_minstate_v1,111.91548500061035,48.566162109375,206.20411682128906
8Q6Q_B_ASP81__030__1,8Q6Q_B_ASP81,30,1,49.485206604003906,48.98417663574219,48.86177444458008,B,frozen_matched_deposited_minstate_v1,111.91548500061035,48.566162109375,206.20411682128906
8Q6Q_B_ASP81__030__3,8Q6Q_B_ASP81,30,3,54.027076721191406,48.98417663574219,48.86177444458008,other,frozen_matched_deposited_minstate_v1,111.91548500061035,48.566162109375,206.20411682128906
8Q6Q_B_ASP81__031__0,8Q6Q_B_ASP81,31,0,48.1458625793457,48.98417663574219,48.86177444458008,A,frozen_matched_deposited_minstate_v1,111.91548500061035,48.566162109375,206.20411682128906
8Q6Q_B_ASP81__031__2,8Q6Q_B_ASP81,31,2,49.94422149658203,48.98417663574219,48.86177444458008,B,frozen_matched_deposited_minstate_v1,111.91548500061035,48.566162109375,206.20411682128906
8Q6Q_B_ASP81__031__3,8Q6Q_B_ASP81,31,3,54.992454528808594,48.98417663574219,48.86177444458008,other,frozen_matched_deposited_minstate_v1,111.91548500061035,48.566162109375,206.20411682128906
8Q6Q_B_ASP81__032__1,8Q6Q_B_ASP81,32,1,48.482391357421875,48.98417663574219,48.86177444458008,A,frozen_matched_deposited_minstate_v1,111.91548500061035,48.566162109375,206.20411682128906
8Q6Q_B_ASP81__032__2,8Q6Q_B_ASP81,32,2,48.82391357421875,48.98417663574219,48.86177444458008,B,frozen_matched_deposited_minstate_v1,111.91548500061035,48.566162109375,206.20411682128906
8Q6Q_B_ASP81__033__0,8Q6Q_B_ASP81,33,0,48.74174880981445,48.98417663574219,48.86177444458008,A,frozen_matched_deposited_minstate_v1,111.91548500061035,48.566162109375,206.20411682128906
8Q6Q_B_ASP81__033__2,8Q6Q_B_ASP81,33,2,48.8589973449707,48.98417663574219,48.86177444458008,B,frozen_matched_deposited_minstate_v1,111.91548500061035,48.566162109375,206.20411682128906
8Q6Q_B_ASP81__034__0,8Q6Q_B_ASP81,34,0,48.8589973449707,48.98417663574219,48.86177444458008,B,frozen_matched_deposited_minstate_v1,111.91548500061035,48.566162109375,206.20411682128906
8Q6Q_B_ASP81__034__1,8Q6Q_B_ASP81,34,1,48.74174880981445,48.98417663574219,48.86177444458008,A,frozen_matched_deposited_minstate_v1,111.91548500061035,48.566162109375,206.20411682128906
8Q6Q_B_ASP81__035__1,8Q6Q_B_ASP81,35,1,54.17071533203125,48.98417663574219,48.86177444458008,other,frozen_matched_deposited_minstate_v1,111.91548500061035,48.566162109375,206.20411682128906
8Q6Q_B_ASP81__035__2,8Q6Q_B_ASP81,35,2,49.438899993896484,48.98417663574219,48.86177444458008,B,frozen_matched_deposited_minstate_v1,111.91548500061035,48.566162109375,206.20411682128906
8Q6Q_B_ASP81__035__3,8Q6Q_B_ASP81,35,3,48.33146667480469,48.98417663574219,48.86177444458008,A,frozen_matched_deposited_minstate_v1,111.91548500061035,48.566162109375,206.20411682128906
8Q6Q_B_ASP81__036__0,8Q6Q_B_ASP81,36,0,49.979766845703125,48.98417663574219,48.86177444458008,other,frozen_matched_deposited_minstate_v1,111.91548500061035,48.566162109375,206.20411682128906
8Q6Q_B_ASP81__036__1,8Q6Q_B_ASP81,36,1,54.86686325073242,48.98417663574219,48.86177444458008,other,frozen_matched_deposited_minstate_v1,111.91548500061035,48.566162109375,206.20411682128906
8Q6Q_B_ASP81__036__2,8Q6Q_B_ASP81,36,2,48.10511016845703,48.98417663574219,48.86177444458008,A,frozen_matched_deposited_minstate_v1,111.91548500061035,48.566162109375,206.20411682128906
8Q6Q_B_ASP81__036__3,8Q6Q_B_ASP81,36,3,50.045745849609375,48.98417663574219,48.86177444458008,B,frozen_matched_deposited_minstate_v1,111.91548500061035,48.566162109375,206.20411682128906
8Q6Q_B_ASP81__037__0,8Q6Q_B_ASP81,37,0,49.28111267089844,48.98417663574219,48.86177444458008,B,frozen_matched_deposited_minstate_v1,111.91548500061035,48.566162109375,206.20411682128906
8Q6Q_B_ASP81__037__1,8Q6Q_B_ASP81,37,1,55.215919494628906,48.98417663574219,48.86177444458008,other,frozen_matched_deposited_minstate_v1,111.91548500061035,48.566162109375,206.20411682128906
8Q6Q_B_ASP81__037__3,8Q6Q_B_ASP81,37,3,48.35346984863281,48.98417663574219,48.86177444458008,A,frozen_matched_deposited_minstate_v1,111.91548500061035,48.566162109375,206.20411682128906
8Q6Q_B_ASP81__038__0,8Q6Q_B_ASP81,38,0,48.45417785644531,48.98417663574219,48.86177444458008,A,frozen_matched_deposited_minstate_v1,111.91548500061035,48.566162109375,206.20411682128906
8Q6Q_B_ASP81__038__1,8Q6Q_B_ASP81,38,1,54.75126266479492,48.98417663574219,48.86177444458008,other,frozen_matched_deposited_minstate_v1,111.91548500061035,48.566162109375,206.20411682128906
8Q6Q_B_ASP81__038__2,8Q6Q_B_ASP81,38,2,49.26597213745117,48.98417663574219,48.86177444458008,B,frozen_matched_deposited_minstate_v1,111.91548500061035,48.566162109375,206.20411682128906
8Q6Q_B_ASP81__039__0,8Q6Q_B_ASP81,39,0,48.82391357421875,48.98417663574219,48.86177444458008,B,frozen_matched_deposited_minstate_v1,111.91548500061035,48.566162109375,206.20411682128906
8Q6Q_B_ASP81__039__1,8Q6Q_B_ASP81,39,1,48.482391357421875,48.98417663574219,48.86177444458008,A,frozen_matched_deposited_minstate_v1,111.91548500061035,48.566162109375,206.20411682128906
8Q6Q_B_ASP81__040__0,8Q6Q_B_ASP81,40,0,49.349708557128906,48.98417663574219,48.86177444458008,B,frozen_matched_deposited_minstate_v1,111.91548500061035,48.566162109375,206.20411682128906
8Q6Q_B_ASP81__040__1,8Q6Q_B_ASP81,40,1,48.40876388549805,48.98417663574219,48.86177444458008,A,frozen_matched_deposited_minstate_v1,111.91548500061035,48.566162109375,206.20411682128906
8Q6Q_B_ASP81__040__2,8Q6Q_B_ASP81,40,2,49.406524658203125,48.98417663574219,48.86177444458008,other,frozen_matched_deposited_minstate_v1,111.91548500061035,48.566162109375,206.20411682128906
8Q6Q_B_ASP81__040__3,8Q6Q_B_ASP81,40,3,55.28520202636719,48.98417663574219,48.86177444458008,other,frozen_matched_deposited_minstate_v1,111.91548500061035,48.566162109375,206.20411682128906
8Q6Q_B_ASP81__041__0,8Q6Q_B_ASP81,41,0,48.07058334350586,48.98417663574219,48.86177444458008,A,frozen_matched_deposited_minstate_v1,111.91548500061035,48.566162109375,206.20411682128906
8Q6Q_B_ASP81__041__1,8Q6Q_B_ASP81,41,1,52.529544830322266,48.98417663574219,48.86177444458008,other,frozen_matched_deposited_minstate_v1,111.91548500061035,48.566162109375,206.20411682128906
8Q6Q_B_ASP81__041__2,8Q6Q_B_ASP81,41,2,54.04024887084961,48.98417663574219,48.86177444458008,other,frozen_matched_deposited_minstate_v1,111.91548500061035,48.566162109375,206.20411682128906
8Q6Q_B_ASP81__041__3,8Q6Q_B_ASP81,41,3,49.41532897949219,48.98417663574219,48.86177444458008,B,frozen_matched_deposited_minstate_v1,111.91548500061035,48.566162109375,206.20411682128906
8Q6Q_B_ASP81__042__0,8Q6Q_B_ASP81,42,0,49.751678466796875,48.98417663574219,48.86177444458008,B,frozen_matched_deposited_minstate_v1,111.91548500061035,48.566162109375,206.20411682128906
8Q6Q_B_ASP81__042__1,8Q6Q_B_ASP81,42,1,55.01515579223633,48.98417663574219,48.86177444458008,other,frozen_matched_deposited_minstate_v1,111.91548500061035,48.566162109375,206.20411682128906
8Q6Q_B_ASP81__042__3,8Q6Q_B_ASP81,42,3,48.16345977783203,48.98417663574219,48.86177444458008,A,frozen_matched_deposited_minstate_v1,111.91548500061035,48.566162109375,206.20411682128906
8Q6Q_B_ASP81__043__0,8Q6Q_B_ASP81,43,0,48.293434143066406,48.98417663574219,48.86177444458008,A,frozen_matched_deposited_minstate_v1,111.91548500061035,48.566162109375,206.20411682128906
8Q6Q_B_ASP81__043__2,8Q6Q_B_ASP81,43,2,54.04024887084961,48.98417663574219,48.86177444458008,other,frozen_matched_deposited_minstate_v1,111.91548500061035,48.566162109375,206.20411682128906
8Q6Q_B_ASP81__043__3,8Q6Q_B_ASP81,43,3,49.41032791137695,48.98417663574219,48.86177444458008,B,frozen_matched_deposited_minstate_v1,111.91548500061035,48.566162109375,206.20411682128906
8Q6Q_B_ASP81__044__0,8Q6Q_B_ASP81,44,0,48.87702941894531,48.98417663574219,48.86177444458008,B,frozen_matched_deposited_minstate_v1,111.91548500061035,48.566162109375,206.20411682128906
8Q6Q_B_ASP81__044__1,8Q6Q_B_ASP81,44,1,48.75157928466797,48.98417663574219,48.86177444458008,A,frozen_matched_deposited_minstate_v1,111.91548500061035,48.566162109375,206.20411682128906
8Q6Q_B_ASP81__045__0,8Q6Q_B_ASP81,45,0,54.33472442626953,48.98417663574219,48.86177444458008,other,frozen_matched_deposited_minstate_v1,111.91548500061035,48.566162109375,206.20411682128906
8Q6Q_B_ASP81__045__1,8Q6Q_B_ASP81,45,1,49.4283447265625,48.98417663574219,48.86177444458008,B,frozen_matched_deposited_minstate_v1,111.91548500061035,48.566162109375,206.20411682128906
8Q6Q_B_ASP81__045__3,8Q6Q_B_ASP81,45,3,48.33094024658203,48.98417663574219,48.86177444458008,A,frozen_matched_deposited_minstate_v1,111.91548500061035,48.566162109375,206.20411682128906
8Q6Q_B_ASP81__046__1,8Q6Q_B_ASP81,46,1,48.8589973449707,48.98417663574219,48.86177444458008,B,frozen_matched_deposited_minstate_v1,111.91548500061035,48.566162109375,206.20411682128906
8Q6Q_B_ASP81__046__2,8Q6Q_B_ASP81,46,2,48.74174880981445,48.98417663574219,48.86177444458008,A,frozen_matched_deposited_minstate_v1,111.91548500061035,48.566162109375,206.20411682128906
8Q6Q_B_ASP81__047__0,8Q6Q_B_ASP81,47,0,48.23891830444336,48.98417663574219,48.86177444458008,A,frozen_matched_deposited_minstate_v1,111.91548500061035,48.566162109375,206.20411682128906
8Q6Q_B_ASP81__047__2,8Q6Q_B_ASP81,47,2,49.414276123046875,48.98417663574219,48.86177444458008,B,frozen_matched_deposited_minstate_v1,111.91548500061035,48.566162109375,206.20411682128906
8Q6Q_B_ASP81__047__3,8Q6Q_B_ASP81,47,3,54.20097351074219,48.98417663574219,48.86177444458008,other,frozen_matched_deposited_minstate_v1,111.91548500061035,48.566162109375,206.20411682128906
8Q6Q_B_ASP81__048__0,8Q6Q_B_ASP81,48,0,52.02576446533203,48.98417663574219,48.86177444458008,other,frozen_matched_deposited_minstate_v1,111.91548500061035,48.566162109375,206.20411682128906
8Q6Q_B_ASP81__048__2,8Q6Q_B_ASP81,48,2,48.0031623840332,48.98417663574219,48.86177444458008,A,frozen_matched_deposited_minstate_v1,111.91548500061035,48.566162109375,206.20411682128906
8Q6Q_B_ASP81__048__3,8Q6Q_B_ASP81,48,3,49.20173645019531,48.98417663574219,48.86177444458008,B,frozen_matched_deposited_minstate_v1,111.91548500061035,48.566162109375,206.20411682128906
8Q6Q_B_ASP81__049__0,8Q6Q_B_ASP81,49,0,52.49492645263672,48.98417663574219,48.86177444458008,other,frozen_matched_deposited_minstate_v1,111.91548500061035,48.566162109375,206.20411682128906
8Q6Q_B_ASP81__049__1,8Q6Q_B_ASP81,49,1,48.128746032714844,48.98417663574219,48.86177444458008,A,frozen_matched_deposited_minstate_v1,111.91548500061035,48.566162109375,206.20411682128906
8Q6Q_B_ASP81__049__2,8Q6Q_B_ASP81,49,2,56.427345275878906,48.98417663574219,48.86177444458008,other,frozen_matched_deposited_minstate_v1,111.91548500061035,48.566162109375,206.20411682128906
8Q6Q_B_ASP81__049__3,8Q6Q_B_ASP81,49,3,49.12041091918945,48.98417663574219,48.86177444458008,B,frozen_matched_deposited_minstate_v1,111.91548500061035,48.566162109375,206.20411682128906
