experiment,site,start,rmsd_to_A,rmsd_to_B,chi_degrees,nearest_state,canonical_deviation_degrees,canonical_like_30deg,min_direct_distance,closest_direct_atom,min_symmetry_distance,closest_symmetry_atom,density_z_mean,polar_contacts,tmol_energy,tmol_A,tmol_B,tmol_dE_vs_best_deposited,random_tmol_mean,random_tmol_min,random_tmol_max,no_sub2A_clash,physical_valid,recovered_B_lt_0.50A,joint_success
probe4c1_kinematic_complex,A_MET112,0,1.3829859495162964,1.0931307077407837,-133.71;64.30;35.17,t/g+/m+,46.29;4.30;54.83,False,2.8571744476445464,CG--A:HOH29:O,4.229371789497595,"CE--sym6[0,0,1]/A:VAL136:CG1",0.5254427790641785,SD--A:HOH29:O:3.46A,62.84041213989258,48.87937927246094,48.688716888427734,14.151695251464844,125.53506088256836,49.34319305419922,655.5672607421875,True,False,False,False
probe4c1_kinematic_complex,A_MET112,1,1.3829859495162964,1.0931307077407837,-133.71;64.30;35.17,t/g+/m+,46.29;4.30;54.83,False,2.8571744476445464,CG--A:HOH29:O,4.229371789497595,"CE--sym6[0,0,1]/A:VAL136:CG1",0.5254427790641785,SD--A:HOH29:O:3.46A,62.84041213989258,48.87937927246094,48.688716888427734,14.151695251464844,125.53506088256836,49.34319305419922,655.5672607421875,True,False,False,False
probe4c1_kinematic_complex,A_MET112,2,1.382986068725586,1.0931309461593628,-133.71;64.30;35.17,t/g+/m+,46.29;4.30;54.83,False,2.8571744476445464,CG--A:HOH29:O,4.229372409250195,"CE--sym6[0,0,1]/A:VAL136:CG1",0.5254433751106262,SD--A:HOH29:O:3.46A,62.84041213989258,48.87937927246094,48.688716888427734,14.151695251464844,125.53506088256836,49.34319305419922,655.5672607421875,True,False,False,False
probe4c1_kinematic_complex,A_MET112,3,1.3829859495162964,1.0931307077407837,-133.71;64.30;35.17,t/g+/m+,46.29;4.30;54.83,False,2.8571744476445464,CG--A:HOH29:O,4.229371789497595,"CE--sym6[0,0,1]/A:VAL136:CG1",0.5254427790641785,SD--A:HOH29:O:3.46A,62.84041213989258,48.87937927246094,48.688716888427734,14.151695251464844,125.53506088256836,49.34319305419922,655.5672607421875,True,False,False,False
probe4c1_kinematic_complex,A_MET112,4,1.3829859495162964,1.0931307077407837,-133.71;64.30;35.17,t/g+/m+,46.29;4.30;54.83,False,2.8571744476445464,CG--A:HOH29:O,4.229371789497595,"CE--sym6[0,0,1]/A:VAL136:CG1",0.5254427790641785,SD--A:HOH29:O:3.46A,62.84041213989258,48.87937927246094,48.688716888427734,14.151695251464844,125.53506088256836,49.34319305419922,655.5672607421875,True,False,False,False
probe4c1_kinematic_complex,A_MET112,5,1.3829859495162964,1.0931307077407837,-133.71;64.30;35.17,t/g+/m+,46.29;4.30;54.83,False,2.8571744476445464,CG--A:HOH29:O,4.229371789497595,"CE--sym6[0,0,1]/A:VAL136:CG1",0.5254427790641785,SD--A:HOH29:O:3.46A,62.84041213989258,48.87937927246094,48.688716888427734,14.151695251464844,125.53506088256836,49.34319305419922,655.5672607421875,True,False,False,False
probe4c1_kinematic_complex,A_MET112,6,1.3829859495162964,1.0931307077407837,-133.71;64.30;35.17,t/g+/m+,46.29;4.30;54.83,False,2.8571744476445464,CG--A:HOH29:O,4.229371789497595,"CE--sym6[0,0,1]/A:VAL136:CG1",0.5254427790641785,SD--A:HOH29:O:3.46A,62.84041213989258,48.87937927246094,48.688716888427734,14.151695251464844,125.53506088256836,49.34319305419922,655.5672607421875,True,False,False,False
probe4c1_kinematic_complex,A_MET112,7,1.3829859495162964,1.0931307077407837,-133.71;64.30;35.17,t/g+/m+,46.29;4.30;54.83,False,2.8571744476445464,CG--A:HOH29:O,4.229371789497595,"CE--sym6[0,0,1]/A:VAL136:CG1",0.5254427790641785,SD--A:HOH29:O:3.46A,62.84041213989258,48.87937927246094,48.688716888427734,14.151695251464844,125.53506088256836,49.34319305419922,655.5672607421875,True,False,False,False
probe4c1_kinematic_complex,A_MET112,8,1.3829859495162964,1.0931307077407837,-133.71;64.30;35.17,t/g+/m+,46.29;4.30;54.83,False,2.8571744476445464,CG--A:HOH29:O,4.229373277827872,"CE--sym6[0,0,1]/A:VAL136:CG1",0.5254422426223755,SD--A:HOH29:O:3.46A,62.84041213989258,48.87937927246094,48.688716888427734,14.151695251464844,125.53506088256836,49.34319305419922,655.5672607421875,True,False,False,False
probe4c1_kinematic_complex,A_MET112,9,1.3829859495162964,1.0931307077407837,-133.71;64.30;35.17,t/g+/m+,46.29;4.30;54.83,False,2.8571744476445464,CG--A:HOH29:O,4.229371789497595,"CE--sym6[0,0,1]/A:VAL136:CG1",0.5254427790641785,SD--A:HOH29:O:3.46A,62.84041213989258,48.87937927246094,48.688716888427734,14.151695251464844,125.53506088256836,49.34319305419922,655.5672607421875,True,False,False,False
probe4c1_kinematic_complex,A_MET112,10,1.382986068725586,1.0931309461593628,-133.71;64.30;35.17,t/g+/m+,46.29;4.30;54.83,False,2.8571744476445464,CG--A:HOH29:O,4.229372409250195,"CE--sym6[0,0,1]/A:VAL136:CG1",0.5254433751106262,SD--A:HOH29:O:3.46A,62.84041213989258,48.87937927246094,48.688716888427734,14.151695251464844,125.53506088256836,49.34319305419922,655.5672607421875,True,False,False,False
probe4c1_kinematic_complex,A_MET112,11,1.3829859495162964,1.0931307077407837,-133.71;64.30;35.17,t/g+/m+,46.29;4.30;54.83,False,2.8571744476445464,CG--A:HOH29:O,4.229371789497595,"CE--sym6[0,0,1]/A:VAL136:CG1",0.5254427790641785,SD--A:HOH29:O:3.46A,62.84041213989258,48.87937927246094,48.688716888427734,14.151695251464844,125.53506088256836,49.34319305419922,655.5672607421875,True,False,False,False
probe4c1_kinematic_complex,A_MET112,12,1.382986068725586,1.0931309461593628,-133.71;64.30;35.17,t/g+/m+,46.29;4.30;54.83,False,2.8571744476445464,CG--A:HOH29:O,4.229372409250195,"CE--sym6[0,0,1]/A:VAL136:CG1",0.5254433751106262,SD--A:HOH29:O:3.46A,62.84041213989258,48.87937927246094,48.688716888427734,14.151695251464844,125.53506088256836,49.34319305419922,655.5672607421875,True,False,False,False
probe4c1_kinematic_complex,A_MET112,13,1.3829859495162964,1.0931307077407837,-133.71;64.30;35.17,t/g+/m+,46.29;4.30;54.83,False,2.8571744476445464,CG--A:HOH29:O,4.229371789497595,"CE--sym6[0,0,1]/A:VAL136:CG1",0.5254427790641785,SD--A:HOH29:O:3.46A,62.84041213989258,48.87937927246094,48.688716888427734,14.151695251464844,125.53506088256836,49.34319305419922,655.5672607421875,True,False,False,False
probe4c1_kinematic_complex,A_MET112,14,1.382986068725586,1.0931309461593628,-133.71;64.30;35.17,t/g+/m+,46.29;4.30;54.83,False,2.8571744476445464,CG--A:HOH29:O,4.229372409250195,"CE--sym6[0,0,1]/A:VAL136:CG1",0.5254433751106262,SD--A:HOH29:O:3.46A,62.84041213989258,48.87937927246094,48.688716888427734,14.151695251464844,125.53506088256836,49.34319305419922,655.5672607421875,True,False,False,False
probe4c1_kinematic_complex,A_MET112,15,1.3829859495162964,1.0931307077407837,-133.71;64.30;35.17,t/g+/m+,46.29;4.30;54.83,False,2.8571744476445464,CG--A:HOH29:O,4.229371789497595,"CE--sym6[0,0,1]/A:VAL136:CG1",0.5254427790641785,SD--A:HOH29:O:3.46A,62.84041213989258,48.87937927246094,48.688716888427734,14.151695251464844,125.53506088256836,49.34319305419922,655.5672607421875,True,False,False,False
probe4c1_kinematic_complex,A_MET112,16,1.382986068725586,1.0931309461593628,-133.71;64.30;35.17,t/g+/m+,46.29;4.30;54.83,False,2.8571744476445464,CG--A:HOH29:O,4.229372409250195,"CE--sym6[0,0,1]/A:VAL136:CG1",0.5254433751106262,SD--A:HOH29:O:3.46A,62.84041213989258,48.87937927246094,48.688716888427734,14.151695251464844,125.53506088256836,49.34319305419922,655.5672607421875,True,False,False,False
probe4c1_kinematic_complex,A_MET112,17,1.382986068725586,1.0931309461593628,-133.71;64.30;35.17,t/g+/m+,46.29;4.30;54.83,False,2.8571744476445464,CG--A:HOH29:O,4.229372409250195,"CE--sym6[0,0,1]/A:VAL136:CG1",0.5254433751106262,SD--A:HOH29:O:3.46A,62.84041213989258,48.87937927246094,48.688716888427734,14.151695251464844,125.53506088256836,49.34319305419922,655.5672607421875,True,False,False,False
probe4c1_kinematic_complex,A_MET112,18,1.3829859495162964,1.0931307077407837,-133.71;64.30;35.17,t/g+/m+,46.29;4.30;54.83,False,2.8571744476445464,CG--A:HOH29:O,4.229371789497595,"CE--sym6[0,0,1]/A:VAL136:CG1",0.5254427790641785,SD--A:HOH29:O:3.46A,62.84041213989258,48.87937927246094,48.688716888427734,14.151695251464844,125.53506088256836,49.34319305419922,655.5672607421875,True,False,False,False
probe4c1_kinematic_complex,A_MET112,19,1.382986068725586,1.0931309461593628,-133.71;64.30;35.17,t/g+/m+,46.29;4.30;54.83,False,2.8571744476445464,CG--A:HOH29:O,4.229372409250195,"CE--sym6[0,0,1]/A:VAL136:CG1",0.5254433751106262,SD--A:HOH29:O:3.46A,62.84041213989258,48.87937927246094,48.688716888427734,14.151695251464844,125.53506088256836,49.34319305419922,655.5672607421875,True,False,False,False
probe4c1_kinematic_complex,A_MET112,20,1.382986068725586,1.0931309461593628,-133.71;64.30;35.17,t/g+/m+,46.29;4.30;54.83,False,2.8571744476445464,CG--A:HOH29:O,4.229372409250195,"CE--sym6[0,0,1]/A:VAL136:CG1",0.5254433751106262,SD--A:HOH29:O:3.46A,62.84041213989258,48.87937927246094,48.688716888427734,14.151695251464844,125.53506088256836,49.34319305419922,655.5672607421875,True,False,False,False
probe4c1_kinematic_complex,A_MET112,21,1.3829859495162964,1.0931307077407837,-133.71;64.30;35.17,t/g+/m+,46.29;4.30;54.83,False,2.8571744476445464,CG--A:HOH29:O,4.229371789497595,"CE--sym6[0,0,1]/A:VAL136:CG1",0.5254427790641785,SD--A:HOH29:O:3.46A,62.84041213989258,48.87937927246094,48.688716888427734,14.151695251464844,125.53506088256836,49.34319305419922,655.5672607421875,True,False,False,False
probe4c1_kinematic_complex,A_MET112,22,1.3829859495162964,1.0931307077407837,-133.71;64.30;35.17,t/g+/m+,46.29;4.30;54.83,False,2.8571744476445464,CG--A:HOH29:O,4.229371789497595,"CE--sym6[0,0,1]/A:VAL136:CG1",0.5254427790641785,SD--A:HOH29:O:3.46A,62.84041213989258,48.87937927246094,48.688716888427734,14.151695251464844,125.53506088256836,49.34319305419922,655.5672607421875,True,False,False,False
probe4c1_kinematic_complex,A_MET112,23,1.382986068725586,1.0931309461593628,-133.71;64.30;35.17,t/g+/m+,46.29;4.30;54.83,False,2.8571744476445464,CG--A:HOH29:O,4.229372409250195,"CE--sym6[0,0,1]/A:VAL136:CG1",0.5254433751106262,SD--A:HOH29:O:3.46A,62.84041213989258,48.87937927246094,48.688716888427734,14.151695251464844,125.53506088256836,49.34319305419922,655.5672607421875,True,False,False,False
probe4c1_kinematic_complex,A_MET112,24,1.3829859495162964,1.0931307077407837,-133.71;64.30;35.17,t/g+/m+,46.29;4.30;54.83,False,2.8571744476445464,CG--A:HOH29:O,4.229371789497595,"CE--sym6[0,0,1]/A:VAL136:CG1",0.5254427790641785,SD--A:HOH29:O:3.46A,62.84041213989258,48.87937927246094,48.688716888427734,14.151695251464844,125.53506088256836,49.34319305419922,655.5672607421875,True,False,False,False
probe4c1_kinematic_complex,A_MET112,25,1.3829859495162964,1.0931307077407837,-133.71;64.30;35.17,t/g+/m+,46.29;4.30;54.83,False,2.8571744476445464,CG--A:HOH29:O,4.229371789497595,"CE--sym6[0,0,1]/A:VAL136:CG1",0.5254427790641785,SD--A:HOH29:O:3.46A,62.84041213989258,48.87937927246094,48.688716888427734,14.151695251464844,125.53506088256836,49.34319305419922,655.5672607421875,True,False,False,False
probe4c1_kinematic_complex,A_MET112,26,1.382986068725586,1.0931309461593628,-133.71;64.30;35.17,t/g+/m+,46.29;4.30;54.83,False,2.8571744476445464,CG--A:HOH29:O,4.229372409250195,"CE--sym6[0,0,1]/A:VAL136:CG1",0.5254433751106262,SD--A:HOH29:O:3.46A,62.84041213989258,48.87937927246094,48.688716888427734,14.151695251464844,125.53506088256836,49.34319305419922,655.5672607421875,True,False,False,False
probe4c1_kinematic_complex,A_MET112,27,1.382986068725586,1.0931309461593628,-133.71;64.30;35.17,t/g+/m+,46.29;4.30;54.83,False,2.8571744476445464,CG--A:HOH29:O,4.229372409250195,"CE--sym6[0,0,1]/A:VAL136:CG1",0.5254433751106262,SD--A:HOH29:O:3.46A,62.84041213989258,48.87937927246094,48.688716888427734,14.151695251464844,125.53506088256836,49.34319305419922,655.5672607421875,True,False,False,False
probe4c1_kinematic_complex,A_MET112,28,1.382986068725586,1.0931309461593628,-133.71;64.30;35.17,t/g+/m+,46.29;4.30;54.83,False,2.8571744476445464,CG--A:HOH29:O,4.229372409250195,"CE--sym6[0,0,1]/A:VAL136:CG1",0.5254433751106262,SD--A:HOH29:O:3.46A,62.84041213989258,48.87937927246094,48.688716888427734,14.151695251464844,125.53506088256836,49.34319305419922,655.5672607421875,True,False,False,False
probe4c1_kinematic_complex,A_MET112,29,1.3829859495162964,1.0931307077407837,-133.71;64.30;35.17,t/g+/m+,46.29;4.30;54.83,False,2.8571744476445464,CG--A:HOH29:O,4.229371789497595,"CE--sym6[0,0,1]/A:VAL136:CG1",0.5254427790641785,SD--A:HOH29:O:3.46A,62.84041213989258,48.87937927246094,48.688716888427734,14.151695251464844,125.53506088256836,49.34319305419922,655.5672607421875,True,False,False,False
probe4c1_kinematic_complex,A_MET112,30,1.382986068725586,1.0931309461593628,-133.71;64.30;35.17,t/g+/m+,46.29;4.30;54.83,False,2.8571744476445464,CG--A:HOH29:O,4.229372409250195,"CE--sym6[0,0,1]/A:VAL136:CG1",0.5254433751106262,SD--A:HOH29:O:3.46A,62.84041213989258,48.87937927246094,48.688716888427734,14.151695251464844,125.53506088256836,49.34319305419922,655.5672607421875,True,False,False,False
probe4c1_kinematic_complex,A_MET112,31,1.3829859495162964,1.0931307077407837,-133.71;64.30;35.17,t/g+/m+,46.29;4.30;54.83,False,2.8571744476445464,CG--A:HOH29:O,4.229371789497595,"CE--sym6[0,0,1]/A:VAL136:CG1",0.5254427790641785,SD--A:HOH29:O:3.46A,62.84041213989258,48.87937927246094,48.688716888427734,14.151695251464844,125.53506088256836,49.34319305419922,655.5672607421875,True,False,False,False
probe4c1_kinematic_complex,A_MET112,32,1.3829859495162964,1.0931307077407837,-133.71;64.30;35.17,t/g+/m+,46.29;4.30;54.83,False,2.8571744476445464,CG--A:HOH29:O,4.229371789497595,"CE--sym6[0,0,1]/A:VAL136:CG1",0.5254427790641785,SD--A:HOH29:O:3.46A,62.84041213989258,48.87937927246094,48.688716888427734,14.151695251464844,125.53506088256836,49.34319305419922,655.5672607421875,True,False,False,False
probe4c1_kinematic_complex,A_MET112,33,1.382986068725586,1.0931309461593628,-133.71;64.30;35.17,t/g+/m+,46.29;4.30;54.83,False,2.8571744476445464,CG--A:HOH29:O,4.229372409250195,"CE--sym6[0,0,1]/A:VAL136:CG1",0.5254433751106262,SD--A:HOH29:O:3.46A,62.84041213989258,48.87937927246094,48.688716888427734,14.151695251464844,125.53506088256836,49.34319305419922,655.5672607421875,True,False,False,False
probe4c1_kinematic_complex,A_MET112,34,1.382986068725586,1.0931309461593628,-133.71;64.30;35.17,t/g+/m+,46.29;4.30;54.83,False,2.8571744476445464,CG--A:HOH29:O,4.229372409250195,"CE--sym6[0,0,1]/A:VAL136:CG1",0.5254433751106262,SD--A:HOH29:O:3.46A,62.84041213989258,48.87937927246094,48.688716888427734,14.151695251464844,125.53506088256836,49.34319305419922,655.5672607421875,True,False,False,False
probe4c1_kinematic_complex,A_MET112,35,1.3829859495162964,1.0931307077407837,-133.71;64.30;35.17,t/g+/m+,46.29;4.30;54.83,False,2.8571744476445464,CG--A:HOH29:O,4.229371789497595,"CE--sym6[0,0,1]/A:VAL136:CG1",0.5254427790641785,SD--A:HOH29:O:3.46A,62.84041213989258,48.87937927246094,48.688716888427734,14.151695251464844,125.53506088256836,49.34319305419922,655.5672607421875,True,False,False,False
probe4c1_kinematic_complex,A_MET112,36,1.382986068725586,1.0931309461593628,-133.71;64.30;35.17,t/g+/m+,46.29;4.30;54.83,False,2.8571744476445464,CG--A:HOH29:O,4.229372409250195,"CE--sym6[0,0,1]/A:VAL136:CG1",0.5254433751106262,SD--A:HOH29:O:3.46A,62.84041213989258,48.87937927246094,48.688716888427734,14.151695251464844,125.53506088256836,49.34319305419922,655.5672607421875,True,False,False,False
probe4c1_kinematic_complex,A_MET112,37,1.3829859495162964,1.0931307077407837,-133.71;64.30;35.17,t/g+/m+,46.29;4.30;54.83,False,2.8571744476445464,CG--A:HOH29:O,4.229371789497595,"CE--sym6[0,0,1]/A:VAL136:CG1",0.5254427790641785,SD--A:HOH29:O:3.46A,62.84041213989258,48.87937927246094,48.688716888427734,14.151695251464844,125.53506088256836,49.34319305419922,655.5672607421875,True,False,False,False
probe4c1_kinematic_complex,A_MET112,38,1.3829859495162964,1.0931307077407837,-133.71;64.30;35.17,t/g+/m+,46.29;4.30;54.83,False,2.8571744476445464,CG--A:HOH29:O,4.229371789497595,"CE--sym6[0,0,1]/A:VAL136:CG1",0.5254427790641785,SD--A:HOH29:O:3.46A,62.84041213989258,48.87937927246094,48.688716888427734,14.151695251464844,125.53506088256836,49.34319305419922,655.5672607421875,True,False,False,False
probe4c1_kinematic_complex,A_MET112,39,1.3829859495162964,1.0931307077407837,-133.71;64.30;35.17,t/g+/m+,46.29;4.30;54.83,False,2.8571744476445464,CG--A:HOH29:O,4.229371789497595,"CE--sym6[0,0,1]/A:VAL136:CG1",0.5254427790641785,SD--A:HOH29:O:3.46A,62.84041213989258,48.87937927246094,48.688716888427734,14.151695251464844,125.53506088256836,49.34319305419922,655.5672607421875,True,False,False,False
probe4c1_kinematic_complex,A_MET112,40,1.3829859495162964,1.0931307077407837,-133.71;64.30;35.17,t/g+/m+,46.29;4.30;54.83,False,2.8571744476445464,CG--A:HOH29:O,4.229371789497595,"CE--sym6[0,0,1]/A:VAL136:CG1",0.5254427790641785,SD--A:HOH29:O:3.46A,62.84041213989258,48.87937927246094,48.688716888427734,14.151695251464844,125.53506088256836,49.34319305419922,655.5672607421875,True,False,False,False
probe4c1_kinematic_complex,A_MET112,41,1.382986068725586,1.0931309461593628,-133.71;64.30;35.17,t/g+/m+,46.29;4.30;54.83,False,2.8571744476445464,CG--A:HOH29:O,4.229372409250195,"CE--sym6[0,0,1]/A:VAL136:CG1",0.5254433751106262,SD--A:HOH29:O:3.46A,62.84041213989258,48.87937927246094,48.688716888427734,14.151695251464844,125.53506088256836,49.34319305419922,655.5672607421875,True,False,False,False
probe4c1_kinematic_complex,A_MET112,42,1.3829859495162964,1.0931307077407837,-133.71;64.30;35.17,t/g+/m+,46.29;4.30;54.83,False,2.8571744476445464,CG--A:HOH29:O,4.229371789497595,"CE--sym6[0,0,1]/A:VAL136:CG1",0.5254427790641785,SD--A:HOH29:O:3.46A,62.84041213989258,48.87937927246094,48.688716888427734,14.151695251464844,125.53506088256836,49.34319305419922,655.5672607421875,True,False,False,False
probe4c1_kinematic_complex,A_MET112,43,1.3829859495162964,1.0931307077407837,-133.71;64.30;35.17,t/g+/m+,46.29;4.30;54.83,False,2.8571744476445464,CG--A:HOH29:O,4.229371789497595,"CE--sym6[0,0,1]/A:VAL136:CG1",0.5254427790641785,SD--A:HOH29:O:3.46A,62.84041213989258,48.87937927246094,48.688716888427734,14.151695251464844,125.53506088256836,49.34319305419922,655.5672607421875,True,False,False,False
probe4c1_kinematic_complex,A_MET112,44,1.3829859495162964,1.0931307077407837,-133.71;64.30;35.17,t/g+/m+,46.29;4.30;54.83,False,2.8571744476445464,CG--A:HOH29:O,4.229371789497595,"CE--sym6[0,0,1]/A:VAL136:CG1",0.5254427790641785,SD--A:HOH29:O:3.46A,62.84041213989258,48.87937927246094,48.688716888427734,14.151695251464844,125.53506088256836,49.34319305419922,655.5672607421875,True,False,False,False
probe4c1_kinematic_complex,A_MET112,45,1.3829859495162964,1.0931307077407837,-133.71;64.30;35.17,t/g+/m+,46.29;4.30;54.83,False,2.8571744476445464,CG--A:HOH29:O,4.229371789497595,"CE--sym6[0,0,1]/A:VAL136:CG1",0.5254427790641785,SD--A:HOH29:O:3.46A,62.84041213989258,48.87937927246094,48.688716888427734,14.151695251464844,125.53506088256836,49.34319305419922,655.5672607421875,True,False,False,False
probe4c1_kinematic_complex,A_MET112,46,1.382986068725586,1.0931309461593628,-133.71;64.30;35.17,t/g+/m+,46.29;4.30;54.83,False,2.8571744476445464,CG--A:HOH29:O,4.229372409250195,"CE--sym6[0,0,1]/A:VAL136:CG1",0.5254433751106262,SD--A:HOH29:O:3.46A,62.84041213989258,48.87937927246094,48.688716888427734,14.151695251464844,125.53506088256836,49.34319305419922,655.5672607421875,True,False,False,False
probe4c1_kinematic_complex,A_MET112,47,1.382986068725586,1.0931309461593628,-133.71;64.30;35.17,t/g+/m+,46.29;4.30;54.83,False,2.8571744476445464,CG--A:HOH29:O,4.229372409250195,"CE--sym6[0,0,1]/A:VAL136:CG1",0.5254433751106262,SD--A:HOH29:O:3.46A,62.84041213989258,48.87937927246094,48.688716888427734,14.151695251464844,125.53506088256836,49.34319305419922,655.5672607421875,True,False,False,False
probe4c1_kinematic_complex,A_MET112,48,1.3829859495162964,1.0931307077407837,-133.71;64.30;35.17,t/g+/m+,46.29;4.30;54.83,False,2.8571744476445464,CG--A:HOH29:O,4.229371789497595,"CE--sym6[0,0,1]/A:VAL136:CG1",0.5254427790641785,SD--A:HOH29:O:3.46A,62.84041213989258,48.87937927246094,48.688716888427734,14.151695251464844,125.53506088256836,49.34319305419922,655.5672607421875,True,False,False,False
probe4c1_kinematic_complex,A_MET112,49,1.3829859495162964,1.0931307077407837,-133.71;64.30;35.17,t/g+/m+,46.29;4.30;54.83,False,2.8571744476445464,CG--A:HOH29:O,4.229371789497595,"CE--sym6[0,0,1]/A:VAL136:CG1",0.5254427790641785,SD--A:HOH29:O:3.46A,62.84041213989258,48.87937927246094,48.688716888427734,14.151695251464844,125.53506088256836,49.34319305419922,655.5672607421875,True,False,False,False
probe4c1_kinematic_complex,A_ARG129,0,1.1506258249282837,0.7991089820861816,-126.54;124.85;93.47;-140.17,t/t/g+/p180,53.46;55.15;33.47;39.83,False,3.0432759293083964,CB--A:ILE130:N,2.7787726067047487,"CD--sym6[-1,0,1]/B:ILE121:CD1",0.6853235960006714,NH2--A:HOH24:O:3.20A,68.27961730957031,48.87939453125,53.74132537841797,19.400222778320312,539.5329360961914,49.25828552246094,1806.813232421875,True,False,False,False
probe4c1_kinematic_complex,A_ARG129,1,1.1506259441375732,0.7991091012954712,-126.54;124.85;93.47;-140.17,t/t/g+/p180,53.46;55.15;33.47;39.83,False,3.0432759293083964,CB--A:ILE130:N,2.7787721086216606,"CD--sym6[-1,0,1]/B:ILE121:CD1",0.6853228211402893,NH2--A:HOH24:O:3.20A,68.27961730957031,48.87939453125,53.74132537841797,19.400222778320312,539.5329360961914,49.25828552246094,1806.813232421875,True,False,False,False
probe4c1_kinematic_complex,A_ARG129,2,1.1506257057189941,0.7991090416908264,-126.54;124.85;93.47;-140.17,t/t/g+/p180,53.46;55.15;33.47;39.83,False,3.0432759293083964,CB--A:ILE130:N,2.7787721086216606,"CD--sym6[-1,0,1]/B:ILE121:CD1",0.6853225827217102,NH2--A:HOH24:O:3.20A,68.27961730957031,48.87939453125,53.74132537841797,19.400222778320312,539.5329360961914,49.25828552246094,1806.813232421875,True,False,False,False
probe4c1_kinematic_complex,A_ARG129,3,1.1506258249282837,0.7991089820861816,-126.54;124.85;93.47;-140.17,t/t/g+/p180,53.46;55.15;33.47;39.83,False,3.0432759293083964,CB--A:ILE130:N,2.7787726067047487,"CD--sym6[-1,0,1]/B:ILE121:CD1",0.6853235960006714,NH2--A:HOH24:O:3.20A,68.27961730957031,48.87939453125,53.74132537841797,19.400222778320312,539.5329360961914,49.25828552246094,1806.813232421875,True,False,False,False
probe4c1_kinematic_complex,A_ARG129,4,1.1506236791610718,0.7991107702255249,-126.54;124.85;93.47;-140.17,t/t/g+/p180,53.46;55.15;33.47;39.83,False,3.0432759293083964,CB--A:ILE130:N,2.7787721086216606,"CD--sym6[-1,0,1]/B:ILE121:CD1",0.6853240132331848,NH2--A:HOH24:O:3.20A,68.27961730957031,48.87939453125,53.74132537841797,19.400222778320312,539.5329360961914,49.25828552246094,1806.813232421875,True,False,False,False
probe4c1_kinematic_complex,A_ARG129,5,1.1506258249282837,0.7991089820861816,-126.54;124.85;93.47;-140.17,t/t/g+/p180,53.46;55.15;33.47;39.83,False,3.0432759293083964,CB--A:ILE130:N,2.7787726067047487,"CD--sym6[-1,0,1]/B:ILE121:CD1",0.6853235960006714,NH2--A:HOH24:O:3.20A,68.27961730957031,48.87939453125,53.74132537841797,19.400222778320312,539.5329360961914,49.25828552246094,1806.813232421875,True,False,False,False
probe4c1_kinematic_complex,A_ARG129,6,1.1506259441375732,0.7991091012954712,-126.54;124.85;93.47;-140.17,t/t/g+/p180,53.46;55.15;33.47;39.83,False,3.0432759293083964,CB--A:ILE130:N,2.7787721086216606,"CD--sym6[-1,0,1]/B:ILE121:CD1",0.6853228211402893,NH2--A:HOH24:O:3.20A,68.27961730957031,48.87939453125,53.74132537841797,19.400222778320312,539.5329360961914,49.25828552246094,1806.813232421875,True,False,False,False
probe4c1_kinematic_complex,A_ARG129,7,1.1506257057189941,0.7991090416908264,-126.54;124.85;93.47;-140.17,t/t/g+/p-180,53.46;55.15;33.47;39.83,False,3.0432759293083964,CB--A:ILE130:N,2.7787721086216606,"CD--sym6[-1,0,1]/B:ILE121:CD1",0.6853222846984863,NH2--A:HOH24:O:3.20A,68.27961730957031,48.87939453125,53.74132537841797,19.400222778320312,539.5329360961914,49.25828552246094,1806.813232421875,True,False,False,False
probe4c1_kinematic_complex,A_ARG129,8,1.1506257057189941,0.7991090416908264,-126.54;124.85;93.47;-140.17,t/t/g+/p180,53.46;55.15;33.47;39.83,False,3.0432759293083964,CB--A:ILE130:N,2.7787721086216606,"CD--sym6[-1,0,1]/B:ILE121:CD1",0.6853225827217102,NH2--A:HOH24:O:3.20A,68.27961730957031,48.87939453125,53.74132537841797,19.400222778320312,539.5329360961914,49.25828552246094,1806.813232421875,True,False,False,False
probe4c1_kinematic_complex,A_ARG129,9,1.1506258249282837,0.7991089820861816,-126.54;124.85;93.47;-140.17,t/t/g+/p180,53.46;55.15;33.47;39.83,False,3.0432759293083964,CB--A:ILE130:N,2.7787726067047487,"CD--sym6[-1,0,1]/B:ILE121:CD1",0.6853235960006714,NH2--A:HOH24:O:3.20A,68.27961730957031,48.87939453125,53.74132537841797,19.400222778320312,539.5329360961914,49.25828552246094,1806.813232421875,True,False,False,False
probe4c1_kinematic_complex,A_ARG129,10,1.1506257057189941,0.7991090416908264,-126.54;124.85;93.47;-140.17,t/t/g+/p180,53.46;55.15;33.47;39.83,False,3.0432759293083964,CB--A:ILE130:N,2.7787721086216606,"CD--sym6[-1,0,1]/B:ILE121:CD1",0.6853225827217102,NH2--A:HOH24:O:3.20A,68.27961730957031,48.87939453125,53.74132537841797,19.400222778320312,539.5329360961914,49.25828552246094,1806.813232421875,True,False,False,False
probe4c1_kinematic_complex,A_ARG129,11,1.1506259441375732,0.7991091012954712,-126.54;124.85;93.47;-140.17,t/t/g+/p180,53.46;55.15;33.47;39.83,False,3.0432759293083964,CB--A:ILE130:N,2.7787721086216606,"CD--sym6[-1,0,1]/B:ILE121:CD1",0.6853228211402893,NH2--A:HOH24:O:3.20A,68.27961730957031,48.87939453125,53.74132537841797,19.400222778320312,539.5329360961914,49.25828552246094,1806.813232421875,True,False,False,False
probe4c1_kinematic_complex,A_ARG129,12,1.1506257057189941,0.7991090416908264,-126.54;124.85;93.47;-140.17,t/t/g+/p180,53.46;55.15;33.47;39.83,False,3.0432759293083964,CB--A:ILE130:N,2.7787721086216606,"CD--sym6[-1,0,1]/B:ILE121:CD1",0.6853225827217102,NH2--A:HOH24:O:3.20A,68.27961730957031,48.87939453125,53.74132537841797,19.400222778320312,539.5329360961914,49.25828552246094,1806.813232421875,True,False,False,False
probe4c1_kinematic_complex,A_ARG129,13,1.1506257057189941,0.7991090416908264,-126.54;124.85;93.47;-140.17,t/t/g+/p180,53.46;55.15;33.47;39.83,False,3.0432759293083964,CB--A:ILE130:N,2.7787721086216606,"CD--sym6[-1,0,1]/B:ILE121:CD1",0.6853225827217102,NH2--A:HOH24:O:3.20A,68.27961730957031,48.87939453125,53.74132537841797,19.400222778320312,539.5329360961914,49.25828552246094,1806.813232421875,True,False,False,False
probe4c1_kinematic_complex,A_ARG129,14,1.1506258249282837,0.7991089820861816,-126.54;124.85;93.47;-140.17,t/t/g+/p180,53.46;55.15;33.47;39.83,False,3.0432759293083964,CB--A:ILE130:N,2.7787726067047487,"CD--sym6[-1,0,1]/B:ILE121:CD1",0.6853235960006714,NH2--A:HOH24:O:3.20A,68.27961730957031,48.87939453125,53.74132537841797,19.400222778320312,539.5329360961914,49.25828552246094,1806.813232421875,True,False,False,False
probe4c1_kinematic_complex,A_ARG129,15,1.1506259441375732,0.7991091012954712,-126.54;124.85;93.47;-140.17,t/t/g+/p180,53.46;55.15;33.47;39.83,False,3.0432759293083964,CB--A:ILE130:N,2.7787721086216606,"CD--sym6[-1,0,1]/B:ILE121:CD1",0.6853228211402893,NH2--A:HOH24:O:3.20A,68.27961730957031,48.87939453125,53.74132537841797,19.400222778320312,539.5329360961914,49.25828552246094,1806.813232421875,True,False,False,False
probe4c1_kinematic_complex,A_ARG129,16,1.1506259441375732,0.7991091012954712,-126.54;124.85;93.47;-140.17,t/t/g+/p180,53.46;55.15;33.47;39.83,False,3.0432759293083964,CB--A:ILE130:N,2.7787721086216606,"CD--sym6[-1,0,1]/B:ILE121:CD1",0.6853228211402893,NH2--A:HOH24:O:3.20A,68.27961730957031,48.87939453125,53.74132537841797,19.400222778320312,539.5329360961914,49.25828552246094,1806.813232421875,True,False,False,False
probe4c1_kinematic_complex,A_ARG129,17,1.1506259441375732,0.7991091012954712,-126.54;124.85;93.47;-140.17,t/t/g+/p180,53.46;55.15;33.47;39.83,False,3.0432759293083964,CB--A:ILE130:N,2.7787721086216606,"CD--sym6[-1,0,1]/B:ILE121:CD1",0.6853228211402893,NH2--A:HOH24:O:3.20A,68.27961730957031,48.87939453125,53.74132537841797,19.400222778320312,539.5329360961914,49.25828552246094,1806.813232421875,True,False,False,False
probe4c1_kinematic_complex,A_ARG129,18,1.1506259441375732,0.7991091012954712,-126.54;124.85;93.47;-140.17,t/t/g+/p180,53.46;55.15;33.47;39.83,False,3.0432759293083964,CB--A:ILE130:N,2.7787721086216606,"CD--sym6[-1,0,1]/B:ILE121:CD1",0.6853228211402893,NH2--A:HOH24:O:3.20A,68.27961730957031,48.87939453125,53.74132537841797,19.400222778320312,539.5329360961914,49.25828552246094,1806.813232421875,True,False,False,False
probe4c1_kinematic_complex,A_ARG129,19,1.1506257057189941,0.7991090416908264,-126.54;124.85;93.47;-140.17,t/t/g+/p180,53.46;55.15;33.47;39.83,False,3.0432759293083964,CB--A:ILE130:N,2.7787721086216606,"CD--sym6[-1,0,1]/B:ILE121:CD1",0.6853225827217102,NH2--A:HOH24:O:3.20A,68.27961730957031,48.87939453125,53.74132537841797,19.400222778320312,539.5329360961914,49.25828552246094,1806.813232421875,True,False,False,False
probe4c1_kinematic_complex,A_ARG129,20,1.1506257057189941,0.7991090416908264,-126.54;124.85;93.47;-140.17,t/t/g+/p-180,53.46;55.15;33.47;39.83,False,3.0432759293083964,CB--A:ILE130:N,2.7787721086216606,"CD--sym6[-1,0,1]/B:ILE121:CD1",0.6853222846984863,NH2--A:HOH24:O:3.20A,68.27961730957031,48.87939453125,53.74132537841797,19.400222778320312,539.5329360961914,49.25828552246094,1806.813232421875,True,False,False,False
probe4c1_kinematic_complex,A_ARG129,21,1.1506259441375732,0.7991091012954712,-126.54;124.85;93.47;-140.17,t/t/g+/p180,53.46;55.15;33.47;39.83,False,3.0432759293083964,CB--A:ILE130:N,2.7787721086216606,"CD--sym6[-1,0,1]/B:ILE121:CD1",0.6853228211402893,NH2--A:HOH24:O:3.20A,68.27961730957031,48.87939453125,53.74132537841797,19.400222778320312,539.5329360961914,49.25828552246094,1806.813232421875,True,False,False,False
probe4c1_kinematic_complex,A_ARG129,22,1.1506259441375732,0.7991091012954712,-126.54;124.85;93.47;-140.17,t/t/g+/p180,53.46;55.15;33.47;39.83,False,3.0432759293083964,CB--A:ILE130:N,2.7787721086216606,"CD--sym6[-1,0,1]/B:ILE121:CD1",0.6853228211402893,NH2--A:HOH24:O:3.20A,68.27961730957031,48.87939453125,53.74132537841797,19.400222778320312,539.5329360961914,49.25828552246094,1806.813232421875,True,False,False,False
probe4c1_kinematic_complex,A_ARG129,23,1.1506258249282837,0.7991089820861816,-126.54;124.85;93.47;-140.17,t/t/g+/p180,53.46;55.15;33.47;39.83,False,3.0432759293083964,CB--A:ILE130:N,2.7787726067047487,"CD--sym6[-1,0,1]/B:ILE121:CD1",0.6853235960006714,NH2--A:HOH24:O:3.20A,68.27961730957031,48.87939453125,53.74132537841797,19.400222778320312,539.5329360961914,49.25828552246094,1806.813232421875,True,False,False,False
probe4c1_kinematic_complex,A_ARG129,24,1.1506259441375732,0.7991091012954712,-126.54;124.85;93.47;-140.17,t/t/g+/p180,53.46;55.15;33.47;39.83,False,3.0432759293083964,CB--A:ILE130:N,2.7787721086216606,"CD--sym6[-1,0,1]/B:ILE121:CD1",0.6853228211402893,NH2--A:HOH24:O:3.20A,68.27961730957031,48.87939453125,53.74132537841797,19.400222778320312,539.5329360961914,49.25828552246094,1806.813232421875,True,False,False,False
probe4c1_kinematic_complex,A_ARG129,25,1.1506257057189941,0.7991090416908264,-126.54;124.85;93.47;-140.17,t/t/g+/p-180,53.46;55.15;33.47;39.83,False,3.0432759293083964,CB--A:ILE130:N,2.7787721086216606,"CD--sym6[-1,0,1]/B:ILE121:CD1",0.6853222846984863,NH2--A:HOH24:O:3.20A,68.27961730957031,48.87939453125,53.74132537841797,19.400222778320312,539.5329360961914,49.25828552246094,1806.813232421875,True,False,False,False
probe4c1_kinematic_complex,A_ARG129,26,1.1506257057189941,0.7991090416908264,-126.54;124.85;93.47;-140.17,t/t/g+/p180,53.46;55.15;33.47;39.83,False,3.0432759293083964,CB--A:ILE130:N,2.7787721086216606,"CD--sym6[-1,0,1]/B:ILE121:CD1",0.6853225827217102,NH2--A:HOH24:O:3.20A,68.27961730957031,48.87939453125,53.74132537841797,19.400222778320312,539.5329360961914,49.25828552246094,1806.813232421875,True,False,False,False
probe4c1_kinematic_complex,A_ARG129,27,1.1506258249282837,0.7991089820861816,-126.54;124.85;93.47;-140.17,t/t/g+/p180,53.46;55.15;33.47;39.83,False,3.0432759293083964,CB--A:ILE130:N,2.7787726067047487,"CD--sym6[-1,0,1]/B:ILE121:CD1",0.6853235960006714,NH2--A:HOH24:O:3.20A,68.27961730957031,48.87939453125,53.74132537841797,19.400222778320312,539.5329360961914,49.25828552246094,1806.813232421875,True,False,False,False
probe4c1_kinematic_complex,A_ARG129,28,1.1506259441375732,0.7991091012954712,-126.54;124.85;93.47;-140.17,t/t/g+/p180,53.46;55.15;33.47;39.83,False,3.0432759293083964,CB--A:ILE130:N,2.7787721086216606,"CD--sym6[-1,0,1]/B:ILE121:CD1",0.6853228211402893,NH2--A:HOH24:O:3.20A,68.27961730957031,48.87939453125,53.74132537841797,19.400222778320312,539.5329360961914,49.25828552246094,1806.813232421875,True,False,False,False
probe4c1_kinematic_complex,A_ARG129,29,1.1506259441375732,0.7991091012954712,-126.54;124.85;93.47;-140.17,t/t/g+/p180,53.46;55.15;33.47;39.83,False,3.0432759293083964,CB--A:ILE130:N,2.7787721086216606,"CD--sym6[-1,0,1]/B:ILE121:CD1",0.6853228211402893,NH2--A:HOH24:O:3.20A,68.27961730957031,48.87939453125,53.74132537841797,19.400222778320312,539.5329360961914,49.25828552246094,1806.813232421875,True,False,False,False
probe4c1_kinematic_complex,A_ARG129,30,1.1506259441375732,0.7991091012954712,-126.54;124.85;93.47;-140.17,t/t/g+/p180,53.46;55.15;33.47;39.83,False,3.0432759293083964,CB--A:ILE130:N,2.7787721086216606,"CD--sym6[-1,0,1]/B:ILE121:CD1",0.6853228211402893,NH2--A:HOH24:O:3.20A,68.27961730957031,48.87939453125,53.74132537841797,19.400222778320312,539.5329360961914,49.25828552246094,1806.813232421875,True,False,False,False
probe4c1_kinematic_complex,A_ARG129,31,1.1506258249282837,0.7991089820861816,-126.54;124.85;93.47;-140.17,t/t/g+/p180,53.46;55.15;33.47;39.83,False,3.0432759293083964,CB--A:ILE130:N,2.7787726067047487,"CD--sym6[-1,0,1]/B:ILE121:CD1",0.6853235960006714,NH2--A:HOH24:O:3.20A,68.27961730957031,48.87939453125,53.74132537841797,19.400222778320312,539.5329360961914,49.25828552246094,1806.813232421875,True,False,False,False
probe4c1_kinematic_complex,A_ARG129,32,1.1506257057189941,0.7991090416908264,-126.54;124.85;93.47;-140.17,t/t/g+/p180,53.46;55.15;33.47;39.83,False,3.0432759293083964,CB--A:ILE130:N,2.7787721086216606,"CD--sym6[-1,0,1]/B:ILE121:CD1",0.6853225827217102,NH2--A:HOH24:O:3.20A,68.27961730957031,48.87939453125,53.74132537841797,19.400222778320312,539.5329360961914,49.25828552246094,1806.813232421875,True,False,False,False
probe4c1_kinematic_complex,A_ARG129,33,1.1506257057189941,0.7991090416908264,-126.54;124.85;93.47;-140.17,t/t/g+/p-180,53.46;55.15;33.47;39.83,False,3.0432759293083964,CB--A:ILE130:N,2.7787721086216606,"CD--sym6[-1,0,1]/B:ILE121:CD1",0.6853222846984863,NH2--A:HOH24:O:3.20A,68.27961730957031,48.87939453125,53.74132537841797,19.400222778320312,539.5329360961914,49.25828552246094,1806.813232421875,True,False,False,False
probe4c1_kinematic_complex,A_ARG129,34,1.1506259441375732,0.7991091012954712,-126.54;124.85;93.47;-140.17,t/t/g+/p180,53.46;55.15;33.47;39.83,False,3.0432759293083964,CB--A:ILE130:N,2.7787721086216606,"CD--sym6[-1,0,1]/B:ILE121:CD1",0.6853228211402893,NH2--A:HOH24:O:3.20A,68.27961730957031,48.87939453125,53.74132537841797,19.400222778320312,539.5329360961914,49.25828552246094,1806.813232421875,True,False,False,False
probe4c1_kinematic_complex,A_ARG129,35,1.1506257057189941,0.7991090416908264,-126.54;124.85;93.47;-140.17,t/t/g+/p180,53.46;55.15;33.47;39.83,False,3.0432759293083964,CB--A:ILE130:N,2.7787721086216606,"CD--sym6[-1,0,1]/B:ILE121:CD1",0.6853225827217102,NH2--A:HOH24:O:3.20A,68.27961730957031,48.87939453125,53.74132537841797,19.400222778320312,539.5329360961914,49.25828552246094,1806.813232421875,True,False,False,False
probe4c1_kinematic_complex,A_ARG129,36,1.1506257057189941,0.7991090416908264,-126.54;124.85;93.47;-140.17,t/t/g+/p180,53.46;55.15;33.47;39.83,False,3.0432759293083964,CB--A:ILE130:N,2.7787721086216606,"CD--sym6[-1,0,1]/B:ILE121:CD1",0.6853225827217102,NH2--A:HOH24:O:3.20A,68.27961730957031,48.87939453125,53.74132537841797,19.400222778320312,539.5329360961914,49.25828552246094,1806.813232421875,True,False,False,False
probe4c1_kinematic_complex,A_ARG129,37,1.1506236791610718,0.7991107702255249,-126.54;124.85;93.47;-140.17,t/t/g+/p180,53.46;55.15;33.47;39.83,False,3.0432759293083964,CB--A:ILE130:N,2.7787721086216606,"CD--sym6[-1,0,1]/B:ILE121:CD1",0.6853240132331848,NH2--A:HOH24:O:3.20A,68.27961730957031,48.87939453125,53.74132537841797,19.400222778320312,539.5329360961914,49.25828552246094,1806.813232421875,True,False,False,False
probe4c1_kinematic_complex,A_ARG129,38,1.1506257057189941,0.7991090416908264,-126.54;124.85;93.47;-140.17,t/t/g+/p180,53.46;55.15;33.47;39.83,False,3.0432759293083964,CB--A:ILE130:N,2.7787721086216606,"CD--sym6[-1,0,1]/B:ILE121:CD1",0.6853225827217102,NH2--A:HOH24:O:3.20A,68.27961730957031,48.87939453125,53.74132537841797,19.400222778320312,539.5329360961914,49.25828552246094,1806.813232421875,True,False,False,False
probe4c1_kinematic_complex,A_ARG129,39,1.1506257057189941,0.7991090416908264,-126.54;124.85;93.47;-140.17,t/t/g+/p180,53.46;55.15;33.47;39.83,False,3.0432759293083964,CB--A:ILE130:N,2.7787721086216606,"CD--sym6[-1,0,1]/B:ILE121:CD1",0.6853225827217102,NH2--A:HOH24:O:3.20A,68.27961730957031,48.87939453125,53.74132537841797,19.400222778320312,539.5329360961914,49.25828552246094,1806.813232421875,True,False,False,False
probe4c1_kinematic_complex,A_ARG129,40,1.1506257057189941,0.7991090416908264,-126.54;124.85;93.47;-140.17,t/t/g+/p180,53.46;55.15;33.47;39.83,False,3.0432759293083964,CB--A:ILE130:N,2.7787721086216606,"CD--sym6[-1,0,1]/B:ILE121:CD1",0.6853225827217102,NH2--A:HOH24:O:3.20A,68.27961730957031,48.87939453125,53.74132537841797,19.400222778320312,539.5329360961914,49.25828552246094,1806.813232421875,True,False,False,False
probe4c1_kinematic_complex,A_ARG129,41,1.1506259441375732,0.7991091012954712,-126.54;124.85;93.47;-140.17,t/t/g+/p180,53.46;55.15;33.47;39.83,False,3.0432759293083964,CB--A:ILE130:N,2.7787721086216606,"CD--sym6[-1,0,1]/B:ILE121:CD1",0.6853228211402893,NH2--A:HOH24:O:3.20A,68.27961730957031,48.87939453125,53.74132537841797,19.400222778320312,539.5329360961914,49.25828552246094,1806.813232421875,True,False,False,False
probe4c1_kinematic_complex,A_ARG129,42,1.1506258249282837,0.7991089820861816,-126.54;124.85;93.47;-140.17,t/t/g+/p180,53.46;55.15;33.47;39.83,False,3.0432759293083964,CB--A:ILE130:N,2.7787726067047487,"CD--sym6[-1,0,1]/B:ILE121:CD1",0.6853235960006714,NH2--A:HOH24:O:3.20A,68.27961730957031,48.87939453125,53.74132537841797,19.400222778320312,539.5329360961914,49.25828552246094,1806.813232421875,True,False,False,False
probe4c1_kinematic_complex,A_ARG129,43,1.1506259441375732,0.7991091012954712,-126.54;124.85;93.47;-140.17,t/t/g+/p180,53.46;55.15;33.47;39.83,False,3.0432759293083964,CB--A:ILE130:N,2.7787721086216606,"CD--sym6[-1,0,1]/B:ILE121:CD1",0.6853228211402893,NH2--A:HOH24:O:3.20A,68.27961730957031,48.87939453125,53.74132537841797,19.400222778320312,539.5329360961914,49.25828552246094,1806.813232421875,True,False,False,False
probe4c1_kinematic_complex,A_ARG129,44,1.1506257057189941,0.7991090416908264,-126.54;124.85;93.47;-140.17,t/t/g+/p180,53.46;55.15;33.47;39.83,False,3.0432759293083964,CB--A:ILE130:N,2.7787721086216606,"CD--sym6[-1,0,1]/B:ILE121:CD1",0.6853225827217102,NH2--A:HOH24:O:3.20A,68.27961730957031,48.87939453125,53.74132537841797,19.400222778320312,539.5329360961914,49.25828552246094,1806.813232421875,True,False,False,False
probe4c1_kinematic_complex,A_ARG129,45,1.1506259441375732,0.7991091012954712,-126.54;124.85;93.47;-140.17,t/t/g+/p180,53.46;55.15;33.47;39.83,False,3.0432759293083964,CB--A:ILE130:N,2.7787721086216606,"CD--sym6[-1,0,1]/B:ILE121:CD1",0.6853228211402893,NH2--A:HOH24:O:3.20A,68.27961730957031,48.87939453125,53.74132537841797,19.400222778320312,539.5329360961914,49.25828552246094,1806.813232421875,True,False,False,False
probe4c1_kinematic_complex,A_ARG129,46,1.1506259441375732,0.7991091012954712,-126.54;124.85;93.47;-140.17,t/t/g+/p180,53.46;55.15;33.47;39.83,False,3.0432759293083964,CB--A:ILE130:N,2.7787721086216606,"CD--sym6[-1,0,1]/B:ILE121:CD1",0.6853228211402893,NH2--A:HOH24:O:3.20A,68.27961730957031,48.87939453125,53.74132537841797,19.400222778320312,539.5329360961914,49.25828552246094,1806.813232421875,True,False,False,False
probe4c1_kinematic_complex,A_ARG129,47,1.1506258249282837,0.7991089820861816,-126.54;124.85;93.47;-140.17,t/t/g+/p180,53.46;55.15;33.47;39.83,False,3.0432759293083964,CB--A:ILE130:N,2.7787726067047487,"CD--sym6[-1,0,1]/B:ILE121:CD1",0.6853235960006714,NH2--A:HOH24:O:3.20A,68.27961730957031,48.87939453125,53.74132537841797,19.400222778320312,539.5329360961914,49.25828552246094,1806.813232421875,True,False,False,False
probe4c1_kinematic_complex,A_ARG129,48,1.1506258249282837,0.7991089820861816,-126.54;124.85;93.47;-140.17,t/t/g+/p180,53.46;55.15;33.47;39.83,False,3.0432759293083964,CB--A:ILE130:N,2.7787726067047487,"CD--sym6[-1,0,1]/B:ILE121:CD1",0.6853235960006714,NH2--A:HOH24:O:3.20A,68.27961730957031,48.87939453125,53.74132537841797,19.400222778320312,539.5329360961914,49.25828552246094,1806.813232421875,True,False,False,False
probe4c1_kinematic_complex,A_ARG129,49,1.1506258249282837,0.7991089820861816,-126.54;124.85;93.47;-140.17,t/t/g+/p180,53.46;55.15;33.47;39.83,False,3.0432759293083964,CB--A:ILE130:N,2.7787726067047487,"CD--sym6[-1,0,1]/B:ILE121:CD1",0.6853235960006714,NH2--A:HOH24:O:3.20A,68.27961730957031,48.87939453125,53.74132537841797,19.400222778320312,539.5329360961914,49.25828552246094,1806.813232421875,True,False,False,False
probe4c1_kinematic_complex,B_MET112,0,1.0029901266098022,0.33347705006599426,-68.60;161.47;-167.40,g-/t/t,8.60;18.53;12.60,True,3.0843139640824013,CB--B:ILE113:N,3.452196568610176,"CE--sym1[1,1,0]/A:LEU110:CD1",1.96262788772583,,28.482864379882812,25.182567596435547,26.873756408691406,3.3002967834472656,86.76152687072754,24.904254913330078,333.29803466796875,True,True,True,True
probe4c1_kinematic_complex,B_MET112,1,1.0029901266098022,0.33347705006599426,-68.60;161.47;-167.40,g-/t/t,8.60;18.53;12.60,True,3.0843139640824013,CB--B:ILE113:N,3.452196568610176,"CE--sym1[1,1,0]/A:LEU110:CD1",1.96262788772583,,28.482864379882812,25.182567596435547,26.873756408691406,3.3002967834472656,86.76152687072754,24.904254913330078,333.29803466796875,True,True,True,True
probe4c1_kinematic_complex,B_MET112,2,1.0029901266098022,0.33347705006599426,-68.60;161.47;-167.40,g-/t/t,8.60;18.53;12.60,True,3.0843139640824013,CB--B:ILE113:N,3.452196568610176,"CE--sym1[1,1,0]/A:LEU110:CD1",1.96262788772583,,28.482864379882812,25.182567596435547,26.873756408691406,3.3002967834472656,86.76152687072754,24.904254913330078,333.29803466796875,True,True,True,True
probe4c1_kinematic_complex,B_MET112,3,1.0029916763305664,0.3334779739379883,-68.60;161.47;-167.40,g-/t/t,8.60;18.53;12.60,True,3.0843139640824013,CB--B:ILE113:N,3.452193103742994,"CE--sym1[1,1,0]/A:LEU110:CD1",1.962627649307251,,28.482864379882812,25.182567596435547,26.873756408691406,3.3002967834472656,86.76152687072754,24.904254913330078,333.29803466796875,True,True,True,True
probe4c1_kinematic_complex,B_MET112,4,1.0029901266098022,0.33347705006599426,-68.60;161.47;-167.40,g-/t/t,8.60;18.53;12.60,True,3.0843139640824013,CB--B:ILE113:N,3.452196568610176,"CE--sym1[1,1,0]/A:LEU110:CD1",1.96262788772583,,28.482864379882812,25.182567596435547,26.873756408691406,3.3002967834472656,86.76152687072754,24.904254913330078,333.29803466796875,True,True,True,True
probe4c1_kinematic_complex,B_MET112,5,1.0029916763305664,0.3334779739379883,-68.60;161.47;-167.40,g-/t/t,8.60;18.53;12.60,True,3.0843139640824013,CB--B:ILE113:N,3.452193103742994,"CE--sym1[1,1,0]/A:LEU110:CD1",1.962627649307251,,28.482864379882812,25.182567596435547,26.873756408691406,3.3002967834472656,86.76152687072754,24.904254913330078,333.29803466796875,True,True,True,True
probe4c1_kinematic_complex,B_MET112,6,1.0029916763305664,0.3334779739379883,-68.60;161.47;-167.40,g-/t/t,8.60;18.53;12.60,True,3.0843139640824013,CB--B:ILE113:N,3.452193103742994,"CE--sym1[1,1,0]/A:LEU110:CD1",1.962627649307251,,28.482864379882812,25.182567596435547,26.873756408691406,3.3002967834472656,86.76152687072754,24.904254913330078,333.29803466796875,True,True,True,True
probe4c1_kinematic_complex,B_MET112,7,1.0029901266098022,0.33347705006599426,-68.60;161.47;-167.40,g-/t/t,8.60;18.53;12.60,True,3.0843139640824013,CB--B:ILE113:N,3.452196568610176,"CE--sym1[1,1,0]/A:LEU110:CD1",1.96262788772583,,28.482864379882812,25.182567596435547,26.873756408691406,3.3002967834472656,86.76152687072754,24.904254913330078,333.29803466796875,True,True,True,True
probe4c1_kinematic_complex,B_MET112,8,1.0029916763305664,0.3334779739379883,-68.60;161.47;-167.40,g-/t/t,8.60;18.53;12.60,True,3.0843139640824013,CB--B:ILE113:N,3.452193103742994,"CE--sym1[1,1,0]/A:LEU110:CD1",1.962627649307251,,28.482864379882812,25.182567596435547,26.873756408691406,3.3002967834472656,86.76152687072754,24.904254913330078,333.29803466796875,True,True,True,True
probe4c1_kinematic_complex,B_MET112,9,1.0029898881912231,0.3334774374961853,-68.60;161.47;-167.40,g-/t/t,8.60;18.53;12.60,True,3.0843139640824013,CB--B:ILE113:N,3.452194775099749,"CE--sym1[1,1,0]/A:LEU110:CD1",1.9626295566558838,,28.482864379882812,25.182567596435547,26.873756408691406,3.3002967834472656,86.76152687072754,24.904254913330078,333.29803466796875,True,True,True,True
probe4c1_kinematic_complex,B_MET112,10,1.0029916763305664,0.3334779739379883,-68.60;161.47;-167.40,g-/t/t,8.60;18.53;12.60,True,3.0843139640824013,CB--B:ILE113:N,3.452193103742994,"CE--sym1[1,1,0]/A:LEU110:CD1",1.962627649307251,,28.482864379882812,25.182567596435547,26.873756408691406,3.3002967834472656,86.76152687072754,24.904254913330078,333.29803466796875,True,True,True,True
probe4c1_kinematic_complex,B_MET112,11,1.0029901266098022,0.33347705006599426,-68.60;161.47;-167.40,g-/t/t,8.60;18.53;12.60,True,3.0843139640824013,CB--B:ILE113:N,3.452196568610176,"CE--sym1[1,1,0]/A:LEU110:CD1",1.96262788772583,,28.482864379882812,25.182567596435547,26.873756408691406,3.3002967834472656,86.76152687072754,24.904254913330078,333.29803466796875,True,True,True,True
probe4c1_kinematic_complex,B_MET112,12,1.0029919147491455,0.33347758650779724,-68.60;161.47;-167.40,g-/t/t,8.60;18.53;12.60,True,3.0843139640824013,CB--B:ILE113:N,3.45219489725429,"CE--sym1[1,1,0]/A:LEU110:CD1",1.9626264572143555,,28.482864379882812,25.182567596435547,26.873756408691406,3.3002967834472656,86.76152687072754,24.904254913330078,333.29803466796875,True,True,True,True
probe4c1_kinematic_complex,B_MET112,13,1.0029901266098022,0.33347705006599426,-68.60;161.47;-167.40,g-/t/t,8.60;18.53;12.60,True,3.0843139640824013,CB--B:ILE113:N,3.452196568610176,"CE--sym1[1,1,0]/A:LEU110:CD1",1.96262788772583,,28.482864379882812,25.182567596435547,26.873756408691406,3.3002967834472656,86.76152687072754,24.904254913330078,333.29803466796875,True,True,True,True
probe4c1_kinematic_complex,B_MET112,14,1.0029916763305664,0.3334779739379883,-68.60;161.47;-167.40,g-/t/t,8.60;18.53;12.60,True,3.0843139640824013,CB--B:ILE113:N,3.452193103742994,"CE--sym1[1,1,0]/A:LEU110:CD1",1.962627649307251,,28.482864379882812,25.182567596435547,26.873756408691406,3.3002967834472656,86.76152687072754,24.904254913330078,333.29803466796875,True,True,True,True
probe4c1_kinematic_complex,B_MET112,15,1.0029916763305664,0.3334779739379883,-68.60;161.47;-167.40,g-/t/t,8.60;18.53;12.60,True,3.0843139640824013,CB--B:ILE113:N,3.452193103742994,"CE--sym1[1,1,0]/A:LEU110:CD1",1.962627649307251,,28.482864379882812,25.182567596435547,26.873756408691406,3.3002967834472656,86.76152687072754,24.904254913330078,333.29803466796875,True,True,True,True
probe4c1_kinematic_complex,B_MET112,16,1.0029916763305664,0.3334779739379883,-68.60;161.47;-167.40,g-/t/t,8.60;18.53;12.60,True,3.0843139640824013,CB--B:ILE113:N,3.452193103742994,"CE--sym1[1,1,0]/A:LEU110:CD1",1.962627649307251,,28.482864379882812,25.182567596435547,26.873756408691406,3.3002967834472656,86.76152687072754,24.904254913330078,333.29803466796875,True,True,True,True
probe4c1_kinematic_complex,B_MET112,17,1.0029916763305664,0.3334779739379883,-68.60;161.47;-167.40,g-/t/t,8.60;18.53;12.60,True,3.0843139640824013,CB--B:ILE113:N,3.452193103742994,"CE--sym1[1,1,0]/A:LEU110:CD1",1.962627649307251,,28.482864379882812,25.182567596435547,26.873756408691406,3.3002967834472656,86.76152687072754,24.904254913330078,333.29803466796875,True,True,True,True
probe4c1_kinematic_complex,B_MET112,18,1.0029898881912231,0.3334774374961853,-68.60;161.47;-167.40,g-/t/t,8.60;18.53;12.60,True,3.0843139640824013,CB--B:ILE113:N,3.452194775099749,"CE--sym1[1,1,0]/A:LEU110:CD1",1.9626295566558838,,28.482864379882812,25.182567596435547,26.873756408691406,3.3002967834472656,86.76152687072754,24.904254913330078,333.29803466796875,True,True,True,True
probe4c1_kinematic_complex,B_MET112,19,1.0029901266098022,0.33347705006599426,-68.60;161.47;-167.40,g-/t/t,8.60;18.53;12.60,True,3.0843139640824013,CB--B:ILE113:N,3.452196568610176,"CE--sym1[1,1,0]/A:LEU110:CD1",1.96262788772583,,28.482864379882812,25.182567596435547,26.873756408691406,3.3002967834472656,86.76152687072754,24.904254913330078,333.29803466796875,True,True,True,True
probe4c1_kinematic_complex,B_MET112,20,1.0029901266098022,0.33347705006599426,-68.60;161.47;-167.40,g-/t/t,8.60;18.53;12.60,True,3.0843139640824013,CB--B:ILE113:N,3.452196568610176,"CE--sym1[1,1,0]/A:LEU110:CD1",1.96262788772583,,28.482864379882812,25.182567596435547,26.873756408691406,3.3002967834472656,86.76152687072754,24.904254913330078,333.29803466796875,True,True,True,True
probe4c1_kinematic_complex,B_MET112,21,1.0029919147491455,0.33347758650779724,-68.60;161.47;-167.40,g-/t/t,8.60;18.53;12.60,True,3.0843139640824013,CB--B:ILE113:N,3.45219489725429,"CE--sym1[1,1,0]/A:LEU110:CD1",1.9626264572143555,,28.482864379882812,25.182567596435547,26.873756408691406,3.3002967834472656,86.76152687072754,24.904254913330078,333.29803466796875,True,True,True,True
probe4c1_kinematic_complex,B_MET112,22,1.0029901266098022,0.33347705006599426,-68.60;161.47;-167.40,g-/t/t,8.60;18.53;12.60,True,3.0843139640824013,CB--B:ILE113:N,3.452196568610176,"CE--sym1[1,1,0]/A:LEU110:CD1",1.96262788772583,,28.482864379882812,25.182567596435547,26.873756408691406,3.3002967834472656,86.76152687072754,24.904254913330078,333.29803466796875,True,True,True,True
probe4c1_kinematic_complex,B_MET112,23,1.0029916763305664,0.3334779739379883,-68.60;161.47;-167.40,g-/t/t,8.60;18.53;12.60,True,3.0843139640824013,CB--B:ILE113:N,3.452193103742994,"CE--sym1[1,1,0]/A:LEU110:CD1",1.962627649307251,,28.482864379882812,25.182567596435547,26.873756408691406,3.3002967834472656,86.76152687072754,24.904254913330078,333.29803466796875,True,True,True,True
probe4c1_kinematic_complex,B_MET112,24,1.0029901266098022,0.33347705006599426,-68.60;161.47;-167.40,g-/t/t,8.60;18.53;12.60,True,3.0843139640824013,CB--B:ILE113:N,3.452196568610176,"CE--sym1[1,1,0]/A:LEU110:CD1",1.96262788772583,,28.482864379882812,25.182567596435547,26.873756408691406,3.3002967834472656,86.76152687072754,24.904254913330078,333.29803466796875,True,True,True,True
probe4c1_kinematic_complex,B_MET112,25,1.0029901266098022,0.33347705006599426,-68.60;161.47;-167.40,g-/t/t,8.60;18.53;12.60,True,3.0843139640824013,CB--B:ILE113:N,3.452196568610176,"CE--sym1[1,1,0]/A:LEU110:CD1",1.96262788772583,,28.482864379882812,25.182567596435547,26.873756408691406,3.3002967834472656,86.76152687072754,24.904254913330078,333.29803466796875,True,True,True,True
probe4c1_kinematic_complex,B_MET112,26,1.0029916763305664,0.3334779739379883,-68.60;161.47;-167.40,g-/t/t,8.60;18.53;12.60,True,3.0843139640824013,CB--B:ILE113:N,3.452193103742994,"CE--sym1[1,1,0]/A:LEU110:CD1",1.962627649307251,,28.482864379882812,25.182567596435547,26.873756408691406,3.3002967834472656,86.76152687072754,24.904254913330078,333.29803466796875,True,True,True,True
probe4c1_kinematic_complex,B_MET112,27,1.0029916763305664,0.3334779739379883,-68.60;161.47;-167.40,g-/t/t,8.60;18.53;12.60,True,3.0843139640824013,CB--B:ILE113:N,3.452193103742994,"CE--sym1[1,1,0]/A:LEU110:CD1",1.962627649307251,,28.482864379882812,25.182567596435547,26.873756408691406,3.3002967834472656,86.76152687072754,24.904254913330078,333.29803466796875,True,True,True,True
probe4c1_kinematic_complex,B_MET112,28,1.0029898881912231,0.3334774374961853,-68.60;161.47;-167.40,g-/t/t,8.60;18.53;12.60,True,3.0843139640824013,CB--B:ILE113:N,3.452194775099749,"CE--sym1[1,1,0]/A:LEU110:CD1",1.9626295566558838,,28.482864379882812,25.182567596435547,26.873756408691406,3.3002967834472656,86.76152687072754,24.904254913330078,333.29803466796875,True,True,True,True
probe4c1_kinematic_complex,B_MET112,29,1.0029901266098022,0.33347705006599426,-68.60;161.47;-167.40,g-/t/t,8.60;18.53;12.60,True,3.0843139640824013,CB--B:ILE113:N,3.452196568610176,"CE--sym1[1,1,0]/A:LEU110:CD1",1.96262788772583,,28.482864379882812,25.182567596435547,26.873756408691406,3.3002967834472656,86.76152687072754,24.904254913330078,333.29803466796875,True,True,True,True
probe4c1_kinematic_complex,B_MET112,30,1.0029901266098022,0.33347705006599426,-68.60;161.47;-167.40,g-/t/t,8.60;18.53;12.60,True,3.0843139640824013,CB--B:ILE113:N,3.452196568610176,"CE--sym1[1,1,0]/A:LEU110:CD1",1.96262788772583,,28.482864379882812,25.182567596435547,26.873756408691406,3.3002967834472656,86.76152687072754,24.904254913330078,333.29803466796875,True,True,True,True
probe4c1_kinematic_complex,B_MET112,31,1.0029901266098022,0.33347705006599426,-68.60;161.47;-167.40,g-/t/t,8.60;18.53;12.60,True,3.0843139640824013,CB--B:ILE113:N,3.452196568610176,"CE--sym1[1,1,0]/A:LEU110:CD1",1.96262788772583,,28.482864379882812,25.182567596435547,26.873756408691406,3.3002967834472656,86.76152687072754,24.904254913330078,333.29803466796875,True,True,True,True
probe4c1_kinematic_complex,B_MET112,32,1.0029901266098022,0.33347705006599426,-68.60;161.47;-167.40,g-/t/t,8.60;18.53;12.60,True,3.0843139640824013,CB--B:ILE113:N,3.452196568610176,"CE--sym1[1,1,0]/A:LEU110:CD1",1.96262788772583,,28.482864379882812,25.182567596435547,26.873756408691406,3.3002967834472656,86.76152687072754,24.904254913330078,333.29803466796875,True,True,True,True
probe4c1_kinematic_complex,B_MET112,33,1.0029916763305664,0.3334779739379883,-68.60;161.47;-167.40,g-/t/t,8.60;18.53;12.60,True,3.0843139640824013,CB--B:ILE113:N,3.452193103742994,"CE--sym1[1,1,0]/A:LEU110:CD1",1.962627649307251,,28.482864379882812,25.182567596435547,26.873756408691406,3.3002967834472656,86.76152687072754,24.904254913330078,333.29803466796875,True,True,True,True
probe4c1_kinematic_complex,B_MET112,34,1.0029901266098022,0.33347705006599426,-68.60;161.47;-167.40,g-/t/t,8.60;18.53;12.60,True,3.0843139640824013,CB--B:ILE113:N,3.452196568610176,"CE--sym1[1,1,0]/A:LEU110:CD1",1.96262788772583,,28.482864379882812,25.182567596435547,26.873756408691406,3.3002967834472656,86.76152687072754,24.904254913330078,333.29803466796875,True,True,True,True
probe4c1_kinematic_complex,B_MET112,35,1.0029919147491455,0.33347758650779724,-68.60;161.47;-167.40,g-/t/t,8.60;18.53;12.60,True,3.0843139640824013,CB--B:ILE113:N,3.45219489725429,"CE--sym1[1,1,0]/A:LEU110:CD1",1.9626264572143555,,28.482864379882812,25.182567596435547,26.873756408691406,3.3002967834472656,86.76152687072754,24.904254913330078,333.29803466796875,True,True,True,True
probe4c1_kinematic_complex,B_MET112,36,1.0029919147491455,0.33347758650779724,-68.60;161.47;-167.40,g-/t/t,8.60;18.53;12.60,True,3.0843139640824013,CB--B:ILE113:N,3.45219489725429,"CE--sym1[1,1,0]/A:LEU110:CD1",1.9626264572143555,,28.482864379882812,25.182567596435547,26.873756408691406,3.3002967834472656,86.76152687072754,24.904254913330078,333.29803466796875,True,True,True,True
probe4c1_kinematic_complex,B_MET112,37,1.0029916763305664,0.3334779739379883,-68.60;161.47;-167.40,g-/t/t,8.60;18.53;12.60,True,3.0843139640824013,CB--B:ILE113:N,3.452193103742994,"CE--sym1[1,1,0]/A:LEU110:CD1",1.962627649307251,,28.482864379882812,25.182567596435547,26.873756408691406,3.3002967834472656,86.76152687072754,24.904254913330078,333.29803466796875,True,True,True,True
probe4c1_kinematic_complex,B_MET112,38,1.0029901266098022,0.33347705006599426,-68.60;161.47;-167.40,g-/t/t,8.60;18.53;12.60,True,3.0843139640824013,CB--B:ILE113:N,3.452196568610176,"CE--sym1[1,1,0]/A:LEU110:CD1",1.96262788772583,,28.482864379882812,25.182567596435547,26.873756408691406,3.3002967834472656,86.76152687072754,24.904254913330078,333.29803466796875,True,True,True,True
probe4c1_kinematic_complex,B_MET112,39,1.0029916763305664,0.3334779739379883,-68.60;161.47;-167.40,g-/t/t,8.60;18.53;12.60,True,3.0843139640824013,CB--B:ILE113:N,3.452193103742994,"CE--sym1[1,1,0]/A:LEU110:CD1",1.962627649307251,,28.482864379882812,25.182567596435547,26.873756408691406,3.3002967834472656,86.76152687072754,24.904254913330078,333.29803466796875,True,True,True,True
probe4c1_kinematic_complex,B_MET112,40,1.0029916763305664,0.3334779739379883,-68.60;161.47;-167.40,g-/t/t,8.60;18.53;12.60,True,3.0843139640824013,CB--B:ILE113:N,3.452193103742994,"CE--sym1[1,1,0]/A:LEU110:CD1",1.962627649307251,,28.482864379882812,25.182567596435547,26.873756408691406,3.3002967834472656,86.76152687072754,24.904254913330078,333.29803466796875,True,True,True,True
probe4c1_kinematic_complex,B_MET112,41,1.0029901266098022,0.33347705006599426,-68.60;161.47;-167.40,g-/t/t,8.60;18.53;12.60,True,3.0843139640824013,CB--B:ILE113:N,3.452196568610176,"CE--sym1[1,1,0]/A:LEU110:CD1",1.96262788772583,,28.482864379882812,25.182567596435547,26.873756408691406,3.3002967834472656,86.76152687072754,24.904254913330078,333.29803466796875,True,True,True,True
probe4c1_kinematic_complex,B_MET112,42,1.0029898881912231,0.3334774374961853,-68.60;161.47;-167.40,g-/t/t,8.60;18.53;12.60,True,3.0843139640824013,CB--B:ILE113:N,3.452194775099749,"CE--sym1[1,1,0]/A:LEU110:CD1",1.9626295566558838,,28.482864379882812,25.182567596435547,26.873756408691406,3.3002967834472656,86.76152687072754,24.904254913330078,333.29803466796875,True,True,True,True
probe4c1_kinematic_complex,B_MET112,43,1.0029916763305664,0.3334779739379883,-68.60;161.47;-167.40,g-/t/t,8.60;18.53;12.60,True,3.0843139640824013,CB--B:ILE113:N,3.452193103742994,"CE--sym1[1,1,0]/A:LEU110:CD1",1.962627649307251,,28.482864379882812,25.182567596435547,26.873756408691406,3.3002967834472656,86.76152687072754,24.904254913330078,333.29803466796875,True,True,True,True
probe4c1_kinematic_complex,B_MET112,44,1.0029916763305664,0.3334779739379883,-68.60;161.47;-167.40,g-/t/t,8.60;18.53;12.60,True,3.0843139640824013,CB--B:ILE113:N,3.452193103742994,"CE--sym1[1,1,0]/A:LEU110:CD1",1.962627649307251,,28.482864379882812,25.182567596435547,26.873756408691406,3.3002967834472656,86.76152687072754,24.904254913330078,333.29803466796875,True,True,True,True
probe4c1_kinematic_complex,B_MET112,45,1.0029901266098022,0.33347705006599426,-68.60;161.47;-167.40,g-/t/t,8.60;18.53;12.60,True,3.0843139640824013,CB--B:ILE113:N,3.452196568610176,"CE--sym1[1,1,0]/A:LEU110:CD1",1.96262788772583,,28.482864379882812,25.182567596435547,26.873756408691406,3.3002967834472656,86.76152687072754,24.904254913330078,333.29803466796875,True,True,True,True
probe4c1_kinematic_complex,B_MET112,46,1.0029916763305664,0.3334779739379883,-68.60;161.47;-167.40,g-/t/t,8.60;18.53;12.60,True,3.0843139640824013,CB--B:ILE113:N,3.452193103742994,"CE--sym1[1,1,0]/A:LEU110:CD1",1.962627649307251,,28.482864379882812,25.182567596435547,26.873756408691406,3.3002967834472656,86.76152687072754,24.904254913330078,333.29803466796875,True,True,True,True
probe4c1_kinematic_complex,B_MET112,47,1.0029916763305664,0.3334779739379883,-68.60;161.47;-167.40,g-/t/t,8.60;18.53;12.60,True,3.0843139640824013,CB--B:ILE113:N,3.452193103742994,"CE--sym1[1,1,0]/A:LEU110:CD1",1.962627649307251,,28.482864379882812,25.182567596435547,26.873756408691406,3.3002967834472656,86.76152687072754,24.904254913330078,333.29803466796875,True,True,True,True
probe4c1_kinematic_complex,B_MET112,48,1.0029898881912231,0.3334774374961853,-68.60;161.47;-167.40,g-/t/t,8.60;18.53;12.60,True,3.0843139640824013,CB--B:ILE113:N,3.452194775099749,"CE--sym1[1,1,0]/A:LEU110:CD1",1.9626295566558838,,28.482864379882812,25.182567596435547,26.873756408691406,3.3002967834472656,86.76152687072754,24.904254913330078,333.29803466796875,True,True,True,True
probe4c1_kinematic_complex,B_MET112,49,1.0029898881912231,0.3334774374961853,-68.60;161.47;-167.40,g-/t/t,8.60;18.53;12.60,True,3.0843139640824013,CB--B:ILE113:N,3.452194775099749,"CE--sym1[1,1,0]/A:LEU110:CD1",1.9626295566558838,,28.482864379882812,25.182567596435547,26.873756408691406,3.3002967834472656,86.76152687072754,24.904254913330078,333.29803466796875,True,True,True,True
probe4c1_kinematic_complex,B_ASP114,0,0.8948817253112793,1.5978381633758545,128.20;-175.53,t/p-180,51.80;4.47,False,2.417940434233501,OD2--B:LYS115:N,6.531485509995031,"OD2--sym6[0,0,1]/A:ARG129:NH2",0.5674788951873779,OD1--B:HOH54:O:2.53A;OD2--B:LYS115:N:2.42A,43.12816619873047,25.182559967041016,28.920547485351562,17.945606231689453,58.66445808410644,25.36322784423828,130.13645935058594,True,False,False,False
probe4c1_kinematic_complex,B_ASP114,1,0.894881546497345,1.5978381633758545,128.20;-175.53,t/p-180,51.80;4.47,False,2.4179374631015103,OD2--B:LYS115:N,6.531486531349848,"OD2--sym6[0,0,1]/A:ARG129:NH2",0.5674754977226257,OD1--B:HOH54:O:2.53A;OD2--B:LYS115:N:2.42A,43.12816619873047,25.182559967041016,28.920547485351562,17.945606231689453,58.66445808410644,25.36322784423828,130.13645935058594,True,False,False,False
probe4c1_kinematic_complex,B_ASP114,2,0.894881546497345,1.5978381633758545,128.20;-175.53,t/p-180,51.80;4.47,False,2.417935977536403,OD2--B:LYS115:N,6.531487042028031,"OD2--sym6[0,0,1]/A:ARG129:NH2",0.5674743056297302,OD1--B:HOH54:O:2.53A;OD2--B:LYS115:N:2.42A,43.12816619873047,25.182559967041016,28.920547485351562,17.945606231689453,58.66445808410644,25.36322784423828,130.13645935058594,True,False,False,False
probe4c1_kinematic_complex,B_ASP114,3,0.8948817253112793,1.5978381633758545,128.20;-175.53,t/p-180,51.80;4.47,False,2.417940434233501,OD2--B:LYS115:N,6.531485509995031,"OD2--sym6[0,0,1]/A:ARG129:NH2",0.5674788951873779,OD1--B:HOH54:O:2.53A;OD2--B:LYS115:N:2.42A,43.12816619873047,25.182559967041016,28.920547485351562,17.945606231689453,58.66445808410644,25.36322784423828,130.13645935058594,True,False,False,False
probe4c1_kinematic_complex,B_ASP114,4,0.8948817253112793,1.5978381633758545,128.20;-175.53,t/p-180,51.80;4.47,False,2.417940434233501,OD2--B:LYS115:N,6.531485509995031,"OD2--sym6[0,0,1]/A:ARG129:NH2",0.5674788951873779,OD1--B:HOH54:O:2.53A;OD2--B:LYS115:N:2.42A,43.12816619873047,25.182559967041016,28.920547485351562,17.945606231689453,58.66445808410644,25.36322784423828,130.13645935058594,True,False,False,False
probe4c1_kinematic_complex,B_ASP114,5,0.8948817253112793,1.5978381633758545,128.20;-175.53,t/p-180,51.80;4.47,False,2.417935977536403,OD2--B:LYS115:N,6.531487042028031,"OD2--sym6[0,0,1]/A:ARG129:NH2",0.5674743056297302,OD1--B:HOH54:O:2.53A;OD2--B:LYS115:N:2.42A,43.12816619873047,25.182559967041016,28.920547485351562,17.945606231689453,58.66445808410644,25.36322784423828,130.13645935058594,True,False,False,False
probe4c1_kinematic_complex,B_ASP114,6,0.8948817253112793,1.5978381633758545,128.20;-175.53,t/p-180,51.80;4.47,False,2.417940434233501,OD2--B:LYS115:N,6.531485509995031,"OD2--sym6[0,0,1]/A:ARG129:NH2",0.5674788951873779,OD1--B:HOH54:O:2.53A;OD2--B:LYS115:N:2.42A,43.12816619873047,25.182559967041016,28.920547485351562,17.945606231689453,58.66445808410644,25.36322784423828,130.13645935058594,True,False,False,False
probe4c1_kinematic_complex,B_ASP114,7,0.894881546497345,1.5978381633758545,128.20;-175.53,t/p-180,51.80;4.47,False,2.4179374631015103,OD2--B:LYS115:N,6.531486531349848,"OD2--sym6[0,0,1]/A:ARG129:NH2",0.5674754977226257,OD1--B:HOH54:O:2.53A;OD2--B:LYS115:N:2.42A,43.12816619873047,25.182559967041016,28.920547485351562,17.945606231689453,58.66445808410644,25.36322784423828,130.13645935058594,True,False,False,False
probe4c1_kinematic_complex,B_ASP114,8,0.8948817253112793,1.5978381633758545,128.20;-175.53,t/p-180,51.80;4.47,False,2.417940434233501,OD2--B:LYS115:N,6.531485509995031,"OD2--sym6[0,0,1]/A:ARG129:NH2",0.5674788951873779,OD1--B:HOH54:O:2.53A;OD2--B:LYS115:N:2.42A,43.12816619873047,25.182559967041016,28.920547485351562,17.945606231689453,58.66445808410644,25.36322784423828,130.13645935058594,True,False,False,False
probe4c1_kinematic_complex,B_ASP114,9,0.8948817253112793,1.5978381633758545,128.20;-175.53,t/p-180,51.80;4.47,False,2.417940434233501,OD2--B:LYS115:N,6.531485509995031,"OD2--sym6[0,0,1]/A:ARG129:NH2",0.5674788951873779,OD1--B:HOH54:O:2.53A;OD2--B:LYS115:N:2.42A,43.12816619873047,25.182559967041016,28.920547485351562,17.945606231689453,58.66445808410644,25.36322784423828,130.13645935058594,True,False,False,False
probe4c1_kinematic_complex,B_ASP114,10,0.8948817253112793,1.5978381633758545,128.20;-175.53,t/p-180,51.80;4.47,False,2.417940434233501,OD2--B:LYS115:N,6.531485509995031,"OD2--sym6[0,0,1]/A:ARG129:NH2",0.5674788951873779,OD1--B:HOH54:O:2.53A;OD2--B:LYS115:N:2.42A,43.12816619873047,25.182559967041016,28.920547485351562,17.945606231689453,58.66445808410644,25.36322784423828,130.13645935058594,True,False,False,False
probe4c1_kinematic_complex,B_ASP114,11,0.8948817253112793,1.5978381633758545,128.20;-175.53,t/p-180,51.80;4.47,False,2.417940434233501,OD2--B:LYS115:N,6.531485509995031,"OD2--sym6[0,0,1]/A:ARG129:NH2",0.5674788951873779,OD1--B:HOH54:O:2.53A;OD2--B:LYS115:N:2.42A,43.12816619873047,25.182559967041016,28.920547485351562,17.945606231689453,58.66445808410644,25.36322784423828,130.13645935058594,True,False,False,False
probe4c1_kinematic_complex,B_ASP114,12,0.894881546497345,1.5978381633758545,128.20;-175.53,t/p-180,51.80;4.47,False,2.4179374631015103,OD2--B:LYS115:N,6.531486531349848,"OD2--sym6[0,0,1]/A:ARG129:NH2",0.5674754977226257,OD1--B:HOH54:O:2.53A;OD2--B:LYS115:N:2.42A,43.12816619873047,25.182559967041016,28.920547485351562,17.945606231689453,58.66445808410644,25.36322784423828,130.13645935058594,True,False,False,False
probe4c1_kinematic_complex,B_ASP114,13,0.8948817253112793,1.5978381633758545,128.20;-175.53,t/p-180,51.80;4.47,False,2.417940434233501,OD2--B:LYS115:N,6.531485509995031,"OD2--sym6[0,0,1]/A:ARG129:NH2",0.5674788951873779,OD1--B:HOH54:O:2.53A;OD2--B:LYS115:N:2.42A,43.12816619873047,25.182559967041016,28.920547485351562,17.945606231689453,58.66445808410644,25.36322784423828,130.13645935058594,True,False,False,False
probe4c1_kinematic_complex,B_ASP114,14,0.894881546497345,1.5978381633758545,128.20;-175.53,t/p-180,51.80;4.47,False,2.4179374631015103,OD2--B:LYS115:N,6.531486531349848,"OD2--sym6[0,0,1]/A:ARG129:NH2",0.5674754977226257,OD1--B:HOH54:O:2.53A;OD2--B:LYS115:N:2.42A,43.12816619873047,25.182559967041016,28.920547485351562,17.945606231689453,58.66445808410644,25.36322784423828,130.13645935058594,True,False,False,False
probe4c1_kinematic_complex,B_ASP114,15,0.894881546497345,1.5978381633758545,128.20;-175.53,t/p-180,51.80;4.47,False,2.4179374631015103,OD2--B:LYS115:N,6.531486531349848,"OD2--sym6[0,0,1]/A:ARG129:NH2",0.5674754977226257,OD1--B:HOH54:O:2.53A;OD2--B:LYS115:N:2.42A,43.12816619873047,25.182559967041016,28.920547485351562,17.945606231689453,58.66445808410644,25.36322784423828,130.13645935058594,True,False,False,False
probe4c1_kinematic_complex,B_ASP114,16,0.894881546497345,1.5978381633758545,128.20;-175.53,t/p-180,51.80;4.47,False,2.4179374631015103,OD2--B:LYS115:N,6.531486531349848,"OD2--sym6[0,0,1]/A:ARG129:NH2",0.5674754977226257,OD1--B:HOH54:O:2.53A;OD2--B:LYS115:N:2.42A,43.12816619873047,25.182559967041016,28.920547485351562,17.945606231689453,58.66445808410644,25.36322784423828,130.13645935058594,True,False,False,False
probe4c1_kinematic_complex,B_ASP114,17,0.8948817253112793,1.5978381633758545,128.20;-175.53,t/p-180,51.80;4.47,False,2.417940434233501,OD2--B:LYS115:N,6.531485509995031,"OD2--sym6[0,0,1]/A:ARG129:NH2",0.5674788951873779,OD1--B:HOH54:O:2.53A;OD2--B:LYS115:N:2.42A,43.12816619873047,25.182559967041016,28.920547485351562,17.945606231689453,58.66445808410644,25.36322784423828,130.13645935058594,True,False,False,False
probe4c1_kinematic_complex,B_ASP114,18,0.894881546497345,1.5978381633758545,128.20;-175.53,t/p-180,51.80;4.47,False,2.4179374631015103,OD2--B:LYS115:N,6.531486531349848,"OD2--sym6[0,0,1]/A:ARG129:NH2",0.5674754977226257,OD1--B:HOH54:O:2.53A;OD2--B:LYS115:N:2.42A,43.12816619873047,25.182559967041016,28.920547485351562,17.945606231689453,58.66445808410644,25.36322784423828,130.13645935058594,True,False,False,False
probe4c1_kinematic_complex,B_ASP114,19,0.894881546497345,1.5978381633758545,128.20;-175.53,t/p-180,51.80;4.47,False,2.417935977536403,OD2--B:LYS115:N,6.531487042028031,"OD2--sym6[0,0,1]/A:ARG129:NH2",0.5674743056297302,OD1--B:HOH54:O:2.53A;OD2--B:LYS115:N:2.42A,43.12816619873047,25.182559967041016,28.920547485351562,17.945606231689453,58.66445808410644,25.36322784423828,130.13645935058594,True,False,False,False
probe4c1_kinematic_complex,B_ASP114,20,0.8948817253112793,1.5978381633758545,128.20;-175.53,t/p-180,51.80;4.47,False,2.417940434233501,OD2--B:LYS115:N,6.531485509995031,"OD2--sym6[0,0,1]/A:ARG129:NH2",0.5674788951873779,OD1--B:HOH54:O:2.53A;OD2--B:LYS115:N:2.42A,43.12816619873047,25.182559967041016,28.920547485351562,17.945606231689453,58.66445808410644,25.36322784423828,130.13645935058594,True,False,False,False
probe4c1_kinematic_complex,B_ASP114,21,0.8948817253112793,1.5978381633758545,128.20;-175.53,t/p-180,51.80;4.47,False,2.417940434233501,OD2--B:LYS115:N,6.531485509995031,"OD2--sym6[0,0,1]/A:ARG129:NH2",0.5674788951873779,OD1--B:HOH54:O:2.53A;OD2--B:LYS115:N:2.42A,43.12816619873047,25.182559967041016,28.920547485351562,17.945606231689453,58.66445808410644,25.36322784423828,130.13645935058594,True,False,False,False
probe4c1_kinematic_complex,B_ASP114,22,0.8948817253112793,1.5978381633758545,128.20;-175.53,t/p-180,51.80;4.47,False,2.417940434233501,OD2--B:LYS115:N,6.531485509995031,"OD2--sym6[0,0,1]/A:ARG129:NH2",0.5674788951873779,OD1--B:HOH54:O:2.53A;OD2--B:LYS115:N:2.42A,43.12816619873047,25.182559967041016,28.920547485351562,17.945606231689453,58.66445808410644,25.36322784423828,130.13645935058594,True,False,False,False
probe4c1_kinematic_complex,B_ASP114,23,0.8948817253112793,1.5978381633758545,128.20;-175.53,t/p-180,51.80;4.47,False,2.417940434233501,OD2--B:LYS115:N,6.531485509995031,"OD2--sym6[0,0,1]/A:ARG129:NH2",0.5674788951873779,OD1--B:HOH54:O:2.53A;OD2--B:LYS115:N:2.42A,43.12816619873047,25.182559967041016,28.920547485351562,17.945606231689453,58.66445808410644,25.36322784423828,130.13645935058594,True,False,False,False
probe4c1_kinematic_complex,B_ASP114,24,0.8948817253112793,1.5978381633758545,128.20;-175.53,t/p-180,51.80;4.47,False,2.417940434233501,OD2--B:LYS115:N,6.531485509995031,"OD2--sym6[0,0,1]/A:ARG129:NH2",0.5674788951873779,OD1--B:HOH54:O:2.53A;OD2--B:LYS115:N:2.42A,43.12816619873047,25.182559967041016,28.920547485351562,17.945606231689453,58.66445808410644,25.36322784423828,130.13645935058594,True,False,False,False
probe4c1_kinematic_complex,B_ASP114,25,0.8948817253112793,1.5978381633758545,128.20;-175.53,t/p-180,51.80;4.47,False,2.417940434233501,OD2--B:LYS115:N,6.531485509995031,"OD2--sym6[0,0,1]/A:ARG129:NH2",0.5674788951873779,OD1--B:HOH54:O:2.53A;OD2--B:LYS115:N:2.42A,43.12816619873047,25.182559967041016,28.920547485351562,17.945606231689453,58.66445808410644,25.36322784423828,130.13645935058594,True,False,False,False
probe4c1_kinematic_complex,B_ASP114,26,0.8948817253112793,1.5978381633758545,128.20;-175.53,t/p-180,51.80;4.47,False,2.417940434233501,OD2--B:LYS115:N,6.531485509995031,"OD2--sym6[0,0,1]/A:ARG129:NH2",0.5674788951873779,OD1--B:HOH54:O:2.53A;OD2--B:LYS115:N:2.42A,43.12816619873047,25.182559967041016,28.920547485351562,17.945606231689453,58.66445808410644,25.36322784423828,130.13645935058594,True,False,False,False
probe4c1_kinematic_complex,B_ASP114,27,0.894881546497345,1.5978381633758545,128.20;-175.53,t/p-180,51.80;4.47,False,2.4179374631015103,OD2--B:LYS115:N,6.531486531349848,"OD2--sym6[0,0,1]/A:ARG129:NH2",0.5674754977226257,OD1--B:HOH54:O:2.53A;OD2--B:LYS115:N:2.42A,43.12816619873047,25.182559967041016,28.920547485351562,17.945606231689453,58.66445808410644,25.36322784423828,130.13645935058594,True,False,False,False
probe4c1_kinematic_complex,B_ASP114,28,0.8948817253112793,1.5978381633758545,128.20;-175.53,t/p-180,51.80;4.47,False,2.417940434233501,OD2--B:LYS115:N,6.531485509995031,"OD2--sym6[0,0,1]/A:ARG129:NH2",0.5674788951873779,OD1--B:HOH54:O:2.53A;OD2--B:LYS115:N:2.42A,43.12816619873047,25.182559967041016,28.920547485351562,17.945606231689453,58.66445808410644,25.36322784423828,130.13645935058594,True,False,False,False
probe4c1_kinematic_complex,B_ASP114,29,0.8948817253112793,1.5978381633758545,128.20;-175.53,t/p-180,51.80;4.47,False,2.417940434233501,OD2--B:LYS115:N,6.531485509995031,"OD2--sym6[0,0,1]/A:ARG129:NH2",0.5674788951873779,OD1--B:HOH54:O:2.53A;OD2--B:LYS115:N:2.42A,43.12816619873047,25.182559967041016,28.920547485351562,17.945606231689453,58.66445808410644,25.36322784423828,130.13645935058594,True,False,False,False
probe4c1_kinematic_complex,B_ASP114,30,0.8948817253112793,1.5978381633758545,128.20;-175.53,t/p-180,51.80;4.47,False,2.417940434233501,OD2--B:LYS115:N,6.531485509995031,"OD2--sym6[0,0,1]/A:ARG129:NH2",0.5674788951873779,OD1--B:HOH54:O:2.53A;OD2--B:LYS115:N:2.42A,43.12816619873047,25.182559967041016,28.920547485351562,17.945606231689453,58.66445808410644,25.36322784423828,130.13645935058594,True,False,False,False
probe4c1_kinematic_complex,B_ASP114,31,0.8948817253112793,1.5978381633758545,128.20;-175.53,t/p-180,51.80;4.47,False,2.417935977536403,OD2--B:LYS115:N,6.531487042028031,"OD2--sym6[0,0,1]/A:ARG129:NH2",0.5674743056297302,OD1--B:HOH54:O:2.53A;OD2--B:LYS115:N:2.42A,43.12816619873047,25.182559967041016,28.920547485351562,17.945606231689453,58.66445808410644,25.36322784423828,130.13645935058594,True,False,False,False
probe4c1_kinematic_complex,B_ASP114,32,0.8948817253112793,1.5978381633758545,128.20;-175.53,t/p-180,51.80;4.47,False,2.417940434233501,OD2--B:LYS115:N,6.531485509995031,"OD2--sym6[0,0,1]/A:ARG129:NH2",0.5674788951873779,OD1--B:HOH54:O:2.53A;OD2--B:LYS115:N:2.42A,43.12816619873047,25.182559967041016,28.920547485351562,17.945606231689453,58.66445808410644,25.36322784423828,130.13645935058594,True,False,False,False
probe4c1_kinematic_complex,B_ASP114,33,0.8948817253112793,1.5978381633758545,128.20;-175.53,t/p-180,51.80;4.47,False,2.417940434233501,OD2--B:LYS115:N,6.531485509995031,"OD2--sym6[0,0,1]/A:ARG129:NH2",0.5674788951873779,OD1--B:HOH54:O:2.53A;OD2--B:LYS115:N:2.42A,43.12816619873047,25.182559967041016,28.920547485351562,17.945606231689453,58.66445808410644,25.36322784423828,130.13645935058594,True,False,False,False
probe4c1_kinematic_complex,B_ASP114,34,0.894881546497345,1.5978381633758545,128.20;-175.53,t/p-180,51.80;4.47,False,2.4179374631015103,OD2--B:LYS115:N,6.531486531349848,"OD2--sym6[0,0,1]/A:ARG129:NH2",0.5674754977226257,OD1--B:HOH54:O:2.53A;OD2--B:LYS115:N:2.42A,43.12816619873047,25.182559967041016,28.920547485351562,17.945606231689453,58.66445808410644,25.36322784423828,130.13645935058594,True,False,False,False
probe4c1_kinematic_complex,B_ASP114,35,0.894881546497345,1.5978381633758545,128.20;-175.53,t/p-180,51.80;4.47,False,2.4179374631015103,OD2--B:LYS115:N,6.531486531349848,"OD2--sym6[0,0,1]/A:ARG129:NH2",0.5674754977226257,OD1--B:HOH54:O:2.53A;OD2--B:LYS115:N:2.42A,43.12816619873047,25.182559967041016,28.920547485351562,17.945606231689453,58.66445808410644,25.36322784423828,130.13645935058594,True,False,False,False
probe4c1_kinematic_complex,B_ASP114,36,0.8948817253112793,1.5978381633758545,128.20;-175.53,t/p-180,51.80;4.47,False,2.417940434233501,OD2--B:LYS115:N,6.531485509995031,"OD2--sym6[0,0,1]/A:ARG129:NH2",0.5674788951873779,OD1--B:HOH54:O:2.53A;OD2--B:LYS115:N:2.42A,43.12816619873047,25.182559967041016,28.920547485351562,17.945606231689453,58.66445808410644,25.36322784423828,130.13645935058594,True,False,False,False
probe4c1_kinematic_complex,B_ASP114,37,0.894881546497345,1.5978381633758545,128.20;-175.53,t/p-180,51.80;4.47,False,2.4179374631015103,OD2--B:LYS115:N,6.531486531349848,"OD2--sym6[0,0,1]/A:ARG129:NH2",0.5674754977226257,OD1--B:HOH54:O:2.53A;OD2--B:LYS115:N:2.42A,43.12816619873047,25.182559967041016,28.920547485351562,17.945606231689453,58.66445808410644,25.36322784423828,130.13645935058594,True,False,False,False
probe4c1_kinematic_complex,B_ASP114,38,0.8948817253112793,1.5978381633758545,128.20;-175.53,t/p-180,51.80;4.47,False,2.417940434233501,OD2--B:LYS115:N,6.531485509995031,"OD2--sym6[0,0,1]/A:ARG129:NH2",0.5674788951873779,OD1--B:HOH54:O:2.53A;OD2--B:LYS115:N:2.42A,43.12816619873047,25.182559967041016,28.920547485351562,17.945606231689453,58.66445808410644,25.36322784423828,130.13645935058594,True,False,False,False
probe4c1_kinematic_complex,B_ASP114,39,0.894881546497345,1.5978381633758545,128.20;-175.53,t/p-180,51.80;4.47,False,2.4179374631015103,OD2--B:LYS115:N,6.531486531349848,"OD2--sym6[0,0,1]/A:ARG129:NH2",0.5674754977226257,OD1--B:HOH54:O:2.53A;OD2--B:LYS115:N:2.42A,43.12816619873047,25.182559967041016,28.920547485351562,17.945606231689453,58.66445808410644,25.36322784423828,130.13645935058594,True,False,False,False
probe4c1_kinematic_complex,B_ASP114,40,0.8948817253112793,1.5978381633758545,128.20;-175.53,t/p-180,51.80;4.47,False,2.417940434233501,OD2--B:LYS115:N,6.531485509995031,"OD2--sym6[0,0,1]/A:ARG129:NH2",0.5674788951873779,OD1--B:HOH54:O:2.53A;OD2--B:LYS115:N:2.42A,43.12816619873047,25.182559967041016,28.920547485351562,17.945606231689453,58.66445808410644,25.36322784423828,130.13645935058594,True,False,False,False
probe4c1_kinematic_complex,B_ASP114,41,0.894881546497345,1.5978381633758545,128.20;-175.53,t/p-180,51.80;4.47,False,2.4179374631015103,OD2--B:LYS115:N,6.531486531349848,"OD2--sym6[0,0,1]/A:ARG129:NH2",0.5674754977226257,OD1--B:HOH54:O:2.53A;OD2--B:LYS115:N:2.42A,43.12816619873047,25.182559967041016,28.920547485351562,17.945606231689453,58.66445808410644,25.36322784423828,130.13645935058594,True,False,False,False
probe4c1_kinematic_complex,B_ASP114,42,0.894881546497345,1.5978381633758545,128.20;-175.53,t/p-180,51.80;4.47,False,2.4179374631015103,OD2--B:LYS115:N,6.531486531349848,"OD2--sym6[0,0,1]/A:ARG129:NH2",0.5674754977226257,OD1--B:HOH54:O:2.53A;OD2--B:LYS115:N:2.42A,43.12816619873047,25.182559967041016,28.920547485351562,17.945606231689453,58.66445808410644,25.36322784423828,130.13645935058594,True,False,False,False
probe4c1_kinematic_complex,B_ASP114,43,0.894881546497345,1.5978381633758545,128.20;-175.53,t/p-180,51.80;4.47,False,2.4179374631015103,OD2--B:LYS115:N,6.531486531349848,"OD2--sym6[0,0,1]/A:ARG129:NH2",0.5674754977226257,OD1--B:HOH54:O:2.53A;OD2--B:LYS115:N:2.42A,43.12816619873047,25.182559967041016,28.920547485351562,17.945606231689453,58.66445808410644,25.36322784423828,130.13645935058594,True,False,False,False
probe4c1_kinematic_complex,B_ASP114,44,0.894881546497345,1.5978381633758545,128.20;-175.53,t/p-180,51.80;4.47,False,2.4179374631015103,OD2--B:LYS115:N,6.531486531349848,"OD2--sym6[0,0,1]/A:ARG129:NH2",0.5674754977226257,OD1--B:HOH54:O:2.53A;OD2--B:LYS115:N:2.42A,43.12816619873047,25.182559967041016,28.920547485351562,17.945606231689453,58.66445808410644,25.36322784423828,130.13645935058594,True,False,False,False
probe4c1_kinematic_complex,B_ASP114,45,0.8948817253112793,1.5978381633758545,128.20;-175.53,t/p-180,51.80;4.47,False,2.417940434233501,OD2--B:LYS115:N,6.531485509995031,"OD2--sym6[0,0,1]/A:ARG129:NH2",0.5674788951873779,OD1--B:HOH54:O:2.53A;OD2--B:LYS115:N:2.42A,43.12816619873047,25.182559967041016,28.920547485351562,17.945606231689453,58.66445808410644,25.36322784423828,130.13645935058594,True,False,False,False
probe4c1_kinematic_complex,B_ASP114,46,0.894881546497345,1.5978381633758545,128.20;-175.53,t/p-180,51.80;4.47,False,2.4179374631015103,OD2--B:LYS115:N,6.531486531349848,"OD2--sym6[0,0,1]/A:ARG129:NH2",0.5674754977226257,OD1--B:HOH54:O:2.53A;OD2--B:LYS115:N:2.42A,43.12816619873047,25.182559967041016,28.920547485351562,17.945606231689453,58.66445808410644,25.36322784423828,130.13645935058594,True,False,False,False
probe4c1_kinematic_complex,B_ASP114,47,0.8948817253112793,1.5978381633758545,128.20;-175.53,t/p-180,51.80;4.47,False,2.417935977536403,OD2--B:LYS115:N,6.531487042028031,"OD2--sym6[0,0,1]/A:ARG129:NH2",0.5674743056297302,OD1--B:HOH54:O:2.53A;OD2--B:LYS115:N:2.42A,43.12816619873047,25.182559967041016,28.920547485351562,17.945606231689453,58.66445808410644,25.36322784423828,130.13645935058594,True,False,False,False
probe4c1_kinematic_complex,B_ASP114,48,0.8948817253112793,1.5978381633758545,128.20;-175.53,t/p-180,51.80;4.47,False,2.417940434233501,OD2--B:LYS115:N,6.531485509995031,"OD2--sym6[0,0,1]/A:ARG129:NH2",0.5674788951873779,OD1--B:HOH54:O:2.53A;OD2--B:LYS115:N:2.42A,43.12816619873047,25.182559967041016,28.920547485351562,17.945606231689453,58.66445808410644,25.36322784423828,130.13645935058594,True,False,False,False
probe4c1_kinematic_complex,B_ASP114,49,0.8948817253112793,1.5978381633758545,128.20;-175.53,t/p-180,51.80;4.47,False,2.417935977536403,OD2--B:LYS115:N,6.531487042028031,"OD2--sym6[0,0,1]/A:ARG129:NH2",0.5674743056297302,OD1--B:HOH54:O:2.53A;OD2--B:LYS115:N:2.42A,43.12816619873047,25.182559967041016,28.920547485351562,17.945606231689453,58.66445808410644,25.36322784423828,130.13645935058594,True,False,False,False
probe4c1_kinematic_complex,B_ARG129,0,2.0886569023132324,2.7963531017303467,-119.65;130.43;-63.17;-172.08,g-/t/g-/p180,59.65;49.57;3.17;7.92,False,2.4152772405695155,NH1--B:HOH53:O,1.2688997655748329,"NH1--sym6[0,0,1]/A:HOH32:O",-0.20570310950279236,NE--B:GLU125:O:3.15A;NH1--B:HOH53:O:2.42A;NH2--B:GLU125:OE1:3.11A;NH2--B:GLU125:O:3.44A,36.134857177734375,25.182605743408203,26.839645385742188,10.952251434326172,828.3526054382324,24.26175308227539,2970.25244140625,False,False,False,False
probe4c1_kinematic_complex,B_ARG129,1,2.088656425476074,2.7963504791259766,-119.65;130.43;-63.17;-172.08,g-/t/g-/p180,59.65;49.57;3.17;7.92,False,2.4152768829637754,NH1--B:HOH53:O,1.26889691960008,"NH1--sym6[0,0,1]/A:HOH32:O",-0.20570378005504608,NE--B:GLU125:O:3.15A;NH1--B:HOH53:O:2.42A;NH2--B:GLU125:OE1:3.11A;NH2--B:GLU125:O:3.44A,36.134857177734375,25.182605743408203,26.839645385742188,10.952251434326172,828.3526054382324,24.26175308227539,2970.25244140625,False,False,False,False
probe4c1_kinematic_complex,B_ARG129,2,2.088656187057495,2.796351909637451,-119.65;130.43;-63.17;-172.08,g-/t/g-/p-180,59.65;49.57;3.17;7.92,False,2.4152775596689553,NH1--B:HOH53:O,1.2688989276817024,"NH1--sym6[0,0,1]/A:HOH32:O",-0.2057032436132431,NE--B:GLU125:O:3.15A;NH1--B:HOH53:O:2.42A;NH2--B:GLU125:OE1:3.11A;NH2--B:GLU125:O:3.44A,36.134857177734375,25.182605743408203,26.839645385742188,10.952251434326172,828.3526054382324,24.26175308227539,2970.25244140625,False,False,False,False
probe4c1_kinematic_complex,B_ARG129,3,2.088656187057495,2.796351909637451,-119.65;130.43;-63.17;-172.08,g-/t/g-/p-180,59.65;49.57;3.17;7.92,False,2.4152775596689553,NH1--B:HOH53:O,1.2688989276817024,"NH1--sym6[0,0,1]/A:HOH32:O",-0.20570312440395355,NE--B:GLU125:O:3.15A;NH1--B:HOH53:O:2.42A;NH2--B:GLU125:OE1:3.11A;NH2--B:GLU125:O:3.44A,36.134857177734375,25.182605743408203,26.839645385742188,10.952251434326172,828.3526054382324,24.26175308227539,2970.25244140625,False,False,False,False
probe4c1_kinematic_complex,B_ARG129,4,2.0886595249176025,2.79634690284729,-119.65;130.43;-63.17;-172.08,g-/t/g-/p180,59.65;49.57;3.17;7.92,False,2.415273614955098,NH1--B:HOH53:O,1.2688979308038035,"NH1--sym6[0,0,1]/A:HOH32:O",-0.20570765435695648,NE--B:GLU125:O:3.15A;NH1--B:HOH53:O:2.42A;NH2--B:GLU125:OE1:3.11A;NH2--B:GLU125:O:3.44A,36.134857177734375,25.182605743408203,26.839645385742188,10.952251434326172,828.3526054382324,24.26175308227539,2970.25244140625,False,False,False,False
probe4c1_kinematic_complex,B_ARG129,5,2.0886566638946533,2.7963521480560303,-119.65;130.43;-63.17;-172.08,g-/t/g-/p180,59.65;49.57;3.17;7.92,False,2.4152775596689553,NH1--B:HOH53:O,1.2688989276817024,"NH1--sym6[0,0,1]/A:HOH32:O",-0.20570342242717743,NE--B:GLU125:O:3.15A;NH1--B:HOH53:O:2.42A;NH2--B:GLU125:OE1:3.11A;NH2--B:GLU125:O:3.44A,36.134857177734375,25.182605743408203,26.839645385742188,10.952251434326172,828.3526054382324,24.26175308227539,2970.25244140625,False,False,False,False
probe4c1_kinematic_complex,B_ARG129,6,2.0886547565460205,2.7963526248931885,-119.65;130.43;-63.17;-172.08,g-/t/g-/p180,59.65;49.57;3.17;7.92,False,2.4152877208255474,NH1--B:HOH53:O,1.2688949888300916,"NH1--sym6[0,0,1]/A:HOH32:O",-0.2057027667760849,NE--B:GLU125:O:3.15A;NH1--B:HOH53:O:2.42A;NH2--B:GLU125:OE1:3.11A;NH2--B:GLU125:O:3.44A,36.134857177734375,25.182605743408203,26.839645385742188,10.952251434326172,828.3526054382324,24.26175308227539,2970.25244140625,False,False,False,False
probe4c1_kinematic_complex,B_ARG129,7,2.0886552333831787,2.7963521480560303,-119.65;130.43;-63.17;-172.08,g-/t/g-/p180,59.65;49.57;3.17;7.92,False,2.4152847719262556,NH1--B:HOH53:O,1.2688951621325693,"NH1--sym6[0,0,1]/A:HOH32:O",-0.2057020366191864,NE--B:GLU125:O:3.15A;NH1--B:HOH53:O:2.42A;NH2--B:GLU125:OE1:3.11A;NH2--B:GLU125:O:3.44A,36.134857177734375,25.182605743408203,26.839645385742188,10.952251434326172,828.3526054382324,24.26175308227539,2970.25244140625,False,False,False,False
probe4c1_kinematic_complex,B_ARG129,8,2.088656187057495,2.796351909637451,-119.65;130.43;-63.17;-172.08,g-/t/g-/p-180,59.65;49.57;3.17;7.92,False,2.4152775596689553,NH1--B:HOH53:O,1.2688989276817024,"NH1--sym6[0,0,1]/A:HOH32:O",-0.2057032436132431,NE--B:GLU125:O:3.15A;NH1--B:HOH53:O:2.42A;NH2--B:GLU125:OE1:3.11A;NH2--B:GLU125:O:3.44A,36.134857177734375,25.182605743408203,26.839645385742188,10.952251434326172,828.3526054382324,24.26175308227539,2970.25244140625,False,False,False,False
probe4c1_kinematic_complex,B_ARG129,9,2.0886576175689697,2.7963526248931885,-119.65;130.43;-63.17;-172.08,g-/t/g-/p-180,59.65;49.57;3.17;7.92,False,2.4152762447635454,NH1--B:HOH53:O,1.2688985953862895,"NH1--sym6[0,0,1]/A:HOH32:O",-0.2057049572467804,NE--B:GLU125:O:3.15A;NH1--B:HOH53:O:2.42A;NH2--B:GLU125:OE1:3.11A;NH2--B:GLU125:O:3.44A,36.134857177734375,25.182605743408203,26.839645385742188,10.952251434326172,828.3526054382324,24.26175308227539,2970.25244140625,False,False,False,False
probe4c1_kinematic_complex,B_ARG129,10,2.088656187057495,2.796348810195923,-119.65;130.43;-63.17;-172.08,g-/t/g-/p180,59.65;49.57;3.17;7.92,False,2.4152762447635454,NH1--B:HOH53:O,1.2688985953862895,"NH1--sym6[0,0,1]/A:HOH32:O",-0.2057051956653595,NE--B:GLU125:O:3.15A;NH1--B:HOH53:O:2.42A;NH2--B:GLU125:OE1:3.11A;NH2--B:GLU125:O:3.44A,36.134857177734375,25.182605743408203,26.839645385742188,10.952251434326172,828.3526054382324,24.26175308227539,2970.25244140625,False,False,False,False
probe4c1_kinematic_complex,B_ARG129,11,2.088656425476074,2.7963504791259766,-119.65;130.43;-63.17;-172.08,g-/t/g-/p180,59.65;49.57;3.17;7.92,False,2.415276563863493,NH1--B:HOH53:O,1.268897757493103,"NH1--sym6[0,0,1]/A:HOH32:O",-0.20570433139801025,NE--B:GLU125:O:3.15A;NH1--B:HOH53:O:2.42A;NH2--B:GLU125:OE1:3.11A;NH2--B:GLU125:O:3.44A,36.134857177734375,25.182605743408203,26.839645385742188,10.952251434326172,828.3526054382324,24.26175308227539,2970.25244140625,False,False,False,False
probe4c1_kinematic_complex,B_ARG129,12,2.088655948638916,2.7963485717773438,-119.65;130.43;-63.17;-172.08,g-/t/g-/p-180,59.65;49.57;3.17;7.92,False,2.4152759256639325,NH1--B:HOH53:O,1.2688994332796393,"NH1--sym6[0,0,1]/A:HOH32:O",-0.20570437610149384,NE--B:GLU125:O:3.15A;NH1--B:HOH53:O:2.42A;NH2--B:GLU125:OE1:3.11A;NH2--B:GLU125:O:3.44A,36.134857177734375,25.182605743408203,26.839645385742188,10.952251434326172,828.3526054382324,24.26175308227539,2970.25244140625,False,False,False,False
probe4c1_kinematic_complex,B_ARG129,13,2.0886545181274414,2.7963521480560303,-119.65;130.43;-63.17;-172.08,g-/t/g-/p-180,59.65;49.57;3.17;7.92,False,2.415284452829275,NH1--B:HOH53:O,1.2688960000310532,"NH1--sym6[0,0,1]/A:HOH32:O",-0.20570123195648193,NE--B:GLU125:O:3.15A;NH1--B:HOH53:O:2.42A;NH2--B:GLU125:OE1:3.11A;NH2--B:GLU125:O:3.44A,36.134857177734375,25.182605743408203,26.839645385742188,10.952251434326172,828.3526054382324,24.26175308227539,2970.25244140625,False,False,False,False
probe4c1_kinematic_complex,B_ARG129,14,2.088656187057495,2.796351909637451,-119.65;130.43;-63.17;-172.08,g-/t/g-/p-180,59.65;49.57;3.17;7.92,False,2.4152775596689553,NH1--B:HOH53:O,1.2688989276817024,"NH1--sym6[0,0,1]/A:HOH32:O",-0.2057032436132431,NE--B:GLU125:O:3.15A;NH1--B:HOH53:O:2.42A;NH2--B:GLU125:OE1:3.11A;NH2--B:GLU125:O:3.44A,36.134857177734375,25.182605743408203,26.839645385742188,10.952251434326172,828.3526054382324,24.26175308227539,2970.25244140625,False,False,False,False
probe4c1_kinematic_complex,B_ARG129,15,2.0886569023132324,2.7963531017303467,-119.65;130.43;-63.17;-172.08,g-/t/g-/p-180,59.65;49.57;3.17;7.92,False,2.415287044119449,NH1--B:HOH53:O,1.2688929807350682,"NH1--sym6[0,0,1]/A:HOH32:O",-0.20570433139801025,NE--B:GLU125:O:3.15A;NH1--B:HOH53:O:2.42A;NH2--B:GLU125:OE1:3.11A;NH2--B:GLU125:O:3.44A,36.134857177734375,25.182605743408203,26.839645385742188,10.952251434326172,828.3526054382324,24.26175308227539,2970.25244140625,False,False,False,False
probe4c1_kinematic_complex,B_ARG129,16,2.0886542797088623,2.7963528633117676,-119.65;130.43;-63.17;-172.08,g-/t/g-/p180,59.65;49.57;3.17;7.92,False,2.4152945370341588,NH1--B:HOH53:O,1.2688846935452727,"NH1--sym6[0,0,1]/A:HOH32:O",-0.20570001006126404,NE--B:GLU125:O:3.15A;NH1--B:HOH53:O:2.42A;NH2--B:GLU125:OE1:3.11A;NH2--B:GLU125:O:3.44A,36.134857177734375,25.182605743408203,26.839645385742188,10.952251434326172,828.3526054382324,24.26175308227539,2970.25244140625,False,False,False,False
probe4c1_kinematic_complex,B_ARG129,17,2.088656425476074,2.7963504791259766,-119.65;130.43;-63.17;-172.08,g-/t/g-/p180,59.65;49.57;3.17;7.92,False,2.4152768829637754,NH1--B:HOH53:O,1.26889691960008,"NH1--sym6[0,0,1]/A:HOH32:O",-0.20570378005504608,NE--B:GLU125:O:3.15A;NH1--B:HOH53:O:2.42A;NH2--B:GLU125:OE1:3.11A;NH2--B:GLU125:O:3.44A,36.134857177734375,25.182605743408203,26.839645385742188,10.952251434326172,828.3526054382324,24.26175308227539,2970.25244140625,False,False,False,False
probe4c1_kinematic_complex,B_ARG129,18,2.088656425476074,2.7963504791259766,-119.65;130.43;-63.17;-172.08,g-/t/g-/p180,59.65;49.57;3.17;7.92,False,2.4152768829637754,NH1--B:HOH53:O,1.26889691960008,"NH1--sym6[0,0,1]/A:HOH32:O",-0.20570378005504608,NE--B:GLU125:O:3.15A;NH1--B:HOH53:O:2.42A;NH2--B:GLU125:OE1:3.11A;NH2--B:GLU125:O:3.44A,36.134857177734375,25.182605743408203,26.839645385742188,10.952251434326172,828.3526054382324,24.26175308227539,2970.25244140625,False,False,False,False
probe4c1_kinematic_complex,B_ARG129,19,2.0886595249176025,2.796347141265869,-119.65;130.43;-63.17;-172.08,g-/t/g-/p180,59.65;49.57;3.17;7.92,False,2.4152735764559417,NH1--B:HOH53:O,1.2688942469423328,"NH1--sym6[0,0,1]/A:HOH32:O",-0.20570732653141022,NE--B:GLU125:O:3.15A;NH1--B:HOH53:O:2.42A;NH2--B:GLU125:OE1:3.11A;NH2--B:GLU125:O:3.44A,36.134857177734375,25.182605743408203,26.839645385742188,10.952251434326172,828.3526054382324,24.26175308227539,2970.25244140625,False,False,False,False
probe4c1_kinematic_complex,B_ARG129,20,2.0886566638946533,2.7963507175445557,-119.65;130.43;-63.17;-172.08,g-/t/g-/p180,59.65;49.57;3.17;7.92,False,2.4152772405695155,NH1--B:HOH53:O,1.2688997655748329,"NH1--sym6[0,0,1]/A:HOH32:O",-0.20570357143878937,NE--B:GLU125:O:3.15A;NH1--B:HOH53:O:2.42A;NH2--B:GLU125:OE1:3.11A;NH2--B:GLU125:O:3.44A,36.134857177734375,25.182605743408203,26.839645385742188,10.952251434326172,828.3526054382324,24.26175308227539,2970.25244140625,False,False,False,False
probe4c1_kinematic_complex,B_ARG129,21,2.0886552333831787,2.796351671218872,-119.65;130.43;-63.17;-172.08,g-/t/g-/p180,59.65;49.57;3.17;7.92,False,2.415275606564654,NH1--B:HOH53:O,1.2689002711731527,"NH1--sym6[0,0,1]/A:HOH32:O",-0.2057044357061386,NE--B:GLU125:O:3.15A;NH1--B:HOH53:O:2.42A;NH2--B:GLU125:OE1:3.11A;NH2--B:GLU125:O:3.44A,36.134857177734375,25.182605743408203,26.839645385742188,10.952251434326172,828.3526054382324,24.26175308227539,2970.25244140625,False,False,False,False
probe4c1_kinematic_complex,B_ARG129,22,2.0886552333831787,2.7963521480560303,-119.65;130.43;-63.17;-172.08,g-/t/g-/p180,59.65;49.57;3.17;7.92,False,2.4152847719262556,NH1--B:HOH53:O,1.2688951621325693,"NH1--sym6[0,0,1]/A:HOH32:O",-0.2057020366191864,NE--B:GLU125:O:3.15A;NH1--B:HOH53:O:2.42A;NH2--B:GLU125:OE1:3.11A;NH2--B:GLU125:O:3.44A,36.134857177734375,25.182605743408203,26.839645385742188,10.952251434326172,828.3526054382324,24.26175308227539,2970.25244140625,False,False,False,False
probe4c1_kinematic_complex,B_ARG129,23,2.088656425476074,2.7963521480560303,-119.65;130.43;-63.17;-172.08,g-/t/g-/p180,59.65;49.57;3.17;7.92,False,2.4152775596689553,NH1--B:HOH53:O,1.2688989276817024,"NH1--sym6[0,0,1]/A:HOH32:O",-0.2057032436132431,NE--B:GLU125:O:3.15A;NH1--B:HOH53:O:2.42A;NH2--B:GLU125:OE1:3.11A;NH2--B:GLU125:O:3.44A,36.134857177734375,25.182605743408203,26.839645385742188,10.952251434326172,828.3526054382324,24.26175308227539,2970.25244140625,False,False,False,False
probe4c1_kinematic_complex,B_ARG129,24,2.0886571407318115,2.7963523864746094,-119.65;130.43;-63.17;-172.08,g-/t/g-/p180,59.65;49.57;3.17;7.92,False,2.415277878768729,NH1--B:HOH53:O,1.2688980897887354,"NH1--sym6[0,0,1]/A:HOH32:O",-0.2057027965784073,NE--B:GLU125:O:3.15A;NH1--B:HOH53:O:2.42A;NH2--B:GLU125:OE1:3.11A;NH2--B:GLU125:O:3.44A,36.134857177734375,25.182605743408203,26.839645385742188,10.952251434326172,828.3526054382324,24.26175308227539,2970.25244140625,False,False,False,False
probe4c1_kinematic_complex,B_ARG129,25,2.0886569023132324,2.7963507175445557,-119.65;130.43;-63.17;-172.08,g-/t/g-/p180,59.65;49.57;3.17;7.92,False,2.4152772405695155,NH1--B:HOH53:O,1.2688997655748329,"NH1--sym6[0,0,1]/A:HOH32:O",-0.20570361614227295,NE--B:GLU125:O:3.15A;NH1--B:HOH53:O:2.42A;NH2--B:GLU125:OE1:3.11A;NH2--B:GLU125:O:3.44A,36.134857177734375,25.182605743408203,26.839645385742188,10.952251434326172,828.3526054382324,24.26175308227539,2970.25244140625,False,False,False,False
probe4c1_kinematic_complex,B_ARG129,26,2.088655948638916,2.7963485717773438,-119.65;130.43;-63.17;-172.08,g-/t/g-/p180,59.65;49.57;3.17;7.92,False,2.4152762447635454,NH1--B:HOH53:O,1.2688985953862895,"NH1--sym6[0,0,1]/A:HOH32:O",-0.20570409297943115,NE--B:GLU125:O:3.15A;NH1--B:HOH53:O:2.42A;NH2--B:GLU125:OE1:3.11A;NH2--B:GLU125:O:3.44A,36.134857177734375,25.182605743408203,26.839645385742188,10.952251434326172,828.3526054382324,24.26175308227539,2970.25244140625,False,False,False,False
probe4c1_kinematic_complex,B_ARG129,27,2.0886566638946533,2.7963531017303467,-119.65;130.43;-63.17;-172.08,g-/t/g-/p180,59.65;49.57;3.17;7.92,False,2.4152772405695155,NH1--B:HOH53:O,1.2688997655748329,"NH1--sym6[0,0,1]/A:HOH32:O",-0.20570382475852966,NE--B:GLU125:O:3.15A;NH1--B:HOH53:O:2.42A;NH2--B:GLU125:OE1:3.11A;NH2--B:GLU125:O:3.44A,36.134857177734375,25.182605743408203,26.839645385742188,10.952251434326172,828.3526054382324,24.26175308227539,2970.25244140625,False,False,False,False
probe4c1_kinematic_complex,B_ARG129,28,2.0886569023132324,2.7963521480560303,-119.65;130.43;-63.17;-172.08,g-/t/g-/p180,59.65;49.57;3.17;7.92,False,2.415277878768729,NH1--B:HOH53:O,1.2688980897887354,"NH1--sym6[0,0,1]/A:HOH32:O",-0.20570360124111176,NE--B:GLU125:O:3.15A;NH1--B:HOH53:O:2.42A;NH2--B:GLU125:OE1:3.11A;NH2--B:GLU125:O:3.44A,36.134857177734375,25.182605743408203,26.839645385742188,10.952251434326172,828.3526054382324,24.26175308227539,2970.25244140625,False,False,False,False
probe4c1_kinematic_complex,B_ARG129,29,2.0886547565460205,2.7963521480560303,-119.65;130.43;-63.17;-172.08,g-/t/g-/p180,59.65;49.57;3.17;7.92,False,2.4152857677302157,NH1--B:HOH53:O,1.2688963323271458,"NH1--sym6[0,0,1]/A:HOH32:O",-0.20570255815982819,NE--B:GLU125:O:3.15A;NH1--B:HOH53:O:2.42A;NH2--B:GLU125:OE1:3.11A;NH2--B:GLU125:O:3.44A,36.134857177734375,25.182605743408203,26.839645385742188,10.952251434326172,828.3526054382324,24.26175308227539,2970.25244140625,False,False,False,False
probe4c1_kinematic_complex,B_ARG129,30,2.0886549949645996,2.7963526248931885,-119.65;130.43;-63.17;-172.08,g-/t/g-/p180,59.65;49.57;3.17;7.92,False,2.4152880399228494,NH1--B:HOH53:O,1.2688941509323732,"NH1--sym6[0,0,1]/A:HOH32:O",-0.2057032436132431,NE--B:GLU125:O:3.15A;NH1--B:HOH53:O:2.42A;NH2--B:GLU125:OE1:3.11A;NH2--B:GLU125:O:3.44A,36.134857177734375,25.182605743408203,26.839645385742188,10.952251434326172,828.3526054382324,24.26175308227539,2970.25244140625,False,False,False,False
probe4c1_kinematic_complex,B_ARG129,31,2.088656187057495,2.796351909637451,-119.65;130.43;-63.17;-172.08,g-/t/g-/p180,59.65;49.57;3.17;7.92,False,2.4152775596689553,NH1--B:HOH53:O,1.2688989276817024,"NH1--sym6[0,0,1]/A:HOH32:O",-0.20570312440395355,NE--B:GLU125:O:3.15A;NH1--B:HOH53:O:2.42A;NH2--B:GLU125:OE1:3.11A;NH2--B:GLU125:O:3.44A,36.134857177734375,25.182605743408203,26.839645385742188,10.952251434326172,828.3526054382324,24.26175308227539,2970.25244140625,False,False,False,False
probe4c1_kinematic_complex,B_ARG129,32,2.0886552333831787,2.7963473796844482,-119.65;130.43;-63.17;-172.08,g-/t/g-/p180,59.65;49.57;3.17;7.92,False,2.4152674755889993,NH1--B:HOH53:O,1.2689102344133625,"NH1--sym6[0,0,1]/A:HOH32:O",-0.20570559799671173,NE--B:GLU125:O:3.15A;NH1--B:HOH53:O:2.42A;NH2--B:GLU125:OE1:3.11A;NH2--B:GLU125:O:3.44A,36.134857177734375,25.182605743408203,26.839645385742188,10.952251434326172,828.3526054382324,24.26175308227539,2970.25244140625,False,False,False,False
probe4c1_kinematic_complex,B_ARG129,33,2.088656425476074,2.796348810195923,-119.65;130.43;-63.17;-172.08,g-/t/g-/p180,59.65;49.57;3.17;7.92,False,2.4152762447635454,NH1--B:HOH53:O,1.2688985953862895,"NH1--sym6[0,0,1]/A:HOH32:O",-0.20570588111877441,NE--B:GLU125:O:3.15A;NH1--B:HOH53:O:2.42A;NH2--B:GLU125:OE1:3.11A;NH2--B:GLU125:O:3.44A,36.134857177734375,25.182605743408203,26.839645385742188,10.952251434326172,828.3526054382324,24.26175308227539,2970.25244140625,False,False,False,False
probe4c1_kinematic_complex,B_ARG129,34,2.088655948638916,2.7963502407073975,-119.65;130.43;-63.17;-172.08,g-/t/g-/p180,59.65;49.57;3.17;7.92,False,2.415277878768729,NH1--B:HOH53:O,1.2688980897887354,"NH1--sym6[0,0,1]/A:HOH32:O",-0.20570217072963715,NE--B:GLU125:O:3.15A;NH1--B:HOH53:O:2.42A;NH2--B:GLU125:OE1:3.11A;NH2--B:GLU125:O:3.44A,36.134857177734375,25.182605743408203,26.839645385742188,10.952251434326172,828.3526054382324,24.26175308227539,2970.25244140625,False,False,False,False
probe4c1_kinematic_complex,B_ARG129,35,2.088656187057495,2.7963504791259766,-119.65;130.43;-63.17;-172.08,g-/t/g-/p180,59.65;49.57;3.17;7.92,False,2.4152752489590483,NH1--B:HOH53:O,1.2688974252002507,"NH1--sym6[0,0,1]/A:HOH32:O",-0.20570378005504608,NE--B:GLU125:O:3.15A;NH1--B:HOH53:O:2.42A;NH2--B:GLU125:OE1:3.11A;NH2--B:GLU125:O:3.44A,36.134857177734375,25.182605743408203,26.839645385742188,10.952251434326172,828.3526054382324,24.26175308227539,2970.25244140625,False,False,False,False
probe4c1_kinematic_complex,B_ARG129,36,2.0886569023132324,2.796348810195923,-119.65;130.43;-63.17;-172.08,g-/t/g-/p180,59.65;49.57;3.17;7.92,False,2.4152772405695155,NH1--B:HOH53:O,1.2688997655748329,"NH1--sym6[0,0,1]/A:HOH32:O",-0.2057032287120819,NE--B:GLU125:O:3.15A;NH1--B:HOH53:O:2.42A;NH2--B:GLU125:OE1:3.11A;NH2--B:GLU125:O:3.44A,36.134857177734375,25.182605743408203,26.839645385742188,10.952251434326172,828.3526054382324,24.26175308227539,2970.25244140625,False,False,False,False
probe4c1_kinematic_complex,B_ARG129,37,2.0886597633361816,2.796346664428711,-119.65;130.43;-63.17;-172.08,g-/t/g-/p180,59.65;49.57;3.17;7.92,False,2.415274929858927,NH1--B:HOH53:O,1.2688982630936565,"NH1--sym6[0,0,1]/A:HOH32:O",-0.20570731163024902,NE--B:GLU125:O:3.15A;NH1--B:HOH53:O:2.42A;NH2--B:GLU125:OE1:3.11A;NH2--B:GLU125:O:3.44A,36.134857177734375,25.182605743408203,26.839645385742188,10.952251434326172,828.3526054382324,24.26175308227539,2970.25244140625,False,False,False,False
probe4c1_kinematic_complex,B_ARG129,38,2.0886549949645996,2.7963526248931885,-119.65;130.43;-63.17;-172.08,g-/t/g-/p180,59.65;49.57;3.17;7.92,False,2.4152874017285804,NH1--B:HOH53:O,1.2688958267279733,"NH1--sym6[0,0,1]/A:HOH32:O",-0.20570282638072968,NE--B:GLU125:O:3.15A;NH1--B:HOH53:O:2.42A;NH2--B:GLU125:OE1:3.11A;NH2--B:GLU125:O:3.44A,36.134857177734375,25.182605743408203,26.839645385742188,10.952251434326172,828.3526054382324,24.26175308227539,2970.25244140625,False,False,False,False
probe4c1_kinematic_complex,B_ARG129,39,2.088656187057495,2.796351909637451,-119.65;130.43;-63.17;-172.08,g-/t/g-/p-180,59.65;49.57;3.17;7.92,False,2.4152775596689553,NH1--B:HOH53:O,1.2688989276817024,"NH1--sym6[0,0,1]/A:HOH32:O",-0.2057032436132431,NE--B:GLU125:O:3.15A;NH1--B:HOH53:O:2.42A;NH2--B:GLU125:OE1:3.11A;NH2--B:GLU125:O:3.44A,36.134857177734375,25.182605743408203,26.839645385742188,10.952251434326172,828.3526054382324,24.26175308227539,2970.25244140625,False,False,False,False
probe4c1_kinematic_complex,B_ARG129,40,2.0886576175689697,2.7963526248931885,-119.65;130.43;-63.17;-172.08,g-/t/g-/p-180,59.65;49.57;3.17;7.92,False,2.4152762447635454,NH1--B:HOH53:O,1.2688985953862895,"NH1--sym6[0,0,1]/A:HOH32:O",-0.20570585131645203,NE--B:GLU125:O:3.15A;NH1--B:HOH53:O:2.42A;NH2--B:GLU125:OE1:3.11A;NH2--B:GLU125:O:3.44A,36.134857177734375,25.182605743408203,26.839645385742188,10.952251434326172,828.3526054382324,24.26175308227539,2970.25244140625,False,False,False,False
probe4c1_kinematic_complex,B_ARG129,41,2.0886576175689697,2.7963526248931885,-119.65;130.43;-63.17;-172.08,g-/t/g-/p-180,59.65;49.57;3.17;7.92,False,2.415274929858927,NH1--B:HOH53:O,1.2688982630936565,"NH1--sym6[0,0,1]/A:HOH32:O",-0.20570552349090576,NE--B:GLU125:O:3.15A;NH1--B:HOH53:O:2.42A;NH2--B:GLU125:OE1:3.11A;NH2--B:GLU125:O:3.44A,36.134857177734375,25.182605743408203,26.839645385742188,10.952251434326172,828.3526054382324,24.26175308227539,2970.25244140625,False,False,False,False
probe4c1_kinematic_complex,B_ARG129,42,2.0886199474334717,2.7963759899139404,-119.65;130.43;-63.16;-172.08,g-/t/g-/p180,59.65;49.57;3.16;7.92,False,2.4153566066665464,NH1--B:HOH53:O,1.268914848873214,"NH1--sym6[0,0,1]/A:HOH32:O",-0.20566804707050323,NE--B:GLU125:O:3.15A;NH1--B:HOH53:O:2.42A;NH2--B:GLU125:OE1:3.11A;NH2--B:GLU125:O:3.44A,36.139915466308594,25.182605743408203,26.839645385742188,10.95730972290039,828.3526054382324,24.26175308227539,2970.25244140625,False,False,False,False
probe4c1_kinematic_complex,B_ARG129,43,2.0886549949645996,2.7963521480560303,-119.65;130.43;-63.17;-172.08,g-/t/g-/p180,59.65;49.57;3.17;7.92,False,2.4152860868270225,NH1--B:HOH53:O,1.2688954944288813,"NH1--sym6[0,0,1]/A:HOH32:O",-0.2057018280029297,NE--B:GLU125:O:3.15A;NH1--B:HOH53:O:2.42A;NH2--B:GLU125:OE1:3.11A;NH2--B:GLU125:O:3.44A,36.134857177734375,25.182605743408203,26.839645385742188,10.952251434326172,828.3526054382324,24.26175308227539,2970.25244140625,False,False,False,False
probe4c1_kinematic_complex,B_ARG129,44,2.088656187057495,2.796351909637451,-119.65;130.43;-63.17;-172.08,g-/t/g-/p180,59.65;49.57;3.17;7.92,False,2.4152775596689553,NH1--B:HOH53:O,1.2688989276817024,"NH1--sym6[0,0,1]/A:HOH32:O",-0.20570312440395355,NE--B:GLU125:O:3.15A;NH1--B:HOH53:O:2.42A;NH2--B:GLU125:OE1:3.11A;NH2--B:GLU125:O:3.44A,36.134857177734375,25.182605743408203,26.839645385742188,10.952251434326172,828.3526054382324,24.26175308227539,2970.25244140625,False,False,False,False
probe4c1_kinematic_complex,B_ARG129,45,2.0886552333831787,2.7963521480560303,-119.65;130.43;-63.17;-172.08,g-/t/g-/p180,59.65;49.57;3.17;7.92,False,2.4152847719262556,NH1--B:HOH53:O,1.2688951621325693,"NH1--sym6[0,0,1]/A:HOH32:O",-0.2057020366191864,NE--B:GLU125:O:3.15A;NH1--B:HOH53:O:2.42A;NH2--B:GLU125:OE1:3.11A;NH2--B:GLU125:O:3.44A,36.134857177734375,25.182605743408203,26.839645385742188,10.952251434326172,828.3526054382324,24.26175308227539,2970.25244140625,False,False,False,False
probe4c1_kinematic_complex,B_ARG129,46,2.088655471801758,2.796351671218872,-119.65;130.43;-63.17;-172.08,g-/t/g-/p180,59.65;49.57;3.17;7.92,False,2.4152759256639325,NH1--B:HOH53:O,1.2688994332796393,"NH1--sym6[0,0,1]/A:HOH32:O",-0.20570404827594757,NE--B:GLU125:O:3.15A;NH1--B:HOH53:O:2.42A;NH2--B:GLU125:OE1:3.11A;NH2--B:GLU125:O:3.44A,36.134857177734375,25.182605743408203,26.839645385742188,10.952251434326172,828.3526054382324,24.26175308227539,2970.25244140625,False,False,False,False
probe4c1_kinematic_complex,B_ARG129,47,2.0886576175689697,2.7963526248931885,-119.65;130.43;-63.17;-172.08,g-/t/g-/p-180,59.65;49.57;3.17;7.92,False,2.415274929858927,NH1--B:HOH53:O,1.2688982630936565,"NH1--sym6[0,0,1]/A:HOH32:O",-0.20570552349090576,NE--B:GLU125:O:3.15A;NH1--B:HOH53:O:2.42A;NH2--B:GLU125:OE1:3.11A;NH2--B:GLU125:O:3.44A,36.134857177734375,25.182605743408203,26.839645385742188,10.952251434326172,828.3526054382324,24.26175308227539,2970.25244140625,False,False,False,False
probe4c1_kinematic_complex,B_ARG129,48,2.0886569023132324,2.796348810195923,-119.65;130.43;-63.17;-172.08,g-/t/g-/p180,59.65;49.57;3.17;7.92,False,2.4152772405695155,NH1--B:HOH53:O,1.2688997655748329,"NH1--sym6[0,0,1]/A:HOH32:O",-0.20570246875286102,NE--B:GLU125:O:3.15A;NH1--B:HOH53:O:2.42A;NH2--B:GLU125:OE1:3.11A;NH2--B:GLU125:O:3.44A,36.134857177734375,25.182605743408203,26.839645385742188,10.952251434326172,828.3526054382324,24.26175308227539,2970.25244140625,False,False,False,False
probe4c1_kinematic_complex,B_ARG129,49,2.088655710220337,2.7963485717773438,-119.65;130.43;-63.17;-172.08,g-/t/g-/p180,59.65;49.57;3.17;7.92,False,2.4152762447635454,NH1--B:HOH53:O,1.2688985953862895,"NH1--sym6[0,0,1]/A:HOH32:O",-0.20570383965969086,NE--B:GLU125:O:3.15A;NH1--B:HOH53:O:2.42A;NH2--B:GLU125:OE1:3.11A;NH2--B:GLU125:O:3.44A,36.134857177734375,25.182605743408203,26.839645385742188,10.952251434326172,828.3526054382324,24.26175308227539,2970.25244140625,False,False,False,False
