experiment,site,start,rmsd_to_A,rmsd_to_B,chi_degrees,nearest_state,canonical_deviation_degrees,canonical_like_30deg,min_direct_distance,closest_direct_atom,min_symmetry_distance,closest_symmetry_atom,density_z_mean,polar_contacts,tmol_energy,tmol_A,tmol_B,tmol_dE_vs_best_deposited,random_tmol_mean,random_tmol_min,random_tmol_max,no_sub2A_clash,physical_valid,recovered_B_lt_0.50A,joint_success
probe4c1_kinematic_complex,A_MET112,0,1.3829859495162964,1.0931307077407837,-133.71;64.30;35.17,t/g+/m+,46.29;4.30;54.83,False,2.8571744476445464,CG--A:HOH29:O,4.229371789497595,"CE--sym6[0,0,1]/A:VAL136:CG1",0.5254427790641785,SD--A:HOH29:O:3.46A,62.84041213989258,48.87937927246094,48.688716888427734,14.151695251464844,125.53506088256836,49.34319305419922,655.5672607421875,True,False,False,False
probe4c1_kinematic_complex,A_MET112,1,1.3829859495162964,1.0931307077407837,-133.71;64.30;35.17,t/g+/m+,46.29;4.30;54.83,False,2.8571744476445464,CG--A:HOH29:O,4.229371789497595,"CE--sym6[0,0,1]/A:VAL136:CG1",0.5254427790641785,SD--A:HOH29:O:3.46A,62.84041213989258,48.87937927246094,48.688716888427734,14.151695251464844,125.53506088256836,49.34319305419922,655.5672607421875,True,False,False,False
probe4c1_kinematic_complex,A_MET112,2,1.382986068725586,1.0931309461593628,-133.71;64.30;35.17,t/g+/m+,46.29;4.30;54.83,False,2.8571744476445464,CG--A:HOH29:O,4.229372409250195,"CE--sym6[0,0,1]/A:VAL136:CG1",0.5254433751106262,SD--A:HOH29:O:3.46A,62.84041213989258,48.87937927246094,48.688716888427734,14.151695251464844,125.53506088256836,49.34319305419922,655.5672607421875,True,False,False,False
probe4c1_kinematic_complex,A_MET112,3,1.3829859495162964,1.0931307077407837,-133.71;64.30;35.17,t/g+/m+,46.29;4.30;54.83,False,2.8571744476445464,CG--A:HOH29:O,4.229371789497595,"CE--sym6[0,0,1]/A:VAL136:CG1",0.5254427790641785,SD--A:HOH29:O:3.46A,62.84041213989258,48.87937927246094,48.688716888427734,14.151695251464844,125.53506088256836,49.34319305419922,655.5672607421875,True,False,False,False
probe4c1_kinematic_complex,A_MET112,4,1.3829859495162964,1.0931307077407837,-133.71;64.30;35.17,t/g+/m+,46.29;4.30;54.83,False,2.8571744476445464,CG--A:HOH29:O,4.229371789497595,"CE--sym6[0,0,1]/A:VAL136:CG1",0.5254427790641785,SD--A:HOH29:O:3.46A,62.84041213989258,48.87937927246094,48.688716888427734,14.151695251464844,125.53506088256836,49.34319305419922,655.5672607421875,True,False,False,False
probe4c1_kinematic_complex,A_MET112,5,1.3829859495162964,1.0931307077407837,-133.71;64.30;35.17,t/g+/m+,46.29;4.30;54.83,False,2.8571744476445464,CG--A:HOH29:O,4.229371789497595,"CE--sym6[0,0,1]/A:VAL136:CG1",0.5254427790641785,SD--A:HOH29:O:3.46A,62.84041213989258,48.87937927246094,48.688716888427734,14.151695251464844,125.53506088256836,49.34319305419922,655.5672607421875,True,False,False,False
probe4c1_kinematic_complex,A_MET112,6,1.3829859495162964,1.0931307077407837,-133.71;64.30;35.17,t/g+/m+,46.29;4.30;54.83,False,2.8571744476445464,CG--A:HOH29:O,4.229371789497595,"CE--sym6[0,0,1]/A:VAL136:CG1",0.5254427790641785,SD--A:HOH29:O:3.46A,62.84041213989258,48.87937927246094,48.688716888427734,14.151695251464844,125.53506088256836,49.34319305419922,655.5672607421875,True,False,False,False
probe4c1_kinematic_complex,A_MET112,7,1.3829859495162964,1.0931307077407837,-133.71;64.30;35.17,t/g+/m+,46.29;4.30;54.83,False,2.8571744476445464,CG--A:HOH29:O,4.229371789497595,"CE--sym6[0,0,1]/A:VAL136:CG1",0.5254427790641785,SD--A:HOH29:O:3.46A,62.84041213989258,48.87937927246094,48.688716888427734,14.151695251464844,125.53506088256836,49.34319305419922,655.5672607421875,True,False,False,False
probe4c1_kinematic_complex,A_MET112,8,1.3829859495162964,1.0931307077407837,-133.71;64.30;35.17,t/g+/m+,46.29;4.30;54.83,False,2.8571744476445464,CG--A:HOH29:O,4.229373277827872,"CE--sym6[0,0,1]/A:VAL136:CG1",0.5254422426223755,SD--A:HOH29:O:3.46A,62.84041213989258,48.87937927246094,48.688716888427734,14.151695251464844,125.53506088256836,49.34319305419922,655.5672607421875,True,False,False,False
probe4c1_kinematic_complex,A_MET112,9,1.3829859495162964,1.0931307077407837,-133.71;64.30;35.17,t/g+/m+,46.29;4.30;54.83,False,2.8571744476445464,CG--A:HOH29:O,4.229371789497595,"CE--sym6[0,0,1]/A:VAL136:CG1",0.5254427790641785,SD--A:HOH29:O:3.46A,62.84041213989258,48.87937927246094,48.688716888427734,14.151695251464844,125.53506088256836,49.34319305419922,655.5672607421875,True,False,False,False
probe4c1_kinematic_complex,A_MET112,10,1.382986068725586,1.0931309461593628,-133.71;64.30;35.17,t/g+/m+,46.29;4.30;54.83,False,2.8571744476445464,CG--A:HOH29:O,4.229372409250195,"CE--sym6[0,0,1]/A:VAL136:CG1",0.5254433751106262,SD--A:HOH29:O:3.46A,62.84041213989258,48.87937927246094,48.688716888427734,14.151695251464844,125.53506088256836,49.34319305419922,655.5672607421875,True,False,False,False
probe4c1_kinematic_complex,A_MET112,11,1.3829859495162964,1.0931307077407837,-133.71;64.30;35.17,t/g+/m+,46.29;4.30;54.83,False,2.8571744476445464,CG--A:HOH29:O,4.229371789497595,"CE--sym6[0,0,1]/A:VAL136:CG1",0.5254427790641785,SD--A:HOH29:O:3.46A,62.84041213989258,48.87937927246094,48.688716888427734,14.151695251464844,125.53506088256836,49.34319305419922,655.5672607421875,True,False,False,False
probe4c1_kinematic_complex,A_MET112,12,1.382986068725586,1.0931309461593628,-133.71;64.30;35.17,t/g+/m+,46.29;4.30;54.83,False,2.8571744476445464,CG--A:HOH29:O,4.229372409250195,"CE--sym6[0,0,1]/A:VAL136:CG1",0.5254433751106262,SD--A:HOH29:O:3.46A,62.84041213989258,48.87937927246094,48.688716888427734,14.151695251464844,125.53506088256836,49.34319305419922,655.5672607421875,True,False,False,False
probe4c1_kinematic_complex,A_MET112,13,1.3829859495162964,1.0931307077407837,-133.71;64.30;35.17,t/g+/m+,46.29;4.30;54.83,False,2.8571744476445464,CG--A:HOH29:O,4.229371789497595,"CE--sym6[0,0,1]/A:VAL136:CG1",0.5254427790641785,SD--A:HOH29:O:3.46A,62.84041213989258,48.87937927246094,48.688716888427734,14.151695251464844,125.53506088256836,49.34319305419922,655.5672607421875,True,False,False,False
probe4c1_kinematic_complex,A_MET112,14,1.382986068725586,1.0931309461593628,-133.71;64.30;35.17,t/g+/m+,46.29;4.30;54.83,False,2.8571744476445464,CG--A:HOH29:O,4.229372409250195,"CE--sym6[0,0,1]/A:VAL136:CG1",0.5254433751106262,SD--A:HOH29:O:3.46A,62.84041213989258,48.87937927246094,48.688716888427734,14.151695251464844,125.53506088256836,49.34319305419922,655.5672607421875,True,False,False,False
probe4c1_kinematic_complex,A_MET112,15,1.3829859495162964,1.0931307077407837,-133.71;64.30;35.17,t/g+/m+,46.29;4.30;54.83,False,2.8571744476445464,CG--A:HOH29:O,4.229371789497595,"CE--sym6[0,0,1]/A:VAL136:CG1",0.5254427790641785,SD--A:HOH29:O:3.46A,62.84041213989258,48.87937927246094,48.688716888427734,14.151695251464844,125.53506088256836,49.34319305419922,655.5672607421875,True,False,False,False
probe4c1_kinematic_complex,A_MET112,16,1.382986068725586,1.0931309461593628,-133.71;64.30;35.17,t/g+/m+,46.29;4.30;54.83,False,2.8571744476445464,CG--A:HOH29:O,4.229372409250195,"CE--sym6[0,0,1]/A:VAL136:CG1",0.5254433751106262,SD--A:HOH29:O:3.46A,62.84041213989258,48.87937927246094,48.688716888427734,14.151695251464844,125.53506088256836,49.34319305419922,655.5672607421875,True,False,False,False
probe4c1_kinematic_complex,A_MET112,17,1.382986068725586,1.0931309461593628,-133.71;64.30;35.17,t/g+/m+,46.29;4.30;54.83,False,2.8571744476445464,CG--A:HOH29:O,4.229372409250195,"CE--sym6[0,0,1]/A:VAL136:CG1",0.5254433751106262,SD--A:HOH29:O:3.46A,62.84041213989258,48.87937927246094,48.688716888427734,14.151695251464844,125.53506088256836,49.34319305419922,655.5672607421875,True,False,False,False
probe4c1_kinematic_complex,A_MET112,18,1.3829859495162964,1.0931307077407837,-133.71;64.30;35.17,t/g+/m+,46.29;4.30;54.83,False,2.8571744476445464,CG--A:HOH29:O,4.229371789497595,"CE--sym6[0,0,1]/A:VAL136:CG1",0.5254427790641785,SD--A:HOH29:O:3.46A,62.84041213989258,48.87937927246094,48.688716888427734,14.151695251464844,125.53506088256836,49.34319305419922,655.5672607421875,True,False,False,False
probe4c1_kinematic_complex,A_MET112,19,1.382986068725586,1.0931309461593628,-133.71;64.30;35.17,t/g+/m+,46.29;4.30;54.83,False,2.8571744476445464,CG--A:HOH29:O,4.229372409250195,"CE--sym6[0,0,1]/A:VAL136:CG1",0.5254433751106262,SD--A:HOH29:O:3.46A,62.84041213989258,48.87937927246094,48.688716888427734,14.151695251464844,125.53506088256836,49.34319305419922,655.5672607421875,True,False,False,False
probe4c1_kinematic_complex,A_MET112,20,1.382986068725586,1.0931309461593628,-133.71;64.30;35.17,t/g+/m+,46.29;4.30;54.83,False,2.8571744476445464,CG--A:HOH29:O,4.229372409250195,"CE--sym6[0,0,1]/A:VAL136:CG1",0.5254433751106262,SD--A:HOH29:O:3.46A,62.84041213989258,48.87937927246094,48.688716888427734,14.151695251464844,125.53506088256836,49.34319305419922,655.5672607421875,True,False,False,False
probe4c1_kinematic_complex,A_MET112,21,1.3829859495162964,1.0931307077407837,-133.71;64.30;35.17,t/g+/m+,46.29;4.30;54.83,False,2.8571744476445464,CG--A:HOH29:O,4.229371789497595,"CE--sym6[0,0,1]/A:VAL136:CG1",0.5254427790641785,SD--A:HOH29:O:3.46A,62.84041213989258,48.87937927246094,48.688716888427734,14.151695251464844,125.53506088256836,49.34319305419922,655.5672607421875,True,False,False,False
probe4c1_kinematic_complex,A_MET112,22,1.3829859495162964,1.0931307077407837,-133.71;64.30;35.17,t/g+/m+,46.29;4.30;54.83,False,2.8571744476445464,CG--A:HOH29:O,4.229371789497595,"CE--sym6[0,0,1]/A:VAL136:CG1",0.5254427790641785,SD--A:HOH29:O:3.46A,62.84041213989258,48.87937927246094,48.688716888427734,14.151695251464844,125.53506088256836,49.34319305419922,655.5672607421875,True,False,False,False
probe4c1_kinematic_complex,A_MET112,23,1.382986068725586,1.0931309461593628,-133.71;64.30;35.17,t/g+/m+,46.29;4.30;54.83,False,2.8571744476445464,CG--A:HOH29:O,4.229372409250195,"CE--sym6[0,0,1]/A:VAL136:CG1",0.5254433751106262,SD--A:HOH29:O:3.46A,62.84041213989258,48.87937927246094,48.688716888427734,14.151695251464844,125.53506088256836,49.34319305419922,655.5672607421875,True,False,False,False
probe4c1_kinematic_complex,A_MET112,24,1.3829859495162964,1.0931307077407837,-133.71;64.30;35.17,t/g+/m+,46.29;4.30;54.83,False,2.8571744476445464,CG--A:HOH29:O,4.229371789497595,"CE--sym6[0,0,1]/A:VAL136:CG1",0.5254427790641785,SD--A:HOH29:O:3.46A,62.84041213989258,48.87937927246094,48.688716888427734,14.151695251464844,125.53506088256836,49.34319305419922,655.5672607421875,True,False,False,False
probe4c1_kinematic_complex,A_MET112,25,1.3829859495162964,1.0931307077407837,-133.71;64.30;35.17,t/g+/m+,46.29;4.30;54.83,False,2.8571744476445464,CG--A:HOH29:O,4.229371789497595,"CE--sym6[0,0,1]/A:VAL136:CG1",0.5254427790641785,SD--A:HOH29:O:3.46A,62.84041213989258,48.87937927246094,48.688716888427734,14.151695251464844,125.53506088256836,49.34319305419922,655.5672607421875,True,False,False,False
probe4c1_kinematic_complex,A_MET112,26,1.382986068725586,1.0931309461593628,-133.71;64.30;35.17,t/g+/m+,46.29;4.30;54.83,False,2.8571744476445464,CG--A:HOH29:O,4.229372409250195,"CE--sym6[0,0,1]/A:VAL136:CG1",0.5254433751106262,SD--A:HOH29:O:3.46A,62.84041213989258,48.87937927246094,48.688716888427734,14.151695251464844,125.53506088256836,49.34319305419922,655.5672607421875,True,False,False,False
probe4c1_kinematic_complex,A_MET112,27,1.382986068725586,1.0931309461593628,-133.71;64.30;35.17,t/g+/m+,46.29;4.30;54.83,False,2.8571744476445464,CG--A:HOH29:O,4.229372409250195,"CE--sym6[0,0,1]/A:VAL136:CG1",0.5254433751106262,SD--A:HOH29:O:3.46A,62.84041213989258,48.87937927246094,48.688716888427734,14.151695251464844,125.53506088256836,49.34319305419922,655.5672607421875,True,False,False,False
probe4c1_kinematic_complex,A_MET112,28,1.382986068725586,1.0931309461593628,-133.71;64.30;35.17,t/g+/m+,46.29;4.30;54.83,False,2.8571744476445464,CG--A:HOH29:O,4.229372409250195,"CE--sym6[0,0,1]/A:VAL136:CG1",0.5254433751106262,SD--A:HOH29:O:3.46A,62.84041213989258,48.87937927246094,48.688716888427734,14.151695251464844,125.53506088256836,49.34319305419922,655.5672607421875,True,False,False,False
probe4c1_kinematic_complex,A_MET112,29,1.3829859495162964,1.0931307077407837,-133.71;64.30;35.17,t/g+/m+,46.29;4.30;54.83,False,2.8571744476445464,CG--A:HOH29:O,4.229371789497595,"CE--sym6[0,0,1]/A:VAL136:CG1",0.5254427790641785,SD--A:HOH29:O:3.46A,62.84041213989258,48.87937927246094,48.688716888427734,14.151695251464844,125.53506088256836,49.34319305419922,655.5672607421875,True,False,False,False
probe4c1_kinematic_complex,A_MET112,30,1.382986068725586,1.0931309461593628,-133.71;64.30;35.17,t/g+/m+,46.29;4.30;54.83,False,2.8571744476445464,CG--A:HOH29:O,4.229372409250195,"CE--sym6[0,0,1]/A:VAL136:CG1",0.5254433751106262,SD--A:HOH29:O:3.46A,62.84041213989258,48.87937927246094,48.688716888427734,14.151695251464844,125.53506088256836,49.34319305419922,655.5672607421875,True,False,False,False
probe4c1_kinematic_complex,A_MET112,31,1.3829859495162964,1.0931307077407837,-133.71;64.30;35.17,t/g+/m+,46.29;4.30;54.83,False,2.8571744476445464,CG--A:HOH29:O,4.229371789497595,"CE--sym6[0,0,1]/A:VAL136:CG1",0.5254427790641785,SD--A:HOH29:O:3.46A,62.84041213989258,48.87937927246094,48.688716888427734,14.151695251464844,125.53506088256836,49.34319305419922,655.5672607421875,True,False,False,False
probe4c1_kinematic_complex,A_MET112,32,1.3829859495162964,1.0931307077407837,-133.71;64.30;35.17,t/g+/m+,46.29;4.30;54.83,False,2.8571744476445464,CG--A:HOH29:O,4.229371789497595,"CE--sym6[0,0,1]/A:VAL136:CG1",0.5254427790641785,SD--A:HOH29:O:3.46A,62.84041213989258,48.87937927246094,48.688716888427734,14.151695251464844,125.53506088256836,49.34319305419922,655.5672607421875,True,False,False,False
probe4c1_kinematic_complex,A_MET112,33,1.382986068725586,1.0931309461593628,-133.71;64.30;35.17,t/g+/m+,46.29;4.30;54.83,False,2.8571744476445464,CG--A:HOH29:O,4.229372409250195,"CE--sym6[0,0,1]/A:VAL136:CG1",0.5254433751106262,SD--A:HOH29:O:3.46A,62.84041213989258,48.87937927246094,48.688716888427734,14.151695251464844,125.53506088256836,49.34319305419922,655.5672607421875,True,False,False,False
probe4c1_kinematic_complex,A_MET112,34,1.382986068725586,1.0931309461593628,-133.71;64.30;35.17,t/g+/m+,46.29;4.30;54.83,False,2.8571744476445464,CG--A:HOH29:O,4.229372409250195,"CE--sym6[0,0,1]/A:VAL136:CG1",0.5254433751106262,SD--A:HOH29:O:3.46A,62.84041213989258,48.87937927246094,48.688716888427734,14.151695251464844,125.53506088256836,49.34319305419922,655.5672607421875,True,False,False,False
probe4c1_kinematic_complex,A_MET112,35,1.3829859495162964,1.0931307077407837,-133.71;64.30;35.17,t/g+/m+,46.29;4.30;54.83,False,2.8571744476445464,CG--A:HOH29:O,4.229371789497595,"CE--sym6[0,0,1]/A:VAL136:CG1",0.5254427790641785,SD--A:HOH29:O:3.46A,62.84041213989258,48.87937927246094,48.688716888427734,14.151695251464844,125.53506088256836,49.34319305419922,655.5672607421875,True,False,False,False
probe4c1_kinematic_complex,A_MET112,36,1.382986068725586,1.0931309461593628,-133.71;64.30;35.17,t/g+/m+,46.29;4.30;54.83,False,2.8571744476445464,CG--A:HOH29:O,4.229372409250195,"CE--sym6[0,0,1]/A:VAL136:CG1",0.5254433751106262,SD--A:HOH29:O:3.46A,62.84041213989258,48.87937927246094,48.688716888427734,14.151695251464844,125.53506088256836,49.34319305419922,655.5672607421875,True,False,False,False
probe4c1_kinematic_complex,A_MET112,37,1.3829859495162964,1.0931307077407837,-133.71;64.30;35.17,t/g+/m+,46.29;4.30;54.83,False,2.8571744476445464,CG--A:HOH29:O,4.229371789497595,"CE--sym6[0,0,1]/A:VAL136:CG1",0.5254427790641785,SD--A:HOH29:O:3.46A,62.84041213989258,48.87937927246094,48.688716888427734,14.151695251464844,125.53506088256836,49.34319305419922,655.5672607421875,True,False,False,False
probe4c1_kinematic_complex,A_MET112,38,1.3829859495162964,1.0931307077407837,-133.71;64.30;35.17,t/g+/m+,46.29;4.30;54.83,False,2.8571744476445464,CG--A:HOH29:O,4.229371789497595,"CE--sym6[0,0,1]/A:VAL136:CG1",0.5254427790641785,SD--A:HOH29:O:3.46A,62.84041213989258,48.87937927246094,48.688716888427734,14.151695251464844,125.53506088256836,49.34319305419922,655.5672607421875,True,False,False,False
probe4c1_kinematic_complex,A_MET112,39,1.3829859495162964,1.0931307077407837,-133.71;64.30;35.17,t/g+/m+,46.29;4.30;54.83,False,2.8571744476445464,CG--A:HOH29:O,4.229371789497595,"CE--sym6[0,0,1]/A:VAL136:CG1",0.5254427790641785,SD--A:HOH29:O:3.46A,62.84041213989258,48.87937927246094,48.688716888427734,14.151695251464844,125.53506088256836,49.34319305419922,655.5672607421875,True,False,False,False
probe4c1_kinematic_complex,A_MET112,40,1.3829859495162964,1.0931307077407837,-133.71;64.30;35.17,t/g+/m+,46.29;4.30;54.83,False,2.8571744476445464,CG--A:HOH29:O,4.229371789497595,"CE--sym6[0,0,1]/A:VAL136:CG1",0.5254427790641785,SD--A:HOH29:O:3.46A,62.84041213989258,48.87937927246094,48.688716888427734,14.151695251464844,125.53506088256836,49.34319305419922,655.5672607421875,True,False,False,False
probe4c1_kinematic_complex,A_MET112,41,1.382986068725586,1.0931309461593628,-133.71;64.30;35.17,t/g+/m+,46.29;4.30;54.83,False,2.8571744476445464,CG--A:HOH29:O,4.229372409250195,"CE--sym6[0,0,1]/A:VAL136:CG1",0.5254433751106262,SD--A:HOH29:O:3.46A,62.84041213989258,48.87937927246094,48.688716888427734,14.151695251464844,125.53506088256836,49.34319305419922,655.5672607421875,True,False,False,False
probe4c1_kinematic_complex,A_MET112,42,1.3829859495162964,1.0931307077407837,-133.71;64.30;35.17,t/g+/m+,46.29;4.30;54.83,False,2.8571744476445464,CG--A:HOH29:O,4.229371789497595,"CE--sym6[0,0,1]/A:VAL136:CG1",0.5254427790641785,SD--A:HOH29:O:3.46A,62.84041213989258,48.87937927246094,48.688716888427734,14.151695251464844,125.53506088256836,49.34319305419922,655.5672607421875,True,False,False,False
probe4c1_kinematic_complex,A_MET112,43,1.3829859495162964,1.0931307077407837,-133.71;64.30;35.17,t/g+/m+,46.29;4.30;54.83,False,2.8571744476445464,CG--A:HOH29:O,4.229371789497595,"CE--sym6[0,0,1]/A:VAL136:CG1",0.5254427790641785,SD--A:HOH29:O:3.46A,62.84041213989258,48.87937927246094,48.688716888427734,14.151695251464844,125.53506088256836,49.34319305419922,655.5672607421875,True,False,False,False
probe4c1_kinematic_complex,A_MET112,44,1.3829859495162964,1.0931307077407837,-133.71;64.30;35.17,t/g+/m+,46.29;4.30;54.83,False,2.8571744476445464,CG--A:HOH29:O,4.229371789497595,"CE--sym6[0,0,1]/A:VAL136:CG1",0.5254427790641785,SD--A:HOH29:O:3.46A,62.84041213989258,48.87937927246094,48.688716888427734,14.151695251464844,125.53506088256836,49.34319305419922,655.5672607421875,True,False,False,False
probe4c1_kinematic_complex,A_MET112,45,1.3829859495162964,1.0931307077407837,-133.71;64.30;35.17,t/g+/m+,46.29;4.30;54.83,False,2.8571744476445464,CG--A:HOH29:O,4.229371789497595,"CE--sym6[0,0,1]/A:VAL136:CG1",0.5254427790641785,SD--A:HOH29:O:3.46A,62.84041213989258,48.87937927246094,48.688716888427734,14.151695251464844,125.53506088256836,49.34319305419922,655.5672607421875,True,False,False,False
probe4c1_kinematic_complex,A_MET112,46,1.382986068725586,1.0931309461593628,-133.71;64.30;35.17,t/g+/m+,46.29;4.30;54.83,False,2.8571744476445464,CG--A:HOH29:O,4.229372409250195,"CE--sym6[0,0,1]/A:VAL136:CG1",0.5254433751106262,SD--A:HOH29:O:3.46A,62.84041213989258,48.87937927246094,48.688716888427734,14.151695251464844,125.53506088256836,49.34319305419922,655.5672607421875,True,False,False,False
probe4c1_kinematic_complex,A_MET112,47,1.382986068725586,1.0931309461593628,-133.71;64.30;35.17,t/g+/m+,46.29;4.30;54.83,False,2.8571744476445464,CG--A:HOH29:O,4.229372409250195,"CE--sym6[0,0,1]/A:VAL136:CG1",0.5254433751106262,SD--A:HOH29:O:3.46A,62.84041213989258,48.87937927246094,48.688716888427734,14.151695251464844,125.53506088256836,49.34319305419922,655.5672607421875,True,False,False,False
probe4c1_kinematic_complex,A_MET112,48,1.3829859495162964,1.0931307077407837,-133.71;64.30;35.17,t/g+/m+,46.29;4.30;54.83,False,2.8571744476445464,CG--A:HOH29:O,4.229371789497595,"CE--sym6[0,0,1]/A:VAL136:CG1",0.5254427790641785,SD--A:HOH29:O:3.46A,62.84041213989258,48.87937927246094,48.688716888427734,14.151695251464844,125.53506088256836,49.34319305419922,655.5672607421875,True,False,False,False
probe4c1_kinematic_complex,A_MET112,49,1.3829859495162964,1.0931307077407837,-133.71;64.30;35.17,t/g+/m+,46.29;4.30;54.83,False,2.8571744476445464,CG--A:HOH29:O,4.229371789497595,"CE--sym6[0,0,1]/A:VAL136:CG1",0.5254427790641785,SD--A:HOH29:O:3.46A,62.84041213989258,48.87937927246094,48.688716888427734,14.151695251464844,125.53506088256836,49.34319305419922,655.5672607421875,True,False,False,False
probe4c2_A_soft_synthetic,A_MET112,0,0.6600779891014099,0.5209811925888062,-75.25;-146.08;89.99,g-/t/m+,15.25;33.92;0.01,False,3.1309031638099585,CE--B:ASP114:OD1,5.534005243054265,"CE--sym6[0,0,1]/A:HOH39:O",0.9051384925842285,,55.68510437011719,48.87937927246094,48.688716888427734,6.996387481689453,125.53506088256836,49.34319305419922,655.5672607421875,True,False,False,False
probe4c2_A_soft_synthetic,A_MET112,1,0.6600779891014099,0.5209811925888062,-75.25;-146.08;89.99,g-/t/m+,15.25;33.92;0.01,False,3.1309031638099585,CE--B:ASP114:OD1,5.534005243054265,"CE--sym6[0,0,1]/A:HOH39:O",0.9051384925842285,,55.68510437011719,48.87937927246094,48.688716888427734,6.996387481689453,125.53506088256836,49.34319305419922,655.5672607421875,True,False,False,False
probe4c2_A_soft_synthetic,A_MET112,2,0.6600779891014099,0.5209811925888062,-75.25;-146.08;89.99,g-/t/m+,15.25;33.92;0.01,False,3.1309031638099585,CE--B:ASP114:OD1,5.534005243054265,"CE--sym6[0,0,1]/A:HOH39:O",0.9051384925842285,,55.68510437011719,48.87937927246094,48.688716888427734,6.996387481689453,125.53506088256836,49.34319305419922,655.5672607421875,True,False,False,False
probe4c2_A_soft_synthetic,A_MET112,3,0.6600779891014099,0.5209811925888062,-75.25;-146.08;89.99,g-/t/m+,15.25;33.92;0.01,False,3.1309031638099585,CE--B:ASP114:OD1,5.534005243054265,"CE--sym6[0,0,1]/A:HOH39:O",0.9051384925842285,,55.68510437011719,48.87937927246094,48.688716888427734,6.996387481689453,125.53506088256836,49.34319305419922,655.5672607421875,True,False,False,False
probe4c2_A_soft_synthetic,A_MET112,4,0.6600779891014099,0.5209811925888062,-75.25;-146.08;89.99,g-/t/m+,15.25;33.92;0.01,False,3.1309031638099585,CE--B:ASP114:OD1,5.534005243054265,"CE--sym6[0,0,1]/A:HOH39:O",0.9051384925842285,,55.68510437011719,48.87937927246094,48.688716888427734,6.996387481689453,125.53506088256836,49.34319305419922,655.5672607421875,True,False,False,False
probe4c2_A_soft_synthetic,A_MET112,5,0.6600779891014099,0.5209811925888062,-75.25;-146.08;89.99,g-/t/m+,15.25;33.92;0.01,False,3.1309031638099585,CE--B:ASP114:OD1,5.534005243054265,"CE--sym6[0,0,1]/A:HOH39:O",0.9051384925842285,,55.68510437011719,48.87937927246094,48.688716888427734,6.996387481689453,125.53506088256836,49.34319305419922,655.5672607421875,True,False,False,False
probe4c2_A_soft_synthetic,A_MET112,6,0.6600779891014099,0.5209811925888062,-75.25;-146.08;89.99,g-/t/m+,15.25;33.92;0.01,False,3.1309031638099585,CE--B:ASP114:OD1,5.534005243054265,"CE--sym6[0,0,1]/A:HOH39:O",0.9051384925842285,,55.68510437011719,48.87937927246094,48.688716888427734,6.996387481689453,125.53506088256836,49.34319305419922,655.5672607421875,True,False,False,False
probe4c2_A_soft_synthetic,A_MET112,7,0.6600779891014099,0.5209814310073853,-75.25;-146.08;89.99,g-/t/m+,15.25;33.92;0.01,False,3.1309031638099585,CE--B:ASP114:OD1,5.534005243054265,"CE--sym6[0,0,1]/A:HOH39:O",0.9051384925842285,,55.68510437011719,48.87937927246094,48.688716888427734,6.996387481689453,125.53506088256836,49.34319305419922,655.5672607421875,True,False,False,False
probe4c2_A_soft_synthetic,A_MET112,8,0.6600779891014099,0.5209811925888062,-75.25;-146.08;89.99,g-/t/m+,15.25;33.92;0.01,False,3.1309031638099585,CE--B:ASP114:OD1,5.534005243054265,"CE--sym6[0,0,1]/A:HOH39:O",0.9051384925842285,,55.68510437011719,48.87937927246094,48.688716888427734,6.996387481689453,125.53506088256836,49.34319305419922,655.5672607421875,True,False,False,False
probe4c2_A_soft_synthetic,A_MET112,9,0.6600779891014099,0.5209811925888062,-75.25;-146.08;89.99,g-/t/m+,15.25;33.92;0.01,False,3.1309031638099585,CE--B:ASP114:OD1,5.534005243054265,"CE--sym6[0,0,1]/A:HOH39:O",0.9051384925842285,,55.68510437011719,48.87937927246094,48.688716888427734,6.996387481689453,125.53506088256836,49.34319305419922,655.5672607421875,True,False,False,False
probe4c2_A_soft_synthetic,A_MET112,10,0.6600779294967651,0.5209816694259644,-75.25;-146.08;89.99,g-/t/m+,15.25;33.92;0.01,False,3.1309031638099585,CE--B:ASP114:OD1,5.534005243054265,"CE--sym6[0,0,1]/A:HOH39:O",0.9051393270492554,,55.68510437011719,48.87937927246094,48.688716888427734,6.996387481689453,125.53506088256836,49.34319305419922,655.5672607421875,True,False,False,False
probe4c2_A_soft_synthetic,A_MET112,11,0.6600779891014099,0.5209811925888062,-75.25;-146.08;89.99,g-/t/m+,15.25;33.92;0.01,False,3.1309031638099585,CE--B:ASP114:OD1,5.534005243054265,"CE--sym6[0,0,1]/A:HOH39:O",0.9051384925842285,,55.68510437011719,48.87937927246094,48.688716888427734,6.996387481689453,125.53506088256836,49.34319305419922,655.5672607421875,True,False,False,False
probe4c2_A_soft_synthetic,A_MET112,12,0.6600779891014099,0.5209814310073853,-75.25;-146.08;89.99,g-/t/m+,15.25;33.92;0.01,False,3.1309031638099585,CE--B:ASP114:OD1,5.534005243054265,"CE--sym6[0,0,1]/A:HOH39:O",0.9051384925842285,,55.68510437011719,48.87937927246094,48.688716888427734,6.996387481689453,125.53506088256836,49.34319305419922,655.5672607421875,True,False,False,False
probe4c2_A_soft_synthetic,A_MET112,13,0.6600779891014099,0.5209814310073853,-75.25;-146.08;89.99,g-/t/m+,15.25;33.92;0.01,False,3.1309031638099585,CE--B:ASP114:OD1,5.534005243054265,"CE--sym6[0,0,1]/A:HOH39:O",0.9051384925842285,,55.68510437011719,48.87937927246094,48.688716888427734,6.996387481689453,125.53506088256836,49.34319305419922,655.5672607421875,True,False,False,False
probe4c2_A_soft_synthetic,A_MET112,14,0.6600779891014099,0.5209814310073853,-75.25;-146.08;89.99,g-/t/m+,15.25;33.92;0.01,False,3.1309031638099585,CE--B:ASP114:OD1,5.534005243054265,"CE--sym6[0,0,1]/A:HOH39:O",0.9051384925842285,,55.68510437011719,48.87937927246094,48.688716888427734,6.996387481689453,125.53506088256836,49.34319305419922,655.5672607421875,True,False,False,False
probe4c2_A_soft_synthetic,A_MET112,15,0.6600779891014099,0.5209814310073853,-75.25;-146.08;89.99,g-/t/m+,15.25;33.92;0.01,False,3.1309031638099585,CE--B:ASP114:OD1,5.534005243054265,"CE--sym6[0,0,1]/A:HOH39:O",0.9051384925842285,,55.68510437011719,48.87937927246094,48.688716888427734,6.996387481689453,125.53506088256836,49.34319305419922,655.5672607421875,True,False,False,False
probe4c2_A_soft_synthetic,A_MET112,16,0.6600779891014099,0.5209811925888062,-75.25;-146.08;89.99,g-/t/m+,15.25;33.92;0.01,False,3.1309031638099585,CE--B:ASP114:OD1,5.534005243054265,"CE--sym6[0,0,1]/A:HOH39:O",0.9051384925842285,,55.68510437011719,48.87937927246094,48.688716888427734,6.996387481689453,125.53506088256836,49.34319305419922,655.5672607421875,True,False,False,False
probe4c2_A_soft_synthetic,A_MET112,17,0.6600779891014099,0.5209814310073853,-75.25;-146.08;89.99,g-/t/m+,15.25;33.92;0.01,False,3.1309031638099585,CE--B:ASP114:OD1,5.534005243054265,"CE--sym6[0,0,1]/A:HOH39:O",0.9051384925842285,,55.68510437011719,48.87937927246094,48.688716888427734,6.996387481689453,125.53506088256836,49.34319305419922,655.5672607421875,True,False,False,False
probe4c2_A_soft_synthetic,A_MET112,18,0.6600779294967651,0.5209816694259644,-75.25;-146.08;89.99,g-/t/m+,15.25;33.92;0.01,False,3.1309031638099585,CE--B:ASP114:OD1,5.534005243054265,"CE--sym6[0,0,1]/A:HOH39:O",0.9051393270492554,,55.68510437011719,48.87937927246094,48.688716888427734,6.996387481689453,125.53506088256836,49.34319305419922,655.5672607421875,True,False,False,False
probe4c2_A_soft_synthetic,A_MET112,19,0.6600779891014099,0.5209811925888062,-75.25;-146.08;89.99,g-/t/m+,15.25;33.92;0.01,False,3.1309031638099585,CE--B:ASP114:OD1,5.534005243054265,"CE--sym6[0,0,1]/A:HOH39:O",0.9051384925842285,,55.68510437011719,48.87937927246094,48.688716888427734,6.996387481689453,125.53506088256836,49.34319305419922,655.5672607421875,True,False,False,False
probe4c2_A_soft_synthetic,A_MET112,20,0.6600779891014099,0.5209811925888062,-75.25;-146.08;89.99,g-/t/m+,15.25;33.92;0.01,False,3.1309031638099585,CE--B:ASP114:OD1,5.534005243054265,"CE--sym6[0,0,1]/A:HOH39:O",0.9051384925842285,,55.68510437011719,48.87937927246094,48.688716888427734,6.996387481689453,125.53506088256836,49.34319305419922,655.5672607421875,True,False,False,False
probe4c2_A_soft_synthetic,A_MET112,21,0.6600779891014099,0.5209811925888062,-75.25;-146.08;89.99,g-/t/m+,15.25;33.92;0.01,False,3.1309031638099585,CE--B:ASP114:OD1,5.534005243054265,"CE--sym6[0,0,1]/A:HOH39:O",0.9051384925842285,,55.68510437011719,48.87937927246094,48.688716888427734,6.996387481689453,125.53506088256836,49.34319305419922,655.5672607421875,True,False,False,False
probe4c2_A_soft_synthetic,A_MET112,22,0.6600779891014099,0.5209811925888062,-75.25;-146.08;89.99,g-/t/m+,15.25;33.92;0.01,False,3.1309031638099585,CE--B:ASP114:OD1,5.534005243054265,"CE--sym6[0,0,1]/A:HOH39:O",0.9051384925842285,,55.68510437011719,48.87937927246094,48.688716888427734,6.996387481689453,125.53506088256836,49.34319305419922,655.5672607421875,True,False,False,False
probe4c2_A_soft_synthetic,A_MET112,23,0.6600779891014099,0.5209814310073853,-75.25;-146.08;89.99,g-/t/m+,15.25;33.92;0.01,False,3.1309031638099585,CE--B:ASP114:OD1,5.534005243054265,"CE--sym6[0,0,1]/A:HOH39:O",0.9051384925842285,,55.68510437011719,48.87937927246094,48.688716888427734,6.996387481689453,125.53506088256836,49.34319305419922,655.5672607421875,True,False,False,False
probe4c2_A_soft_synthetic,A_MET112,24,0.6600779891014099,0.5209811925888062,-75.25;-146.08;89.99,g-/t/m+,15.25;33.92;0.01,False,3.1309031638099585,CE--B:ASP114:OD1,5.534005243054265,"CE--sym6[0,0,1]/A:HOH39:O",0.9051384925842285,,55.68510437011719,48.87937927246094,48.688716888427734,6.996387481689453,125.53506088256836,49.34319305419922,655.5672607421875,True,False,False,False
probe4c2_A_soft_synthetic,A_MET112,25,0.6600779891014099,0.5209811925888062,-75.25;-146.08;89.99,g-/t/m+,15.25;33.92;0.01,False,3.1309031638099585,CE--B:ASP114:OD1,5.534005243054265,"CE--sym6[0,0,1]/A:HOH39:O",0.9051384925842285,,55.68510437011719,48.87937927246094,48.688716888427734,6.996387481689453,125.53506088256836,49.34319305419922,655.5672607421875,True,False,False,False
probe4c2_A_soft_synthetic,A_MET112,26,0.6600779891014099,0.5209814310073853,-75.25;-146.08;89.99,g-/t/m+,15.25;33.92;0.01,False,3.1309031638099585,CE--B:ASP114:OD1,5.534005243054265,"CE--sym6[0,0,1]/A:HOH39:O",0.9051384925842285,,55.68510437011719,48.87937927246094,48.688716888427734,6.996387481689453,125.53506088256836,49.34319305419922,655.5672607421875,True,False,False,False
probe4c2_A_soft_synthetic,A_MET112,27,0.6600779891014099,0.5209814310073853,-75.25;-146.08;89.99,g-/t/m+,15.25;33.92;0.01,False,3.1309031638099585,CE--B:ASP114:OD1,5.534005243054265,"CE--sym6[0,0,1]/A:HOH39:O",0.9051384925842285,,55.68510437011719,48.87937927246094,48.688716888427734,6.996387481689453,125.53506088256836,49.34319305419922,655.5672607421875,True,False,False,False
probe4c2_A_soft_synthetic,A_MET112,28,0.6600779891014099,0.5209814310073853,-75.25;-146.08;89.99,g-/t/m+,15.25;33.92;0.01,False,3.1309031638099585,CE--B:ASP114:OD1,5.534005243054265,"CE--sym6[0,0,1]/A:HOH39:O",0.9051384925842285,,55.68510437011719,48.87937927246094,48.688716888427734,6.996387481689453,125.53506088256836,49.34319305419922,655.5672607421875,True,False,False,False
probe4c2_A_soft_synthetic,A_MET112,29,0.6600779891014099,0.5209814310073853,-75.25;-146.08;89.99,g-/t/m+,15.25;33.92;0.01,False,3.1309031638099585,CE--B:ASP114:OD1,5.534005243054265,"CE--sym6[0,0,1]/A:HOH39:O",0.9051384925842285,,55.68510437011719,48.87937927246094,48.688716888427734,6.996387481689453,125.53506088256836,49.34319305419922,655.5672607421875,True,False,False,False
probe4c2_A_soft_synthetic,A_MET112,30,0.6600779891014099,0.5209814310073853,-75.25;-146.08;89.99,g-/t/m+,15.25;33.92;0.01,False,3.1309031638099585,CE--B:ASP114:OD1,5.534005243054265,"CE--sym6[0,0,1]/A:HOH39:O",0.9051384925842285,,55.68510437011719,48.87937927246094,48.688716888427734,6.996387481689453,125.53506088256836,49.34319305419922,655.5672607421875,True,False,False,False
probe4c2_A_soft_synthetic,A_MET112,31,0.6600779891014099,0.5209811925888062,-75.25;-146.08;89.99,g-/t/m+,15.25;33.92;0.01,False,3.1309031638099585,CE--B:ASP114:OD1,5.534005243054265,"CE--sym6[0,0,1]/A:HOH39:O",0.9051384925842285,,55.68510437011719,48.87937927246094,48.688716888427734,6.996387481689453,125.53506088256836,49.34319305419922,655.5672607421875,True,False,False,False
probe4c2_A_soft_synthetic,A_MET112,32,0.6600779891014099,0.5209811925888062,-75.25;-146.08;89.99,g-/t/m+,15.25;33.92;0.01,False,3.1309031638099585,CE--B:ASP114:OD1,5.534005243054265,"CE--sym6[0,0,1]/A:HOH39:O",0.9051384925842285,,55.68510437011719,48.87937927246094,48.688716888427734,6.996387481689453,125.53506088256836,49.34319305419922,655.5672607421875,True,False,False,False
probe4c2_A_soft_synthetic,A_MET112,33,0.6600779891014099,0.5209811925888062,-75.25;-146.08;89.99,g-/t/m+,15.25;33.92;0.01,False,3.1309031638099585,CE--B:ASP114:OD1,5.534005243054265,"CE--sym6[0,0,1]/A:HOH39:O",0.9051384925842285,,55.68510437011719,48.87937927246094,48.688716888427734,6.996387481689453,125.53506088256836,49.34319305419922,655.5672607421875,True,False,False,False
probe4c2_A_soft_synthetic,A_MET112,34,0.6600779891014099,0.5209811925888062,-75.25;-146.08;89.99,g-/t/m+,15.25;33.92;0.01,False,3.1309031638099585,CE--B:ASP114:OD1,5.534005243054265,"CE--sym6[0,0,1]/A:HOH39:O",0.9051384925842285,,55.68510437011719,48.87937927246094,48.688716888427734,6.996387481689453,125.53506088256836,49.34319305419922,655.5672607421875,True,False,False,False
probe4c2_A_soft_synthetic,A_MET112,35,0.6600779891014099,0.5209814310073853,-75.25;-146.08;89.99,g-/t/m+,15.25;33.92;0.01,False,3.1309031638099585,CE--B:ASP114:OD1,5.534005243054265,"CE--sym6[0,0,1]/A:HOH39:O",0.9051384925842285,,55.68510437011719,48.87937927246094,48.688716888427734,6.996387481689453,125.53506088256836,49.34319305419922,655.5672607421875,True,False,False,False
probe4c2_A_soft_synthetic,A_MET112,36,0.6600779891014099,0.5209814310073853,-75.25;-146.08;89.99,g-/t/m+,15.25;33.92;0.01,False,3.1309031638099585,CE--B:ASP114:OD1,5.534005243054265,"CE--sym6[0,0,1]/A:HOH39:O",0.9051384925842285,,55.68510437011719,48.87937927246094,48.688716888427734,6.996387481689453,125.53506088256836,49.34319305419922,655.5672607421875,True,False,False,False
probe4c2_A_soft_synthetic,A_MET112,37,0.6600779891014099,0.5209811925888062,-75.25;-146.08;89.99,g-/t/m+,15.25;33.92;0.01,False,3.1309031638099585,CE--B:ASP114:OD1,5.534005243054265,"CE--sym6[0,0,1]/A:HOH39:O",0.9051384925842285,,55.68510437011719,48.87937927246094,48.688716888427734,6.996387481689453,125.53506088256836,49.34319305419922,655.5672607421875,True,False,False,False
probe4c2_A_soft_synthetic,A_MET112,38,0.6600779891014099,0.5209811925888062,-75.25;-146.08;89.99,g-/t/m+,15.25;33.92;0.01,False,3.1309031638099585,CE--B:ASP114:OD1,5.534005243054265,"CE--sym6[0,0,1]/A:HOH39:O",0.9051384925842285,,55.68510437011719,48.87937927246094,48.688716888427734,6.996387481689453,125.53506088256836,49.34319305419922,655.5672607421875,True,False,False,False
probe4c2_A_soft_synthetic,A_MET112,39,0.6600779891014099,0.5209811925888062,-75.25;-146.08;89.99,g-/t/m+,15.25;33.92;0.01,False,3.1309031638099585,CE--B:ASP114:OD1,5.534005243054265,"CE--sym6[0,0,1]/A:HOH39:O",0.9051384925842285,,55.68510437011719,48.87937927246094,48.688716888427734,6.996387481689453,125.53506088256836,49.34319305419922,655.5672607421875,True,False,False,False
probe4c2_A_soft_synthetic,A_MET112,40,0.6600779891014099,0.5209811925888062,-75.25;-146.08;89.99,g-/t/m+,15.25;33.92;0.01,False,3.1309031638099585,CE--B:ASP114:OD1,5.534005243054265,"CE--sym6[0,0,1]/A:HOH39:O",0.9051384925842285,,55.68510437011719,48.87937927246094,48.688716888427734,6.996387481689453,125.53506088256836,49.34319305419922,655.5672607421875,True,False,False,False
probe4c2_A_soft_synthetic,A_MET112,41,0.6600779891014099,0.5209811925888062,-75.25;-146.08;89.99,g-/t/m+,15.25;33.92;0.01,False,3.1309031638099585,CE--B:ASP114:OD1,5.534005243054265,"CE--sym6[0,0,1]/A:HOH39:O",0.9051384925842285,,55.68510437011719,48.87937927246094,48.688716888427734,6.996387481689453,125.53506088256836,49.34319305419922,655.5672607421875,True,False,False,False
probe4c2_A_soft_synthetic,A_MET112,42,0.6600779891014099,0.5209811925888062,-75.25;-146.08;89.99,g-/t/m+,15.25;33.92;0.01,False,3.1309031638099585,CE--B:ASP114:OD1,5.534005243054265,"CE--sym6[0,0,1]/A:HOH39:O",0.9051384925842285,,55.68510437011719,48.87937927246094,48.688716888427734,6.996387481689453,125.53506088256836,49.34319305419922,655.5672607421875,True,False,False,False
probe4c2_A_soft_synthetic,A_MET112,43,0.6600779891014099,0.5209811925888062,-75.25;-146.08;89.99,g-/t/m+,15.25;33.92;0.01,False,3.1309031638099585,CE--B:ASP114:OD1,5.534005243054265,"CE--sym6[0,0,1]/A:HOH39:O",0.9051384925842285,,55.68510437011719,48.87937927246094,48.688716888427734,6.996387481689453,125.53506088256836,49.34319305419922,655.5672607421875,True,False,False,False
probe4c2_A_soft_synthetic,A_MET112,44,0.6600779891014099,0.5209811925888062,-75.25;-146.08;89.99,g-/t/m+,15.25;33.92;0.01,False,3.1309031638099585,CE--B:ASP114:OD1,5.534005243054265,"CE--sym6[0,0,1]/A:HOH39:O",0.9051384925842285,,55.68510437011719,48.87937927246094,48.688716888427734,6.996387481689453,125.53506088256836,49.34319305419922,655.5672607421875,True,False,False,False
probe4c2_A_soft_synthetic,A_MET112,45,0.6600779891014099,0.5209814310073853,-75.25;-146.08;89.99,g-/t/m+,15.25;33.92;0.01,False,3.1309031638099585,CE--B:ASP114:OD1,5.534005243054265,"CE--sym6[0,0,1]/A:HOH39:O",0.9051384925842285,,55.68510437011719,48.87937927246094,48.688716888427734,6.996387481689453,125.53506088256836,49.34319305419922,655.5672607421875,True,False,False,False
probe4c2_A_soft_synthetic,A_MET112,46,0.6600779891014099,0.5209811925888062,-75.25;-146.08;89.99,g-/t/m+,15.25;33.92;0.01,False,3.1309031638099585,CE--B:ASP114:OD1,5.534005243054265,"CE--sym6[0,0,1]/A:HOH39:O",0.9051384925842285,,55.68510437011719,48.87937927246094,48.688716888427734,6.996387481689453,125.53506088256836,49.34319305419922,655.5672607421875,True,False,False,False
probe4c2_A_soft_synthetic,A_MET112,47,0.6600779891014099,0.5209811925888062,-75.25;-146.08;89.99,g-/t/m+,15.25;33.92;0.01,False,3.1309031638099585,CE--B:ASP114:OD1,5.534005243054265,"CE--sym6[0,0,1]/A:HOH39:O",0.9051384925842285,,55.68510437011719,48.87937927246094,48.688716888427734,6.996387481689453,125.53506088256836,49.34319305419922,655.5672607421875,True,False,False,False
probe4c2_A_soft_synthetic,A_MET112,48,0.6600779294967651,0.5209816694259644,-75.25;-146.08;89.99,g-/t/m+,15.25;33.92;0.01,False,3.1309031638099585,CE--B:ASP114:OD1,5.534005243054265,"CE--sym6[0,0,1]/A:HOH39:O",0.9051393270492554,,55.68510437011719,48.87937927246094,48.688716888427734,6.996387481689453,125.53506088256836,49.34319305419922,655.5672607421875,True,False,False,False
probe4c2_A_soft_synthetic,A_MET112,49,0.6600779891014099,0.5209811925888062,-75.25;-146.08;89.99,g-/t/m+,15.25;33.92;0.01,False,3.1309031638099585,CE--B:ASP114:OD1,5.534005243054265,"CE--sym6[0,0,1]/A:HOH39:O",0.9051384925842285,,55.68510437011719,48.87937927246094,48.688716888427734,6.996387481689453,125.53506088256836,49.34319305419922,655.5672607421875,True,False,False,False
probe4c2_B_soft_localized,A_MET112,0,0.6820010542869568,0.5483239889144897,-80.81;-147.73;92.54,g-/t/m+,20.81;32.27;2.54,False,3.0966901943556753,CE--B:ASP114:OD1,5.582899993481664,"CE--sym6[0,0,1]/A:HOH39:O",0.9654125571250916,,57.072723388671875,48.87937927246094,48.688716888427734,8.38400650024414,125.53506088256836,49.34319305419922,655.5672607421875,True,False,False,False
probe4c2_B_soft_localized,A_MET112,1,0.6820010542869568,0.5483239889144897,-80.81;-147.73;92.54,g-/t/m+,20.81;32.27;2.54,False,3.0966901943556753,CE--B:ASP114:OD1,5.582899993481664,"CE--sym6[0,0,1]/A:HOH39:O",0.9654125571250916,,57.072723388671875,48.87937927246094,48.688716888427734,8.38400650024414,125.53506088256836,49.34319305419922,655.5672607421875,True,False,False,False
probe4c2_B_soft_localized,A_MET112,2,0.6820010542869568,0.5483239889144897,-80.81;-147.73;92.54,g-/t/m+,20.81;32.27;2.54,False,3.0966901943556753,CE--B:ASP114:OD1,5.582899993481664,"CE--sym6[0,0,1]/A:HOH39:O",0.9654125571250916,,57.072723388671875,48.87937927246094,48.688716888427734,8.38400650024414,125.53506088256836,49.34319305419922,655.5672607421875,True,False,False,False
probe4c2_B_soft_localized,A_MET112,3,0.6820010542869568,0.5483239889144897,-80.81;-147.73;92.54,g-/t/m+,20.81;32.27;2.54,False,3.0966901943556753,CE--B:ASP114:OD1,5.582899993481664,"CE--sym6[0,0,1]/A:HOH39:O",0.9654125571250916,,57.072723388671875,48.87937927246094,48.688716888427734,8.38400650024414,125.53506088256836,49.34319305419922,655.5672607421875,True,False,False,False
probe4c2_B_soft_localized,A_MET112,4,0.6820010542869568,0.5483239889144897,-80.81;-147.73;92.54,g-/t/m+,20.81;32.27;2.54,False,3.0966901943556753,CE--B:ASP114:OD1,5.582899993481664,"CE--sym6[0,0,1]/A:HOH39:O",0.9654125571250916,,57.072723388671875,48.87937927246094,48.688716888427734,8.38400650024414,125.53506088256836,49.34319305419922,655.5672607421875,True,False,False,False
probe4c2_B_soft_localized,A_MET112,5,0.6820010542869568,0.5483239889144897,-80.81;-147.73;92.54,g-/t/m+,20.81;32.27;2.54,False,3.0966901943556753,CE--B:ASP114:OD1,5.582899993481664,"CE--sym6[0,0,1]/A:HOH39:O",0.9654125571250916,,57.072723388671875,48.87937927246094,48.688716888427734,8.38400650024414,125.53506088256836,49.34319305419922,655.5672607421875,True,False,False,False
probe4c2_B_soft_localized,A_MET112,6,0.6820010542869568,0.5483239889144897,-80.81;-147.73;92.54,g-/t/m+,20.81;32.27;2.54,False,3.0966901943556753,CE--B:ASP114:OD1,5.582899993481664,"CE--sym6[0,0,1]/A:HOH39:O",0.9654125571250916,,57.072723388671875,48.87937927246094,48.688716888427734,8.38400650024414,125.53506088256836,49.34319305419922,655.5672607421875,True,False,False,False
probe4c2_B_soft_localized,A_MET112,7,0.6820010542869568,0.5483239889144897,-80.81;-147.73;92.54,g-/t/m+,20.81;32.27;2.54,False,3.0966901943556753,CE--B:ASP114:OD1,5.582899993481664,"CE--sym6[0,0,1]/A:HOH39:O",0.9654125571250916,,57.072723388671875,48.87937927246094,48.688716888427734,8.38400650024414,125.53506088256836,49.34319305419922,655.5672607421875,True,False,False,False
probe4c2_B_soft_localized,A_MET112,8,0.6820010542869568,0.5483239889144897,-80.81;-147.73;92.54,g-/t/m+,20.81;32.27;2.54,False,3.0966901943556753,CE--B:ASP114:OD1,5.582899993481664,"CE--sym6[0,0,1]/A:HOH39:O",0.9654125571250916,,57.072723388671875,48.87937927246094,48.688716888427734,8.38400650024414,125.53506088256836,49.34319305419922,655.5672607421875,True,False,False,False
probe4c2_B_soft_localized,A_MET112,9,0.6820010542869568,0.5483239889144897,-80.81;-147.73;92.54,g-/t/m+,20.81;32.27;2.54,False,3.0966901943556753,CE--B:ASP114:OD1,5.582899993481664,"CE--sym6[0,0,1]/A:HOH39:O",0.9654125571250916,,57.072723388671875,48.87937927246094,48.688716888427734,8.38400650024414,125.53506088256836,49.34319305419922,655.5672607421875,True,False,False,False
probe4c2_B_soft_localized,A_MET112,10,0.6820010542869568,0.5483239889144897,-80.81;-147.73;92.54,g-/t/m+,20.81;32.27;2.54,False,3.0966901943556753,CE--B:ASP114:OD1,5.582899993481664,"CE--sym6[0,0,1]/A:HOH39:O",0.9654125571250916,,57.072723388671875,48.87937927246094,48.688716888427734,8.38400650024414,125.53506088256836,49.34319305419922,655.5672607421875,True,False,False,False
probe4c2_B_soft_localized,A_MET112,11,0.6820010542869568,0.5483239889144897,-80.81;-147.73;92.54,g-/t/m+,20.81;32.27;2.54,False,3.0966901943556753,CE--B:ASP114:OD1,5.582899993481664,"CE--sym6[0,0,1]/A:HOH39:O",0.9654125571250916,,57.072723388671875,48.87937927246094,48.688716888427734,8.38400650024414,125.53506088256836,49.34319305419922,655.5672607421875,True,False,False,False
probe4c2_B_soft_localized,A_MET112,12,0.6820010542869568,0.5483239889144897,-80.81;-147.73;92.54,g-/t/m+,20.81;32.27;2.54,False,3.0966901943556753,CE--B:ASP114:OD1,5.582899993481664,"CE--sym6[0,0,1]/A:HOH39:O",0.9654125571250916,,57.072723388671875,48.87937927246094,48.688716888427734,8.38400650024414,125.53506088256836,49.34319305419922,655.5672607421875,True,False,False,False
probe4c2_B_soft_localized,A_MET112,13,0.6820010542869568,0.5483239889144897,-80.81;-147.73;92.54,g-/t/m+,20.81;32.27;2.54,False,3.0966901943556753,CE--B:ASP114:OD1,5.582899993481664,"CE--sym6[0,0,1]/A:HOH39:O",0.9654125571250916,,57.072723388671875,48.87937927246094,48.688716888427734,8.38400650024414,125.53506088256836,49.34319305419922,655.5672607421875,True,False,False,False
probe4c2_B_soft_localized,A_MET112,14,0.6820010542869568,0.5483239889144897,-80.81;-147.73;92.54,g-/t/m+,20.81;32.27;2.54,False,3.0966901943556753,CE--B:ASP114:OD1,5.582899993481664,"CE--sym6[0,0,1]/A:HOH39:O",0.9654125571250916,,57.072723388671875,48.87937927246094,48.688716888427734,8.38400650024414,125.53506088256836,49.34319305419922,655.5672607421875,True,False,False,False
probe4c2_B_soft_localized,A_MET112,15,0.6820010542869568,0.5483239889144897,-80.81;-147.73;92.54,g-/t/m+,20.81;32.27;2.54,False,3.0966901943556753,CE--B:ASP114:OD1,5.582899993481664,"CE--sym6[0,0,1]/A:HOH39:O",0.9654125571250916,,57.072723388671875,48.87937927246094,48.688716888427734,8.38400650024414,125.53506088256836,49.34319305419922,655.5672607421875,True,False,False,False
probe4c2_B_soft_localized,A_MET112,16,0.6820010542869568,0.5483239889144897,-80.81;-147.73;92.54,g-/t/m+,20.81;32.27;2.54,False,3.0966901943556753,CE--B:ASP114:OD1,5.582899993481664,"CE--sym6[0,0,1]/A:HOH39:O",0.9654125571250916,,57.072723388671875,48.87937927246094,48.688716888427734,8.38400650024414,125.53506088256836,49.34319305419922,655.5672607421875,True,False,False,False
probe4c2_B_soft_localized,A_MET112,17,0.6820010542869568,0.5483239889144897,-80.81;-147.73;92.54,g-/t/m+,20.81;32.27;2.54,False,3.0966901943556753,CE--B:ASP114:OD1,5.582899993481664,"CE--sym6[0,0,1]/A:HOH39:O",0.9654125571250916,,57.072723388671875,48.87937927246094,48.688716888427734,8.38400650024414,125.53506088256836,49.34319305419922,655.5672607421875,True,False,False,False
probe4c2_B_soft_localized,A_MET112,18,0.6820010542869568,0.5483239889144897,-80.81;-147.73;92.54,g-/t/m+,20.81;32.27;2.54,False,3.0966901943556753,CE--B:ASP114:OD1,5.582899993481664,"CE--sym6[0,0,1]/A:HOH39:O",0.9654125571250916,,57.072723388671875,48.87937927246094,48.688716888427734,8.38400650024414,125.53506088256836,49.34319305419922,655.5672607421875,True,False,False,False
probe4c2_B_soft_localized,A_MET112,19,0.6820010542869568,0.5483239889144897,-80.81;-147.73;92.54,g-/t/m+,20.81;32.27;2.54,False,3.0966901943556753,CE--B:ASP114:OD1,5.582899993481664,"CE--sym6[0,0,1]/A:HOH39:O",0.9654125571250916,,57.072723388671875,48.87937927246094,48.688716888427734,8.38400650024414,125.53506088256836,49.34319305419922,655.5672607421875,True,False,False,False
probe4c2_B_soft_localized,A_MET112,20,0.6820010542869568,0.5483239889144897,-80.81;-147.73;92.54,g-/t/m+,20.81;32.27;2.54,False,3.0966901943556753,CE--B:ASP114:OD1,5.582899993481664,"CE--sym6[0,0,1]/A:HOH39:O",0.9654125571250916,,57.072723388671875,48.87937927246094,48.688716888427734,8.38400650024414,125.53506088256836,49.34319305419922,655.5672607421875,True,False,False,False
probe4c2_B_soft_localized,A_MET112,21,0.6820010542869568,0.5483239889144897,-80.81;-147.73;92.54,g-/t/m+,20.81;32.27;2.54,False,3.0966901943556753,CE--B:ASP114:OD1,5.582899993481664,"CE--sym6[0,0,1]/A:HOH39:O",0.9654125571250916,,57.072723388671875,48.87937927246094,48.688716888427734,8.38400650024414,125.53506088256836,49.34319305419922,655.5672607421875,True,False,False,False
probe4c2_B_soft_localized,A_MET112,22,0.6820010542869568,0.5483239889144897,-80.81;-147.73;92.54,g-/t/m+,20.81;32.27;2.54,False,3.0966901943556753,CE--B:ASP114:OD1,5.582899993481664,"CE--sym6[0,0,1]/A:HOH39:O",0.9654125571250916,,57.072723388671875,48.87937927246094,48.688716888427734,8.38400650024414,125.53506088256836,49.34319305419922,655.5672607421875,True,False,False,False
probe4c2_B_soft_localized,A_MET112,23,0.6820010542869568,0.5483239889144897,-80.81;-147.73;92.54,g-/t/m+,20.81;32.27;2.54,False,3.0966901943556753,CE--B:ASP114:OD1,5.582899993481664,"CE--sym6[0,0,1]/A:HOH39:O",0.9654125571250916,,57.072723388671875,48.87937927246094,48.688716888427734,8.38400650024414,125.53506088256836,49.34319305419922,655.5672607421875,True,False,False,False
probe4c2_B_soft_localized,A_MET112,24,0.6820010542869568,0.5483239889144897,-80.81;-147.73;92.54,g-/t/m+,20.81;32.27;2.54,False,3.0966901943556753,CE--B:ASP114:OD1,5.582899993481664,"CE--sym6[0,0,1]/A:HOH39:O",0.9654125571250916,,57.072723388671875,48.87937927246094,48.688716888427734,8.38400650024414,125.53506088256836,49.34319305419922,655.5672607421875,True,False,False,False
probe4c2_B_soft_localized,A_MET112,25,0.6820010542869568,0.5483239889144897,-80.81;-147.73;92.54,g-/t/m+,20.81;32.27;2.54,False,3.0966901943556753,CE--B:ASP114:OD1,5.582899993481664,"CE--sym6[0,0,1]/A:HOH39:O",0.9654125571250916,,57.072723388671875,48.87937927246094,48.688716888427734,8.38400650024414,125.53506088256836,49.34319305419922,655.5672607421875,True,False,False,False
probe4c2_B_soft_localized,A_MET112,26,0.6820010542869568,0.5483239889144897,-80.81;-147.73;92.54,g-/t/m+,20.81;32.27;2.54,False,3.0966901943556753,CE--B:ASP114:OD1,5.582899993481664,"CE--sym6[0,0,1]/A:HOH39:O",0.9654125571250916,,57.072723388671875,48.87937927246094,48.688716888427734,8.38400650024414,125.53506088256836,49.34319305419922,655.5672607421875,True,False,False,False
probe4c2_B_soft_localized,A_MET112,27,0.6820010542869568,0.5483239889144897,-80.81;-147.73;92.54,g-/t/m+,20.81;32.27;2.54,False,3.0966901943556753,CE--B:ASP114:OD1,5.582899993481664,"CE--sym6[0,0,1]/A:HOH39:O",0.9654125571250916,,57.072723388671875,48.87937927246094,48.688716888427734,8.38400650024414,125.53506088256836,49.34319305419922,655.5672607421875,True,False,False,False
probe4c2_B_soft_localized,A_MET112,28,0.6820010542869568,0.5483239889144897,-80.81;-147.73;92.54,g-/t/m+,20.81;32.27;2.54,False,3.0966901943556753,CE--B:ASP114:OD1,5.582899993481664,"CE--sym6[0,0,1]/A:HOH39:O",0.9654125571250916,,57.072723388671875,48.87937927246094,48.688716888427734,8.38400650024414,125.53506088256836,49.34319305419922,655.5672607421875,True,False,False,False
probe4c2_B_soft_localized,A_MET112,29,0.6820010542869568,0.5483239889144897,-80.81;-147.73;92.54,g-/t/m+,20.81;32.27;2.54,False,3.0966901943556753,CE--B:ASP114:OD1,5.582899993481664,"CE--sym6[0,0,1]/A:HOH39:O",0.9654125571250916,,57.072723388671875,48.87937927246094,48.688716888427734,8.38400650024414,125.53506088256836,49.34319305419922,655.5672607421875,True,False,False,False
probe4c2_B_soft_localized,A_MET112,30,0.6820010542869568,0.5483239889144897,-80.81;-147.73;92.54,g-/t/m+,20.81;32.27;2.54,False,3.0966901943556753,CE--B:ASP114:OD1,5.582899993481664,"CE--sym6[0,0,1]/A:HOH39:O",0.9654125571250916,,57.072723388671875,48.87937927246094,48.688716888427734,8.38400650024414,125.53506088256836,49.34319305419922,655.5672607421875,True,False,False,False
probe4c2_B_soft_localized,A_MET112,31,0.6820010542869568,0.5483239889144897,-80.81;-147.73;92.54,g-/t/m+,20.81;32.27;2.54,False,3.0966901943556753,CE--B:ASP114:OD1,5.582899993481664,"CE--sym6[0,0,1]/A:HOH39:O",0.9654125571250916,,57.072723388671875,48.87937927246094,48.688716888427734,8.38400650024414,125.53506088256836,49.34319305419922,655.5672607421875,True,False,False,False
probe4c2_B_soft_localized,A_MET112,32,0.6820010542869568,0.5483239889144897,-80.81;-147.73;92.54,g-/t/m+,20.81;32.27;2.54,False,3.0966901943556753,CE--B:ASP114:OD1,5.582899993481664,"CE--sym6[0,0,1]/A:HOH39:O",0.9654125571250916,,57.072723388671875,48.87937927246094,48.688716888427734,8.38400650024414,125.53506088256836,49.34319305419922,655.5672607421875,True,False,False,False
probe4c2_B_soft_localized,A_MET112,33,0.6820010542869568,0.5483239889144897,-80.81;-147.73;92.54,g-/t/m+,20.81;32.27;2.54,False,3.0966901943556753,CE--B:ASP114:OD1,5.582899993481664,"CE--sym6[0,0,1]/A:HOH39:O",0.9654125571250916,,57.072723388671875,48.87937927246094,48.688716888427734,8.38400650024414,125.53506088256836,49.34319305419922,655.5672607421875,True,False,False,False
probe4c2_B_soft_localized,A_MET112,34,0.6820010542869568,0.5483239889144897,-80.81;-147.73;92.54,g-/t/m+,20.81;32.27;2.54,False,3.0966901943556753,CE--B:ASP114:OD1,5.582899993481664,"CE--sym6[0,0,1]/A:HOH39:O",0.9654125571250916,,57.072723388671875,48.87937927246094,48.688716888427734,8.38400650024414,125.53506088256836,49.34319305419922,655.5672607421875,True,False,False,False
probe4c2_B_soft_localized,A_MET112,35,0.6820010542869568,0.5483239889144897,-80.81;-147.73;92.54,g-/t/m+,20.81;32.27;2.54,False,3.0966901943556753,CE--B:ASP114:OD1,5.582899993481664,"CE--sym6[0,0,1]/A:HOH39:O",0.9654125571250916,,57.072723388671875,48.87937927246094,48.688716888427734,8.38400650024414,125.53506088256836,49.34319305419922,655.5672607421875,True,False,False,False
probe4c2_B_soft_localized,A_MET112,36,0.6820010542869568,0.5483239889144897,-80.81;-147.73;92.54,g-/t/m+,20.81;32.27;2.54,False,3.0966901943556753,CE--B:ASP114:OD1,5.582899993481664,"CE--sym6[0,0,1]/A:HOH39:O",0.9654125571250916,,57.072723388671875,48.87937927246094,48.688716888427734,8.38400650024414,125.53506088256836,49.34319305419922,655.5672607421875,True,False,False,False
probe4c2_B_soft_localized,A_MET112,37,0.6820010542869568,0.5483239889144897,-80.81;-147.73;92.54,g-/t/m+,20.81;32.27;2.54,False,3.0966901943556753,CE--B:ASP114:OD1,5.582899993481664,"CE--sym6[0,0,1]/A:HOH39:O",0.9654125571250916,,57.072723388671875,48.87937927246094,48.688716888427734,8.38400650024414,125.53506088256836,49.34319305419922,655.5672607421875,True,False,False,False
probe4c2_B_soft_localized,A_MET112,38,0.6820010542869568,0.5483239889144897,-80.81;-147.73;92.54,g-/t/m+,20.81;32.27;2.54,False,3.0966901943556753,CE--B:ASP114:OD1,5.582899993481664,"CE--sym6[0,0,1]/A:HOH39:O",0.9654125571250916,,57.072723388671875,48.87937927246094,48.688716888427734,8.38400650024414,125.53506088256836,49.34319305419922,655.5672607421875,True,False,False,False
probe4c2_B_soft_localized,A_MET112,39,0.6820010542869568,0.5483239889144897,-80.81;-147.73;92.54,g-/t/m+,20.81;32.27;2.54,False,3.0966901943556753,CE--B:ASP114:OD1,5.582899993481664,"CE--sym6[0,0,1]/A:HOH39:O",0.9654125571250916,,57.072723388671875,48.87937927246094,48.688716888427734,8.38400650024414,125.53506088256836,49.34319305419922,655.5672607421875,True,False,False,False
probe4c2_B_soft_localized,A_MET112,40,0.6820010542869568,0.5483239889144897,-80.81;-147.73;92.54,g-/t/m+,20.81;32.27;2.54,False,3.0966901943556753,CE--B:ASP114:OD1,5.582899993481664,"CE--sym6[0,0,1]/A:HOH39:O",0.9654125571250916,,57.072723388671875,48.87937927246094,48.688716888427734,8.38400650024414,125.53506088256836,49.34319305419922,655.5672607421875,True,False,False,False
probe4c2_B_soft_localized,A_MET112,41,0.6820010542869568,0.5483239889144897,-80.81;-147.73;92.54,g-/t/m+,20.81;32.27;2.54,False,3.0966901943556753,CE--B:ASP114:OD1,5.582899993481664,"CE--sym6[0,0,1]/A:HOH39:O",0.9654125571250916,,57.072723388671875,48.87937927246094,48.688716888427734,8.38400650024414,125.53506088256836,49.34319305419922,655.5672607421875,True,False,False,False
probe4c2_B_soft_localized,A_MET112,42,0.6820010542869568,0.5483239889144897,-80.81;-147.73;92.54,g-/t/m+,20.81;32.27;2.54,False,3.0966901943556753,CE--B:ASP114:OD1,5.582899993481664,"CE--sym6[0,0,1]/A:HOH39:O",0.9654125571250916,,57.072723388671875,48.87937927246094,48.688716888427734,8.38400650024414,125.53506088256836,49.34319305419922,655.5672607421875,True,False,False,False
probe4c2_B_soft_localized,A_MET112,43,0.6820010542869568,0.5483239889144897,-80.81;-147.73;92.54,g-/t/m+,20.81;32.27;2.54,False,3.0966901943556753,CE--B:ASP114:OD1,5.582899993481664,"CE--sym6[0,0,1]/A:HOH39:O",0.9654125571250916,,57.072723388671875,48.87937927246094,48.688716888427734,8.38400650024414,125.53506088256836,49.34319305419922,655.5672607421875,True,False,False,False
probe4c2_B_soft_localized,A_MET112,44,0.6820010542869568,0.5483239889144897,-80.81;-147.73;92.54,g-/t/m+,20.81;32.27;2.54,False,3.0966901943556753,CE--B:ASP114:OD1,5.582899993481664,"CE--sym6[0,0,1]/A:HOH39:O",0.9654125571250916,,57.072723388671875,48.87937927246094,48.688716888427734,8.38400650024414,125.53506088256836,49.34319305419922,655.5672607421875,True,False,False,False
probe4c2_B_soft_localized,A_MET112,45,0.6820010542869568,0.5483239889144897,-80.81;-147.73;92.54,g-/t/m+,20.81;32.27;2.54,False,3.0966901943556753,CE--B:ASP114:OD1,5.582899993481664,"CE--sym6[0,0,1]/A:HOH39:O",0.9654125571250916,,57.072723388671875,48.87937927246094,48.688716888427734,8.38400650024414,125.53506088256836,49.34319305419922,655.5672607421875,True,False,False,False
probe4c2_B_soft_localized,A_MET112,46,0.6820010542869568,0.5483239889144897,-80.81;-147.73;92.54,g-/t/m+,20.81;32.27;2.54,False,3.0966901943556753,CE--B:ASP114:OD1,5.582899993481664,"CE--sym6[0,0,1]/A:HOH39:O",0.9654125571250916,,57.072723388671875,48.87937927246094,48.688716888427734,8.38400650024414,125.53506088256836,49.34319305419922,655.5672607421875,True,False,False,False
probe4c2_B_soft_localized,A_MET112,47,0.6820010542869568,0.5483239889144897,-80.81;-147.73;92.54,g-/t/m+,20.81;32.27;2.54,False,3.0966901943556753,CE--B:ASP114:OD1,5.582899993481664,"CE--sym6[0,0,1]/A:HOH39:O",0.9654125571250916,,57.072723388671875,48.87937927246094,48.688716888427734,8.38400650024414,125.53506088256836,49.34319305419922,655.5672607421875,True,False,False,False
probe4c2_B_soft_localized,A_MET112,48,0.6820010542869568,0.5483239889144897,-80.81;-147.73;92.54,g-/t/m+,20.81;32.27;2.54,False,3.0966901943556753,CE--B:ASP114:OD1,5.582899993481664,"CE--sym6[0,0,1]/A:HOH39:O",0.9654125571250916,,57.072723388671875,48.87937927246094,48.688716888427734,8.38400650024414,125.53506088256836,49.34319305419922,655.5672607421875,True,False,False,False
probe4c2_B_soft_localized,A_MET112,49,0.6820010542869568,0.5483239889144897,-80.81;-147.73;92.54,g-/t/m+,20.81;32.27;2.54,False,3.0966901943556753,CE--B:ASP114:OD1,5.582899993481664,"CE--sym6[0,0,1]/A:HOH39:O",0.9654125571250916,,57.072723388671875,48.87937927246094,48.688716888427734,8.38400650024414,125.53506088256836,49.34319305419922,655.5672607421875,True,False,False,False
probe4c2_C_soft_realspace,A_MET112,0,0.5948566198348999,0.6448261737823486,-86.59;-158.95;81.19,g-/t/m+,26.59;21.05;8.81,True,3.153680716654986,CE--B:THR117:OG1,5.807866684177295,"CG--sym6[0,0,1]/A:VAL136:CG2",0.7679911255836487,,55.71065139770508,48.87937927246094,48.688716888427734,7.021934509277344,125.53506088256836,49.34319305419922,655.5672607421875,True,True,False,False
probe4c2_C_soft_realspace,A_MET112,1,0.5948566198348999,0.6448261737823486,-86.59;-158.95;81.19,g-/t/m+,26.59;21.05;8.81,True,3.153680716654986,CE--B:THR117:OG1,5.807866684177295,"CG--sym6[0,0,1]/A:VAL136:CG2",0.7679911255836487,,55.71065139770508,48.87937927246094,48.688716888427734,7.021934509277344,125.53506088256836,49.34319305419922,655.5672607421875,True,True,False,False
probe4c2_C_soft_realspace,A_MET112,2,0.5948559641838074,0.6448237299919128,-86.59;-158.95;81.19,g-/t/m+,26.59;21.05;8.81,True,3.153682282092128,CE--B:THR117:OG1,5.807867027117555,"CG--sym6[0,0,1]/A:VAL136:CG2",0.7679919004440308,,55.71065139770508,48.87937927246094,48.688716888427734,7.021934509277344,125.53506088256836,49.34319305419922,655.5672607421875,True,True,False,False
probe4c2_C_soft_realspace,A_MET112,3,0.5948566198348999,0.6448261737823486,-86.59;-158.95;81.19,g-/t/m+,26.59;21.05;8.81,True,3.153680716654986,CE--B:THR117:OG1,5.807866684177295,"CG--sym6[0,0,1]/A:VAL136:CG2",0.7679911255836487,,55.71065139770508,48.87937927246094,48.688716888427734,7.021934509277344,125.53506088256836,49.34319305419922,655.5672607421875,True,True,False,False
probe4c2_C_soft_realspace,A_MET112,4,0.5948566198348999,0.6448261737823486,-86.59;-158.95;81.19,g-/t/m+,26.59;21.05;8.81,True,3.153680716654986,CE--B:THR117:OG1,5.807866684177295,"CG--sym6[0,0,1]/A:VAL136:CG2",0.7679911255836487,,55.71065139770508,48.87937927246094,48.688716888427734,7.021934509277344,125.53506088256836,49.34319305419922,655.5672607421875,True,True,False,False
probe4c2_C_soft_realspace,A_MET112,5,0.5948566198348999,0.6448261737823486,-86.59;-158.95;81.19,g-/t/m+,26.59;21.05;8.81,True,3.153680716654986,CE--B:THR117:OG1,5.807866684177295,"CG--sym6[0,0,1]/A:VAL136:CG2",0.7679911255836487,,55.71065139770508,48.87937927246094,48.688716888427734,7.021934509277344,125.53506088256836,49.34319305419922,655.5672607421875,True,True,False,False
probe4c2_C_soft_realspace,A_MET112,6,0.5948566198348999,0.6448261737823486,-86.59;-158.95;81.19,g-/t/m+,26.59;21.05;8.81,True,3.153680716654986,CE--B:THR117:OG1,5.807866684177295,"CG--sym6[0,0,1]/A:VAL136:CG2",0.7679911255836487,,55.71065139770508,48.87937927246094,48.688716888427734,7.021934509277344,125.53506088256836,49.34319305419922,655.5672607421875,True,True,False,False
probe4c2_C_soft_realspace,A_MET112,7,0.5948566198348999,0.6448261737823486,-86.59;-158.95;81.19,g-/t/m+,26.59;21.05;8.81,True,3.153680716654986,CE--B:THR117:OG1,5.807866684177295,"CG--sym6[0,0,1]/A:VAL136:CG2",0.7679911255836487,,55.71065139770508,48.87937927246094,48.688716888427734,7.021934509277344,125.53506088256836,49.34319305419922,655.5672607421875,True,True,False,False
probe4c2_C_soft_realspace,A_MET112,8,0.5948566198348999,0.6448261737823486,-86.59;-158.95;81.19,g-/t/m+,26.59;21.05;8.81,True,3.153680716654986,CE--B:THR117:OG1,5.807866684177295,"CG--sym6[0,0,1]/A:VAL136:CG2",0.7679911255836487,,55.71065139770508,48.87937927246094,48.688716888427734,7.021934509277344,125.53506088256836,49.34319305419922,655.5672607421875,True,True,False,False
probe4c2_C_soft_realspace,A_MET112,9,0.5948566198348999,0.6448261737823486,-86.59;-158.95;81.19,g-/t/m+,26.59;21.05;8.81,True,3.153680716654986,CE--B:THR117:OG1,5.807866684177295,"CG--sym6[0,0,1]/A:VAL136:CG2",0.7679911255836487,,55.71065139770508,48.87937927246094,48.688716888427734,7.021934509277344,125.53506088256836,49.34319305419922,655.5672607421875,True,True,False,False
probe4c2_C_soft_realspace,A_MET112,10,0.5948566198348999,0.6448261737823486,-86.59;-158.95;81.19,g-/t/m+,26.59;21.05;8.81,True,3.153680716654986,CE--B:THR117:OG1,5.807866684177295,"CG--sym6[0,0,1]/A:VAL136:CG2",0.7679911255836487,,55.71065139770508,48.87937927246094,48.688716888427734,7.021934509277344,125.53506088256836,49.34319305419922,655.5672607421875,True,True,False,False
probe4c2_C_soft_realspace,A_MET112,11,0.5948566198348999,0.6448261737823486,-86.59;-158.95;81.19,g-/t/m+,26.59;21.05;8.81,True,3.153680716654986,CE--B:THR117:OG1,5.807866684177295,"CG--sym6[0,0,1]/A:VAL136:CG2",0.7679911255836487,,55.71065139770508,48.87937927246094,48.688716888427734,7.021934509277344,125.53506088256836,49.34319305419922,655.5672607421875,True,True,False,False
probe4c2_C_soft_realspace,A_MET112,12,0.5948566198348999,0.6448261737823486,-86.59;-158.95;81.19,g-/t/m+,26.59;21.05;8.81,True,3.153680716654986,CE--B:THR117:OG1,5.807866684177295,"CG--sym6[0,0,1]/A:VAL136:CG2",0.7679911255836487,,55.71065139770508,48.87937927246094,48.688716888427734,7.021934509277344,125.53506088256836,49.34319305419922,655.5672607421875,True,True,False,False
probe4c2_C_soft_realspace,A_MET112,13,0.5948566198348999,0.6448261737823486,-86.59;-158.95;81.19,g-/t/m+,26.59;21.05;8.81,True,3.153680716654986,CE--B:THR117:OG1,5.807866684177295,"CG--sym6[0,0,1]/A:VAL136:CG2",0.7679911255836487,,55.71065139770508,48.87937927246094,48.688716888427734,7.021934509277344,125.53506088256836,49.34319305419922,655.5672607421875,True,True,False,False
probe4c2_C_soft_realspace,A_MET112,14,0.5948566198348999,0.6448261737823486,-86.59;-158.95;81.19,g-/t/m+,26.59;21.05;8.81,True,3.153680716654986,CE--B:THR117:OG1,5.807866684177295,"CG--sym6[0,0,1]/A:VAL136:CG2",0.7679911255836487,,55.71065139770508,48.87937927246094,48.688716888427734,7.021934509277344,125.53506088256836,49.34319305419922,655.5672607421875,True,True,False,False
probe4c2_C_soft_realspace,A_MET112,15,0.5948566198348999,0.6448261737823486,-86.59;-158.95;81.19,g-/t/m+,26.59;21.05;8.81,True,3.153680716654986,CE--B:THR117:OG1,5.807866684177295,"CG--sym6[0,0,1]/A:VAL136:CG2",0.7679911255836487,,55.71065139770508,48.87937927246094,48.688716888427734,7.021934509277344,125.53506088256836,49.34319305419922,655.5672607421875,True,True,False,False
probe4c2_C_soft_realspace,A_MET112,16,0.5948566198348999,0.6448261737823486,-86.59;-158.95;81.19,g-/t/m+,26.59;21.05;8.81,True,3.153680716654986,CE--B:THR117:OG1,5.807866684177295,"CG--sym6[0,0,1]/A:VAL136:CG2",0.7679911255836487,,55.71065139770508,48.87937927246094,48.688716888427734,7.021934509277344,125.53506088256836,49.34319305419922,655.5672607421875,True,True,False,False
probe4c2_C_soft_realspace,A_MET112,17,0.5948566198348999,0.6448261737823486,-86.59;-158.95;81.19,g-/t/m+,26.59;21.05;8.81,True,3.153680716654986,CE--B:THR117:OG1,5.807866684177295,"CG--sym6[0,0,1]/A:VAL136:CG2",0.7679911255836487,,55.71065139770508,48.87937927246094,48.688716888427734,7.021934509277344,125.53506088256836,49.34319305419922,655.5672607421875,True,True,False,False
probe4c2_C_soft_realspace,A_MET112,18,0.5948566198348999,0.6448261737823486,-86.59;-158.95;81.19,g-/t/m+,26.59;21.05;8.81,True,3.153680716654986,CE--B:THR117:OG1,5.807866684177295,"CG--sym6[0,0,1]/A:VAL136:CG2",0.7679911255836487,,55.71065139770508,48.87937927246094,48.688716888427734,7.021934509277344,125.53506088256836,49.34319305419922,655.5672607421875,True,True,False,False
probe4c2_C_soft_realspace,A_MET112,19,0.5948566198348999,0.6448261737823486,-86.59;-158.95;81.19,g-/t/m+,26.59;21.05;8.81,True,3.153680716654986,CE--B:THR117:OG1,5.807866684177295,"CG--sym6[0,0,1]/A:VAL136:CG2",0.7679911255836487,,55.71065139770508,48.87937927246094,48.688716888427734,7.021934509277344,125.53506088256836,49.34319305419922,655.5672607421875,True,True,False,False
probe4c2_C_soft_realspace,A_MET112,20,0.5948566198348999,0.6448261737823486,-86.59;-158.95;81.19,g-/t/m+,26.59;21.05;8.81,True,3.153680716654986,CE--B:THR117:OG1,5.807866684177295,"CG--sym6[0,0,1]/A:VAL136:CG2",0.7679911255836487,,55.71065139770508,48.87937927246094,48.688716888427734,7.021934509277344,125.53506088256836,49.34319305419922,655.5672607421875,True,True,False,False
probe4c2_C_soft_realspace,A_MET112,21,0.5948566198348999,0.6448261737823486,-86.59;-158.95;81.19,g-/t/m+,26.59;21.05;8.81,True,3.153680716654986,CE--B:THR117:OG1,5.807866684177295,"CG--sym6[0,0,1]/A:VAL136:CG2",0.7679911255836487,,55.71065139770508,48.87937927246094,48.688716888427734,7.021934509277344,125.53506088256836,49.34319305419922,655.5672607421875,True,True,False,False
probe4c2_C_soft_realspace,A_MET112,22,0.5948566198348999,0.6448261737823486,-86.59;-158.95;81.19,g-/t/m+,26.59;21.05;8.81,True,3.153680716654986,CE--B:THR117:OG1,5.807866684177295,"CG--sym6[0,0,1]/A:VAL136:CG2",0.7679911255836487,,55.71065139770508,48.87937927246094,48.688716888427734,7.021934509277344,125.53506088256836,49.34319305419922,655.5672607421875,True,True,False,False
probe4c2_C_soft_realspace,A_MET112,23,0.5948566198348999,0.6448261737823486,-86.59;-158.95;81.19,g-/t/m+,26.59;21.05;8.81,True,3.153680716654986,CE--B:THR117:OG1,5.807866684177295,"CG--sym6[0,0,1]/A:VAL136:CG2",0.7679911255836487,,55.71065139770508,48.87937927246094,48.688716888427734,7.021934509277344,125.53506088256836,49.34319305419922,655.5672607421875,True,True,False,False
probe4c2_C_soft_realspace,A_MET112,24,0.5948566198348999,0.6448261737823486,-86.59;-158.95;81.19,g-/t/m+,26.59;21.05;8.81,True,3.153680716654986,CE--B:THR117:OG1,5.807866684177295,"CG--sym6[0,0,1]/A:VAL136:CG2",0.7679911255836487,,55.71065139770508,48.87937927246094,48.688716888427734,7.021934509277344,125.53506088256836,49.34319305419922,655.5672607421875,True,True,False,False
probe4c2_C_soft_realspace,A_MET112,25,0.5948566198348999,0.6448265314102173,-86.59;-158.95;81.19,g-/t/m+,26.59;21.05;8.81,True,3.1536804557497295,CE--B:THR117:OG1,5.807866684177295,"CG--sym6[0,0,1]/A:VAL136:CG2",0.7679911255836487,,55.71065139770508,48.87937927246094,48.688716888427734,7.021934509277344,125.53506088256836,49.34319305419922,655.5672607421875,True,True,False,False
probe4c2_C_soft_realspace,A_MET112,26,0.5948566198348999,0.6448261737823486,-86.59;-158.95;81.19,g-/t/m+,26.59;21.05;8.81,True,3.153680716654986,CE--B:THR117:OG1,5.807866684177295,"CG--sym6[0,0,1]/A:VAL136:CG2",0.7679911255836487,,55.71065139770508,48.87937927246094,48.688716888427734,7.021934509277344,125.53506088256836,49.34319305419922,655.5672607421875,True,True,False,False
probe4c2_C_soft_realspace,A_MET112,27,0.5948566198348999,0.6448261737823486,-86.59;-158.95;81.19,g-/t/m+,26.59;21.05;8.81,True,3.153680716654986,CE--B:THR117:OG1,5.807866684177295,"CG--sym6[0,0,1]/A:VAL136:CG2",0.7679911255836487,,55.71065139770508,48.87937927246094,48.688716888427734,7.021934509277344,125.53506088256836,49.34319305419922,655.5672607421875,True,True,False,False
probe4c2_C_soft_realspace,A_MET112,28,0.5948566198348999,0.6448261737823486,-86.59;-158.95;81.19,g-/t/m+,26.59;21.05;8.81,True,3.153680716654986,CE--B:THR117:OG1,5.807866684177295,"CG--sym6[0,0,1]/A:VAL136:CG2",0.7679911255836487,,55.71065139770508,48.87937927246094,48.688716888427734,7.021934509277344,125.53506088256836,49.34319305419922,655.5672607421875,True,True,False,False
probe4c2_C_soft_realspace,A_MET112,29,0.5948566198348999,0.6448261737823486,-86.59;-158.95;81.19,g-/t/m+,26.59;21.05;8.81,True,3.153680716654986,CE--B:THR117:OG1,5.807866684177295,"CG--sym6[0,0,1]/A:VAL136:CG2",0.7679911255836487,,55.71065139770508,48.87937927246094,48.688716888427734,7.021934509277344,125.53506088256836,49.34319305419922,655.5672607421875,True,True,False,False
probe4c2_C_soft_realspace,A_MET112,30,0.5948566198348999,0.6448261737823486,-86.59;-158.95;81.19,g-/t/m+,26.59;21.05;8.81,True,3.153680716654986,CE--B:THR117:OG1,5.807866684177295,"CG--sym6[0,0,1]/A:VAL136:CG2",0.7679911255836487,,55.71065139770508,48.87937927246094,48.688716888427734,7.021934509277344,125.53506088256836,49.34319305419922,655.5672607421875,True,True,False,False
probe4c2_C_soft_realspace,A_MET112,31,0.5948566198348999,0.6448261737823486,-86.59;-158.95;81.19,g-/t/m+,26.59;21.05;8.81,True,3.153680716654986,CE--B:THR117:OG1,5.807866684177295,"CG--sym6[0,0,1]/A:VAL136:CG2",0.7679911255836487,,55.71065139770508,48.87937927246094,48.688716888427734,7.021934509277344,125.53506088256836,49.34319305419922,655.5672607421875,True,True,False,False
probe4c2_C_soft_realspace,A_MET112,32,0.5948566198348999,0.6448261737823486,-86.59;-158.95;81.19,g-/t/m+,26.59;21.05;8.81,True,3.153680716654986,CE--B:THR117:OG1,5.807866684177295,"CG--sym6[0,0,1]/A:VAL136:CG2",0.7679911255836487,,55.71065139770508,48.87937927246094,48.688716888427734,7.021934509277344,125.53506088256836,49.34319305419922,655.5672607421875,True,True,False,False
probe4c2_C_soft_realspace,A_MET112,33,0.5948566198348999,0.6448261737823486,-86.59;-158.95;81.19,g-/t/m+,26.59;21.05;8.81,True,3.153680716654986,CE--B:THR117:OG1,5.807866684177295,"CG--sym6[0,0,1]/A:VAL136:CG2",0.7679911255836487,,55.71065139770508,48.87937927246094,48.688716888427734,7.021934509277344,125.53506088256836,49.34319305419922,655.5672607421875,True,True,False,False
probe4c2_C_soft_realspace,A_MET112,34,0.5948566198348999,0.6448261737823486,-86.59;-158.95;81.19,g-/t/m+,26.59;21.05;8.81,True,3.153680716654986,CE--B:THR117:OG1,5.807866684177295,"CG--sym6[0,0,1]/A:VAL136:CG2",0.7679911255836487,,55.71065139770508,48.87937927246094,48.688716888427734,7.021934509277344,125.53506088256836,49.34319305419922,655.5672607421875,True,True,False,False
probe4c2_C_soft_realspace,A_MET112,35,0.5948566198348999,0.6448261737823486,-86.59;-158.95;81.19,g-/t/m+,26.59;21.05;8.81,True,3.153680716654986,CE--B:THR117:OG1,5.807866684177295,"CG--sym6[0,0,1]/A:VAL136:CG2",0.7679911255836487,,55.71065139770508,48.87937927246094,48.688716888427734,7.021934509277344,125.53506088256836,49.34319305419922,655.5672607421875,True,True,False,False
probe4c2_C_soft_realspace,A_MET112,36,0.5948566198348999,0.6448261737823486,-86.59;-158.95;81.19,g-/t/m+,26.59;21.05;8.81,True,3.153680716654986,CE--B:THR117:OG1,5.807866684177295,"CG--sym6[0,0,1]/A:VAL136:CG2",0.7679911255836487,,55.71065139770508,48.87937927246094,48.688716888427734,7.021934509277344,125.53506088256836,49.34319305419922,655.5672607421875,True,True,False,False
probe4c2_C_soft_realspace,A_MET112,37,0.5948566198348999,0.6448261737823486,-86.59;-158.95;81.19,g-/t/m+,26.59;21.05;8.81,True,3.153680716654986,CE--B:THR117:OG1,5.807866684177295,"CG--sym6[0,0,1]/A:VAL136:CG2",0.7679911255836487,,55.71065139770508,48.87937927246094,48.688716888427734,7.021934509277344,125.53506088256836,49.34319305419922,655.5672607421875,True,True,False,False
probe4c2_C_soft_realspace,A_MET112,38,0.5948566198348999,0.6448261737823486,-86.59;-158.95;81.19,g-/t/m+,26.59;21.05;8.81,True,3.153680716654986,CE--B:THR117:OG1,5.807866684177295,"CG--sym6[0,0,1]/A:VAL136:CG2",0.7679911255836487,,55.71065139770508,48.87937927246094,48.688716888427734,7.021934509277344,125.53506088256836,49.34319305419922,655.5672607421875,True,True,False,False
probe4c2_C_soft_realspace,A_MET112,39,0.5948566198348999,0.6448261737823486,-86.59;-158.95;81.19,g-/t/m+,26.59;21.05;8.81,True,3.153680716654986,CE--B:THR117:OG1,5.807866684177295,"CG--sym6[0,0,1]/A:VAL136:CG2",0.7679911255836487,,55.71065139770508,48.87937927246094,48.688716888427734,7.021934509277344,125.53506088256836,49.34319305419922,655.5672607421875,True,True,False,False
probe4c2_C_soft_realspace,A_MET112,40,0.5948566198348999,0.6448261737823486,-86.59;-158.95;81.19,g-/t/m+,26.59;21.05;8.81,True,3.153680716654986,CE--B:THR117:OG1,5.807866684177295,"CG--sym6[0,0,1]/A:VAL136:CG2",0.7679911255836487,,55.71065139770508,48.87937927246094,48.688716888427734,7.021934509277344,125.53506088256836,49.34319305419922,655.5672607421875,True,True,False,False
probe4c2_C_soft_realspace,A_MET112,41,0.5948560237884521,0.644823431968689,-86.59;-158.95;81.19,g-/t/m+,26.59;21.05;8.81,True,3.153681955149883,CE--B:THR117:OG1,5.807867027117555,"CG--sym6[0,0,1]/A:VAL136:CG2",0.7679925560951233,,55.71065139770508,48.87937927246094,48.688716888427734,7.021934509277344,125.53506088256836,49.34319305419922,655.5672607421875,True,True,False,False
probe4c2_C_soft_realspace,A_MET112,42,0.5948566198348999,0.6448261737823486,-86.59;-158.95;81.19,g-/t/m+,26.59;21.05;8.81,True,3.153680716654986,CE--B:THR117:OG1,5.807866684177295,"CG--sym6[0,0,1]/A:VAL136:CG2",0.7679911255836487,,55.71065139770508,48.87937927246094,48.688716888427734,7.021934509277344,125.53506088256836,49.34319305419922,655.5672607421875,True,True,False,False
probe4c2_C_soft_realspace,A_MET112,43,0.5948566198348999,0.6448261737823486,-86.59;-158.95;81.19,g-/t/m+,26.59;21.05;8.81,True,3.153680716654986,CE--B:THR117:OG1,5.807866684177295,"CG--sym6[0,0,1]/A:VAL136:CG2",0.7679911255836487,,55.71065139770508,48.87937927246094,48.688716888427734,7.021934509277344,125.53506088256836,49.34319305419922,655.5672607421875,True,True,False,False
probe4c2_C_soft_realspace,A_MET112,44,0.5948566198348999,0.6448261737823486,-86.59;-158.95;81.19,g-/t/m+,26.59;21.05;8.81,True,3.153680716654986,CE--B:THR117:OG1,5.807866684177295,"CG--sym6[0,0,1]/A:VAL136:CG2",0.7679911255836487,,55.71065139770508,48.87937927246094,48.688716888427734,7.021934509277344,125.53506088256836,49.34319305419922,655.5672607421875,True,True,False,False
probe4c2_C_soft_realspace,A_MET112,45,0.5948566198348999,0.6448261737823486,-86.59;-158.95;81.19,g-/t/m+,26.59;21.05;8.81,True,3.153680716654986,CE--B:THR117:OG1,5.807866684177295,"CG--sym6[0,0,1]/A:VAL136:CG2",0.7679911255836487,,55.71065139770508,48.87937927246094,48.688716888427734,7.021934509277344,125.53506088256836,49.34319305419922,655.5672607421875,True,True,False,False
probe4c2_C_soft_realspace,A_MET112,46,0.5948566198348999,0.6448261737823486,-86.59;-158.95;81.19,g-/t/m+,26.59;21.05;8.81,True,3.153680716654986,CE--B:THR117:OG1,5.807866684177295,"CG--sym6[0,0,1]/A:VAL136:CG2",0.7679911255836487,,55.71065139770508,48.87937927246094,48.688716888427734,7.021934509277344,125.53506088256836,49.34319305419922,655.5672607421875,True,True,False,False
probe4c2_C_soft_realspace,A_MET112,47,0.5948566198348999,0.6448261737823486,-86.59;-158.95;81.19,g-/t/m+,26.59;21.05;8.81,True,3.153680716654986,CE--B:THR117:OG1,5.807866684177295,"CG--sym6[0,0,1]/A:VAL136:CG2",0.7679911255836487,,55.71065139770508,48.87937927246094,48.688716888427734,7.021934509277344,125.53506088256836,49.34319305419922,655.5672607421875,True,True,False,False
probe4c2_C_soft_realspace,A_MET112,48,0.5948566198348999,0.6448261737823486,-86.59;-158.95;81.19,g-/t/m+,26.59;21.05;8.81,True,3.153680716654986,CE--B:THR117:OG1,5.807866684177295,"CG--sym6[0,0,1]/A:VAL136:CG2",0.7679911255836487,,55.71065139770508,48.87937927246094,48.688716888427734,7.021934509277344,125.53506088256836,49.34319305419922,655.5672607421875,True,True,False,False
probe4c2_C_soft_realspace,A_MET112,49,0.5948566198348999,0.6448261737823486,-86.59;-158.95;81.19,g-/t/m+,26.59;21.05;8.81,True,3.153680716654986,CE--B:THR117:OG1,5.807866684177295,"CG--sym6[0,0,1]/A:VAL136:CG2",0.7679911255836487,,55.71065139770508,48.87937927246094,48.688716888427734,7.021934509277344,125.53506088256836,49.34319305419922,655.5672607421875,True,True,False,False
probe4c1_kinematic_complex,A_ARG129,0,1.1506258249282837,0.7991089820861816,-126.54;124.85;93.47;-140.17,t/t/g+/p180,53.46;55.15;33.47;39.83,False,3.0432759293083964,CB--A:ILE130:N,2.7787726067047487,"CD--sym6[-1,0,1]/B:ILE121:CD1",0.6853235960006714,NH2--A:HOH24:O:3.20A,68.27961730957031,48.87939453125,53.74132537841797,19.400222778320312,539.5329360961914,49.25828552246094,1806.813232421875,True,False,False,False
probe4c1_kinematic_complex,A_ARG129,1,1.1506259441375732,0.7991091012954712,-126.54;124.85;93.47;-140.17,t/t/g+/p180,53.46;55.15;33.47;39.83,False,3.0432759293083964,CB--A:ILE130:N,2.7787721086216606,"CD--sym6[-1,0,1]/B:ILE121:CD1",0.6853228211402893,NH2--A:HOH24:O:3.20A,68.27961730957031,48.87939453125,53.74132537841797,19.400222778320312,539.5329360961914,49.25828552246094,1806.813232421875,True,False,False,False
probe4c1_kinematic_complex,A_ARG129,2,1.1506257057189941,0.7991090416908264,-126.54;124.85;93.47;-140.17,t/t/g+/p180,53.46;55.15;33.47;39.83,False,3.0432759293083964,CB--A:ILE130:N,2.7787721086216606,"CD--sym6[-1,0,1]/B:ILE121:CD1",0.6853225827217102,NH2--A:HOH24:O:3.20A,68.27961730957031,48.87939453125,53.74132537841797,19.400222778320312,539.5329360961914,49.25828552246094,1806.813232421875,True,False,False,False
probe4c1_kinematic_complex,A_ARG129,3,1.1506258249282837,0.7991089820861816,-126.54;124.85;93.47;-140.17,t/t/g+/p180,53.46;55.15;33.47;39.83,False,3.0432759293083964,CB--A:ILE130:N,2.7787726067047487,"CD--sym6[-1,0,1]/B:ILE121:CD1",0.6853235960006714,NH2--A:HOH24:O:3.20A,68.27961730957031,48.87939453125,53.74132537841797,19.400222778320312,539.5329360961914,49.25828552246094,1806.813232421875,True,False,False,False
probe4c1_kinematic_complex,A_ARG129,4,1.1506236791610718,0.7991107702255249,-126.54;124.85;93.47;-140.17,t/t/g+/p180,53.46;55.15;33.47;39.83,False,3.0432759293083964,CB--A:ILE130:N,2.7787721086216606,"CD--sym6[-1,0,1]/B:ILE121:CD1",0.6853240132331848,NH2--A:HOH24:O:3.20A,68.27961730957031,48.87939453125,53.74132537841797,19.400222778320312,539.5329360961914,49.25828552246094,1806.813232421875,True,False,False,False
probe4c1_kinematic_complex,A_ARG129,5,1.1506258249282837,0.7991089820861816,-126.54;124.85;93.47;-140.17,t/t/g+/p180,53.46;55.15;33.47;39.83,False,3.0432759293083964,CB--A:ILE130:N,2.7787726067047487,"CD--sym6[-1,0,1]/B:ILE121:CD1",0.6853235960006714,NH2--A:HOH24:O:3.20A,68.27961730957031,48.87939453125,53.74132537841797,19.400222778320312,539.5329360961914,49.25828552246094,1806.813232421875,True,False,False,False
probe4c1_kinematic_complex,A_ARG129,6,1.1506259441375732,0.7991091012954712,-126.54;124.85;93.47;-140.17,t/t/g+/p180,53.46;55.15;33.47;39.83,False,3.0432759293083964,CB--A:ILE130:N,2.7787721086216606,"CD--sym6[-1,0,1]/B:ILE121:CD1",0.6853228211402893,NH2--A:HOH24:O:3.20A,68.27961730957031,48.87939453125,53.74132537841797,19.400222778320312,539.5329360961914,49.25828552246094,1806.813232421875,True,False,False,False
probe4c1_kinematic_complex,A_ARG129,7,1.1506257057189941,0.7991090416908264,-126.54;124.85;93.47;-140.17,t/t/g+/p-180,53.46;55.15;33.47;39.83,False,3.0432759293083964,CB--A:ILE130:N,2.7787721086216606,"CD--sym6[-1,0,1]/B:ILE121:CD1",0.6853222846984863,NH2--A:HOH24:O:3.20A,68.27961730957031,48.87939453125,53.74132537841797,19.400222778320312,539.5329360961914,49.25828552246094,1806.813232421875,True,False,False,False
probe4c1_kinematic_complex,A_ARG129,8,1.1506257057189941,0.7991090416908264,-126.54;124.85;93.47;-140.17,t/t/g+/p180,53.46;55.15;33.47;39.83,False,3.0432759293083964,CB--A:ILE130:N,2.7787721086216606,"CD--sym6[-1,0,1]/B:ILE121:CD1",0.6853225827217102,NH2--A:HOH24:O:3.20A,68.27961730957031,48.87939453125,53.74132537841797,19.400222778320312,539.5329360961914,49.25828552246094,1806.813232421875,True,False,False,False
probe4c1_kinematic_complex,A_ARG129,9,1.1506258249282837,0.7991089820861816,-126.54;124.85;93.47;-140.17,t/t/g+/p180,53.46;55.15;33.47;39.83,False,3.0432759293083964,CB--A:ILE130:N,2.7787726067047487,"CD--sym6[-1,0,1]/B:ILE121:CD1",0.6853235960006714,NH2--A:HOH24:O:3.20A,68.27961730957031,48.87939453125,53.74132537841797,19.400222778320312,539.5329360961914,49.25828552246094,1806.813232421875,True,False,False,False
probe4c1_kinematic_complex,A_ARG129,10,1.1506257057189941,0.7991090416908264,-126.54;124.85;93.47;-140.17,t/t/g+/p180,53.46;55.15;33.47;39.83,False,3.0432759293083964,CB--A:ILE130:N,2.7787721086216606,"CD--sym6[-1,0,1]/B:ILE121:CD1",0.6853225827217102,NH2--A:HOH24:O:3.20A,68.27961730957031,48.87939453125,53.74132537841797,19.400222778320312,539.5329360961914,49.25828552246094,1806.813232421875,True,False,False,False
probe4c1_kinematic_complex,A_ARG129,11,1.1506259441375732,0.7991091012954712,-126.54;124.85;93.47;-140.17,t/t/g+/p180,53.46;55.15;33.47;39.83,False,3.0432759293083964,CB--A:ILE130:N,2.7787721086216606,"CD--sym6[-1,0,1]/B:ILE121:CD1",0.6853228211402893,NH2--A:HOH24:O:3.20A,68.27961730957031,48.87939453125,53.74132537841797,19.400222778320312,539.5329360961914,49.25828552246094,1806.813232421875,True,False,False,False
probe4c1_kinematic_complex,A_ARG129,12,1.1506257057189941,0.7991090416908264,-126.54;124.85;93.47;-140.17,t/t/g+/p180,53.46;55.15;33.47;39.83,False,3.0432759293083964,CB--A:ILE130:N,2.7787721086216606,"CD--sym6[-1,0,1]/B:ILE121:CD1",0.6853225827217102,NH2--A:HOH24:O:3.20A,68.27961730957031,48.87939453125,53.74132537841797,19.400222778320312,539.5329360961914,49.25828552246094,1806.813232421875,True,False,False,False
probe4c1_kinematic_complex,A_ARG129,13,1.1506257057189941,0.7991090416908264,-126.54;124.85;93.47;-140.17,t/t/g+/p180,53.46;55.15;33.47;39.83,False,3.0432759293083964,CB--A:ILE130:N,2.7787721086216606,"CD--sym6[-1,0,1]/B:ILE121:CD1",0.6853225827217102,NH2--A:HOH24:O:3.20A,68.27961730957031,48.87939453125,53.74132537841797,19.400222778320312,539.5329360961914,49.25828552246094,1806.813232421875,True,False,False,False
probe4c1_kinematic_complex,A_ARG129,14,1.1506258249282837,0.7991089820861816,-126.54;124.85;93.47;-140.17,t/t/g+/p180,53.46;55.15;33.47;39.83,False,3.0432759293083964,CB--A:ILE130:N,2.7787726067047487,"CD--sym6[-1,0,1]/B:ILE121:CD1",0.6853235960006714,NH2--A:HOH24:O:3.20A,68.27961730957031,48.87939453125,53.74132537841797,19.400222778320312,539.5329360961914,49.25828552246094,1806.813232421875,True,False,False,False
probe4c1_kinematic_complex,A_ARG129,15,1.1506259441375732,0.7991091012954712,-126.54;124.85;93.47;-140.17,t/t/g+/p180,53.46;55.15;33.47;39.83,False,3.0432759293083964,CB--A:ILE130:N,2.7787721086216606,"CD--sym6[-1,0,1]/B:ILE121:CD1",0.6853228211402893,NH2--A:HOH24:O:3.20A,68.27961730957031,48.87939453125,53.74132537841797,19.400222778320312,539.5329360961914,49.25828552246094,1806.813232421875,True,False,False,False
probe4c1_kinematic_complex,A_ARG129,16,1.1506259441375732,0.7991091012954712,-126.54;124.85;93.47;-140.17,t/t/g+/p180,53.46;55.15;33.47;39.83,False,3.0432759293083964,CB--A:ILE130:N,2.7787721086216606,"CD--sym6[-1,0,1]/B:ILE121:CD1",0.6853228211402893,NH2--A:HOH24:O:3.20A,68.27961730957031,48.87939453125,53.74132537841797,19.400222778320312,539.5329360961914,49.25828552246094,1806.813232421875,True,False,False,False
probe4c1_kinematic_complex,A_ARG129,17,1.1506259441375732,0.7991091012954712,-126.54;124.85;93.47;-140.17,t/t/g+/p180,53.46;55.15;33.47;39.83,False,3.0432759293083964,CB--A:ILE130:N,2.7787721086216606,"CD--sym6[-1,0,1]/B:ILE121:CD1",0.6853228211402893,NH2--A:HOH24:O:3.20A,68.27961730957031,48.87939453125,53.74132537841797,19.400222778320312,539.5329360961914,49.25828552246094,1806.813232421875,True,False,False,False
probe4c1_kinematic_complex,A_ARG129,18,1.1506259441375732,0.7991091012954712,-126.54;124.85;93.47;-140.17,t/t/g+/p180,53.46;55.15;33.47;39.83,False,3.0432759293083964,CB--A:ILE130:N,2.7787721086216606,"CD--sym6[-1,0,1]/B:ILE121:CD1",0.6853228211402893,NH2--A:HOH24:O:3.20A,68.27961730957031,48.87939453125,53.74132537841797,19.400222778320312,539.5329360961914,49.25828552246094,1806.813232421875,True,False,False,False
probe4c1_kinematic_complex,A_ARG129,19,1.1506257057189941,0.7991090416908264,-126.54;124.85;93.47;-140.17,t/t/g+/p180,53.46;55.15;33.47;39.83,False,3.0432759293083964,CB--A:ILE130:N,2.7787721086216606,"CD--sym6[-1,0,1]/B:ILE121:CD1",0.6853225827217102,NH2--A:HOH24:O:3.20A,68.27961730957031,48.87939453125,53.74132537841797,19.400222778320312,539.5329360961914,49.25828552246094,1806.813232421875,True,False,False,False
probe4c1_kinematic_complex,A_ARG129,20,1.1506257057189941,0.7991090416908264,-126.54;124.85;93.47;-140.17,t/t/g+/p-180,53.46;55.15;33.47;39.83,False,3.0432759293083964,CB--A:ILE130:N,2.7787721086216606,"CD--sym6[-1,0,1]/B:ILE121:CD1",0.6853222846984863,NH2--A:HOH24:O:3.20A,68.27961730957031,48.87939453125,53.74132537841797,19.400222778320312,539.5329360961914,49.25828552246094,1806.813232421875,True,False,False,False
probe4c1_kinematic_complex,A_ARG129,21,1.1506259441375732,0.7991091012954712,-126.54;124.85;93.47;-140.17,t/t/g+/p180,53.46;55.15;33.47;39.83,False,3.0432759293083964,CB--A:ILE130:N,2.7787721086216606,"CD--sym6[-1,0,1]/B:ILE121:CD1",0.6853228211402893,NH2--A:HOH24:O:3.20A,68.27961730957031,48.87939453125,53.74132537841797,19.400222778320312,539.5329360961914,49.25828552246094,1806.813232421875,True,False,False,False
probe4c1_kinematic_complex,A_ARG129,22,1.1506259441375732,0.7991091012954712,-126.54;124.85;93.47;-140.17,t/t/g+/p180,53.46;55.15;33.47;39.83,False,3.0432759293083964,CB--A:ILE130:N,2.7787721086216606,"CD--sym6[-1,0,1]/B:ILE121:CD1",0.6853228211402893,NH2--A:HOH24:O:3.20A,68.27961730957031,48.87939453125,53.74132537841797,19.400222778320312,539.5329360961914,49.25828552246094,1806.813232421875,True,False,False,False
probe4c1_kinematic_complex,A_ARG129,23,1.1506258249282837,0.7991089820861816,-126.54;124.85;93.47;-140.17,t/t/g+/p180,53.46;55.15;33.47;39.83,False,3.0432759293083964,CB--A:ILE130:N,2.7787726067047487,"CD--sym6[-1,0,1]/B:ILE121:CD1",0.6853235960006714,NH2--A:HOH24:O:3.20A,68.27961730957031,48.87939453125,53.74132537841797,19.400222778320312,539.5329360961914,49.25828552246094,1806.813232421875,True,False,False,False
probe4c1_kinematic_complex,A_ARG129,24,1.1506259441375732,0.7991091012954712,-126.54;124.85;93.47;-140.17,t/t/g+/p180,53.46;55.15;33.47;39.83,False,3.0432759293083964,CB--A:ILE130:N,2.7787721086216606,"CD--sym6[-1,0,1]/B:ILE121:CD1",0.6853228211402893,NH2--A:HOH24:O:3.20A,68.27961730957031,48.87939453125,53.74132537841797,19.400222778320312,539.5329360961914,49.25828552246094,1806.813232421875,True,False,False,False
probe4c1_kinematic_complex,A_ARG129,25,1.1506257057189941,0.7991090416908264,-126.54;124.85;93.47;-140.17,t/t/g+/p-180,53.46;55.15;33.47;39.83,False,3.0432759293083964,CB--A:ILE130:N,2.7787721086216606,"CD--sym6[-1,0,1]/B:ILE121:CD1",0.6853222846984863,NH2--A:HOH24:O:3.20A,68.27961730957031,48.87939453125,53.74132537841797,19.400222778320312,539.5329360961914,49.25828552246094,1806.813232421875,True,False,False,False
probe4c1_kinematic_complex,A_ARG129,26,1.1506257057189941,0.7991090416908264,-126.54;124.85;93.47;-140.17,t/t/g+/p180,53.46;55.15;33.47;39.83,False,3.0432759293083964,CB--A:ILE130:N,2.7787721086216606,"CD--sym6[-1,0,1]/B:ILE121:CD1",0.6853225827217102,NH2--A:HOH24:O:3.20A,68.27961730957031,48.87939453125,53.74132537841797,19.400222778320312,539.5329360961914,49.25828552246094,1806.813232421875,True,False,False,False
probe4c1_kinematic_complex,A_ARG129,27,1.1506258249282837,0.7991089820861816,-126.54;124.85;93.47;-140.17,t/t/g+/p180,53.46;55.15;33.47;39.83,False,3.0432759293083964,CB--A:ILE130:N,2.7787726067047487,"CD--sym6[-1,0,1]/B:ILE121:CD1",0.6853235960006714,NH2--A:HOH24:O:3.20A,68.27961730957031,48.87939453125,53.74132537841797,19.400222778320312,539.5329360961914,49.25828552246094,1806.813232421875,True,False,False,False
probe4c1_kinematic_complex,A_ARG129,28,1.1506259441375732,0.7991091012954712,-126.54;124.85;93.47;-140.17,t/t/g+/p180,53.46;55.15;33.47;39.83,False,3.0432759293083964,CB--A:ILE130:N,2.7787721086216606,"CD--sym6[-1,0,1]/B:ILE121:CD1",0.6853228211402893,NH2--A:HOH24:O:3.20A,68.27961730957031,48.87939453125,53.74132537841797,19.400222778320312,539.5329360961914,49.25828552246094,1806.813232421875,True,False,False,False
probe4c1_kinematic_complex,A_ARG129,29,1.1506259441375732,0.7991091012954712,-126.54;124.85;93.47;-140.17,t/t/g+/p180,53.46;55.15;33.47;39.83,False,3.0432759293083964,CB--A:ILE130:N,2.7787721086216606,"CD--sym6[-1,0,1]/B:ILE121:CD1",0.6853228211402893,NH2--A:HOH24:O:3.20A,68.27961730957031,48.87939453125,53.74132537841797,19.400222778320312,539.5329360961914,49.25828552246094,1806.813232421875,True,False,False,False
probe4c1_kinematic_complex,A_ARG129,30,1.1506259441375732,0.7991091012954712,-126.54;124.85;93.47;-140.17,t/t/g+/p180,53.46;55.15;33.47;39.83,False,3.0432759293083964,CB--A:ILE130:N,2.7787721086216606,"CD--sym6[-1,0,1]/B:ILE121:CD1",0.6853228211402893,NH2--A:HOH24:O:3.20A,68.27961730957031,48.87939453125,53.74132537841797,19.400222778320312,539.5329360961914,49.25828552246094,1806.813232421875,True,False,False,False
probe4c1_kinematic_complex,A_ARG129,31,1.1506258249282837,0.7991089820861816,-126.54;124.85;93.47;-140.17,t/t/g+/p180,53.46;55.15;33.47;39.83,False,3.0432759293083964,CB--A:ILE130:N,2.7787726067047487,"CD--sym6[-1,0,1]/B:ILE121:CD1",0.6853235960006714,NH2--A:HOH24:O:3.20A,68.27961730957031,48.87939453125,53.74132537841797,19.400222778320312,539.5329360961914,49.25828552246094,1806.813232421875,True,False,False,False
probe4c1_kinematic_complex,A_ARG129,32,1.1506257057189941,0.7991090416908264,-126.54;124.85;93.47;-140.17,t/t/g+/p180,53.46;55.15;33.47;39.83,False,3.0432759293083964,CB--A:ILE130:N,2.7787721086216606,"CD--sym6[-1,0,1]/B:ILE121:CD1",0.6853225827217102,NH2--A:HOH24:O:3.20A,68.27961730957031,48.87939453125,53.74132537841797,19.400222778320312,539.5329360961914,49.25828552246094,1806.813232421875,True,False,False,False
probe4c1_kinematic_complex,A_ARG129,33,1.1506257057189941,0.7991090416908264,-126.54;124.85;93.47;-140.17,t/t/g+/p-180,53.46;55.15;33.47;39.83,False,3.0432759293083964,CB--A:ILE130:N,2.7787721086216606,"CD--sym6[-1,0,1]/B:ILE121:CD1",0.6853222846984863,NH2--A:HOH24:O:3.20A,68.27961730957031,48.87939453125,53.74132537841797,19.400222778320312,539.5329360961914,49.25828552246094,1806.813232421875,True,False,False,False
probe4c1_kinematic_complex,A_ARG129,34,1.1506259441375732,0.7991091012954712,-126.54;124.85;93.47;-140.17,t/t/g+/p180,53.46;55.15;33.47;39.83,False,3.0432759293083964,CB--A:ILE130:N,2.7787721086216606,"CD--sym6[-1,0,1]/B:ILE121:CD1",0.6853228211402893,NH2--A:HOH24:O:3.20A,68.27961730957031,48.87939453125,53.74132537841797,19.400222778320312,539.5329360961914,49.25828552246094,1806.813232421875,True,False,False,False
probe4c1_kinematic_complex,A_ARG129,35,1.1506257057189941,0.7991090416908264,-126.54;124.85;93.47;-140.17,t/t/g+/p180,53.46;55.15;33.47;39.83,False,3.0432759293083964,CB--A:ILE130:N,2.7787721086216606,"CD--sym6[-1,0,1]/B:ILE121:CD1",0.6853225827217102,NH2--A:HOH24:O:3.20A,68.27961730957031,48.87939453125,53.74132537841797,19.400222778320312,539.5329360961914,49.25828552246094,1806.813232421875,True,False,False,False
probe4c1_kinematic_complex,A_ARG129,36,1.1506257057189941,0.7991090416908264,-126.54;124.85;93.47;-140.17,t/t/g+/p180,53.46;55.15;33.47;39.83,False,3.0432759293083964,CB--A:ILE130:N,2.7787721086216606,"CD--sym6[-1,0,1]/B:ILE121:CD1",0.6853225827217102,NH2--A:HOH24:O:3.20A,68.27961730957031,48.87939453125,53.74132537841797,19.400222778320312,539.5329360961914,49.25828552246094,1806.813232421875,True,False,False,False
probe4c1_kinematic_complex,A_ARG129,37,1.1506236791610718,0.7991107702255249,-126.54;124.85;93.47;-140.17,t/t/g+/p180,53.46;55.15;33.47;39.83,False,3.0432759293083964,CB--A:ILE130:N,2.7787721086216606,"CD--sym6[-1,0,1]/B:ILE121:CD1",0.6853240132331848,NH2--A:HOH24:O:3.20A,68.27961730957031,48.87939453125,53.74132537841797,19.400222778320312,539.5329360961914,49.25828552246094,1806.813232421875,True,False,False,False
probe4c1_kinematic_complex,A_ARG129,38,1.1506257057189941,0.7991090416908264,-126.54;124.85;93.47;-140.17,t/t/g+/p180,53.46;55.15;33.47;39.83,False,3.0432759293083964,CB--A:ILE130:N,2.7787721086216606,"CD--sym6[-1,0,1]/B:ILE121:CD1",0.6853225827217102,NH2--A:HOH24:O:3.20A,68.27961730957031,48.87939453125,53.74132537841797,19.400222778320312,539.5329360961914,49.25828552246094,1806.813232421875,True,False,False,False
probe4c1_kinematic_complex,A_ARG129,39,1.1506257057189941,0.7991090416908264,-126.54;124.85;93.47;-140.17,t/t/g+/p180,53.46;55.15;33.47;39.83,False,3.0432759293083964,CB--A:ILE130:N,2.7787721086216606,"CD--sym6[-1,0,1]/B:ILE121:CD1",0.6853225827217102,NH2--A:HOH24:O:3.20A,68.27961730957031,48.87939453125,53.74132537841797,19.400222778320312,539.5329360961914,49.25828552246094,1806.813232421875,True,False,False,False
probe4c1_kinematic_complex,A_ARG129,40,1.1506257057189941,0.7991090416908264,-126.54;124.85;93.47;-140.17,t/t/g+/p180,53.46;55.15;33.47;39.83,False,3.0432759293083964,CB--A:ILE130:N,2.7787721086216606,"CD--sym6[-1,0,1]/B:ILE121:CD1",0.6853225827217102,NH2--A:HOH24:O:3.20A,68.27961730957031,48.87939453125,53.74132537841797,19.400222778320312,539.5329360961914,49.25828552246094,1806.813232421875,True,False,False,False
probe4c1_kinematic_complex,A_ARG129,41,1.1506259441375732,0.7991091012954712,-126.54;124.85;93.47;-140.17,t/t/g+/p180,53.46;55.15;33.47;39.83,False,3.0432759293083964,CB--A:ILE130:N,2.7787721086216606,"CD--sym6[-1,0,1]/B:ILE121:CD1",0.6853228211402893,NH2--A:HOH24:O:3.20A,68.27961730957031,48.87939453125,53.74132537841797,19.400222778320312,539.5329360961914,49.25828552246094,1806.813232421875,True,False,False,False
probe4c1_kinematic_complex,A_ARG129,42,1.1506258249282837,0.7991089820861816,-126.54;124.85;93.47;-140.17,t/t/g+/p180,53.46;55.15;33.47;39.83,False,3.0432759293083964,CB--A:ILE130:N,2.7787726067047487,"CD--sym6[-1,0,1]/B:ILE121:CD1",0.6853235960006714,NH2--A:HOH24:O:3.20A,68.27961730957031,48.87939453125,53.74132537841797,19.400222778320312,539.5329360961914,49.25828552246094,1806.813232421875,True,False,False,False
probe4c1_kinematic_complex,A_ARG129,43,1.1506259441375732,0.7991091012954712,-126.54;124.85;93.47;-140.17,t/t/g+/p180,53.46;55.15;33.47;39.83,False,3.0432759293083964,CB--A:ILE130:N,2.7787721086216606,"CD--sym6[-1,0,1]/B:ILE121:CD1",0.6853228211402893,NH2--A:HOH24:O:3.20A,68.27961730957031,48.87939453125,53.74132537841797,19.400222778320312,539.5329360961914,49.25828552246094,1806.813232421875,True,False,False,False
probe4c1_kinematic_complex,A_ARG129,44,1.1506257057189941,0.7991090416908264,-126.54;124.85;93.47;-140.17,t/t/g+/p180,53.46;55.15;33.47;39.83,False,3.0432759293083964,CB--A:ILE130:N,2.7787721086216606,"CD--sym6[-1,0,1]/B:ILE121:CD1",0.6853225827217102,NH2--A:HOH24:O:3.20A,68.27961730957031,48.87939453125,53.74132537841797,19.400222778320312,539.5329360961914,49.25828552246094,1806.813232421875,True,False,False,False
probe4c1_kinematic_complex,A_ARG129,45,1.1506259441375732,0.7991091012954712,-126.54;124.85;93.47;-140.17,t/t/g+/p180,53.46;55.15;33.47;39.83,False,3.0432759293083964,CB--A:ILE130:N,2.7787721086216606,"CD--sym6[-1,0,1]/B:ILE121:CD1",0.6853228211402893,NH2--A:HOH24:O:3.20A,68.27961730957031,48.87939453125,53.74132537841797,19.400222778320312,539.5329360961914,49.25828552246094,1806.813232421875,True,False,False,False
probe4c1_kinematic_complex,A_ARG129,46,1.1506259441375732,0.7991091012954712,-126.54;124.85;93.47;-140.17,t/t/g+/p180,53.46;55.15;33.47;39.83,False,3.0432759293083964,CB--A:ILE130:N,2.7787721086216606,"CD--sym6[-1,0,1]/B:ILE121:CD1",0.6853228211402893,NH2--A:HOH24:O:3.20A,68.27961730957031,48.87939453125,53.74132537841797,19.400222778320312,539.5329360961914,49.25828552246094,1806.813232421875,True,False,False,False
probe4c1_kinematic_complex,A_ARG129,47,1.1506258249282837,0.7991089820861816,-126.54;124.85;93.47;-140.17,t/t/g+/p180,53.46;55.15;33.47;39.83,False,3.0432759293083964,CB--A:ILE130:N,2.7787726067047487,"CD--sym6[-1,0,1]/B:ILE121:CD1",0.6853235960006714,NH2--A:HOH24:O:3.20A,68.27961730957031,48.87939453125,53.74132537841797,19.400222778320312,539.5329360961914,49.25828552246094,1806.813232421875,True,False,False,False
probe4c1_kinematic_complex,A_ARG129,48,1.1506258249282837,0.7991089820861816,-126.54;124.85;93.47;-140.17,t/t/g+/p180,53.46;55.15;33.47;39.83,False,3.0432759293083964,CB--A:ILE130:N,2.7787726067047487,"CD--sym6[-1,0,1]/B:ILE121:CD1",0.6853235960006714,NH2--A:HOH24:O:3.20A,68.27961730957031,48.87939453125,53.74132537841797,19.400222778320312,539.5329360961914,49.25828552246094,1806.813232421875,True,False,False,False
probe4c1_kinematic_complex,A_ARG129,49,1.1506258249282837,0.7991089820861816,-126.54;124.85;93.47;-140.17,t/t/g+/p180,53.46;55.15;33.47;39.83,False,3.0432759293083964,CB--A:ILE130:N,2.7787726067047487,"CD--sym6[-1,0,1]/B:ILE121:CD1",0.6853235960006714,NH2--A:HOH24:O:3.20A,68.27961730957031,48.87939453125,53.74132537841797,19.400222778320312,539.5329360961914,49.25828552246094,1806.813232421875,True,False,False,False
probe4c2_A_soft_synthetic,A_ARG129,0,0.8941973447799683,1.0615593194961548,-68.94;149.85;69.61;173.91,g-/t/g+/p180,8.94;30.15;9.61;6.09,False,2.984888300427056,NH2--B:TYR131:CE2,3.3964443931214703,"CG--sym6[-1,0,1]/B:ILE121:CD1",0.3384121358394623,NH1--A:HOH24:O:3.05A,51.61632537841797,48.87939453125,53.74132537841797,2.7369308471679688,539.5329360961914,49.25828552246094,1806.813232421875,True,False,False,False
probe4c2_A_soft_synthetic,A_ARG129,1,0.8941973447799683,1.0615593194961548,-68.94;149.85;69.61;173.91,g-/t/g+/p180,8.94;30.15;9.61;6.09,False,2.984888300427056,NH2--B:TYR131:CE2,3.3964443931214703,"CG--sym6[-1,0,1]/B:ILE121:CD1",0.3384121358394623,NH1--A:HOH24:O:3.05A,51.61632537841797,48.87939453125,53.74132537841797,2.7369308471679688,539.5329360961914,49.25828552246094,1806.813232421875,True,False,False,False
probe4c2_A_soft_synthetic,A_ARG129,2,0.8941973447799683,1.0615593194961548,-68.94;149.85;69.61;173.91,g-/t/g+/p180,8.94;30.15;9.61;6.09,False,2.984888300427056,NH2--B:TYR131:CE2,3.3964443931214703,"CG--sym6[-1,0,1]/B:ILE121:CD1",0.3384121358394623,NH1--A:HOH24:O:3.05A,51.61632537841797,48.87939453125,53.74132537841797,2.7369308471679688,539.5329360961914,49.25828552246094,1806.813232421875,True,False,False,False
probe4c2_A_soft_synthetic,A_ARG129,3,0.8941973447799683,1.0615593194961548,-68.94;149.85;69.61;173.91,g-/t/g+/p180,8.94;30.15;9.61;6.09,False,2.984888300427056,NH2--B:TYR131:CE2,3.3964443931214703,"CG--sym6[-1,0,1]/B:ILE121:CD1",0.3384121358394623,NH1--A:HOH24:O:3.05A,51.61632537841797,48.87939453125,53.74132537841797,2.7369308471679688,539.5329360961914,49.25828552246094,1806.813232421875,True,False,False,False
probe4c2_A_soft_synthetic,A_ARG129,4,0.8941973447799683,1.0615593194961548,-68.94;149.85;69.61;173.91,g-/t/g+/p180,8.94;30.15;9.61;6.09,False,2.984888300427056,NH2--B:TYR131:CE2,3.3964443931214703,"CG--sym6[-1,0,1]/B:ILE121:CD1",0.3384121358394623,NH1--A:HOH24:O:3.05A,51.61632537841797,48.87939453125,53.74132537841797,2.7369308471679688,539.5329360961914,49.25828552246094,1806.813232421875,True,False,False,False
probe4c2_A_soft_synthetic,A_ARG129,5,0.8941973447799683,1.0615593194961548,-68.94;149.85;69.61;173.91,g-/t/g+/p180,8.94;30.15;9.61;6.09,False,2.984888300427056,NH2--B:TYR131:CE2,3.3964443931214703,"CG--sym6[-1,0,1]/B:ILE121:CD1",0.3384121358394623,NH1--A:HOH24:O:3.05A,51.61632537841797,48.87939453125,53.74132537841797,2.7369308471679688,539.5329360961914,49.25828552246094,1806.813232421875,True,False,False,False
probe4c2_A_soft_synthetic,A_ARG129,6,0.8941973447799683,1.0615593194961548,-68.94;149.85;69.61;173.91,g-/t/g+/p180,8.94;30.15;9.61;6.09,False,2.984888300427056,NH2--B:TYR131:CE2,3.3964443931214703,"CG--sym6[-1,0,1]/B:ILE121:CD1",0.3384121358394623,NH1--A:HOH24:O:3.05A,51.61632537841797,48.87939453125,53.74132537841797,2.7369308471679688,539.5329360961914,49.25828552246094,1806.813232421875,True,False,False,False
probe4c2_A_soft_synthetic,A_ARG129,7,0.8941973447799683,1.0615593194961548,-68.94;149.85;69.61;173.91,g-/t/g+/p180,8.94;30.15;9.61;6.09,False,2.984888300427056,NH2--B:TYR131:CE2,3.3964443931214703,"CG--sym6[-1,0,1]/B:ILE121:CD1",0.3384116590023041,NH1--A:HOH24:O:3.05A,51.61632537841797,48.87939453125,53.74132537841797,2.7369308471679688,539.5329360961914,49.25828552246094,1806.813232421875,True,False,False,False
probe4c2_A_soft_synthetic,A_ARG129,8,0.8941973447799683,1.0615593194961548,-68.94;149.85;69.61;173.91,g-/t/g+/p180,8.94;30.15;9.61;6.09,False,2.984888300427056,NH2--B:TYR131:CE2,3.3964443931214703,"CG--sym6[-1,0,1]/B:ILE121:CD1",0.3384121358394623,NH1--A:HOH24:O:3.05A,51.61632537841797,48.87939453125,53.74132537841797,2.7369308471679688,539.5329360961914,49.25828552246094,1806.813232421875,True,False,False,False
probe4c2_A_soft_synthetic,A_ARG129,9,0.8941973447799683,1.0615593194961548,-68.94;149.85;69.61;173.91,g-/t/g+/p180,8.94;30.15;9.61;6.09,False,2.984888300427056,NH2--B:TYR131:CE2,3.3964443931214703,"CG--sym6[-1,0,1]/B:ILE121:CD1",0.3384121358394623,NH1--A:HOH24:O:3.05A,51.61632537841797,48.87939453125,53.74132537841797,2.7369308471679688,539.5329360961914,49.25828552246094,1806.813232421875,True,False,False,False
probe4c2_A_soft_synthetic,A_ARG129,10,0.8941973447799683,1.0615593194961548,-68.94;149.85;69.61;173.91,g-/t/g+/p180,8.94;30.15;9.61;6.09,False,2.984888300427056,NH2--B:TYR131:CE2,3.3964443931214703,"CG--sym6[-1,0,1]/B:ILE121:CD1",0.3384121358394623,NH1--A:HOH24:O:3.05A,51.61632537841797,48.87939453125,53.74132537841797,2.7369308471679688,539.5329360961914,49.25828552246094,1806.813232421875,True,False,False,False
probe4c2_A_soft_synthetic,A_ARG129,11,0.8941973447799683,1.0615593194961548,-68.94;149.85;69.61;173.91,g-/t/g+/p180,8.94;30.15;9.61;6.09,False,2.984888300427056,NH2--B:TYR131:CE2,3.3964443931214703,"CG--sym6[-1,0,1]/B:ILE121:CD1",0.3384121358394623,NH1--A:HOH24:O:3.05A,51.61632537841797,48.87939453125,53.74132537841797,2.7369308471679688,539.5329360961914,49.25828552246094,1806.813232421875,True,False,False,False
probe4c2_A_soft_synthetic,A_ARG129,12,0.8941973447799683,1.0615593194961548,-68.94;149.85;69.61;173.91,g-/t/g+/p180,8.94;30.15;9.61;6.09,False,2.984888300427056,NH2--B:TYR131:CE2,3.3964443931214703,"CG--sym6[-1,0,1]/B:ILE121:CD1",0.3384121358394623,NH1--A:HOH24:O:3.05A,51.61632537841797,48.87939453125,53.74132537841797,2.7369308471679688,539.5329360961914,49.25828552246094,1806.813232421875,True,False,False,False
probe4c2_A_soft_synthetic,A_ARG129,13,0.8941973447799683,1.0615593194961548,-68.94;149.85;69.61;173.91,g-/t/g+/p180,8.94;30.15;9.61;6.09,False,2.984888300427056,NH2--B:TYR131:CE2,3.3964443931214703,"CG--sym6[-1,0,1]/B:ILE121:CD1",0.3384121358394623,NH1--A:HOH24:O:3.05A,51.61632537841797,48.87939453125,53.74132537841797,2.7369308471679688,539.5329360961914,49.25828552246094,1806.813232421875,True,False,False,False
probe4c2_A_soft_synthetic,A_ARG129,14,0.8941973447799683,1.0615593194961548,-68.94;149.85;69.61;173.91,g-/t/g+/p180,8.94;30.15;9.61;6.09,False,2.984888300427056,NH2--B:TYR131:CE2,3.3964443931214703,"CG--sym6[-1,0,1]/B:ILE121:CD1",0.3384121358394623,NH1--A:HOH24:O:3.05A,51.61632537841797,48.87939453125,53.74132537841797,2.7369308471679688,539.5329360961914,49.25828552246094,1806.813232421875,True,False,False,False
probe4c2_A_soft_synthetic,A_ARG129,15,0.8941973447799683,1.0615593194961548,-68.94;149.85;69.61;173.91,g-/t/g+/p180,8.94;30.15;9.61;6.09,False,2.984888300427056,NH2--B:TYR131:CE2,3.3964443931214703,"CG--sym6[-1,0,1]/B:ILE121:CD1",0.3384121358394623,NH1--A:HOH24:O:3.05A,51.61632537841797,48.87939453125,53.74132537841797,2.7369308471679688,539.5329360961914,49.25828552246094,1806.813232421875,True,False,False,False
probe4c2_A_soft_synthetic,A_ARG129,16,0.8941973447799683,1.0615593194961548,-68.94;149.85;69.61;173.91,g-/t/g+/p180,8.94;30.15;9.61;6.09,False,2.984888300427056,NH2--B:TYR131:CE2,3.3964443931214703,"CG--sym6[-1,0,1]/B:ILE121:CD1",0.3384121358394623,NH1--A:HOH24:O:3.05A,51.61632537841797,48.87939453125,53.74132537841797,2.7369308471679688,539.5329360961914,49.25828552246094,1806.813232421875,True,False,False,False
probe4c2_A_soft_synthetic,A_ARG129,17,0.8941973447799683,1.0615593194961548,-68.94;149.85;69.61;173.91,g-/t/g+/p180,8.94;30.15;9.61;6.09,False,2.984888300427056,NH2--B:TYR131:CE2,3.3964443931214703,"CG--sym6[-1,0,1]/B:ILE121:CD1",0.3384121358394623,NH1--A:HOH24:O:3.05A,51.61632537841797,48.87939453125,53.74132537841797,2.7369308471679688,539.5329360961914,49.25828552246094,1806.813232421875,True,False,False,False
probe4c2_A_soft_synthetic,A_ARG129,18,0.8941973447799683,1.0615593194961548,-68.94;149.85;69.61;173.91,g-/t/g+/p180,8.94;30.15;9.61;6.09,False,2.984888300427056,NH2--B:TYR131:CE2,3.3964443931214703,"CG--sym6[-1,0,1]/B:ILE121:CD1",0.3384121358394623,NH1--A:HOH24:O:3.05A,51.61632537841797,48.87939453125,53.74132537841797,2.7369308471679688,539.5329360961914,49.25828552246094,1806.813232421875,True,False,False,False
probe4c2_A_soft_synthetic,A_ARG129,19,0.8941973447799683,1.0615593194961548,-68.94;149.85;69.61;173.91,g-/t/g+/p180,8.94;30.15;9.61;6.09,False,2.984888300427056,NH2--B:TYR131:CE2,3.3964443931214703,"CG--sym6[-1,0,1]/B:ILE121:CD1",0.3384121358394623,NH1--A:HOH24:O:3.05A,51.61632537841797,48.87939453125,53.74132537841797,2.7369308471679688,539.5329360961914,49.25828552246094,1806.813232421875,True,False,False,False
probe4c2_A_soft_synthetic,A_ARG129,20,0.8941973447799683,1.0615593194961548,-68.94;149.85;69.61;173.91,g-/t/g+/p-180,8.94;30.15;9.61;6.09,False,2.984888300427056,NH2--B:TYR131:CE2,3.3964443931214703,"CG--sym6[-1,0,1]/B:ILE121:CD1",0.3384121358394623,NH1--A:HOH24:O:3.05A,51.61632537841797,48.87939453125,53.74132537841797,2.7369308471679688,539.5329360961914,49.25828552246094,1806.813232421875,True,False,False,False
probe4c2_A_soft_synthetic,A_ARG129,21,0.8941973447799683,1.0615593194961548,-68.94;149.85;69.61;173.91,g-/t/g+/p180,8.94;30.15;9.61;6.09,False,2.984888300427056,NH2--B:TYR131:CE2,3.3964443931214703,"CG--sym6[-1,0,1]/B:ILE121:CD1",0.3384121358394623,NH1--A:HOH24:O:3.05A,51.61632537841797,48.87939453125,53.74132537841797,2.7369308471679688,539.5329360961914,49.25828552246094,1806.813232421875,True,False,False,False
probe4c2_A_soft_synthetic,A_ARG129,22,0.8941973447799683,1.0615593194961548,-68.94;149.85;69.61;173.91,g-/t/g+/p180,8.94;30.15;9.61;6.09,False,2.984888300427056,NH2--B:TYR131:CE2,3.3964443931214703,"CG--sym6[-1,0,1]/B:ILE121:CD1",0.3384121358394623,NH1--A:HOH24:O:3.05A,51.61632537841797,48.87939453125,53.74132537841797,2.7369308471679688,539.5329360961914,49.25828552246094,1806.813232421875,True,False,False,False
probe4c2_A_soft_synthetic,A_ARG129,23,0.8941973447799683,1.0615593194961548,-68.94;149.85;69.61;173.91,g-/t/g+/p180,8.94;30.15;9.61;6.09,False,2.984888300427056,NH2--B:TYR131:CE2,3.3964443931214703,"CG--sym6[-1,0,1]/B:ILE121:CD1",0.3384121358394623,NH1--A:HOH24:O:3.05A,51.61632537841797,48.87939453125,53.74132537841797,2.7369308471679688,539.5329360961914,49.25828552246094,1806.813232421875,True,False,False,False
probe4c2_A_soft_synthetic,A_ARG129,24,0.8941973447799683,1.0615593194961548,-68.94;149.85;69.61;173.91,g-/t/g+/p180,8.94;30.15;9.61;6.09,False,2.984888300427056,NH2--B:TYR131:CE2,3.3964443931214703,"CG--sym6[-1,0,1]/B:ILE121:CD1",0.3384121358394623,NH1--A:HOH24:O:3.05A,51.61632537841797,48.87939453125,53.74132537841797,2.7369308471679688,539.5329360961914,49.25828552246094,1806.813232421875,True,False,False,False
probe4c2_A_soft_synthetic,A_ARG129,25,0.8941973447799683,1.0615593194961548,-68.94;149.85;69.61;173.91,g-/t/g+/p180,8.94;30.15;9.61;6.09,False,2.984888300427056,NH2--B:TYR131:CE2,3.3964443931214703,"CG--sym6[-1,0,1]/B:ILE121:CD1",0.3384121358394623,NH1--A:HOH24:O:3.05A,51.61632537841797,48.87939453125,53.74132537841797,2.7369308471679688,539.5329360961914,49.25828552246094,1806.813232421875,True,False,False,False
probe4c2_A_soft_synthetic,A_ARG129,26,0.8941973447799683,1.0615593194961548,-68.94;149.85;69.61;173.91,g-/t/g+/p180,8.94;30.15;9.61;6.09,False,2.984888300427056,NH2--B:TYR131:CE2,3.3964443931214703,"CG--sym6[-1,0,1]/B:ILE121:CD1",0.3384121358394623,NH1--A:HOH24:O:3.05A,51.61632537841797,48.87939453125,53.74132537841797,2.7369308471679688,539.5329360961914,49.25828552246094,1806.813232421875,True,False,False,False
probe4c2_A_soft_synthetic,A_ARG129,27,0.8941973447799683,1.0615593194961548,-68.94;149.85;69.61;173.91,g-/t/g+/p180,8.94;30.15;9.61;6.09,False,2.984888300427056,NH2--B:TYR131:CE2,3.3964443931214703,"CG--sym6[-1,0,1]/B:ILE121:CD1",0.3384121358394623,NH1--A:HOH24:O:3.05A,51.61632537841797,48.87939453125,53.74132537841797,2.7369308471679688,539.5329360961914,49.25828552246094,1806.813232421875,True,False,False,False
probe4c2_A_soft_synthetic,A_ARG129,28,0.8941973447799683,1.0615593194961548,-68.94;149.85;69.61;173.91,g-/t/g+/p180,8.94;30.15;9.61;6.09,False,2.984888300427056,NH2--B:TYR131:CE2,3.3964443931214703,"CG--sym6[-1,0,1]/B:ILE121:CD1",0.3384121358394623,NH1--A:HOH24:O:3.05A,51.61632537841797,48.87939453125,53.74132537841797,2.7369308471679688,539.5329360961914,49.25828552246094,1806.813232421875,True,False,False,False
probe4c2_A_soft_synthetic,A_ARG129,29,0.8941973447799683,1.0615593194961548,-68.94;149.85;69.61;173.91,g-/t/g+/p180,8.94;30.15;9.61;6.09,False,2.984888300427056,NH2--B:TYR131:CE2,3.3964443931214703,"CG--sym6[-1,0,1]/B:ILE121:CD1",0.3384121358394623,NH1--A:HOH24:O:3.05A,51.61632537841797,48.87939453125,53.74132537841797,2.7369308471679688,539.5329360961914,49.25828552246094,1806.813232421875,True,False,False,False
probe4c2_A_soft_synthetic,A_ARG129,30,0.8941973447799683,1.0615593194961548,-68.94;149.85;69.61;173.91,g-/t/g+/p180,8.94;30.15;9.61;6.09,False,2.984888300427056,NH2--B:TYR131:CE2,3.3964443931214703,"CG--sym6[-1,0,1]/B:ILE121:CD1",0.3384121358394623,NH1--A:HOH24:O:3.05A,51.61632537841797,48.87939453125,53.74132537841797,2.7369308471679688,539.5329360961914,49.25828552246094,1806.813232421875,True,False,False,False
probe4c2_A_soft_synthetic,A_ARG129,31,0.8941973447799683,1.0615593194961548,-68.94;149.85;69.61;173.91,g-/t/g+/p180,8.94;30.15;9.61;6.09,False,2.984888300427056,NH2--B:TYR131:CE2,3.3964443931214703,"CG--sym6[-1,0,1]/B:ILE121:CD1",0.3384121358394623,NH1--A:HOH24:O:3.05A,51.61632537841797,48.87939453125,53.74132537841797,2.7369308471679688,539.5329360961914,49.25828552246094,1806.813232421875,True,False,False,False
probe4c2_A_soft_synthetic,A_ARG129,32,0.8941973447799683,1.0615593194961548,-68.94;149.85;69.61;173.91,g-/t/g+/p180,8.94;30.15;9.61;6.09,False,2.984888300427056,NH2--B:TYR131:CE2,3.3964443931214703,"CG--sym6[-1,0,1]/B:ILE121:CD1",0.3384121358394623,NH1--A:HOH24:O:3.05A,51.61632537841797,48.87939453125,53.74132537841797,2.7369308471679688,539.5329360961914,49.25828552246094,1806.813232421875,True,False,False,False
probe4c2_A_soft_synthetic,A_ARG129,33,0.8941973447799683,1.0615593194961548,-68.94;149.85;69.61;173.91,g-/t/g+/p180,8.94;30.15;9.61;6.09,False,2.984888300427056,NH2--B:TYR131:CE2,3.3964443931214703,"CG--sym6[-1,0,1]/B:ILE121:CD1",0.3384121358394623,NH1--A:HOH24:O:3.05A,51.61632537841797,48.87939453125,53.74132537841797,2.7369308471679688,539.5329360961914,49.25828552246094,1806.813232421875,True,False,False,False
probe4c2_A_soft_synthetic,A_ARG129,34,0.8941973447799683,1.0615593194961548,-68.94;149.85;69.61;173.91,g-/t/g+/p180,8.94;30.15;9.61;6.09,False,2.984888300427056,NH2--B:TYR131:CE2,3.3964443931214703,"CG--sym6[-1,0,1]/B:ILE121:CD1",0.3384121358394623,NH1--A:HOH24:O:3.05A,51.61632537841797,48.87939453125,53.74132537841797,2.7369308471679688,539.5329360961914,49.25828552246094,1806.813232421875,True,False,False,False
probe4c2_A_soft_synthetic,A_ARG129,35,0.8941973447799683,1.0615593194961548,-68.94;149.85;69.61;173.91,g-/t/g+/p180,8.94;30.15;9.61;6.09,False,2.984888300427056,NH2--B:TYR131:CE2,3.3964443931214703,"CG--sym6[-1,0,1]/B:ILE121:CD1",0.3384121358394623,NH1--A:HOH24:O:3.05A,51.61632537841797,48.87939453125,53.74132537841797,2.7369308471679688,539.5329360961914,49.25828552246094,1806.813232421875,True,False,False,False
probe4c2_A_soft_synthetic,A_ARG129,36,0.8941973447799683,1.0615593194961548,-68.94;149.85;69.61;173.91,g-/t/g+/p180,8.94;30.15;9.61;6.09,False,2.984888300427056,NH2--B:TYR131:CE2,3.3964443931214703,"CG--sym6[-1,0,1]/B:ILE121:CD1",0.3384121358394623,NH1--A:HOH24:O:3.05A,51.61632537841797,48.87939453125,53.74132537841797,2.7369308471679688,539.5329360961914,49.25828552246094,1806.813232421875,True,False,False,False
probe4c2_A_soft_synthetic,A_ARG129,37,0.8941973447799683,1.0615593194961548,-68.94;149.85;69.61;173.91,g-/t/g+/p180,8.94;30.15;9.61;6.09,False,2.984888300427056,NH2--B:TYR131:CE2,3.3964443931214703,"CG--sym6[-1,0,1]/B:ILE121:CD1",0.3384121358394623,NH1--A:HOH24:O:3.05A,51.61632537841797,48.87939453125,53.74132537841797,2.7369308471679688,539.5329360961914,49.25828552246094,1806.813232421875,True,False,False,False
probe4c2_A_soft_synthetic,A_ARG129,38,0.8941973447799683,1.0615593194961548,-68.94;149.85;69.61;173.91,g-/t/g+/p180,8.94;30.15;9.61;6.09,False,2.984888300427056,NH2--B:TYR131:CE2,3.3964443931214703,"CG--sym6[-1,0,1]/B:ILE121:CD1",0.3384121358394623,NH1--A:HOH24:O:3.05A,51.61632537841797,48.87939453125,53.74132537841797,2.7369308471679688,539.5329360961914,49.25828552246094,1806.813232421875,True,False,False,False
probe4c2_A_soft_synthetic,A_ARG129,39,0.8941973447799683,1.0615593194961548,-68.94;149.85;69.61;173.91,g-/t/g+/p180,8.94;30.15;9.61;6.09,False,2.984888300427056,NH2--B:TYR131:CE2,3.3964443931214703,"CG--sym6[-1,0,1]/B:ILE121:CD1",0.3384121358394623,NH1--A:HOH24:O:3.05A,51.61632537841797,48.87939453125,53.74132537841797,2.7369308471679688,539.5329360961914,49.25828552246094,1806.813232421875,True,False,False,False
probe4c2_A_soft_synthetic,A_ARG129,40,0.8941973447799683,1.0615593194961548,-68.94;149.85;69.61;173.91,g-/t/g+/p180,8.94;30.15;9.61;6.09,False,2.984888300427056,NH2--B:TYR131:CE2,3.3964443931214703,"CG--sym6[-1,0,1]/B:ILE121:CD1",0.3384121358394623,NH1--A:HOH24:O:3.05A,51.61632537841797,48.87939453125,53.74132537841797,2.7369308471679688,539.5329360961914,49.25828552246094,1806.813232421875,True,False,False,False
probe4c2_A_soft_synthetic,A_ARG129,41,0.8941973447799683,1.0615593194961548,-68.94;149.85;69.61;173.91,g-/t/g+/p180,8.94;30.15;9.61;6.09,False,2.984888300427056,NH2--B:TYR131:CE2,3.3964443931214703,"CG--sym6[-1,0,1]/B:ILE121:CD1",0.3384121358394623,NH1--A:HOH24:O:3.05A,51.61632537841797,48.87939453125,53.74132537841797,2.7369308471679688,539.5329360961914,49.25828552246094,1806.813232421875,True,False,False,False
probe4c2_A_soft_synthetic,A_ARG129,42,0.8941973447799683,1.0615593194961548,-68.94;149.85;69.61;173.91,g-/t/g+/p180,8.94;30.15;9.61;6.09,False,2.984888300427056,NH2--B:TYR131:CE2,3.3964443931214703,"CG--sym6[-1,0,1]/B:ILE121:CD1",0.3384121358394623,NH1--A:HOH24:O:3.05A,51.61632537841797,48.87939453125,53.74132537841797,2.7369308471679688,539.5329360961914,49.25828552246094,1806.813232421875,True,False,False,False
probe4c2_A_soft_synthetic,A_ARG129,43,0.8941973447799683,1.0615593194961548,-68.94;149.85;69.61;173.91,g-/t/g+/p180,8.94;30.15;9.61;6.09,False,2.984888300427056,NH2--B:TYR131:CE2,3.3964443931214703,"CG--sym6[-1,0,1]/B:ILE121:CD1",0.3384121358394623,NH1--A:HOH24:O:3.05A,51.61632537841797,48.87939453125,53.74132537841797,2.7369308471679688,539.5329360961914,49.25828552246094,1806.813232421875,True,False,False,False
probe4c2_A_soft_synthetic,A_ARG129,44,0.8941973447799683,1.0615593194961548,-68.94;149.85;69.61;173.91,g-/t/g+/p180,8.94;30.15;9.61;6.09,False,2.984888300427056,NH2--B:TYR131:CE2,3.3964443931214703,"CG--sym6[-1,0,1]/B:ILE121:CD1",0.3384121358394623,NH1--A:HOH24:O:3.05A,51.61632537841797,48.87939453125,53.74132537841797,2.7369308471679688,539.5329360961914,49.25828552246094,1806.813232421875,True,False,False,False
probe4c2_A_soft_synthetic,A_ARG129,45,0.8941973447799683,1.0615593194961548,-68.94;149.85;69.61;173.91,g-/t/g+/p180,8.94;30.15;9.61;6.09,False,2.984888300427056,NH2--B:TYR131:CE2,3.3964443931214703,"CG--sym6[-1,0,1]/B:ILE121:CD1",0.3384121358394623,NH1--A:HOH24:O:3.05A,51.61632537841797,48.87939453125,53.74132537841797,2.7369308471679688,539.5329360961914,49.25828552246094,1806.813232421875,True,False,False,False
probe4c2_A_soft_synthetic,A_ARG129,46,0.8941973447799683,1.0615593194961548,-68.94;149.85;69.61;173.91,g-/t/g+/p180,8.94;30.15;9.61;6.09,False,2.984888300427056,NH2--B:TYR131:CE2,3.3964443931214703,"CG--sym6[-1,0,1]/B:ILE121:CD1",0.3384121358394623,NH1--A:HOH24:O:3.05A,51.61632537841797,48.87939453125,53.74132537841797,2.7369308471679688,539.5329360961914,49.25828552246094,1806.813232421875,True,False,False,False
probe4c2_A_soft_synthetic,A_ARG129,47,0.8941973447799683,1.0615593194961548,-68.94;149.85;69.61;173.91,g-/t/g+/p180,8.94;30.15;9.61;6.09,False,2.984888300427056,NH2--B:TYR131:CE2,3.3964443931214703,"CG--sym6[-1,0,1]/B:ILE121:CD1",0.3384121358394623,NH1--A:HOH24:O:3.05A,51.61632537841797,48.87939453125,53.74132537841797,2.7369308471679688,539.5329360961914,49.25828552246094,1806.813232421875,True,False,False,False
probe4c2_A_soft_synthetic,A_ARG129,48,0.8941973447799683,1.0615593194961548,-68.94;149.85;69.61;173.91,g-/t/g+/p180,8.94;30.15;9.61;6.09,False,2.984888300427056,NH2--B:TYR131:CE2,3.3964443931214703,"CG--sym6[-1,0,1]/B:ILE121:CD1",0.3384121358394623,NH1--A:HOH24:O:3.05A,51.61632537841797,48.87939453125,53.74132537841797,2.7369308471679688,539.5329360961914,49.25828552246094,1806.813232421875,True,False,False,False
probe4c2_A_soft_synthetic,A_ARG129,49,0.8941973447799683,1.0615593194961548,-68.94;149.85;69.61;173.91,g-/t/g+/p180,8.94;30.15;9.61;6.09,False,2.984888300427056,NH2--B:TYR131:CE2,3.3964443931214703,"CG--sym6[-1,0,1]/B:ILE121:CD1",0.3384121358394623,NH1--A:HOH24:O:3.05A,51.61632537841797,48.87939453125,53.74132537841797,2.7369308471679688,539.5329360961914,49.25828552246094,1806.813232421875,True,False,False,False
probe4c2_B_soft_localized,A_ARG129,0,1.1365705728530884,0.9034925103187561,-80.72;136.01;83.12;168.74,g-/t/g+/p180,20.72;43.99;23.12;11.26,False,2.9400129780517847,CD--A:GLU125:O,3.310341187809129,"CG--sym6[-1,0,1]/B:ILE121:CD1",0.6252290606498718,NH1--A:HOH25:O:3.24A;NH1--A:HOH5:O:3.12A;NH2--A:HOH24:O:3.03A,52.56689453125,48.87939453125,53.74132537841797,3.6875,539.5329360961914,49.25828552246094,1806.813232421875,True,False,False,False
probe4c2_B_soft_localized,A_ARG129,1,1.136570692062378,0.9034925103187561,-80.72;136.01;83.12;168.74,g-/t/g+/p-180,20.72;43.99;23.12;11.26,False,2.9400129780517847,CD--A:GLU125:O,3.310341187809129,"CG--sym6[-1,0,1]/B:ILE121:CD1",0.625228226184845,NH1--A:HOH25:O:3.24A;NH1--A:HOH5:O:3.12A;NH2--A:HOH24:O:3.03A,52.56689453125,48.87939453125,53.74132537841797,3.6875,539.5329360961914,49.25828552246094,1806.813232421875,True,False,False,False
probe4c2_B_soft_localized,A_ARG129,2,1.1365702152252197,0.9034925103187561,-80.72;136.01;83.12;168.74,g-/t/g+/p180,20.72;43.99;23.12;11.26,False,2.9400129780517847,CD--A:GLU125:O,3.310341187809129,"CG--sym6[-1,0,1]/B:ILE121:CD1",0.6252285838127136,NH1--A:HOH25:O:3.24A;NH1--A:HOH5:O:3.12A;NH2--A:HOH24:O:3.03A,52.56689453125,48.87939453125,53.74132537841797,3.6875,539.5329360961914,49.25828552246094,1806.813232421875,True,False,False,False
probe4c2_B_soft_localized,A_ARG129,3,1.1365699768066406,0.9034923315048218,-80.72;136.01;83.12;168.74,g-/t/g+/p-180,20.72;43.99;23.12;11.26,False,2.9400129780517847,CD--A:GLU125:O,3.310341187809129,"CG--sym6[-1,0,1]/B:ILE121:CD1",0.6252294182777405,NH1--A:HOH25:O:3.24A;NH1--A:HOH5:O:3.12A;NH2--A:HOH24:O:3.03A,52.56689453125,48.87939453125,53.74132537841797,3.6875,539.5329360961914,49.25828552246094,1806.813232421875,True,False,False,False
probe4c2_B_soft_localized,A_ARG129,4,1.1365699768066406,0.9034923315048218,-80.72;136.01;83.12;168.74,g-/t/g+/p180,20.72;43.99;23.12;11.26,False,2.9400129780517847,CD--A:GLU125:O,3.310341187809129,"CG--sym6[-1,0,1]/B:ILE121:CD1",0.62522953748703,NH1--A:HOH25:O:3.24A;NH1--A:HOH5:O:3.12A;NH2--A:HOH24:O:3.03A,52.56689453125,48.87939453125,53.74132537841797,3.6875,539.5329360961914,49.25828552246094,1806.813232421875,True,False,False,False
probe4c2_B_soft_localized,A_ARG129,5,1.1365702152252197,0.9034925103187561,-80.72;136.01;83.12;168.74,g-/t/g+/p180,20.72;43.99;23.12;11.26,False,2.9400129780517847,CD--A:GLU125:O,3.310341187809129,"CG--sym6[-1,0,1]/B:ILE121:CD1",0.625228226184845,NH1--A:HOH25:O:3.24A;NH1--A:HOH5:O:3.12A;NH2--A:HOH24:O:3.03A,52.56689453125,48.87939453125,53.74132537841797,3.6875,539.5329360961914,49.25828552246094,1806.813232421875,True,False,False,False
probe4c2_B_soft_localized,A_ARG129,6,1.1365717649459839,0.9034898281097412,-80.72;136.01;83.12;168.74,g-/t/g+/p-180,20.72;43.99;23.12;11.26,False,2.940013347216489,CD--A:GLU125:O,3.310341915001647,"CG--sym6[-1,0,1]/B:ILE121:CD1",0.6252282857894897,NH1--A:HOH25:O:3.24A;NH1--A:HOH5:O:3.12A;NH2--A:HOH24:O:3.03A,52.56689453125,48.87939453125,53.74132537841797,3.6875,539.5329360961914,49.25828552246094,1806.813232421875,True,False,False,False
probe4c2_B_soft_localized,A_ARG129,7,1.1365712881088257,0.9034895300865173,-80.72;136.01;83.12;168.74,g-/t/g+/p-180,20.72;43.99;23.12;11.26,False,2.940013347216489,CD--A:GLU125:O,3.310341915001647,"CG--sym6[-1,0,1]/B:ILE121:CD1",0.6252285838127136,NH1--A:HOH25:O:3.24A;NH1--A:HOH5:O:3.12A;NH2--A:HOH24:O:3.03A,52.56689453125,48.87939453125,53.74132537841797,3.6875,539.5329360961914,49.25828552246094,1806.813232421875,True,False,False,False
probe4c2_B_soft_localized,A_ARG129,8,1.1365717649459839,0.9034898281097412,-80.72;136.01;83.12;168.74,g-/t/g+/p-180,20.72;43.99;23.12;11.26,False,2.940013347216489,CD--A:GLU125:O,3.310341915001647,"CG--sym6[-1,0,1]/B:ILE121:CD1",0.6252282857894897,NH1--A:HOH25:O:3.24A;NH1--A:HOH5:O:3.12A;NH2--A:HOH24:O:3.03A,52.56689453125,48.87939453125,53.74132537841797,3.6875,539.5329360961914,49.25828552246094,1806.813232421875,True,False,False,False
probe4c2_B_soft_localized,A_ARG129,9,1.1365712881088257,0.9034895896911621,-80.72;136.01;83.12;168.74,g-/t/g+/p-180,20.72;43.99;23.12;11.26,False,2.940013347216489,CD--A:GLU125:O,3.310341915001647,"CG--sym6[-1,0,1]/B:ILE121:CD1",0.6252285838127136,NH1--A:HOH25:O:3.24A;NH1--A:HOH5:O:3.12A;NH2--A:HOH24:O:3.03A,52.56689453125,48.87939453125,53.74132537841797,3.6875,539.5329360961914,49.25828552246094,1806.813232421875,True,False,False,False
probe4c2_B_soft_localized,A_ARG129,10,1.1365717649459839,0.9034897685050964,-80.72;136.01;83.12;168.74,g-/t/g+/p-180,20.72;43.99;23.12;11.26,False,2.940013347216489,CD--A:GLU125:O,3.310341915001647,"CG--sym6[-1,0,1]/B:ILE121:CD1",0.6252288222312927,NH1--A:HOH25:O:3.24A;NH1--A:HOH5:O:3.12A;NH2--A:HOH24:O:3.03A,52.56689453125,48.87939453125,53.74132537841797,3.6875,539.5329360961914,49.25828552246094,1806.813232421875,True,False,False,False
probe4c2_B_soft_localized,A_ARG129,11,1.1365712881088257,0.9034895896911621,-80.72;136.01;83.12;168.74,g-/t/g+/p-180,20.72;43.99;23.12;11.26,False,2.940013347216489,CD--A:GLU125:O,3.310341915001647,"CG--sym6[-1,0,1]/B:ILE121:CD1",0.625228762626648,NH1--A:HOH25:O:3.24A;NH1--A:HOH5:O:3.12A;NH2--A:HOH24:O:3.03A,52.56689453125,48.87939453125,53.74132537841797,3.6875,539.5329360961914,49.25828552246094,1806.813232421875,True,False,False,False
probe4c2_B_soft_localized,A_ARG129,12,1.1365702152252197,0.9034925103187561,-80.72;136.01;83.12;168.74,g-/t/g+/p180,20.72;43.99;23.12;11.26,False,2.9400129780517847,CD--A:GLU125:O,3.310341187809129,"CG--sym6[-1,0,1]/B:ILE121:CD1",0.625228226184845,NH1--A:HOH25:O:3.24A;NH1--A:HOH5:O:3.12A;NH2--A:HOH24:O:3.03A,52.56689453125,48.87939453125,53.74132537841797,3.6875,539.5329360961914,49.25828552246094,1806.813232421875,True,False,False,False
probe4c2_B_soft_localized,A_ARG129,13,1.1365704536437988,0.9034925699234009,-80.72;136.01;83.12;168.74,g-/t/g+/p180,20.72;43.99;23.12;11.26,False,2.9400129780517847,CD--A:GLU125:O,3.310341187809129,"CG--sym6[-1,0,1]/B:ILE121:CD1",0.6252285242080688,NH1--A:HOH25:O:3.24A;NH1--A:HOH5:O:3.12A;NH2--A:HOH24:O:3.03A,52.56689453125,48.87939453125,53.74132537841797,3.6875,539.5329360961914,49.25828552246094,1806.813232421875,True,False,False,False
probe4c2_B_soft_localized,A_ARG129,14,1.1365712881088257,0.9034895896911621,-80.72;136.01;83.12;168.74,g-/t/g+/p-180,20.72;43.99;23.12;11.26,False,2.940013347216489,CD--A:GLU125:O,3.310341915001647,"CG--sym6[-1,0,1]/B:ILE121:CD1",0.625228762626648,NH1--A:HOH25:O:3.24A;NH1--A:HOH5:O:3.12A;NH2--A:HOH24:O:3.03A,52.56689453125,48.87939453125,53.74132537841797,3.6875,539.5329360961914,49.25828552246094,1806.813232421875,True,False,False,False
probe4c2_B_soft_localized,A_ARG129,15,1.1365712881088257,0.9034895896911621,-80.72;136.01;83.12;168.74,g-/t/g+/p-180,20.72;43.99;23.12;11.26,False,2.940013347216489,CD--A:GLU125:O,3.310341915001647,"CG--sym6[-1,0,1]/B:ILE121:CD1",0.6252285838127136,NH1--A:HOH25:O:3.24A;NH1--A:HOH5:O:3.12A;NH2--A:HOH24:O:3.03A,52.56689453125,48.87939453125,53.74132537841797,3.6875,539.5329360961914,49.25828552246094,1806.813232421875,True,False,False,False
probe4c2_B_soft_localized,A_ARG129,16,1.1365699768066406,0.9034923315048218,-80.72;136.01;83.12;168.74,g-/t/g+/p180,20.72;43.99;23.12;11.26,False,2.9400129780517847,CD--A:GLU125:O,3.310341187809129,"CG--sym6[-1,0,1]/B:ILE121:CD1",0.62522953748703,NH1--A:HOH25:O:3.24A;NH1--A:HOH5:O:3.12A;NH2--A:HOH24:O:3.03A,52.56689453125,48.87939453125,53.74132537841797,3.6875,539.5329360961914,49.25828552246094,1806.813232421875,True,False,False,False
probe4c2_B_soft_localized,A_ARG129,17,1.1365705728530884,0.9034925103187561,-80.72;136.01;83.12;168.74,g-/t/g+/p180,20.72;43.99;23.12;11.26,False,2.9400129780517847,CD--A:GLU125:O,3.310341187809129,"CG--sym6[-1,0,1]/B:ILE121:CD1",0.6252285242080688,NH1--A:HOH25:O:3.24A;NH1--A:HOH5:O:3.12A;NH2--A:HOH24:O:3.03A,52.56689453125,48.87939453125,53.74132537841797,3.6875,539.5329360961914,49.25828552246094,1806.813232421875,True,False,False,False
probe4c2_B_soft_localized,A_ARG129,18,1.1365702152252197,0.9034925103187561,-80.72;136.01;83.12;168.74,g-/t/g+/p180,20.72;43.99;23.12;11.26,False,2.9400129780517847,CD--A:GLU125:O,3.310341187809129,"CG--sym6[-1,0,1]/B:ILE121:CD1",0.6252285838127136,NH1--A:HOH25:O:3.24A;NH1--A:HOH5:O:3.12A;NH2--A:HOH24:O:3.03A,52.56689453125,48.87939453125,53.74132537841797,3.6875,539.5329360961914,49.25828552246094,1806.813232421875,True,False,False,False
probe4c2_B_soft_localized,A_ARG129,19,1.1365699768066406,0.9034923315048218,-80.72;136.01;83.12;168.74,g-/t/g+/p-180,20.72;43.99;23.12;11.26,False,2.9400129780517847,CD--A:GLU125:O,3.310341187809129,"CG--sym6[-1,0,1]/B:ILE121:CD1",0.625228226184845,NH1--A:HOH25:O:3.24A;NH1--A:HOH5:O:3.12A;NH2--A:HOH24:O:3.03A,52.56689453125,48.87939453125,53.74132537841797,3.6875,539.5329360961914,49.25828552246094,1806.813232421875,True,False,False,False
probe4c2_B_soft_localized,A_ARG129,20,1.1365718841552734,0.9034898281097412,-80.72;136.01;83.12;168.74,g-/t/g+/p-180,20.72;43.99;23.12;11.26,False,2.940014636288489,CD--A:GLU125:O,3.310341786535649,"CG--sym6[-1,0,1]/B:ILE121:CD1",0.6252290606498718,NH1--A:HOH25:O:3.24A;NH1--A:HOH5:O:3.12A;NH2--A:HOH24:O:3.03A,52.56689453125,48.87939453125,53.74132537841797,3.6875,539.5329360961914,49.25828552246094,1806.813232421875,True,False,False,False
probe4c2_B_soft_localized,A_ARG129,21,1.1365712881088257,0.9034895896911621,-80.72;136.01;83.12;168.74,g-/t/g+/p-180,20.72;43.99;23.12;11.26,False,2.940013347216489,CD--A:GLU125:O,3.310341915001647,"CG--sym6[-1,0,1]/B:ILE121:CD1",0.6252290606498718,NH1--A:HOH25:O:3.24A;NH1--A:HOH5:O:3.12A;NH2--A:HOH24:O:3.03A,52.56689453125,48.87939453125,53.74132537841797,3.6875,539.5329360961914,49.25828552246094,1806.813232421875,True,False,False,False
probe4c2_B_soft_localized,A_ARG129,22,1.1365715265274048,0.9034897089004517,-80.72;136.01;83.12;168.74,g-/t/g+/p180,20.72;43.99;23.12;11.26,False,2.940013347216489,CD--A:GLU125:O,3.310341915001647,"CG--sym6[-1,0,1]/B:ILE121:CD1",0.6252280473709106,NH1--A:HOH25:O:3.24A;NH1--A:HOH5:O:3.12A;NH2--A:HOH24:O:3.03A,52.56689453125,48.87939453125,53.74132537841797,3.6875,539.5329360961914,49.25828552246094,1806.813232421875,True,False,False,False
probe4c2_B_soft_localized,A_ARG129,23,1.1365699768066406,0.9034923315048218,-80.72;136.01;83.12;168.74,g-/t/g+/p-180,20.72;43.99;23.12;11.26,False,2.9400129780517847,CD--A:GLU125:O,3.310341187809129,"CG--sym6[-1,0,1]/B:ILE121:CD1",0.6252292394638062,NH1--A:HOH25:O:3.24A;NH1--A:HOH5:O:3.12A;NH2--A:HOH24:O:3.03A,52.56689453125,48.87939453125,53.74132537841797,3.6875,539.5329360961914,49.25828552246094,1806.813232421875,True,False,False,False
probe4c2_B_soft_localized,A_ARG129,24,1.1365699768066406,0.9034923315048218,-80.72;136.01;83.12;168.74,g-/t/g+/p-180,20.72;43.99;23.12;11.26,False,2.9400129780517847,CD--A:GLU125:O,3.310341187809129,"CG--sym6[-1,0,1]/B:ILE121:CD1",0.6252294182777405,NH1--A:HOH25:O:3.24A;NH1--A:HOH5:O:3.12A;NH2--A:HOH24:O:3.03A,52.56689453125,48.87939453125,53.74132537841797,3.6875,539.5329360961914,49.25828552246094,1806.813232421875,True,False,False,False
probe4c2_B_soft_localized,A_ARG129,25,1.1365705728530884,0.9034925103187561,-80.72;136.01;83.12;168.74,g-/t/g+/p180,20.72;43.99;23.12;11.26,False,2.9400129780517847,CD--A:GLU125:O,3.310341187809129,"CG--sym6[-1,0,1]/B:ILE121:CD1",0.6252285242080688,NH1--A:HOH25:O:3.24A;NH1--A:HOH5:O:3.12A;NH2--A:HOH24:O:3.03A,52.56689453125,48.87939453125,53.74132537841797,3.6875,539.5329360961914,49.25828552246094,1806.813232421875,True,False,False,False
probe4c2_B_soft_localized,A_ARG129,26,1.1365705728530884,0.9034925103187561,-80.72;136.01;83.12;168.74,g-/t/g+/p180,20.72;43.99;23.12;11.26,False,2.9400129780517847,CD--A:GLU125:O,3.310341187809129,"CG--sym6[-1,0,1]/B:ILE121:CD1",0.6252291798591614,NH1--A:HOH25:O:3.24A;NH1--A:HOH5:O:3.12A;NH2--A:HOH24:O:3.03A,52.56689453125,48.87939453125,53.74132537841797,3.6875,539.5329360961914,49.25828552246094,1806.813232421875,True,False,False,False
probe4c2_B_soft_localized,A_ARG129,27,1.1365725994110107,0.903489887714386,-80.72;136.01;83.12;168.74,g-/t/g+/p-180,20.72;43.99;23.12;11.26,False,2.940013347216489,CD--A:GLU125:O,3.310341915001647,"CG--sym6[-1,0,1]/B:ILE121:CD1",0.6252257227897644,NH1--A:HOH25:O:3.24A;NH1--A:HOH5:O:3.12A;NH2--A:HOH24:O:3.03A,52.56689453125,48.87939453125,53.74132537841797,3.6875,539.5329360961914,49.25828552246094,1806.813232421875,True,False,False,False
probe4c2_B_soft_localized,A_ARG129,28,1.1365705728530884,0.9034925103187561,-80.72;136.01;83.12;168.74,g-/t/g+/p180,20.72;43.99;23.12;11.26,False,2.9400129780517847,CD--A:GLU125:O,3.310341187809129,"CG--sym6[-1,0,1]/B:ILE121:CD1",0.6252285242080688,NH1--A:HOH25:O:3.24A;NH1--A:HOH5:O:3.12A;NH2--A:HOH24:O:3.03A,52.56689453125,48.87939453125,53.74132537841797,3.6875,539.5329360961914,49.25828552246094,1806.813232421875,True,False,False,False
probe4c2_B_soft_localized,A_ARG129,29,1.1365717649459839,0.9034897685050964,-80.72;136.01;83.12;168.74,g-/t/g+/p-180,20.72;43.99;23.12;11.26,False,2.940013347216489,CD--A:GLU125:O,3.310341915001647,"CG--sym6[-1,0,1]/B:ILE121:CD1",0.6252288222312927,NH1--A:HOH25:O:3.24A;NH1--A:HOH5:O:3.12A;NH2--A:HOH24:O:3.03A,52.56689453125,48.87939453125,53.74132537841797,3.6875,539.5329360961914,49.25828552246094,1806.813232421875,True,False,False,False
probe4c2_B_soft_localized,A_ARG129,30,1.1365716457366943,0.9034897685050964,-80.72;136.01;83.12;168.74,g-/t/g+/p180,20.72;43.99;23.12;11.26,False,2.940013347216489,CD--A:GLU125:O,3.310341915001647,"CG--sym6[-1,0,1]/B:ILE121:CD1",0.6252278089523315,NH1--A:HOH25:O:3.24A;NH1--A:HOH5:O:3.12A;NH2--A:HOH24:O:3.03A,52.56689453125,48.87939453125,53.74132537841797,3.6875,539.5329360961914,49.25828552246094,1806.813232421875,True,False,False,False
probe4c2_B_soft_localized,A_ARG129,31,1.136570930480957,0.9034895300865173,-80.72;136.01;83.12;168.74,g-/t/g+/p-180,20.72;43.99;23.12;11.26,False,2.940013347216489,CD--A:GLU125:O,3.310341915001647,"CG--sym6[-1,0,1]/B:ILE121:CD1",0.6252304315567017,NH1--A:HOH25:O:3.24A;NH1--A:HOH5:O:3.12A;NH2--A:HOH24:O:3.03A,52.56689453125,48.87939453125,53.74132537841797,3.6875,539.5329360961914,49.25828552246094,1806.813232421875,True,False,False,False
probe4c2_B_soft_localized,A_ARG129,32,1.1365702152252197,0.9034925103187561,-80.72;136.01;83.12;168.74,g-/t/g+/p180,20.72;43.99;23.12;11.26,False,2.9400129780517847,CD--A:GLU125:O,3.310341187809129,"CG--sym6[-1,0,1]/B:ILE121:CD1",0.625228226184845,NH1--A:HOH25:O:3.24A;NH1--A:HOH5:O:3.12A;NH2--A:HOH24:O:3.03A,52.56689453125,48.87939453125,53.74132537841797,3.6875,539.5329360961914,49.25828552246094,1806.813232421875,True,False,False,False
probe4c2_B_soft_localized,A_ARG129,33,1.1365702152252197,0.9034925103187561,-80.72;136.01;83.12;168.74,g-/t/g+/p180,20.72;43.99;23.12;11.26,False,2.9400129780517847,CD--A:GLU125:O,3.310341187809129,"CG--sym6[-1,0,1]/B:ILE121:CD1",0.6252280473709106,NH1--A:HOH25:O:3.24A;NH1--A:HOH5:O:3.12A;NH2--A:HOH24:O:3.03A,52.56689453125,48.87939453125,53.74132537841797,3.6875,539.5329360961914,49.25828552246094,1806.813232421875,True,False,False,False
probe4c2_B_soft_localized,A_ARG129,34,1.1365715265274048,0.9034896492958069,-80.72;136.01;83.12;168.74,g-/t/g+/p180,20.72;43.99;23.12;11.26,False,2.940013347216489,CD--A:GLU125:O,3.310341915001647,"CG--sym6[-1,0,1]/B:ILE121:CD1",0.6252276301383972,NH1--A:HOH25:O:3.24A;NH1--A:HOH5:O:3.12A;NH2--A:HOH24:O:3.03A,52.56689453125,48.87939453125,53.74132537841797,3.6875,539.5329360961914,49.25828552246094,1806.813232421875,True,False,False,False
probe4c2_B_soft_localized,A_ARG129,35,1.1365705728530884,0.9034925103187561,-80.72;136.01;83.12;168.74,g-/t/g+/p180,20.72;43.99;23.12;11.26,False,2.9400129780517847,CD--A:GLU125:O,3.310341187809129,"CG--sym6[-1,0,1]/B:ILE121:CD1",0.6252291798591614,NH1--A:HOH25:O:3.24A;NH1--A:HOH5:O:3.12A;NH2--A:HOH24:O:3.03A,52.56689453125,48.87939453125,53.74132537841797,3.6875,539.5329360961914,49.25828552246094,1806.813232421875,True,False,False,False
probe4c2_B_soft_localized,A_ARG129,36,1.1365705728530884,0.9034925699234009,-80.72;136.01;83.12;168.74,g-/t/g+/p180,20.72;43.99;23.12;11.26,False,2.9400129780517847,CD--A:GLU125:O,3.310341187809129,"CG--sym6[-1,0,1]/B:ILE121:CD1",0.6252290606498718,NH1--A:HOH25:O:3.24A;NH1--A:HOH5:O:3.12A;NH2--A:HOH24:O:3.03A,52.56689453125,48.87939453125,53.74132537841797,3.6875,539.5329360961914,49.25828552246094,1806.813232421875,True,False,False,False
probe4c2_B_soft_localized,A_ARG129,37,1.1365699768066406,0.9034923315048218,-80.72;136.01;83.12;168.74,g-/t/g+/p180,20.72;43.99;23.12;11.26,False,2.9400129780517847,CD--A:GLU125:O,3.310341187809129,"CG--sym6[-1,0,1]/B:ILE121:CD1",0.6252285838127136,NH1--A:HOH25:O:3.24A;NH1--A:HOH5:O:3.12A;NH2--A:HOH24:O:3.03A,52.56689453125,48.87939453125,53.74132537841797,3.6875,539.5329360961914,49.25828552246094,1806.813232421875,True,False,False,False
probe4c2_B_soft_localized,A_ARG129,38,1.1365699768066406,0.9034923315048218,-80.72;136.01;83.12;168.74,g-/t/g+/p180,20.72;43.99;23.12;11.26,False,2.9400129780517847,CD--A:GLU125:O,3.310341187809129,"CG--sym6[-1,0,1]/B:ILE121:CD1",0.6252294182777405,NH1--A:HOH25:O:3.24A;NH1--A:HOH5:O:3.12A;NH2--A:HOH24:O:3.03A,52.56689453125,48.87939453125,53.74132537841797,3.6875,539.5329360961914,49.25828552246094,1806.813232421875,True,False,False,False
probe4c2_B_soft_localized,A_ARG129,39,1.1365717649459839,0.9034897685050964,-80.72;136.01;83.12;168.74,g-/t/g+/p-180,20.72;43.99;23.12;11.26,False,2.940013347216489,CD--A:GLU125:O,3.310341915001647,"CG--sym6[-1,0,1]/B:ILE121:CD1",0.6252288222312927,NH1--A:HOH25:O:3.24A;NH1--A:HOH5:O:3.12A;NH2--A:HOH24:O:3.03A,52.56689453125,48.87939453125,53.74132537841797,3.6875,539.5329360961914,49.25828552246094,1806.813232421875,True,False,False,False
probe4c2_B_soft_localized,A_ARG129,40,1.1365705728530884,0.9034925103187561,-80.72;136.01;83.12;168.74,g-/t/g+/p180,20.72;43.99;23.12;11.26,False,2.9400129780517847,CD--A:GLU125:O,3.310341187809129,"CG--sym6[-1,0,1]/B:ILE121:CD1",0.6252290606498718,NH1--A:HOH25:O:3.24A;NH1--A:HOH5:O:3.12A;NH2--A:HOH24:O:3.03A,52.56689453125,48.87939453125,53.74132537841797,3.6875,539.5329360961914,49.25828552246094,1806.813232421875,True,False,False,False
probe4c2_B_soft_localized,A_ARG129,41,1.1365710496902466,0.9034894704818726,-80.72;136.01;83.12;168.74,g-/t/g+/p-180,20.72;43.99;23.12;11.26,False,2.940013347216489,CD--A:GLU125:O,3.310341915001647,"CG--sym6[-1,0,1]/B:ILE121:CD1",0.6252301335334778,NH1--A:HOH25:O:3.24A;NH1--A:HOH5:O:3.12A;NH2--A:HOH24:O:3.03A,52.56689453125,48.87939453125,53.74132537841797,3.6875,539.5329360961914,49.25828552246094,1806.813232421875,True,False,False,False
probe4c2_B_soft_localized,A_ARG129,42,1.1365702152252197,0.9034925103187561,-80.72;136.01;83.12;168.74,g-/t/g+/p180,20.72;43.99;23.12;11.26,False,2.9400129780517847,CD--A:GLU125:O,3.310341187809129,"CG--sym6[-1,0,1]/B:ILE121:CD1",0.6252280473709106,NH1--A:HOH25:O:3.24A;NH1--A:HOH5:O:3.12A;NH2--A:HOH24:O:3.03A,52.56689453125,48.87939453125,53.74132537841797,3.6875,539.5329360961914,49.25828552246094,1806.813232421875,True,False,False,False
probe4c2_B_soft_localized,A_ARG129,43,1.1365705728530884,0.9034925103187561,-80.72;136.01;83.12;168.74,g-/t/g+/p180,20.72;43.99;23.12;11.26,False,2.9400129780517847,CD--A:GLU125:O,3.310341187809129,"CG--sym6[-1,0,1]/B:ILE121:CD1",0.6252291798591614,NH1--A:HOH25:O:3.24A;NH1--A:HOH5:O:3.12A;NH2--A:HOH24:O:3.03A,52.56689453125,48.87939453125,53.74132537841797,3.6875,539.5329360961914,49.25828552246094,1806.813232421875,True,False,False,False
probe4c2_B_soft_localized,A_ARG129,44,1.1365712881088257,0.9034895300865173,-80.72;136.01;83.12;168.74,g-/t/g+/p-180,20.72;43.99;23.12;11.26,False,2.940013347216489,CD--A:GLU125:O,3.310341915001647,"CG--sym6[-1,0,1]/B:ILE121:CD1",0.6252285838127136,NH1--A:HOH25:O:3.24A;NH1--A:HOH5:O:3.12A;NH2--A:HOH24:O:3.03A,52.56689453125,48.87939453125,53.74132537841797,3.6875,539.5329360961914,49.25828552246094,1806.813232421875,True,False,False,False
probe4c2_B_soft_localized,A_ARG129,45,1.1365712881088257,0.9034895300865173,-80.72;136.01;83.12;168.74,g-/t/g+/p-180,20.72;43.99;23.12;11.26,False,2.940013347216489,CD--A:GLU125:O,3.310341915001647,"CG--sym6[-1,0,1]/B:ILE121:CD1",0.6252285838127136,NH1--A:HOH25:O:3.24A;NH1--A:HOH5:O:3.12A;NH2--A:HOH24:O:3.03A,52.56689453125,48.87939453125,53.74132537841797,3.6875,539.5329360961914,49.25828552246094,1806.813232421875,True,False,False,False
probe4c2_B_soft_localized,A_ARG129,46,1.1365705728530884,0.9034925103187561,-80.72;136.01;83.12;168.74,g-/t/g+/p180,20.72;43.99;23.12;11.26,False,2.9400129780517847,CD--A:GLU125:O,3.310341187809129,"CG--sym6[-1,0,1]/B:ILE121:CD1",0.6252285242080688,NH1--A:HOH25:O:3.24A;NH1--A:HOH5:O:3.12A;NH2--A:HOH24:O:3.03A,52.56689453125,48.87939453125,53.74132537841797,3.6875,539.5329360961914,49.25828552246094,1806.813232421875,True,False,False,False
probe4c2_B_soft_localized,A_ARG129,47,1.1365712881088257,0.9034895300865173,-80.72;136.01;83.12;168.74,g-/t/g+/p-180,20.72;43.99;23.12;11.26,False,2.940013347216489,CD--A:GLU125:O,3.310341915001647,"CG--sym6[-1,0,1]/B:ILE121:CD1",0.6252285838127136,NH1--A:HOH25:O:3.24A;NH1--A:HOH5:O:3.12A;NH2--A:HOH24:O:3.03A,52.56689453125,48.87939453125,53.74132537841797,3.6875,539.5329360961914,49.25828552246094,1806.813232421875,True,False,False,False
probe4c2_B_soft_localized,A_ARG129,48,1.1365699768066406,0.9034923315048218,-80.72;136.01;83.12;168.74,g-/t/g+/p-180,20.72;43.99;23.12;11.26,False,2.9400129780517847,CD--A:GLU125:O,3.310341187809129,"CG--sym6[-1,0,1]/B:ILE121:CD1",0.6252292394638062,NH1--A:HOH25:O:3.24A;NH1--A:HOH5:O:3.12A;NH2--A:HOH24:O:3.03A,52.56689453125,48.87939453125,53.74132537841797,3.6875,539.5329360961914,49.25828552246094,1806.813232421875,True,False,False,False
probe4c2_B_soft_localized,A_ARG129,49,1.1365705728530884,0.9034925103187561,-80.72;136.01;83.12;168.74,g-/t/g+/p180,20.72;43.99;23.12;11.26,False,2.9400129780517847,CD--A:GLU125:O,3.310341187809129,"CG--sym6[-1,0,1]/B:ILE121:CD1",0.6252291798591614,NH1--A:HOH25:O:3.24A;NH1--A:HOH5:O:3.12A;NH2--A:HOH24:O:3.03A,52.56689453125,48.87939453125,53.74132537841797,3.6875,539.5329360961914,49.25828552246094,1806.813232421875,True,False,False,False
probe4c2_C_soft_realspace,A_ARG129,0,0.4602721035480499,1.6127731800079346,-63.00;-169.99;52.85;150.44,g-/t/g+/p180,3.00;10.01;7.15;29.56,True,2.815444593306611,NH2--B:TYR131:CZ,2.4986562562073975,"NH2--sym6[-1,0,1]/B:HOH50:O",0.5485959649085999,NH1--A:HOH16:O:3.17A,55.5566520690918,48.87939453125,53.74132537841797,6.677257537841797,539.5329360961914,49.25828552246094,1806.813232421875,True,True,False,False
probe4c2_C_soft_realspace,A_ARG129,1,0.4602721035480499,1.6127734184265137,-63.00;-169.99;52.85;150.44,g-/t/g+/p180,3.00;10.01;7.15;29.56,True,2.8154449906990022,NH2--B:TYR131:CZ,2.498656154752463,"NH2--sym6[-1,0,1]/B:HOH50:O",0.5485958456993103,NH1--A:HOH16:O:3.17A,55.5566520690918,48.87939453125,53.74132537841797,6.677257537841797,539.5329360961914,49.25828552246094,1806.813232421875,True,True,False,False
probe4c2_C_soft_realspace,A_ARG129,2,0.46027207374572754,1.6127731800079346,-63.00;-169.99;52.85;150.44,g-/t/g+/p180,3.00;10.01;7.15;29.56,True,2.8154449906990022,NH2--B:TYR131:CZ,2.498656154752463,"NH2--sym6[-1,0,1]/B:HOH50:O",0.5485958456993103,NH1--A:HOH16:O:3.17A,55.5566520690918,48.87939453125,53.74132537841797,6.677257537841797,539.5329360961914,49.25828552246094,1806.813232421875,True,True,False,False
probe4c2_C_soft_realspace,A_ARG129,3,0.4602721035480499,1.6127731800079346,-63.00;-169.99;52.85;150.44,g-/t/g+/p180,3.00;10.01;7.15;29.56,True,2.815444593306611,NH2--B:TYR131:CZ,2.4986562562073975,"NH2--sym6[-1,0,1]/B:HOH50:O",0.5485959649085999,NH1--A:HOH16:O:3.17A,55.5566520690918,48.87939453125,53.74132537841797,6.677257537841797,539.5329360961914,49.25828552246094,1806.813232421875,True,True,False,False
probe4c2_C_soft_realspace,A_ARG129,4,0.46027207374572754,1.6127731800079346,-63.00;-169.99;52.85;150.44,g-/t/g+/p180,3.00;10.01;7.15;29.56,True,2.8154449906990022,NH2--B:TYR131:CZ,2.498656154752463,"NH2--sym6[-1,0,1]/B:HOH50:O",0.5485958456993103,NH1--A:HOH16:O:3.17A,55.5566520690918,48.87939453125,53.74132537841797,6.677257537841797,539.5329360961914,49.25828552246094,1806.813232421875,True,True,False,False
probe4c2_C_soft_realspace,A_ARG129,5,0.46027207374572754,1.6127731800079346,-63.00;-169.99;52.85;150.44,g-/t/g+/p180,3.00;10.01;7.15;29.56,True,2.8154449906990022,NH2--B:TYR131:CZ,2.498656154752463,"NH2--sym6[-1,0,1]/B:HOH50:O",0.5485958456993103,NH1--A:HOH16:O:3.17A,55.5566520690918,48.87939453125,53.74132537841797,6.677257537841797,539.5329360961914,49.25828552246094,1806.813232421875,True,True,False,False
probe4c2_C_soft_realspace,A_ARG129,6,0.46027207374572754,1.6127731800079346,-63.00;-169.99;52.85;150.44,g-/t/g+/p180,3.00;10.01;7.15;29.56,True,2.8154449906990022,NH2--B:TYR131:CZ,2.498656154752463,"NH2--sym6[-1,0,1]/B:HOH50:O",0.5485958456993103,NH1--A:HOH16:O:3.17A,55.5566520690918,48.87939453125,53.74132537841797,6.677257537841797,539.5329360961914,49.25828552246094,1806.813232421875,True,True,False,False
probe4c2_C_soft_realspace,A_ARG129,7,0.46027207374572754,1.6127731800079346,-63.00;-169.99;52.85;150.44,g-/t/g+/p180,3.00;10.01;7.15;29.56,True,2.8154449906990022,NH2--B:TYR131:CZ,2.498656154752463,"NH2--sym6[-1,0,1]/B:HOH50:O",0.5485958456993103,NH1--A:HOH16:O:3.17A,55.5566520690918,48.87939453125,53.74132537841797,6.677257537841797,539.5329360961914,49.25828552246094,1806.813232421875,True,True,False,False
probe4c2_C_soft_realspace,A_ARG129,8,0.4602721035480499,1.6127731800079346,-63.00;-169.99;52.85;150.44,g-/t/g+/p180,3.00;10.01;7.15;29.56,True,2.815444593306611,NH2--B:TYR131:CZ,2.4986562562073975,"NH2--sym6[-1,0,1]/B:HOH50:O",0.5485959649085999,NH1--A:HOH16:O:3.17A,55.5566520690918,48.87939453125,53.74132537841797,6.677257537841797,539.5329360961914,49.25828552246094,1806.813232421875,True,True,False,False
probe4c2_C_soft_realspace,A_ARG129,9,0.46027207374572754,1.6127731800079346,-63.00;-169.99;52.85;150.44,g-/t/g+/p180,3.00;10.01;7.15;29.56,True,2.8154449906990022,NH2--B:TYR131:CZ,2.498656154752463,"NH2--sym6[-1,0,1]/B:HOH50:O",0.5485958456993103,NH1--A:HOH16:O:3.17A,55.5566520690918,48.87939453125,53.74132537841797,6.677257537841797,539.5329360961914,49.25828552246094,1806.813232421875,True,True,False,False
probe4c2_C_soft_realspace,A_ARG129,10,0.46027207374572754,1.6127731800079346,-63.00;-169.99;52.85;150.44,g-/t/g+/p180,3.00;10.01;7.15;29.56,True,2.8154449906990022,NH2--B:TYR131:CZ,2.498656154752463,"NH2--sym6[-1,0,1]/B:HOH50:O",0.5485958456993103,NH1--A:HOH16:O:3.17A,55.5566520690918,48.87939453125,53.74132537841797,6.677257537841797,539.5329360961914,49.25828552246094,1806.813232421875,True,True,False,False
probe4c2_C_soft_realspace,A_ARG129,11,0.4602721035480499,1.6127731800079346,-63.00;-169.99;52.85;150.44,g-/t/g+/p180,3.00;10.01;7.15;29.56,True,2.815444593306611,NH2--B:TYR131:CZ,2.4986562562073975,"NH2--sym6[-1,0,1]/B:HOH50:O",0.5485959649085999,NH1--A:HOH16:O:3.17A,55.5566520690918,48.87939453125,53.74132537841797,6.677257537841797,539.5329360961914,49.25828552246094,1806.813232421875,True,True,False,False
probe4c2_C_soft_realspace,A_ARG129,12,0.4602721035480499,1.6127731800079346,-63.00;-169.99;52.85;150.44,g-/t/g+/p180,3.00;10.01;7.15;29.56,True,2.815444593306611,NH2--B:TYR131:CZ,2.4986562562073975,"NH2--sym6[-1,0,1]/B:HOH50:O",0.5485959649085999,NH1--A:HOH16:O:3.17A,55.5566520690918,48.87939453125,53.74132537841797,6.677257537841797,539.5329360961914,49.25828552246094,1806.813232421875,True,True,False,False
probe4c2_C_soft_realspace,A_ARG129,13,0.46027207374572754,1.6127731800079346,-63.00;-169.99;52.85;150.44,g-/t/g+/p180,3.00;10.01;7.15;29.56,True,2.8154449906990022,NH2--B:TYR131:CZ,2.498656154752463,"NH2--sym6[-1,0,1]/B:HOH50:O",0.5485958456993103,NH1--A:HOH16:O:3.17A,55.5566520690918,48.87939453125,53.74132537841797,6.677257537841797,539.5329360961914,49.25828552246094,1806.813232421875,True,True,False,False
probe4c2_C_soft_realspace,A_ARG129,14,0.46027207374572754,1.6127731800079346,-63.00;-169.99;52.85;150.44,g-/t/g+/p180,3.00;10.01;7.15;29.56,True,2.8154449906990022,NH2--B:TYR131:CZ,2.498656154752463,"NH2--sym6[-1,0,1]/B:HOH50:O",0.5485958456993103,NH1--A:HOH16:O:3.17A,55.5566520690918,48.87939453125,53.74132537841797,6.677257537841797,539.5329360961914,49.25828552246094,1806.813232421875,True,True,False,False
probe4c2_C_soft_realspace,A_ARG129,15,0.4602721035480499,1.6127731800079346,-63.00;-169.99;52.85;150.44,g-/t/g+/p180,3.00;10.01;7.15;29.56,True,2.815444593306611,NH2--B:TYR131:CZ,2.4986562562073975,"NH2--sym6[-1,0,1]/B:HOH50:O",0.5485959649085999,NH1--A:HOH16:O:3.17A,55.5566520690918,48.87939453125,53.74132537841797,6.677257537841797,539.5329360961914,49.25828552246094,1806.813232421875,True,True,False,False
probe4c2_C_soft_realspace,A_ARG129,16,0.46027207374572754,1.6127731800079346,-63.00;-169.99;52.85;150.44,g-/t/g+/p180,3.00;10.01;7.15;29.56,True,2.8154449906990022,NH2--B:TYR131:CZ,2.498656154752463,"NH2--sym6[-1,0,1]/B:HOH50:O",0.5485958456993103,NH1--A:HOH16:O:3.17A,55.5566520690918,48.87939453125,53.74132537841797,6.677257537841797,539.5329360961914,49.25828552246094,1806.813232421875,True,True,False,False
probe4c2_C_soft_realspace,A_ARG129,17,0.4602721035480499,1.6127731800079346,-63.00;-169.99;52.85;150.44,g-/t/g+/p180,3.00;10.01;7.15;29.56,True,2.815444593306611,NH2--B:TYR131:CZ,2.4986562562073975,"NH2--sym6[-1,0,1]/B:HOH50:O",0.5485959649085999,NH1--A:HOH16:O:3.17A,55.5566520690918,48.87939453125,53.74132537841797,6.677257537841797,539.5329360961914,49.25828552246094,1806.813232421875,True,True,False,False
probe4c2_C_soft_realspace,A_ARG129,18,0.4602721035480499,1.6127731800079346,-63.00;-169.99;52.85;150.44,g-/t/g+/p180,3.00;10.01;7.15;29.56,True,2.815444593306611,NH2--B:TYR131:CZ,2.4986562562073975,"NH2--sym6[-1,0,1]/B:HOH50:O",0.5485959649085999,NH1--A:HOH16:O:3.17A,55.5566520690918,48.87939453125,53.74132537841797,6.677257537841797,539.5329360961914,49.25828552246094,1806.813232421875,True,True,False,False
probe4c2_C_soft_realspace,A_ARG129,19,0.46027207374572754,1.6127731800079346,-63.00;-169.99;52.85;150.44,g-/t/g+/p180,3.00;10.01;7.15;29.56,True,2.8154449906990022,NH2--B:TYR131:CZ,2.498656154752463,"NH2--sym6[-1,0,1]/B:HOH50:O",0.5485958456993103,NH1--A:HOH16:O:3.17A,55.5566520690918,48.87939453125,53.74132537841797,6.677257537841797,539.5329360961914,49.25828552246094,1806.813232421875,True,True,False,False
probe4c2_C_soft_realspace,A_ARG129,20,0.46027207374572754,1.6127731800079346,-63.00;-169.99;52.85;150.44,g-/t/g+/p180,3.00;10.01;7.15;29.56,True,2.8154449906990022,NH2--B:TYR131:CZ,2.498656154752463,"NH2--sym6[-1,0,1]/B:HOH50:O",0.5485958456993103,NH1--A:HOH16:O:3.17A,55.5566520690918,48.87939453125,53.74132537841797,6.677257537841797,539.5329360961914,49.25828552246094,1806.813232421875,True,True,False,False
probe4c2_C_soft_realspace,A_ARG129,21,0.46027207374572754,1.6127731800079346,-63.00;-169.99;52.85;150.44,g-/t/g+/p180,3.00;10.01;7.15;29.56,True,2.8154449906990022,NH2--B:TYR131:CZ,2.498656154752463,"NH2--sym6[-1,0,1]/B:HOH50:O",0.5485958456993103,NH1--A:HOH16:O:3.17A,55.5566520690918,48.87939453125,53.74132537841797,6.677257537841797,539.5329360961914,49.25828552246094,1806.813232421875,True,True,False,False
probe4c2_C_soft_realspace,A_ARG129,22,0.4602721333503723,1.6127731800079346,-63.00;-169.99;52.85;150.44,g-/t/g+/p180,3.00;10.01;7.15;29.56,True,2.815444593306611,NH2--B:TYR131:CZ,2.4986562562073975,"NH2--sym6[-1,0,1]/B:HOH50:O",0.5485959649085999,NH1--A:HOH16:O:3.17A,55.5566520690918,48.87939453125,53.74132537841797,6.677257537841797,539.5329360961914,49.25828552246094,1806.813232421875,True,True,False,False
probe4c2_C_soft_realspace,A_ARG129,23,0.46027207374572754,1.6127731800079346,-63.00;-169.99;52.85;150.44,g-/t/g+/p180,3.00;10.01;7.15;29.56,True,2.8154449906990022,NH2--B:TYR131:CZ,2.498656154752463,"NH2--sym6[-1,0,1]/B:HOH50:O",0.5485958456993103,NH1--A:HOH16:O:3.17A,55.5566520690918,48.87939453125,53.74132537841797,6.677257537841797,539.5329360961914,49.25828552246094,1806.813232421875,True,True,False,False
probe4c2_C_soft_realspace,A_ARG129,24,0.4602721035480499,1.6127731800079346,-63.00;-169.99;52.85;150.44,g-/t/g+/p180,3.00;10.01;7.15;29.56,True,2.815444593306611,NH2--B:TYR131:CZ,2.4986562562073975,"NH2--sym6[-1,0,1]/B:HOH50:O",0.5485959649085999,NH1--A:HOH16:O:3.17A,55.5566520690918,48.87939453125,53.74132537841797,6.677257537841797,539.5329360961914,49.25828552246094,1806.813232421875,True,True,False,False
probe4c2_C_soft_realspace,A_ARG129,25,0.46027207374572754,1.6127731800079346,-63.00;-169.99;52.85;150.44,g-/t/g+/p180,3.00;10.01;7.15;29.56,True,2.8154449906990022,NH2--B:TYR131:CZ,2.498656154752463,"NH2--sym6[-1,0,1]/B:HOH50:O",0.5485958456993103,NH1--A:HOH16:O:3.17A,55.5566520690918,48.87939453125,53.74132537841797,6.677257537841797,539.5329360961914,49.25828552246094,1806.813232421875,True,True,False,False
probe4c2_C_soft_realspace,A_ARG129,26,0.4602721035480499,1.6127731800079346,-63.00;-169.99;52.85;150.44,g-/t/g+/p180,3.00;10.01;7.15;29.56,True,2.815444593306611,NH2--B:TYR131:CZ,2.4986562562073975,"NH2--sym6[-1,0,1]/B:HOH50:O",0.5485959649085999,NH1--A:HOH16:O:3.17A,55.5566520690918,48.87939453125,53.74132537841797,6.677257537841797,539.5329360961914,49.25828552246094,1806.813232421875,True,True,False,False
probe4c2_C_soft_realspace,A_ARG129,27,0.4602721035480499,1.6127731800079346,-63.00;-169.99;52.85;150.44,g-/t/g+/p180,3.00;10.01;7.15;29.56,True,2.815444593306611,NH2--B:TYR131:CZ,2.4986562562073975,"NH2--sym6[-1,0,1]/B:HOH50:O",0.5485959649085999,NH1--A:HOH16:O:3.17A,55.5566520690918,48.87939453125,53.74132537841797,6.677257537841797,539.5329360961914,49.25828552246094,1806.813232421875,True,True,False,False
probe4c2_C_soft_realspace,A_ARG129,28,0.46027207374572754,1.6127731800079346,-63.00;-169.99;52.85;150.44,g-/t/g+/p180,3.00;10.01;7.15;29.56,True,2.8154449906990022,NH2--B:TYR131:CZ,2.498656154752463,"NH2--sym6[-1,0,1]/B:HOH50:O",0.5485958456993103,NH1--A:HOH16:O:3.17A,55.5566520690918,48.87939453125,53.74132537841797,6.677257537841797,539.5329360961914,49.25828552246094,1806.813232421875,True,True,False,False
probe4c2_C_soft_realspace,A_ARG129,29,0.4602721333503723,1.6127731800079346,-63.00;-169.99;52.85;150.44,g-/t/g+/p180,3.00;10.01;7.15;29.56,True,2.815444593306611,NH2--B:TYR131:CZ,2.4986562562073975,"NH2--sym6[-1,0,1]/B:HOH50:O",0.5485959649085999,NH1--A:HOH16:O:3.17A,55.5566520690918,48.87939453125,53.74132537841797,6.677257537841797,539.5329360961914,49.25828552246094,1806.813232421875,True,True,False,False
probe4c2_C_soft_realspace,A_ARG129,30,0.4602721035480499,1.6127731800079346,-63.00;-169.99;52.85;150.44,g-/t/g+/p180,3.00;10.01;7.15;29.56,True,2.815444593306611,NH2--B:TYR131:CZ,2.4986562562073975,"NH2--sym6[-1,0,1]/B:HOH50:O",0.5485959649085999,NH1--A:HOH16:O:3.17A,55.5566520690918,48.87939453125,53.74132537841797,6.677257537841797,539.5329360961914,49.25828552246094,1806.813232421875,True,True,False,False
probe4c2_C_soft_realspace,A_ARG129,31,0.4602721035480499,1.6127731800079346,-63.00;-169.99;52.85;150.44,g-/t/g+/p180,3.00;10.01;7.15;29.56,True,2.815444593306611,NH2--B:TYR131:CZ,2.4986562562073975,"NH2--sym6[-1,0,1]/B:HOH50:O",0.5485959649085999,NH1--A:HOH16:O:3.17A,55.5566520690918,48.87939453125,53.74132537841797,6.677257537841797,539.5329360961914,49.25828552246094,1806.813232421875,True,True,False,False
probe4c2_C_soft_realspace,A_ARG129,32,0.4602721035480499,1.6127731800079346,-63.00;-169.99;52.85;150.44,g-/t/g+/p180,3.00;10.01;7.15;29.56,True,2.815444593306611,NH2--B:TYR131:CZ,2.4986562562073975,"NH2--sym6[-1,0,1]/B:HOH50:O",0.5485959649085999,NH1--A:HOH16:O:3.17A,55.5566520690918,48.87939453125,53.74132537841797,6.677257537841797,539.5329360961914,49.25828552246094,1806.813232421875,True,True,False,False
probe4c2_C_soft_realspace,A_ARG129,33,0.4602721035480499,1.6127731800079346,-63.00;-169.99;52.85;150.44,g-/t/g+/p180,3.00;10.01;7.15;29.56,True,2.815444593306611,NH2--B:TYR131:CZ,2.4986562562073975,"NH2--sym6[-1,0,1]/B:HOH50:O",0.5485959649085999,NH1--A:HOH16:O:3.17A,55.5566520690918,48.87939453125,53.74132537841797,6.677257537841797,539.5329360961914,49.25828552246094,1806.813232421875,True,True,False,False
probe4c2_C_soft_realspace,A_ARG129,34,0.46027207374572754,1.6127731800079346,-63.00;-169.99;52.85;150.44,g-/t/g+/p180,3.00;10.01;7.15;29.56,True,2.8154449906990022,NH2--B:TYR131:CZ,2.498656154752463,"NH2--sym6[-1,0,1]/B:HOH50:O",0.5485958456993103,NH1--A:HOH16:O:3.17A,55.5566520690918,48.87939453125,53.74132537841797,6.677257537841797,539.5329360961914,49.25828552246094,1806.813232421875,True,True,False,False
probe4c2_C_soft_realspace,A_ARG129,35,0.4602721035480499,1.6127731800079346,-63.00;-169.99;52.85;150.44,g-/t/g+/p180,3.00;10.01;7.15;29.56,True,2.815444593306611,NH2--B:TYR131:CZ,2.4986562562073975,"NH2--sym6[-1,0,1]/B:HOH50:O",0.5485959649085999,NH1--A:HOH16:O:3.17A,55.5566520690918,48.87939453125,53.74132537841797,6.677257537841797,539.5329360961914,49.25828552246094,1806.813232421875,True,True,False,False
probe4c2_C_soft_realspace,A_ARG129,36,0.4602721035480499,1.6127734184265137,-63.00;-169.99;52.85;150.44,g-/t/g+/p180,3.00;10.01;7.15;29.56,True,2.8154449906990022,NH2--B:TYR131:CZ,2.498656154752463,"NH2--sym6[-1,0,1]/B:HOH50:O",0.5485958456993103,NH1--A:HOH16:O:3.17A,55.5566520690918,48.87939453125,53.74132537841797,6.677257537841797,539.5329360961914,49.25828552246094,1806.813232421875,True,True,False,False
probe4c2_C_soft_realspace,A_ARG129,37,0.4602721035480499,1.6127731800079346,-63.00;-169.99;52.85;150.44,g-/t/g+/p180,3.00;10.01;7.15;29.56,True,2.815444593306611,NH2--B:TYR131:CZ,2.4986562562073975,"NH2--sym6[-1,0,1]/B:HOH50:O",0.5485959649085999,NH1--A:HOH16:O:3.17A,55.5566520690918,48.87939453125,53.74132537841797,6.677257537841797,539.5329360961914,49.25828552246094,1806.813232421875,True,True,False,False
probe4c2_C_soft_realspace,A_ARG129,38,0.4602721035480499,1.6127731800079346,-63.00;-169.99;52.85;150.44,g-/t/g+/p180,3.00;10.01;7.15;29.56,True,2.815444593306611,NH2--B:TYR131:CZ,2.4986562562073975,"NH2--sym6[-1,0,1]/B:HOH50:O",0.5485959649085999,NH1--A:HOH16:O:3.17A,55.5566520690918,48.87939453125,53.74132537841797,6.677257537841797,539.5329360961914,49.25828552246094,1806.813232421875,True,True,False,False
probe4c2_C_soft_realspace,A_ARG129,39,0.4602721035480499,1.6127731800079346,-63.00;-169.99;52.85;150.44,g-/t/g+/p180,3.00;10.01;7.15;29.56,True,2.815444593306611,NH2--B:TYR131:CZ,2.4986562562073975,"NH2--sym6[-1,0,1]/B:HOH50:O",0.5485959649085999,NH1--A:HOH16:O:3.17A,55.5566520690918,48.87939453125,53.74132537841797,6.677257537841797,539.5329360961914,49.25828552246094,1806.813232421875,True,True,False,False
probe4c2_C_soft_realspace,A_ARG129,40,0.46027207374572754,1.6127731800079346,-63.00;-169.99;52.85;150.44,g-/t/g+/p180,3.00;10.01;7.15;29.56,True,2.8154449906990022,NH2--B:TYR131:CZ,2.498656154752463,"NH2--sym6[-1,0,1]/B:HOH50:O",0.5485958456993103,NH1--A:HOH16:O:3.17A,55.5566520690918,48.87939453125,53.74132537841797,6.677257537841797,539.5329360961914,49.25828552246094,1806.813232421875,True,True,False,False
probe4c2_C_soft_realspace,A_ARG129,41,0.4602721035480499,1.6127731800079346,-63.00;-169.99;52.85;150.44,g-/t/g+/p180,3.00;10.01;7.15;29.56,True,2.815444593306611,NH2--B:TYR131:CZ,2.4986562562073975,"NH2--sym6[-1,0,1]/B:HOH50:O",0.5485959649085999,NH1--A:HOH16:O:3.17A,55.5566520690918,48.87939453125,53.74132537841797,6.677257537841797,539.5329360961914,49.25828552246094,1806.813232421875,True,True,False,False
probe4c2_C_soft_realspace,A_ARG129,42,0.46027207374572754,1.6127731800079346,-63.00;-169.99;52.85;150.44,g-/t/g+/p180,3.00;10.01;7.15;29.56,True,2.8154449906990022,NH2--B:TYR131:CZ,2.498656154752463,"NH2--sym6[-1,0,1]/B:HOH50:O",0.5485958456993103,NH1--A:HOH16:O:3.17A,55.5566520690918,48.87939453125,53.74132537841797,6.677257537841797,539.5329360961914,49.25828552246094,1806.813232421875,True,True,False,False
probe4c2_C_soft_realspace,A_ARG129,43,0.4602721035480499,1.6127731800079346,-63.00;-169.99;52.85;150.44,g-/t/g+/p180,3.00;10.01;7.15;29.56,True,2.815444593306611,NH2--B:TYR131:CZ,2.4986562562073975,"NH2--sym6[-1,0,1]/B:HOH50:O",0.5485959649085999,NH1--A:HOH16:O:3.17A,55.5566520690918,48.87939453125,53.74132537841797,6.677257537841797,539.5329360961914,49.25828552246094,1806.813232421875,True,True,False,False
probe4c2_C_soft_realspace,A_ARG129,44,0.4602721035480499,1.6127731800079346,-63.00;-169.99;52.85;150.44,g-/t/g+/p180,3.00;10.01;7.15;29.56,True,2.815444593306611,NH2--B:TYR131:CZ,2.4986562562073975,"NH2--sym6[-1,0,1]/B:HOH50:O",0.5485959649085999,NH1--A:HOH16:O:3.17A,55.5566520690918,48.87939453125,53.74132537841797,6.677257537841797,539.5329360961914,49.25828552246094,1806.813232421875,True,True,False,False
probe4c2_C_soft_realspace,A_ARG129,45,0.46027207374572754,1.6127731800079346,-63.00;-169.99;52.85;150.44,g-/t/g+/p180,3.00;10.01;7.15;29.56,True,2.8154449906990022,NH2--B:TYR131:CZ,2.498656154752463,"NH2--sym6[-1,0,1]/B:HOH50:O",0.5485958456993103,NH1--A:HOH16:O:3.17A,55.5566520690918,48.87939453125,53.74132537841797,6.677257537841797,539.5329360961914,49.25828552246094,1806.813232421875,True,True,False,False
probe4c2_C_soft_realspace,A_ARG129,46,0.46027207374572754,1.6127731800079346,-63.00;-169.99;52.85;150.44,g-/t/g+/p180,3.00;10.01;7.15;29.56,True,2.8154449906990022,NH2--B:TYR131:CZ,2.498656154752463,"NH2--sym6[-1,0,1]/B:HOH50:O",0.5485958456993103,NH1--A:HOH16:O:3.17A,55.5566520690918,48.87939453125,53.74132537841797,6.677257537841797,539.5329360961914,49.25828552246094,1806.813232421875,True,True,False,False
probe4c2_C_soft_realspace,A_ARG129,47,0.4602721333503723,1.6127731800079346,-63.00;-169.99;52.85;150.44,g-/t/g+/p180,3.00;10.01;7.15;29.56,True,2.815444593306611,NH2--B:TYR131:CZ,2.4986562562073975,"NH2--sym6[-1,0,1]/B:HOH50:O",0.5485959649085999,NH1--A:HOH16:O:3.17A,55.5566520690918,48.87939453125,53.74132537841797,6.677257537841797,539.5329360961914,49.25828552246094,1806.813232421875,True,True,False,False
probe4c2_C_soft_realspace,A_ARG129,48,0.46027207374572754,1.6127731800079346,-63.00;-169.99;52.85;150.44,g-/t/g+/p180,3.00;10.01;7.15;29.56,True,2.8154449906990022,NH2--B:TYR131:CZ,2.498656154752463,"NH2--sym6[-1,0,1]/B:HOH50:O",0.5485958456993103,NH1--A:HOH16:O:3.17A,55.5566520690918,48.87939453125,53.74132537841797,6.677257537841797,539.5329360961914,49.25828552246094,1806.813232421875,True,True,False,False
probe4c2_C_soft_realspace,A_ARG129,49,0.4602721035480499,1.6127731800079346,-63.00;-169.99;52.85;150.44,g-/t/g+/p180,3.00;10.01;7.15;29.56,True,2.815444593306611,NH2--B:TYR131:CZ,2.4986562562073975,"NH2--sym6[-1,0,1]/B:HOH50:O",0.5485959649085999,NH1--A:HOH16:O:3.17A,55.5566520690918,48.87939453125,53.74132537841797,6.677257537841797,539.5329360961914,49.25828552246094,1806.813232421875,True,True,False,False
probe4c1_kinematic_complex,B_MET112,0,1.0029901266098022,0.33347705006599426,-68.60;161.47;-167.40,g-/t/t,8.60;18.53;12.60,True,3.0843139640824013,CB--B:ILE113:N,3.452196568610176,"CE--sym1[1,1,0]/A:LEU110:CD1",1.96262788772583,,28.482864379882812,25.182567596435547,26.873756408691406,3.3002967834472656,86.76152687072754,24.904254913330078,333.29803466796875,True,True,True,True
probe4c1_kinematic_complex,B_MET112,1,1.0029901266098022,0.33347705006599426,-68.60;161.47;-167.40,g-/t/t,8.60;18.53;12.60,True,3.0843139640824013,CB--B:ILE113:N,3.452196568610176,"CE--sym1[1,1,0]/A:LEU110:CD1",1.96262788772583,,28.482864379882812,25.182567596435547,26.873756408691406,3.3002967834472656,86.76152687072754,24.904254913330078,333.29803466796875,True,True,True,True
probe4c1_kinematic_complex,B_MET112,2,1.0029901266098022,0.33347705006599426,-68.60;161.47;-167.40,g-/t/t,8.60;18.53;12.60,True,3.0843139640824013,CB--B:ILE113:N,3.452196568610176,"CE--sym1[1,1,0]/A:LEU110:CD1",1.96262788772583,,28.482864379882812,25.182567596435547,26.873756408691406,3.3002967834472656,86.76152687072754,24.904254913330078,333.29803466796875,True,True,True,True
probe4c1_kinematic_complex,B_MET112,3,1.0029916763305664,0.3334779739379883,-68.60;161.47;-167.40,g-/t/t,8.60;18.53;12.60,True,3.0843139640824013,CB--B:ILE113:N,3.452193103742994,"CE--sym1[1,1,0]/A:LEU110:CD1",1.962627649307251,,28.482864379882812,25.182567596435547,26.873756408691406,3.3002967834472656,86.76152687072754,24.904254913330078,333.29803466796875,True,True,True,True
probe4c1_kinematic_complex,B_MET112,4,1.0029901266098022,0.33347705006599426,-68.60;161.47;-167.40,g-/t/t,8.60;18.53;12.60,True,3.0843139640824013,CB--B:ILE113:N,3.452196568610176,"CE--sym1[1,1,0]/A:LEU110:CD1",1.96262788772583,,28.482864379882812,25.182567596435547,26.873756408691406,3.3002967834472656,86.76152687072754,24.904254913330078,333.29803466796875,True,True,True,True
probe4c1_kinematic_complex,B_MET112,5,1.0029916763305664,0.3334779739379883,-68.60;161.47;-167.40,g-/t/t,8.60;18.53;12.60,True,3.0843139640824013,CB--B:ILE113:N,3.452193103742994,"CE--sym1[1,1,0]/A:LEU110:CD1",1.962627649307251,,28.482864379882812,25.182567596435547,26.873756408691406,3.3002967834472656,86.76152687072754,24.904254913330078,333.29803466796875,True,True,True,True
probe4c1_kinematic_complex,B_MET112,6,1.0029916763305664,0.3334779739379883,-68.60;161.47;-167.40,g-/t/t,8.60;18.53;12.60,True,3.0843139640824013,CB--B:ILE113:N,3.452193103742994,"CE--sym1[1,1,0]/A:LEU110:CD1",1.962627649307251,,28.482864379882812,25.182567596435547,26.873756408691406,3.3002967834472656,86.76152687072754,24.904254913330078,333.29803466796875,True,True,True,True
probe4c1_kinematic_complex,B_MET112,7,1.0029901266098022,0.33347705006599426,-68.60;161.47;-167.40,g-/t/t,8.60;18.53;12.60,True,3.0843139640824013,CB--B:ILE113:N,3.452196568610176,"CE--sym1[1,1,0]/A:LEU110:CD1",1.96262788772583,,28.482864379882812,25.182567596435547,26.873756408691406,3.3002967834472656,86.76152687072754,24.904254913330078,333.29803466796875,True,True,True,True
probe4c1_kinematic_complex,B_MET112,8,1.0029916763305664,0.3334779739379883,-68.60;161.47;-167.40,g-/t/t,8.60;18.53;12.60,True,3.0843139640824013,CB--B:ILE113:N,3.452193103742994,"CE--sym1[1,1,0]/A:LEU110:CD1",1.962627649307251,,28.482864379882812,25.182567596435547,26.873756408691406,3.3002967834472656,86.76152687072754,24.904254913330078,333.29803466796875,True,True,True,True
probe4c1_kinematic_complex,B_MET112,9,1.0029898881912231,0.3334774374961853,-68.60;161.47;-167.40,g-/t/t,8.60;18.53;12.60,True,3.0843139640824013,CB--B:ILE113:N,3.452194775099749,"CE--sym1[1,1,0]/A:LEU110:CD1",1.9626295566558838,,28.482864379882812,25.182567596435547,26.873756408691406,3.3002967834472656,86.76152687072754,24.904254913330078,333.29803466796875,True,True,True,True
probe4c1_kinematic_complex,B_MET112,10,1.0029916763305664,0.3334779739379883,-68.60;161.47;-167.40,g-/t/t,8.60;18.53;12.60,True,3.0843139640824013,CB--B:ILE113:N,3.452193103742994,"CE--sym1[1,1,0]/A:LEU110:CD1",1.962627649307251,,28.482864379882812,25.182567596435547,26.873756408691406,3.3002967834472656,86.76152687072754,24.904254913330078,333.29803466796875,True,True,True,True
probe4c1_kinematic_complex,B_MET112,11,1.0029901266098022,0.33347705006599426,-68.60;161.47;-167.40,g-/t/t,8.60;18.53;12.60,True,3.0843139640824013,CB--B:ILE113:N,3.452196568610176,"CE--sym1[1,1,0]/A:LEU110:CD1",1.96262788772583,,28.482864379882812,25.182567596435547,26.873756408691406,3.3002967834472656,86.76152687072754,24.904254913330078,333.29803466796875,True,True,True,True
probe4c1_kinematic_complex,B_MET112,12,1.0029919147491455,0.33347758650779724,-68.60;161.47;-167.40,g-/t/t,8.60;18.53;12.60,True,3.0843139640824013,CB--B:ILE113:N,3.45219489725429,"CE--sym1[1,1,0]/A:LEU110:CD1",1.9626264572143555,,28.482864379882812,25.182567596435547,26.873756408691406,3.3002967834472656,86.76152687072754,24.904254913330078,333.29803466796875,True,True,True,True
probe4c1_kinematic_complex,B_MET112,13,1.0029901266098022,0.33347705006599426,-68.60;161.47;-167.40,g-/t/t,8.60;18.53;12.60,True,3.0843139640824013,CB--B:ILE113:N,3.452196568610176,"CE--sym1[1,1,0]/A:LEU110:CD1",1.96262788772583,,28.482864379882812,25.182567596435547,26.873756408691406,3.3002967834472656,86.76152687072754,24.904254913330078,333.29803466796875,True,True,True,True
probe4c1_kinematic_complex,B_MET112,14,1.0029916763305664,0.3334779739379883,-68.60;161.47;-167.40,g-/t/t,8.60;18.53;12.60,True,3.0843139640824013,CB--B:ILE113:N,3.452193103742994,"CE--sym1[1,1,0]/A:LEU110:CD1",1.962627649307251,,28.482864379882812,25.182567596435547,26.873756408691406,3.3002967834472656,86.76152687072754,24.904254913330078,333.29803466796875,True,True,True,True
probe4c1_kinematic_complex,B_MET112,15,1.0029916763305664,0.3334779739379883,-68.60;161.47;-167.40,g-/t/t,8.60;18.53;12.60,True,3.0843139640824013,CB--B:ILE113:N,3.452193103742994,"CE--sym1[1,1,0]/A:LEU110:CD1",1.962627649307251,,28.482864379882812,25.182567596435547,26.873756408691406,3.3002967834472656,86.76152687072754,24.904254913330078,333.29803466796875,True,True,True,True
probe4c1_kinematic_complex,B_MET112,16,1.0029916763305664,0.3334779739379883,-68.60;161.47;-167.40,g-/t/t,8.60;18.53;12.60,True,3.0843139640824013,CB--B:ILE113:N,3.452193103742994,"CE--sym1[1,1,0]/A:LEU110:CD1",1.962627649307251,,28.482864379882812,25.182567596435547,26.873756408691406,3.3002967834472656,86.76152687072754,24.904254913330078,333.29803466796875,True,True,True,True
probe4c1_kinematic_complex,B_MET112,17,1.0029916763305664,0.3334779739379883,-68.60;161.47;-167.40,g-/t/t,8.60;18.53;12.60,True,3.0843139640824013,CB--B:ILE113:N,3.452193103742994,"CE--sym1[1,1,0]/A:LEU110:CD1",1.962627649307251,,28.482864379882812,25.182567596435547,26.873756408691406,3.3002967834472656,86.76152687072754,24.904254913330078,333.29803466796875,True,True,True,True
probe4c1_kinematic_complex,B_MET112,18,1.0029898881912231,0.3334774374961853,-68.60;161.47;-167.40,g-/t/t,8.60;18.53;12.60,True,3.0843139640824013,CB--B:ILE113:N,3.452194775099749,"CE--sym1[1,1,0]/A:LEU110:CD1",1.9626295566558838,,28.482864379882812,25.182567596435547,26.873756408691406,3.3002967834472656,86.76152687072754,24.904254913330078,333.29803466796875,True,True,True,True
probe4c1_kinematic_complex,B_MET112,19,1.0029901266098022,0.33347705006599426,-68.60;161.47;-167.40,g-/t/t,8.60;18.53;12.60,True,3.0843139640824013,CB--B:ILE113:N,3.452196568610176,"CE--sym1[1,1,0]/A:LEU110:CD1",1.96262788772583,,28.482864379882812,25.182567596435547,26.873756408691406,3.3002967834472656,86.76152687072754,24.904254913330078,333.29803466796875,True,True,True,True
probe4c1_kinematic_complex,B_MET112,20,1.0029901266098022,0.33347705006599426,-68.60;161.47;-167.40,g-/t/t,8.60;18.53;12.60,True,3.0843139640824013,CB--B:ILE113:N,3.452196568610176,"CE--sym1[1,1,0]/A:LEU110:CD1",1.96262788772583,,28.482864379882812,25.182567596435547,26.873756408691406,3.3002967834472656,86.76152687072754,24.904254913330078,333.29803466796875,True,True,True,True
probe4c1_kinematic_complex,B_MET112,21,1.0029919147491455,0.33347758650779724,-68.60;161.47;-167.40,g-/t/t,8.60;18.53;12.60,True,3.0843139640824013,CB--B:ILE113:N,3.45219489725429,"CE--sym1[1,1,0]/A:LEU110:CD1",1.9626264572143555,,28.482864379882812,25.182567596435547,26.873756408691406,3.3002967834472656,86.76152687072754,24.904254913330078,333.29803466796875,True,True,True,True
probe4c1_kinematic_complex,B_MET112,22,1.0029901266098022,0.33347705006599426,-68.60;161.47;-167.40,g-/t/t,8.60;18.53;12.60,True,3.0843139640824013,CB--B:ILE113:N,3.452196568610176,"CE--sym1[1,1,0]/A:LEU110:CD1",1.96262788772583,,28.482864379882812,25.182567596435547,26.873756408691406,3.3002967834472656,86.76152687072754,24.904254913330078,333.29803466796875,True,True,True,True
probe4c1_kinematic_complex,B_MET112,23,1.0029916763305664,0.3334779739379883,-68.60;161.47;-167.40,g-/t/t,8.60;18.53;12.60,True,3.0843139640824013,CB--B:ILE113:N,3.452193103742994,"CE--sym1[1,1,0]/A:LEU110:CD1",1.962627649307251,,28.482864379882812,25.182567596435547,26.873756408691406,3.3002967834472656,86.76152687072754,24.904254913330078,333.29803466796875,True,True,True,True
probe4c1_kinematic_complex,B_MET112,24,1.0029901266098022,0.33347705006599426,-68.60;161.47;-167.40,g-/t/t,8.60;18.53;12.60,True,3.0843139640824013,CB--B:ILE113:N,3.452196568610176,"CE--sym1[1,1,0]/A:LEU110:CD1",1.96262788772583,,28.482864379882812,25.182567596435547,26.873756408691406,3.3002967834472656,86.76152687072754,24.904254913330078,333.29803466796875,True,True,True,True
probe4c1_kinematic_complex,B_MET112,25,1.0029901266098022,0.33347705006599426,-68.60;161.47;-167.40,g-/t/t,8.60;18.53;12.60,True,3.0843139640824013,CB--B:ILE113:N,3.452196568610176,"CE--sym1[1,1,0]/A:LEU110:CD1",1.96262788772583,,28.482864379882812,25.182567596435547,26.873756408691406,3.3002967834472656,86.76152687072754,24.904254913330078,333.29803466796875,True,True,True,True
probe4c1_kinematic_complex,B_MET112,26,1.0029916763305664,0.3334779739379883,-68.60;161.47;-167.40,g-/t/t,8.60;18.53;12.60,True,3.0843139640824013,CB--B:ILE113:N,3.452193103742994,"CE--sym1[1,1,0]/A:LEU110:CD1",1.962627649307251,,28.482864379882812,25.182567596435547,26.873756408691406,3.3002967834472656,86.76152687072754,24.904254913330078,333.29803466796875,True,True,True,True
probe4c1_kinematic_complex,B_MET112,27,1.0029916763305664,0.3334779739379883,-68.60;161.47;-167.40,g-/t/t,8.60;18.53;12.60,True,3.0843139640824013,CB--B:ILE113:N,3.452193103742994,"CE--sym1[1,1,0]/A:LEU110:CD1",1.962627649307251,,28.482864379882812,25.182567596435547,26.873756408691406,3.3002967834472656,86.76152687072754,24.904254913330078,333.29803466796875,True,True,True,True
probe4c1_kinematic_complex,B_MET112,28,1.0029898881912231,0.3334774374961853,-68.60;161.47;-167.40,g-/t/t,8.60;18.53;12.60,True,3.0843139640824013,CB--B:ILE113:N,3.452194775099749,"CE--sym1[1,1,0]/A:LEU110:CD1",1.9626295566558838,,28.482864379882812,25.182567596435547,26.873756408691406,3.3002967834472656,86.76152687072754,24.904254913330078,333.29803466796875,True,True,True,True
probe4c1_kinematic_complex,B_MET112,29,1.0029901266098022,0.33347705006599426,-68.60;161.47;-167.40,g-/t/t,8.60;18.53;12.60,True,3.0843139640824013,CB--B:ILE113:N,3.452196568610176,"CE--sym1[1,1,0]/A:LEU110:CD1",1.96262788772583,,28.482864379882812,25.182567596435547,26.873756408691406,3.3002967834472656,86.76152687072754,24.904254913330078,333.29803466796875,True,True,True,True
probe4c1_kinematic_complex,B_MET112,30,1.0029901266098022,0.33347705006599426,-68.60;161.47;-167.40,g-/t/t,8.60;18.53;12.60,True,3.0843139640824013,CB--B:ILE113:N,3.452196568610176,"CE--sym1[1,1,0]/A:LEU110:CD1",1.96262788772583,,28.482864379882812,25.182567596435547,26.873756408691406,3.3002967834472656,86.76152687072754,24.904254913330078,333.29803466796875,True,True,True,True
probe4c1_kinematic_complex,B_MET112,31,1.0029901266098022,0.33347705006599426,-68.60;161.47;-167.40,g-/t/t,8.60;18.53;12.60,True,3.0843139640824013,CB--B:ILE113:N,3.452196568610176,"CE--sym1[1,1,0]/A:LEU110:CD1",1.96262788772583,,28.482864379882812,25.182567596435547,26.873756408691406,3.3002967834472656,86.76152687072754,24.904254913330078,333.29803466796875,True,True,True,True
probe4c1_kinematic_complex,B_MET112,32,1.0029901266098022,0.33347705006599426,-68.60;161.47;-167.40,g-/t/t,8.60;18.53;12.60,True,3.0843139640824013,CB--B:ILE113:N,3.452196568610176,"CE--sym1[1,1,0]/A:LEU110:CD1",1.96262788772583,,28.482864379882812,25.182567596435547,26.873756408691406,3.3002967834472656,86.76152687072754,24.904254913330078,333.29803466796875,True,True,True,True
probe4c1_kinematic_complex,B_MET112,33,1.0029916763305664,0.3334779739379883,-68.60;161.47;-167.40,g-/t/t,8.60;18.53;12.60,True,3.0843139640824013,CB--B:ILE113:N,3.452193103742994,"CE--sym1[1,1,0]/A:LEU110:CD1",1.962627649307251,,28.482864379882812,25.182567596435547,26.873756408691406,3.3002967834472656,86.76152687072754,24.904254913330078,333.29803466796875,True,True,True,True
probe4c1_kinematic_complex,B_MET112,34,1.0029901266098022,0.33347705006599426,-68.60;161.47;-167.40,g-/t/t,8.60;18.53;12.60,True,3.0843139640824013,CB--B:ILE113:N,3.452196568610176,"CE--sym1[1,1,0]/A:LEU110:CD1",1.96262788772583,,28.482864379882812,25.182567596435547,26.873756408691406,3.3002967834472656,86.76152687072754,24.904254913330078,333.29803466796875,True,True,True,True
probe4c1_kinematic_complex,B_MET112,35,1.0029919147491455,0.33347758650779724,-68.60;161.47;-167.40,g-/t/t,8.60;18.53;12.60,True,3.0843139640824013,CB--B:ILE113:N,3.45219489725429,"CE--sym1[1,1,0]/A:LEU110:CD1",1.9626264572143555,,28.482864379882812,25.182567596435547,26.873756408691406,3.3002967834472656,86.76152687072754,24.904254913330078,333.29803466796875,True,True,True,True
probe4c1_kinematic_complex,B_MET112,36,1.0029919147491455,0.33347758650779724,-68.60;161.47;-167.40,g-/t/t,8.60;18.53;12.60,True,3.0843139640824013,CB--B:ILE113:N,3.45219489725429,"CE--sym1[1,1,0]/A:LEU110:CD1",1.9626264572143555,,28.482864379882812,25.182567596435547,26.873756408691406,3.3002967834472656,86.76152687072754,24.904254913330078,333.29803466796875,True,True,True,True
probe4c1_kinematic_complex,B_MET112,37,1.0029916763305664,0.3334779739379883,-68.60;161.47;-167.40,g-/t/t,8.60;18.53;12.60,True,3.0843139640824013,CB--B:ILE113:N,3.452193103742994,"CE--sym1[1,1,0]/A:LEU110:CD1",1.962627649307251,,28.482864379882812,25.182567596435547,26.873756408691406,3.3002967834472656,86.76152687072754,24.904254913330078,333.29803466796875,True,True,True,True
probe4c1_kinematic_complex,B_MET112,38,1.0029901266098022,0.33347705006599426,-68.60;161.47;-167.40,g-/t/t,8.60;18.53;12.60,True,3.0843139640824013,CB--B:ILE113:N,3.452196568610176,"CE--sym1[1,1,0]/A:LEU110:CD1",1.96262788772583,,28.482864379882812,25.182567596435547,26.873756408691406,3.3002967834472656,86.76152687072754,24.904254913330078,333.29803466796875,True,True,True,True
probe4c1_kinematic_complex,B_MET112,39,1.0029916763305664,0.3334779739379883,-68.60;161.47;-167.40,g-/t/t,8.60;18.53;12.60,True,3.0843139640824013,CB--B:ILE113:N,3.452193103742994,"CE--sym1[1,1,0]/A:LEU110:CD1",1.962627649307251,,28.482864379882812,25.182567596435547,26.873756408691406,3.3002967834472656,86.76152687072754,24.904254913330078,333.29803466796875,True,True,True,True
probe4c1_kinematic_complex,B_MET112,40,1.0029916763305664,0.3334779739379883,-68.60;161.47;-167.40,g-/t/t,8.60;18.53;12.60,True,3.0843139640824013,CB--B:ILE113:N,3.452193103742994,"CE--sym1[1,1,0]/A:LEU110:CD1",1.962627649307251,,28.482864379882812,25.182567596435547,26.873756408691406,3.3002967834472656,86.76152687072754,24.904254913330078,333.29803466796875,True,True,True,True
probe4c1_kinematic_complex,B_MET112,41,1.0029901266098022,0.33347705006599426,-68.60;161.47;-167.40,g-/t/t,8.60;18.53;12.60,True,3.0843139640824013,CB--B:ILE113:N,3.452196568610176,"CE--sym1[1,1,0]/A:LEU110:CD1",1.96262788772583,,28.482864379882812,25.182567596435547,26.873756408691406,3.3002967834472656,86.76152687072754,24.904254913330078,333.29803466796875,True,True,True,True
probe4c1_kinematic_complex,B_MET112,42,1.0029898881912231,0.3334774374961853,-68.60;161.47;-167.40,g-/t/t,8.60;18.53;12.60,True,3.0843139640824013,CB--B:ILE113:N,3.452194775099749,"CE--sym1[1,1,0]/A:LEU110:CD1",1.9626295566558838,,28.482864379882812,25.182567596435547,26.873756408691406,3.3002967834472656,86.76152687072754,24.904254913330078,333.29803466796875,True,True,True,True
probe4c1_kinematic_complex,B_MET112,43,1.0029916763305664,0.3334779739379883,-68.60;161.47;-167.40,g-/t/t,8.60;18.53;12.60,True,3.0843139640824013,CB--B:ILE113:N,3.452193103742994,"CE--sym1[1,1,0]/A:LEU110:CD1",1.962627649307251,,28.482864379882812,25.182567596435547,26.873756408691406,3.3002967834472656,86.76152687072754,24.904254913330078,333.29803466796875,True,True,True,True
probe4c1_kinematic_complex,B_MET112,44,1.0029916763305664,0.3334779739379883,-68.60;161.47;-167.40,g-/t/t,8.60;18.53;12.60,True,3.0843139640824013,CB--B:ILE113:N,3.452193103742994,"CE--sym1[1,1,0]/A:LEU110:CD1",1.962627649307251,,28.482864379882812,25.182567596435547,26.873756408691406,3.3002967834472656,86.76152687072754,24.904254913330078,333.29803466796875,True,True,True,True
probe4c1_kinematic_complex,B_MET112,45,1.0029901266098022,0.33347705006599426,-68.60;161.47;-167.40,g-/t/t,8.60;18.53;12.60,True,3.0843139640824013,CB--B:ILE113:N,3.452196568610176,"CE--sym1[1,1,0]/A:LEU110:CD1",1.96262788772583,,28.482864379882812,25.182567596435547,26.873756408691406,3.3002967834472656,86.76152687072754,24.904254913330078,333.29803466796875,True,True,True,True
probe4c1_kinematic_complex,B_MET112,46,1.0029916763305664,0.3334779739379883,-68.60;161.47;-167.40,g-/t/t,8.60;18.53;12.60,True,3.0843139640824013,CB--B:ILE113:N,3.452193103742994,"CE--sym1[1,1,0]/A:LEU110:CD1",1.962627649307251,,28.482864379882812,25.182567596435547,26.873756408691406,3.3002967834472656,86.76152687072754,24.904254913330078,333.29803466796875,True,True,True,True
probe4c1_kinematic_complex,B_MET112,47,1.0029916763305664,0.3334779739379883,-68.60;161.47;-167.40,g-/t/t,8.60;18.53;12.60,True,3.0843139640824013,CB--B:ILE113:N,3.452193103742994,"CE--sym1[1,1,0]/A:LEU110:CD1",1.962627649307251,,28.482864379882812,25.182567596435547,26.873756408691406,3.3002967834472656,86.76152687072754,24.904254913330078,333.29803466796875,True,True,True,True
probe4c1_kinematic_complex,B_MET112,48,1.0029898881912231,0.3334774374961853,-68.60;161.47;-167.40,g-/t/t,8.60;18.53;12.60,True,3.0843139640824013,CB--B:ILE113:N,3.452194775099749,"CE--sym1[1,1,0]/A:LEU110:CD1",1.9626295566558838,,28.482864379882812,25.182567596435547,26.873756408691406,3.3002967834472656,86.76152687072754,24.904254913330078,333.29803466796875,True,True,True,True
probe4c1_kinematic_complex,B_MET112,49,1.0029898881912231,0.3334774374961853,-68.60;161.47;-167.40,g-/t/t,8.60;18.53;12.60,True,3.0843139640824013,CB--B:ILE113:N,3.452194775099749,"CE--sym1[1,1,0]/A:LEU110:CD1",1.9626295566558838,,28.482864379882812,25.182567596435547,26.873756408691406,3.3002967834472656,86.76152687072754,24.904254913330078,333.29803466796875,True,True,True,True
probe4c2_A_soft_synthetic,B_MET112,0,0.33034759759902954,0.8831827044487,-56.47;172.66;91.35,g-/t/m+,3.53;7.34;1.35,True,3.0843139640824013,CB--B:ILE113:N,3.405612887325785,"SD--sym1[1,1,0]/A:LEU110:CD1",1.8251450061798096,,28.145660400390625,25.182567596435547,26.873756408691406,2.963092803955078,86.76152687072754,24.904254913330078,333.29803466796875,True,True,False,False
probe4c2_A_soft_synthetic,B_MET112,1,0.33034759759902954,0.8831827044487,-56.47;172.66;91.35,g-/t/m+,3.53;7.34;1.35,True,3.0843139640824013,CB--B:ILE113:N,3.405612887325785,"SD--sym1[1,1,0]/A:LEU110:CD1",1.8251450061798096,,28.145660400390625,25.182567596435547,26.873756408691406,2.963092803955078,86.76152687072754,24.904254913330078,333.29803466796875,True,True,False,False
probe4c2_A_soft_synthetic,B_MET112,2,0.33034759759902954,0.8831827044487,-56.47;172.66;91.35,g-/t/m+,3.53;7.34;1.35,True,3.0843139640824013,CB--B:ILE113:N,3.405612887325785,"SD--sym1[1,1,0]/A:LEU110:CD1",1.8251450061798096,,28.145660400390625,25.182567596435547,26.873756408691406,2.963092803955078,86.76152687072754,24.904254913330078,333.29803466796875,True,True,False,False
probe4c2_A_soft_synthetic,B_MET112,3,0.33034759759902954,0.8831827044487,-56.47;172.66;91.35,g-/t/m+,3.53;7.34;1.35,True,3.0843139640824013,CB--B:ILE113:N,3.405612887325785,"SD--sym1[1,1,0]/A:LEU110:CD1",1.8251450061798096,,28.145660400390625,25.182567596435547,26.873756408691406,2.963092803955078,86.76152687072754,24.904254913330078,333.29803466796875,True,True,False,False
probe4c2_A_soft_synthetic,B_MET112,4,0.33034759759902954,0.8831827044487,-56.47;172.66;91.35,g-/t/m+,3.53;7.34;1.35,True,3.0843139640824013,CB--B:ILE113:N,3.405612887325785,"SD--sym1[1,1,0]/A:LEU110:CD1",1.8251450061798096,,28.145660400390625,25.182567596435547,26.873756408691406,2.963092803955078,86.76152687072754,24.904254913330078,333.29803466796875,True,True,False,False
probe4c2_A_soft_synthetic,B_MET112,5,0.33034759759902954,0.8831827044487,-56.47;172.66;91.35,g-/t/m+,3.53;7.34;1.35,True,3.0843139640824013,CB--B:ILE113:N,3.405612887325785,"SD--sym1[1,1,0]/A:LEU110:CD1",1.8251450061798096,,28.145660400390625,25.182567596435547,26.873756408691406,2.963092803955078,86.76152687072754,24.904254913330078,333.29803466796875,True,True,False,False
probe4c2_A_soft_synthetic,B_MET112,6,0.33034759759902954,0.8831827044487,-56.47;172.66;91.35,g-/t/m+,3.53;7.34;1.35,True,3.0843139640824013,CB--B:ILE113:N,3.405612887325785,"SD--sym1[1,1,0]/A:LEU110:CD1",1.8251450061798096,,28.145660400390625,25.182567596435547,26.873756408691406,2.963092803955078,86.76152687072754,24.904254913330078,333.29803466796875,True,True,False,False
probe4c2_A_soft_synthetic,B_MET112,7,0.33034759759902954,0.8831827044487,-56.47;172.66;91.35,g-/t/m+,3.53;7.34;1.35,True,3.0843139640824013,CB--B:ILE113:N,3.405612887325785,"SD--sym1[1,1,0]/A:LEU110:CD1",1.8251465559005737,,28.145660400390625,25.182567596435547,26.873756408691406,2.963092803955078,86.76152687072754,24.904254913330078,333.29803466796875,True,True,False,False
probe4c2_A_soft_synthetic,B_MET112,8,0.33034759759902954,0.8831827044487,-56.47;172.66;91.35,g-/t/m+,3.53;7.34;1.35,True,3.0843139640824013,CB--B:ILE113:N,3.405612887325785,"SD--sym1[1,1,0]/A:LEU110:CD1",1.8251465559005737,,28.145660400390625,25.182567596435547,26.873756408691406,2.963092803955078,86.76152687072754,24.904254913330078,333.29803466796875,True,True,False,False
probe4c2_A_soft_synthetic,B_MET112,9,0.33034759759902954,0.8831827044487,-56.47;172.66;91.35,g-/t/m+,3.53;7.34;1.35,True,3.0843139640824013,CB--B:ILE113:N,3.405612887325785,"SD--sym1[1,1,0]/A:LEU110:CD1",1.8251450061798096,,28.145660400390625,25.182567596435547,26.873756408691406,2.963092803955078,86.76152687072754,24.904254913330078,333.29803466796875,True,True,False,False
probe4c2_A_soft_synthetic,B_MET112,10,0.33034732937812805,0.8831830620765686,-56.47;172.66;91.35,g-/t/m+,3.53;7.34;1.35,True,3.0843139640824013,CB--B:ILE113:N,3.405612887325785,"SD--sym1[1,1,0]/A:LEU110:CD1",1.8251465559005737,,28.145660400390625,25.182567596435547,26.873756408691406,2.963092803955078,86.76152687072754,24.904254913330078,333.29803466796875,True,True,False,False
probe4c2_A_soft_synthetic,B_MET112,11,0.33034759759902954,0.8831827044487,-56.47;172.66;91.35,g-/t/m+,3.53;7.34;1.35,True,3.0843139640824013,CB--B:ILE113:N,3.405612887325785,"SD--sym1[1,1,0]/A:LEU110:CD1",1.8251450061798096,,28.145660400390625,25.182567596435547,26.873756408691406,2.963092803955078,86.76152687072754,24.904254913330078,333.29803466796875,True,True,False,False
probe4c2_A_soft_synthetic,B_MET112,12,0.33034759759902954,0.8831827044487,-56.47;172.66;91.35,g-/t/m+,3.53;7.34;1.35,True,3.0843139640824013,CB--B:ILE113:N,3.405612887325785,"SD--sym1[1,1,0]/A:LEU110:CD1",1.8251450061798096,,28.145660400390625,25.182567596435547,26.873756408691406,2.963092803955078,86.76152687072754,24.904254913330078,333.29803466796875,True,True,False,False
probe4c2_A_soft_synthetic,B_MET112,13,0.33034759759902954,0.8831827044487,-56.47;172.66;91.35,g-/t/m+,3.53;7.34;1.35,True,3.0843139640824013,CB--B:ILE113:N,3.405612887325785,"SD--sym1[1,1,0]/A:LEU110:CD1",1.8251450061798096,,28.145660400390625,25.182567596435547,26.873756408691406,2.963092803955078,86.76152687072754,24.904254913330078,333.29803466796875,True,True,False,False
probe4c2_A_soft_synthetic,B_MET112,14,0.33034759759902954,0.8831827044487,-56.47;172.66;91.35,g-/t/m+,3.53;7.34;1.35,True,3.0843139640824013,CB--B:ILE113:N,3.405612887325785,"SD--sym1[1,1,0]/A:LEU110:CD1",1.8251450061798096,,28.145660400390625,25.182567596435547,26.873756408691406,2.963092803955078,86.76152687072754,24.904254913330078,333.29803466796875,True,True,False,False
probe4c2_A_soft_synthetic,B_MET112,15,0.33034759759902954,0.8831827044487,-56.47;172.66;91.35,g-/t/m+,3.53;7.34;1.35,True,3.0843139640824013,CB--B:ILE113:N,3.405612887325785,"SD--sym1[1,1,0]/A:LEU110:CD1",1.8251450061798096,,28.145660400390625,25.182567596435547,26.873756408691406,2.963092803955078,86.76152687072754,24.904254913330078,333.29803466796875,True,True,False,False
probe4c2_A_soft_synthetic,B_MET112,16,0.33034759759902954,0.8831827044487,-56.47;172.66;91.35,g-/t/m+,3.53;7.34;1.35,True,3.0843139640824013,CB--B:ILE113:N,3.405612887325785,"SD--sym1[1,1,0]/A:LEU110:CD1",1.8251450061798096,,28.145660400390625,25.182567596435547,26.873756408691406,2.963092803955078,86.76152687072754,24.904254913330078,333.29803466796875,True,True,False,False
probe4c2_A_soft_synthetic,B_MET112,17,0.33034759759902954,0.8831827044487,-56.47;172.66;91.35,g-/t/m+,3.53;7.34;1.35,True,3.0843139640824013,CB--B:ILE113:N,3.405612887325785,"SD--sym1[1,1,0]/A:LEU110:CD1",1.8251450061798096,,28.145660400390625,25.182567596435547,26.873756408691406,2.963092803955078,86.76152687072754,24.904254913330078,333.29803466796875,True,True,False,False
probe4c2_A_soft_synthetic,B_MET112,18,0.33034759759902954,0.8831827044487,-56.47;172.66;91.35,g-/t/m+,3.53;7.34;1.35,True,3.0843139640824013,CB--B:ILE113:N,3.405612887325785,"SD--sym1[1,1,0]/A:LEU110:CD1",1.8251450061798096,,28.145660400390625,25.182567596435547,26.873756408691406,2.963092803955078,86.76152687072754,24.904254913330078,333.29803466796875,True,True,False,False
probe4c2_A_soft_synthetic,B_MET112,19,0.33034759759902954,0.8831827044487,-56.47;172.66;91.35,g-/t/m+,3.53;7.34;1.35,True,3.0843139640824013,CB--B:ILE113:N,3.405612887325785,"SD--sym1[1,1,0]/A:LEU110:CD1",1.8251450061798096,,28.145660400390625,25.182567596435547,26.873756408691406,2.963092803955078,86.76152687072754,24.904254913330078,333.29803466796875,True,True,False,False
probe4c2_A_soft_synthetic,B_MET112,20,0.33034759759902954,0.8831827044487,-56.47;172.66;91.35,g-/t/m+,3.53;7.34;1.35,True,3.0843139640824013,CB--B:ILE113:N,3.405612887325785,"SD--sym1[1,1,0]/A:LEU110:CD1",1.8251465559005737,,28.145660400390625,25.182567596435547,26.873756408691406,2.963092803955078,86.76152687072754,24.904254913330078,333.29803466796875,True,True,False,False
probe4c2_A_soft_synthetic,B_MET112,21,0.33034759759902954,0.8831827044487,-56.47;172.66;91.35,g-/t/m+,3.53;7.34;1.35,True,3.0843139640824013,CB--B:ILE113:N,3.405612887325785,"SD--sym1[1,1,0]/A:LEU110:CD1",1.8251450061798096,,28.145660400390625,25.182567596435547,26.873756408691406,2.963092803955078,86.76152687072754,24.904254913330078,333.29803466796875,True,True,False,False
probe4c2_A_soft_synthetic,B_MET112,22,0.33034759759902954,0.8831827044487,-56.47;172.66;91.35,g-/t/m+,3.53;7.34;1.35,True,3.0843139640824013,CB--B:ILE113:N,3.405612887325785,"SD--sym1[1,1,0]/A:LEU110:CD1",1.8251450061798096,,28.145660400390625,25.182567596435547,26.873756408691406,2.963092803955078,86.76152687072754,24.904254913330078,333.29803466796875,True,True,False,False
probe4c2_A_soft_synthetic,B_MET112,23,0.33034759759902954,0.8831827044487,-56.47;172.66;91.35,g-/t/m+,3.53;7.34;1.35,True,3.0843139640824013,CB--B:ILE113:N,3.405612887325785,"SD--sym1[1,1,0]/A:LEU110:CD1",1.8251465559005737,,28.145660400390625,25.182567596435547,26.873756408691406,2.963092803955078,86.76152687072754,24.904254913330078,333.29803466796875,True,True,False,False
probe4c2_A_soft_synthetic,B_MET112,24,0.33034759759902954,0.8831827044487,-56.47;172.66;91.35,g-/t/m+,3.53;7.34;1.35,True,3.0843139640824013,CB--B:ILE113:N,3.405612887325785,"SD--sym1[1,1,0]/A:LEU110:CD1",1.8251450061798096,,28.145660400390625,25.182567596435547,26.873756408691406,2.963092803955078,86.76152687072754,24.904254913330078,333.29803466796875,True,True,False,False
probe4c2_A_soft_synthetic,B_MET112,25,0.33034759759902954,0.8831827044487,-56.47;172.66;91.35,g-/t/m+,3.53;7.34;1.35,True,3.0843139640824013,CB--B:ILE113:N,3.405612887325785,"SD--sym1[1,1,0]/A:LEU110:CD1",1.8251465559005737,,28.145660400390625,25.182567596435547,26.873756408691406,2.963092803955078,86.76152687072754,24.904254913330078,333.29803466796875,True,True,False,False
probe4c2_A_soft_synthetic,B_MET112,26,0.33034759759902954,0.8831827044487,-56.47;172.66;91.35,g-/t/m+,3.53;7.34;1.35,True,3.0843139640824013,CB--B:ILE113:N,3.405612887325785,"SD--sym1[1,1,0]/A:LEU110:CD1",1.8251450061798096,,28.145660400390625,25.182567596435547,26.873756408691406,2.963092803955078,86.76152687072754,24.904254913330078,333.29803466796875,True,True,False,False
probe4c2_A_soft_synthetic,B_MET112,27,0.33034759759902954,0.8831827044487,-56.47;172.66;91.35,g-/t/m+,3.53;7.34;1.35,True,3.0843139640824013,CB--B:ILE113:N,3.405612887325785,"SD--sym1[1,1,0]/A:LEU110:CD1",1.8251450061798096,,28.145660400390625,25.182567596435547,26.873756408691406,2.963092803955078,86.76152687072754,24.904254913330078,333.29803466796875,True,True,False,False
probe4c2_A_soft_synthetic,B_MET112,28,0.33034759759902954,0.8831827044487,-56.47;172.66;91.35,g-/t/m+,3.53;7.34;1.35,True,3.0843139640824013,CB--B:ILE113:N,3.405612887325785,"SD--sym1[1,1,0]/A:LEU110:CD1",1.8251465559005737,,28.145660400390625,25.182567596435547,26.873756408691406,2.963092803955078,86.76152687072754,24.904254913330078,333.29803466796875,True,True,False,False
probe4c2_A_soft_synthetic,B_MET112,29,0.33034759759902954,0.8831827044487,-56.47;172.66;91.35,g-/t/m+,3.53;7.34;1.35,True,3.0843139640824013,CB--B:ILE113:N,3.405612887325785,"SD--sym1[1,1,0]/A:LEU110:CD1",1.8251450061798096,,28.145660400390625,25.182567596435547,26.873756408691406,2.963092803955078,86.76152687072754,24.904254913330078,333.29803466796875,True,True,False,False
probe4c2_A_soft_synthetic,B_MET112,30,0.33034759759902954,0.8831827044487,-56.47;172.66;91.35,g-/t/m+,3.53;7.34;1.35,True,3.0843139640824013,CB--B:ILE113:N,3.405612887325785,"SD--sym1[1,1,0]/A:LEU110:CD1",1.8251450061798096,,28.145660400390625,25.182567596435547,26.873756408691406,2.963092803955078,86.76152687072754,24.904254913330078,333.29803466796875,True,True,False,False
probe4c2_A_soft_synthetic,B_MET112,31,0.33034759759902954,0.8831827044487,-56.47;172.66;91.35,g-/t/m+,3.53;7.34;1.35,True,3.0843139640824013,CB--B:ILE113:N,3.405612887325785,"SD--sym1[1,1,0]/A:LEU110:CD1",1.8251450061798096,,28.145660400390625,25.182567596435547,26.873756408691406,2.963092803955078,86.76152687072754,24.904254913330078,333.29803466796875,True,True,False,False
probe4c2_A_soft_synthetic,B_MET112,32,0.33034759759902954,0.8831827044487,-56.47;172.66;91.35,g-/t/m+,3.53;7.34;1.35,True,3.0843139640824013,CB--B:ILE113:N,3.405612887325785,"SD--sym1[1,1,0]/A:LEU110:CD1",1.8251465559005737,,28.145660400390625,25.182567596435547,26.873756408691406,2.963092803955078,86.76152687072754,24.904254913330078,333.29803466796875,True,True,False,False
probe4c2_A_soft_synthetic,B_MET112,33,0.33034759759902954,0.8831827044487,-56.47;172.66;91.35,g-/t/m+,3.53;7.34;1.35,True,3.0843139640824013,CB--B:ILE113:N,3.405612887325785,"SD--sym1[1,1,0]/A:LEU110:CD1",1.8251450061798096,,28.145660400390625,25.182567596435547,26.873756408691406,2.963092803955078,86.76152687072754,24.904254913330078,333.29803466796875,True,True,False,False
probe4c2_A_soft_synthetic,B_MET112,34,0.33034759759902954,0.8831827044487,-56.47;172.66;91.35,g-/t/m+,3.53;7.34;1.35,True,3.0843139640824013,CB--B:ILE113:N,3.405612887325785,"SD--sym1[1,1,0]/A:LEU110:CD1",1.8251450061798096,,28.145660400390625,25.182567596435547,26.873756408691406,2.963092803955078,86.76152687072754,24.904254913330078,333.29803466796875,True,True,False,False
probe4c2_A_soft_synthetic,B_MET112,35,0.33034759759902954,0.8831827044487,-56.47;172.66;91.35,g-/t/m+,3.53;7.34;1.35,True,3.0843139640824013,CB--B:ILE113:N,3.405612887325785,"SD--sym1[1,1,0]/A:LEU110:CD1",1.8251450061798096,,28.145660400390625,25.182567596435547,26.873756408691406,2.963092803955078,86.76152687072754,24.904254913330078,333.29803466796875,True,True,False,False
probe4c2_A_soft_synthetic,B_MET112,36,0.33034759759902954,0.8831827044487,-56.47;172.66;91.35,g-/t/m+,3.53;7.34;1.35,True,3.0843139640824013,CB--B:ILE113:N,3.405612887325785,"SD--sym1[1,1,0]/A:LEU110:CD1",1.8251465559005737,,28.145660400390625,25.182567596435547,26.873756408691406,2.963092803955078,86.76152687072754,24.904254913330078,333.29803466796875,True,True,False,False
probe4c2_A_soft_synthetic,B_MET112,37,0.33034759759902954,0.8831827044487,-56.47;172.66;91.35,g-/t/m+,3.53;7.34;1.35,True,3.0843139640824013,CB--B:ILE113:N,3.405612887325785,"SD--sym1[1,1,0]/A:LEU110:CD1",1.8251450061798096,,28.145660400390625,25.182567596435547,26.873756408691406,2.963092803955078,86.76152687072754,24.904254913330078,333.29803466796875,True,True,False,False
probe4c2_A_soft_synthetic,B_MET112,38,0.33034759759902954,0.8831827044487,-56.47;172.66;91.35,g-/t/m+,3.53;7.34;1.35,True,3.0843139640824013,CB--B:ILE113:N,3.405612887325785,"SD--sym1[1,1,0]/A:LEU110:CD1",1.8251465559005737,,28.145660400390625,25.182567596435547,26.873756408691406,2.963092803955078,86.76152687072754,24.904254913330078,333.29803466796875,True,True,False,False
probe4c2_A_soft_synthetic,B_MET112,39,0.33034759759902954,0.8831827044487,-56.47;172.66;91.35,g-/t/m+,3.53;7.34;1.35,True,3.0843139640824013,CB--B:ILE113:N,3.405612887325785,"SD--sym1[1,1,0]/A:LEU110:CD1",1.8251450061798096,,28.145660400390625,25.182567596435547,26.873756408691406,2.963092803955078,86.76152687072754,24.904254913330078,333.29803466796875,True,True,False,False
probe4c2_A_soft_synthetic,B_MET112,40,0.33034759759902954,0.8831827044487,-56.47;172.66;91.35,g-/t/m+,3.53;7.34;1.35,True,3.0843139640824013,CB--B:ILE113:N,3.405612887325785,"SD--sym1[1,1,0]/A:LEU110:CD1",1.8251450061798096,,28.145660400390625,25.182567596435547,26.873756408691406,2.963092803955078,86.76152687072754,24.904254913330078,333.29803466796875,True,True,False,False
probe4c2_A_soft_synthetic,B_MET112,41,0.33034759759902954,0.8831827044487,-56.47;172.66;91.35,g-/t/m+,3.53;7.34;1.35,True,3.0843139640824013,CB--B:ILE113:N,3.405612887325785,"SD--sym1[1,1,0]/A:LEU110:CD1",1.8251450061798096,,28.145660400390625,25.182567596435547,26.873756408691406,2.963092803955078,86.76152687072754,24.904254913330078,333.29803466796875,True,True,False,False
probe4c2_A_soft_synthetic,B_MET112,42,0.33034759759902954,0.8831827044487,-56.47;172.66;91.35,g-/t/m+,3.53;7.34;1.35,True,3.0843139640824013,CB--B:ILE113:N,3.405612887325785,"SD--sym1[1,1,0]/A:LEU110:CD1",1.8251450061798096,,28.145660400390625,25.182567596435547,26.873756408691406,2.963092803955078,86.76152687072754,24.904254913330078,333.29803466796875,True,True,False,False
probe4c2_A_soft_synthetic,B_MET112,43,0.33034759759902954,0.8831827044487,-56.47;172.66;91.35,g-/t/m+,3.53;7.34;1.35,True,3.0843139640824013,CB--B:ILE113:N,3.405612887325785,"SD--sym1[1,1,0]/A:LEU110:CD1",1.8251450061798096,,28.145660400390625,25.182567596435547,26.873756408691406,2.963092803955078,86.76152687072754,24.904254913330078,333.29803466796875,True,True,False,False
probe4c2_A_soft_synthetic,B_MET112,44,0.33034759759902954,0.8831827044487,-56.47;172.66;91.35,g-/t/m+,3.53;7.34;1.35,True,3.0843139640824013,CB--B:ILE113:N,3.405612887325785,"SD--sym1[1,1,0]/A:LEU110:CD1",1.8251450061798096,,28.145660400390625,25.182567596435547,26.873756408691406,2.963092803955078,86.76152687072754,24.904254913330078,333.29803466796875,True,True,False,False
probe4c2_A_soft_synthetic,B_MET112,45,0.33034759759902954,0.8831827044487,-56.47;172.66;91.35,g-/t/m+,3.53;7.34;1.35,True,3.0843139640824013,CB--B:ILE113:N,3.405612887325785,"SD--sym1[1,1,0]/A:LEU110:CD1",1.8251450061798096,,28.145660400390625,25.182567596435547,26.873756408691406,2.963092803955078,86.76152687072754,24.904254913330078,333.29803466796875,True,True,False,False
probe4c2_A_soft_synthetic,B_MET112,46,0.33034759759902954,0.8831827044487,-56.47;172.66;91.35,g-/t/m+,3.53;7.34;1.35,True,3.0843139640824013,CB--B:ILE113:N,3.405612887325785,"SD--sym1[1,1,0]/A:LEU110:CD1",1.8251450061798096,,28.145660400390625,25.182567596435547,26.873756408691406,2.963092803955078,86.76152687072754,24.904254913330078,333.29803466796875,True,True,False,False
probe4c2_A_soft_synthetic,B_MET112,47,0.33034759759902954,0.8831827044487,-56.47;172.66;91.35,g-/t/m+,3.53;7.34;1.35,True,3.0843139640824013,CB--B:ILE113:N,3.405612887325785,"SD--sym1[1,1,0]/A:LEU110:CD1",1.8251450061798096,,28.145660400390625,25.182567596435547,26.873756408691406,2.963092803955078,86.76152687072754,24.904254913330078,333.29803466796875,True,True,False,False
probe4c2_A_soft_synthetic,B_MET112,48,0.33034759759902954,0.8831827044487,-56.47;172.66;91.35,g-/t/m+,3.53;7.34;1.35,True,3.0843139640824013,CB--B:ILE113:N,3.405612887325785,"SD--sym1[1,1,0]/A:LEU110:CD1",1.8251465559005737,,28.145660400390625,25.182567596435547,26.873756408691406,2.963092803955078,86.76152687072754,24.904254913330078,333.29803466796875,True,True,False,False
probe4c2_A_soft_synthetic,B_MET112,49,0.33034759759902954,0.8831827044487,-56.47;172.66;91.35,g-/t/m+,3.53;7.34;1.35,True,3.0843139640824013,CB--B:ILE113:N,3.405612887325785,"SD--sym1[1,1,0]/A:LEU110:CD1",1.8251450061798096,,28.145660400390625,25.182567596435547,26.873756408691406,2.963092803955078,86.76152687072754,24.904254913330078,333.29803466796875,True,True,False,False
probe4c2_B_soft_localized,B_MET112,0,0.4234587848186493,0.9561200141906738,-63.08;158.22;84.99,g-/t/m+,3.08;21.78;5.01,True,3.0843139640824013,CB--B:ILE113:N,3.142600884418033,"CE--sym1[1,1,0]/A:LEU110:CD1",1.8924814462661743,,27.02654266357422,25.182567596435547,26.873756408691406,1.8439750671386719,86.76152687072754,24.904254913330078,333.29803466796875,True,True,False,False
probe4c2_B_soft_localized,B_MET112,1,0.4234587848186493,0.9561200141906738,-63.08;158.22;84.99,g-/t/m+,3.08;21.78;5.01,True,3.0843139640824013,CB--B:ILE113:N,3.142600884418033,"CE--sym1[1,1,0]/A:LEU110:CD1",1.8924814462661743,,27.02654266357422,25.182567596435547,26.873756408691406,1.8439750671386719,86.76152687072754,24.904254913330078,333.29803466796875,True,True,False,False
probe4c2_B_soft_localized,B_MET112,2,0.4234587848186493,0.9561200141906738,-63.08;158.22;84.99,g-/t/m+,3.08;21.78;5.01,True,3.0843139640824013,CB--B:ILE113:N,3.142600884418033,"CE--sym1[1,1,0]/A:LEU110:CD1",1.8924814462661743,,27.02654266357422,25.182567596435547,26.873756408691406,1.8439750671386719,86.76152687072754,24.904254913330078,333.29803466796875,True,True,False,False
probe4c2_B_soft_localized,B_MET112,3,0.4234587550163269,0.956119954586029,-63.08;158.22;84.99,g-/t/m+,3.08;21.78;5.01,True,3.0843139640824013,CB--B:ILE113:N,3.1426002447684875,"CE--sym1[1,1,0]/A:LEU110:CD1",1.8924814462661743,,27.02654266357422,25.182567596435547,26.873756408691406,1.8439750671386719,86.76152687072754,24.904254913330078,333.29803466796875,True,True,False,False
probe4c2_B_soft_localized,B_MET112,4,0.4234587848186493,0.9561200141906738,-63.08;158.22;84.99,g-/t/m+,3.08;21.78;5.01,True,3.0843139640824013,CB--B:ILE113:N,3.142600884418033,"CE--sym1[1,1,0]/A:LEU110:CD1",1.8924814462661743,,27.02654266357422,25.182567596435547,26.873756408691406,1.8439750671386719,86.76152687072754,24.904254913330078,333.29803466796875,True,True,False,False
probe4c2_B_soft_localized,B_MET112,5,0.4234587848186493,0.9561200141906738,-63.08;158.22;84.99,g-/t/m+,3.08;21.78;5.01,True,3.0843139640824013,CB--B:ILE113:N,3.142600884418033,"CE--sym1[1,1,0]/A:LEU110:CD1",1.8924814462661743,,27.02654266357422,25.182567596435547,26.873756408691406,1.8439750671386719,86.76152687072754,24.904254913330078,333.29803466796875,True,True,False,False
probe4c2_B_soft_localized,B_MET112,6,0.4234587848186493,0.9561200141906738,-63.08;158.22;84.99,g-/t/m+,3.08;21.78;5.01,True,3.0843139640824013,CB--B:ILE113:N,3.142600884418033,"CE--sym1[1,1,0]/A:LEU110:CD1",1.8924814462661743,,27.02654266357422,25.182567596435547,26.873756408691406,1.8439750671386719,86.76152687072754,24.904254913330078,333.29803466796875,True,True,False,False
probe4c2_B_soft_localized,B_MET112,7,0.4234587848186493,0.9561200141906738,-63.08;158.22;84.99,g-/t/m+,3.08;21.78;5.01,True,3.0843139640824013,CB--B:ILE113:N,3.142600884418033,"CE--sym1[1,1,0]/A:LEU110:CD1",1.8924814462661743,,27.02654266357422,25.182567596435547,26.873756408691406,1.8439750671386719,86.76152687072754,24.904254913330078,333.29803466796875,True,True,False,False
probe4c2_B_soft_localized,B_MET112,8,0.4234587848186493,0.9561200141906738,-63.08;158.22;84.99,g-/t/m+,3.08;21.78;5.01,True,3.0843139640824013,CB--B:ILE113:N,3.142600884418033,"CE--sym1[1,1,0]/A:LEU110:CD1",1.8924814462661743,,27.02654266357422,25.182567596435547,26.873756408691406,1.8439750671386719,86.76152687072754,24.904254913330078,333.29803466796875,True,True,False,False
probe4c2_B_soft_localized,B_MET112,9,0.4234587848186493,0.9561200141906738,-63.08;158.22;84.99,g-/t/m+,3.08;21.78;5.01,True,3.0843139640824013,CB--B:ILE113:N,3.142600884418033,"CE--sym1[1,1,0]/A:LEU110:CD1",1.8924814462661743,,27.02654266357422,25.182567596435547,26.873756408691406,1.8439750671386719,86.76152687072754,24.904254913330078,333.29803466796875,True,True,False,False
probe4c2_B_soft_localized,B_MET112,10,0.4234587848186493,0.9561200141906738,-63.08;158.22;84.99,g-/t/m+,3.08;21.78;5.01,True,3.0843139640824013,CB--B:ILE113:N,3.142600884418033,"CE--sym1[1,1,0]/A:LEU110:CD1",1.8924814462661743,,27.02654266357422,25.182567596435547,26.873756408691406,1.8439750671386719,86.76152687072754,24.904254913330078,333.29803466796875,True,True,False,False
probe4c2_B_soft_localized,B_MET112,11,0.4234587848186493,0.9561200141906738,-63.08;158.22;84.99,g-/t/m+,3.08;21.78;5.01,True,3.0843139640824013,CB--B:ILE113:N,3.142600884418033,"CE--sym1[1,1,0]/A:LEU110:CD1",1.8924814462661743,,27.02654266357422,25.182567596435547,26.873756408691406,1.8439750671386719,86.76152687072754,24.904254913330078,333.29803466796875,True,True,False,False
probe4c2_B_soft_localized,B_MET112,12,0.4234587848186493,0.9561200141906738,-63.08;158.22;84.99,g-/t/m+,3.08;21.78;5.01,True,3.0843139640824013,CB--B:ILE113:N,3.142600884418033,"CE--sym1[1,1,0]/A:LEU110:CD1",1.8924814462661743,,27.02654266357422,25.182567596435547,26.873756408691406,1.8439750671386719,86.76152687072754,24.904254913330078,333.29803466796875,True,True,False,False
probe4c2_B_soft_localized,B_MET112,13,0.4234587848186493,0.9561200141906738,-63.08;158.22;84.99,g-/t/m+,3.08;21.78;5.01,True,3.0843139640824013,CB--B:ILE113:N,3.142600884418033,"CE--sym1[1,1,0]/A:LEU110:CD1",1.8924814462661743,,27.02654266357422,25.182567596435547,26.873756408691406,1.8439750671386719,86.76152687072754,24.904254913330078,333.29803466796875,True,True,False,False
probe4c2_B_soft_localized,B_MET112,14,0.4234587848186493,0.9561200141906738,-63.08;158.22;84.99,g-/t/m+,3.08;21.78;5.01,True,3.0843139640824013,CB--B:ILE113:N,3.142600884418033,"CE--sym1[1,1,0]/A:LEU110:CD1",1.8924814462661743,,27.02654266357422,25.182567596435547,26.873756408691406,1.8439750671386719,86.76152687072754,24.904254913330078,333.29803466796875,True,True,False,False
probe4c2_B_soft_localized,B_MET112,15,0.4234587848186493,0.9561200141906738,-63.08;158.22;84.99,g-/t/m+,3.08;21.78;5.01,True,3.0843139640824013,CB--B:ILE113:N,3.142600884418033,"CE--sym1[1,1,0]/A:LEU110:CD1",1.8924814462661743,,27.02654266357422,25.182567596435547,26.873756408691406,1.8439750671386719,86.76152687072754,24.904254913330078,333.29803466796875,True,True,False,False
probe4c2_B_soft_localized,B_MET112,16,0.4234587848186493,0.9561200141906738,-63.08;158.22;84.99,g-/t/m+,3.08;21.78;5.01,True,3.0843139640824013,CB--B:ILE113:N,3.142600884418033,"CE--sym1[1,1,0]/A:LEU110:CD1",1.8924814462661743,,27.02654266357422,25.182567596435547,26.873756408691406,1.8439750671386719,86.76152687072754,24.904254913330078,333.29803466796875,True,True,False,False
probe4c2_B_soft_localized,B_MET112,17,0.4234587848186493,0.9561200141906738,-63.08;158.22;84.99,g-/t/m+,3.08;21.78;5.01,True,3.0843139640824013,CB--B:ILE113:N,3.142600884418033,"CE--sym1[1,1,0]/A:LEU110:CD1",1.8924814462661743,,27.02654266357422,25.182567596435547,26.873756408691406,1.8439750671386719,86.76152687072754,24.904254913330078,333.29803466796875,True,True,False,False
probe4c2_B_soft_localized,B_MET112,18,0.4234587848186493,0.9561200141906738,-63.08;158.22;84.99,g-/t/m+,3.08;21.78;5.01,True,3.0843139640824013,CB--B:ILE113:N,3.142600884418033,"CE--sym1[1,1,0]/A:LEU110:CD1",1.8924814462661743,,27.02654266357422,25.182567596435547,26.873756408691406,1.8439750671386719,86.76152687072754,24.904254913330078,333.29803466796875,True,True,False,False
probe4c2_B_soft_localized,B_MET112,19,0.4234587848186493,0.9561200141906738,-63.08;158.22;84.99,g-/t/m+,3.08;21.78;5.01,True,3.0843139640824013,CB--B:ILE113:N,3.142600884418033,"CE--sym1[1,1,0]/A:LEU110:CD1",1.8924814462661743,,27.02654266357422,25.182567596435547,26.873756408691406,1.8439750671386719,86.76152687072754,24.904254913330078,333.29803466796875,True,True,False,False
probe4c2_B_soft_localized,B_MET112,20,0.4234587848186493,0.9561200141906738,-63.08;158.22;84.99,g-/t/m+,3.08;21.78;5.01,True,3.0843139640824013,CB--B:ILE113:N,3.142600884418033,"CE--sym1[1,1,0]/A:LEU110:CD1",1.8924814462661743,,27.02654266357422,25.182567596435547,26.873756408691406,1.8439750671386719,86.76152687072754,24.904254913330078,333.29803466796875,True,True,False,False
probe4c2_B_soft_localized,B_MET112,21,0.4234587848186493,0.9561200141906738,-63.08;158.22;84.99,g-/t/m+,3.08;21.78;5.01,True,3.0843139640824013,CB--B:ILE113:N,3.142600884418033,"CE--sym1[1,1,0]/A:LEU110:CD1",1.8924814462661743,,27.02654266357422,25.182567596435547,26.873756408691406,1.8439750671386719,86.76152687072754,24.904254913330078,333.29803466796875,True,True,False,False
probe4c2_B_soft_localized,B_MET112,22,0.4234587848186493,0.9561200141906738,-63.08;158.22;84.99,g-/t/m+,3.08;21.78;5.01,True,3.0843139640824013,CB--B:ILE113:N,3.142600884418033,"CE--sym1[1,1,0]/A:LEU110:CD1",1.8924814462661743,,27.02654266357422,25.182567596435547,26.873756408691406,1.8439750671386719,86.76152687072754,24.904254913330078,333.29803466796875,True,True,False,False
probe4c2_B_soft_localized,B_MET112,23,0.4234587848186493,0.9561200141906738,-63.08;158.22;84.99,g-/t/m+,3.08;21.78;5.01,True,3.0843139640824013,CB--B:ILE113:N,3.142600884418033,"CE--sym1[1,1,0]/A:LEU110:CD1",1.8924814462661743,,27.02654266357422,25.182567596435547,26.873756408691406,1.8439750671386719,86.76152687072754,24.904254913330078,333.29803466796875,True,True,False,False
probe4c2_B_soft_localized,B_MET112,24,0.4234587550163269,0.956119954586029,-63.08;158.22;84.99,g-/t/m+,3.08;21.78;5.01,True,3.0843139640824013,CB--B:ILE113:N,3.1426002447684875,"CE--sym1[1,1,0]/A:LEU110:CD1",1.8924814462661743,,27.02654266357422,25.182567596435547,26.873756408691406,1.8439750671386719,86.76152687072754,24.904254913330078,333.29803466796875,True,True,False,False
probe4c2_B_soft_localized,B_MET112,25,0.4234587848186493,0.9561200141906738,-63.08;158.22;84.99,g-/t/m+,3.08;21.78;5.01,True,3.0843139640824013,CB--B:ILE113:N,3.142600884418033,"CE--sym1[1,1,0]/A:LEU110:CD1",1.8924814462661743,,27.02654266357422,25.182567596435547,26.873756408691406,1.8439750671386719,86.76152687072754,24.904254913330078,333.29803466796875,True,True,False,False
probe4c2_B_soft_localized,B_MET112,26,0.4234587848186493,0.9561200141906738,-63.08;158.22;84.99,g-/t/m+,3.08;21.78;5.01,True,3.0843139640824013,CB--B:ILE113:N,3.142600884418033,"CE--sym1[1,1,0]/A:LEU110:CD1",1.8924814462661743,,27.02654266357422,25.182567596435547,26.873756408691406,1.8439750671386719,86.76152687072754,24.904254913330078,333.29803466796875,True,True,False,False
probe4c2_B_soft_localized,B_MET112,27,0.4234587848186493,0.9561200141906738,-63.08;158.22;84.99,g-/t/m+,3.08;21.78;5.01,True,3.0843139640824013,CB--B:ILE113:N,3.142600884418033,"CE--sym1[1,1,0]/A:LEU110:CD1",1.8924814462661743,,27.02654266357422,25.182567596435547,26.873756408691406,1.8439750671386719,86.76152687072754,24.904254913330078,333.29803466796875,True,True,False,False
probe4c2_B_soft_localized,B_MET112,28,0.4234587848186493,0.9561200141906738,-63.08;158.22;84.99,g-/t/m+,3.08;21.78;5.01,True,3.0843139640824013,CB--B:ILE113:N,3.142600884418033,"CE--sym1[1,1,0]/A:LEU110:CD1",1.8924814462661743,,27.02654266357422,25.182567596435547,26.873756408691406,1.8439750671386719,86.76152687072754,24.904254913330078,333.29803466796875,True,True,False,False
probe4c2_B_soft_localized,B_MET112,29,0.4234587848186493,0.9561200141906738,-63.08;158.22;84.99,g-/t/m+,3.08;21.78;5.01,True,3.0843139640824013,CB--B:ILE113:N,3.142600884418033,"CE--sym1[1,1,0]/A:LEU110:CD1",1.8924814462661743,,27.02654266357422,25.182567596435547,26.873756408691406,1.8439750671386719,86.76152687072754,24.904254913330078,333.29803466796875,True,True,False,False
probe4c2_B_soft_localized,B_MET112,30,0.4234587848186493,0.9561200141906738,-63.08;158.22;84.99,g-/t/m+,3.08;21.78;5.01,True,3.0843139640824013,CB--B:ILE113:N,3.142600884418033,"CE--sym1[1,1,0]/A:LEU110:CD1",1.8924814462661743,,27.02654266357422,25.182567596435547,26.873756408691406,1.8439750671386719,86.76152687072754,24.904254913330078,333.29803466796875,True,True,False,False
probe4c2_B_soft_localized,B_MET112,31,0.4234587848186493,0.9561200141906738,-63.08;158.22;84.99,g-/t/m+,3.08;21.78;5.01,True,3.0843139640824013,CB--B:ILE113:N,3.142600884418033,"CE--sym1[1,1,0]/A:LEU110:CD1",1.8924814462661743,,27.02654266357422,25.182567596435547,26.873756408691406,1.8439750671386719,86.76152687072754,24.904254913330078,333.29803466796875,True,True,False,False
probe4c2_B_soft_localized,B_MET112,32,0.4234587848186493,0.9561200141906738,-63.08;158.22;84.99,g-/t/m+,3.08;21.78;5.01,True,3.0843139640824013,CB--B:ILE113:N,3.142600884418033,"CE--sym1[1,1,0]/A:LEU110:CD1",1.8924814462661743,,27.02654266357422,25.182567596435547,26.873756408691406,1.8439750671386719,86.76152687072754,24.904254913330078,333.29803466796875,True,True,False,False
probe4c2_B_soft_localized,B_MET112,33,0.4234587848186493,0.9561200141906738,-63.08;158.22;84.99,g-/t/m+,3.08;21.78;5.01,True,3.0843139640824013,CB--B:ILE113:N,3.142600884418033,"CE--sym1[1,1,0]/A:LEU110:CD1",1.8924814462661743,,27.02654266357422,25.182567596435547,26.873756408691406,1.8439750671386719,86.76152687072754,24.904254913330078,333.29803466796875,True,True,False,False
probe4c2_B_soft_localized,B_MET112,34,0.4234587848186493,0.9561200141906738,-63.08;158.22;84.99,g-/t/m+,3.08;21.78;5.01,True,3.0843139640824013,CB--B:ILE113:N,3.142600884418033,"CE--sym1[1,1,0]/A:LEU110:CD1",1.8924814462661743,,27.02654266357422,25.182567596435547,26.873756408691406,1.8439750671386719,86.76152687072754,24.904254913330078,333.29803466796875,True,True,False,False
probe4c2_B_soft_localized,B_MET112,35,0.4234587848186493,0.9561200141906738,-63.08;158.22;84.99,g-/t/m+,3.08;21.78;5.01,True,3.0843139640824013,CB--B:ILE113:N,3.142600884418033,"CE--sym1[1,1,0]/A:LEU110:CD1",1.8924814462661743,,27.02654266357422,25.182567596435547,26.873756408691406,1.8439750671386719,86.76152687072754,24.904254913330078,333.29803466796875,True,True,False,False
probe4c2_B_soft_localized,B_MET112,36,0.4234587848186493,0.9561200141906738,-63.08;158.22;84.99,g-/t/m+,3.08;21.78;5.01,True,3.0843139640824013,CB--B:ILE113:N,3.142600884418033,"CE--sym1[1,1,0]/A:LEU110:CD1",1.8924814462661743,,27.02654266357422,25.182567596435547,26.873756408691406,1.8439750671386719,86.76152687072754,24.904254913330078,333.29803466796875,True,True,False,False
probe4c2_B_soft_localized,B_MET112,37,0.4234587848186493,0.9561200141906738,-63.08;158.22;84.99,g-/t/m+,3.08;21.78;5.01,True,3.0843139640824013,CB--B:ILE113:N,3.142600884418033,"CE--sym1[1,1,0]/A:LEU110:CD1",1.8924814462661743,,27.02654266357422,25.182567596435547,26.873756408691406,1.8439750671386719,86.76152687072754,24.904254913330078,333.29803466796875,True,True,False,False
probe4c2_B_soft_localized,B_MET112,38,0.4234587848186493,0.9561200141906738,-63.08;158.22;84.99,g-/t/m+,3.08;21.78;5.01,True,3.0843139640824013,CB--B:ILE113:N,3.142600884418033,"CE--sym1[1,1,0]/A:LEU110:CD1",1.8924814462661743,,27.02654266357422,25.182567596435547,26.873756408691406,1.8439750671386719,86.76152687072754,24.904254913330078,333.29803466796875,True,True,False,False
probe4c2_B_soft_localized,B_MET112,39,0.4234587848186493,0.9561200141906738,-63.08;158.22;84.99,g-/t/m+,3.08;21.78;5.01,True,3.0843139640824013,CB--B:ILE113:N,3.142600884418033,"CE--sym1[1,1,0]/A:LEU110:CD1",1.8924814462661743,,27.02654266357422,25.182567596435547,26.873756408691406,1.8439750671386719,86.76152687072754,24.904254913330078,333.29803466796875,True,True,False,False
probe4c2_B_soft_localized,B_MET112,40,0.4234587848186493,0.9561200141906738,-63.08;158.22;84.99,g-/t/m+,3.08;21.78;5.01,True,3.0843139640824013,CB--B:ILE113:N,3.142600884418033,"CE--sym1[1,1,0]/A:LEU110:CD1",1.8924814462661743,,27.02654266357422,25.182567596435547,26.873756408691406,1.8439750671386719,86.76152687072754,24.904254913330078,333.29803466796875,True,True,False,False
probe4c2_B_soft_localized,B_MET112,41,0.4234587848186493,0.9561200141906738,-63.08;158.22;84.99,g-/t/m+,3.08;21.78;5.01,True,3.0843139640824013,CB--B:ILE113:N,3.142600884418033,"CE--sym1[1,1,0]/A:LEU110:CD1",1.8924814462661743,,27.02654266357422,25.182567596435547,26.873756408691406,1.8439750671386719,86.76152687072754,24.904254913330078,333.29803466796875,True,True,False,False
probe4c2_B_soft_localized,B_MET112,42,0.4234587848186493,0.9561200141906738,-63.08;158.22;84.99,g-/t/m+,3.08;21.78;5.01,True,3.0843139640824013,CB--B:ILE113:N,3.142600884418033,"CE--sym1[1,1,0]/A:LEU110:CD1",1.8924814462661743,,27.02654266357422,25.182567596435547,26.873756408691406,1.8439750671386719,86.76152687072754,24.904254913330078,333.29803466796875,True,True,False,False
probe4c2_B_soft_localized,B_MET112,43,0.4234587848186493,0.9561200141906738,-63.08;158.22;84.99,g-/t/m+,3.08;21.78;5.01,True,3.0843139640824013,CB--B:ILE113:N,3.142600884418033,"CE--sym1[1,1,0]/A:LEU110:CD1",1.8924814462661743,,27.02654266357422,25.182567596435547,26.873756408691406,1.8439750671386719,86.76152687072754,24.904254913330078,333.29803466796875,True,True,False,False
probe4c2_B_soft_localized,B_MET112,44,0.4234587848186493,0.9561200141906738,-63.08;158.22;84.99,g-/t/m+,3.08;21.78;5.01,True,3.0843139640824013,CB--B:ILE113:N,3.142600884418033,"CE--sym1[1,1,0]/A:LEU110:CD1",1.8924814462661743,,27.02654266357422,25.182567596435547,26.873756408691406,1.8439750671386719,86.76152687072754,24.904254913330078,333.29803466796875,True,True,False,False
probe4c2_B_soft_localized,B_MET112,45,0.4234587848186493,0.9561200141906738,-63.08;158.22;84.99,g-/t/m+,3.08;21.78;5.01,True,3.0843139640824013,CB--B:ILE113:N,3.142600884418033,"CE--sym1[1,1,0]/A:LEU110:CD1",1.8924814462661743,,27.02654266357422,25.182567596435547,26.873756408691406,1.8439750671386719,86.76152687072754,24.904254913330078,333.29803466796875,True,True,False,False
probe4c2_B_soft_localized,B_MET112,46,0.4234587848186493,0.9561200141906738,-63.08;158.22;84.99,g-/t/m+,3.08;21.78;5.01,True,3.0843139640824013,CB--B:ILE113:N,3.142600884418033,"CE--sym1[1,1,0]/A:LEU110:CD1",1.8924814462661743,,27.02654266357422,25.182567596435547,26.873756408691406,1.8439750671386719,86.76152687072754,24.904254913330078,333.29803466796875,True,True,False,False
probe4c2_B_soft_localized,B_MET112,47,0.4234587848186493,0.9561200141906738,-63.08;158.22;84.99,g-/t/m+,3.08;21.78;5.01,True,3.0843139640824013,CB--B:ILE113:N,3.142600884418033,"CE--sym1[1,1,0]/A:LEU110:CD1",1.8924814462661743,,27.02654266357422,25.182567596435547,26.873756408691406,1.8439750671386719,86.76152687072754,24.904254913330078,333.29803466796875,True,True,False,False
probe4c2_B_soft_localized,B_MET112,48,0.4234587550163269,0.956119954586029,-63.08;158.22;84.99,g-/t/m+,3.08;21.78;5.01,True,3.0843139640824013,CB--B:ILE113:N,3.1426002447684875,"CE--sym1[1,1,0]/A:LEU110:CD1",1.8924814462661743,,27.02654266357422,25.182567596435547,26.873756408691406,1.8439750671386719,86.76152687072754,24.904254913330078,333.29803466796875,True,True,False,False
probe4c2_B_soft_localized,B_MET112,49,0.423457533121109,0.95611971616745,-63.08;158.22;84.99,g-/t/m+,3.08;21.78;5.01,True,3.0843139640824013,CB--B:ILE113:N,3.1426002447684875,"CE--sym1[1,1,0]/A:LEU110:CD1",1.8924907445907593,,27.02654266357422,25.182567596435547,26.873756408691406,1.8439750671386719,86.76152687072754,24.904254913330078,333.29803466796875,True,True,False,False
probe4c2_C_soft_realspace,B_MET112,0,0.332241028547287,0.8430092930793762,-56.23;-177.65;96.87,g-/t/m+,3.77;2.35;6.87,True,3.0843139640824013,CB--B:ILE113:N,3.444114152875122,"SD--sym1[1,1,0]/A:LEU110:CD1",1.8589262962341309,,29.460594177246094,25.182567596435547,26.873756408691406,4.278026580810547,86.76152687072754,24.904254913330078,333.29803466796875,True,True,False,False
probe4c2_C_soft_realspace,B_MET112,1,0.332241028547287,0.8430092930793762,-56.23;-177.65;96.87,g-/t/m+,3.77;2.35;6.87,True,3.0843139640824013,CB--B:ILE113:N,3.444114152875122,"SD--sym1[1,1,0]/A:LEU110:CD1",1.8589262962341309,,29.460594177246094,25.182567596435547,26.873756408691406,4.278026580810547,86.76152687072754,24.904254913330078,333.29803466796875,True,True,False,False
probe4c2_C_soft_realspace,B_MET112,2,0.332241028547287,0.8430092930793762,-56.23;-177.65;96.87,g-/t/m+,3.77;2.35;6.87,True,3.0843139640824013,CB--B:ILE113:N,3.444114152875122,"SD--sym1[1,1,0]/A:LEU110:CD1",1.8589262962341309,,29.460594177246094,25.182567596435547,26.873756408691406,4.278026580810547,86.76152687072754,24.904254913330078,333.29803466796875,True,True,False,False
probe4c2_C_soft_realspace,B_MET112,3,0.332241028547287,0.8430092930793762,-56.23;-177.65;96.87,g-/t/m+,3.77;2.35;6.87,True,3.0843139640824013,CB--B:ILE113:N,3.444114152875122,"SD--sym1[1,1,0]/A:LEU110:CD1",1.8589262962341309,,29.460594177246094,25.182567596435547,26.873756408691406,4.278026580810547,86.76152687072754,24.904254913330078,333.29803466796875,True,True,False,False
probe4c2_C_soft_realspace,B_MET112,4,0.332241028547287,0.8430092930793762,-56.23;-177.65;96.87,g-/t/m+,3.77;2.35;6.87,True,3.0843139640824013,CB--B:ILE113:N,3.444114152875122,"SD--sym1[1,1,0]/A:LEU110:CD1",1.8589262962341309,,29.460594177246094,25.182567596435547,26.873756408691406,4.278026580810547,86.76152687072754,24.904254913330078,333.29803466796875,True,True,False,False
probe4c2_C_soft_realspace,B_MET112,5,0.332241028547287,0.8430092930793762,-56.23;-177.65;96.87,g-/t/m+,3.77;2.35;6.87,True,3.0843139640824013,CB--B:ILE113:N,3.444114152875122,"SD--sym1[1,1,0]/A:LEU110:CD1",1.8589262962341309,,29.460594177246094,25.182567596435547,26.873756408691406,4.278026580810547,86.76152687072754,24.904254913330078,333.29803466796875,True,True,False,False
probe4c2_C_soft_realspace,B_MET112,6,0.332241028547287,0.8430092930793762,-56.23;-177.65;96.87,g-/t/m+,3.77;2.35;6.87,True,3.0843139640824013,CB--B:ILE113:N,3.444114152875122,"SD--sym1[1,1,0]/A:LEU110:CD1",1.8589262962341309,,29.460594177246094,25.182567596435547,26.873756408691406,4.278026580810547,86.76152687072754,24.904254913330078,333.29803466796875,True,True,False,False
probe4c2_C_soft_realspace,B_MET112,7,0.332241028547287,0.8430092930793762,-56.23;-177.65;96.87,g-/t/m+,3.77;2.35;6.87,True,3.0843139640824013,CB--B:ILE113:N,3.444114152875122,"SD--sym1[1,1,0]/A:LEU110:CD1",1.8589262962341309,,29.460594177246094,25.182567596435547,26.873756408691406,4.278026580810547,86.76152687072754,24.904254913330078,333.29803466796875,True,True,False,False
probe4c2_C_soft_realspace,B_MET112,8,0.332241028547287,0.8430092930793762,-56.23;-177.65;96.87,g-/t/m+,3.77;2.35;6.87,True,3.0843139640824013,CB--B:ILE113:N,3.444114152875122,"SD--sym1[1,1,0]/A:LEU110:CD1",1.8589262962341309,,29.460594177246094,25.182567596435547,26.873756408691406,4.278026580810547,86.76152687072754,24.904254913330078,333.29803466796875,True,True,False,False
probe4c2_C_soft_realspace,B_MET112,9,0.332241028547287,0.8430092930793762,-56.23;-177.65;96.87,g-/t/m+,3.77;2.35;6.87,True,3.0843139640824013,CB--B:ILE113:N,3.444114152875122,"SD--sym1[1,1,0]/A:LEU110:CD1",1.8589262962341309,,29.460594177246094,25.182567596435547,26.873756408691406,4.278026580810547,86.76152687072754,24.904254913330078,333.29803466796875,True,True,False,False
probe4c2_C_soft_realspace,B_MET112,10,0.332241028547287,0.8430092930793762,-56.23;-177.65;96.87,g-/t/m+,3.77;2.35;6.87,True,3.0843139640824013,CB--B:ILE113:N,3.444114152875122,"SD--sym1[1,1,0]/A:LEU110:CD1",1.8589262962341309,,29.460594177246094,25.182567596435547,26.873756408691406,4.278026580810547,86.76152687072754,24.904254913330078,333.29803466796875,True,True,False,False
probe4c2_C_soft_realspace,B_MET112,11,0.332241028547287,0.8430092930793762,-56.23;-177.65;96.87,g-/t/m+,3.77;2.35;6.87,True,3.0843139640824013,CB--B:ILE113:N,3.444114152875122,"SD--sym1[1,1,0]/A:LEU110:CD1",1.8589262962341309,,29.460594177246094,25.182567596435547,26.873756408691406,4.278026580810547,86.76152687072754,24.904254913330078,333.29803466796875,True,True,False,False
probe4c2_C_soft_realspace,B_MET112,12,0.332241028547287,0.8430092930793762,-56.23;-177.65;96.87,g-/t/m+,3.77;2.35;6.87,True,3.0843139640824013,CB--B:ILE113:N,3.444114152875122,"SD--sym1[1,1,0]/A:LEU110:CD1",1.8589262962341309,,29.460594177246094,25.182567596435547,26.873756408691406,4.278026580810547,86.76152687072754,24.904254913330078,333.29803466796875,True,True,False,False
probe4c2_C_soft_realspace,B_MET112,13,0.332241028547287,0.8430092930793762,-56.23;-177.65;96.87,g-/t/m+,3.77;2.35;6.87,True,3.0843139640824013,CB--B:ILE113:N,3.444114152875122,"SD--sym1[1,1,0]/A:LEU110:CD1",1.8589262962341309,,29.460594177246094,25.182567596435547,26.873756408691406,4.278026580810547,86.76152687072754,24.904254913330078,333.29803466796875,True,True,False,False
probe4c2_C_soft_realspace,B_MET112,14,0.332241028547287,0.8430092930793762,-56.23;-177.65;96.87,g-/t/m+,3.77;2.35;6.87,True,3.0843139640824013,CB--B:ILE113:N,3.444114152875122,"SD--sym1[1,1,0]/A:LEU110:CD1",1.8589262962341309,,29.460594177246094,25.182567596435547,26.873756408691406,4.278026580810547,86.76152687072754,24.904254913330078,333.29803466796875,True,True,False,False
probe4c2_C_soft_realspace,B_MET112,15,0.332241028547287,0.8430092930793762,-56.23;-177.65;96.87,g-/t/m+,3.77;2.35;6.87,True,3.0843139640824013,CB--B:ILE113:N,3.444114152875122,"SD--sym1[1,1,0]/A:LEU110:CD1",1.8589262962341309,,29.460594177246094,25.182567596435547,26.873756408691406,4.278026580810547,86.76152687072754,24.904254913330078,333.29803466796875,True,True,False,False
probe4c2_C_soft_realspace,B_MET112,16,0.332241028547287,0.8430092930793762,-56.23;-177.65;96.87,g-/t/m+,3.77;2.35;6.87,True,3.0843139640824013,CB--B:ILE113:N,3.444114152875122,"SD--sym1[1,1,0]/A:LEU110:CD1",1.8589262962341309,,29.460594177246094,25.182567596435547,26.873756408691406,4.278026580810547,86.76152687072754,24.904254913330078,333.29803466796875,True,True,False,False
probe4c2_C_soft_realspace,B_MET112,17,0.332241028547287,0.8430092930793762,-56.23;-177.65;96.87,g-/t/m+,3.77;2.35;6.87,True,3.0843139640824013,CB--B:ILE113:N,3.444114152875122,"SD--sym1[1,1,0]/A:LEU110:CD1",1.8589262962341309,,29.460594177246094,25.182567596435547,26.873756408691406,4.278026580810547,86.76152687072754,24.904254913330078,333.29803466796875,True,True,False,False
probe4c2_C_soft_realspace,B_MET112,18,0.332241028547287,0.8430092930793762,-56.23;-177.65;96.87,g-/t/m+,3.77;2.35;6.87,True,3.0843139640824013,CB--B:ILE113:N,3.444114152875122,"SD--sym1[1,1,0]/A:LEU110:CD1",1.8589262962341309,,29.460594177246094,25.182567596435547,26.873756408691406,4.278026580810547,86.76152687072754,24.904254913330078,333.29803466796875,True,True,False,False
probe4c2_C_soft_realspace,B_MET112,19,0.332241028547287,0.8430092930793762,-56.23;-177.65;96.87,g-/t/m+,3.77;2.35;6.87,True,3.0843139640824013,CB--B:ILE113:N,3.444114152875122,"SD--sym1[1,1,0]/A:LEU110:CD1",1.8589262962341309,,29.460594177246094,25.182567596435547,26.873756408691406,4.278026580810547,86.76152687072754,24.904254913330078,333.29803466796875,True,True,False,False
probe4c2_C_soft_realspace,B_MET112,20,0.332241028547287,0.8430092930793762,-56.23;-177.65;96.87,g-/t/m+,3.77;2.35;6.87,True,3.0843139640824013,CB--B:ILE113:N,3.444114152875122,"SD--sym1[1,1,0]/A:LEU110:CD1",1.8589262962341309,,29.460594177246094,25.182567596435547,26.873756408691406,4.278026580810547,86.76152687072754,24.904254913330078,333.29803466796875,True,True,False,False
probe4c2_C_soft_realspace,B_MET112,21,0.332241028547287,0.8430092930793762,-56.23;-177.65;96.87,g-/t/m+,3.77;2.35;6.87,True,3.0843139640824013,CB--B:ILE113:N,3.444114152875122,"SD--sym1[1,1,0]/A:LEU110:CD1",1.8589262962341309,,29.460594177246094,25.182567596435547,26.873756408691406,4.278026580810547,86.76152687072754,24.904254913330078,333.29803466796875,True,True,False,False
probe4c2_C_soft_realspace,B_MET112,22,0.332241028547287,0.8430092930793762,-56.23;-177.65;96.87,g-/t/m+,3.77;2.35;6.87,True,3.0843139640824013,CB--B:ILE113:N,3.444114152875122,"SD--sym1[1,1,0]/A:LEU110:CD1",1.8589262962341309,,29.460594177246094,25.182567596435547,26.873756408691406,4.278026580810547,86.76152687072754,24.904254913330078,333.29803466796875,True,True,False,False
probe4c2_C_soft_realspace,B_MET112,23,0.332241028547287,0.8430092930793762,-56.23;-177.65;96.87,g-/t/m+,3.77;2.35;6.87,True,3.0843139640824013,CB--B:ILE113:N,3.444114152875122,"SD--sym1[1,1,0]/A:LEU110:CD1",1.8589262962341309,,29.460594177246094,25.182567596435547,26.873756408691406,4.278026580810547,86.76152687072754,24.904254913330078,333.29803466796875,True,True,False,False
probe4c2_C_soft_realspace,B_MET112,24,0.332241028547287,0.8430092930793762,-56.23;-177.65;96.87,g-/t/m+,3.77;2.35;6.87,True,3.0843139640824013,CB--B:ILE113:N,3.444114152875122,"SD--sym1[1,1,0]/A:LEU110:CD1",1.8589262962341309,,29.460594177246094,25.182567596435547,26.873756408691406,4.278026580810547,86.76152687072754,24.904254913330078,333.29803466796875,True,True,False,False
probe4c2_C_soft_realspace,B_MET112,25,0.332241028547287,0.8430092930793762,-56.23;-177.65;96.87,g-/t/m+,3.77;2.35;6.87,True,3.0843139640824013,CB--B:ILE113:N,3.444114152875122,"SD--sym1[1,1,0]/A:LEU110:CD1",1.8589262962341309,,29.460594177246094,25.182567596435547,26.873756408691406,4.278026580810547,86.76152687072754,24.904254913330078,333.29803466796875,True,True,False,False
probe4c2_C_soft_realspace,B_MET112,26,0.332241028547287,0.8430092930793762,-56.23;-177.65;96.87,g-/t/m+,3.77;2.35;6.87,True,3.0843139640824013,CB--B:ILE113:N,3.444114152875122,"SD--sym1[1,1,0]/A:LEU110:CD1",1.8589262962341309,,29.460594177246094,25.182567596435547,26.873756408691406,4.278026580810547,86.76152687072754,24.904254913330078,333.29803466796875,True,True,False,False
probe4c2_C_soft_realspace,B_MET112,27,0.332241028547287,0.8430092930793762,-56.23;-177.65;96.87,g-/t/m+,3.77;2.35;6.87,True,3.0843139640824013,CB--B:ILE113:N,3.444114152875122,"SD--sym1[1,1,0]/A:LEU110:CD1",1.8589262962341309,,29.460594177246094,25.182567596435547,26.873756408691406,4.278026580810547,86.76152687072754,24.904254913330078,333.29803466796875,True,True,False,False
probe4c2_C_soft_realspace,B_MET112,28,0.332241028547287,0.8430092930793762,-56.23;-177.65;96.87,g-/t/m+,3.77;2.35;6.87,True,3.0843139640824013,CB--B:ILE113:N,3.444114152875122,"SD--sym1[1,1,0]/A:LEU110:CD1",1.8589262962341309,,29.460594177246094,25.182567596435547,26.873756408691406,4.278026580810547,86.76152687072754,24.904254913330078,333.29803466796875,True,True,False,False
probe4c2_C_soft_realspace,B_MET112,29,0.332241028547287,0.8430092930793762,-56.23;-177.65;96.87,g-/t/m+,3.77;2.35;6.87,True,3.0843139640824013,CB--B:ILE113:N,3.444114152875122,"SD--sym1[1,1,0]/A:LEU110:CD1",1.8589262962341309,,29.460594177246094,25.182567596435547,26.873756408691406,4.278026580810547,86.76152687072754,24.904254913330078,333.29803466796875,True,True,False,False
probe4c2_C_soft_realspace,B_MET112,30,0.332241028547287,0.8430092930793762,-56.23;-177.65;96.87,g-/t/m+,3.77;2.35;6.87,True,3.0843139640824013,CB--B:ILE113:N,3.444114152875122,"SD--sym1[1,1,0]/A:LEU110:CD1",1.8589262962341309,,29.460594177246094,25.182567596435547,26.873756408691406,4.278026580810547,86.76152687072754,24.904254913330078,333.29803466796875,True,True,False,False
probe4c2_C_soft_realspace,B_MET112,31,0.332241028547287,0.8430092930793762,-56.23;-177.65;96.87,g-/t/m+,3.77;2.35;6.87,True,3.0843139640824013,CB--B:ILE113:N,3.444114152875122,"SD--sym1[1,1,0]/A:LEU110:CD1",1.8589262962341309,,29.460594177246094,25.182567596435547,26.873756408691406,4.278026580810547,86.76152687072754,24.904254913330078,333.29803466796875,True,True,False,False
probe4c2_C_soft_realspace,B_MET112,32,0.332241028547287,0.8430092930793762,-56.23;-177.65;96.87,g-/t/m+,3.77;2.35;6.87,True,3.0843139640824013,CB--B:ILE113:N,3.444114152875122,"SD--sym1[1,1,0]/A:LEU110:CD1",1.8589262962341309,,29.460594177246094,25.182567596435547,26.873756408691406,4.278026580810547,86.76152687072754,24.904254913330078,333.29803466796875,True,True,False,False
probe4c2_C_soft_realspace,B_MET112,33,0.332241028547287,0.8430092930793762,-56.23;-177.65;96.87,g-/t/m+,3.77;2.35;6.87,True,3.0843139640824013,CB--B:ILE113:N,3.444114152875122,"SD--sym1[1,1,0]/A:LEU110:CD1",1.8589262962341309,,29.460594177246094,25.182567596435547,26.873756408691406,4.278026580810547,86.76152687072754,24.904254913330078,333.29803466796875,True,True,False,False
probe4c2_C_soft_realspace,B_MET112,34,0.332241028547287,0.8430092930793762,-56.23;-177.65;96.87,g-/t/m+,3.77;2.35;6.87,True,3.0843139640824013,CB--B:ILE113:N,3.444114152875122,"SD--sym1[1,1,0]/A:LEU110:CD1",1.8589262962341309,,29.460594177246094,25.182567596435547,26.873756408691406,4.278026580810547,86.76152687072754,24.904254913330078,333.29803466796875,True,True,False,False
probe4c2_C_soft_realspace,B_MET112,35,0.332241028547287,0.8430092930793762,-56.23;-177.65;96.87,g-/t/m+,3.77;2.35;6.87,True,3.0843139640824013,CB--B:ILE113:N,3.444114152875122,"SD--sym1[1,1,0]/A:LEU110:CD1",1.8589262962341309,,29.460594177246094,25.182567596435547,26.873756408691406,4.278026580810547,86.76152687072754,24.904254913330078,333.29803466796875,True,True,False,False
probe4c2_C_soft_realspace,B_MET112,36,0.332241028547287,0.8430092930793762,-56.23;-177.65;96.87,g-/t/m+,3.77;2.35;6.87,True,3.0843139640824013,CB--B:ILE113:N,3.444114152875122,"SD--sym1[1,1,0]/A:LEU110:CD1",1.8589262962341309,,29.460594177246094,25.182567596435547,26.873756408691406,4.278026580810547,86.76152687072754,24.904254913330078,333.29803466796875,True,True,False,False
probe4c2_C_soft_realspace,B_MET112,37,0.332241028547287,0.8430092930793762,-56.23;-177.65;96.87,g-/t/m+,3.77;2.35;6.87,True,3.0843139640824013,CB--B:ILE113:N,3.444114152875122,"SD--sym1[1,1,0]/A:LEU110:CD1",1.8589262962341309,,29.460594177246094,25.182567596435547,26.873756408691406,4.278026580810547,86.76152687072754,24.904254913330078,333.29803466796875,True,True,False,False
probe4c2_C_soft_realspace,B_MET112,38,0.332241028547287,0.8430092930793762,-56.23;-177.65;96.87,g-/t/m+,3.77;2.35;6.87,True,3.0843139640824013,CB--B:ILE113:N,3.444114152875122,"SD--sym1[1,1,0]/A:LEU110:CD1",1.8589262962341309,,29.460594177246094,25.182567596435547,26.873756408691406,4.278026580810547,86.76152687072754,24.904254913330078,333.29803466796875,True,True,False,False
probe4c2_C_soft_realspace,B_MET112,39,0.332241028547287,0.8430092930793762,-56.23;-177.65;96.87,g-/t/m+,3.77;2.35;6.87,True,3.0843139640824013,CB--B:ILE113:N,3.444114152875122,"SD--sym1[1,1,0]/A:LEU110:CD1",1.8589262962341309,,29.460594177246094,25.182567596435547,26.873756408691406,4.278026580810547,86.76152687072754,24.904254913330078,333.29803466796875,True,True,False,False
probe4c2_C_soft_realspace,B_MET112,40,0.332241028547287,0.8430092930793762,-56.23;-177.65;96.87,g-/t/m+,3.77;2.35;6.87,True,3.0843139640824013,CB--B:ILE113:N,3.444114152875122,"SD--sym1[1,1,0]/A:LEU110:CD1",1.8589262962341309,,29.460594177246094,25.182567596435547,26.873756408691406,4.278026580810547,86.76152687072754,24.904254913330078,333.29803466796875,True,True,False,False
probe4c2_C_soft_realspace,B_MET112,41,0.332241028547287,0.8430092930793762,-56.23;-177.65;96.87,g-/t/m+,3.77;2.35;6.87,True,3.0843139640824013,CB--B:ILE113:N,3.444114152875122,"SD--sym1[1,1,0]/A:LEU110:CD1",1.8589262962341309,,29.460594177246094,25.182567596435547,26.873756408691406,4.278026580810547,86.76152687072754,24.904254913330078,333.29803466796875,True,True,False,False
probe4c2_C_soft_realspace,B_MET112,42,0.332241028547287,0.8430092930793762,-56.23;-177.65;96.87,g-/t/m+,3.77;2.35;6.87,True,3.0843139640824013,CB--B:ILE113:N,3.444114152875122,"SD--sym1[1,1,0]/A:LEU110:CD1",1.8589262962341309,,29.460594177246094,25.182567596435547,26.873756408691406,4.278026580810547,86.76152687072754,24.904254913330078,333.29803466796875,True,True,False,False
probe4c2_C_soft_realspace,B_MET112,43,0.332241028547287,0.8430092930793762,-56.23;-177.65;96.87,g-/t/m+,3.77;2.35;6.87,True,3.0843139640824013,CB--B:ILE113:N,3.444114152875122,"SD--sym1[1,1,0]/A:LEU110:CD1",1.8589262962341309,,29.460594177246094,25.182567596435547,26.873756408691406,4.278026580810547,86.76152687072754,24.904254913330078,333.29803466796875,True,True,False,False
probe4c2_C_soft_realspace,B_MET112,44,0.332241028547287,0.8430092930793762,-56.23;-177.65;96.87,g-/t/m+,3.77;2.35;6.87,True,3.0843139640824013,CB--B:ILE113:N,3.444114152875122,"SD--sym1[1,1,0]/A:LEU110:CD1",1.8589262962341309,,29.460594177246094,25.182567596435547,26.873756408691406,4.278026580810547,86.76152687072754,24.904254913330078,333.29803466796875,True,True,False,False
probe4c2_C_soft_realspace,B_MET112,45,0.332241028547287,0.8430092930793762,-56.23;-177.65;96.87,g-/t/m+,3.77;2.35;6.87,True,3.0843139640824013,CB--B:ILE113:N,3.444114152875122,"SD--sym1[1,1,0]/A:LEU110:CD1",1.8589262962341309,,29.460594177246094,25.182567596435547,26.873756408691406,4.278026580810547,86.76152687072754,24.904254913330078,333.29803466796875,True,True,False,False
probe4c2_C_soft_realspace,B_MET112,46,0.332241028547287,0.8430092930793762,-56.23;-177.65;96.87,g-/t/m+,3.77;2.35;6.87,True,3.0843139640824013,CB--B:ILE113:N,3.444114152875122,"SD--sym1[1,1,0]/A:LEU110:CD1",1.8589262962341309,,29.460594177246094,25.182567596435547,26.873756408691406,4.278026580810547,86.76152687072754,24.904254913330078,333.29803466796875,True,True,False,False
probe4c2_C_soft_realspace,B_MET112,47,0.332241028547287,0.8430092930793762,-56.23;-177.65;96.87,g-/t/m+,3.77;2.35;6.87,True,3.0843139640824013,CB--B:ILE113:N,3.444114152875122,"SD--sym1[1,1,0]/A:LEU110:CD1",1.8589262962341309,,29.460594177246094,25.182567596435547,26.873756408691406,4.278026580810547,86.76152687072754,24.904254913330078,333.29803466796875,True,True,False,False
probe4c2_C_soft_realspace,B_MET112,48,0.332241028547287,0.8430092930793762,-56.23;-177.65;96.87,g-/t/m+,3.77;2.35;6.87,True,3.0843139640824013,CB--B:ILE113:N,3.444114152875122,"SD--sym1[1,1,0]/A:LEU110:CD1",1.8589262962341309,,29.460594177246094,25.182567596435547,26.873756408691406,4.278026580810547,86.76152687072754,24.904254913330078,333.29803466796875,True,True,False,False
probe4c2_C_soft_realspace,B_MET112,49,0.332241028547287,0.8430092930793762,-56.23;-177.65;96.87,g-/t/m+,3.77;2.35;6.87,True,3.0843139640824013,CB--B:ILE113:N,3.444114152875122,"SD--sym1[1,1,0]/A:LEU110:CD1",1.8589262962341309,,29.460594177246094,25.182567596435547,26.873756408691406,4.278026580810547,86.76152687072754,24.904254913330078,333.29803466796875,True,True,False,False
probe4c1_kinematic_complex,B_ASP114,0,0.8948817253112793,1.5978381633758545,128.20;-175.53,t/p-180,51.80;4.47,False,2.417940434233501,OD2--B:LYS115:N,6.531485509995031,"OD2--sym6[0,0,1]/A:ARG129:NH2",0.5674788951873779,OD1--B:HOH54:O:2.53A;OD2--B:LYS115:N:2.42A,43.12816619873047,25.182559967041016,28.920547485351562,17.945606231689453,58.66445808410644,25.36322784423828,130.13645935058594,True,False,False,False
probe4c1_kinematic_complex,B_ASP114,1,0.894881546497345,1.5978381633758545,128.20;-175.53,t/p-180,51.80;4.47,False,2.4179374631015103,OD2--B:LYS115:N,6.531486531349848,"OD2--sym6[0,0,1]/A:ARG129:NH2",0.5674754977226257,OD1--B:HOH54:O:2.53A;OD2--B:LYS115:N:2.42A,43.12816619873047,25.182559967041016,28.920547485351562,17.945606231689453,58.66445808410644,25.36322784423828,130.13645935058594,True,False,False,False
probe4c1_kinematic_complex,B_ASP114,2,0.894881546497345,1.5978381633758545,128.20;-175.53,t/p-180,51.80;4.47,False,2.417935977536403,OD2--B:LYS115:N,6.531487042028031,"OD2--sym6[0,0,1]/A:ARG129:NH2",0.5674743056297302,OD1--B:HOH54:O:2.53A;OD2--B:LYS115:N:2.42A,43.12816619873047,25.182559967041016,28.920547485351562,17.945606231689453,58.66445808410644,25.36322784423828,130.13645935058594,True,False,False,False
probe4c1_kinematic_complex,B_ASP114,3,0.8948817253112793,1.5978381633758545,128.20;-175.53,t/p-180,51.80;4.47,False,2.417940434233501,OD2--B:LYS115:N,6.531485509995031,"OD2--sym6[0,0,1]/A:ARG129:NH2",0.5674788951873779,OD1--B:HOH54:O:2.53A;OD2--B:LYS115:N:2.42A,43.12816619873047,25.182559967041016,28.920547485351562,17.945606231689453,58.66445808410644,25.36322784423828,130.13645935058594,True,False,False,False
probe4c1_kinematic_complex,B_ASP114,4,0.8948817253112793,1.5978381633758545,128.20;-175.53,t/p-180,51.80;4.47,False,2.417940434233501,OD2--B:LYS115:N,6.531485509995031,"OD2--sym6[0,0,1]/A:ARG129:NH2",0.5674788951873779,OD1--B:HOH54:O:2.53A;OD2--B:LYS115:N:2.42A,43.12816619873047,25.182559967041016,28.920547485351562,17.945606231689453,58.66445808410644,25.36322784423828,130.13645935058594,True,False,False,False
probe4c1_kinematic_complex,B_ASP114,5,0.8948817253112793,1.5978381633758545,128.20;-175.53,t/p-180,51.80;4.47,False,2.417935977536403,OD2--B:LYS115:N,6.531487042028031,"OD2--sym6[0,0,1]/A:ARG129:NH2",0.5674743056297302,OD1--B:HOH54:O:2.53A;OD2--B:LYS115:N:2.42A,43.12816619873047,25.182559967041016,28.920547485351562,17.945606231689453,58.66445808410644,25.36322784423828,130.13645935058594,True,False,False,False
probe4c1_kinematic_complex,B_ASP114,6,0.8948817253112793,1.5978381633758545,128.20;-175.53,t/p-180,51.80;4.47,False,2.417940434233501,OD2--B:LYS115:N,6.531485509995031,"OD2--sym6[0,0,1]/A:ARG129:NH2",0.5674788951873779,OD1--B:HOH54:O:2.53A;OD2--B:LYS115:N:2.42A,43.12816619873047,25.182559967041016,28.920547485351562,17.945606231689453,58.66445808410644,25.36322784423828,130.13645935058594,True,False,False,False
probe4c1_kinematic_complex,B_ASP114,7,0.894881546497345,1.5978381633758545,128.20;-175.53,t/p-180,51.80;4.47,False,2.4179374631015103,OD2--B:LYS115:N,6.531486531349848,"OD2--sym6[0,0,1]/A:ARG129:NH2",0.5674754977226257,OD1--B:HOH54:O:2.53A;OD2--B:LYS115:N:2.42A,43.12816619873047,25.182559967041016,28.920547485351562,17.945606231689453,58.66445808410644,25.36322784423828,130.13645935058594,True,False,False,False
probe4c1_kinematic_complex,B_ASP114,8,0.8948817253112793,1.5978381633758545,128.20;-175.53,t/p-180,51.80;4.47,False,2.417940434233501,OD2--B:LYS115:N,6.531485509995031,"OD2--sym6[0,0,1]/A:ARG129:NH2",0.5674788951873779,OD1--B:HOH54:O:2.53A;OD2--B:LYS115:N:2.42A,43.12816619873047,25.182559967041016,28.920547485351562,17.945606231689453,58.66445808410644,25.36322784423828,130.13645935058594,True,False,False,False
probe4c1_kinematic_complex,B_ASP114,9,0.8948817253112793,1.5978381633758545,128.20;-175.53,t/p-180,51.80;4.47,False,2.417940434233501,OD2--B:LYS115:N,6.531485509995031,"OD2--sym6[0,0,1]/A:ARG129:NH2",0.5674788951873779,OD1--B:HOH54:O:2.53A;OD2--B:LYS115:N:2.42A,43.12816619873047,25.182559967041016,28.920547485351562,17.945606231689453,58.66445808410644,25.36322784423828,130.13645935058594,True,False,False,False
probe4c1_kinematic_complex,B_ASP114,10,0.8948817253112793,1.5978381633758545,128.20;-175.53,t/p-180,51.80;4.47,False,2.417940434233501,OD2--B:LYS115:N,6.531485509995031,"OD2--sym6[0,0,1]/A:ARG129:NH2",0.5674788951873779,OD1--B:HOH54:O:2.53A;OD2--B:LYS115:N:2.42A,43.12816619873047,25.182559967041016,28.920547485351562,17.945606231689453,58.66445808410644,25.36322784423828,130.13645935058594,True,False,False,False
probe4c1_kinematic_complex,B_ASP114,11,0.8948817253112793,1.5978381633758545,128.20;-175.53,t/p-180,51.80;4.47,False,2.417940434233501,OD2--B:LYS115:N,6.531485509995031,"OD2--sym6[0,0,1]/A:ARG129:NH2",0.5674788951873779,OD1--B:HOH54:O:2.53A;OD2--B:LYS115:N:2.42A,43.12816619873047,25.182559967041016,28.920547485351562,17.945606231689453,58.66445808410644,25.36322784423828,130.13645935058594,True,False,False,False
probe4c1_kinematic_complex,B_ASP114,12,0.894881546497345,1.5978381633758545,128.20;-175.53,t/p-180,51.80;4.47,False,2.4179374631015103,OD2--B:LYS115:N,6.531486531349848,"OD2--sym6[0,0,1]/A:ARG129:NH2",0.5674754977226257,OD1--B:HOH54:O:2.53A;OD2--B:LYS115:N:2.42A,43.12816619873047,25.182559967041016,28.920547485351562,17.945606231689453,58.66445808410644,25.36322784423828,130.13645935058594,True,False,False,False
probe4c1_kinematic_complex,B_ASP114,13,0.8948817253112793,1.5978381633758545,128.20;-175.53,t/p-180,51.80;4.47,False,2.417940434233501,OD2--B:LYS115:N,6.531485509995031,"OD2--sym6[0,0,1]/A:ARG129:NH2",0.5674788951873779,OD1--B:HOH54:O:2.53A;OD2--B:LYS115:N:2.42A,43.12816619873047,25.182559967041016,28.920547485351562,17.945606231689453,58.66445808410644,25.36322784423828,130.13645935058594,True,False,False,False
probe4c1_kinematic_complex,B_ASP114,14,0.894881546497345,1.5978381633758545,128.20;-175.53,t/p-180,51.80;4.47,False,2.4179374631015103,OD2--B:LYS115:N,6.531486531349848,"OD2--sym6[0,0,1]/A:ARG129:NH2",0.5674754977226257,OD1--B:HOH54:O:2.53A;OD2--B:LYS115:N:2.42A,43.12816619873047,25.182559967041016,28.920547485351562,17.945606231689453,58.66445808410644,25.36322784423828,130.13645935058594,True,False,False,False
probe4c1_kinematic_complex,B_ASP114,15,0.894881546497345,1.5978381633758545,128.20;-175.53,t/p-180,51.80;4.47,False,2.4179374631015103,OD2--B:LYS115:N,6.531486531349848,"OD2--sym6[0,0,1]/A:ARG129:NH2",0.5674754977226257,OD1--B:HOH54:O:2.53A;OD2--B:LYS115:N:2.42A,43.12816619873047,25.182559967041016,28.920547485351562,17.945606231689453,58.66445808410644,25.36322784423828,130.13645935058594,True,False,False,False
probe4c1_kinematic_complex,B_ASP114,16,0.894881546497345,1.5978381633758545,128.20;-175.53,t/p-180,51.80;4.47,False,2.4179374631015103,OD2--B:LYS115:N,6.531486531349848,"OD2--sym6[0,0,1]/A:ARG129:NH2",0.5674754977226257,OD1--B:HOH54:O:2.53A;OD2--B:LYS115:N:2.42A,43.12816619873047,25.182559967041016,28.920547485351562,17.945606231689453,58.66445808410644,25.36322784423828,130.13645935058594,True,False,False,False
probe4c1_kinematic_complex,B_ASP114,17,0.8948817253112793,1.5978381633758545,128.20;-175.53,t/p-180,51.80;4.47,False,2.417940434233501,OD2--B:LYS115:N,6.531485509995031,"OD2--sym6[0,0,1]/A:ARG129:NH2",0.5674788951873779,OD1--B:HOH54:O:2.53A;OD2--B:LYS115:N:2.42A,43.12816619873047,25.182559967041016,28.920547485351562,17.945606231689453,58.66445808410644,25.36322784423828,130.13645935058594,True,False,False,False
probe4c1_kinematic_complex,B_ASP114,18,0.894881546497345,1.5978381633758545,128.20;-175.53,t/p-180,51.80;4.47,False,2.4179374631015103,OD2--B:LYS115:N,6.531486531349848,"OD2--sym6[0,0,1]/A:ARG129:NH2",0.5674754977226257,OD1--B:HOH54:O:2.53A;OD2--B:LYS115:N:2.42A,43.12816619873047,25.182559967041016,28.920547485351562,17.945606231689453,58.66445808410644,25.36322784423828,130.13645935058594,True,False,False,False
probe4c1_kinematic_complex,B_ASP114,19,0.894881546497345,1.5978381633758545,128.20;-175.53,t/p-180,51.80;4.47,False,2.417935977536403,OD2--B:LYS115:N,6.531487042028031,"OD2--sym6[0,0,1]/A:ARG129:NH2",0.5674743056297302,OD1--B:HOH54:O:2.53A;OD2--B:LYS115:N:2.42A,43.12816619873047,25.182559967041016,28.920547485351562,17.945606231689453,58.66445808410644,25.36322784423828,130.13645935058594,True,False,False,False
probe4c1_kinematic_complex,B_ASP114,20,0.8948817253112793,1.5978381633758545,128.20;-175.53,t/p-180,51.80;4.47,False,2.417940434233501,OD2--B:LYS115:N,6.531485509995031,"OD2--sym6[0,0,1]/A:ARG129:NH2",0.5674788951873779,OD1--B:HOH54:O:2.53A;OD2--B:LYS115:N:2.42A,43.12816619873047,25.182559967041016,28.920547485351562,17.945606231689453,58.66445808410644,25.36322784423828,130.13645935058594,True,False,False,False
probe4c1_kinematic_complex,B_ASP114,21,0.8948817253112793,1.5978381633758545,128.20;-175.53,t/p-180,51.80;4.47,False,2.417940434233501,OD2--B:LYS115:N,6.531485509995031,"OD2--sym6[0,0,1]/A:ARG129:NH2",0.5674788951873779,OD1--B:HOH54:O:2.53A;OD2--B:LYS115:N:2.42A,43.12816619873047,25.182559967041016,28.920547485351562,17.945606231689453,58.66445808410644,25.36322784423828,130.13645935058594,True,False,False,False
probe4c1_kinematic_complex,B_ASP114,22,0.8948817253112793,1.5978381633758545,128.20;-175.53,t/p-180,51.80;4.47,False,2.417940434233501,OD2--B:LYS115:N,6.531485509995031,"OD2--sym6[0,0,1]/A:ARG129:NH2",0.5674788951873779,OD1--B:HOH54:O:2.53A;OD2--B:LYS115:N:2.42A,43.12816619873047,25.182559967041016,28.920547485351562,17.945606231689453,58.66445808410644,25.36322784423828,130.13645935058594,True,False,False,False
probe4c1_kinematic_complex,B_ASP114,23,0.8948817253112793,1.5978381633758545,128.20;-175.53,t/p-180,51.80;4.47,False,2.417940434233501,OD2--B:LYS115:N,6.531485509995031,"OD2--sym6[0,0,1]/A:ARG129:NH2",0.5674788951873779,OD1--B:HOH54:O:2.53A;OD2--B:LYS115:N:2.42A,43.12816619873047,25.182559967041016,28.920547485351562,17.945606231689453,58.66445808410644,25.36322784423828,130.13645935058594,True,False,False,False
probe4c1_kinematic_complex,B_ASP114,24,0.8948817253112793,1.5978381633758545,128.20;-175.53,t/p-180,51.80;4.47,False,2.417940434233501,OD2--B:LYS115:N,6.531485509995031,"OD2--sym6[0,0,1]/A:ARG129:NH2",0.5674788951873779,OD1--B:HOH54:O:2.53A;OD2--B:LYS115:N:2.42A,43.12816619873047,25.182559967041016,28.920547485351562,17.945606231689453,58.66445808410644,25.36322784423828,130.13645935058594,True,False,False,False
probe4c1_kinematic_complex,B_ASP114,25,0.8948817253112793,1.5978381633758545,128.20;-175.53,t/p-180,51.80;4.47,False,2.417940434233501,OD2--B:LYS115:N,6.531485509995031,"OD2--sym6[0,0,1]/A:ARG129:NH2",0.5674788951873779,OD1--B:HOH54:O:2.53A;OD2--B:LYS115:N:2.42A,43.12816619873047,25.182559967041016,28.920547485351562,17.945606231689453,58.66445808410644,25.36322784423828,130.13645935058594,True,False,False,False
probe4c1_kinematic_complex,B_ASP114,26,0.8948817253112793,1.5978381633758545,128.20;-175.53,t/p-180,51.80;4.47,False,2.417940434233501,OD2--B:LYS115:N,6.531485509995031,"OD2--sym6[0,0,1]/A:ARG129:NH2",0.5674788951873779,OD1--B:HOH54:O:2.53A;OD2--B:LYS115:N:2.42A,43.12816619873047,25.182559967041016,28.920547485351562,17.945606231689453,58.66445808410644,25.36322784423828,130.13645935058594,True,False,False,False
probe4c1_kinematic_complex,B_ASP114,27,0.894881546497345,1.5978381633758545,128.20;-175.53,t/p-180,51.80;4.47,False,2.4179374631015103,OD2--B:LYS115:N,6.531486531349848,"OD2--sym6[0,0,1]/A:ARG129:NH2",0.5674754977226257,OD1--B:HOH54:O:2.53A;OD2--B:LYS115:N:2.42A,43.12816619873047,25.182559967041016,28.920547485351562,17.945606231689453,58.66445808410644,25.36322784423828,130.13645935058594,True,False,False,False
probe4c1_kinematic_complex,B_ASP114,28,0.8948817253112793,1.5978381633758545,128.20;-175.53,t/p-180,51.80;4.47,False,2.417940434233501,OD2--B:LYS115:N,6.531485509995031,"OD2--sym6[0,0,1]/A:ARG129:NH2",0.5674788951873779,OD1--B:HOH54:O:2.53A;OD2--B:LYS115:N:2.42A,43.12816619873047,25.182559967041016,28.920547485351562,17.945606231689453,58.66445808410644,25.36322784423828,130.13645935058594,True,False,False,False
probe4c1_kinematic_complex,B_ASP114,29,0.8948817253112793,1.5978381633758545,128.20;-175.53,t/p-180,51.80;4.47,False,2.417940434233501,OD2--B:LYS115:N,6.531485509995031,"OD2--sym6[0,0,1]/A:ARG129:NH2",0.5674788951873779,OD1--B:HOH54:O:2.53A;OD2--B:LYS115:N:2.42A,43.12816619873047,25.182559967041016,28.920547485351562,17.945606231689453,58.66445808410644,25.36322784423828,130.13645935058594,True,False,False,False
probe4c1_kinematic_complex,B_ASP114,30,0.8948817253112793,1.5978381633758545,128.20;-175.53,t/p-180,51.80;4.47,False,2.417940434233501,OD2--B:LYS115:N,6.531485509995031,"OD2--sym6[0,0,1]/A:ARG129:NH2",0.5674788951873779,OD1--B:HOH54:O:2.53A;OD2--B:LYS115:N:2.42A,43.12816619873047,25.182559967041016,28.920547485351562,17.945606231689453,58.66445808410644,25.36322784423828,130.13645935058594,True,False,False,False
probe4c1_kinematic_complex,B_ASP114,31,0.8948817253112793,1.5978381633758545,128.20;-175.53,t/p-180,51.80;4.47,False,2.417935977536403,OD2--B:LYS115:N,6.531487042028031,"OD2--sym6[0,0,1]/A:ARG129:NH2",0.5674743056297302,OD1--B:HOH54:O:2.53A;OD2--B:LYS115:N:2.42A,43.12816619873047,25.182559967041016,28.920547485351562,17.945606231689453,58.66445808410644,25.36322784423828,130.13645935058594,True,False,False,False
probe4c1_kinematic_complex,B_ASP114,32,0.8948817253112793,1.5978381633758545,128.20;-175.53,t/p-180,51.80;4.47,False,2.417940434233501,OD2--B:LYS115:N,6.531485509995031,"OD2--sym6[0,0,1]/A:ARG129:NH2",0.5674788951873779,OD1--B:HOH54:O:2.53A;OD2--B:LYS115:N:2.42A,43.12816619873047,25.182559967041016,28.920547485351562,17.945606231689453,58.66445808410644,25.36322784423828,130.13645935058594,True,False,False,False
probe4c1_kinematic_complex,B_ASP114,33,0.8948817253112793,1.5978381633758545,128.20;-175.53,t/p-180,51.80;4.47,False,2.417940434233501,OD2--B:LYS115:N,6.531485509995031,"OD2--sym6[0,0,1]/A:ARG129:NH2",0.5674788951873779,OD1--B:HOH54:O:2.53A;OD2--B:LYS115:N:2.42A,43.12816619873047,25.182559967041016,28.920547485351562,17.945606231689453,58.66445808410644,25.36322784423828,130.13645935058594,True,False,False,False
probe4c1_kinematic_complex,B_ASP114,34,0.894881546497345,1.5978381633758545,128.20;-175.53,t/p-180,51.80;4.47,False,2.4179374631015103,OD2--B:LYS115:N,6.531486531349848,"OD2--sym6[0,0,1]/A:ARG129:NH2",0.5674754977226257,OD1--B:HOH54:O:2.53A;OD2--B:LYS115:N:2.42A,43.12816619873047,25.182559967041016,28.920547485351562,17.945606231689453,58.66445808410644,25.36322784423828,130.13645935058594,True,False,False,False
probe4c1_kinematic_complex,B_ASP114,35,0.894881546497345,1.5978381633758545,128.20;-175.53,t/p-180,51.80;4.47,False,2.4179374631015103,OD2--B:LYS115:N,6.531486531349848,"OD2--sym6[0,0,1]/A:ARG129:NH2",0.5674754977226257,OD1--B:HOH54:O:2.53A;OD2--B:LYS115:N:2.42A,43.12816619873047,25.182559967041016,28.920547485351562,17.945606231689453,58.66445808410644,25.36322784423828,130.13645935058594,True,False,False,False
probe4c1_kinematic_complex,B_ASP114,36,0.8948817253112793,1.5978381633758545,128.20;-175.53,t/p-180,51.80;4.47,False,2.417940434233501,OD2--B:LYS115:N,6.531485509995031,"OD2--sym6[0,0,1]/A:ARG129:NH2",0.5674788951873779,OD1--B:HOH54:O:2.53A;OD2--B:LYS115:N:2.42A,43.12816619873047,25.182559967041016,28.920547485351562,17.945606231689453,58.66445808410644,25.36322784423828,130.13645935058594,True,False,False,False
probe4c1_kinematic_complex,B_ASP114,37,0.894881546497345,1.5978381633758545,128.20;-175.53,t/p-180,51.80;4.47,False,2.4179374631015103,OD2--B:LYS115:N,6.531486531349848,"OD2--sym6[0,0,1]/A:ARG129:NH2",0.5674754977226257,OD1--B:HOH54:O:2.53A;OD2--B:LYS115:N:2.42A,43.12816619873047,25.182559967041016,28.920547485351562,17.945606231689453,58.66445808410644,25.36322784423828,130.13645935058594,True,False,False,False
probe4c1_kinematic_complex,B_ASP114,38,0.8948817253112793,1.5978381633758545,128.20;-175.53,t/p-180,51.80;4.47,False,2.417940434233501,OD2--B:LYS115:N,6.531485509995031,"OD2--sym6[0,0,1]/A:ARG129:NH2",0.5674788951873779,OD1--B:HOH54:O:2.53A;OD2--B:LYS115:N:2.42A,43.12816619873047,25.182559967041016,28.920547485351562,17.945606231689453,58.66445808410644,25.36322784423828,130.13645935058594,True,False,False,False
probe4c1_kinematic_complex,B_ASP114,39,0.894881546497345,1.5978381633758545,128.20;-175.53,t/p-180,51.80;4.47,False,2.4179374631015103,OD2--B:LYS115:N,6.531486531349848,"OD2--sym6[0,0,1]/A:ARG129:NH2",0.5674754977226257,OD1--B:HOH54:O:2.53A;OD2--B:LYS115:N:2.42A,43.12816619873047,25.182559967041016,28.920547485351562,17.945606231689453,58.66445808410644,25.36322784423828,130.13645935058594,True,False,False,False
probe4c1_kinematic_complex,B_ASP114,40,0.8948817253112793,1.5978381633758545,128.20;-175.53,t/p-180,51.80;4.47,False,2.417940434233501,OD2--B:LYS115:N,6.531485509995031,"OD2--sym6[0,0,1]/A:ARG129:NH2",0.5674788951873779,OD1--B:HOH54:O:2.53A;OD2--B:LYS115:N:2.42A,43.12816619873047,25.182559967041016,28.920547485351562,17.945606231689453,58.66445808410644,25.36322784423828,130.13645935058594,True,False,False,False
probe4c1_kinematic_complex,B_ASP114,41,0.894881546497345,1.5978381633758545,128.20;-175.53,t/p-180,51.80;4.47,False,2.4179374631015103,OD2--B:LYS115:N,6.531486531349848,"OD2--sym6[0,0,1]/A:ARG129:NH2",0.5674754977226257,OD1--B:HOH54:O:2.53A;OD2--B:LYS115:N:2.42A,43.12816619873047,25.182559967041016,28.920547485351562,17.945606231689453,58.66445808410644,25.36322784423828,130.13645935058594,True,False,False,False
probe4c1_kinematic_complex,B_ASP114,42,0.894881546497345,1.5978381633758545,128.20;-175.53,t/p-180,51.80;4.47,False,2.4179374631015103,OD2--B:LYS115:N,6.531486531349848,"OD2--sym6[0,0,1]/A:ARG129:NH2",0.5674754977226257,OD1--B:HOH54:O:2.53A;OD2--B:LYS115:N:2.42A,43.12816619873047,25.182559967041016,28.920547485351562,17.945606231689453,58.66445808410644,25.36322784423828,130.13645935058594,True,False,False,False
probe4c1_kinematic_complex,B_ASP114,43,0.894881546497345,1.5978381633758545,128.20;-175.53,t/p-180,51.80;4.47,False,2.4179374631015103,OD2--B:LYS115:N,6.531486531349848,"OD2--sym6[0,0,1]/A:ARG129:NH2",0.5674754977226257,OD1--B:HOH54:O:2.53A;OD2--B:LYS115:N:2.42A,43.12816619873047,25.182559967041016,28.920547485351562,17.945606231689453,58.66445808410644,25.36322784423828,130.13645935058594,True,False,False,False
probe4c1_kinematic_complex,B_ASP114,44,0.894881546497345,1.5978381633758545,128.20;-175.53,t/p-180,51.80;4.47,False,2.4179374631015103,OD2--B:LYS115:N,6.531486531349848,"OD2--sym6[0,0,1]/A:ARG129:NH2",0.5674754977226257,OD1--B:HOH54:O:2.53A;OD2--B:LYS115:N:2.42A,43.12816619873047,25.182559967041016,28.920547485351562,17.945606231689453,58.66445808410644,25.36322784423828,130.13645935058594,True,False,False,False
probe4c1_kinematic_complex,B_ASP114,45,0.8948817253112793,1.5978381633758545,128.20;-175.53,t/p-180,51.80;4.47,False,2.417940434233501,OD2--B:LYS115:N,6.531485509995031,"OD2--sym6[0,0,1]/A:ARG129:NH2",0.5674788951873779,OD1--B:HOH54:O:2.53A;OD2--B:LYS115:N:2.42A,43.12816619873047,25.182559967041016,28.920547485351562,17.945606231689453,58.66445808410644,25.36322784423828,130.13645935058594,True,False,False,False
probe4c1_kinematic_complex,B_ASP114,46,0.894881546497345,1.5978381633758545,128.20;-175.53,t/p-180,51.80;4.47,False,2.4179374631015103,OD2--B:LYS115:N,6.531486531349848,"OD2--sym6[0,0,1]/A:ARG129:NH2",0.5674754977226257,OD1--B:HOH54:O:2.53A;OD2--B:LYS115:N:2.42A,43.12816619873047,25.182559967041016,28.920547485351562,17.945606231689453,58.66445808410644,25.36322784423828,130.13645935058594,True,False,False,False
probe4c1_kinematic_complex,B_ASP114,47,0.8948817253112793,1.5978381633758545,128.20;-175.53,t/p-180,51.80;4.47,False,2.417935977536403,OD2--B:LYS115:N,6.531487042028031,"OD2--sym6[0,0,1]/A:ARG129:NH2",0.5674743056297302,OD1--B:HOH54:O:2.53A;OD2--B:LYS115:N:2.42A,43.12816619873047,25.182559967041016,28.920547485351562,17.945606231689453,58.66445808410644,25.36322784423828,130.13645935058594,True,False,False,False
probe4c1_kinematic_complex,B_ASP114,48,0.8948817253112793,1.5978381633758545,128.20;-175.53,t/p-180,51.80;4.47,False,2.417940434233501,OD2--B:LYS115:N,6.531485509995031,"OD2--sym6[0,0,1]/A:ARG129:NH2",0.5674788951873779,OD1--B:HOH54:O:2.53A;OD2--B:LYS115:N:2.42A,43.12816619873047,25.182559967041016,28.920547485351562,17.945606231689453,58.66445808410644,25.36322784423828,130.13645935058594,True,False,False,False
probe4c1_kinematic_complex,B_ASP114,49,0.8948817253112793,1.5978381633758545,128.20;-175.53,t/p-180,51.80;4.47,False,2.417935977536403,OD2--B:LYS115:N,6.531487042028031,"OD2--sym6[0,0,1]/A:ARG129:NH2",0.5674743056297302,OD1--B:HOH54:O:2.53A;OD2--B:LYS115:N:2.42A,43.12816619873047,25.182559967041016,28.920547485351562,17.945606231689453,58.66445808410644,25.36322784423828,130.13645935058594,True,False,False,False
probe4c2_A_soft_synthetic,B_ASP114,0,0.02009238675236702,1.1034048795700073,172.18;-109.12,t/p-90,7.82;19.12,True,2.8887175713795257,OD2--B:HOH14:O,5.072584734077603,"OD2--sym6[0,0,1]/A:LYS133:NZ",0.3336002230644226,OD2--B:HOH50:O:3.07A;OD2--B:HOH14:O:2.89A,25.28017807006836,25.182559967041016,28.920547485351562,0.09761810302734375,58.66445808410644,25.36322784423828,130.13645935058594,True,True,False,False
probe4c2_A_soft_synthetic,B_ASP114,1,0.02009238675236702,1.1034048795700073,172.18;-109.12,t/p-90,7.82;19.12,True,2.8887175713795257,OD2--B:HOH14:O,5.072584734077603,"OD2--sym6[0,0,1]/A:LYS133:NZ",0.3336002230644226,OD2--B:HOH50:O:3.07A;OD2--B:HOH14:O:2.89A,25.28017807006836,25.182559967041016,28.920547485351562,0.09761810302734375,58.66445808410644,25.36322784423828,130.13645935058594,True,True,False,False
probe4c2_A_soft_synthetic,B_ASP114,2,0.02009238675236702,1.1034048795700073,172.18;-109.12,t/p-90,7.82;19.12,True,2.8887175713795257,OD2--B:HOH14:O,5.072584734077603,"OD2--sym6[0,0,1]/A:LYS133:NZ",0.3336002230644226,OD2--B:HOH50:O:3.07A;OD2--B:HOH14:O:2.89A,25.28017807006836,25.182559967041016,28.920547485351562,0.09761810302734375,58.66445808410644,25.36322784423828,130.13645935058594,True,True,False,False
probe4c2_A_soft_synthetic,B_ASP114,3,0.02009238675236702,1.1034048795700073,172.18;-109.12,t/p-90,7.82;19.12,True,2.8887175713795257,OD2--B:HOH14:O,5.072584734077603,"OD2--sym6[0,0,1]/A:LYS133:NZ",0.3336002230644226,OD2--B:HOH50:O:3.07A;OD2--B:HOH14:O:2.89A,25.28017807006836,25.182559967041016,28.920547485351562,0.09761810302734375,58.66445808410644,25.36322784423828,130.13645935058594,True,True,False,False
probe4c2_A_soft_synthetic,B_ASP114,4,0.02009238675236702,1.1034048795700073,172.18;-109.12,t/p-90,7.82;19.12,True,2.8887175713795257,OD2--B:HOH14:O,5.072584734077603,"OD2--sym6[0,0,1]/A:LYS133:NZ",0.3336002230644226,OD2--B:HOH50:O:3.07A;OD2--B:HOH14:O:2.89A,25.28017807006836,25.182559967041016,28.920547485351562,0.09761810302734375,58.66445808410644,25.36322784423828,130.13645935058594,True,True,False,False
probe4c2_A_soft_synthetic,B_ASP114,5,0.02009238675236702,1.1034048795700073,172.18;-109.12,t/p-90,7.82;19.12,True,2.8887175713795257,OD2--B:HOH14:O,5.072584734077603,"OD2--sym6[0,0,1]/A:LYS133:NZ",0.3336002230644226,OD2--B:HOH50:O:3.07A;OD2--B:HOH14:O:2.89A,25.28017807006836,25.182559967041016,28.920547485351562,0.09761810302734375,58.66445808410644,25.36322784423828,130.13645935058594,True,True,False,False
probe4c2_A_soft_synthetic,B_ASP114,6,0.02009238675236702,1.1034048795700073,172.18;-109.12,t/p-90,7.82;19.12,True,2.8887175713795257,OD2--B:HOH14:O,5.072584734077603,"OD2--sym6[0,0,1]/A:LYS133:NZ",0.3336002230644226,OD2--B:HOH50:O:3.07A;OD2--B:HOH14:O:2.89A,25.28017807006836,25.182559967041016,28.920547485351562,0.09761810302734375,58.66445808410644,25.36322784423828,130.13645935058594,True,True,False,False
probe4c2_A_soft_synthetic,B_ASP114,7,0.02009238675236702,1.1034048795700073,172.18;-109.12,t/p-90,7.82;19.12,True,2.8887175713795257,OD2--B:HOH14:O,5.072584734077603,"OD2--sym6[0,0,1]/A:LYS133:NZ",0.3336002230644226,OD2--B:HOH50:O:3.07A;OD2--B:HOH14:O:2.89A,25.28017807006836,25.182559967041016,28.920547485351562,0.09761810302734375,58.66445808410644,25.36322784423828,130.13645935058594,True,True,False,False
probe4c2_A_soft_synthetic,B_ASP114,8,0.02009238675236702,1.1034048795700073,172.18;-109.12,t/p-90,7.82;19.12,True,2.8887175713795257,OD2--B:HOH14:O,5.072584734077603,"OD2--sym6[0,0,1]/A:LYS133:NZ",0.3336002230644226,OD2--B:HOH50:O:3.07A;OD2--B:HOH14:O:2.89A,25.28017807006836,25.182559967041016,28.920547485351562,0.09761810302734375,58.66445808410644,25.36322784423828,130.13645935058594,True,True,False,False
probe4c2_A_soft_synthetic,B_ASP114,9,0.02009238675236702,1.1034048795700073,172.18;-109.12,t/p-90,7.82;19.12,True,2.8887175713795257,OD2--B:HOH14:O,5.072584734077603,"OD2--sym6[0,0,1]/A:LYS133:NZ",0.3336002230644226,OD2--B:HOH50:O:3.07A;OD2--B:HOH14:O:2.89A,25.28017807006836,25.182559967041016,28.920547485351562,0.09761810302734375,58.66445808410644,25.36322784423828,130.13645935058594,True,True,False,False
probe4c2_A_soft_synthetic,B_ASP114,10,0.02009238675236702,1.1034048795700073,172.18;-109.12,t/p-90,7.82;19.12,True,2.8887175713795257,OD2--B:HOH14:O,5.072584734077603,"OD2--sym6[0,0,1]/A:LYS133:NZ",0.3336002230644226,OD2--B:HOH50:O:3.07A;OD2--B:HOH14:O:2.89A,25.28017807006836,25.182559967041016,28.920547485351562,0.09761810302734375,58.66445808410644,25.36322784423828,130.13645935058594,True,True,False,False
probe4c2_A_soft_synthetic,B_ASP114,11,0.02009238675236702,1.1034048795700073,172.18;-109.12,t/p-90,7.82;19.12,True,2.8887175713795257,OD2--B:HOH14:O,5.072584734077603,"OD2--sym6[0,0,1]/A:LYS133:NZ",0.3336002230644226,OD2--B:HOH50:O:3.07A;OD2--B:HOH14:O:2.89A,25.28017807006836,25.182559967041016,28.920547485351562,0.09761810302734375,58.66445808410644,25.36322784423828,130.13645935058594,True,True,False,False
probe4c2_A_soft_synthetic,B_ASP114,12,0.02009238675236702,1.1034048795700073,172.18;-109.12,t/p-90,7.82;19.12,True,2.8887175713795257,OD2--B:HOH14:O,5.072584734077603,"OD2--sym6[0,0,1]/A:LYS133:NZ",0.3336002230644226,OD2--B:HOH50:O:3.07A;OD2--B:HOH14:O:2.89A,25.28017807006836,25.182559967041016,28.920547485351562,0.09761810302734375,58.66445808410644,25.36322784423828,130.13645935058594,True,True,False,False
probe4c2_A_soft_synthetic,B_ASP114,13,0.02009238675236702,1.1034048795700073,172.18;-109.12,t/p-90,7.82;19.12,True,2.8887175713795257,OD2--B:HOH14:O,5.072584734077603,"OD2--sym6[0,0,1]/A:LYS133:NZ",0.3336002230644226,OD2--B:HOH50:O:3.07A;OD2--B:HOH14:O:2.89A,25.28017807006836,25.182559967041016,28.920547485351562,0.09761810302734375,58.66445808410644,25.36322784423828,130.13645935058594,True,True,False,False
probe4c2_A_soft_synthetic,B_ASP114,14,0.02009238675236702,1.1034048795700073,172.18;-109.12,t/p-90,7.82;19.12,True,2.8887175713795257,OD2--B:HOH14:O,5.072584734077603,"OD2--sym6[0,0,1]/A:LYS133:NZ",0.3336002230644226,OD2--B:HOH50:O:3.07A;OD2--B:HOH14:O:2.89A,25.28017807006836,25.182559967041016,28.920547485351562,0.09761810302734375,58.66445808410644,25.36322784423828,130.13645935058594,True,True,False,False
probe4c2_A_soft_synthetic,B_ASP114,15,0.02009238675236702,1.1034048795700073,172.18;-109.12,t/p-90,7.82;19.12,True,2.8887175713795257,OD2--B:HOH14:O,5.072584734077603,"OD2--sym6[0,0,1]/A:LYS133:NZ",0.3336002230644226,OD2--B:HOH50:O:3.07A;OD2--B:HOH14:O:2.89A,25.28017807006836,25.182559967041016,28.920547485351562,0.09761810302734375,58.66445808410644,25.36322784423828,130.13645935058594,True,True,False,False
probe4c2_A_soft_synthetic,B_ASP114,16,0.02009238675236702,1.1034048795700073,172.18;-109.12,t/p-90,7.82;19.12,True,2.8887175713795257,OD2--B:HOH14:O,5.072584734077603,"OD2--sym6[0,0,1]/A:LYS133:NZ",0.3336002230644226,OD2--B:HOH50:O:3.07A;OD2--B:HOH14:O:2.89A,25.28017807006836,25.182559967041016,28.920547485351562,0.09761810302734375,58.66445808410644,25.36322784423828,130.13645935058594,True,True,False,False
probe4c2_A_soft_synthetic,B_ASP114,17,0.02009238675236702,1.1034048795700073,172.18;-109.12,t/p-90,7.82;19.12,True,2.8887175713795257,OD2--B:HOH14:O,5.072584734077603,"OD2--sym6[0,0,1]/A:LYS133:NZ",0.3336002230644226,OD2--B:HOH50:O:3.07A;OD2--B:HOH14:O:2.89A,25.28017807006836,25.182559967041016,28.920547485351562,0.09761810302734375,58.66445808410644,25.36322784423828,130.13645935058594,True,True,False,False
probe4c2_A_soft_synthetic,B_ASP114,18,0.02009238675236702,1.1034048795700073,172.18;-109.12,t/p-90,7.82;19.12,True,2.8887175713795257,OD2--B:HOH14:O,5.072584734077603,"OD2--sym6[0,0,1]/A:LYS133:NZ",0.3336002230644226,OD2--B:HOH50:O:3.07A;OD2--B:HOH14:O:2.89A,25.28017807006836,25.182559967041016,28.920547485351562,0.09761810302734375,58.66445808410644,25.36322784423828,130.13645935058594,True,True,False,False
probe4c2_A_soft_synthetic,B_ASP114,19,0.02009238675236702,1.1034048795700073,172.18;-109.12,t/p-90,7.82;19.12,True,2.8887175713795257,OD2--B:HOH14:O,5.072584734077603,"OD2--sym6[0,0,1]/A:LYS133:NZ",0.3336002230644226,OD2--B:HOH50:O:3.07A;OD2--B:HOH14:O:2.89A,25.28017807006836,25.182559967041016,28.920547485351562,0.09761810302734375,58.66445808410644,25.36322784423828,130.13645935058594,True,True,False,False
probe4c2_A_soft_synthetic,B_ASP114,20,0.02009238675236702,1.1034048795700073,172.18;-109.12,t/p-90,7.82;19.12,True,2.8887175713795257,OD2--B:HOH14:O,5.072584734077603,"OD2--sym6[0,0,1]/A:LYS133:NZ",0.3336002230644226,OD2--B:HOH50:O:3.07A;OD2--B:HOH14:O:2.89A,25.28017807006836,25.182559967041016,28.920547485351562,0.09761810302734375,58.66445808410644,25.36322784423828,130.13645935058594,True,True,False,False
probe4c2_A_soft_synthetic,B_ASP114,21,0.02009238675236702,1.1034048795700073,172.18;-109.12,t/p-90,7.82;19.12,True,2.8887175713795257,OD2--B:HOH14:O,5.072584734077603,"OD2--sym6[0,0,1]/A:LYS133:NZ",0.3336002230644226,OD2--B:HOH50:O:3.07A;OD2--B:HOH14:O:2.89A,25.28017807006836,25.182559967041016,28.920547485351562,0.09761810302734375,58.66445808410644,25.36322784423828,130.13645935058594,True,True,False,False
probe4c2_A_soft_synthetic,B_ASP114,22,0.02009238675236702,1.1034048795700073,172.18;-109.12,t/p-90,7.82;19.12,True,2.8887175713795257,OD2--B:HOH14:O,5.072584734077603,"OD2--sym6[0,0,1]/A:LYS133:NZ",0.3336002230644226,OD2--B:HOH50:O:3.07A;OD2--B:HOH14:O:2.89A,25.28017807006836,25.182559967041016,28.920547485351562,0.09761810302734375,58.66445808410644,25.36322784423828,130.13645935058594,True,True,False,False
probe4c2_A_soft_synthetic,B_ASP114,23,0.02009238675236702,1.1034048795700073,172.18;-109.12,t/p-90,7.82;19.12,True,2.8887175713795257,OD2--B:HOH14:O,5.072584734077603,"OD2--sym6[0,0,1]/A:LYS133:NZ",0.3336002230644226,OD2--B:HOH50:O:3.07A;OD2--B:HOH14:O:2.89A,25.28017807006836,25.182559967041016,28.920547485351562,0.09761810302734375,58.66445808410644,25.36322784423828,130.13645935058594,True,True,False,False
probe4c2_A_soft_synthetic,B_ASP114,24,0.02009238675236702,1.1034048795700073,172.18;-109.12,t/p-90,7.82;19.12,True,2.8887175713795257,OD2--B:HOH14:O,5.072584734077603,"OD2--sym6[0,0,1]/A:LYS133:NZ",0.3336002230644226,OD2--B:HOH50:O:3.07A;OD2--B:HOH14:O:2.89A,25.28017807006836,25.182559967041016,28.920547485351562,0.09761810302734375,58.66445808410644,25.36322784423828,130.13645935058594,True,True,False,False
probe4c2_A_soft_synthetic,B_ASP114,25,0.02009238675236702,1.1034048795700073,172.18;-109.12,t/p-90,7.82;19.12,True,2.8887175713795257,OD2--B:HOH14:O,5.072584734077603,"OD2--sym6[0,0,1]/A:LYS133:NZ",0.3336002230644226,OD2--B:HOH50:O:3.07A;OD2--B:HOH14:O:2.89A,25.28017807006836,25.182559967041016,28.920547485351562,0.09761810302734375,58.66445808410644,25.36322784423828,130.13645935058594,True,True,False,False
probe4c2_A_soft_synthetic,B_ASP114,26,0.02009238675236702,1.1034048795700073,172.18;-109.12,t/p-90,7.82;19.12,True,2.8887175713795257,OD2--B:HOH14:O,5.072584734077603,"OD2--sym6[0,0,1]/A:LYS133:NZ",0.3336002230644226,OD2--B:HOH50:O:3.07A;OD2--B:HOH14:O:2.89A,25.28017807006836,25.182559967041016,28.920547485351562,0.09761810302734375,58.66445808410644,25.36322784423828,130.13645935058594,True,True,False,False
probe4c2_A_soft_synthetic,B_ASP114,27,0.02009238675236702,1.1034048795700073,172.18;-109.12,t/p-90,7.82;19.12,True,2.8887175713795257,OD2--B:HOH14:O,5.072584734077603,"OD2--sym6[0,0,1]/A:LYS133:NZ",0.3336002230644226,OD2--B:HOH50:O:3.07A;OD2--B:HOH14:O:2.89A,25.28017807006836,25.182559967041016,28.920547485351562,0.09761810302734375,58.66445808410644,25.36322784423828,130.13645935058594,True,True,False,False
probe4c2_A_soft_synthetic,B_ASP114,28,0.02009238675236702,1.1034048795700073,172.18;-109.12,t/p-90,7.82;19.12,True,2.8887175713795257,OD2--B:HOH14:O,5.072584734077603,"OD2--sym6[0,0,1]/A:LYS133:NZ",0.3336002230644226,OD2--B:HOH50:O:3.07A;OD2--B:HOH14:O:2.89A,25.28017807006836,25.182559967041016,28.920547485351562,0.09761810302734375,58.66445808410644,25.36322784423828,130.13645935058594,True,True,False,False
probe4c2_A_soft_synthetic,B_ASP114,29,0.02009238675236702,1.1034048795700073,172.18;-109.12,t/p-90,7.82;19.12,True,2.8887175713795257,OD2--B:HOH14:O,5.072584734077603,"OD2--sym6[0,0,1]/A:LYS133:NZ",0.3336002230644226,OD2--B:HOH50:O:3.07A;OD2--B:HOH14:O:2.89A,25.28017807006836,25.182559967041016,28.920547485351562,0.09761810302734375,58.66445808410644,25.36322784423828,130.13645935058594,True,True,False,False
probe4c2_A_soft_synthetic,B_ASP114,30,0.02009238675236702,1.1034048795700073,172.18;-109.12,t/p-90,7.82;19.12,True,2.8887175713795257,OD2--B:HOH14:O,5.072584734077603,"OD2--sym6[0,0,1]/A:LYS133:NZ",0.3336002230644226,OD2--B:HOH50:O:3.07A;OD2--B:HOH14:O:2.89A,25.28017807006836,25.182559967041016,28.920547485351562,0.09761810302734375,58.66445808410644,25.36322784423828,130.13645935058594,True,True,False,False
probe4c2_A_soft_synthetic,B_ASP114,31,0.02009238675236702,1.1034048795700073,172.18;-109.12,t/p-90,7.82;19.12,True,2.8887175713795257,OD2--B:HOH14:O,5.072584734077603,"OD2--sym6[0,0,1]/A:LYS133:NZ",0.3336002230644226,OD2--B:HOH50:O:3.07A;OD2--B:HOH14:O:2.89A,25.28017807006836,25.182559967041016,28.920547485351562,0.09761810302734375,58.66445808410644,25.36322784423828,130.13645935058594,True,True,False,False
probe4c2_A_soft_synthetic,B_ASP114,32,0.02009238675236702,1.1034048795700073,172.18;-109.12,t/p-90,7.82;19.12,True,2.8887175713795257,OD2--B:HOH14:O,5.072584734077603,"OD2--sym6[0,0,1]/A:LYS133:NZ",0.3336002230644226,OD2--B:HOH50:O:3.07A;OD2--B:HOH14:O:2.89A,25.28017807006836,25.182559967041016,28.920547485351562,0.09761810302734375,58.66445808410644,25.36322784423828,130.13645935058594,True,True,False,False
probe4c2_A_soft_synthetic,B_ASP114,33,0.02009238675236702,1.1034048795700073,172.18;-109.12,t/p-90,7.82;19.12,True,2.8887175713795257,OD2--B:HOH14:O,5.072584734077603,"OD2--sym6[0,0,1]/A:LYS133:NZ",0.3336002230644226,OD2--B:HOH50:O:3.07A;OD2--B:HOH14:O:2.89A,25.28017807006836,25.182559967041016,28.920547485351562,0.09761810302734375,58.66445808410644,25.36322784423828,130.13645935058594,True,True,False,False
probe4c2_A_soft_synthetic,B_ASP114,34,0.02009238675236702,1.1034048795700073,172.18;-109.12,t/p-90,7.82;19.12,True,2.8887175713795257,OD2--B:HOH14:O,5.072584734077603,"OD2--sym6[0,0,1]/A:LYS133:NZ",0.3336002230644226,OD2--B:HOH50:O:3.07A;OD2--B:HOH14:O:2.89A,25.28017807006836,25.182559967041016,28.920547485351562,0.09761810302734375,58.66445808410644,25.36322784423828,130.13645935058594,True,True,False,False
probe4c2_A_soft_synthetic,B_ASP114,35,0.02009238675236702,1.1034048795700073,172.18;-109.12,t/p-90,7.82;19.12,True,2.8887175713795257,OD2--B:HOH14:O,5.072584734077603,"OD2--sym6[0,0,1]/A:LYS133:NZ",0.3336002230644226,OD2--B:HOH50:O:3.07A;OD2--B:HOH14:O:2.89A,25.28017807006836,25.182559967041016,28.920547485351562,0.09761810302734375,58.66445808410644,25.36322784423828,130.13645935058594,True,True,False,False
probe4c2_A_soft_synthetic,B_ASP114,36,0.02009238675236702,1.1034048795700073,172.18;-109.12,t/p-90,7.82;19.12,True,2.8887175713795257,OD2--B:HOH14:O,5.072584734077603,"OD2--sym6[0,0,1]/A:LYS133:NZ",0.3336002230644226,OD2--B:HOH50:O:3.07A;OD2--B:HOH14:O:2.89A,25.28017807006836,25.182559967041016,28.920547485351562,0.09761810302734375,58.66445808410644,25.36322784423828,130.13645935058594,True,True,False,False
probe4c2_A_soft_synthetic,B_ASP114,37,0.02009238675236702,1.1034048795700073,172.18;-109.12,t/p-90,7.82;19.12,True,2.8887175713795257,OD2--B:HOH14:O,5.072584734077603,"OD2--sym6[0,0,1]/A:LYS133:NZ",0.3336002230644226,OD2--B:HOH50:O:3.07A;OD2--B:HOH14:O:2.89A,25.28017807006836,25.182559967041016,28.920547485351562,0.09761810302734375,58.66445808410644,25.36322784423828,130.13645935058594,True,True,False,False
probe4c2_A_soft_synthetic,B_ASP114,38,0.02009238675236702,1.1034048795700073,172.18;-109.12,t/p-90,7.82;19.12,True,2.8887175713795257,OD2--B:HOH14:O,5.072584734077603,"OD2--sym6[0,0,1]/A:LYS133:NZ",0.3336002230644226,OD2--B:HOH50:O:3.07A;OD2--B:HOH14:O:2.89A,25.28017807006836,25.182559967041016,28.920547485351562,0.09761810302734375,58.66445808410644,25.36322784423828,130.13645935058594,True,True,False,False
probe4c2_A_soft_synthetic,B_ASP114,39,0.02009238675236702,1.1034048795700073,172.18;-109.12,t/p-90,7.82;19.12,True,2.8887175713795257,OD2--B:HOH14:O,5.072584734077603,"OD2--sym6[0,0,1]/A:LYS133:NZ",0.3336002230644226,OD2--B:HOH50:O:3.07A;OD2--B:HOH14:O:2.89A,25.28017807006836,25.182559967041016,28.920547485351562,0.09761810302734375,58.66445808410644,25.36322784423828,130.13645935058594,True,True,False,False
probe4c2_A_soft_synthetic,B_ASP114,40,0.02009238675236702,1.1034048795700073,172.18;-109.12,t/p-90,7.82;19.12,True,2.8887175713795257,OD2--B:HOH14:O,5.072584734077603,"OD2--sym6[0,0,1]/A:LYS133:NZ",0.3336002230644226,OD2--B:HOH50:O:3.07A;OD2--B:HOH14:O:2.89A,25.28017807006836,25.182559967041016,28.920547485351562,0.09761810302734375,58.66445808410644,25.36322784423828,130.13645935058594,True,True,False,False
probe4c2_A_soft_synthetic,B_ASP114,41,0.02009238675236702,1.1034048795700073,172.18;-109.12,t/p-90,7.82;19.12,True,2.8887175713795257,OD2--B:HOH14:O,5.072584734077603,"OD2--sym6[0,0,1]/A:LYS133:NZ",0.3336002230644226,OD2--B:HOH50:O:3.07A;OD2--B:HOH14:O:2.89A,25.28017807006836,25.182559967041016,28.920547485351562,0.09761810302734375,58.66445808410644,25.36322784423828,130.13645935058594,True,True,False,False
probe4c2_A_soft_synthetic,B_ASP114,42,0.02009238675236702,1.1034048795700073,172.18;-109.12,t/p-90,7.82;19.12,True,2.8887175713795257,OD2--B:HOH14:O,5.072584734077603,"OD2--sym6[0,0,1]/A:LYS133:NZ",0.3336002230644226,OD2--B:HOH50:O:3.07A;OD2--B:HOH14:O:2.89A,25.28017807006836,25.182559967041016,28.920547485351562,0.09761810302734375,58.66445808410644,25.36322784423828,130.13645935058594,True,True,False,False
probe4c2_A_soft_synthetic,B_ASP114,43,0.02009238675236702,1.1034048795700073,172.18;-109.12,t/p-90,7.82;19.12,True,2.8887175713795257,OD2--B:HOH14:O,5.072584734077603,"OD2--sym6[0,0,1]/A:LYS133:NZ",0.3336002230644226,OD2--B:HOH50:O:3.07A;OD2--B:HOH14:O:2.89A,25.28017807006836,25.182559967041016,28.920547485351562,0.09761810302734375,58.66445808410644,25.36322784423828,130.13645935058594,True,True,False,False
probe4c2_A_soft_synthetic,B_ASP114,44,0.02009238675236702,1.1034048795700073,172.18;-109.12,t/p-90,7.82;19.12,True,2.8887175713795257,OD2--B:HOH14:O,5.072584734077603,"OD2--sym6[0,0,1]/A:LYS133:NZ",0.3336002230644226,OD2--B:HOH50:O:3.07A;OD2--B:HOH14:O:2.89A,25.28017807006836,25.182559967041016,28.920547485351562,0.09761810302734375,58.66445808410644,25.36322784423828,130.13645935058594,True,True,False,False
probe4c2_A_soft_synthetic,B_ASP114,45,0.02009238675236702,1.1034048795700073,172.18;-109.12,t/p-90,7.82;19.12,True,2.8887175713795257,OD2--B:HOH14:O,5.072584734077603,"OD2--sym6[0,0,1]/A:LYS133:NZ",0.3336002230644226,OD2--B:HOH50:O:3.07A;OD2--B:HOH14:O:2.89A,25.28017807006836,25.182559967041016,28.920547485351562,0.09761810302734375,58.66445808410644,25.36322784423828,130.13645935058594,True,True,False,False
probe4c2_A_soft_synthetic,B_ASP114,46,0.02009238675236702,1.1034048795700073,172.18;-109.12,t/p-90,7.82;19.12,True,2.8887175713795257,OD2--B:HOH14:O,5.072584734077603,"OD2--sym6[0,0,1]/A:LYS133:NZ",0.3336002230644226,OD2--B:HOH50:O:3.07A;OD2--B:HOH14:O:2.89A,25.28017807006836,25.182559967041016,28.920547485351562,0.09761810302734375,58.66445808410644,25.36322784423828,130.13645935058594,True,True,False,False
probe4c2_A_soft_synthetic,B_ASP114,47,0.02009238675236702,1.1034048795700073,172.18;-109.12,t/p-90,7.82;19.12,True,2.8887175713795257,OD2--B:HOH14:O,5.072584734077603,"OD2--sym6[0,0,1]/A:LYS133:NZ",0.3336002230644226,OD2--B:HOH50:O:3.07A;OD2--B:HOH14:O:2.89A,25.28017807006836,25.182559967041016,28.920547485351562,0.09761810302734375,58.66445808410644,25.36322784423828,130.13645935058594,True,True,False,False
probe4c2_A_soft_synthetic,B_ASP114,48,0.02009238675236702,1.1034048795700073,172.18;-109.12,t/p-90,7.82;19.12,True,2.8887175713795257,OD2--B:HOH14:O,5.072584734077603,"OD2--sym6[0,0,1]/A:LYS133:NZ",0.3336002230644226,OD2--B:HOH50:O:3.07A;OD2--B:HOH14:O:2.89A,25.28017807006836,25.182559967041016,28.920547485351562,0.09761810302734375,58.66445808410644,25.36322784423828,130.13645935058594,True,True,False,False
probe4c2_A_soft_synthetic,B_ASP114,49,0.02009238675236702,1.1034048795700073,172.18;-109.12,t/p-90,7.82;19.12,True,2.8887175713795257,OD2--B:HOH14:O,5.072584734077603,"OD2--sym6[0,0,1]/A:LYS133:NZ",0.3336002230644226,OD2--B:HOH50:O:3.07A;OD2--B:HOH14:O:2.89A,25.28017807006836,25.182559967041016,28.920547485351562,0.09761810302734375,58.66445808410644,25.36322784423828,130.13645935058594,True,True,False,False
probe4c2_B_soft_localized,B_ASP114,0,0.19442346692085266,1.222700595855713,163.66;-124.34,t/p-90,16.34;34.34,False,2.6780512485085657,OD2--B:HOH14:O,5.337950799089876,"OD2--sym6[0,0,1]/A:LYS133:NZ",0.18740086257457733,OD1--B:HOH54:O:3.19A;OD2--B:HOH50:O:3.07A;OD2--B:HOH14:O:2.68A,26.656482696533203,25.182559967041016,28.920547485351562,1.4739227294921875,58.66445808410644,25.36322784423828,130.13645935058594,True,False,False,False
probe4c2_B_soft_localized,B_ASP114,1,0.19442346692085266,1.222700595855713,163.66;-124.34,t/p-90,16.34;34.34,False,2.6780512485085657,OD2--B:HOH14:O,5.337950799089876,"OD2--sym6[0,0,1]/A:LYS133:NZ",0.18740086257457733,OD1--B:HOH54:O:3.19A;OD2--B:HOH50:O:3.07A;OD2--B:HOH14:O:2.68A,26.656482696533203,25.182559967041016,28.920547485351562,1.4739227294921875,58.66445808410644,25.36322784423828,130.13645935058594,True,False,False,False
probe4c2_B_soft_localized,B_ASP114,2,0.19442346692085266,1.222700595855713,163.66;-124.34,t/p-90,16.34;34.34,False,2.6780512485085657,OD2--B:HOH14:O,5.337950799089876,"OD2--sym6[0,0,1]/A:LYS133:NZ",0.18740086257457733,OD1--B:HOH54:O:3.19A;OD2--B:HOH50:O:3.07A;OD2--B:HOH14:O:2.68A,26.656482696533203,25.182559967041016,28.920547485351562,1.4739227294921875,58.66445808410644,25.36322784423828,130.13645935058594,True,False,False,False
probe4c2_B_soft_localized,B_ASP114,3,0.19442346692085266,1.222700595855713,163.66;-124.34,t/p-90,16.34;34.34,False,2.6780512485085657,OD2--B:HOH14:O,5.337950799089876,"OD2--sym6[0,0,1]/A:LYS133:NZ",0.18740086257457733,OD1--B:HOH54:O:3.19A;OD2--B:HOH50:O:3.07A;OD2--B:HOH14:O:2.68A,26.656482696533203,25.182559967041016,28.920547485351562,1.4739227294921875,58.66445808410644,25.36322784423828,130.13645935058594,True,False,False,False
probe4c2_B_soft_localized,B_ASP114,4,0.19442346692085266,1.222700595855713,163.66;-124.34,t/p-90,16.34;34.34,False,2.6780512485085657,OD2--B:HOH14:O,5.337950799089876,"OD2--sym6[0,0,1]/A:LYS133:NZ",0.18740086257457733,OD1--B:HOH54:O:3.19A;OD2--B:HOH50:O:3.07A;OD2--B:HOH14:O:2.68A,26.656482696533203,25.182559967041016,28.920547485351562,1.4739227294921875,58.66445808410644,25.36322784423828,130.13645935058594,True,False,False,False
probe4c2_B_soft_localized,B_ASP114,5,0.19442346692085266,1.222700595855713,163.66;-124.34,t/p-90,16.34;34.34,False,2.6780512485085657,OD2--B:HOH14:O,5.337950799089876,"OD2--sym6[0,0,1]/A:LYS133:NZ",0.18740086257457733,OD1--B:HOH54:O:3.19A;OD2--B:HOH50:O:3.07A;OD2--B:HOH14:O:2.68A,26.656482696533203,25.182559967041016,28.920547485351562,1.4739227294921875,58.66445808410644,25.36322784423828,130.13645935058594,True,False,False,False
probe4c2_B_soft_localized,B_ASP114,6,0.19442346692085266,1.222700595855713,163.66;-124.34,t/p-90,16.34;34.34,False,2.6780512485085657,OD2--B:HOH14:O,5.337950799089876,"OD2--sym6[0,0,1]/A:LYS133:NZ",0.18740086257457733,OD1--B:HOH54:O:3.19A;OD2--B:HOH50:O:3.07A;OD2--B:HOH14:O:2.68A,26.656482696533203,25.182559967041016,28.920547485351562,1.4739227294921875,58.66445808410644,25.36322784423828,130.13645935058594,True,False,False,False
probe4c2_B_soft_localized,B_ASP114,7,0.19442346692085266,1.222700595855713,163.66;-124.34,t/p-90,16.34;34.34,False,2.6780512485085657,OD2--B:HOH14:O,5.337950799089876,"OD2--sym6[0,0,1]/A:LYS133:NZ",0.18740086257457733,OD1--B:HOH54:O:3.19A;OD2--B:HOH50:O:3.07A;OD2--B:HOH14:O:2.68A,26.656482696533203,25.182559967041016,28.920547485351562,1.4739227294921875,58.66445808410644,25.36322784423828,130.13645935058594,True,False,False,False
probe4c2_B_soft_localized,B_ASP114,8,0.19442346692085266,1.222700595855713,163.66;-124.34,t/p-90,16.34;34.34,False,2.6780512485085657,OD2--B:HOH14:O,5.337950799089876,"OD2--sym6[0,0,1]/A:LYS133:NZ",0.18740086257457733,OD1--B:HOH54:O:3.19A;OD2--B:HOH50:O:3.07A;OD2--B:HOH14:O:2.68A,26.656482696533203,25.182559967041016,28.920547485351562,1.4739227294921875,58.66445808410644,25.36322784423828,130.13645935058594,True,False,False,False
probe4c2_B_soft_localized,B_ASP114,9,0.19442346692085266,1.222700595855713,163.66;-124.34,t/p-90,16.34;34.34,False,2.6780512485085657,OD2--B:HOH14:O,5.337950799089876,"OD2--sym6[0,0,1]/A:LYS133:NZ",0.18740086257457733,OD1--B:HOH54:O:3.19A;OD2--B:HOH50:O:3.07A;OD2--B:HOH14:O:2.68A,26.656482696533203,25.182559967041016,28.920547485351562,1.4739227294921875,58.66445808410644,25.36322784423828,130.13645935058594,True,False,False,False
probe4c2_B_soft_localized,B_ASP114,10,0.19442346692085266,1.222700595855713,163.66;-124.34,t/p-90,16.34;34.34,False,2.6780512485085657,OD2--B:HOH14:O,5.337950799089876,"OD2--sym6[0,0,1]/A:LYS133:NZ",0.18740086257457733,OD1--B:HOH54:O:3.19A;OD2--B:HOH50:O:3.07A;OD2--B:HOH14:O:2.68A,26.656482696533203,25.182559967041016,28.920547485351562,1.4739227294921875,58.66445808410644,25.36322784423828,130.13645935058594,True,False,False,False
probe4c2_B_soft_localized,B_ASP114,11,0.19442346692085266,1.222700595855713,163.66;-124.34,t/p-90,16.34;34.34,False,2.6780512485085657,OD2--B:HOH14:O,5.337950799089876,"OD2--sym6[0,0,1]/A:LYS133:NZ",0.18740086257457733,OD1--B:HOH54:O:3.19A;OD2--B:HOH50:O:3.07A;OD2--B:HOH14:O:2.68A,26.656482696533203,25.182559967041016,28.920547485351562,1.4739227294921875,58.66445808410644,25.36322784423828,130.13645935058594,True,False,False,False
probe4c2_B_soft_localized,B_ASP114,12,0.19442346692085266,1.222700595855713,163.66;-124.34,t/p-90,16.34;34.34,False,2.6780512485085657,OD2--B:HOH14:O,5.337950799089876,"OD2--sym6[0,0,1]/A:LYS133:NZ",0.18740086257457733,OD1--B:HOH54:O:3.19A;OD2--B:HOH50:O:3.07A;OD2--B:HOH14:O:2.68A,26.656482696533203,25.182559967041016,28.920547485351562,1.4739227294921875,58.66445808410644,25.36322784423828,130.13645935058594,True,False,False,False
probe4c2_B_soft_localized,B_ASP114,13,0.19442346692085266,1.222700595855713,163.66;-124.34,t/p-90,16.34;34.34,False,2.6780512485085657,OD2--B:HOH14:O,5.337950799089876,"OD2--sym6[0,0,1]/A:LYS133:NZ",0.18740086257457733,OD1--B:HOH54:O:3.19A;OD2--B:HOH50:O:3.07A;OD2--B:HOH14:O:2.68A,26.656482696533203,25.182559967041016,28.920547485351562,1.4739227294921875,58.66445808410644,25.36322784423828,130.13645935058594,True,False,False,False
probe4c2_B_soft_localized,B_ASP114,14,0.19442346692085266,1.222700595855713,163.66;-124.34,t/p-90,16.34;34.34,False,2.6780512485085657,OD2--B:HOH14:O,5.337950799089876,"OD2--sym6[0,0,1]/A:LYS133:NZ",0.18740086257457733,OD1--B:HOH54:O:3.19A;OD2--B:HOH50:O:3.07A;OD2--B:HOH14:O:2.68A,26.656482696533203,25.182559967041016,28.920547485351562,1.4739227294921875,58.66445808410644,25.36322784423828,130.13645935058594,True,False,False,False
probe4c2_B_soft_localized,B_ASP114,15,0.19442346692085266,1.222700595855713,163.66;-124.34,t/p-90,16.34;34.34,False,2.6780512485085657,OD2--B:HOH14:O,5.337950799089876,"OD2--sym6[0,0,1]/A:LYS133:NZ",0.18740086257457733,OD1--B:HOH54:O:3.19A;OD2--B:HOH50:O:3.07A;OD2--B:HOH14:O:2.68A,26.656482696533203,25.182559967041016,28.920547485351562,1.4739227294921875,58.66445808410644,25.36322784423828,130.13645935058594,True,False,False,False
probe4c2_B_soft_localized,B_ASP114,16,0.19442346692085266,1.222700595855713,163.66;-124.34,t/p-90,16.34;34.34,False,2.6780512485085657,OD2--B:HOH14:O,5.337950799089876,"OD2--sym6[0,0,1]/A:LYS133:NZ",0.18740086257457733,OD1--B:HOH54:O:3.19A;OD2--B:HOH50:O:3.07A;OD2--B:HOH14:O:2.68A,26.656482696533203,25.182559967041016,28.920547485351562,1.4739227294921875,58.66445808410644,25.36322784423828,130.13645935058594,True,False,False,False
probe4c2_B_soft_localized,B_ASP114,17,0.19442346692085266,1.222700595855713,163.66;-124.34,t/p-90,16.34;34.34,False,2.6780512485085657,OD2--B:HOH14:O,5.337950799089876,"OD2--sym6[0,0,1]/A:LYS133:NZ",0.18740086257457733,OD1--B:HOH54:O:3.19A;OD2--B:HOH50:O:3.07A;OD2--B:HOH14:O:2.68A,26.656482696533203,25.182559967041016,28.920547485351562,1.4739227294921875,58.66445808410644,25.36322784423828,130.13645935058594,True,False,False,False
probe4c2_B_soft_localized,B_ASP114,18,0.19442346692085266,1.222700595855713,163.66;-124.34,t/p-90,16.34;34.34,False,2.6780512485085657,OD2--B:HOH14:O,5.337950799089876,"OD2--sym6[0,0,1]/A:LYS133:NZ",0.18740086257457733,OD1--B:HOH54:O:3.19A;OD2--B:HOH50:O:3.07A;OD2--B:HOH14:O:2.68A,26.656482696533203,25.182559967041016,28.920547485351562,1.4739227294921875,58.66445808410644,25.36322784423828,130.13645935058594,True,False,False,False
probe4c2_B_soft_localized,B_ASP114,19,0.19442346692085266,1.222700595855713,163.66;-124.34,t/p-90,16.34;34.34,False,2.6780512485085657,OD2--B:HOH14:O,5.337950799089876,"OD2--sym6[0,0,1]/A:LYS133:NZ",0.18740086257457733,OD1--B:HOH54:O:3.19A;OD2--B:HOH50:O:3.07A;OD2--B:HOH14:O:2.68A,26.656482696533203,25.182559967041016,28.920547485351562,1.4739227294921875,58.66445808410644,25.36322784423828,130.13645935058594,True,False,False,False
probe4c2_B_soft_localized,B_ASP114,20,0.19442346692085266,1.222700595855713,163.66;-124.34,t/p-90,16.34;34.34,False,2.6780512485085657,OD2--B:HOH14:O,5.337950799089876,"OD2--sym6[0,0,1]/A:LYS133:NZ",0.18740086257457733,OD1--B:HOH54:O:3.19A;OD2--B:HOH50:O:3.07A;OD2--B:HOH14:O:2.68A,26.656482696533203,25.182559967041016,28.920547485351562,1.4739227294921875,58.66445808410644,25.36322784423828,130.13645935058594,True,False,False,False
probe4c2_B_soft_localized,B_ASP114,21,0.19442346692085266,1.222700595855713,163.66;-124.34,t/p-90,16.34;34.34,False,2.6780512485085657,OD2--B:HOH14:O,5.337950799089876,"OD2--sym6[0,0,1]/A:LYS133:NZ",0.18740086257457733,OD1--B:HOH54:O:3.19A;OD2--B:HOH50:O:3.07A;OD2--B:HOH14:O:2.68A,26.656482696533203,25.182559967041016,28.920547485351562,1.4739227294921875,58.66445808410644,25.36322784423828,130.13645935058594,True,False,False,False
probe4c2_B_soft_localized,B_ASP114,22,0.19442346692085266,1.222700595855713,163.66;-124.34,t/p-90,16.34;34.34,False,2.6780512485085657,OD2--B:HOH14:O,5.337950799089876,"OD2--sym6[0,0,1]/A:LYS133:NZ",0.18740086257457733,OD1--B:HOH54:O:3.19A;OD2--B:HOH50:O:3.07A;OD2--B:HOH14:O:2.68A,26.656482696533203,25.182559967041016,28.920547485351562,1.4739227294921875,58.66445808410644,25.36322784423828,130.13645935058594,True,False,False,False
probe4c2_B_soft_localized,B_ASP114,23,0.19442346692085266,1.222700595855713,163.66;-124.34,t/p-90,16.34;34.34,False,2.6780512485085657,OD2--B:HOH14:O,5.337950799089876,"OD2--sym6[0,0,1]/A:LYS133:NZ",0.18740086257457733,OD1--B:HOH54:O:3.19A;OD2--B:HOH50:O:3.07A;OD2--B:HOH14:O:2.68A,26.656482696533203,25.182559967041016,28.920547485351562,1.4739227294921875,58.66445808410644,25.36322784423828,130.13645935058594,True,False,False,False
probe4c2_B_soft_localized,B_ASP114,24,0.19442346692085266,1.222700595855713,163.66;-124.34,t/p-90,16.34;34.34,False,2.6780512485085657,OD2--B:HOH14:O,5.337950799089876,"OD2--sym6[0,0,1]/A:LYS133:NZ",0.18740086257457733,OD1--B:HOH54:O:3.19A;OD2--B:HOH50:O:3.07A;OD2--B:HOH14:O:2.68A,26.656482696533203,25.182559967041016,28.920547485351562,1.4739227294921875,58.66445808410644,25.36322784423828,130.13645935058594,True,False,False,False
probe4c2_B_soft_localized,B_ASP114,25,0.19442346692085266,1.222700595855713,163.66;-124.34,t/p-90,16.34;34.34,False,2.6780512485085657,OD2--B:HOH14:O,5.337950799089876,"OD2--sym6[0,0,1]/A:LYS133:NZ",0.18740086257457733,OD1--B:HOH54:O:3.19A;OD2--B:HOH50:O:3.07A;OD2--B:HOH14:O:2.68A,26.656482696533203,25.182559967041016,28.920547485351562,1.4739227294921875,58.66445808410644,25.36322784423828,130.13645935058594,True,False,False,False
probe4c2_B_soft_localized,B_ASP114,26,0.19442346692085266,1.222700595855713,163.66;-124.34,t/p-90,16.34;34.34,False,2.6780512485085657,OD2--B:HOH14:O,5.337950799089876,"OD2--sym6[0,0,1]/A:LYS133:NZ",0.18740086257457733,OD1--B:HOH54:O:3.19A;OD2--B:HOH50:O:3.07A;OD2--B:HOH14:O:2.68A,26.656482696533203,25.182559967041016,28.920547485351562,1.4739227294921875,58.66445808410644,25.36322784423828,130.13645935058594,True,False,False,False
probe4c2_B_soft_localized,B_ASP114,27,0.19442346692085266,1.222700595855713,163.66;-124.34,t/p-90,16.34;34.34,False,2.6780512485085657,OD2--B:HOH14:O,5.337950799089876,"OD2--sym6[0,0,1]/A:LYS133:NZ",0.18740086257457733,OD1--B:HOH54:O:3.19A;OD2--B:HOH50:O:3.07A;OD2--B:HOH14:O:2.68A,26.656482696533203,25.182559967041016,28.920547485351562,1.4739227294921875,58.66445808410644,25.36322784423828,130.13645935058594,True,False,False,False
probe4c2_B_soft_localized,B_ASP114,28,0.19442346692085266,1.222700595855713,163.66;-124.34,t/p-90,16.34;34.34,False,2.6780512485085657,OD2--B:HOH14:O,5.337950799089876,"OD2--sym6[0,0,1]/A:LYS133:NZ",0.18740086257457733,OD1--B:HOH54:O:3.19A;OD2--B:HOH50:O:3.07A;OD2--B:HOH14:O:2.68A,26.656482696533203,25.182559967041016,28.920547485351562,1.4739227294921875,58.66445808410644,25.36322784423828,130.13645935058594,True,False,False,False
probe4c2_B_soft_localized,B_ASP114,29,0.19442346692085266,1.222700595855713,163.66;-124.34,t/p-90,16.34;34.34,False,2.6780512485085657,OD2--B:HOH14:O,5.337950799089876,"OD2--sym6[0,0,1]/A:LYS133:NZ",0.18740086257457733,OD1--B:HOH54:O:3.19A;OD2--B:HOH50:O:3.07A;OD2--B:HOH14:O:2.68A,26.656482696533203,25.182559967041016,28.920547485351562,1.4739227294921875,58.66445808410644,25.36322784423828,130.13645935058594,True,False,False,False
probe4c2_B_soft_localized,B_ASP114,30,0.19442346692085266,1.222700595855713,163.66;-124.34,t/p-90,16.34;34.34,False,2.6780512485085657,OD2--B:HOH14:O,5.337950799089876,"OD2--sym6[0,0,1]/A:LYS133:NZ",0.18740086257457733,OD1--B:HOH54:O:3.19A;OD2--B:HOH50:O:3.07A;OD2--B:HOH14:O:2.68A,26.656482696533203,25.182559967041016,28.920547485351562,1.4739227294921875,58.66445808410644,25.36322784423828,130.13645935058594,True,False,False,False
probe4c2_B_soft_localized,B_ASP114,31,0.19442346692085266,1.222700595855713,163.66;-124.34,t/p-90,16.34;34.34,False,2.6780512485085657,OD2--B:HOH14:O,5.337950799089876,"OD2--sym6[0,0,1]/A:LYS133:NZ",0.18740086257457733,OD1--B:HOH54:O:3.19A;OD2--B:HOH50:O:3.07A;OD2--B:HOH14:O:2.68A,26.656482696533203,25.182559967041016,28.920547485351562,1.4739227294921875,58.66445808410644,25.36322784423828,130.13645935058594,True,False,False,False
probe4c2_B_soft_localized,B_ASP114,32,0.19442346692085266,1.222700595855713,163.66;-124.34,t/p-90,16.34;34.34,False,2.6780512485085657,OD2--B:HOH14:O,5.337950799089876,"OD2--sym6[0,0,1]/A:LYS133:NZ",0.18740086257457733,OD1--B:HOH54:O:3.19A;OD2--B:HOH50:O:3.07A;OD2--B:HOH14:O:2.68A,26.656482696533203,25.182559967041016,28.920547485351562,1.4739227294921875,58.66445808410644,25.36322784423828,130.13645935058594,True,False,False,False
probe4c2_B_soft_localized,B_ASP114,33,0.19442346692085266,1.222700595855713,163.66;-124.34,t/p-90,16.34;34.34,False,2.6780512485085657,OD2--B:HOH14:O,5.337950799089876,"OD2--sym6[0,0,1]/A:LYS133:NZ",0.18740086257457733,OD1--B:HOH54:O:3.19A;OD2--B:HOH50:O:3.07A;OD2--B:HOH14:O:2.68A,26.656482696533203,25.182559967041016,28.920547485351562,1.4739227294921875,58.66445808410644,25.36322784423828,130.13645935058594,True,False,False,False
probe4c2_B_soft_localized,B_ASP114,34,0.19442346692085266,1.222700595855713,163.66;-124.34,t/p-90,16.34;34.34,False,2.6780512485085657,OD2--B:HOH14:O,5.337950799089876,"OD2--sym6[0,0,1]/A:LYS133:NZ",0.18740086257457733,OD1--B:HOH54:O:3.19A;OD2--B:HOH50:O:3.07A;OD2--B:HOH14:O:2.68A,26.656482696533203,25.182559967041016,28.920547485351562,1.4739227294921875,58.66445808410644,25.36322784423828,130.13645935058594,True,False,False,False
probe4c2_B_soft_localized,B_ASP114,35,0.19442346692085266,1.222700595855713,163.66;-124.34,t/p-90,16.34;34.34,False,2.6780512485085657,OD2--B:HOH14:O,5.337950799089876,"OD2--sym6[0,0,1]/A:LYS133:NZ",0.18740086257457733,OD1--B:HOH54:O:3.19A;OD2--B:HOH50:O:3.07A;OD2--B:HOH14:O:2.68A,26.656482696533203,25.182559967041016,28.920547485351562,1.4739227294921875,58.66445808410644,25.36322784423828,130.13645935058594,True,False,False,False
probe4c2_B_soft_localized,B_ASP114,36,0.19442346692085266,1.222700595855713,163.66;-124.34,t/p-90,16.34;34.34,False,2.6780512485085657,OD2--B:HOH14:O,5.337950799089876,"OD2--sym6[0,0,1]/A:LYS133:NZ",0.18740086257457733,OD1--B:HOH54:O:3.19A;OD2--B:HOH50:O:3.07A;OD2--B:HOH14:O:2.68A,26.656482696533203,25.182559967041016,28.920547485351562,1.4739227294921875,58.66445808410644,25.36322784423828,130.13645935058594,True,False,False,False
probe4c2_B_soft_localized,B_ASP114,37,0.19442346692085266,1.222700595855713,163.66;-124.34,t/p-90,16.34;34.34,False,2.6780512485085657,OD2--B:HOH14:O,5.337950799089876,"OD2--sym6[0,0,1]/A:LYS133:NZ",0.18740086257457733,OD1--B:HOH54:O:3.19A;OD2--B:HOH50:O:3.07A;OD2--B:HOH14:O:2.68A,26.656482696533203,25.182559967041016,28.920547485351562,1.4739227294921875,58.66445808410644,25.36322784423828,130.13645935058594,True,False,False,False
probe4c2_B_soft_localized,B_ASP114,38,0.19442346692085266,1.222700595855713,163.66;-124.34,t/p-90,16.34;34.34,False,2.6780512485085657,OD2--B:HOH14:O,5.337950799089876,"OD2--sym6[0,0,1]/A:LYS133:NZ",0.18740086257457733,OD1--B:HOH54:O:3.19A;OD2--B:HOH50:O:3.07A;OD2--B:HOH14:O:2.68A,26.656482696533203,25.182559967041016,28.920547485351562,1.4739227294921875,58.66445808410644,25.36322784423828,130.13645935058594,True,False,False,False
probe4c2_B_soft_localized,B_ASP114,39,0.19442346692085266,1.222700595855713,163.66;-124.34,t/p-90,16.34;34.34,False,2.6780512485085657,OD2--B:HOH14:O,5.337950799089876,"OD2--sym6[0,0,1]/A:LYS133:NZ",0.18740086257457733,OD1--B:HOH54:O:3.19A;OD2--B:HOH50:O:3.07A;OD2--B:HOH14:O:2.68A,26.656482696533203,25.182559967041016,28.920547485351562,1.4739227294921875,58.66445808410644,25.36322784423828,130.13645935058594,True,False,False,False
probe4c2_B_soft_localized,B_ASP114,40,0.19442346692085266,1.222700595855713,163.66;-124.34,t/p-90,16.34;34.34,False,2.6780512485085657,OD2--B:HOH14:O,5.337950799089876,"OD2--sym6[0,0,1]/A:LYS133:NZ",0.18740086257457733,OD1--B:HOH54:O:3.19A;OD2--B:HOH50:O:3.07A;OD2--B:HOH14:O:2.68A,26.656482696533203,25.182559967041016,28.920547485351562,1.4739227294921875,58.66445808410644,25.36322784423828,130.13645935058594,True,False,False,False
probe4c2_B_soft_localized,B_ASP114,41,0.19442346692085266,1.222700595855713,163.66;-124.34,t/p-90,16.34;34.34,False,2.6780512485085657,OD2--B:HOH14:O,5.337950799089876,"OD2--sym6[0,0,1]/A:LYS133:NZ",0.18740086257457733,OD1--B:HOH54:O:3.19A;OD2--B:HOH50:O:3.07A;OD2--B:HOH14:O:2.68A,26.656482696533203,25.182559967041016,28.920547485351562,1.4739227294921875,58.66445808410644,25.36322784423828,130.13645935058594,True,False,False,False
probe4c2_B_soft_localized,B_ASP114,42,0.19442346692085266,1.222700595855713,163.66;-124.34,t/p-90,16.34;34.34,False,2.6780512485085657,OD2--B:HOH14:O,5.337950799089876,"OD2--sym6[0,0,1]/A:LYS133:NZ",0.18740086257457733,OD1--B:HOH54:O:3.19A;OD2--B:HOH50:O:3.07A;OD2--B:HOH14:O:2.68A,26.656482696533203,25.182559967041016,28.920547485351562,1.4739227294921875,58.66445808410644,25.36322784423828,130.13645935058594,True,False,False,False
probe4c2_B_soft_localized,B_ASP114,43,0.19442346692085266,1.222700595855713,163.66;-124.34,t/p-90,16.34;34.34,False,2.6780512485085657,OD2--B:HOH14:O,5.337950799089876,"OD2--sym6[0,0,1]/A:LYS133:NZ",0.18740086257457733,OD1--B:HOH54:O:3.19A;OD2--B:HOH50:O:3.07A;OD2--B:HOH14:O:2.68A,26.656482696533203,25.182559967041016,28.920547485351562,1.4739227294921875,58.66445808410644,25.36322784423828,130.13645935058594,True,False,False,False
probe4c2_B_soft_localized,B_ASP114,44,0.19442346692085266,1.222700595855713,163.66;-124.34,t/p-90,16.34;34.34,False,2.6780512485085657,OD2--B:HOH14:O,5.337950799089876,"OD2--sym6[0,0,1]/A:LYS133:NZ",0.18740086257457733,OD1--B:HOH54:O:3.19A;OD2--B:HOH50:O:3.07A;OD2--B:HOH14:O:2.68A,26.656482696533203,25.182559967041016,28.920547485351562,1.4739227294921875,58.66445808410644,25.36322784423828,130.13645935058594,True,False,False,False
probe4c2_B_soft_localized,B_ASP114,45,0.19442346692085266,1.222700595855713,163.66;-124.34,t/p-90,16.34;34.34,False,2.6780512485085657,OD2--B:HOH14:O,5.337950799089876,"OD2--sym6[0,0,1]/A:LYS133:NZ",0.18740086257457733,OD1--B:HOH54:O:3.19A;OD2--B:HOH50:O:3.07A;OD2--B:HOH14:O:2.68A,26.656482696533203,25.182559967041016,28.920547485351562,1.4739227294921875,58.66445808410644,25.36322784423828,130.13645935058594,True,False,False,False
probe4c2_B_soft_localized,B_ASP114,46,0.19442346692085266,1.222700595855713,163.66;-124.34,t/p-90,16.34;34.34,False,2.6780512485085657,OD2--B:HOH14:O,5.337950799089876,"OD2--sym6[0,0,1]/A:LYS133:NZ",0.18740086257457733,OD1--B:HOH54:O:3.19A;OD2--B:HOH50:O:3.07A;OD2--B:HOH14:O:2.68A,26.656482696533203,25.182559967041016,28.920547485351562,1.4739227294921875,58.66445808410644,25.36322784423828,130.13645935058594,True,False,False,False
probe4c2_B_soft_localized,B_ASP114,47,0.19442346692085266,1.222700595855713,163.66;-124.34,t/p-90,16.34;34.34,False,2.6780512485085657,OD2--B:HOH14:O,5.337950799089876,"OD2--sym6[0,0,1]/A:LYS133:NZ",0.18740086257457733,OD1--B:HOH54:O:3.19A;OD2--B:HOH50:O:3.07A;OD2--B:HOH14:O:2.68A,26.656482696533203,25.182559967041016,28.920547485351562,1.4739227294921875,58.66445808410644,25.36322784423828,130.13645935058594,True,False,False,False
probe4c2_B_soft_localized,B_ASP114,48,0.19442346692085266,1.222700595855713,163.66;-124.34,t/p-90,16.34;34.34,False,2.6780512485085657,OD2--B:HOH14:O,5.337950799089876,"OD2--sym6[0,0,1]/A:LYS133:NZ",0.18740086257457733,OD1--B:HOH54:O:3.19A;OD2--B:HOH50:O:3.07A;OD2--B:HOH14:O:2.68A,26.656482696533203,25.182559967041016,28.920547485351562,1.4739227294921875,58.66445808410644,25.36322784423828,130.13645935058594,True,False,False,False
probe4c2_B_soft_localized,B_ASP114,49,0.19442346692085266,1.222700595855713,163.66;-124.34,t/p-90,16.34;34.34,False,2.6780512485085657,OD2--B:HOH14:O,5.337950799089876,"OD2--sym6[0,0,1]/A:LYS133:NZ",0.18740086257457733,OD1--B:HOH54:O:3.19A;OD2--B:HOH50:O:3.07A;OD2--B:HOH14:O:2.68A,26.656482696533203,25.182559967041016,28.920547485351562,1.4739227294921875,58.66445808410644,25.36322784423828,130.13645935058594,True,False,False,False
probe4c2_C_soft_realspace,B_ASP114,0,0.13102906942367554,1.1168322563171387,167.92;-96.31,t/p-90,12.08;6.31,True,3.064790186712018,OD2--B:HOH14:O,5.126947815425941,"OD2--sym6[0,0,1]/A:LYS133:NZ",0.31878364086151123,OD1--B:LYS115:N:3.48A;OD2--B:HOH50:O:3.08A;OD2--B:HOH14:O:3.06A,26.38361358642578,25.182559967041016,28.920547485351562,1.2010536193847656,58.66445808410644,25.36322784423828,130.13645935058594,True,True,False,False
probe4c2_C_soft_realspace,B_ASP114,1,0.13102906942367554,1.1168322563171387,167.92;-96.31,t/p-90,12.08;6.31,True,3.064790186712018,OD2--B:HOH14:O,5.126947815425941,"OD2--sym6[0,0,1]/A:LYS133:NZ",0.31878364086151123,OD1--B:LYS115:N:3.48A;OD2--B:HOH50:O:3.08A;OD2--B:HOH14:O:3.06A,26.38361358642578,25.182559967041016,28.920547485351562,1.2010536193847656,58.66445808410644,25.36322784423828,130.13645935058594,True,True,False,False
probe4c2_C_soft_realspace,B_ASP114,2,0.13102906942367554,1.1168322563171387,167.92;-96.31,t/p-90,12.08;6.31,True,3.064790186712018,OD2--B:HOH14:O,5.126947815425941,"OD2--sym6[0,0,1]/A:LYS133:NZ",0.31878364086151123,OD1--B:LYS115:N:3.48A;OD2--B:HOH50:O:3.08A;OD2--B:HOH14:O:3.06A,26.38361358642578,25.182559967041016,28.920547485351562,1.2010536193847656,58.66445808410644,25.36322784423828,130.13645935058594,True,True,False,False
probe4c2_C_soft_realspace,B_ASP114,3,0.13102906942367554,1.1168322563171387,167.92;-96.31,t/p-90,12.08;6.31,True,3.064790186712018,OD2--B:HOH14:O,5.126947815425941,"OD2--sym6[0,0,1]/A:LYS133:NZ",0.31878364086151123,OD1--B:LYS115:N:3.48A;OD2--B:HOH50:O:3.08A;OD2--B:HOH14:O:3.06A,26.38361358642578,25.182559967041016,28.920547485351562,1.2010536193847656,58.66445808410644,25.36322784423828,130.13645935058594,True,True,False,False
probe4c2_C_soft_realspace,B_ASP114,4,0.13102906942367554,1.1168322563171387,167.92;-96.31,t/p-90,12.08;6.31,True,3.064790186712018,OD2--B:HOH14:O,5.126947815425941,"OD2--sym6[0,0,1]/A:LYS133:NZ",0.31878364086151123,OD1--B:LYS115:N:3.48A;OD2--B:HOH50:O:3.08A;OD2--B:HOH14:O:3.06A,26.38361358642578,25.182559967041016,28.920547485351562,1.2010536193847656,58.66445808410644,25.36322784423828,130.13645935058594,True,True,False,False
probe4c2_C_soft_realspace,B_ASP114,5,0.13102906942367554,1.1168322563171387,167.92;-96.31,t/p-90,12.08;6.31,True,3.064790186712018,OD2--B:HOH14:O,5.126947815425941,"OD2--sym6[0,0,1]/A:LYS133:NZ",0.31878364086151123,OD1--B:LYS115:N:3.48A;OD2--B:HOH50:O:3.08A;OD2--B:HOH14:O:3.06A,26.38361358642578,25.182559967041016,28.920547485351562,1.2010536193847656,58.66445808410644,25.36322784423828,130.13645935058594,True,True,False,False
probe4c2_C_soft_realspace,B_ASP114,6,0.13102906942367554,1.1168322563171387,167.92;-96.31,t/p-90,12.08;6.31,True,3.064790186712018,OD2--B:HOH14:O,5.126947815425941,"OD2--sym6[0,0,1]/A:LYS133:NZ",0.31878364086151123,OD1--B:LYS115:N:3.48A;OD2--B:HOH50:O:3.08A;OD2--B:HOH14:O:3.06A,26.38361358642578,25.182559967041016,28.920547485351562,1.2010536193847656,58.66445808410644,25.36322784423828,130.13645935058594,True,True,False,False
probe4c2_C_soft_realspace,B_ASP114,7,0.13102906942367554,1.1168322563171387,167.92;-96.31,t/p-90,12.08;6.31,True,3.064790186712018,OD2--B:HOH14:O,5.126947815425941,"OD2--sym6[0,0,1]/A:LYS133:NZ",0.31878364086151123,OD1--B:LYS115:N:3.48A;OD2--B:HOH50:O:3.08A;OD2--B:HOH14:O:3.06A,26.38361358642578,25.182559967041016,28.920547485351562,1.2010536193847656,58.66445808410644,25.36322784423828,130.13645935058594,True,True,False,False
probe4c2_C_soft_realspace,B_ASP114,8,0.13102906942367554,1.1168322563171387,167.92;-96.31,t/p-90,12.08;6.31,True,3.064790186712018,OD2--B:HOH14:O,5.126947815425941,"OD2--sym6[0,0,1]/A:LYS133:NZ",0.31878364086151123,OD1--B:LYS115:N:3.48A;OD2--B:HOH50:O:3.08A;OD2--B:HOH14:O:3.06A,26.38361358642578,25.182559967041016,28.920547485351562,1.2010536193847656,58.66445808410644,25.36322784423828,130.13645935058594,True,True,False,False
probe4c2_C_soft_realspace,B_ASP114,9,0.13102906942367554,1.1168322563171387,167.92;-96.31,t/p-90,12.08;6.31,True,3.064790186712018,OD2--B:HOH14:O,5.126947815425941,"OD2--sym6[0,0,1]/A:LYS133:NZ",0.31878364086151123,OD1--B:LYS115:N:3.48A;OD2--B:HOH50:O:3.08A;OD2--B:HOH14:O:3.06A,26.38361358642578,25.182559967041016,28.920547485351562,1.2010536193847656,58.66445808410644,25.36322784423828,130.13645935058594,True,True,False,False
probe4c2_C_soft_realspace,B_ASP114,10,0.13102906942367554,1.1168322563171387,167.92;-96.31,t/p-90,12.08;6.31,True,3.064790186712018,OD2--B:HOH14:O,5.126947815425941,"OD2--sym6[0,0,1]/A:LYS133:NZ",0.31878364086151123,OD1--B:LYS115:N:3.48A;OD2--B:HOH50:O:3.08A;OD2--B:HOH14:O:3.06A,26.38361358642578,25.182559967041016,28.920547485351562,1.2010536193847656,58.66445808410644,25.36322784423828,130.13645935058594,True,True,False,False
probe4c2_C_soft_realspace,B_ASP114,11,0.13102906942367554,1.1168322563171387,167.92;-96.31,t/p-90,12.08;6.31,True,3.064790186712018,OD2--B:HOH14:O,5.126947815425941,"OD2--sym6[0,0,1]/A:LYS133:NZ",0.31878364086151123,OD1--B:LYS115:N:3.48A;OD2--B:HOH50:O:3.08A;OD2--B:HOH14:O:3.06A,26.38361358642578,25.182559967041016,28.920547485351562,1.2010536193847656,58.66445808410644,25.36322784423828,130.13645935058594,True,True,False,False
probe4c2_C_soft_realspace,B_ASP114,12,0.13102906942367554,1.1168322563171387,167.92;-96.31,t/p-90,12.08;6.31,True,3.064790186712018,OD2--B:HOH14:O,5.126947815425941,"OD2--sym6[0,0,1]/A:LYS133:NZ",0.31878364086151123,OD1--B:LYS115:N:3.48A;OD2--B:HOH50:O:3.08A;OD2--B:HOH14:O:3.06A,26.38361358642578,25.182559967041016,28.920547485351562,1.2010536193847656,58.66445808410644,25.36322784423828,130.13645935058594,True,True,False,False
probe4c2_C_soft_realspace,B_ASP114,13,0.13102906942367554,1.1168322563171387,167.92;-96.31,t/p-90,12.08;6.31,True,3.064790186712018,OD2--B:HOH14:O,5.126947815425941,"OD2--sym6[0,0,1]/A:LYS133:NZ",0.31878364086151123,OD1--B:LYS115:N:3.48A;OD2--B:HOH50:O:3.08A;OD2--B:HOH14:O:3.06A,26.38361358642578,25.182559967041016,28.920547485351562,1.2010536193847656,58.66445808410644,25.36322784423828,130.13645935058594,True,True,False,False
probe4c2_C_soft_realspace,B_ASP114,14,0.13102906942367554,1.1168322563171387,167.92;-96.31,t/p-90,12.08;6.31,True,3.064790186712018,OD2--B:HOH14:O,5.126947815425941,"OD2--sym6[0,0,1]/A:LYS133:NZ",0.31878364086151123,OD1--B:LYS115:N:3.48A;OD2--B:HOH50:O:3.08A;OD2--B:HOH14:O:3.06A,26.38361358642578,25.182559967041016,28.920547485351562,1.2010536193847656,58.66445808410644,25.36322784423828,130.13645935058594,True,True,False,False
probe4c2_C_soft_realspace,B_ASP114,15,0.13102906942367554,1.1168322563171387,167.92;-96.31,t/p-90,12.08;6.31,True,3.064790186712018,OD2--B:HOH14:O,5.126947815425941,"OD2--sym6[0,0,1]/A:LYS133:NZ",0.31878364086151123,OD1--B:LYS115:N:3.48A;OD2--B:HOH50:O:3.08A;OD2--B:HOH14:O:3.06A,26.38361358642578,25.182559967041016,28.920547485351562,1.2010536193847656,58.66445808410644,25.36322784423828,130.13645935058594,True,True,False,False
probe4c2_C_soft_realspace,B_ASP114,16,0.13102906942367554,1.1168322563171387,167.92;-96.31,t/p-90,12.08;6.31,True,3.064790186712018,OD2--B:HOH14:O,5.126947815425941,"OD2--sym6[0,0,1]/A:LYS133:NZ",0.31878364086151123,OD1--B:LYS115:N:3.48A;OD2--B:HOH50:O:3.08A;OD2--B:HOH14:O:3.06A,26.38361358642578,25.182559967041016,28.920547485351562,1.2010536193847656,58.66445808410644,25.36322784423828,130.13645935058594,True,True,False,False
probe4c2_C_soft_realspace,B_ASP114,17,0.13102906942367554,1.1168322563171387,167.92;-96.31,t/p-90,12.08;6.31,True,3.064790186712018,OD2--B:HOH14:O,5.126947815425941,"OD2--sym6[0,0,1]/A:LYS133:NZ",0.31878364086151123,OD1--B:LYS115:N:3.48A;OD2--B:HOH50:O:3.08A;OD2--B:HOH14:O:3.06A,26.38361358642578,25.182559967041016,28.920547485351562,1.2010536193847656,58.66445808410644,25.36322784423828,130.13645935058594,True,True,False,False
probe4c2_C_soft_realspace,B_ASP114,18,0.13102906942367554,1.1168322563171387,167.92;-96.31,t/p-90,12.08;6.31,True,3.064790186712018,OD2--B:HOH14:O,5.126947815425941,"OD2--sym6[0,0,1]/A:LYS133:NZ",0.31878364086151123,OD1--B:LYS115:N:3.48A;OD2--B:HOH50:O:3.08A;OD2--B:HOH14:O:3.06A,26.38361358642578,25.182559967041016,28.920547485351562,1.2010536193847656,58.66445808410644,25.36322784423828,130.13645935058594,True,True,False,False
probe4c2_C_soft_realspace,B_ASP114,19,0.13102906942367554,1.1168322563171387,167.92;-96.31,t/p-90,12.08;6.31,True,3.064790186712018,OD2--B:HOH14:O,5.126947815425941,"OD2--sym6[0,0,1]/A:LYS133:NZ",0.31878364086151123,OD1--B:LYS115:N:3.48A;OD2--B:HOH50:O:3.08A;OD2--B:HOH14:O:3.06A,26.38361358642578,25.182559967041016,28.920547485351562,1.2010536193847656,58.66445808410644,25.36322784423828,130.13645935058594,True,True,False,False
probe4c2_C_soft_realspace,B_ASP114,20,0.13102906942367554,1.1168322563171387,167.92;-96.31,t/p-90,12.08;6.31,True,3.064790186712018,OD2--B:HOH14:O,5.126947815425941,"OD2--sym6[0,0,1]/A:LYS133:NZ",0.31878364086151123,OD1--B:LYS115:N:3.48A;OD2--B:HOH50:O:3.08A;OD2--B:HOH14:O:3.06A,26.38361358642578,25.182559967041016,28.920547485351562,1.2010536193847656,58.66445808410644,25.36322784423828,130.13645935058594,True,True,False,False
probe4c2_C_soft_realspace,B_ASP114,21,0.13102906942367554,1.1168322563171387,167.92;-96.31,t/p-90,12.08;6.31,True,3.064790186712018,OD2--B:HOH14:O,5.126947815425941,"OD2--sym6[0,0,1]/A:LYS133:NZ",0.31878364086151123,OD1--B:LYS115:N:3.48A;OD2--B:HOH50:O:3.08A;OD2--B:HOH14:O:3.06A,26.38361358642578,25.182559967041016,28.920547485351562,1.2010536193847656,58.66445808410644,25.36322784423828,130.13645935058594,True,True,False,False
probe4c2_C_soft_realspace,B_ASP114,22,0.13102906942367554,1.1168322563171387,167.92;-96.31,t/p-90,12.08;6.31,True,3.064790186712018,OD2--B:HOH14:O,5.126947815425941,"OD2--sym6[0,0,1]/A:LYS133:NZ",0.31878364086151123,OD1--B:LYS115:N:3.48A;OD2--B:HOH50:O:3.08A;OD2--B:HOH14:O:3.06A,26.38361358642578,25.182559967041016,28.920547485351562,1.2010536193847656,58.66445808410644,25.36322784423828,130.13645935058594,True,True,False,False
probe4c2_C_soft_realspace,B_ASP114,23,0.13102906942367554,1.1168322563171387,167.92;-96.31,t/p-90,12.08;6.31,True,3.064790186712018,OD2--B:HOH14:O,5.126947815425941,"OD2--sym6[0,0,1]/A:LYS133:NZ",0.31878364086151123,OD1--B:LYS115:N:3.48A;OD2--B:HOH50:O:3.08A;OD2--B:HOH14:O:3.06A,26.38361358642578,25.182559967041016,28.920547485351562,1.2010536193847656,58.66445808410644,25.36322784423828,130.13645935058594,True,True,False,False
probe4c2_C_soft_realspace,B_ASP114,24,0.13102906942367554,1.1168322563171387,167.92;-96.31,t/p-90,12.08;6.31,True,3.064790186712018,OD2--B:HOH14:O,5.126947815425941,"OD2--sym6[0,0,1]/A:LYS133:NZ",0.31878364086151123,OD1--B:LYS115:N:3.48A;OD2--B:HOH50:O:3.08A;OD2--B:HOH14:O:3.06A,26.38361358642578,25.182559967041016,28.920547485351562,1.2010536193847656,58.66445808410644,25.36322784423828,130.13645935058594,True,True,False,False
probe4c2_C_soft_realspace,B_ASP114,25,0.13102906942367554,1.1168322563171387,167.92;-96.31,t/p-90,12.08;6.31,True,3.064790186712018,OD2--B:HOH14:O,5.126947815425941,"OD2--sym6[0,0,1]/A:LYS133:NZ",0.31878364086151123,OD1--B:LYS115:N:3.48A;OD2--B:HOH50:O:3.08A;OD2--B:HOH14:O:3.06A,26.38361358642578,25.182559967041016,28.920547485351562,1.2010536193847656,58.66445808410644,25.36322784423828,130.13645935058594,True,True,False,False
probe4c2_C_soft_realspace,B_ASP114,26,0.13102906942367554,1.1168322563171387,167.92;-96.31,t/p-90,12.08;6.31,True,3.064790186712018,OD2--B:HOH14:O,5.126947815425941,"OD2--sym6[0,0,1]/A:LYS133:NZ",0.31878364086151123,OD1--B:LYS115:N:3.48A;OD2--B:HOH50:O:3.08A;OD2--B:HOH14:O:3.06A,26.38361358642578,25.182559967041016,28.920547485351562,1.2010536193847656,58.66445808410644,25.36322784423828,130.13645935058594,True,True,False,False
probe4c2_C_soft_realspace,B_ASP114,27,0.13102906942367554,1.1168322563171387,167.92;-96.31,t/p-90,12.08;6.31,True,3.064790186712018,OD2--B:HOH14:O,5.126947815425941,"OD2--sym6[0,0,1]/A:LYS133:NZ",0.31878364086151123,OD1--B:LYS115:N:3.48A;OD2--B:HOH50:O:3.08A;OD2--B:HOH14:O:3.06A,26.38361358642578,25.182559967041016,28.920547485351562,1.2010536193847656,58.66445808410644,25.36322784423828,130.13645935058594,True,True,False,False
probe4c2_C_soft_realspace,B_ASP114,28,0.13102906942367554,1.1168322563171387,167.92;-96.31,t/p-90,12.08;6.31,True,3.064790186712018,OD2--B:HOH14:O,5.126947815425941,"OD2--sym6[0,0,1]/A:LYS133:NZ",0.31878364086151123,OD1--B:LYS115:N:3.48A;OD2--B:HOH50:O:3.08A;OD2--B:HOH14:O:3.06A,26.38361358642578,25.182559967041016,28.920547485351562,1.2010536193847656,58.66445808410644,25.36322784423828,130.13645935058594,True,True,False,False
probe4c2_C_soft_realspace,B_ASP114,29,0.13102906942367554,1.1168322563171387,167.92;-96.31,t/p-90,12.08;6.31,True,3.064790186712018,OD2--B:HOH14:O,5.126947815425941,"OD2--sym6[0,0,1]/A:LYS133:NZ",0.31878364086151123,OD1--B:LYS115:N:3.48A;OD2--B:HOH50:O:3.08A;OD2--B:HOH14:O:3.06A,26.38361358642578,25.182559967041016,28.920547485351562,1.2010536193847656,58.66445808410644,25.36322784423828,130.13645935058594,True,True,False,False
probe4c2_C_soft_realspace,B_ASP114,30,0.13102906942367554,1.1168322563171387,167.92;-96.31,t/p-90,12.08;6.31,True,3.064790186712018,OD2--B:HOH14:O,5.126947815425941,"OD2--sym6[0,0,1]/A:LYS133:NZ",0.31878364086151123,OD1--B:LYS115:N:3.48A;OD2--B:HOH50:O:3.08A;OD2--B:HOH14:O:3.06A,26.38361358642578,25.182559967041016,28.920547485351562,1.2010536193847656,58.66445808410644,25.36322784423828,130.13645935058594,True,True,False,False
probe4c2_C_soft_realspace,B_ASP114,31,0.13102906942367554,1.1168322563171387,167.92;-96.31,t/p-90,12.08;6.31,True,3.064790186712018,OD2--B:HOH14:O,5.126947815425941,"OD2--sym6[0,0,1]/A:LYS133:NZ",0.31878364086151123,OD1--B:LYS115:N:3.48A;OD2--B:HOH50:O:3.08A;OD2--B:HOH14:O:3.06A,26.38361358642578,25.182559967041016,28.920547485351562,1.2010536193847656,58.66445808410644,25.36322784423828,130.13645935058594,True,True,False,False
probe4c2_C_soft_realspace,B_ASP114,32,0.13102906942367554,1.1168322563171387,167.92;-96.31,t/p-90,12.08;6.31,True,3.064790186712018,OD2--B:HOH14:O,5.126947815425941,"OD2--sym6[0,0,1]/A:LYS133:NZ",0.31878364086151123,OD1--B:LYS115:N:3.48A;OD2--B:HOH50:O:3.08A;OD2--B:HOH14:O:3.06A,26.38361358642578,25.182559967041016,28.920547485351562,1.2010536193847656,58.66445808410644,25.36322784423828,130.13645935058594,True,True,False,False
probe4c2_C_soft_realspace,B_ASP114,33,0.13102906942367554,1.1168322563171387,167.92;-96.31,t/p-90,12.08;6.31,True,3.064790186712018,OD2--B:HOH14:O,5.126947815425941,"OD2--sym6[0,0,1]/A:LYS133:NZ",0.31878364086151123,OD1--B:LYS115:N:3.48A;OD2--B:HOH50:O:3.08A;OD2--B:HOH14:O:3.06A,26.38361358642578,25.182559967041016,28.920547485351562,1.2010536193847656,58.66445808410644,25.36322784423828,130.13645935058594,True,True,False,False
probe4c2_C_soft_realspace,B_ASP114,34,0.13102906942367554,1.1168322563171387,167.92;-96.31,t/p-90,12.08;6.31,True,3.064790186712018,OD2--B:HOH14:O,5.126947815425941,"OD2--sym6[0,0,1]/A:LYS133:NZ",0.31878364086151123,OD1--B:LYS115:N:3.48A;OD2--B:HOH50:O:3.08A;OD2--B:HOH14:O:3.06A,26.38361358642578,25.182559967041016,28.920547485351562,1.2010536193847656,58.66445808410644,25.36322784423828,130.13645935058594,True,True,False,False
probe4c2_C_soft_realspace,B_ASP114,35,0.13102906942367554,1.1168322563171387,167.92;-96.31,t/p-90,12.08;6.31,True,3.064790186712018,OD2--B:HOH14:O,5.126947815425941,"OD2--sym6[0,0,1]/A:LYS133:NZ",0.31878364086151123,OD1--B:LYS115:N:3.48A;OD2--B:HOH50:O:3.08A;OD2--B:HOH14:O:3.06A,26.38361358642578,25.182559967041016,28.920547485351562,1.2010536193847656,58.66445808410644,25.36322784423828,130.13645935058594,True,True,False,False
probe4c2_C_soft_realspace,B_ASP114,36,0.13102906942367554,1.1168322563171387,167.92;-96.31,t/p-90,12.08;6.31,True,3.064790186712018,OD2--B:HOH14:O,5.126947815425941,"OD2--sym6[0,0,1]/A:LYS133:NZ",0.31878364086151123,OD1--B:LYS115:N:3.48A;OD2--B:HOH50:O:3.08A;OD2--B:HOH14:O:3.06A,26.38361358642578,25.182559967041016,28.920547485351562,1.2010536193847656,58.66445808410644,25.36322784423828,130.13645935058594,True,True,False,False
probe4c2_C_soft_realspace,B_ASP114,37,0.13102906942367554,1.1168322563171387,167.92;-96.31,t/p-90,12.08;6.31,True,3.064790186712018,OD2--B:HOH14:O,5.126947815425941,"OD2--sym6[0,0,1]/A:LYS133:NZ",0.31878364086151123,OD1--B:LYS115:N:3.48A;OD2--B:HOH50:O:3.08A;OD2--B:HOH14:O:3.06A,26.38361358642578,25.182559967041016,28.920547485351562,1.2010536193847656,58.66445808410644,25.36322784423828,130.13645935058594,True,True,False,False
probe4c2_C_soft_realspace,B_ASP114,38,0.13102906942367554,1.1168322563171387,167.92;-96.31,t/p-90,12.08;6.31,True,3.064790186712018,OD2--B:HOH14:O,5.126947815425941,"OD2--sym6[0,0,1]/A:LYS133:NZ",0.31878364086151123,OD1--B:LYS115:N:3.48A;OD2--B:HOH50:O:3.08A;OD2--B:HOH14:O:3.06A,26.38361358642578,25.182559967041016,28.920547485351562,1.2010536193847656,58.66445808410644,25.36322784423828,130.13645935058594,True,True,False,False
probe4c2_C_soft_realspace,B_ASP114,39,0.13102906942367554,1.1168322563171387,167.92;-96.31,t/p-90,12.08;6.31,True,3.064790186712018,OD2--B:HOH14:O,5.126947815425941,"OD2--sym6[0,0,1]/A:LYS133:NZ",0.31878364086151123,OD1--B:LYS115:N:3.48A;OD2--B:HOH50:O:3.08A;OD2--B:HOH14:O:3.06A,26.38361358642578,25.182559967041016,28.920547485351562,1.2010536193847656,58.66445808410644,25.36322784423828,130.13645935058594,True,True,False,False
probe4c2_C_soft_realspace,B_ASP114,40,0.13102906942367554,1.1168322563171387,167.92;-96.31,t/p-90,12.08;6.31,True,3.064790186712018,OD2--B:HOH14:O,5.126947815425941,"OD2--sym6[0,0,1]/A:LYS133:NZ",0.31878364086151123,OD1--B:LYS115:N:3.48A;OD2--B:HOH50:O:3.08A;OD2--B:HOH14:O:3.06A,26.38361358642578,25.182559967041016,28.920547485351562,1.2010536193847656,58.66445808410644,25.36322784423828,130.13645935058594,True,True,False,False
probe4c2_C_soft_realspace,B_ASP114,41,0.13102906942367554,1.1168322563171387,167.92;-96.31,t/p-90,12.08;6.31,True,3.064790186712018,OD2--B:HOH14:O,5.126947815425941,"OD2--sym6[0,0,1]/A:LYS133:NZ",0.31878364086151123,OD1--B:LYS115:N:3.48A;OD2--B:HOH50:O:3.08A;OD2--B:HOH14:O:3.06A,26.38361358642578,25.182559967041016,28.920547485351562,1.2010536193847656,58.66445808410644,25.36322784423828,130.13645935058594,True,True,False,False
probe4c2_C_soft_realspace,B_ASP114,42,0.13102906942367554,1.1168322563171387,167.92;-96.31,t/p-90,12.08;6.31,True,3.064790186712018,OD2--B:HOH14:O,5.126947815425941,"OD2--sym6[0,0,1]/A:LYS133:NZ",0.31878364086151123,OD1--B:LYS115:N:3.48A;OD2--B:HOH50:O:3.08A;OD2--B:HOH14:O:3.06A,26.38361358642578,25.182559967041016,28.920547485351562,1.2010536193847656,58.66445808410644,25.36322784423828,130.13645935058594,True,True,False,False
probe4c2_C_soft_realspace,B_ASP114,43,0.13102906942367554,1.1168322563171387,167.92;-96.31,t/p-90,12.08;6.31,True,3.064790186712018,OD2--B:HOH14:O,5.126947815425941,"OD2--sym6[0,0,1]/A:LYS133:NZ",0.31878364086151123,OD1--B:LYS115:N:3.48A;OD2--B:HOH50:O:3.08A;OD2--B:HOH14:O:3.06A,26.38361358642578,25.182559967041016,28.920547485351562,1.2010536193847656,58.66445808410644,25.36322784423828,130.13645935058594,True,True,False,False
probe4c2_C_soft_realspace,B_ASP114,44,0.13102906942367554,1.1168322563171387,167.92;-96.31,t/p-90,12.08;6.31,True,3.064790186712018,OD2--B:HOH14:O,5.126947815425941,"OD2--sym6[0,0,1]/A:LYS133:NZ",0.31878364086151123,OD1--B:LYS115:N:3.48A;OD2--B:HOH50:O:3.08A;OD2--B:HOH14:O:3.06A,26.38361358642578,25.182559967041016,28.920547485351562,1.2010536193847656,58.66445808410644,25.36322784423828,130.13645935058594,True,True,False,False
probe4c2_C_soft_realspace,B_ASP114,45,0.13102906942367554,1.1168322563171387,167.92;-96.31,t/p-90,12.08;6.31,True,3.064790186712018,OD2--B:HOH14:O,5.126947815425941,"OD2--sym6[0,0,1]/A:LYS133:NZ",0.31878364086151123,OD1--B:LYS115:N:3.48A;OD2--B:HOH50:O:3.08A;OD2--B:HOH14:O:3.06A,26.38361358642578,25.182559967041016,28.920547485351562,1.2010536193847656,58.66445808410644,25.36322784423828,130.13645935058594,True,True,False,False
probe4c2_C_soft_realspace,B_ASP114,46,0.13102906942367554,1.1168322563171387,167.92;-96.31,t/p-90,12.08;6.31,True,3.064790186712018,OD2--B:HOH14:O,5.126947815425941,"OD2--sym6[0,0,1]/A:LYS133:NZ",0.31878364086151123,OD1--B:LYS115:N:3.48A;OD2--B:HOH50:O:3.08A;OD2--B:HOH14:O:3.06A,26.38361358642578,25.182559967041016,28.920547485351562,1.2010536193847656,58.66445808410644,25.36322784423828,130.13645935058594,True,True,False,False
probe4c2_C_soft_realspace,B_ASP114,47,0.13102906942367554,1.1168322563171387,167.92;-96.31,t/p-90,12.08;6.31,True,3.064790186712018,OD2--B:HOH14:O,5.126947815425941,"OD2--sym6[0,0,1]/A:LYS133:NZ",0.31878364086151123,OD1--B:LYS115:N:3.48A;OD2--B:HOH50:O:3.08A;OD2--B:HOH14:O:3.06A,26.38361358642578,25.182559967041016,28.920547485351562,1.2010536193847656,58.66445808410644,25.36322784423828,130.13645935058594,True,True,False,False
probe4c2_C_soft_realspace,B_ASP114,48,0.13102906942367554,1.1168322563171387,167.92;-96.31,t/p-90,12.08;6.31,True,3.064790186712018,OD2--B:HOH14:O,5.126947815425941,"OD2--sym6[0,0,1]/A:LYS133:NZ",0.31878364086151123,OD1--B:LYS115:N:3.48A;OD2--B:HOH50:O:3.08A;OD2--B:HOH14:O:3.06A,26.38361358642578,25.182559967041016,28.920547485351562,1.2010536193847656,58.66445808410644,25.36322784423828,130.13645935058594,True,True,False,False
probe4c2_C_soft_realspace,B_ASP114,49,0.13102906942367554,1.1168322563171387,167.92;-96.31,t/p-90,12.08;6.31,True,3.064790186712018,OD2--B:HOH14:O,5.126947815425941,"OD2--sym6[0,0,1]/A:LYS133:NZ",0.31878364086151123,OD1--B:LYS115:N:3.48A;OD2--B:HOH50:O:3.08A;OD2--B:HOH14:O:3.06A,26.38361358642578,25.182559967041016,28.920547485351562,1.2010536193847656,58.66445808410644,25.36322784423828,130.13645935058594,True,True,False,False
probe4c1_kinematic_complex,B_ARG129,0,2.0886569023132324,2.7963531017303467,-119.65;130.43;-63.17;-172.08,g-/t/g-/p180,59.65;49.57;3.17;7.92,False,2.4152772405695155,NH1--B:HOH53:O,1.2688997655748329,"NH1--sym6[0,0,1]/A:HOH32:O",-0.20570310950279236,NE--B:GLU125:O:3.15A;NH1--B:HOH53:O:2.42A;NH2--B:GLU125:OE1:3.11A;NH2--B:GLU125:O:3.44A,36.134857177734375,25.182605743408203,26.839645385742188,10.952251434326172,828.3526054382324,24.26175308227539,2970.25244140625,False,False,False,False
probe4c1_kinematic_complex,B_ARG129,1,2.088656425476074,2.7963504791259766,-119.65;130.43;-63.17;-172.08,g-/t/g-/p180,59.65;49.57;3.17;7.92,False,2.4152768829637754,NH1--B:HOH53:O,1.26889691960008,"NH1--sym6[0,0,1]/A:HOH32:O",-0.20570378005504608,NE--B:GLU125:O:3.15A;NH1--B:HOH53:O:2.42A;NH2--B:GLU125:OE1:3.11A;NH2--B:GLU125:O:3.44A,36.134857177734375,25.182605743408203,26.839645385742188,10.952251434326172,828.3526054382324,24.26175308227539,2970.25244140625,False,False,False,False
probe4c1_kinematic_complex,B_ARG129,2,2.088656187057495,2.796351909637451,-119.65;130.43;-63.17;-172.08,g-/t/g-/p-180,59.65;49.57;3.17;7.92,False,2.4152775596689553,NH1--B:HOH53:O,1.2688989276817024,"NH1--sym6[0,0,1]/A:HOH32:O",-0.2057032436132431,NE--B:GLU125:O:3.15A;NH1--B:HOH53:O:2.42A;NH2--B:GLU125:OE1:3.11A;NH2--B:GLU125:O:3.44A,36.134857177734375,25.182605743408203,26.839645385742188,10.952251434326172,828.3526054382324,24.26175308227539,2970.25244140625,False,False,False,False
probe4c1_kinematic_complex,B_ARG129,3,2.088656187057495,2.796351909637451,-119.65;130.43;-63.17;-172.08,g-/t/g-/p-180,59.65;49.57;3.17;7.92,False,2.4152775596689553,NH1--B:HOH53:O,1.2688989276817024,"NH1--sym6[0,0,1]/A:HOH32:O",-0.20570312440395355,NE--B:GLU125:O:3.15A;NH1--B:HOH53:O:2.42A;NH2--B:GLU125:OE1:3.11A;NH2--B:GLU125:O:3.44A,36.134857177734375,25.182605743408203,26.839645385742188,10.952251434326172,828.3526054382324,24.26175308227539,2970.25244140625,False,False,False,False
probe4c1_kinematic_complex,B_ARG129,4,2.0886595249176025,2.79634690284729,-119.65;130.43;-63.17;-172.08,g-/t/g-/p180,59.65;49.57;3.17;7.92,False,2.415273614955098,NH1--B:HOH53:O,1.2688979308038035,"NH1--sym6[0,0,1]/A:HOH32:O",-0.20570765435695648,NE--B:GLU125:O:3.15A;NH1--B:HOH53:O:2.42A;NH2--B:GLU125:OE1:3.11A;NH2--B:GLU125:O:3.44A,36.134857177734375,25.182605743408203,26.839645385742188,10.952251434326172,828.3526054382324,24.26175308227539,2970.25244140625,False,False,False,False
probe4c1_kinematic_complex,B_ARG129,5,2.0886566638946533,2.7963521480560303,-119.65;130.43;-63.17;-172.08,g-/t/g-/p180,59.65;49.57;3.17;7.92,False,2.4152775596689553,NH1--B:HOH53:O,1.2688989276817024,"NH1--sym6[0,0,1]/A:HOH32:O",-0.20570342242717743,NE--B:GLU125:O:3.15A;NH1--B:HOH53:O:2.42A;NH2--B:GLU125:OE1:3.11A;NH2--B:GLU125:O:3.44A,36.134857177734375,25.182605743408203,26.839645385742188,10.952251434326172,828.3526054382324,24.26175308227539,2970.25244140625,False,False,False,False
probe4c1_kinematic_complex,B_ARG129,6,2.0886547565460205,2.7963526248931885,-119.65;130.43;-63.17;-172.08,g-/t/g-/p180,59.65;49.57;3.17;7.92,False,2.4152877208255474,NH1--B:HOH53:O,1.2688949888300916,"NH1--sym6[0,0,1]/A:HOH32:O",-0.2057027667760849,NE--B:GLU125:O:3.15A;NH1--B:HOH53:O:2.42A;NH2--B:GLU125:OE1:3.11A;NH2--B:GLU125:O:3.44A,36.134857177734375,25.182605743408203,26.839645385742188,10.952251434326172,828.3526054382324,24.26175308227539,2970.25244140625,False,False,False,False
probe4c1_kinematic_complex,B_ARG129,7,2.0886552333831787,2.7963521480560303,-119.65;130.43;-63.17;-172.08,g-/t/g-/p180,59.65;49.57;3.17;7.92,False,2.4152847719262556,NH1--B:HOH53:O,1.2688951621325693,"NH1--sym6[0,0,1]/A:HOH32:O",-0.2057020366191864,NE--B:GLU125:O:3.15A;NH1--B:HOH53:O:2.42A;NH2--B:GLU125:OE1:3.11A;NH2--B:GLU125:O:3.44A,36.134857177734375,25.182605743408203,26.839645385742188,10.952251434326172,828.3526054382324,24.26175308227539,2970.25244140625,False,False,False,False
probe4c1_kinematic_complex,B_ARG129,8,2.088656187057495,2.796351909637451,-119.65;130.43;-63.17;-172.08,g-/t/g-/p-180,59.65;49.57;3.17;7.92,False,2.4152775596689553,NH1--B:HOH53:O,1.2688989276817024,"NH1--sym6[0,0,1]/A:HOH32:O",-0.2057032436132431,NE--B:GLU125:O:3.15A;NH1--B:HOH53:O:2.42A;NH2--B:GLU125:OE1:3.11A;NH2--B:GLU125:O:3.44A,36.134857177734375,25.182605743408203,26.839645385742188,10.952251434326172,828.3526054382324,24.26175308227539,2970.25244140625,False,False,False,False
probe4c1_kinematic_complex,B_ARG129,9,2.0886576175689697,2.7963526248931885,-119.65;130.43;-63.17;-172.08,g-/t/g-/p-180,59.65;49.57;3.17;7.92,False,2.4152762447635454,NH1--B:HOH53:O,1.2688985953862895,"NH1--sym6[0,0,1]/A:HOH32:O",-0.2057049572467804,NE--B:GLU125:O:3.15A;NH1--B:HOH53:O:2.42A;NH2--B:GLU125:OE1:3.11A;NH2--B:GLU125:O:3.44A,36.134857177734375,25.182605743408203,26.839645385742188,10.952251434326172,828.3526054382324,24.26175308227539,2970.25244140625,False,False,False,False
probe4c1_kinematic_complex,B_ARG129,10,2.088656187057495,2.796348810195923,-119.65;130.43;-63.17;-172.08,g-/t/g-/p180,59.65;49.57;3.17;7.92,False,2.4152762447635454,NH1--B:HOH53:O,1.2688985953862895,"NH1--sym6[0,0,1]/A:HOH32:O",-0.2057051956653595,NE--B:GLU125:O:3.15A;NH1--B:HOH53:O:2.42A;NH2--B:GLU125:OE1:3.11A;NH2--B:GLU125:O:3.44A,36.134857177734375,25.182605743408203,26.839645385742188,10.952251434326172,828.3526054382324,24.26175308227539,2970.25244140625,False,False,False,False
probe4c1_kinematic_complex,B_ARG129,11,2.088656425476074,2.7963504791259766,-119.65;130.43;-63.17;-172.08,g-/t/g-/p180,59.65;49.57;3.17;7.92,False,2.415276563863493,NH1--B:HOH53:O,1.268897757493103,"NH1--sym6[0,0,1]/A:HOH32:O",-0.20570433139801025,NE--B:GLU125:O:3.15A;NH1--B:HOH53:O:2.42A;NH2--B:GLU125:OE1:3.11A;NH2--B:GLU125:O:3.44A,36.134857177734375,25.182605743408203,26.839645385742188,10.952251434326172,828.3526054382324,24.26175308227539,2970.25244140625,False,False,False,False
probe4c1_kinematic_complex,B_ARG129,12,2.088655948638916,2.7963485717773438,-119.65;130.43;-63.17;-172.08,g-/t/g-/p-180,59.65;49.57;3.17;7.92,False,2.4152759256639325,NH1--B:HOH53:O,1.2688994332796393,"NH1--sym6[0,0,1]/A:HOH32:O",-0.20570437610149384,NE--B:GLU125:O:3.15A;NH1--B:HOH53:O:2.42A;NH2--B:GLU125:OE1:3.11A;NH2--B:GLU125:O:3.44A,36.134857177734375,25.182605743408203,26.839645385742188,10.952251434326172,828.3526054382324,24.26175308227539,2970.25244140625,False,False,False,False
probe4c1_kinematic_complex,B_ARG129,13,2.0886545181274414,2.7963521480560303,-119.65;130.43;-63.17;-172.08,g-/t/g-/p-180,59.65;49.57;3.17;7.92,False,2.415284452829275,NH1--B:HOH53:O,1.2688960000310532,"NH1--sym6[0,0,1]/A:HOH32:O",-0.20570123195648193,NE--B:GLU125:O:3.15A;NH1--B:HOH53:O:2.42A;NH2--B:GLU125:OE1:3.11A;NH2--B:GLU125:O:3.44A,36.134857177734375,25.182605743408203,26.839645385742188,10.952251434326172,828.3526054382324,24.26175308227539,2970.25244140625,False,False,False,False
probe4c1_kinematic_complex,B_ARG129,14,2.088656187057495,2.796351909637451,-119.65;130.43;-63.17;-172.08,g-/t/g-/p-180,59.65;49.57;3.17;7.92,False,2.4152775596689553,NH1--B:HOH53:O,1.2688989276817024,"NH1--sym6[0,0,1]/A:HOH32:O",-0.2057032436132431,NE--B:GLU125:O:3.15A;NH1--B:HOH53:O:2.42A;NH2--B:GLU125:OE1:3.11A;NH2--B:GLU125:O:3.44A,36.134857177734375,25.182605743408203,26.839645385742188,10.952251434326172,828.3526054382324,24.26175308227539,2970.25244140625,False,False,False,False
probe4c1_kinematic_complex,B_ARG129,15,2.0886569023132324,2.7963531017303467,-119.65;130.43;-63.17;-172.08,g-/t/g-/p-180,59.65;49.57;3.17;7.92,False,2.415287044119449,NH1--B:HOH53:O,1.2688929807350682,"NH1--sym6[0,0,1]/A:HOH32:O",-0.20570433139801025,NE--B:GLU125:O:3.15A;NH1--B:HOH53:O:2.42A;NH2--B:GLU125:OE1:3.11A;NH2--B:GLU125:O:3.44A,36.134857177734375,25.182605743408203,26.839645385742188,10.952251434326172,828.3526054382324,24.26175308227539,2970.25244140625,False,False,False,False
probe4c1_kinematic_complex,B_ARG129,16,2.0886542797088623,2.7963528633117676,-119.65;130.43;-63.17;-172.08,g-/t/g-/p180,59.65;49.57;3.17;7.92,False,2.4152945370341588,NH1--B:HOH53:O,1.2688846935452727,"NH1--sym6[0,0,1]/A:HOH32:O",-0.20570001006126404,NE--B:GLU125:O:3.15A;NH1--B:HOH53:O:2.42A;NH2--B:GLU125:OE1:3.11A;NH2--B:GLU125:O:3.44A,36.134857177734375,25.182605743408203,26.839645385742188,10.952251434326172,828.3526054382324,24.26175308227539,2970.25244140625,False,False,False,False
probe4c1_kinematic_complex,B_ARG129,17,2.088656425476074,2.7963504791259766,-119.65;130.43;-63.17;-172.08,g-/t/g-/p180,59.65;49.57;3.17;7.92,False,2.4152768829637754,NH1--B:HOH53:O,1.26889691960008,"NH1--sym6[0,0,1]/A:HOH32:O",-0.20570378005504608,NE--B:GLU125:O:3.15A;NH1--B:HOH53:O:2.42A;NH2--B:GLU125:OE1:3.11A;NH2--B:GLU125:O:3.44A,36.134857177734375,25.182605743408203,26.839645385742188,10.952251434326172,828.3526054382324,24.26175308227539,2970.25244140625,False,False,False,False
probe4c1_kinematic_complex,B_ARG129,18,2.088656425476074,2.7963504791259766,-119.65;130.43;-63.17;-172.08,g-/t/g-/p180,59.65;49.57;3.17;7.92,False,2.4152768829637754,NH1--B:HOH53:O,1.26889691960008,"NH1--sym6[0,0,1]/A:HOH32:O",-0.20570378005504608,NE--B:GLU125:O:3.15A;NH1--B:HOH53:O:2.42A;NH2--B:GLU125:OE1:3.11A;NH2--B:GLU125:O:3.44A,36.134857177734375,25.182605743408203,26.839645385742188,10.952251434326172,828.3526054382324,24.26175308227539,2970.25244140625,False,False,False,False
probe4c1_kinematic_complex,B_ARG129,19,2.0886595249176025,2.796347141265869,-119.65;130.43;-63.17;-172.08,g-/t/g-/p180,59.65;49.57;3.17;7.92,False,2.4152735764559417,NH1--B:HOH53:O,1.2688942469423328,"NH1--sym6[0,0,1]/A:HOH32:O",-0.20570732653141022,NE--B:GLU125:O:3.15A;NH1--B:HOH53:O:2.42A;NH2--B:GLU125:OE1:3.11A;NH2--B:GLU125:O:3.44A,36.134857177734375,25.182605743408203,26.839645385742188,10.952251434326172,828.3526054382324,24.26175308227539,2970.25244140625,False,False,False,False
probe4c1_kinematic_complex,B_ARG129,20,2.0886566638946533,2.7963507175445557,-119.65;130.43;-63.17;-172.08,g-/t/g-/p180,59.65;49.57;3.17;7.92,False,2.4152772405695155,NH1--B:HOH53:O,1.2688997655748329,"NH1--sym6[0,0,1]/A:HOH32:O",-0.20570357143878937,NE--B:GLU125:O:3.15A;NH1--B:HOH53:O:2.42A;NH2--B:GLU125:OE1:3.11A;NH2--B:GLU125:O:3.44A,36.134857177734375,25.182605743408203,26.839645385742188,10.952251434326172,828.3526054382324,24.26175308227539,2970.25244140625,False,False,False,False
probe4c1_kinematic_complex,B_ARG129,21,2.0886552333831787,2.796351671218872,-119.65;130.43;-63.17;-172.08,g-/t/g-/p180,59.65;49.57;3.17;7.92,False,2.415275606564654,NH1--B:HOH53:O,1.2689002711731527,"NH1--sym6[0,0,1]/A:HOH32:O",-0.2057044357061386,NE--B:GLU125:O:3.15A;NH1--B:HOH53:O:2.42A;NH2--B:GLU125:OE1:3.11A;NH2--B:GLU125:O:3.44A,36.134857177734375,25.182605743408203,26.839645385742188,10.952251434326172,828.3526054382324,24.26175308227539,2970.25244140625,False,False,False,False
probe4c1_kinematic_complex,B_ARG129,22,2.0886552333831787,2.7963521480560303,-119.65;130.43;-63.17;-172.08,g-/t/g-/p180,59.65;49.57;3.17;7.92,False,2.4152847719262556,NH1--B:HOH53:O,1.2688951621325693,"NH1--sym6[0,0,1]/A:HOH32:O",-0.2057020366191864,NE--B:GLU125:O:3.15A;NH1--B:HOH53:O:2.42A;NH2--B:GLU125:OE1:3.11A;NH2--B:GLU125:O:3.44A,36.134857177734375,25.182605743408203,26.839645385742188,10.952251434326172,828.3526054382324,24.26175308227539,2970.25244140625,False,False,False,False
probe4c1_kinematic_complex,B_ARG129,23,2.088656425476074,2.7963521480560303,-119.65;130.43;-63.17;-172.08,g-/t/g-/p180,59.65;49.57;3.17;7.92,False,2.4152775596689553,NH1--B:HOH53:O,1.2688989276817024,"NH1--sym6[0,0,1]/A:HOH32:O",-0.2057032436132431,NE--B:GLU125:O:3.15A;NH1--B:HOH53:O:2.42A;NH2--B:GLU125:OE1:3.11A;NH2--B:GLU125:O:3.44A,36.134857177734375,25.182605743408203,26.839645385742188,10.952251434326172,828.3526054382324,24.26175308227539,2970.25244140625,False,False,False,False
probe4c1_kinematic_complex,B_ARG129,24,2.0886571407318115,2.7963523864746094,-119.65;130.43;-63.17;-172.08,g-/t/g-/p180,59.65;49.57;3.17;7.92,False,2.415277878768729,NH1--B:HOH53:O,1.2688980897887354,"NH1--sym6[0,0,1]/A:HOH32:O",-0.2057027965784073,NE--B:GLU125:O:3.15A;NH1--B:HOH53:O:2.42A;NH2--B:GLU125:OE1:3.11A;NH2--B:GLU125:O:3.44A,36.134857177734375,25.182605743408203,26.839645385742188,10.952251434326172,828.3526054382324,24.26175308227539,2970.25244140625,False,False,False,False
probe4c1_kinematic_complex,B_ARG129,25,2.0886569023132324,2.7963507175445557,-119.65;130.43;-63.17;-172.08,g-/t/g-/p180,59.65;49.57;3.17;7.92,False,2.4152772405695155,NH1--B:HOH53:O,1.2688997655748329,"NH1--sym6[0,0,1]/A:HOH32:O",-0.20570361614227295,NE--B:GLU125:O:3.15A;NH1--B:HOH53:O:2.42A;NH2--B:GLU125:OE1:3.11A;NH2--B:GLU125:O:3.44A,36.134857177734375,25.182605743408203,26.839645385742188,10.952251434326172,828.3526054382324,24.26175308227539,2970.25244140625,False,False,False,False
probe4c1_kinematic_complex,B_ARG129,26,2.088655948638916,2.7963485717773438,-119.65;130.43;-63.17;-172.08,g-/t/g-/p180,59.65;49.57;3.17;7.92,False,2.4152762447635454,NH1--B:HOH53:O,1.2688985953862895,"NH1--sym6[0,0,1]/A:HOH32:O",-0.20570409297943115,NE--B:GLU125:O:3.15A;NH1--B:HOH53:O:2.42A;NH2--B:GLU125:OE1:3.11A;NH2--B:GLU125:O:3.44A,36.134857177734375,25.182605743408203,26.839645385742188,10.952251434326172,828.3526054382324,24.26175308227539,2970.25244140625,False,False,False,False
probe4c1_kinematic_complex,B_ARG129,27,2.0886566638946533,2.7963531017303467,-119.65;130.43;-63.17;-172.08,g-/t/g-/p180,59.65;49.57;3.17;7.92,False,2.4152772405695155,NH1--B:HOH53:O,1.2688997655748329,"NH1--sym6[0,0,1]/A:HOH32:O",-0.20570382475852966,NE--B:GLU125:O:3.15A;NH1--B:HOH53:O:2.42A;NH2--B:GLU125:OE1:3.11A;NH2--B:GLU125:O:3.44A,36.134857177734375,25.182605743408203,26.839645385742188,10.952251434326172,828.3526054382324,24.26175308227539,2970.25244140625,False,False,False,False
probe4c1_kinematic_complex,B_ARG129,28,2.0886569023132324,2.7963521480560303,-119.65;130.43;-63.17;-172.08,g-/t/g-/p180,59.65;49.57;3.17;7.92,False,2.415277878768729,NH1--B:HOH53:O,1.2688980897887354,"NH1--sym6[0,0,1]/A:HOH32:O",-0.20570360124111176,NE--B:GLU125:O:3.15A;NH1--B:HOH53:O:2.42A;NH2--B:GLU125:OE1:3.11A;NH2--B:GLU125:O:3.44A,36.134857177734375,25.182605743408203,26.839645385742188,10.952251434326172,828.3526054382324,24.26175308227539,2970.25244140625,False,False,False,False
probe4c1_kinematic_complex,B_ARG129,29,2.0886547565460205,2.7963521480560303,-119.65;130.43;-63.17;-172.08,g-/t/g-/p180,59.65;49.57;3.17;7.92,False,2.4152857677302157,NH1--B:HOH53:O,1.2688963323271458,"NH1--sym6[0,0,1]/A:HOH32:O",-0.20570255815982819,NE--B:GLU125:O:3.15A;NH1--B:HOH53:O:2.42A;NH2--B:GLU125:OE1:3.11A;NH2--B:GLU125:O:3.44A,36.134857177734375,25.182605743408203,26.839645385742188,10.952251434326172,828.3526054382324,24.26175308227539,2970.25244140625,False,False,False,False
probe4c1_kinematic_complex,B_ARG129,30,2.0886549949645996,2.7963526248931885,-119.65;130.43;-63.17;-172.08,g-/t/g-/p180,59.65;49.57;3.17;7.92,False,2.4152880399228494,NH1--B:HOH53:O,1.2688941509323732,"NH1--sym6[0,0,1]/A:HOH32:O",-0.2057032436132431,NE--B:GLU125:O:3.15A;NH1--B:HOH53:O:2.42A;NH2--B:GLU125:OE1:3.11A;NH2--B:GLU125:O:3.44A,36.134857177734375,25.182605743408203,26.839645385742188,10.952251434326172,828.3526054382324,24.26175308227539,2970.25244140625,False,False,False,False
probe4c1_kinematic_complex,B_ARG129,31,2.088656187057495,2.796351909637451,-119.65;130.43;-63.17;-172.08,g-/t/g-/p180,59.65;49.57;3.17;7.92,False,2.4152775596689553,NH1--B:HOH53:O,1.2688989276817024,"NH1--sym6[0,0,1]/A:HOH32:O",-0.20570312440395355,NE--B:GLU125:O:3.15A;NH1--B:HOH53:O:2.42A;NH2--B:GLU125:OE1:3.11A;NH2--B:GLU125:O:3.44A,36.134857177734375,25.182605743408203,26.839645385742188,10.952251434326172,828.3526054382324,24.26175308227539,2970.25244140625,False,False,False,False
probe4c1_kinematic_complex,B_ARG129,32,2.0886552333831787,2.7963473796844482,-119.65;130.43;-63.17;-172.08,g-/t/g-/p180,59.65;49.57;3.17;7.92,False,2.4152674755889993,NH1--B:HOH53:O,1.2689102344133625,"NH1--sym6[0,0,1]/A:HOH32:O",-0.20570559799671173,NE--B:GLU125:O:3.15A;NH1--B:HOH53:O:2.42A;NH2--B:GLU125:OE1:3.11A;NH2--B:GLU125:O:3.44A,36.134857177734375,25.182605743408203,26.839645385742188,10.952251434326172,828.3526054382324,24.26175308227539,2970.25244140625,False,False,False,False
probe4c1_kinematic_complex,B_ARG129,33,2.088656425476074,2.796348810195923,-119.65;130.43;-63.17;-172.08,g-/t/g-/p180,59.65;49.57;3.17;7.92,False,2.4152762447635454,NH1--B:HOH53:O,1.2688985953862895,"NH1--sym6[0,0,1]/A:HOH32:O",-0.20570588111877441,NE--B:GLU125:O:3.15A;NH1--B:HOH53:O:2.42A;NH2--B:GLU125:OE1:3.11A;NH2--B:GLU125:O:3.44A,36.134857177734375,25.182605743408203,26.839645385742188,10.952251434326172,828.3526054382324,24.26175308227539,2970.25244140625,False,False,False,False
probe4c1_kinematic_complex,B_ARG129,34,2.088655948638916,2.7963502407073975,-119.65;130.43;-63.17;-172.08,g-/t/g-/p180,59.65;49.57;3.17;7.92,False,2.415277878768729,NH1--B:HOH53:O,1.2688980897887354,"NH1--sym6[0,0,1]/A:HOH32:O",-0.20570217072963715,NE--B:GLU125:O:3.15A;NH1--B:HOH53:O:2.42A;NH2--B:GLU125:OE1:3.11A;NH2--B:GLU125:O:3.44A,36.134857177734375,25.182605743408203,26.839645385742188,10.952251434326172,828.3526054382324,24.26175308227539,2970.25244140625,False,False,False,False
probe4c1_kinematic_complex,B_ARG129,35,2.088656187057495,2.7963504791259766,-119.65;130.43;-63.17;-172.08,g-/t/g-/p180,59.65;49.57;3.17;7.92,False,2.4152752489590483,NH1--B:HOH53:O,1.2688974252002507,"NH1--sym6[0,0,1]/A:HOH32:O",-0.20570378005504608,NE--B:GLU125:O:3.15A;NH1--B:HOH53:O:2.42A;NH2--B:GLU125:OE1:3.11A;NH2--B:GLU125:O:3.44A,36.134857177734375,25.182605743408203,26.839645385742188,10.952251434326172,828.3526054382324,24.26175308227539,2970.25244140625,False,False,False,False
probe4c1_kinematic_complex,B_ARG129,36,2.0886569023132324,2.796348810195923,-119.65;130.43;-63.17;-172.08,g-/t/g-/p180,59.65;49.57;3.17;7.92,False,2.4152772405695155,NH1--B:HOH53:O,1.2688997655748329,"NH1--sym6[0,0,1]/A:HOH32:O",-0.2057032287120819,NE--B:GLU125:O:3.15A;NH1--B:HOH53:O:2.42A;NH2--B:GLU125:OE1:3.11A;NH2--B:GLU125:O:3.44A,36.134857177734375,25.182605743408203,26.839645385742188,10.952251434326172,828.3526054382324,24.26175308227539,2970.25244140625,False,False,False,False
probe4c1_kinematic_complex,B_ARG129,37,2.0886597633361816,2.796346664428711,-119.65;130.43;-63.17;-172.08,g-/t/g-/p180,59.65;49.57;3.17;7.92,False,2.415274929858927,NH1--B:HOH53:O,1.2688982630936565,"NH1--sym6[0,0,1]/A:HOH32:O",-0.20570731163024902,NE--B:GLU125:O:3.15A;NH1--B:HOH53:O:2.42A;NH2--B:GLU125:OE1:3.11A;NH2--B:GLU125:O:3.44A,36.134857177734375,25.182605743408203,26.839645385742188,10.952251434326172,828.3526054382324,24.26175308227539,2970.25244140625,False,False,False,False
probe4c1_kinematic_complex,B_ARG129,38,2.0886549949645996,2.7963526248931885,-119.65;130.43;-63.17;-172.08,g-/t/g-/p180,59.65;49.57;3.17;7.92,False,2.4152874017285804,NH1--B:HOH53:O,1.2688958267279733,"NH1--sym6[0,0,1]/A:HOH32:O",-0.20570282638072968,NE--B:GLU125:O:3.15A;NH1--B:HOH53:O:2.42A;NH2--B:GLU125:OE1:3.11A;NH2--B:GLU125:O:3.44A,36.134857177734375,25.182605743408203,26.839645385742188,10.952251434326172,828.3526054382324,24.26175308227539,2970.25244140625,False,False,False,False
probe4c1_kinematic_complex,B_ARG129,39,2.088656187057495,2.796351909637451,-119.65;130.43;-63.17;-172.08,g-/t/g-/p-180,59.65;49.57;3.17;7.92,False,2.4152775596689553,NH1--B:HOH53:O,1.2688989276817024,"NH1--sym6[0,0,1]/A:HOH32:O",-0.2057032436132431,NE--B:GLU125:O:3.15A;NH1--B:HOH53:O:2.42A;NH2--B:GLU125:OE1:3.11A;NH2--B:GLU125:O:3.44A,36.134857177734375,25.182605743408203,26.839645385742188,10.952251434326172,828.3526054382324,24.26175308227539,2970.25244140625,False,False,False,False
probe4c1_kinematic_complex,B_ARG129,40,2.0886576175689697,2.7963526248931885,-119.65;130.43;-63.17;-172.08,g-/t/g-/p-180,59.65;49.57;3.17;7.92,False,2.4152762447635454,NH1--B:HOH53:O,1.2688985953862895,"NH1--sym6[0,0,1]/A:HOH32:O",-0.20570585131645203,NE--B:GLU125:O:3.15A;NH1--B:HOH53:O:2.42A;NH2--B:GLU125:OE1:3.11A;NH2--B:GLU125:O:3.44A,36.134857177734375,25.182605743408203,26.839645385742188,10.952251434326172,828.3526054382324,24.26175308227539,2970.25244140625,False,False,False,False
probe4c1_kinematic_complex,B_ARG129,41,2.0886576175689697,2.7963526248931885,-119.65;130.43;-63.17;-172.08,g-/t/g-/p-180,59.65;49.57;3.17;7.92,False,2.415274929858927,NH1--B:HOH53:O,1.2688982630936565,"NH1--sym6[0,0,1]/A:HOH32:O",-0.20570552349090576,NE--B:GLU125:O:3.15A;NH1--B:HOH53:O:2.42A;NH2--B:GLU125:OE1:3.11A;NH2--B:GLU125:O:3.44A,36.134857177734375,25.182605743408203,26.839645385742188,10.952251434326172,828.3526054382324,24.26175308227539,2970.25244140625,False,False,False,False
probe4c1_kinematic_complex,B_ARG129,42,2.0886199474334717,2.7963759899139404,-119.65;130.43;-63.16;-172.08,g-/t/g-/p180,59.65;49.57;3.16;7.92,False,2.4153566066665464,NH1--B:HOH53:O,1.268914848873214,"NH1--sym6[0,0,1]/A:HOH32:O",-0.20566804707050323,NE--B:GLU125:O:3.15A;NH1--B:HOH53:O:2.42A;NH2--B:GLU125:OE1:3.11A;NH2--B:GLU125:O:3.44A,36.139915466308594,25.182605743408203,26.839645385742188,10.95730972290039,828.3526054382324,24.26175308227539,2970.25244140625,False,False,False,False
probe4c1_kinematic_complex,B_ARG129,43,2.0886549949645996,2.7963521480560303,-119.65;130.43;-63.17;-172.08,g-/t/g-/p180,59.65;49.57;3.17;7.92,False,2.4152860868270225,NH1--B:HOH53:O,1.2688954944288813,"NH1--sym6[0,0,1]/A:HOH32:O",-0.2057018280029297,NE--B:GLU125:O:3.15A;NH1--B:HOH53:O:2.42A;NH2--B:GLU125:OE1:3.11A;NH2--B:GLU125:O:3.44A,36.134857177734375,25.182605743408203,26.839645385742188,10.952251434326172,828.3526054382324,24.26175308227539,2970.25244140625,False,False,False,False
probe4c1_kinematic_complex,B_ARG129,44,2.088656187057495,2.796351909637451,-119.65;130.43;-63.17;-172.08,g-/t/g-/p180,59.65;49.57;3.17;7.92,False,2.4152775596689553,NH1--B:HOH53:O,1.2688989276817024,"NH1--sym6[0,0,1]/A:HOH32:O",-0.20570312440395355,NE--B:GLU125:O:3.15A;NH1--B:HOH53:O:2.42A;NH2--B:GLU125:OE1:3.11A;NH2--B:GLU125:O:3.44A,36.134857177734375,25.182605743408203,26.839645385742188,10.952251434326172,828.3526054382324,24.26175308227539,2970.25244140625,False,False,False,False
probe4c1_kinematic_complex,B_ARG129,45,2.0886552333831787,2.7963521480560303,-119.65;130.43;-63.17;-172.08,g-/t/g-/p180,59.65;49.57;3.17;7.92,False,2.4152847719262556,NH1--B:HOH53:O,1.2688951621325693,"NH1--sym6[0,0,1]/A:HOH32:O",-0.2057020366191864,NE--B:GLU125:O:3.15A;NH1--B:HOH53:O:2.42A;NH2--B:GLU125:OE1:3.11A;NH2--B:GLU125:O:3.44A,36.134857177734375,25.182605743408203,26.839645385742188,10.952251434326172,828.3526054382324,24.26175308227539,2970.25244140625,False,False,False,False
probe4c1_kinematic_complex,B_ARG129,46,2.088655471801758,2.796351671218872,-119.65;130.43;-63.17;-172.08,g-/t/g-/p180,59.65;49.57;3.17;7.92,False,2.4152759256639325,NH1--B:HOH53:O,1.2688994332796393,"NH1--sym6[0,0,1]/A:HOH32:O",-0.20570404827594757,NE--B:GLU125:O:3.15A;NH1--B:HOH53:O:2.42A;NH2--B:GLU125:OE1:3.11A;NH2--B:GLU125:O:3.44A,36.134857177734375,25.182605743408203,26.839645385742188,10.952251434326172,828.3526054382324,24.26175308227539,2970.25244140625,False,False,False,False
probe4c1_kinematic_complex,B_ARG129,47,2.0886576175689697,2.7963526248931885,-119.65;130.43;-63.17;-172.08,g-/t/g-/p-180,59.65;49.57;3.17;7.92,False,2.415274929858927,NH1--B:HOH53:O,1.2688982630936565,"NH1--sym6[0,0,1]/A:HOH32:O",-0.20570552349090576,NE--B:GLU125:O:3.15A;NH1--B:HOH53:O:2.42A;NH2--B:GLU125:OE1:3.11A;NH2--B:GLU125:O:3.44A,36.134857177734375,25.182605743408203,26.839645385742188,10.952251434326172,828.3526054382324,24.26175308227539,2970.25244140625,False,False,False,False
probe4c1_kinematic_complex,B_ARG129,48,2.0886569023132324,2.796348810195923,-119.65;130.43;-63.17;-172.08,g-/t/g-/p180,59.65;49.57;3.17;7.92,False,2.4152772405695155,NH1--B:HOH53:O,1.2688997655748329,"NH1--sym6[0,0,1]/A:HOH32:O",-0.20570246875286102,NE--B:GLU125:O:3.15A;NH1--B:HOH53:O:2.42A;NH2--B:GLU125:OE1:3.11A;NH2--B:GLU125:O:3.44A,36.134857177734375,25.182605743408203,26.839645385742188,10.952251434326172,828.3526054382324,24.26175308227539,2970.25244140625,False,False,False,False
probe4c1_kinematic_complex,B_ARG129,49,2.088655710220337,2.7963485717773438,-119.65;130.43;-63.17;-172.08,g-/t/g-/p180,59.65;49.57;3.17;7.92,False,2.4152762447635454,NH1--B:HOH53:O,1.2688985953862895,"NH1--sym6[0,0,1]/A:HOH32:O",-0.20570383965969086,NE--B:GLU125:O:3.15A;NH1--B:HOH53:O:2.42A;NH2--B:GLU125:OE1:3.11A;NH2--B:GLU125:O:3.44A,36.134857177734375,25.182605743408203,26.839645385742188,10.952251434326172,828.3526054382324,24.26175308227539,2970.25244140625,False,False,False,False
probe4c2_A_soft_synthetic,B_ARG129,0,0.4645809233188629,1.4114468097686768,-70.84;-143.45;-48.05;153.99,g-/t/g-/p180,10.84;36.55;11.95;26.01,False,3.1618601278270484,CB--B:ILE130:N,2.2548604283930826,"NH2--sym1[1,1,0]/A:TYR131:CZ",0.12016721069812775,NH1--B:HOH53:O:3.37A,26.547504425048828,25.182605743408203,26.839645385742188,1.364898681640625,828.3526054382324,24.26175308227539,2970.25244140625,True,False,False,False
probe4c2_A_soft_synthetic,B_ARG129,1,0.4645809233188629,1.4114468097686768,-70.84;-143.45;-48.05;153.99,g-/t/g-/p180,10.84;36.55;11.95;26.01,False,3.1618601278270484,CB--B:ILE130:N,2.2548604283930826,"NH2--sym1[1,1,0]/A:TYR131:CZ",0.12016721069812775,NH1--B:HOH53:O:3.37A,26.547504425048828,25.182605743408203,26.839645385742188,1.364898681640625,828.3526054382324,24.26175308227539,2970.25244140625,True,False,False,False
probe4c2_A_soft_synthetic,B_ARG129,2,0.4645809233188629,1.4114468097686768,-70.84;-143.45;-48.05;153.99,g-/t/g-/p180,10.84;36.55;11.95;26.01,False,3.1618601278270484,CB--B:ILE130:N,2.2548604283930826,"NH2--sym1[1,1,0]/A:TYR131:CZ",0.12016721069812775,NH1--B:HOH53:O:3.37A,26.547504425048828,25.182605743408203,26.839645385742188,1.364898681640625,828.3526054382324,24.26175308227539,2970.25244140625,True,False,False,False
probe4c2_A_soft_synthetic,B_ARG129,3,0.4645809829235077,1.4114468097686768,-70.84;-143.45;-48.05;153.99,g-/t/g-/p180,10.84;36.55;11.95;26.01,False,3.1618601278270484,CB--B:ILE130:N,2.2548604283930826,"NH2--sym1[1,1,0]/A:TYR131:CZ",0.12016724795103073,NH1--B:HOH53:O:3.37A,26.547504425048828,25.182605743408203,26.839645385742188,1.364898681640625,828.3526054382324,24.26175308227539,2970.25244140625,True,False,False,False
probe4c2_A_soft_synthetic,B_ARG129,4,0.4645809233188629,1.4114468097686768,-70.84;-143.45;-48.05;153.99,g-/t/g-/p180,10.84;36.55;11.95;26.01,False,3.1618601278270484,CB--B:ILE130:N,2.2548604283930826,"NH2--sym1[1,1,0]/A:TYR131:CZ",0.12016721069812775,NH1--B:HOH53:O:3.37A,26.547504425048828,25.182605743408203,26.839645385742188,1.364898681640625,828.3526054382324,24.26175308227539,2970.25244140625,True,False,False,False
probe4c2_A_soft_synthetic,B_ARG129,5,0.4645809233188629,1.4114468097686768,-70.84;-143.45;-48.05;153.99,g-/t/g-/p180,10.84;36.55;11.95;26.01,False,3.1618601278270484,CB--B:ILE130:N,2.2548604283930826,"NH2--sym1[1,1,0]/A:TYR131:CZ",0.12016721069812775,NH1--B:HOH53:O:3.37A,26.547504425048828,25.182605743408203,26.839645385742188,1.364898681640625,828.3526054382324,24.26175308227539,2970.25244140625,True,False,False,False
probe4c2_A_soft_synthetic,B_ARG129,6,0.4645809233188629,1.4114468097686768,-70.84;-143.45;-48.05;153.99,g-/t/g-/p180,10.84;36.55;11.95;26.01,False,3.1618601278270484,CB--B:ILE130:N,2.2548604283930826,"NH2--sym1[1,1,0]/A:TYR131:CZ",0.12016721069812775,NH1--B:HOH53:O:3.37A,26.547504425048828,25.182605743408203,26.839645385742188,1.364898681640625,828.3526054382324,24.26175308227539,2970.25244140625,True,False,False,False
probe4c2_A_soft_synthetic,B_ARG129,7,0.4645809233188629,1.4114468097686768,-70.84;-143.45;-48.05;153.99,g-/t/g-/p180,10.84;36.55;11.95;26.01,False,3.1618601278270484,CB--B:ILE130:N,2.2548604283930826,"NH2--sym1[1,1,0]/A:TYR131:CZ",0.12016721069812775,NH1--B:HOH53:O:3.37A,26.547504425048828,25.182605743408203,26.839645385742188,1.364898681640625,828.3526054382324,24.26175308227539,2970.25244140625,True,False,False,False
probe4c2_A_soft_synthetic,B_ARG129,8,0.4645809233188629,1.4114468097686768,-70.84;-143.45;-48.05;153.99,g-/t/g-/p180,10.84;36.55;11.95;26.01,False,3.1618601278270484,CB--B:ILE130:N,2.2548604283930826,"NH2--sym1[1,1,0]/A:TYR131:CZ",0.12016721069812775,NH1--B:HOH53:O:3.37A,26.547504425048828,25.182605743408203,26.839645385742188,1.364898681640625,828.3526054382324,24.26175308227539,2970.25244140625,True,False,False,False
probe4c2_A_soft_synthetic,B_ARG129,9,0.4645809829235077,1.4114468097686768,-70.84;-143.45;-48.05;153.99,g-/t/g-/p180,10.84;36.55;11.95;26.01,False,3.1618601278270484,CB--B:ILE130:N,2.2548604283930826,"NH2--sym1[1,1,0]/A:TYR131:CZ",0.12016724795103073,NH1--B:HOH53:O:3.37A,26.547504425048828,25.182605743408203,26.839645385742188,1.364898681640625,828.3526054382324,24.26175308227539,2970.25244140625,True,False,False,False
probe4c2_A_soft_synthetic,B_ARG129,10,0.4645809233188629,1.4114468097686768,-70.84;-143.45;-48.05;153.99,g-/t/g-/p180,10.84;36.55;11.95;26.01,False,3.1618601278270484,CB--B:ILE130:N,2.2548604283930826,"NH2--sym1[1,1,0]/A:TYR131:CZ",0.12016721069812775,NH1--B:HOH53:O:3.37A,26.547504425048828,25.182605743408203,26.839645385742188,1.364898681640625,828.3526054382324,24.26175308227539,2970.25244140625,True,False,False,False
probe4c2_A_soft_synthetic,B_ARG129,11,0.4645809233188629,1.4114468097686768,-70.84;-143.45;-48.05;153.99,g-/t/g-/p180,10.84;36.55;11.95;26.01,False,3.1618601278270484,CB--B:ILE130:N,2.2548604283930826,"NH2--sym1[1,1,0]/A:TYR131:CZ",0.12016721069812775,NH1--B:HOH53:O:3.37A,26.547504425048828,25.182605743408203,26.839645385742188,1.364898681640625,828.3526054382324,24.26175308227539,2970.25244140625,True,False,False,False
probe4c2_A_soft_synthetic,B_ARG129,12,0.4645809233188629,1.4114468097686768,-70.84;-143.45;-48.05;153.99,g-/t/g-/p180,10.84;36.55;11.95;26.01,False,3.1618601278270484,CB--B:ILE130:N,2.2548604283930826,"NH2--sym1[1,1,0]/A:TYR131:CZ",0.12016721069812775,NH1--B:HOH53:O:3.37A,26.547504425048828,25.182605743408203,26.839645385742188,1.364898681640625,828.3526054382324,24.26175308227539,2970.25244140625,True,False,False,False
probe4c2_A_soft_synthetic,B_ARG129,13,0.4645809233188629,1.4114468097686768,-70.84;-143.45;-48.05;153.99,g-/t/g-/p180,10.84;36.55;11.95;26.01,False,3.1618601278270484,CB--B:ILE130:N,2.2548604283930826,"NH2--sym1[1,1,0]/A:TYR131:CZ",0.12016721069812775,NH1--B:HOH53:O:3.37A,26.547504425048828,25.182605743408203,26.839645385742188,1.364898681640625,828.3526054382324,24.26175308227539,2970.25244140625,True,False,False,False
probe4c2_A_soft_synthetic,B_ARG129,14,0.4645809829235077,1.4114468097686768,-70.84;-143.45;-48.05;153.99,g-/t/g-/p180,10.84;36.55;11.95;26.01,False,3.1618601278270484,CB--B:ILE130:N,2.2548604283930826,"NH2--sym1[1,1,0]/A:TYR131:CZ",0.12016724795103073,NH1--B:HOH53:O:3.37A,26.547504425048828,25.182605743408203,26.839645385742188,1.364898681640625,828.3526054382324,24.26175308227539,2970.25244140625,True,False,False,False
probe4c2_A_soft_synthetic,B_ARG129,15,0.4645809829235077,1.4114468097686768,-70.84;-143.45;-48.05;153.99,g-/t/g-/p180,10.84;36.55;11.95;26.01,False,3.1618601278270484,CB--B:ILE130:N,2.2548604283930826,"NH2--sym1[1,1,0]/A:TYR131:CZ",0.12016724795103073,NH1--B:HOH53:O:3.37A,26.547504425048828,25.182605743408203,26.839645385742188,1.364898681640625,828.3526054382324,24.26175308227539,2970.25244140625,True,False,False,False
probe4c2_A_soft_synthetic,B_ARG129,16,0.4645809233188629,1.4114468097686768,-70.84;-143.45;-48.05;153.99,g-/t/g-/p180,10.84;36.55;11.95;26.01,False,3.1618601278270484,CB--B:ILE130:N,2.2548604283930826,"NH2--sym1[1,1,0]/A:TYR131:CZ",0.12016721069812775,NH1--B:HOH53:O:3.37A,26.547504425048828,25.182605743408203,26.839645385742188,1.364898681640625,828.3526054382324,24.26175308227539,2970.25244140625,True,False,False,False
probe4c2_A_soft_synthetic,B_ARG129,17,0.4645809233188629,1.4114468097686768,-70.84;-143.45;-48.05;153.99,g-/t/g-/p180,10.84;36.55;11.95;26.01,False,3.1618601278270484,CB--B:ILE130:N,2.2548604283930826,"NH2--sym1[1,1,0]/A:TYR131:CZ",0.12016721069812775,NH1--B:HOH53:O:3.37A,26.547504425048828,25.182605743408203,26.839645385742188,1.364898681640625,828.3526054382324,24.26175308227539,2970.25244140625,True,False,False,False
probe4c2_A_soft_synthetic,B_ARG129,18,0.4645809829235077,1.4114468097686768,-70.84;-143.45;-48.05;153.99,g-/t/g-/p180,10.84;36.55;11.95;26.01,False,3.1618601278270484,CB--B:ILE130:N,2.2548604283930826,"NH2--sym1[1,1,0]/A:TYR131:CZ",0.12016724795103073,NH1--B:HOH53:O:3.37A,26.547504425048828,25.182605743408203,26.839645385742188,1.364898681640625,828.3526054382324,24.26175308227539,2970.25244140625,True,False,False,False
probe4c2_A_soft_synthetic,B_ARG129,19,0.4645809829235077,1.4114468097686768,-70.84;-143.45;-48.05;153.99,g-/t/g-/p180,10.84;36.55;11.95;26.01,False,3.1618601278270484,CB--B:ILE130:N,2.2548604283930826,"NH2--sym1[1,1,0]/A:TYR131:CZ",0.12016724795103073,NH1--B:HOH53:O:3.37A,26.547504425048828,25.182605743408203,26.839645385742188,1.364898681640625,828.3526054382324,24.26175308227539,2970.25244140625,True,False,False,False
probe4c2_A_soft_synthetic,B_ARG129,20,0.4645809829235077,1.4114468097686768,-70.84;-143.45;-48.05;153.99,g-/t/g-/p180,10.84;36.55;11.95;26.01,False,3.1618601278270484,CB--B:ILE130:N,2.2548604283930826,"NH2--sym1[1,1,0]/A:TYR131:CZ",0.12016724795103073,NH1--B:HOH53:O:3.37A,26.547504425048828,25.182605743408203,26.839645385742188,1.364898681640625,828.3526054382324,24.26175308227539,2970.25244140625,True,False,False,False
probe4c2_A_soft_synthetic,B_ARG129,21,0.4645809233188629,1.4114468097686768,-70.84;-143.45;-48.05;153.99,g-/t/g-/p180,10.84;36.55;11.95;26.01,False,3.1618601278270484,CB--B:ILE130:N,2.2548604283930826,"NH2--sym1[1,1,0]/A:TYR131:CZ",0.12016721069812775,NH1--B:HOH53:O:3.37A,26.547504425048828,25.182605743408203,26.839645385742188,1.364898681640625,828.3526054382324,24.26175308227539,2970.25244140625,True,False,False,False
probe4c2_A_soft_synthetic,B_ARG129,22,0.4645809233188629,1.4114468097686768,-70.84;-143.45;-48.05;153.99,g-/t/g-/p180,10.84;36.55;11.95;26.01,False,3.1618601278270484,CB--B:ILE130:N,2.2548604283930826,"NH2--sym1[1,1,0]/A:TYR131:CZ",0.12016721069812775,NH1--B:HOH53:O:3.37A,26.547504425048828,25.182605743408203,26.839645385742188,1.364898681640625,828.3526054382324,24.26175308227539,2970.25244140625,True,False,False,False
probe4c2_A_soft_synthetic,B_ARG129,23,0.4645809829235077,1.4114468097686768,-70.84;-143.45;-48.05;153.99,g-/t/g-/p180,10.84;36.55;11.95;26.01,False,3.1618601278270484,CB--B:ILE130:N,2.2548604283930826,"NH2--sym1[1,1,0]/A:TYR131:CZ",0.12016724795103073,NH1--B:HOH53:O:3.37A,26.547504425048828,25.182605743408203,26.839645385742188,1.364898681640625,828.3526054382324,24.26175308227539,2970.25244140625,True,False,False,False
probe4c2_A_soft_synthetic,B_ARG129,24,0.4645809233188629,1.4114468097686768,-70.84;-143.45;-48.05;153.99,g-/t/g-/p180,10.84;36.55;11.95;26.01,False,3.1618601278270484,CB--B:ILE130:N,2.2548604283930826,"NH2--sym1[1,1,0]/A:TYR131:CZ",0.12016721069812775,NH1--B:HOH53:O:3.37A,26.547504425048828,25.182605743408203,26.839645385742188,1.364898681640625,828.3526054382324,24.26175308227539,2970.25244140625,True,False,False,False
probe4c2_A_soft_synthetic,B_ARG129,25,0.4645809829235077,1.4114468097686768,-70.84;-143.45;-48.05;153.99,g-/t/g-/p180,10.84;36.55;11.95;26.01,False,3.1618601278270484,CB--B:ILE130:N,2.2548604283930826,"NH2--sym1[1,1,0]/A:TYR131:CZ",0.12016724795103073,NH1--B:HOH53:O:3.37A,26.547504425048828,25.182605743408203,26.839645385742188,1.364898681640625,828.3526054382324,24.26175308227539,2970.25244140625,True,False,False,False
probe4c2_A_soft_synthetic,B_ARG129,26,0.4645809233188629,1.4114468097686768,-70.84;-143.45;-48.05;153.99,g-/t/g-/p180,10.84;36.55;11.95;26.01,False,3.1618601278270484,CB--B:ILE130:N,2.2548604283930826,"NH2--sym1[1,1,0]/A:TYR131:CZ",0.12016721069812775,NH1--B:HOH53:O:3.37A,26.547504425048828,25.182605743408203,26.839645385742188,1.364898681640625,828.3526054382324,24.26175308227539,2970.25244140625,True,False,False,False
probe4c2_A_soft_synthetic,B_ARG129,27,0.4645809233188629,1.4114468097686768,-70.84;-143.45;-48.05;153.99,g-/t/g-/p180,10.84;36.55;11.95;26.01,False,3.1618601278270484,CB--B:ILE130:N,2.2548604283930826,"NH2--sym1[1,1,0]/A:TYR131:CZ",0.12016721069812775,NH1--B:HOH53:O:3.37A,26.547504425048828,25.182605743408203,26.839645385742188,1.364898681640625,828.3526054382324,24.26175308227539,2970.25244140625,True,False,False,False
probe4c2_A_soft_synthetic,B_ARG129,28,0.4645809233188629,1.4114468097686768,-70.84;-143.45;-48.05;153.99,g-/t/g-/p180,10.84;36.55;11.95;26.01,False,3.1618601278270484,CB--B:ILE130:N,2.2548604283930826,"NH2--sym1[1,1,0]/A:TYR131:CZ",0.12016721069812775,NH1--B:HOH53:O:3.37A,26.547504425048828,25.182605743408203,26.839645385742188,1.364898681640625,828.3526054382324,24.26175308227539,2970.25244140625,True,False,False,False
probe4c2_A_soft_synthetic,B_ARG129,29,0.4645809829235077,1.4114468097686768,-70.84;-143.45;-48.05;153.99,g-/t/g-/p180,10.84;36.55;11.95;26.01,False,3.1618601278270484,CB--B:ILE130:N,2.2548604283930826,"NH2--sym1[1,1,0]/A:TYR131:CZ",0.12016724795103073,NH1--B:HOH53:O:3.37A,26.547504425048828,25.182605743408203,26.839645385742188,1.364898681640625,828.3526054382324,24.26175308227539,2970.25244140625,True,False,False,False
probe4c2_A_soft_synthetic,B_ARG129,30,0.4645809233188629,1.4114468097686768,-70.84;-143.45;-48.05;153.99,g-/t/g-/p180,10.84;36.55;11.95;26.01,False,3.1618601278270484,CB--B:ILE130:N,2.2548604283930826,"NH2--sym1[1,1,0]/A:TYR131:CZ",0.12016721069812775,NH1--B:HOH53:O:3.37A,26.547504425048828,25.182605743408203,26.839645385742188,1.364898681640625,828.3526054382324,24.26175308227539,2970.25244140625,True,False,False,False
probe4c2_A_soft_synthetic,B_ARG129,31,0.4645809233188629,1.4114468097686768,-70.84;-143.45;-48.05;153.99,g-/t/g-/p180,10.84;36.55;11.95;26.01,False,3.1618601278270484,CB--B:ILE130:N,2.2548604283930826,"NH2--sym1[1,1,0]/A:TYR131:CZ",0.12016721069812775,NH1--B:HOH53:O:3.37A,26.547504425048828,25.182605743408203,26.839645385742188,1.364898681640625,828.3526054382324,24.26175308227539,2970.25244140625,True,False,False,False
probe4c2_A_soft_synthetic,B_ARG129,32,0.4645809829235077,1.4114468097686768,-70.84;-143.45;-48.05;153.99,g-/t/g-/p180,10.84;36.55;11.95;26.01,False,3.1618601278270484,CB--B:ILE130:N,2.2548604283930826,"NH2--sym1[1,1,0]/A:TYR131:CZ",0.12016724795103073,NH1--B:HOH53:O:3.37A,26.547504425048828,25.182605743408203,26.839645385742188,1.364898681640625,828.3526054382324,24.26175308227539,2970.25244140625,True,False,False,False
probe4c2_A_soft_synthetic,B_ARG129,33,0.4645809233188629,1.4114468097686768,-70.84;-143.45;-48.05;153.99,g-/t/g-/p180,10.84;36.55;11.95;26.01,False,3.1618601278270484,CB--B:ILE130:N,2.2548604283930826,"NH2--sym1[1,1,0]/A:TYR131:CZ",0.12016721069812775,NH1--B:HOH53:O:3.37A,26.547504425048828,25.182605743408203,26.839645385742188,1.364898681640625,828.3526054382324,24.26175308227539,2970.25244140625,True,False,False,False
probe4c2_A_soft_synthetic,B_ARG129,34,0.4645809233188629,1.4114468097686768,-70.84;-143.45;-48.05;153.99,g-/t/g-/p180,10.84;36.55;11.95;26.01,False,3.1618601278270484,CB--B:ILE130:N,2.2548604283930826,"NH2--sym1[1,1,0]/A:TYR131:CZ",0.12016721069812775,NH1--B:HOH53:O:3.37A,26.547504425048828,25.182605743408203,26.839645385742188,1.364898681640625,828.3526054382324,24.26175308227539,2970.25244140625,True,False,False,False
probe4c2_A_soft_synthetic,B_ARG129,35,0.4645809233188629,1.4114468097686768,-70.84;-143.45;-48.05;153.99,g-/t/g-/p180,10.84;36.55;11.95;26.01,False,3.1618601278270484,CB--B:ILE130:N,2.2548604283930826,"NH2--sym1[1,1,0]/A:TYR131:CZ",0.12016721069812775,NH1--B:HOH53:O:3.37A,26.547504425048828,25.182605743408203,26.839645385742188,1.364898681640625,828.3526054382324,24.26175308227539,2970.25244140625,True,False,False,False
probe4c2_A_soft_synthetic,B_ARG129,36,0.4645809829235077,1.4114468097686768,-70.84;-143.45;-48.05;153.99,g-/t/g-/p180,10.84;36.55;11.95;26.01,False,3.1618601278270484,CB--B:ILE130:N,2.2548604283930826,"NH2--sym1[1,1,0]/A:TYR131:CZ",0.12016724795103073,NH1--B:HOH53:O:3.37A,26.547504425048828,25.182605743408203,26.839645385742188,1.364898681640625,828.3526054382324,24.26175308227539,2970.25244140625,True,False,False,False
probe4c2_A_soft_synthetic,B_ARG129,37,0.4645809233188629,1.4114468097686768,-70.84;-143.45;-48.05;153.99,g-/t/g-/p180,10.84;36.55;11.95;26.01,False,3.1618601278270484,CB--B:ILE130:N,2.2548604283930826,"NH2--sym1[1,1,0]/A:TYR131:CZ",0.12016721069812775,NH1--B:HOH53:O:3.37A,26.547504425048828,25.182605743408203,26.839645385742188,1.364898681640625,828.3526054382324,24.26175308227539,2970.25244140625,True,False,False,False
probe4c2_A_soft_synthetic,B_ARG129,38,0.4645809233188629,1.4114468097686768,-70.84;-143.45;-48.05;153.99,g-/t/g-/p180,10.84;36.55;11.95;26.01,False,3.1618601278270484,CB--B:ILE130:N,2.2548604283930826,"NH2--sym1[1,1,0]/A:TYR131:CZ",0.12016721069812775,NH1--B:HOH53:O:3.37A,26.547504425048828,25.182605743408203,26.839645385742188,1.364898681640625,828.3526054382324,24.26175308227539,2970.25244140625,True,False,False,False
probe4c2_A_soft_synthetic,B_ARG129,39,0.4645809829235077,1.4114468097686768,-70.84;-143.45;-48.05;153.99,g-/t/g-/p180,10.84;36.55;11.95;26.01,False,3.1618601278270484,CB--B:ILE130:N,2.2548604283930826,"NH2--sym1[1,1,0]/A:TYR131:CZ",0.12016724795103073,NH1--B:HOH53:O:3.37A,26.547504425048828,25.182605743408203,26.839645385742188,1.364898681640625,828.3526054382324,24.26175308227539,2970.25244140625,True,False,False,False
probe4c2_A_soft_synthetic,B_ARG129,40,0.4645809829235077,1.4114468097686768,-70.84;-143.45;-48.05;153.99,g-/t/g-/p180,10.84;36.55;11.95;26.01,False,3.1618601278270484,CB--B:ILE130:N,2.2548604283930826,"NH2--sym1[1,1,0]/A:TYR131:CZ",0.12016724795103073,NH1--B:HOH53:O:3.37A,26.547504425048828,25.182605743408203,26.839645385742188,1.364898681640625,828.3526054382324,24.26175308227539,2970.25244140625,True,False,False,False
probe4c2_A_soft_synthetic,B_ARG129,41,0.4645809829235077,1.4114468097686768,-70.84;-143.45;-48.05;153.99,g-/t/g-/p180,10.84;36.55;11.95;26.01,False,3.1618601278270484,CB--B:ILE130:N,2.2548604283930826,"NH2--sym1[1,1,0]/A:TYR131:CZ",0.12016724795103073,NH1--B:HOH53:O:3.37A,26.547504425048828,25.182605743408203,26.839645385742188,1.364898681640625,828.3526054382324,24.26175308227539,2970.25244140625,True,False,False,False
probe4c2_A_soft_synthetic,B_ARG129,42,0.4645809233188629,1.4114468097686768,-70.84;-143.45;-48.05;153.99,g-/t/g-/p180,10.84;36.55;11.95;26.01,False,3.1618601278270484,CB--B:ILE130:N,2.2548604283930826,"NH2--sym1[1,1,0]/A:TYR131:CZ",0.12016721069812775,NH1--B:HOH53:O:3.37A,26.547504425048828,25.182605743408203,26.839645385742188,1.364898681640625,828.3526054382324,24.26175308227539,2970.25244140625,True,False,False,False
probe4c2_A_soft_synthetic,B_ARG129,43,0.4645809233188629,1.4114468097686768,-70.84;-143.45;-48.05;153.99,g-/t/g-/p180,10.84;36.55;11.95;26.01,False,3.1618601278270484,CB--B:ILE130:N,2.2548604283930826,"NH2--sym1[1,1,0]/A:TYR131:CZ",0.12016721069812775,NH1--B:HOH53:O:3.37A,26.547504425048828,25.182605743408203,26.839645385742188,1.364898681640625,828.3526054382324,24.26175308227539,2970.25244140625,True,False,False,False
probe4c2_A_soft_synthetic,B_ARG129,44,0.4645809233188629,1.4114468097686768,-70.84;-143.45;-48.05;153.99,g-/t/g-/p180,10.84;36.55;11.95;26.01,False,3.1618601278270484,CB--B:ILE130:N,2.2548604283930826,"NH2--sym1[1,1,0]/A:TYR131:CZ",0.12016721069812775,NH1--B:HOH53:O:3.37A,26.547504425048828,25.182605743408203,26.839645385742188,1.364898681640625,828.3526054382324,24.26175308227539,2970.25244140625,True,False,False,False
probe4c2_A_soft_synthetic,B_ARG129,45,0.4645809829235077,1.4114468097686768,-70.84;-143.45;-48.05;153.99,g-/t/g-/p180,10.84;36.55;11.95;26.01,False,3.1618601278270484,CB--B:ILE130:N,2.2548604283930826,"NH2--sym1[1,1,0]/A:TYR131:CZ",0.12016724795103073,NH1--B:HOH53:O:3.37A,26.547504425048828,25.182605743408203,26.839645385742188,1.364898681640625,828.3526054382324,24.26175308227539,2970.25244140625,True,False,False,False
probe4c2_A_soft_synthetic,B_ARG129,46,0.4645809233188629,1.4114468097686768,-70.84;-143.45;-48.05;153.99,g-/t/g-/p180,10.84;36.55;11.95;26.01,False,3.1618601278270484,CB--B:ILE130:N,2.2548604283930826,"NH2--sym1[1,1,0]/A:TYR131:CZ",0.12016721069812775,NH1--B:HOH53:O:3.37A,26.547504425048828,25.182605743408203,26.839645385742188,1.364898681640625,828.3526054382324,24.26175308227539,2970.25244140625,True,False,False,False
probe4c2_A_soft_synthetic,B_ARG129,47,0.4645809829235077,1.4114468097686768,-70.84;-143.45;-48.05;153.99,g-/t/g-/p180,10.84;36.55;11.95;26.01,False,3.1618601278270484,CB--B:ILE130:N,2.2548604283930826,"NH2--sym1[1,1,0]/A:TYR131:CZ",0.12016724795103073,NH1--B:HOH53:O:3.37A,26.547504425048828,25.182605743408203,26.839645385742188,1.364898681640625,828.3526054382324,24.26175308227539,2970.25244140625,True,False,False,False
probe4c2_A_soft_synthetic,B_ARG129,48,0.4645809233188629,1.4114468097686768,-70.84;-143.45;-48.05;153.99,g-/t/g-/p180,10.84;36.55;11.95;26.01,False,3.1618601278270484,CB--B:ILE130:N,2.2548604283930826,"NH2--sym1[1,1,0]/A:TYR131:CZ",0.12016721069812775,NH1--B:HOH53:O:3.37A,26.547504425048828,25.182605743408203,26.839645385742188,1.364898681640625,828.3526054382324,24.26175308227539,2970.25244140625,True,False,False,False
probe4c2_A_soft_synthetic,B_ARG129,49,0.4645809233188629,1.4114468097686768,-70.84;-143.45;-48.05;153.99,g-/t/g-/p180,10.84;36.55;11.95;26.01,False,3.1618601278270484,CB--B:ILE130:N,2.2548604283930826,"NH2--sym1[1,1,0]/A:TYR131:CZ",0.12016721069812775,NH1--B:HOH53:O:3.37A,26.547504425048828,25.182605743408203,26.839645385742188,1.364898681640625,828.3526054382324,24.26175308227539,2970.25244140625,True,False,False,False
probe4c2_B_soft_localized,B_ARG129,0,0.6395730972290039,1.3136743307113647,-77.73;-140.71;-44.88;148.33,g-/t/g-/p180,17.73;39.29;15.12;31.67,False,3.1618601278270484,CB--B:ILE130:N,1.86487722512671,"NH2--sym1[1,1,0]/A:TYR131:CZ",0.13686339557170868,,27.622669219970703,25.182605743408203,26.839645385742188,2.4400634765625,828.3526054382324,24.26175308227539,2970.25244140625,False,False,False,False
probe4c2_B_soft_localized,B_ARG129,1,0.6395226716995239,1.313702940940857,-77.73;-140.71;-44.88;148.33,g-/t/g-/p180,17.73;39.29;15.12;31.67,False,3.1618601278270484,CB--B:ILE130:N,1.8650159947077471,"NH2--sym1[1,1,0]/A:TYR131:CZ",0.13684117794036865,,27.622669219970703,25.182605743408203,26.839645385742188,2.4400634765625,828.3526054382324,24.26175308227539,2970.25244140625,False,False,False,False
probe4c2_B_soft_localized,B_ARG129,2,0.6395384073257446,1.3136967420578003,-77.73;-140.71;-44.88;148.33,g-/t/g-/p180,17.73;39.29;15.12;31.67,False,3.1618601278270484,CB--B:ILE130:N,1.8649661790449508,"NH2--sym1[1,1,0]/A:TYR131:CZ",0.13684849441051483,,27.622669219970703,25.182605743408203,26.839645385742188,2.4400634765625,828.3526054382324,24.26175308227539,2970.25244140625,False,False,False,False
probe4c2_B_soft_localized,B_ARG129,3,0.6395533084869385,1.3136876821517944,-77.73;-140.71;-44.88;148.33,g-/t/g-/p180,17.73;39.29;15.12;31.67,False,3.1618601278270484,CB--B:ILE130:N,1.8649184824830785,"NH2--sym1[1,1,0]/A:TYR131:CZ",0.13685767352581024,,27.622669219970703,25.182605743408203,26.839645385742188,2.4400634765625,828.3526054382324,24.26175308227539,2970.25244140625,False,False,False,False
probe4c2_B_soft_localized,B_ARG129,4,0.6395707130432129,1.3136823177337646,-77.74;-140.71;-44.88;148.33,g-/t/g-/p180,17.74;39.29;15.12;31.67,False,3.1618601278270484,CB--B:ILE130:N,1.8648968161547546,"NH2--sym1[1,1,0]/A:TYR131:CZ",0.13685698807239532,,27.622669219970703,25.182605743408203,26.839645385742188,2.4400634765625,828.3526054382324,24.26175308227539,2970.25244140625,False,False,False,False
probe4c2_B_soft_localized,B_ARG129,5,0.6395518183708191,1.3136918544769287,-77.73;-140.71;-44.88;148.33,g-/t/g-/p-180,17.73;39.29;15.12;31.67,False,3.1618601278270484,CB--B:ILE130:N,1.8649469631458546,"NH2--sym1[1,1,0]/A:TYR131:CZ",0.13685311377048492,,27.622669219970703,25.182605743408203,26.839645385742188,2.4400634765625,828.3526054382324,24.26175308227539,2970.25244140625,False,False,False,False
probe4c2_B_soft_localized,B_ARG129,6,0.6395885944366455,1.3136661052703857,-77.74;-140.71;-44.88;148.33,g-/t/g-/p180,17.74;39.29;15.12;31.67,False,3.1618601278270484,CB--B:ILE130:N,1.8648104311201807,"NH2--sym1[1,1,0]/A:TYR131:CZ",0.13687066733837128,,27.622669219970703,25.182605743408203,26.839645385742188,2.4400634765625,828.3526054382324,24.26175308227539,2970.25244140625,False,False,False,False
probe4c2_B_soft_localized,B_ARG129,7,0.6395902037620544,1.3136632442474365,-77.74;-140.71;-44.88;148.33,g-/t/g-/p180,17.74;39.29;15.12;31.67,False,3.1618601278270484,CB--B:ILE130:N,1.864808118750197,"NH2--sym1[1,1,0]/A:TYR131:CZ",0.13687226176261902,,27.623291015625,25.182605743408203,26.839645385742188,2.440685272216797,828.3526054382324,24.26175308227539,2970.25244140625,False,False,False,False
probe4c2_B_soft_localized,B_ARG129,8,0.6395272612571716,1.3136913776397705,-77.73;-140.71;-44.88;148.33,g-/t/g-/p180,17.73;39.29;15.12;31.67,False,3.1618601278270484,CB--B:ILE130:N,1.8650055435728097,"NH2--sym1[1,1,0]/A:TYR131:CZ",0.1368480920791626,,27.622669219970703,25.182605743408203,26.839645385742188,2.4400634765625,828.3526054382324,24.26175308227539,2970.25244140625,False,False,False,False
probe4c2_B_soft_localized,B_ARG129,9,0.6395388245582581,1.3137010335922241,-77.73;-140.71;-44.88;148.33,g-/t/g-/p-180,17.73;39.29;15.12;31.67,False,3.1618601278270484,CB--B:ILE130:N,1.8649652606630283,"NH2--sym1[1,1,0]/A:TYR131:CZ",0.13685013353824615,,27.622669219970703,25.182605743408203,26.839645385742188,2.4400634765625,828.3526054382324,24.26175308227539,2970.25244140625,False,False,False,False
probe4c2_B_soft_localized,B_ARG129,10,0.6395265460014343,1.3136957883834839,-77.73;-140.71;-44.88;148.33,g-/t/g-/p180,17.73;39.29;15.12;31.67,False,3.1618601278270484,CB--B:ILE130:N,1.8650145012192656,"NH2--sym1[1,1,0]/A:TYR131:CZ",0.13684645295143127,,27.622669219970703,25.182605743408203,26.839645385742188,2.4400634765625,828.3526054382324,24.26175308227539,2970.25244140625,False,False,False,False
probe4c2_B_soft_localized,B_ARG129,11,0.639524519443512,1.3137034177780151,-77.73;-140.71;-44.88;148.33,g-/t/g-/p180,17.73;39.29;15.12;31.67,False,3.1618601278270484,CB--B:ILE130:N,1.8650152821086732,"NH2--sym1[1,1,0]/A:TYR131:CZ",0.13684271275997162,,27.622669219970703,25.182605743408203,26.839645385742188,2.4400634765625,828.3526054382324,24.26175308227539,2970.25244140625,False,False,False,False
probe4c2_B_soft_localized,B_ARG129,12,0.6395019292831421,1.3137117624282837,-77.73;-140.71;-44.88;148.33,g-/t/g-/p180,17.73;39.29;15.12;31.67,False,3.1618601278270484,CB--B:ILE130:N,1.8651032306024542,"NH2--sym1[1,1,0]/A:TYR131:CZ",0.13683417439460754,,27.622669219970703,25.182605743408203,26.839645385742188,2.4400634765625,828.3526054382324,24.26175308227539,2970.25244140625,False,False,False,False
probe4c2_B_soft_localized,B_ARG129,13,0.6395910382270813,1.313660979270935,-77.74;-140.71;-44.88;148.33,g-/t/g-/p180,17.74;39.29;15.12;31.67,False,3.1618601278270484,CB--B:ILE130:N,1.8648140513552542,"NH2--sym1[1,1,0]/A:TYR131:CZ",0.13687355816364288,,27.623291015625,25.182605743408203,26.839645385742188,2.440685272216797,828.3526054382324,24.26175308227539,2970.25244140625,False,False,False,False
probe4c2_B_soft_localized,B_ARG129,14,0.6395505666732788,1.3136876821517944,-77.73;-140.71;-44.88;148.33,g-/t/g-/p180,17.73;39.29;15.12;31.67,False,3.1618601278270484,CB--B:ILE130:N,1.864940017896607,"NH2--sym1[1,1,0]/A:TYR131:CZ",0.1368531882762909,,27.622669219970703,25.182605743408203,26.839645385742188,2.4400634765625,828.3526054382324,24.26175308227539,2970.25244140625,False,False,False,False
probe4c2_B_soft_localized,B_ARG129,15,0.6395764946937561,1.3136729001998901,-77.74;-140.71;-44.88;148.33,g-/t/g-/p180,17.74;39.29;15.12;31.67,False,3.1618601278270484,CB--B:ILE130:N,1.8648363669804626,"NH2--sym1[1,1,0]/A:TYR131:CZ",0.1368625909090042,,27.622669219970703,25.182605743408203,26.839645385742188,2.4400634765625,828.3526054382324,24.26175308227539,2970.25244140625,False,False,False,False
probe4c2_B_soft_localized,B_ARG129,16,0.639589786529541,1.3136588335037231,-77.73;-140.71;-44.88;148.33,g-/t/g-/p180,17.73;39.29;15.12;31.67,False,3.1618601278270484,CB--B:ILE130:N,1.8648115080055776,"NH2--sym1[1,1,0]/A:TYR131:CZ",0.13687467575073242,,27.623291015625,25.182605743408203,26.839645385742188,2.440685272216797,828.3526054382324,24.26175308227539,2970.25244140625,False,False,False,False
probe4c2_B_soft_localized,B_ARG129,17,0.6395296454429626,1.3137086629867554,-77.74;-140.71;-44.88;148.33,g-/t/g-/p-180,17.74;39.29;15.12;31.67,False,3.1618601278270484,CB--B:ILE130:N,1.8649944554717686,"NH2--sym1[1,1,0]/A:TYR131:CZ",0.13684198260307312,,27.62201690673828,25.182605743408203,26.839645385742188,2.439411163330078,828.3526054382324,24.26175308227539,2970.25244140625,False,False,False,False
probe4c2_B_soft_localized,B_ARG129,18,0.6395235657691956,1.3136993646621704,-77.73;-140.71;-44.88;148.33,g-/t/g-/p180,17.73;39.29;15.12;31.67,False,3.1618601278270484,CB--B:ILE130:N,1.8650252155573386,"NH2--sym1[1,1,0]/A:TYR131:CZ",0.13684363663196564,,27.622669219970703,25.182605743408203,26.839645385742188,2.4400634765625,828.3526054382324,24.26175308227539,2970.25244140625,False,False,False,False
probe4c2_B_soft_localized,B_ARG129,19,0.6395540237426758,1.3136943578720093,-77.74;-140.71;-44.88;148.33,g-/t/g-/p180,17.74;39.29;15.12;31.67,False,3.1618601278270484,CB--B:ILE130:N,1.864941587463086,"NH2--sym1[1,1,0]/A:TYR131:CZ",0.13685183227062225,,27.622669219970703,25.182605743408203,26.839645385742188,2.4400634765625,828.3526054382324,24.26175308227539,2970.25244140625,False,False,False,False
probe4c2_B_soft_localized,B_ARG129,20,0.639524519443512,1.3137038946151733,-77.73;-140.71;-44.88;148.33,g-/t/g-/p180,17.73;39.29;15.12;31.67,False,3.1618601278270484,CB--B:ILE130:N,1.8650114376139506,"NH2--sym1[1,1,0]/A:TYR131:CZ",0.13684344291687012,,27.622669219970703,25.182605743408203,26.839645385742188,2.4400634765625,828.3526054382324,24.26175308227539,2970.25244140625,False,False,False,False
probe4c2_B_soft_localized,B_ARG129,21,0.6395676732063293,1.3136783838272095,-77.73;-140.71;-44.88;148.33,g-/t/g-/p180,17.73;39.29;15.12;31.67,False,3.1618601278270484,CB--B:ILE130:N,1.8648760244420224,"NH2--sym1[1,1,0]/A:TYR131:CZ",0.13686296343803406,,27.622669219970703,25.182605743408203,26.839645385742188,2.4400634765625,828.3526054382324,24.26175308227539,2970.25244140625,False,False,False,False
probe4c2_B_soft_localized,B_ARG129,22,0.6395863890647888,1.3136628866195679,-77.73;-140.71;-44.88;148.33,g-/t/g-/p-180,17.73;39.29;15.12;31.67,False,3.1618601278270484,CB--B:ILE130:N,1.86481481402812,"NH2--sym1[1,1,0]/A:TYR131:CZ",0.13687404990196228,,27.623291015625,25.182605743408203,26.839645385742188,2.440685272216797,828.3526054382324,24.26175308227539,2970.25244140625,False,False,False,False
probe4c2_B_soft_localized,B_ARG129,23,0.6395539045333862,1.3136919736862183,-77.74;-140.71;-44.88;148.33,g-/t/g-/p-180,17.74;39.29;15.12;31.67,False,3.1618601278270484,CB--B:ILE130:N,1.8649298287593095,"NH2--sym1[1,1,0]/A:TYR131:CZ",0.13685517013072968,,27.622669219970703,25.182605743408203,26.839645385742188,2.4400634765625,828.3526054382324,24.26175308227539,2970.25244140625,False,False,False,False
probe4c2_B_soft_localized,B_ARG129,24,0.639538586139679,1.3136966228485107,-77.73;-140.71;-44.88;148.33,g-/t/g-/p180,17.73;39.29;15.12;31.67,False,3.1618601278270484,CB--B:ILE130:N,1.8649661790449508,"NH2--sym1[1,1,0]/A:TYR131:CZ",0.13685056567192078,,27.622669219970703,25.182605743408203,26.839645385742188,2.4400634765625,828.3526054382324,24.26175308227539,2970.25244140625,False,False,False,False
probe4c2_B_soft_localized,B_ARG129,25,0.6395281553268433,1.3137110471725464,-77.74;-140.71;-44.88;148.33,g-/t/g-/p180,17.74;39.29;15.12;31.67,False,3.1618601278270484,CB--B:ILE130:N,1.864995830812509,"NH2--sym1[1,1,0]/A:TYR131:CZ",0.13684365153312683,,27.62201690673828,25.182605743408203,26.839645385742188,2.439411163330078,828.3526054382324,24.26175308227539,2970.25244140625,False,False,False,False
probe4c2_B_soft_localized,B_ARG129,26,0.639542281627655,1.3137019872665405,-77.74;-140.71;-44.88;148.33,g-/t/g-/p-180,17.74;39.29;15.12;31.67,False,3.1618601278270484,CB--B:ILE130:N,1.8649702749232413,"NH2--sym1[1,1,0]/A:TYR131:CZ",0.13684658706188202,,27.622669219970703,25.182605743408203,26.839645385742188,2.4400634765625,828.3526054382324,24.26175308227539,2970.25244140625,False,False,False,False
probe4c2_B_soft_localized,B_ARG129,27,0.6395612359046936,1.3136802911758423,-77.73;-140.71;-44.88;148.33,g-/t/g-/p180,17.73;39.29;15.12;31.67,False,3.1618601278270484,CB--B:ILE130:N,1.8649005671084256,"NH2--sym1[1,1,0]/A:TYR131:CZ",0.13686135411262512,,27.622669219970703,25.182605743408203,26.839645385742188,2.4400634765625,828.3526054382324,24.26175308227539,2970.25244140625,False,False,False,False
probe4c2_B_soft_localized,B_ARG129,28,0.6395350694656372,1.3136955499649048,-77.73;-140.71;-44.88;148.33,g-/t/g-/p180,17.73;39.29;15.12;31.67,False,3.1618601278270484,CB--B:ILE130:N,1.8649754495755355,"NH2--sym1[1,1,0]/A:TYR131:CZ",0.13685190677642822,,27.622669219970703,25.182605743408203,26.839645385742188,2.4400634765625,828.3526054382324,24.26175308227539,2970.25244140625,False,False,False,False
probe4c2_B_soft_localized,B_ARG129,29,0.6395828127861023,1.3136610984802246,-77.73;-140.71;-44.88;148.33,g-/t/g-/p180,17.73;39.29;15.12;31.67,False,3.1618601278270484,CB--B:ILE130:N,1.864817822047805,"NH2--sym1[1,1,0]/A:TYR131:CZ",0.13687357306480408,,27.623291015625,25.182605743408203,26.839645385742188,2.440685272216797,828.3526054382324,24.26175308227539,2970.25244140625,False,False,False,False
probe4c2_B_soft_localized,B_ARG129,30,0.6395905613899231,1.3136646747589111,-77.74;-140.71;-44.88;148.33,g-/t/g-/p180,17.74;39.29;15.12;31.67,False,3.1618601278270484,CB--B:ILE130:N,1.8647962036128745,"NH2--sym1[1,1,0]/A:TYR131:CZ",0.1368725746870041,,27.623291015625,25.182605743408203,26.839645385742188,2.440685272216797,828.3526054382324,24.26175308227539,2970.25244140625,False,False,False,False
probe4c2_B_soft_localized,B_ARG129,31,0.639560341835022,1.313681721687317,-77.73;-140.71;-44.88;148.33,g-/t/g-/p180,17.73;39.29;15.12;31.67,False,3.1618601278270484,CB--B:ILE130:N,1.8648926713219942,"NH2--sym1[1,1,0]/A:TYR131:CZ",0.1368604451417923,,27.622669219970703,25.182605743408203,26.839645385742188,2.4400634765625,828.3526054382324,24.26175308227539,2970.25244140625,False,False,False,False
probe4c2_B_soft_localized,B_ARG129,32,0.6395121216773987,1.3137134313583374,-77.73;-140.71;-44.89;148.33,g-/t/g-/p180,17.73;39.29;15.11;31.67,False,3.1618601278270484,CB--B:ILE130:N,1.8650619354968618,"NH2--sym1[1,1,0]/A:TYR131:CZ",0.13683652877807617,,27.622669219970703,25.182605743408203,26.839645385742188,2.4400634765625,828.3526054382324,24.26175308227539,2970.25244140625,False,False,False,False
probe4c2_B_soft_localized,B_ARG129,33,0.6395368576049805,1.313696265220642,-77.73;-140.71;-44.88;148.33,g-/t/g-/p180,17.73;39.29;15.12;31.67,False,3.1618601278270484,CB--B:ILE130:N,1.8649729305001854,"NH2--sym1[1,1,0]/A:TYR131:CZ",0.1368512064218521,,27.622669219970703,25.182605743408203,26.839645385742188,2.4400634765625,828.3526054382324,24.26175308227539,2970.25244140625,False,False,False,False
probe4c2_B_soft_localized,B_ARG129,34,0.6395188570022583,1.3137012720108032,-77.73;-140.71;-44.88;148.33,g-/t/g-/p180,17.73;39.29;15.12;31.67,False,3.1618601278270484,CB--B:ILE130:N,1.8650574654887893,"NH2--sym1[1,1,0]/A:TYR131:CZ",0.13684014976024628,,27.622669219970703,25.182605743408203,26.839645385742188,2.4400634765625,828.3526054382324,24.26175308227539,2970.25244140625,False,False,False,False
probe4c2_B_soft_localized,B_ARG129,35,0.6395418047904968,1.3136953115463257,-77.73;-140.71;-44.88;148.33,g-/t/g-/p180,17.73;39.29;15.12;31.67,False,3.1618601278270484,CB--B:ILE130:N,1.8649643726207434,"NH2--sym1[1,1,0]/A:TYR131:CZ",0.1368493139743805,,27.622669219970703,25.182605743408203,26.839645385742188,2.4400634765625,828.3526054382324,24.26175308227539,2970.25244140625,False,False,False,False
probe4c2_B_soft_localized,B_ARG129,36,0.6395581960678101,1.313682198524475,-77.73;-140.71;-44.88;148.33,g-/t/g-/p180,17.73;39.29;15.12;31.67,False,3.1618601278270484,CB--B:ILE130:N,1.8648953471916256,"NH2--sym1[1,1,0]/A:TYR131:CZ",0.13686060905456543,,27.622669219970703,25.182605743408203,26.839645385742188,2.4400634765625,828.3526054382324,24.26175308227539,2970.25244140625,False,False,False,False
probe4c2_B_soft_localized,B_ARG129,37,0.6395828723907471,1.3136683702468872,-77.74;-140.71;-44.88;148.33,g-/t/g-/p180,17.74;39.29;15.12;31.67,False,3.1618601278270484,CB--B:ILE130:N,1.8648270779204523,"NH2--sym1[1,1,0]/A:TYR131:CZ",0.1368701159954071,,27.622669219970703,25.182605743408203,26.839645385742188,2.4400634765625,828.3526054382324,24.26175308227539,2970.25244140625,False,False,False,False
probe4c2_B_soft_localized,B_ARG129,38,0.6395806670188904,1.3136663436889648,-77.73;-140.71;-44.88;148.33,g-/t/g-/p180,17.73;39.29;15.12;31.67,False,3.1618601278270484,CB--B:ILE130:N,1.864816065363599,"NH2--sym1[1,1,0]/A:TYR131:CZ",0.13687218725681305,,27.623291015625,25.182605743408203,26.839645385742188,2.440685272216797,828.3526054382324,24.26175308227539,2970.25244140625,False,False,False,False
probe4c2_B_soft_localized,B_ARG129,39,0.6395596265792847,1.313685655593872,-77.73;-140.71;-44.88;148.33,g-/t/g-/p-180,17.73;39.29;15.12;31.67,False,3.1618601278270484,CB--B:ILE130:N,1.8649026731541376,"NH2--sym1[1,1,0]/A:TYR131:CZ",0.13685984909534454,,27.622669219970703,25.182605743408203,26.839645385742188,2.4400634765625,828.3526054382324,24.26175308227539,2970.25244140625,False,False,False,False
probe4c2_B_soft_localized,B_ARG129,40,0.6395150423049927,1.3137071132659912,-77.73;-140.71;-44.88;148.33,g-/t/g-/p-180,17.73;39.29;15.12;31.67,False,3.1618601278270484,CB--B:ILE130:N,1.8650615348664423,"NH2--sym1[1,1,0]/A:TYR131:CZ",0.13683781027793884,,27.622669219970703,25.182605743408203,26.839645385742188,2.4400634765625,828.3526054382324,24.26175308227539,2970.25244140625,False,False,False,False
probe4c2_B_soft_localized,B_ARG129,41,0.6395215392112732,1.313713550567627,-77.73;-140.71;-44.89;148.33,g-/t/g-/p180,17.73;39.29;15.11;31.67,False,3.1618601278270484,CB--B:ILE130:N,1.8650327377684495,"NH2--sym1[1,1,0]/A:TYR131:CZ",0.13683900237083435,,27.622669219970703,25.182605743408203,26.839645385742188,2.4400634765625,828.3526054382324,24.26175308227539,2970.25244140625,False,False,False,False
probe4c2_B_soft_localized,B_ARG129,42,0.6395150423049927,1.313706874847412,-77.73;-140.71;-44.88;148.33,g-/t/g-/p180,17.73;39.29;15.12;31.67,False,3.1618601278270484,CB--B:ILE130:N,1.8650622474575973,"NH2--sym1[1,1,0]/A:TYR131:CZ",0.13683907687664032,,27.622669219970703,25.182605743408203,26.839645385742188,2.4400634765625,828.3526054382324,24.26175308227539,2970.25244140625,False,False,False,False
probe4c2_B_soft_localized,B_ARG129,43,0.6395870447158813,1.31365966796875,-77.73;-140.71;-44.88;148.33,g-/t/g-/p180,17.73;39.29;15.12;31.67,False,3.1618601278270484,CB--B:ILE130:N,1.8647918869499056,"NH2--sym1[1,1,0]/A:TYR131:CZ",0.1368764191865921,,27.623291015625,25.182605743408203,26.839645385742188,2.440685272216797,828.3526054382324,24.26175308227539,2970.25244140625,False,False,False,False
probe4c2_B_soft_localized,B_ARG129,44,0.6395624876022339,1.3136820793151855,-77.73;-140.71;-44.88;148.33,g-/t/g-/p-180,17.73;39.29;15.12;31.67,False,3.1618601278270484,CB--B:ILE130:N,1.8648930026680748,"NH2--sym1[1,1,0]/A:TYR131:CZ",0.13686147332191467,,27.622669219970703,25.182605743408203,26.839645385742188,2.4400634765625,828.3526054382324,24.26175308227539,2970.25244140625,False,False,False,False
probe4c2_B_soft_localized,B_ARG129,45,0.6395914554595947,1.3136622905731201,-77.74;-140.71;-44.88;148.33,g-/t/g-/p180,17.74;39.29;15.12;31.67,False,3.1618601278270484,CB--B:ILE130:N,1.8648018048409385,"NH2--sym1[1,1,0]/A:TYR131:CZ",0.1368757039308548,,27.623291015625,25.182605743408203,26.839645385742188,2.440685272216797,828.3526054382324,24.26175308227539,2970.25244140625,False,False,False,False
probe4c2_B_soft_localized,B_ARG129,46,0.6395555138587952,1.313684344291687,-77.73;-140.71;-44.88;148.33,g-/t/g-/p180,17.73;39.29;15.12;31.67,False,3.1618601278270484,CB--B:ILE130:N,1.8649188138284745,"NH2--sym1[1,1,0]/A:TYR131:CZ",0.13685616850852966,,27.622669219970703,25.182605743408203,26.839645385742188,2.4400634765625,828.3526054382324,24.26175308227539,2970.25244140625,False,False,False,False
probe4c2_B_soft_localized,B_ARG129,47,0.6395347714424133,1.3137003183364868,-77.73;-140.71;-44.88;148.33,g-/t/g-/p180,17.73;39.29;15.12;31.67,False,3.1618601278270484,CB--B:ILE130:N,1.8649652606630283,"NH2--sym1[1,1,0]/A:TYR131:CZ",0.1368483155965805,,27.622669219970703,25.182605743408203,26.839645385742188,2.4400634765625,828.3526054382324,24.26175308227539,2970.25244140625,False,False,False,False
probe4c2_B_soft_localized,B_ARG129,48,0.6395639181137085,1.31368088722229,-77.73;-140.71;-44.88;148.33,g-/t/g-/p180,17.73;39.29;15.12;31.67,False,3.1618601278270484,CB--B:ILE130:N,1.8648930026680748,"NH2--sym1[1,1,0]/A:TYR131:CZ",0.13685956597328186,,27.622669219970703,25.182605743408203,26.839645385742188,2.4400634765625,828.3526054382324,24.26175308227539,2970.25244140625,False,False,False,False
probe4c2_B_soft_localized,B_ARG129,49,0.6395384073257446,1.3137038946151733,-77.74;-140.71;-44.88;148.33,g-/t/g-/p180,17.74;39.29;15.12;31.67,False,3.1618601278270484,CB--B:ILE130:N,1.8649841216628225,"NH2--sym1[1,1,0]/A:TYR131:CZ",0.13684318959712982,,27.622669219970703,25.182605743408203,26.839645385742188,2.4400634765625,828.3526054382324,24.26175308227539,2970.25244140625,False,False,False,False
probe4c2_C_soft_realspace,B_ARG129,0,0.6446692943572998,1.360895037651062,-72.07;-138.52;-55.06;131.74,g-/t/g-/p180,12.07;41.48;4.94;48.26,False,3.1618601278270484,CB--B:ILE130:N,2.0553844447813154,"NH2--sym1[1,1,0]/A:TYR131:CZ",0.11912037432193756,NE--B:HOH53:O:3.46A,27.3863525390625,25.182605743408203,26.839645385742188,2.203746795654297,828.3526054382324,24.26175308227539,2970.25244140625,True,False,False,False
probe4c2_C_soft_realspace,B_ARG129,1,0.6446693539619446,1.360894799232483,-72.07;-138.52;-55.06;131.74,g-/t/g-/p180,12.07;41.48;4.94;48.26,False,3.1618601278270484,CB--B:ILE130:N,2.0553844447813154,"NH2--sym1[1,1,0]/A:TYR131:CZ",0.11912037432193756,NE--B:HOH53:O:3.46A,27.3863525390625,25.182605743408203,26.839645385742188,2.203746795654297,828.3526054382324,24.26175308227539,2970.25244140625,True,False,False,False
probe4c2_C_soft_realspace,B_ARG129,2,0.6446693539619446,1.360894799232483,-72.07;-138.52;-55.06;131.74,g-/t/g-/p180,12.07;41.48;4.94;48.26,False,3.1618601278270484,CB--B:ILE130:N,2.0553844447813154,"NH2--sym1[1,1,0]/A:TYR131:CZ",0.11912037432193756,NE--B:HOH53:O:3.46A,27.3863525390625,25.182605743408203,26.839645385742188,2.203746795654297,828.3526054382324,24.26175308227539,2970.25244140625,True,False,False,False
probe4c2_C_soft_realspace,B_ARG129,3,0.6446693539619446,1.360894799232483,-72.07;-138.52;-55.06;131.74,g-/t/g-/p180,12.07;41.48;4.94;48.26,False,3.1618601278270484,CB--B:ILE130:N,2.0553844447813154,"NH2--sym1[1,1,0]/A:TYR131:CZ",0.11912037432193756,NE--B:HOH53:O:3.46A,27.3863525390625,25.182605743408203,26.839645385742188,2.203746795654297,828.3526054382324,24.26175308227539,2970.25244140625,True,False,False,False
probe4c2_C_soft_realspace,B_ARG129,4,0.6446693539619446,1.360894799232483,-72.07;-138.52;-55.06;131.74,g-/t/g-/p180,12.07;41.48;4.94;48.26,False,3.1618601278270484,CB--B:ILE130:N,2.0553844447813154,"NH2--sym1[1,1,0]/A:TYR131:CZ",0.11912037432193756,NE--B:HOH53:O:3.46A,27.3863525390625,25.182605743408203,26.839645385742188,2.203746795654297,828.3526054382324,24.26175308227539,2970.25244140625,True,False,False,False
probe4c2_C_soft_realspace,B_ARG129,5,0.6446692943572998,1.360895037651062,-72.07;-138.52;-55.06;131.74,g-/t/g-/p180,12.07;41.48;4.94;48.26,False,3.1618601278270484,CB--B:ILE130:N,2.0553844447813154,"NH2--sym1[1,1,0]/A:TYR131:CZ",0.11912037432193756,NE--B:HOH53:O:3.46A,27.3863525390625,25.182605743408203,26.839645385742188,2.203746795654297,828.3526054382324,24.26175308227539,2970.25244140625,True,False,False,False
probe4c2_C_soft_realspace,B_ARG129,6,0.6446692943572998,1.360895037651062,-72.07;-138.52;-55.06;131.74,g-/t/g-/p180,12.07;41.48;4.94;48.26,False,3.1618601278270484,CB--B:ILE130:N,2.0553844447813154,"NH2--sym1[1,1,0]/A:TYR131:CZ",0.11912037432193756,NE--B:HOH53:O:3.46A,27.3863525390625,25.182605743408203,26.839645385742188,2.203746795654297,828.3526054382324,24.26175308227539,2970.25244140625,True,False,False,False
probe4c2_C_soft_realspace,B_ARG129,7,0.6446692943572998,1.360895037651062,-72.07;-138.52;-55.06;131.74,g-/t/g-/p180,12.07;41.48;4.94;48.26,False,3.1618601278270484,CB--B:ILE130:N,2.0553844447813154,"NH2--sym1[1,1,0]/A:TYR131:CZ",0.11912037432193756,NE--B:HOH53:O:3.46A,27.3863525390625,25.182605743408203,26.839645385742188,2.203746795654297,828.3526054382324,24.26175308227539,2970.25244140625,True,False,False,False
probe4c2_C_soft_realspace,B_ARG129,8,0.6446693539619446,1.360894799232483,-72.07;-138.52;-55.06;131.74,g-/t/g-/p180,12.07;41.48;4.94;48.26,False,3.1618601278270484,CB--B:ILE130:N,2.0553844447813154,"NH2--sym1[1,1,0]/A:TYR131:CZ",0.11912037432193756,NE--B:HOH53:O:3.46A,27.3863525390625,25.182605743408203,26.839645385742188,2.203746795654297,828.3526054382324,24.26175308227539,2970.25244140625,True,False,False,False
probe4c2_C_soft_realspace,B_ARG129,9,0.6446693539619446,1.360894799232483,-72.07;-138.52;-55.06;131.74,g-/t/g-/p180,12.07;41.48;4.94;48.26,False,3.1618601278270484,CB--B:ILE130:N,2.0553844447813154,"NH2--sym1[1,1,0]/A:TYR131:CZ",0.11912037432193756,NE--B:HOH53:O:3.46A,27.3863525390625,25.182605743408203,26.839645385742188,2.203746795654297,828.3526054382324,24.26175308227539,2970.25244140625,True,False,False,False
probe4c2_C_soft_realspace,B_ARG129,10,0.6446692943572998,1.360895037651062,-72.07;-138.52;-55.06;131.74,g-/t/g-/p180,12.07;41.48;4.94;48.26,False,3.1618601278270484,CB--B:ILE130:N,2.0553844447813154,"NH2--sym1[1,1,0]/A:TYR131:CZ",0.11912037432193756,NE--B:HOH53:O:3.46A,27.3863525390625,25.182605743408203,26.839645385742188,2.203746795654297,828.3526054382324,24.26175308227539,2970.25244140625,True,False,False,False
probe4c2_C_soft_realspace,B_ARG129,11,0.6446692943572998,1.360895037651062,-72.07;-138.52;-55.06;131.74,g-/t/g-/p180,12.07;41.48;4.94;48.26,False,3.1618601278270484,CB--B:ILE130:N,2.0553844447813154,"NH2--sym1[1,1,0]/A:TYR131:CZ",0.11912037432193756,NE--B:HOH53:O:3.46A,27.3863525390625,25.182605743408203,26.839645385742188,2.203746795654297,828.3526054382324,24.26175308227539,2970.25244140625,True,False,False,False
probe4c2_C_soft_realspace,B_ARG129,12,0.6446692943572998,1.360895037651062,-72.07;-138.52;-55.06;131.74,g-/t/g-/p180,12.07;41.48;4.94;48.26,False,3.1618601278270484,CB--B:ILE130:N,2.0553844447813154,"NH2--sym1[1,1,0]/A:TYR131:CZ",0.11912037432193756,NE--B:HOH53:O:3.46A,27.3863525390625,25.182605743408203,26.839645385742188,2.203746795654297,828.3526054382324,24.26175308227539,2970.25244140625,True,False,False,False
probe4c2_C_soft_realspace,B_ARG129,13,0.6446692943572998,1.360895037651062,-72.07;-138.52;-55.06;131.74,g-/t/g-/p180,12.07;41.48;4.94;48.26,False,3.1618601278270484,CB--B:ILE130:N,2.0553844447813154,"NH2--sym1[1,1,0]/A:TYR131:CZ",0.11912037432193756,NE--B:HOH53:O:3.46A,27.3863525390625,25.182605743408203,26.839645385742188,2.203746795654297,828.3526054382324,24.26175308227539,2970.25244140625,True,False,False,False
probe4c2_C_soft_realspace,B_ARG129,14,0.6446693539619446,1.360894799232483,-72.07;-138.52;-55.06;131.74,g-/t/g-/p180,12.07;41.48;4.94;48.26,False,3.1618601278270484,CB--B:ILE130:N,2.0553844447813154,"NH2--sym1[1,1,0]/A:TYR131:CZ",0.11912037432193756,NE--B:HOH53:O:3.46A,27.3863525390625,25.182605743408203,26.839645385742188,2.203746795654297,828.3526054382324,24.26175308227539,2970.25244140625,True,False,False,False
probe4c2_C_soft_realspace,B_ARG129,15,0.6446693539619446,1.360894799232483,-72.07;-138.52;-55.06;131.74,g-/t/g-/p180,12.07;41.48;4.94;48.26,False,3.1618601278270484,CB--B:ILE130:N,2.0553844447813154,"NH2--sym1[1,1,0]/A:TYR131:CZ",0.11912037432193756,NE--B:HOH53:O:3.46A,27.3863525390625,25.182605743408203,26.839645385742188,2.203746795654297,828.3526054382324,24.26175308227539,2970.25244140625,True,False,False,False
probe4c2_C_soft_realspace,B_ARG129,16,0.6446692943572998,1.360895037651062,-72.07;-138.52;-55.06;131.74,g-/t/g-/p180,12.07;41.48;4.94;48.26,False,3.1618601278270484,CB--B:ILE130:N,2.0553844447813154,"NH2--sym1[1,1,0]/A:TYR131:CZ",0.11912037432193756,NE--B:HOH53:O:3.46A,27.3863525390625,25.182605743408203,26.839645385742188,2.203746795654297,828.3526054382324,24.26175308227539,2970.25244140625,True,False,False,False
probe4c2_C_soft_realspace,B_ARG129,17,0.6446692943572998,1.360895037651062,-72.07;-138.52;-55.06;131.74,g-/t/g-/p180,12.07;41.48;4.94;48.26,False,3.1618601278270484,CB--B:ILE130:N,2.0553844447813154,"NH2--sym1[1,1,0]/A:TYR131:CZ",0.11912037432193756,NE--B:HOH53:O:3.46A,27.3863525390625,25.182605743408203,26.839645385742188,2.203746795654297,828.3526054382324,24.26175308227539,2970.25244140625,True,False,False,False
probe4c2_C_soft_realspace,B_ARG129,18,0.6446693539619446,1.360894799232483,-72.07;-138.52;-55.06;131.74,g-/t/g-/p180,12.07;41.48;4.94;48.26,False,3.1618601278270484,CB--B:ILE130:N,2.0553844447813154,"NH2--sym1[1,1,0]/A:TYR131:CZ",0.11912037432193756,NE--B:HOH53:O:3.46A,27.3863525390625,25.182605743408203,26.839645385742188,2.203746795654297,828.3526054382324,24.26175308227539,2970.25244140625,True,False,False,False
probe4c2_C_soft_realspace,B_ARG129,19,0.6446692943572998,1.360895037651062,-72.07;-138.52;-55.06;131.74,g-/t/g-/p180,12.07;41.48;4.94;48.26,False,3.1618601278270484,CB--B:ILE130:N,2.0553844447813154,"NH2--sym1[1,1,0]/A:TYR131:CZ",0.11912037432193756,NE--B:HOH53:O:3.46A,27.3863525390625,25.182605743408203,26.839645385742188,2.203746795654297,828.3526054382324,24.26175308227539,2970.25244140625,True,False,False,False
probe4c2_C_soft_realspace,B_ARG129,20,0.6446692943572998,1.360895037651062,-72.07;-138.52;-55.06;131.74,g-/t/g-/p180,12.07;41.48;4.94;48.26,False,3.1618601278270484,CB--B:ILE130:N,2.0553844447813154,"NH2--sym1[1,1,0]/A:TYR131:CZ",0.11912037432193756,NE--B:HOH53:O:3.46A,27.3863525390625,25.182605743408203,26.839645385742188,2.203746795654297,828.3526054382324,24.26175308227539,2970.25244140625,True,False,False,False
probe4c2_C_soft_realspace,B_ARG129,21,0.6446693539619446,1.360894799232483,-72.07;-138.52;-55.06;131.74,g-/t/g-/p180,12.07;41.48;4.94;48.26,False,3.1618601278270484,CB--B:ILE130:N,2.0553844447813154,"NH2--sym1[1,1,0]/A:TYR131:CZ",0.11912037432193756,NE--B:HOH53:O:3.46A,27.3863525390625,25.182605743408203,26.839645385742188,2.203746795654297,828.3526054382324,24.26175308227539,2970.25244140625,True,False,False,False
probe4c2_C_soft_realspace,B_ARG129,22,0.6446693539619446,1.360894799232483,-72.07;-138.52;-55.06;131.74,g-/t/g-/p180,12.07;41.48;4.94;48.26,False,3.1618601278270484,CB--B:ILE130:N,2.0553844447813154,"NH2--sym1[1,1,0]/A:TYR131:CZ",0.11912037432193756,NE--B:HOH53:O:3.46A,27.3863525390625,25.182605743408203,26.839645385742188,2.203746795654297,828.3526054382324,24.26175308227539,2970.25244140625,True,False,False,False
probe4c2_C_soft_realspace,B_ARG129,23,0.6446692943572998,1.360895037651062,-72.07;-138.52;-55.06;131.74,g-/t/g-/p180,12.07;41.48;4.94;48.26,False,3.1618601278270484,CB--B:ILE130:N,2.0553844447813154,"NH2--sym1[1,1,0]/A:TYR131:CZ",0.11912037432193756,NE--B:HOH53:O:3.46A,27.3863525390625,25.182605743408203,26.839645385742188,2.203746795654297,828.3526054382324,24.26175308227539,2970.25244140625,True,False,False,False
probe4c2_C_soft_realspace,B_ARG129,24,0.6446693539619446,1.360894799232483,-72.07;-138.52;-55.06;131.74,g-/t/g-/p180,12.07;41.48;4.94;48.26,False,3.1618601278270484,CB--B:ILE130:N,2.0553844447813154,"NH2--sym1[1,1,0]/A:TYR131:CZ",0.11912037432193756,NE--B:HOH53:O:3.46A,27.3863525390625,25.182605743408203,26.839645385742188,2.203746795654297,828.3526054382324,24.26175308227539,2970.25244140625,True,False,False,False
probe4c2_C_soft_realspace,B_ARG129,25,0.6446692943572998,1.360895037651062,-72.07;-138.52;-55.06;131.74,g-/t/g-/p180,12.07;41.48;4.94;48.26,False,3.1618601278270484,CB--B:ILE130:N,2.0553844447813154,"NH2--sym1[1,1,0]/A:TYR131:CZ",0.11912037432193756,NE--B:HOH53:O:3.46A,27.3863525390625,25.182605743408203,26.839645385742188,2.203746795654297,828.3526054382324,24.26175308227539,2970.25244140625,True,False,False,False
probe4c2_C_soft_realspace,B_ARG129,26,0.6446693539619446,1.360894799232483,-72.07;-138.52;-55.06;131.74,g-/t/g-/p180,12.07;41.48;4.94;48.26,False,3.1618601278270484,CB--B:ILE130:N,2.0553844447813154,"NH2--sym1[1,1,0]/A:TYR131:CZ",0.11912037432193756,NE--B:HOH53:O:3.46A,27.3863525390625,25.182605743408203,26.839645385742188,2.203746795654297,828.3526054382324,24.26175308227539,2970.25244140625,True,False,False,False
probe4c2_C_soft_realspace,B_ARG129,27,0.6446693539619446,1.360894799232483,-72.07;-138.52;-55.06;131.74,g-/t/g-/p180,12.07;41.48;4.94;48.26,False,3.1618601278270484,CB--B:ILE130:N,2.0553844447813154,"NH2--sym1[1,1,0]/A:TYR131:CZ",0.11912037432193756,NE--B:HOH53:O:3.46A,27.3863525390625,25.182605743408203,26.839645385742188,2.203746795654297,828.3526054382324,24.26175308227539,2970.25244140625,True,False,False,False
probe4c2_C_soft_realspace,B_ARG129,28,0.6446693539619446,1.360894799232483,-72.07;-138.52;-55.06;131.74,g-/t/g-/p180,12.07;41.48;4.94;48.26,False,3.1618601278270484,CB--B:ILE130:N,2.0553844447813154,"NH2--sym1[1,1,0]/A:TYR131:CZ",0.11912037432193756,NE--B:HOH53:O:3.46A,27.3863525390625,25.182605743408203,26.839645385742188,2.203746795654297,828.3526054382324,24.26175308227539,2970.25244140625,True,False,False,False
probe4c2_C_soft_realspace,B_ARG129,29,0.6446693539619446,1.360894799232483,-72.07;-138.52;-55.06;131.74,g-/t/g-/p180,12.07;41.48;4.94;48.26,False,3.1618601278270484,CB--B:ILE130:N,2.0553844447813154,"NH2--sym1[1,1,0]/A:TYR131:CZ",0.11912037432193756,NE--B:HOH53:O:3.46A,27.3863525390625,25.182605743408203,26.839645385742188,2.203746795654297,828.3526054382324,24.26175308227539,2970.25244140625,True,False,False,False
probe4c2_C_soft_realspace,B_ARG129,30,0.6446693539619446,1.360894799232483,-72.07;-138.52;-55.06;131.74,g-/t/g-/p180,12.07;41.48;4.94;48.26,False,3.1618601278270484,CB--B:ILE130:N,2.0553844447813154,"NH2--sym1[1,1,0]/A:TYR131:CZ",0.11912037432193756,NE--B:HOH53:O:3.46A,27.3863525390625,25.182605743408203,26.839645385742188,2.203746795654297,828.3526054382324,24.26175308227539,2970.25244140625,True,False,False,False
probe4c2_C_soft_realspace,B_ARG129,31,0.6446693539619446,1.360894799232483,-72.07;-138.52;-55.06;131.74,g-/t/g-/p180,12.07;41.48;4.94;48.26,False,3.1618601278270484,CB--B:ILE130:N,2.0553844447813154,"NH2--sym1[1,1,0]/A:TYR131:CZ",0.11912037432193756,NE--B:HOH53:O:3.46A,27.3863525390625,25.182605743408203,26.839645385742188,2.203746795654297,828.3526054382324,24.26175308227539,2970.25244140625,True,False,False,False
probe4c2_C_soft_realspace,B_ARG129,32,0.6446692943572998,1.360895037651062,-72.07;-138.52;-55.06;131.74,g-/t/g-/p180,12.07;41.48;4.94;48.26,False,3.1618601278270484,CB--B:ILE130:N,2.0553844447813154,"NH2--sym1[1,1,0]/A:TYR131:CZ",0.11912037432193756,NE--B:HOH53:O:3.46A,27.3863525390625,25.182605743408203,26.839645385742188,2.203746795654297,828.3526054382324,24.26175308227539,2970.25244140625,True,False,False,False
probe4c2_C_soft_realspace,B_ARG129,33,0.6446693539619446,1.360894799232483,-72.07;-138.52;-55.06;131.74,g-/t/g-/p180,12.07;41.48;4.94;48.26,False,3.1618601278270484,CB--B:ILE130:N,2.0553844447813154,"NH2--sym1[1,1,0]/A:TYR131:CZ",0.11912037432193756,NE--B:HOH53:O:3.46A,27.3863525390625,25.182605743408203,26.839645385742188,2.203746795654297,828.3526054382324,24.26175308227539,2970.25244140625,True,False,False,False
probe4c2_C_soft_realspace,B_ARG129,34,0.6446693539619446,1.360894799232483,-72.07;-138.52;-55.06;131.74,g-/t/g-/p180,12.07;41.48;4.94;48.26,False,3.1618601278270484,CB--B:ILE130:N,2.0553844447813154,"NH2--sym1[1,1,0]/A:TYR131:CZ",0.11912037432193756,NE--B:HOH53:O:3.46A,27.3863525390625,25.182605743408203,26.839645385742188,2.203746795654297,828.3526054382324,24.26175308227539,2970.25244140625,True,False,False,False
probe4c2_C_soft_realspace,B_ARG129,35,0.6446693539619446,1.360894799232483,-72.07;-138.52;-55.06;131.74,g-/t/g-/p180,12.07;41.48;4.94;48.26,False,3.1618601278270484,CB--B:ILE130:N,2.0553844447813154,"NH2--sym1[1,1,0]/A:TYR131:CZ",0.11912037432193756,NE--B:HOH53:O:3.46A,27.3863525390625,25.182605743408203,26.839645385742188,2.203746795654297,828.3526054382324,24.26175308227539,2970.25244140625,True,False,False,False
probe4c2_C_soft_realspace,B_ARG129,36,0.6446692943572998,1.360895037651062,-72.07;-138.52;-55.06;131.74,g-/t/g-/p180,12.07;41.48;4.94;48.26,False,3.1618601278270484,CB--B:ILE130:N,2.0553844447813154,"NH2--sym1[1,1,0]/A:TYR131:CZ",0.11912037432193756,NE--B:HOH53:O:3.46A,27.3863525390625,25.182605743408203,26.839645385742188,2.203746795654297,828.3526054382324,24.26175308227539,2970.25244140625,True,False,False,False
probe4c2_C_soft_realspace,B_ARG129,37,0.6446693539619446,1.360894799232483,-72.07;-138.52;-55.06;131.74,g-/t/g-/p180,12.07;41.48;4.94;48.26,False,3.1618601278270484,CB--B:ILE130:N,2.0553844447813154,"NH2--sym1[1,1,0]/A:TYR131:CZ",0.11912037432193756,NE--B:HOH53:O:3.46A,27.3863525390625,25.182605743408203,26.839645385742188,2.203746795654297,828.3526054382324,24.26175308227539,2970.25244140625,True,False,False,False
probe4c2_C_soft_realspace,B_ARG129,38,0.6446693539619446,1.360894799232483,-72.07;-138.52;-55.06;131.74,g-/t/g-/p180,12.07;41.48;4.94;48.26,False,3.1618601278270484,CB--B:ILE130:N,2.0553844447813154,"NH2--sym1[1,1,0]/A:TYR131:CZ",0.11912037432193756,NE--B:HOH53:O:3.46A,27.3863525390625,25.182605743408203,26.839645385742188,2.203746795654297,828.3526054382324,24.26175308227539,2970.25244140625,True,False,False,False
probe4c2_C_soft_realspace,B_ARG129,39,0.6446693539619446,1.360894799232483,-72.07;-138.52;-55.06;131.74,g-/t/g-/p180,12.07;41.48;4.94;48.26,False,3.1618601278270484,CB--B:ILE130:N,2.0553844447813154,"NH2--sym1[1,1,0]/A:TYR131:CZ",0.11912037432193756,NE--B:HOH53:O:3.46A,27.3863525390625,25.182605743408203,26.839645385742188,2.203746795654297,828.3526054382324,24.26175308227539,2970.25244140625,True,False,False,False
probe4c2_C_soft_realspace,B_ARG129,40,0.6446693539619446,1.360894799232483,-72.07;-138.52;-55.06;131.74,g-/t/g-/p180,12.07;41.48;4.94;48.26,False,3.1618601278270484,CB--B:ILE130:N,2.0553844447813154,"NH2--sym1[1,1,0]/A:TYR131:CZ",0.11912037432193756,NE--B:HOH53:O:3.46A,27.3863525390625,25.182605743408203,26.839645385742188,2.203746795654297,828.3526054382324,24.26175308227539,2970.25244140625,True,False,False,False
probe4c2_C_soft_realspace,B_ARG129,41,0.6446693539619446,1.360894799232483,-72.07;-138.52;-55.06;131.74,g-/t/g-/p180,12.07;41.48;4.94;48.26,False,3.1618601278270484,CB--B:ILE130:N,2.0553844447813154,"NH2--sym1[1,1,0]/A:TYR131:CZ",0.11912037432193756,NE--B:HOH53:O:3.46A,27.3863525390625,25.182605743408203,26.839645385742188,2.203746795654297,828.3526054382324,24.26175308227539,2970.25244140625,True,False,False,False
probe4c2_C_soft_realspace,B_ARG129,42,0.6446692943572998,1.360895037651062,-72.07;-138.52;-55.06;131.74,g-/t/g-/p180,12.07;41.48;4.94;48.26,False,3.1618601278270484,CB--B:ILE130:N,2.0553844447813154,"NH2--sym1[1,1,0]/A:TYR131:CZ",0.11912037432193756,NE--B:HOH53:O:3.46A,27.3863525390625,25.182605743408203,26.839645385742188,2.203746795654297,828.3526054382324,24.26175308227539,2970.25244140625,True,False,False,False
probe4c2_C_soft_realspace,B_ARG129,43,0.6446692943572998,1.360895037651062,-72.07;-138.52;-55.06;131.74,g-/t/g-/p180,12.07;41.48;4.94;48.26,False,3.1618601278270484,CB--B:ILE130:N,2.0553844447813154,"NH2--sym1[1,1,0]/A:TYR131:CZ",0.11912037432193756,NE--B:HOH53:O:3.46A,27.3863525390625,25.182605743408203,26.839645385742188,2.203746795654297,828.3526054382324,24.26175308227539,2970.25244140625,True,False,False,False
probe4c2_C_soft_realspace,B_ARG129,44,0.6446693539619446,1.360894799232483,-72.07;-138.52;-55.06;131.74,g-/t/g-/p180,12.07;41.48;4.94;48.26,False,3.1618601278270484,CB--B:ILE130:N,2.0553844447813154,"NH2--sym1[1,1,0]/A:TYR131:CZ",0.11912037432193756,NE--B:HOH53:O:3.46A,27.3863525390625,25.182605743408203,26.839645385742188,2.203746795654297,828.3526054382324,24.26175308227539,2970.25244140625,True,False,False,False
probe4c2_C_soft_realspace,B_ARG129,45,0.6446692943572998,1.360895037651062,-72.07;-138.52;-55.06;131.74,g-/t/g-/p180,12.07;41.48;4.94;48.26,False,3.1618601278270484,CB--B:ILE130:N,2.0553844447813154,"NH2--sym1[1,1,0]/A:TYR131:CZ",0.11912037432193756,NE--B:HOH53:O:3.46A,27.3863525390625,25.182605743408203,26.839645385742188,2.203746795654297,828.3526054382324,24.26175308227539,2970.25244140625,True,False,False,False
probe4c2_C_soft_realspace,B_ARG129,46,0.6446692943572998,1.360895037651062,-72.07;-138.52;-55.06;131.74,g-/t/g-/p180,12.07;41.48;4.94;48.26,False,3.1618601278270484,CB--B:ILE130:N,2.0553844447813154,"NH2--sym1[1,1,0]/A:TYR131:CZ",0.11912037432193756,NE--B:HOH53:O:3.46A,27.3863525390625,25.182605743408203,26.839645385742188,2.203746795654297,828.3526054382324,24.26175308227539,2970.25244140625,True,False,False,False
probe4c2_C_soft_realspace,B_ARG129,47,0.6446693539619446,1.360894799232483,-72.07;-138.52;-55.06;131.74,g-/t/g-/p180,12.07;41.48;4.94;48.26,False,3.1618601278270484,CB--B:ILE130:N,2.0553844447813154,"NH2--sym1[1,1,0]/A:TYR131:CZ",0.11912037432193756,NE--B:HOH53:O:3.46A,27.3863525390625,25.182605743408203,26.839645385742188,2.203746795654297,828.3526054382324,24.26175308227539,2970.25244140625,True,False,False,False
probe4c2_C_soft_realspace,B_ARG129,48,0.6446693539619446,1.360894799232483,-72.07;-138.52;-55.06;131.74,g-/t/g-/p180,12.07;41.48;4.94;48.26,False,3.1618601278270484,CB--B:ILE130:N,2.0553844447813154,"NH2--sym1[1,1,0]/A:TYR131:CZ",0.11912037432193756,NE--B:HOH53:O:3.46A,27.3863525390625,25.182605743408203,26.839645385742188,2.203746795654297,828.3526054382324,24.26175308227539,2970.25244140625,True,False,False,False
probe4c2_C_soft_realspace,B_ARG129,49,0.6446693539619446,1.360894799232483,-72.07;-138.52;-55.06;131.74,g-/t/g-/p180,12.07;41.48;4.94;48.26,False,3.1618601278270484,CB--B:ILE130:N,2.0553844447813154,"NH2--sym1[1,1,0]/A:TYR131:CZ",0.11912037432193756,NE--B:HOH53:O:3.46A,27.3863525390625,25.182605743408203,26.839645385742188,2.203746795654297,828.3526054382324,24.26175308227539,2970.25244140625,True,False,False,False
