experiment,site,start,tmol_energy,tmol_A,tmol_B,random_mean,random_min,random_max
probe4c1_kinematic_complex,A_MET112,0,62.84041213989258,48.87937927246094,48.688716888427734,125.53506088256836,49.34319305419922,655.5672607421875
probe4c1_kinematic_complex,A_MET112,1,62.84041213989258,48.87937927246094,48.688716888427734,125.53506088256836,49.34319305419922,655.5672607421875
probe4c1_kinematic_complex,A_MET112,2,62.84041213989258,48.87937927246094,48.688716888427734,125.53506088256836,49.34319305419922,655.5672607421875
probe4c1_kinematic_complex,A_MET112,3,62.84041213989258,48.87937927246094,48.688716888427734,125.53506088256836,49.34319305419922,655.5672607421875
probe4c1_kinematic_complex,A_MET112,4,62.84041213989258,48.87937927246094,48.688716888427734,125.53506088256836,49.34319305419922,655.5672607421875
probe4c1_kinematic_complex,A_MET112,5,62.84041213989258,48.87937927246094,48.688716888427734,125.53506088256836,49.34319305419922,655.5672607421875
probe4c1_kinematic_complex,A_MET112,6,62.84041213989258,48.87937927246094,48.688716888427734,125.53506088256836,49.34319305419922,655.5672607421875
probe4c1_kinematic_complex,A_MET112,7,62.84041213989258,48.87937927246094,48.688716888427734,125.53506088256836,49.34319305419922,655.5672607421875
probe4c1_kinematic_complex,A_MET112,8,62.84041213989258,48.87937927246094,48.688716888427734,125.53506088256836,49.34319305419922,655.5672607421875
probe4c1_kinematic_complex,A_MET112,9,62.84041213989258,48.87937927246094,48.688716888427734,125.53506088256836,49.34319305419922,655.5672607421875
probe4c1_kinematic_complex,A_MET112,10,62.84041213989258,48.87937927246094,48.688716888427734,125.53506088256836,49.34319305419922,655.5672607421875
probe4c1_kinematic_complex,A_MET112,11,62.84041213989258,48.87937927246094,48.688716888427734,125.53506088256836,49.34319305419922,655.5672607421875
probe4c1_kinematic_complex,A_MET112,12,62.84041213989258,48.87937927246094,48.688716888427734,125.53506088256836,49.34319305419922,655.5672607421875
probe4c1_kinematic_complex,A_MET112,13,62.84041213989258,48.87937927246094,48.688716888427734,125.53506088256836,49.34319305419922,655.5672607421875
probe4c1_kinematic_complex,A_MET112,14,62.84041213989258,48.87937927246094,48.688716888427734,125.53506088256836,49.34319305419922,655.5672607421875
probe4c1_kinematic_complex,A_MET112,15,62.84041213989258,48.87937927246094,48.688716888427734,125.53506088256836,49.34319305419922,655.5672607421875
probe4c1_kinematic_complex,A_MET112,16,62.84041213989258,48.87937927246094,48.688716888427734,125.53506088256836,49.34319305419922,655.5672607421875
probe4c1_kinematic_complex,A_MET112,17,62.84041213989258,48.87937927246094,48.688716888427734,125.53506088256836,49.34319305419922,655.5672607421875
probe4c1_kinematic_complex,A_MET112,18,62.84041213989258,48.87937927246094,48.688716888427734,125.53506088256836,49.34319305419922,655.5672607421875
probe4c1_kinematic_complex,A_MET112,19,62.84041213989258,48.87937927246094,48.688716888427734,125.53506088256836,49.34319305419922,655.5672607421875
probe4c1_kinematic_complex,A_MET112,20,62.84041213989258,48.87937927246094,48.688716888427734,125.53506088256836,49.34319305419922,655.5672607421875
probe4c1_kinematic_complex,A_MET112,21,62.84041213989258,48.87937927246094,48.688716888427734,125.53506088256836,49.34319305419922,655.5672607421875
probe4c1_kinematic_complex,A_MET112,22,62.84041213989258,48.87937927246094,48.688716888427734,125.53506088256836,49.34319305419922,655.5672607421875
probe4c1_kinematic_complex,A_MET112,23,62.84041213989258,48.87937927246094,48.688716888427734,125.53506088256836,49.34319305419922,655.5672607421875
probe4c1_kinematic_complex,A_MET112,24,62.84041213989258,48.87937927246094,48.688716888427734,125.53506088256836,49.34319305419922,655.5672607421875
probe4c1_kinematic_complex,A_MET112,25,62.84041213989258,48.87937927246094,48.688716888427734,125.53506088256836,49.34319305419922,655.5672607421875
probe4c1_kinematic_complex,A_MET112,26,62.84041213989258,48.87937927246094,48.688716888427734,125.53506088256836,49.34319305419922,655.5672607421875
probe4c1_kinematic_complex,A_MET112,27,62.84041213989258,48.87937927246094,48.688716888427734,125.53506088256836,49.34319305419922,655.5672607421875
probe4c1_kinematic_complex,A_MET112,28,62.84041213989258,48.87937927246094,48.688716888427734,125.53506088256836,49.34319305419922,655.5672607421875
probe4c1_kinematic_complex,A_MET112,29,62.84041213989258,48.87937927246094,48.688716888427734,125.53506088256836,49.34319305419922,655.5672607421875
probe4c1_kinematic_complex,A_MET112,30,62.84041213989258,48.87937927246094,48.688716888427734,125.53506088256836,49.34319305419922,655.5672607421875
probe4c1_kinematic_complex,A_MET112,31,62.84041213989258,48.87937927246094,48.688716888427734,125.53506088256836,49.34319305419922,655.5672607421875
probe4c1_kinematic_complex,A_MET112,32,62.84041213989258,48.87937927246094,48.688716888427734,125.53506088256836,49.34319305419922,655.5672607421875
probe4c1_kinematic_complex,A_MET112,33,62.84041213989258,48.87937927246094,48.688716888427734,125.53506088256836,49.34319305419922,655.5672607421875
probe4c1_kinematic_complex,A_MET112,34,62.84041213989258,48.87937927246094,48.688716888427734,125.53506088256836,49.34319305419922,655.5672607421875
probe4c1_kinematic_complex,A_MET112,35,62.84041213989258,48.87937927246094,48.688716888427734,125.53506088256836,49.34319305419922,655.5672607421875
probe4c1_kinematic_complex,A_MET112,36,62.84041213989258,48.87937927246094,48.688716888427734,125.53506088256836,49.34319305419922,655.5672607421875
probe4c1_kinematic_complex,A_MET112,37,62.84041213989258,48.87937927246094,48.688716888427734,125.53506088256836,49.34319305419922,655.5672607421875
probe4c1_kinematic_complex,A_MET112,38,62.84041213989258,48.87937927246094,48.688716888427734,125.53506088256836,49.34319305419922,655.5672607421875
probe4c1_kinematic_complex,A_MET112,39,62.84041213989258,48.87937927246094,48.688716888427734,125.53506088256836,49.34319305419922,655.5672607421875
probe4c1_kinematic_complex,A_MET112,40,62.84041213989258,48.87937927246094,48.688716888427734,125.53506088256836,49.34319305419922,655.5672607421875
probe4c1_kinematic_complex,A_MET112,41,62.84041213989258,48.87937927246094,48.688716888427734,125.53506088256836,49.34319305419922,655.5672607421875
probe4c1_kinematic_complex,A_MET112,42,62.84041213989258,48.87937927246094,48.688716888427734,125.53506088256836,49.34319305419922,655.5672607421875
probe4c1_kinematic_complex,A_MET112,43,62.84041213989258,48.87937927246094,48.688716888427734,125.53506088256836,49.34319305419922,655.5672607421875
probe4c1_kinematic_complex,A_MET112,44,62.84041213989258,48.87937927246094,48.688716888427734,125.53506088256836,49.34319305419922,655.5672607421875
probe4c1_kinematic_complex,A_MET112,45,62.84041213989258,48.87937927246094,48.688716888427734,125.53506088256836,49.34319305419922,655.5672607421875
probe4c1_kinematic_complex,A_MET112,46,62.84041213989258,48.87937927246094,48.688716888427734,125.53506088256836,49.34319305419922,655.5672607421875
probe4c1_kinematic_complex,A_MET112,47,62.84041213989258,48.87937927246094,48.688716888427734,125.53506088256836,49.34319305419922,655.5672607421875
probe4c1_kinematic_complex,A_MET112,48,62.84041213989258,48.87937927246094,48.688716888427734,125.53506088256836,49.34319305419922,655.5672607421875
probe4c1_kinematic_complex,A_MET112,49,62.84041213989258,48.87937927246094,48.688716888427734,125.53506088256836,49.34319305419922,655.5672607421875
probe4c2_A_soft_synthetic,A_MET112,0,55.68510437011719,48.87937927246094,48.688716888427734,125.53506088256836,49.34319305419922,655.5672607421875
probe4c2_A_soft_synthetic,A_MET112,1,55.68510437011719,48.87937927246094,48.688716888427734,125.53506088256836,49.34319305419922,655.5672607421875
probe4c2_A_soft_synthetic,A_MET112,2,55.68510437011719,48.87937927246094,48.688716888427734,125.53506088256836,49.34319305419922,655.5672607421875
probe4c2_A_soft_synthetic,A_MET112,3,55.68510437011719,48.87937927246094,48.688716888427734,125.53506088256836,49.34319305419922,655.5672607421875
probe4c2_A_soft_synthetic,A_MET112,4,55.68510437011719,48.87937927246094,48.688716888427734,125.53506088256836,49.34319305419922,655.5672607421875
probe4c2_A_soft_synthetic,A_MET112,5,55.68510437011719,48.87937927246094,48.688716888427734,125.53506088256836,49.34319305419922,655.5672607421875
probe4c2_A_soft_synthetic,A_MET112,6,55.68510437011719,48.87937927246094,48.688716888427734,125.53506088256836,49.34319305419922,655.5672607421875
probe4c2_A_soft_synthetic,A_MET112,7,55.68510437011719,48.87937927246094,48.688716888427734,125.53506088256836,49.34319305419922,655.5672607421875
probe4c2_A_soft_synthetic,A_MET112,8,55.68510437011719,48.87937927246094,48.688716888427734,125.53506088256836,49.34319305419922,655.5672607421875
probe4c2_A_soft_synthetic,A_MET112,9,55.68510437011719,48.87937927246094,48.688716888427734,125.53506088256836,49.34319305419922,655.5672607421875
probe4c2_A_soft_synthetic,A_MET112,10,55.68510437011719,48.87937927246094,48.688716888427734,125.53506088256836,49.34319305419922,655.5672607421875
probe4c2_A_soft_synthetic,A_MET112,11,55.68510437011719,48.87937927246094,48.688716888427734,125.53506088256836,49.34319305419922,655.5672607421875
probe4c2_A_soft_synthetic,A_MET112,12,55.68510437011719,48.87937927246094,48.688716888427734,125.53506088256836,49.34319305419922,655.5672607421875
probe4c2_A_soft_synthetic,A_MET112,13,55.68510437011719,48.87937927246094,48.688716888427734,125.53506088256836,49.34319305419922,655.5672607421875
probe4c2_A_soft_synthetic,A_MET112,14,55.68510437011719,48.87937927246094,48.688716888427734,125.53506088256836,49.34319305419922,655.5672607421875
probe4c2_A_soft_synthetic,A_MET112,15,55.68510437011719,48.87937927246094,48.688716888427734,125.53506088256836,49.34319305419922,655.5672607421875
probe4c2_A_soft_synthetic,A_MET112,16,55.68510437011719,48.87937927246094,48.688716888427734,125.53506088256836,49.34319305419922,655.5672607421875
probe4c2_A_soft_synthetic,A_MET112,17,55.68510437011719,48.87937927246094,48.688716888427734,125.53506088256836,49.34319305419922,655.5672607421875
probe4c2_A_soft_synthetic,A_MET112,18,55.68510437011719,48.87937927246094,48.688716888427734,125.53506088256836,49.34319305419922,655.5672607421875
probe4c2_A_soft_synthetic,A_MET112,19,55.68510437011719,48.87937927246094,48.688716888427734,125.53506088256836,49.34319305419922,655.5672607421875
probe4c2_A_soft_synthetic,A_MET112,20,55.68510437011719,48.87937927246094,48.688716888427734,125.53506088256836,49.34319305419922,655.5672607421875
probe4c2_A_soft_synthetic,A_MET112,21,55.68510437011719,48.87937927246094,48.688716888427734,125.53506088256836,49.34319305419922,655.5672607421875
probe4c2_A_soft_synthetic,A_MET112,22,55.68510437011719,48.87937927246094,48.688716888427734,125.53506088256836,49.34319305419922,655.5672607421875
probe4c2_A_soft_synthetic,A_MET112,23,55.68510437011719,48.87937927246094,48.688716888427734,125.53506088256836,49.34319305419922,655.5672607421875
probe4c2_A_soft_synthetic,A_MET112,24,55.68510437011719,48.87937927246094,48.688716888427734,125.53506088256836,49.34319305419922,655.5672607421875
probe4c2_A_soft_synthetic,A_MET112,25,55.68510437011719,48.87937927246094,48.688716888427734,125.53506088256836,49.34319305419922,655.5672607421875
probe4c2_A_soft_synthetic,A_MET112,26,55.68510437011719,48.87937927246094,48.688716888427734,125.53506088256836,49.34319305419922,655.5672607421875
probe4c2_A_soft_synthetic,A_MET112,27,55.68510437011719,48.87937927246094,48.688716888427734,125.53506088256836,49.34319305419922,655.5672607421875
probe4c2_A_soft_synthetic,A_MET112,28,55.68510437011719,48.87937927246094,48.688716888427734,125.53506088256836,49.34319305419922,655.5672607421875
probe4c2_A_soft_synthetic,A_MET112,29,55.68510437011719,48.87937927246094,48.688716888427734,125.53506088256836,49.34319305419922,655.5672607421875
probe4c2_A_soft_synthetic,A_MET112,30,55.68510437011719,48.87937927246094,48.688716888427734,125.53506088256836,49.34319305419922,655.5672607421875
probe4c2_A_soft_synthetic,A_MET112,31,55.68510437011719,48.87937927246094,48.688716888427734,125.53506088256836,49.34319305419922,655.5672607421875
probe4c2_A_soft_synthetic,A_MET112,32,55.68510437011719,48.87937927246094,48.688716888427734,125.53506088256836,49.34319305419922,655.5672607421875
probe4c2_A_soft_synthetic,A_MET112,33,55.68510437011719,48.87937927246094,48.688716888427734,125.53506088256836,49.34319305419922,655.5672607421875
probe4c2_A_soft_synthetic,A_MET112,34,55.68510437011719,48.87937927246094,48.688716888427734,125.53506088256836,49.34319305419922,655.5672607421875
probe4c2_A_soft_synthetic,A_MET112,35,55.68510437011719,48.87937927246094,48.688716888427734,125.53506088256836,49.34319305419922,655.5672607421875
probe4c2_A_soft_synthetic,A_MET112,36,55.68510437011719,48.87937927246094,48.688716888427734,125.53506088256836,49.34319305419922,655.5672607421875
probe4c2_A_soft_synthetic,A_MET112,37,55.68510437011719,48.87937927246094,48.688716888427734,125.53506088256836,49.34319305419922,655.5672607421875
probe4c2_A_soft_synthetic,A_MET112,38,55.68510437011719,48.87937927246094,48.688716888427734,125.53506088256836,49.34319305419922,655.5672607421875
probe4c2_A_soft_synthetic,A_MET112,39,55.68510437011719,48.87937927246094,48.688716888427734,125.53506088256836,49.34319305419922,655.5672607421875
probe4c2_A_soft_synthetic,A_MET112,40,55.68510437011719,48.87937927246094,48.688716888427734,125.53506088256836,49.34319305419922,655.5672607421875
probe4c2_A_soft_synthetic,A_MET112,41,55.68510437011719,48.87937927246094,48.688716888427734,125.53506088256836,49.34319305419922,655.5672607421875
probe4c2_A_soft_synthetic,A_MET112,42,55.68510437011719,48.87937927246094,48.688716888427734,125.53506088256836,49.34319305419922,655.5672607421875
probe4c2_A_soft_synthetic,A_MET112,43,55.68510437011719,48.87937927246094,48.688716888427734,125.53506088256836,49.34319305419922,655.5672607421875
probe4c2_A_soft_synthetic,A_MET112,44,55.68510437011719,48.87937927246094,48.688716888427734,125.53506088256836,49.34319305419922,655.5672607421875
probe4c2_A_soft_synthetic,A_MET112,45,55.68510437011719,48.87937927246094,48.688716888427734,125.53506088256836,49.34319305419922,655.5672607421875
probe4c2_A_soft_synthetic,A_MET112,46,55.68510437011719,48.87937927246094,48.688716888427734,125.53506088256836,49.34319305419922,655.5672607421875
probe4c2_A_soft_synthetic,A_MET112,47,55.68510437011719,48.87937927246094,48.688716888427734,125.53506088256836,49.34319305419922,655.5672607421875
probe4c2_A_soft_synthetic,A_MET112,48,55.68510437011719,48.87937927246094,48.688716888427734,125.53506088256836,49.34319305419922,655.5672607421875
probe4c2_A_soft_synthetic,A_MET112,49,55.68510437011719,48.87937927246094,48.688716888427734,125.53506088256836,49.34319305419922,655.5672607421875
probe4c2_B_soft_localized,A_MET112,0,57.072723388671875,48.87937927246094,48.688716888427734,125.53506088256836,49.34319305419922,655.5672607421875
probe4c2_B_soft_localized,A_MET112,1,57.072723388671875,48.87937927246094,48.688716888427734,125.53506088256836,49.34319305419922,655.5672607421875
probe4c2_B_soft_localized,A_MET112,2,57.072723388671875,48.87937927246094,48.688716888427734,125.53506088256836,49.34319305419922,655.5672607421875
probe4c2_B_soft_localized,A_MET112,3,57.072723388671875,48.87937927246094,48.688716888427734,125.53506088256836,49.34319305419922,655.5672607421875
probe4c2_B_soft_localized,A_MET112,4,57.072723388671875,48.87937927246094,48.688716888427734,125.53506088256836,49.34319305419922,655.5672607421875
probe4c2_B_soft_localized,A_MET112,5,57.072723388671875,48.87937927246094,48.688716888427734,125.53506088256836,49.34319305419922,655.5672607421875
probe4c2_B_soft_localized,A_MET112,6,57.072723388671875,48.87937927246094,48.688716888427734,125.53506088256836,49.34319305419922,655.5672607421875
probe4c2_B_soft_localized,A_MET112,7,57.072723388671875,48.87937927246094,48.688716888427734,125.53506088256836,49.34319305419922,655.5672607421875
probe4c2_B_soft_localized,A_MET112,8,57.072723388671875,48.87937927246094,48.688716888427734,125.53506088256836,49.34319305419922,655.5672607421875
probe4c2_B_soft_localized,A_MET112,9,57.072723388671875,48.87937927246094,48.688716888427734,125.53506088256836,49.34319305419922,655.5672607421875
probe4c2_B_soft_localized,A_MET112,10,57.072723388671875,48.87937927246094,48.688716888427734,125.53506088256836,49.34319305419922,655.5672607421875
probe4c2_B_soft_localized,A_MET112,11,57.072723388671875,48.87937927246094,48.688716888427734,125.53506088256836,49.34319305419922,655.5672607421875
probe4c2_B_soft_localized,A_MET112,12,57.072723388671875,48.87937927246094,48.688716888427734,125.53506088256836,49.34319305419922,655.5672607421875
probe4c2_B_soft_localized,A_MET112,13,57.072723388671875,48.87937927246094,48.688716888427734,125.53506088256836,49.34319305419922,655.5672607421875
probe4c2_B_soft_localized,A_MET112,14,57.072723388671875,48.87937927246094,48.688716888427734,125.53506088256836,49.34319305419922,655.5672607421875
probe4c2_B_soft_localized,A_MET112,15,57.072723388671875,48.87937927246094,48.688716888427734,125.53506088256836,49.34319305419922,655.5672607421875
probe4c2_B_soft_localized,A_MET112,16,57.072723388671875,48.87937927246094,48.688716888427734,125.53506088256836,49.34319305419922,655.5672607421875
probe4c2_B_soft_localized,A_MET112,17,57.072723388671875,48.87937927246094,48.688716888427734,125.53506088256836,49.34319305419922,655.5672607421875
probe4c2_B_soft_localized,A_MET112,18,57.072723388671875,48.87937927246094,48.688716888427734,125.53506088256836,49.34319305419922,655.5672607421875
probe4c2_B_soft_localized,A_MET112,19,57.072723388671875,48.87937927246094,48.688716888427734,125.53506088256836,49.34319305419922,655.5672607421875
probe4c2_B_soft_localized,A_MET112,20,57.072723388671875,48.87937927246094,48.688716888427734,125.53506088256836,49.34319305419922,655.5672607421875
probe4c2_B_soft_localized,A_MET112,21,57.072723388671875,48.87937927246094,48.688716888427734,125.53506088256836,49.34319305419922,655.5672607421875
probe4c2_B_soft_localized,A_MET112,22,57.072723388671875,48.87937927246094,48.688716888427734,125.53506088256836,49.34319305419922,655.5672607421875
probe4c2_B_soft_localized,A_MET112,23,57.072723388671875,48.87937927246094,48.688716888427734,125.53506088256836,49.34319305419922,655.5672607421875
probe4c2_B_soft_localized,A_MET112,24,57.072723388671875,48.87937927246094,48.688716888427734,125.53506088256836,49.34319305419922,655.5672607421875
probe4c2_B_soft_localized,A_MET112,25,57.072723388671875,48.87937927246094,48.688716888427734,125.53506088256836,49.34319305419922,655.5672607421875
probe4c2_B_soft_localized,A_MET112,26,57.072723388671875,48.87937927246094,48.688716888427734,125.53506088256836,49.34319305419922,655.5672607421875
probe4c2_B_soft_localized,A_MET112,27,57.072723388671875,48.87937927246094,48.688716888427734,125.53506088256836,49.34319305419922,655.5672607421875
probe4c2_B_soft_localized,A_MET112,28,57.072723388671875,48.87937927246094,48.688716888427734,125.53506088256836,49.34319305419922,655.5672607421875
probe4c2_B_soft_localized,A_MET112,29,57.072723388671875,48.87937927246094,48.688716888427734,125.53506088256836,49.34319305419922,655.5672607421875
probe4c2_B_soft_localized,A_MET112,30,57.072723388671875,48.87937927246094,48.688716888427734,125.53506088256836,49.34319305419922,655.5672607421875
probe4c2_B_soft_localized,A_MET112,31,57.072723388671875,48.87937927246094,48.688716888427734,125.53506088256836,49.34319305419922,655.5672607421875
probe4c2_B_soft_localized,A_MET112,32,57.072723388671875,48.87937927246094,48.688716888427734,125.53506088256836,49.34319305419922,655.5672607421875
probe4c2_B_soft_localized,A_MET112,33,57.072723388671875,48.87937927246094,48.688716888427734,125.53506088256836,49.34319305419922,655.5672607421875
probe4c2_B_soft_localized,A_MET112,34,57.072723388671875,48.87937927246094,48.688716888427734,125.53506088256836,49.34319305419922,655.5672607421875
probe4c2_B_soft_localized,A_MET112,35,57.072723388671875,48.87937927246094,48.688716888427734,125.53506088256836,49.34319305419922,655.5672607421875
probe4c2_B_soft_localized,A_MET112,36,57.072723388671875,48.87937927246094,48.688716888427734,125.53506088256836,49.34319305419922,655.5672607421875
probe4c2_B_soft_localized,A_MET112,37,57.072723388671875,48.87937927246094,48.688716888427734,125.53506088256836,49.34319305419922,655.5672607421875
probe4c2_B_soft_localized,A_MET112,38,57.072723388671875,48.87937927246094,48.688716888427734,125.53506088256836,49.34319305419922,655.5672607421875
probe4c2_B_soft_localized,A_MET112,39,57.072723388671875,48.87937927246094,48.688716888427734,125.53506088256836,49.34319305419922,655.5672607421875
probe4c2_B_soft_localized,A_MET112,40,57.072723388671875,48.87937927246094,48.688716888427734,125.53506088256836,49.34319305419922,655.5672607421875
probe4c2_B_soft_localized,A_MET112,41,57.072723388671875,48.87937927246094,48.688716888427734,125.53506088256836,49.34319305419922,655.5672607421875
probe4c2_B_soft_localized,A_MET112,42,57.072723388671875,48.87937927246094,48.688716888427734,125.53506088256836,49.34319305419922,655.5672607421875
probe4c2_B_soft_localized,A_MET112,43,57.072723388671875,48.87937927246094,48.688716888427734,125.53506088256836,49.34319305419922,655.5672607421875
probe4c2_B_soft_localized,A_MET112,44,57.072723388671875,48.87937927246094,48.688716888427734,125.53506088256836,49.34319305419922,655.5672607421875
probe4c2_B_soft_localized,A_MET112,45,57.072723388671875,48.87937927246094,48.688716888427734,125.53506088256836,49.34319305419922,655.5672607421875
probe4c2_B_soft_localized,A_MET112,46,57.072723388671875,48.87937927246094,48.688716888427734,125.53506088256836,49.34319305419922,655.5672607421875
probe4c2_B_soft_localized,A_MET112,47,57.072723388671875,48.87937927246094,48.688716888427734,125.53506088256836,49.34319305419922,655.5672607421875
probe4c2_B_soft_localized,A_MET112,48,57.072723388671875,48.87937927246094,48.688716888427734,125.53506088256836,49.34319305419922,655.5672607421875
probe4c2_B_soft_localized,A_MET112,49,57.072723388671875,48.87937927246094,48.688716888427734,125.53506088256836,49.34319305419922,655.5672607421875
probe4c2_C_soft_realspace,A_MET112,0,55.71065139770508,48.87937927246094,48.688716888427734,125.53506088256836,49.34319305419922,655.5672607421875
probe4c2_C_soft_realspace,A_MET112,1,55.71065139770508,48.87937927246094,48.688716888427734,125.53506088256836,49.34319305419922,655.5672607421875
probe4c2_C_soft_realspace,A_MET112,2,55.71065139770508,48.87937927246094,48.688716888427734,125.53506088256836,49.34319305419922,655.5672607421875
probe4c2_C_soft_realspace,A_MET112,3,55.71065139770508,48.87937927246094,48.688716888427734,125.53506088256836,49.34319305419922,655.5672607421875
probe4c2_C_soft_realspace,A_MET112,4,55.71065139770508,48.87937927246094,48.688716888427734,125.53506088256836,49.34319305419922,655.5672607421875
probe4c2_C_soft_realspace,A_MET112,5,55.71065139770508,48.87937927246094,48.688716888427734,125.53506088256836,49.34319305419922,655.5672607421875
probe4c2_C_soft_realspace,A_MET112,6,55.71065139770508,48.87937927246094,48.688716888427734,125.53506088256836,49.34319305419922,655.5672607421875
probe4c2_C_soft_realspace,A_MET112,7,55.71065139770508,48.87937927246094,48.688716888427734,125.53506088256836,49.34319305419922,655.5672607421875
probe4c2_C_soft_realspace,A_MET112,8,55.71065139770508,48.87937927246094,48.688716888427734,125.53506088256836,49.34319305419922,655.5672607421875
probe4c2_C_soft_realspace,A_MET112,9,55.71065139770508,48.87937927246094,48.688716888427734,125.53506088256836,49.34319305419922,655.5672607421875
probe4c2_C_soft_realspace,A_MET112,10,55.71065139770508,48.87937927246094,48.688716888427734,125.53506088256836,49.34319305419922,655.5672607421875
probe4c2_C_soft_realspace,A_MET112,11,55.71065139770508,48.87937927246094,48.688716888427734,125.53506088256836,49.34319305419922,655.5672607421875
probe4c2_C_soft_realspace,A_MET112,12,55.71065139770508,48.87937927246094,48.688716888427734,125.53506088256836,49.34319305419922,655.5672607421875
probe4c2_C_soft_realspace,A_MET112,13,55.71065139770508,48.87937927246094,48.688716888427734,125.53506088256836,49.34319305419922,655.5672607421875
probe4c2_C_soft_realspace,A_MET112,14,55.71065139770508,48.87937927246094,48.688716888427734,125.53506088256836,49.34319305419922,655.5672607421875
probe4c2_C_soft_realspace,A_MET112,15,55.71065139770508,48.87937927246094,48.688716888427734,125.53506088256836,49.34319305419922,655.5672607421875
probe4c2_C_soft_realspace,A_MET112,16,55.71065139770508,48.87937927246094,48.688716888427734,125.53506088256836,49.34319305419922,655.5672607421875
probe4c2_C_soft_realspace,A_MET112,17,55.71065139770508,48.87937927246094,48.688716888427734,125.53506088256836,49.34319305419922,655.5672607421875
probe4c2_C_soft_realspace,A_MET112,18,55.71065139770508,48.87937927246094,48.688716888427734,125.53506088256836,49.34319305419922,655.5672607421875
probe4c2_C_soft_realspace,A_MET112,19,55.71065139770508,48.87937927246094,48.688716888427734,125.53506088256836,49.34319305419922,655.5672607421875
probe4c2_C_soft_realspace,A_MET112,20,55.71065139770508,48.87937927246094,48.688716888427734,125.53506088256836,49.34319305419922,655.5672607421875
probe4c2_C_soft_realspace,A_MET112,21,55.71065139770508,48.87937927246094,48.688716888427734,125.53506088256836,49.34319305419922,655.5672607421875
probe4c2_C_soft_realspace,A_MET112,22,55.71065139770508,48.87937927246094,48.688716888427734,125.53506088256836,49.34319305419922,655.5672607421875
probe4c2_C_soft_realspace,A_MET112,23,55.71065139770508,48.87937927246094,48.688716888427734,125.53506088256836,49.34319305419922,655.5672607421875
probe4c2_C_soft_realspace,A_MET112,24,55.71065139770508,48.87937927246094,48.688716888427734,125.53506088256836,49.34319305419922,655.5672607421875
probe4c2_C_soft_realspace,A_MET112,25,55.71065139770508,48.87937927246094,48.688716888427734,125.53506088256836,49.34319305419922,655.5672607421875
probe4c2_C_soft_realspace,A_MET112,26,55.71065139770508,48.87937927246094,48.688716888427734,125.53506088256836,49.34319305419922,655.5672607421875
probe4c2_C_soft_realspace,A_MET112,27,55.71065139770508,48.87937927246094,48.688716888427734,125.53506088256836,49.34319305419922,655.5672607421875
probe4c2_C_soft_realspace,A_MET112,28,55.71065139770508,48.87937927246094,48.688716888427734,125.53506088256836,49.34319305419922,655.5672607421875
probe4c2_C_soft_realspace,A_MET112,29,55.71065139770508,48.87937927246094,48.688716888427734,125.53506088256836,49.34319305419922,655.5672607421875
probe4c2_C_soft_realspace,A_MET112,30,55.71065139770508,48.87937927246094,48.688716888427734,125.53506088256836,49.34319305419922,655.5672607421875
probe4c2_C_soft_realspace,A_MET112,31,55.71065139770508,48.87937927246094,48.688716888427734,125.53506088256836,49.34319305419922,655.5672607421875
probe4c2_C_soft_realspace,A_MET112,32,55.71065139770508,48.87937927246094,48.688716888427734,125.53506088256836,49.34319305419922,655.5672607421875
probe4c2_C_soft_realspace,A_MET112,33,55.71065139770508,48.87937927246094,48.688716888427734,125.53506088256836,49.34319305419922,655.5672607421875
probe4c2_C_soft_realspace,A_MET112,34,55.71065139770508,48.87937927246094,48.688716888427734,125.53506088256836,49.34319305419922,655.5672607421875
probe4c2_C_soft_realspace,A_MET112,35,55.71065139770508,48.87937927246094,48.688716888427734,125.53506088256836,49.34319305419922,655.5672607421875
probe4c2_C_soft_realspace,A_MET112,36,55.71065139770508,48.87937927246094,48.688716888427734,125.53506088256836,49.34319305419922,655.5672607421875
probe4c2_C_soft_realspace,A_MET112,37,55.71065139770508,48.87937927246094,48.688716888427734,125.53506088256836,49.34319305419922,655.5672607421875
probe4c2_C_soft_realspace,A_MET112,38,55.71065139770508,48.87937927246094,48.688716888427734,125.53506088256836,49.34319305419922,655.5672607421875
probe4c2_C_soft_realspace,A_MET112,39,55.71065139770508,48.87937927246094,48.688716888427734,125.53506088256836,49.34319305419922,655.5672607421875
probe4c2_C_soft_realspace,A_MET112,40,55.71065139770508,48.87937927246094,48.688716888427734,125.53506088256836,49.34319305419922,655.5672607421875
probe4c2_C_soft_realspace,A_MET112,41,55.71065139770508,48.87937927246094,48.688716888427734,125.53506088256836,49.34319305419922,655.5672607421875
probe4c2_C_soft_realspace,A_MET112,42,55.71065139770508,48.87937927246094,48.688716888427734,125.53506088256836,49.34319305419922,655.5672607421875
probe4c2_C_soft_realspace,A_MET112,43,55.71065139770508,48.87937927246094,48.688716888427734,125.53506088256836,49.34319305419922,655.5672607421875
probe4c2_C_soft_realspace,A_MET112,44,55.71065139770508,48.87937927246094,48.688716888427734,125.53506088256836,49.34319305419922,655.5672607421875
probe4c2_C_soft_realspace,A_MET112,45,55.71065139770508,48.87937927246094,48.688716888427734,125.53506088256836,49.34319305419922,655.5672607421875
probe4c2_C_soft_realspace,A_MET112,46,55.71065139770508,48.87937927246094,48.688716888427734,125.53506088256836,49.34319305419922,655.5672607421875
probe4c2_C_soft_realspace,A_MET112,47,55.71065139770508,48.87937927246094,48.688716888427734,125.53506088256836,49.34319305419922,655.5672607421875
probe4c2_C_soft_realspace,A_MET112,48,55.71065139770508,48.87937927246094,48.688716888427734,125.53506088256836,49.34319305419922,655.5672607421875
probe4c2_C_soft_realspace,A_MET112,49,55.71065139770508,48.87937927246094,48.688716888427734,125.53506088256836,49.34319305419922,655.5672607421875
probe4c1_kinematic_complex,A_ARG129,0,68.27961730957031,48.87939453125,53.74132537841797,539.5329360961914,49.25828552246094,1806.813232421875
probe4c1_kinematic_complex,A_ARG129,1,68.27961730957031,48.87939453125,53.74132537841797,539.5329360961914,49.25828552246094,1806.813232421875
probe4c1_kinematic_complex,A_ARG129,2,68.27961730957031,48.87939453125,53.74132537841797,539.5329360961914,49.25828552246094,1806.813232421875
probe4c1_kinematic_complex,A_ARG129,3,68.27961730957031,48.87939453125,53.74132537841797,539.5329360961914,49.25828552246094,1806.813232421875
probe4c1_kinematic_complex,A_ARG129,4,68.27961730957031,48.87939453125,53.74132537841797,539.5329360961914,49.25828552246094,1806.813232421875
probe4c1_kinematic_complex,A_ARG129,5,68.27961730957031,48.87939453125,53.74132537841797,539.5329360961914,49.25828552246094,1806.813232421875
probe4c1_kinematic_complex,A_ARG129,6,68.27961730957031,48.87939453125,53.74132537841797,539.5329360961914,49.25828552246094,1806.813232421875
probe4c1_kinematic_complex,A_ARG129,7,68.27961730957031,48.87939453125,53.74132537841797,539.5329360961914,49.25828552246094,1806.813232421875
probe4c1_kinematic_complex,A_ARG129,8,68.27961730957031,48.87939453125,53.74132537841797,539.5329360961914,49.25828552246094,1806.813232421875
probe4c1_kinematic_complex,A_ARG129,9,68.27961730957031,48.87939453125,53.74132537841797,539.5329360961914,49.25828552246094,1806.813232421875
probe4c1_kinematic_complex,A_ARG129,10,68.27961730957031,48.87939453125,53.74132537841797,539.5329360961914,49.25828552246094,1806.813232421875
probe4c1_kinematic_complex,A_ARG129,11,68.27961730957031,48.87939453125,53.74132537841797,539.5329360961914,49.25828552246094,1806.813232421875
probe4c1_kinematic_complex,A_ARG129,12,68.27961730957031,48.87939453125,53.74132537841797,539.5329360961914,49.25828552246094,1806.813232421875
probe4c1_kinematic_complex,A_ARG129,13,68.27961730957031,48.87939453125,53.74132537841797,539.5329360961914,49.25828552246094,1806.813232421875
probe4c1_kinematic_complex,A_ARG129,14,68.27961730957031,48.87939453125,53.74132537841797,539.5329360961914,49.25828552246094,1806.813232421875
probe4c1_kinematic_complex,A_ARG129,15,68.27961730957031,48.87939453125,53.74132537841797,539.5329360961914,49.25828552246094,1806.813232421875
probe4c1_kinematic_complex,A_ARG129,16,68.27961730957031,48.87939453125,53.74132537841797,539.5329360961914,49.25828552246094,1806.813232421875
probe4c1_kinematic_complex,A_ARG129,17,68.27961730957031,48.87939453125,53.74132537841797,539.5329360961914,49.25828552246094,1806.813232421875
probe4c1_kinematic_complex,A_ARG129,18,68.27961730957031,48.87939453125,53.74132537841797,539.5329360961914,49.25828552246094,1806.813232421875
probe4c1_kinematic_complex,A_ARG129,19,68.27961730957031,48.87939453125,53.74132537841797,539.5329360961914,49.25828552246094,1806.813232421875
probe4c1_kinematic_complex,A_ARG129,20,68.27961730957031,48.87939453125,53.74132537841797,539.5329360961914,49.25828552246094,1806.813232421875
probe4c1_kinematic_complex,A_ARG129,21,68.27961730957031,48.87939453125,53.74132537841797,539.5329360961914,49.25828552246094,1806.813232421875
probe4c1_kinematic_complex,A_ARG129,22,68.27961730957031,48.87939453125,53.74132537841797,539.5329360961914,49.25828552246094,1806.813232421875
probe4c1_kinematic_complex,A_ARG129,23,68.27961730957031,48.87939453125,53.74132537841797,539.5329360961914,49.25828552246094,1806.813232421875
probe4c1_kinematic_complex,A_ARG129,24,68.27961730957031,48.87939453125,53.74132537841797,539.5329360961914,49.25828552246094,1806.813232421875
probe4c1_kinematic_complex,A_ARG129,25,68.27961730957031,48.87939453125,53.74132537841797,539.5329360961914,49.25828552246094,1806.813232421875
probe4c1_kinematic_complex,A_ARG129,26,68.27961730957031,48.87939453125,53.74132537841797,539.5329360961914,49.25828552246094,1806.813232421875
probe4c1_kinematic_complex,A_ARG129,27,68.27961730957031,48.87939453125,53.74132537841797,539.5329360961914,49.25828552246094,1806.813232421875
probe4c1_kinematic_complex,A_ARG129,28,68.27961730957031,48.87939453125,53.74132537841797,539.5329360961914,49.25828552246094,1806.813232421875
probe4c1_kinematic_complex,A_ARG129,29,68.27961730957031,48.87939453125,53.74132537841797,539.5329360961914,49.25828552246094,1806.813232421875
probe4c1_kinematic_complex,A_ARG129,30,68.27961730957031,48.87939453125,53.74132537841797,539.5329360961914,49.25828552246094,1806.813232421875
probe4c1_kinematic_complex,A_ARG129,31,68.27961730957031,48.87939453125,53.74132537841797,539.5329360961914,49.25828552246094,1806.813232421875
probe4c1_kinematic_complex,A_ARG129,32,68.27961730957031,48.87939453125,53.74132537841797,539.5329360961914,49.25828552246094,1806.813232421875
probe4c1_kinematic_complex,A_ARG129,33,68.27961730957031,48.87939453125,53.74132537841797,539.5329360961914,49.25828552246094,1806.813232421875
probe4c1_kinematic_complex,A_ARG129,34,68.27961730957031,48.87939453125,53.74132537841797,539.5329360961914,49.25828552246094,1806.813232421875
probe4c1_kinematic_complex,A_ARG129,35,68.27961730957031,48.87939453125,53.74132537841797,539.5329360961914,49.25828552246094,1806.813232421875
probe4c1_kinematic_complex,A_ARG129,36,68.27961730957031,48.87939453125,53.74132537841797,539.5329360961914,49.25828552246094,1806.813232421875
probe4c1_kinematic_complex,A_ARG129,37,68.27961730957031,48.87939453125,53.74132537841797,539.5329360961914,49.25828552246094,1806.813232421875
probe4c1_kinematic_complex,A_ARG129,38,68.27961730957031,48.87939453125,53.74132537841797,539.5329360961914,49.25828552246094,1806.813232421875
probe4c1_kinematic_complex,A_ARG129,39,68.27961730957031,48.87939453125,53.74132537841797,539.5329360961914,49.25828552246094,1806.813232421875
probe4c1_kinematic_complex,A_ARG129,40,68.27961730957031,48.87939453125,53.74132537841797,539.5329360961914,49.25828552246094,1806.813232421875
probe4c1_kinematic_complex,A_ARG129,41,68.27961730957031,48.87939453125,53.74132537841797,539.5329360961914,49.25828552246094,1806.813232421875
probe4c1_kinematic_complex,A_ARG129,42,68.27961730957031,48.87939453125,53.74132537841797,539.5329360961914,49.25828552246094,1806.813232421875
probe4c1_kinematic_complex,A_ARG129,43,68.27961730957031,48.87939453125,53.74132537841797,539.5329360961914,49.25828552246094,1806.813232421875
probe4c1_kinematic_complex,A_ARG129,44,68.27961730957031,48.87939453125,53.74132537841797,539.5329360961914,49.25828552246094,1806.813232421875
probe4c1_kinematic_complex,A_ARG129,45,68.27961730957031,48.87939453125,53.74132537841797,539.5329360961914,49.25828552246094,1806.813232421875
probe4c1_kinematic_complex,A_ARG129,46,68.27961730957031,48.87939453125,53.74132537841797,539.5329360961914,49.25828552246094,1806.813232421875
probe4c1_kinematic_complex,A_ARG129,47,68.27961730957031,48.87939453125,53.74132537841797,539.5329360961914,49.25828552246094,1806.813232421875
probe4c1_kinematic_complex,A_ARG129,48,68.27961730957031,48.87939453125,53.74132537841797,539.5329360961914,49.25828552246094,1806.813232421875
probe4c1_kinematic_complex,A_ARG129,49,68.27961730957031,48.87939453125,53.74132537841797,539.5329360961914,49.25828552246094,1806.813232421875
probe4c2_A_soft_synthetic,A_ARG129,0,51.61632537841797,48.87939453125,53.74132537841797,539.5329360961914,49.25828552246094,1806.813232421875
probe4c2_A_soft_synthetic,A_ARG129,1,51.61632537841797,48.87939453125,53.74132537841797,539.5329360961914,49.25828552246094,1806.813232421875
probe4c2_A_soft_synthetic,A_ARG129,2,51.61632537841797,48.87939453125,53.74132537841797,539.5329360961914,49.25828552246094,1806.813232421875
probe4c2_A_soft_synthetic,A_ARG129,3,51.61632537841797,48.87939453125,53.74132537841797,539.5329360961914,49.25828552246094,1806.813232421875
probe4c2_A_soft_synthetic,A_ARG129,4,51.61632537841797,48.87939453125,53.74132537841797,539.5329360961914,49.25828552246094,1806.813232421875
probe4c2_A_soft_synthetic,A_ARG129,5,51.61632537841797,48.87939453125,53.74132537841797,539.5329360961914,49.25828552246094,1806.813232421875
probe4c2_A_soft_synthetic,A_ARG129,6,51.61632537841797,48.87939453125,53.74132537841797,539.5329360961914,49.25828552246094,1806.813232421875
probe4c2_A_soft_synthetic,A_ARG129,7,51.61632537841797,48.87939453125,53.74132537841797,539.5329360961914,49.25828552246094,1806.813232421875
probe4c2_A_soft_synthetic,A_ARG129,8,51.61632537841797,48.87939453125,53.74132537841797,539.5329360961914,49.25828552246094,1806.813232421875
probe4c2_A_soft_synthetic,A_ARG129,9,51.61632537841797,48.87939453125,53.74132537841797,539.5329360961914,49.25828552246094,1806.813232421875
probe4c2_A_soft_synthetic,A_ARG129,10,51.61632537841797,48.87939453125,53.74132537841797,539.5329360961914,49.25828552246094,1806.813232421875
probe4c2_A_soft_synthetic,A_ARG129,11,51.61632537841797,48.87939453125,53.74132537841797,539.5329360961914,49.25828552246094,1806.813232421875
probe4c2_A_soft_synthetic,A_ARG129,12,51.61632537841797,48.87939453125,53.74132537841797,539.5329360961914,49.25828552246094,1806.813232421875
probe4c2_A_soft_synthetic,A_ARG129,13,51.61632537841797,48.87939453125,53.74132537841797,539.5329360961914,49.25828552246094,1806.813232421875
probe4c2_A_soft_synthetic,A_ARG129,14,51.61632537841797,48.87939453125,53.74132537841797,539.5329360961914,49.25828552246094,1806.813232421875
probe4c2_A_soft_synthetic,A_ARG129,15,51.61632537841797,48.87939453125,53.74132537841797,539.5329360961914,49.25828552246094,1806.813232421875
probe4c2_A_soft_synthetic,A_ARG129,16,51.61632537841797,48.87939453125,53.74132537841797,539.5329360961914,49.25828552246094,1806.813232421875
probe4c2_A_soft_synthetic,A_ARG129,17,51.61632537841797,48.87939453125,53.74132537841797,539.5329360961914,49.25828552246094,1806.813232421875
probe4c2_A_soft_synthetic,A_ARG129,18,51.61632537841797,48.87939453125,53.74132537841797,539.5329360961914,49.25828552246094,1806.813232421875
probe4c2_A_soft_synthetic,A_ARG129,19,51.61632537841797,48.87939453125,53.74132537841797,539.5329360961914,49.25828552246094,1806.813232421875
probe4c2_A_soft_synthetic,A_ARG129,20,51.61632537841797,48.87939453125,53.74132537841797,539.5329360961914,49.25828552246094,1806.813232421875
probe4c2_A_soft_synthetic,A_ARG129,21,51.61632537841797,48.87939453125,53.74132537841797,539.5329360961914,49.25828552246094,1806.813232421875
probe4c2_A_soft_synthetic,A_ARG129,22,51.61632537841797,48.87939453125,53.74132537841797,539.5329360961914,49.25828552246094,1806.813232421875
probe4c2_A_soft_synthetic,A_ARG129,23,51.61632537841797,48.87939453125,53.74132537841797,539.5329360961914,49.25828552246094,1806.813232421875
probe4c2_A_soft_synthetic,A_ARG129,24,51.61632537841797,48.87939453125,53.74132537841797,539.5329360961914,49.25828552246094,1806.813232421875
probe4c2_A_soft_synthetic,A_ARG129,25,51.61632537841797,48.87939453125,53.74132537841797,539.5329360961914,49.25828552246094,1806.813232421875
probe4c2_A_soft_synthetic,A_ARG129,26,51.61632537841797,48.87939453125,53.74132537841797,539.5329360961914,49.25828552246094,1806.813232421875
probe4c2_A_soft_synthetic,A_ARG129,27,51.61632537841797,48.87939453125,53.74132537841797,539.5329360961914,49.25828552246094,1806.813232421875
probe4c2_A_soft_synthetic,A_ARG129,28,51.61632537841797,48.87939453125,53.74132537841797,539.5329360961914,49.25828552246094,1806.813232421875
probe4c2_A_soft_synthetic,A_ARG129,29,51.61632537841797,48.87939453125,53.74132537841797,539.5329360961914,49.25828552246094,1806.813232421875
probe4c2_A_soft_synthetic,A_ARG129,30,51.61632537841797,48.87939453125,53.74132537841797,539.5329360961914,49.25828552246094,1806.813232421875
probe4c2_A_soft_synthetic,A_ARG129,31,51.61632537841797,48.87939453125,53.74132537841797,539.5329360961914,49.25828552246094,1806.813232421875
probe4c2_A_soft_synthetic,A_ARG129,32,51.61632537841797,48.87939453125,53.74132537841797,539.5329360961914,49.25828552246094,1806.813232421875
probe4c2_A_soft_synthetic,A_ARG129,33,51.61632537841797,48.87939453125,53.74132537841797,539.5329360961914,49.25828552246094,1806.813232421875
probe4c2_A_soft_synthetic,A_ARG129,34,51.61632537841797,48.87939453125,53.74132537841797,539.5329360961914,49.25828552246094,1806.813232421875
probe4c2_A_soft_synthetic,A_ARG129,35,51.61632537841797,48.87939453125,53.74132537841797,539.5329360961914,49.25828552246094,1806.813232421875
probe4c2_A_soft_synthetic,A_ARG129,36,51.61632537841797,48.87939453125,53.74132537841797,539.5329360961914,49.25828552246094,1806.813232421875
probe4c2_A_soft_synthetic,A_ARG129,37,51.61632537841797,48.87939453125,53.74132537841797,539.5329360961914,49.25828552246094,1806.813232421875
probe4c2_A_soft_synthetic,A_ARG129,38,51.61632537841797,48.87939453125,53.74132537841797,539.5329360961914,49.25828552246094,1806.813232421875
probe4c2_A_soft_synthetic,A_ARG129,39,51.61632537841797,48.87939453125,53.74132537841797,539.5329360961914,49.25828552246094,1806.813232421875
probe4c2_A_soft_synthetic,A_ARG129,40,51.61632537841797,48.87939453125,53.74132537841797,539.5329360961914,49.25828552246094,1806.813232421875
probe4c2_A_soft_synthetic,A_ARG129,41,51.61632537841797,48.87939453125,53.74132537841797,539.5329360961914,49.25828552246094,1806.813232421875
probe4c2_A_soft_synthetic,A_ARG129,42,51.61632537841797,48.87939453125,53.74132537841797,539.5329360961914,49.25828552246094,1806.813232421875
probe4c2_A_soft_synthetic,A_ARG129,43,51.61632537841797,48.87939453125,53.74132537841797,539.5329360961914,49.25828552246094,1806.813232421875
probe4c2_A_soft_synthetic,A_ARG129,44,51.61632537841797,48.87939453125,53.74132537841797,539.5329360961914,49.25828552246094,1806.813232421875
probe4c2_A_soft_synthetic,A_ARG129,45,51.61632537841797,48.87939453125,53.74132537841797,539.5329360961914,49.25828552246094,1806.813232421875
probe4c2_A_soft_synthetic,A_ARG129,46,51.61632537841797,48.87939453125,53.74132537841797,539.5329360961914,49.25828552246094,1806.813232421875
probe4c2_A_soft_synthetic,A_ARG129,47,51.61632537841797,48.87939453125,53.74132537841797,539.5329360961914,49.25828552246094,1806.813232421875
probe4c2_A_soft_synthetic,A_ARG129,48,51.61632537841797,48.87939453125,53.74132537841797,539.5329360961914,49.25828552246094,1806.813232421875
probe4c2_A_soft_synthetic,A_ARG129,49,51.61632537841797,48.87939453125,53.74132537841797,539.5329360961914,49.25828552246094,1806.813232421875
probe4c2_B_soft_localized,A_ARG129,0,52.56689453125,48.87939453125,53.74132537841797,539.5329360961914,49.25828552246094,1806.813232421875
probe4c2_B_soft_localized,A_ARG129,1,52.56689453125,48.87939453125,53.74132537841797,539.5329360961914,49.25828552246094,1806.813232421875
probe4c2_B_soft_localized,A_ARG129,2,52.56689453125,48.87939453125,53.74132537841797,539.5329360961914,49.25828552246094,1806.813232421875
probe4c2_B_soft_localized,A_ARG129,3,52.56689453125,48.87939453125,53.74132537841797,539.5329360961914,49.25828552246094,1806.813232421875
probe4c2_B_soft_localized,A_ARG129,4,52.56689453125,48.87939453125,53.74132537841797,539.5329360961914,49.25828552246094,1806.813232421875
probe4c2_B_soft_localized,A_ARG129,5,52.56689453125,48.87939453125,53.74132537841797,539.5329360961914,49.25828552246094,1806.813232421875
probe4c2_B_soft_localized,A_ARG129,6,52.56689453125,48.87939453125,53.74132537841797,539.5329360961914,49.25828552246094,1806.813232421875
probe4c2_B_soft_localized,A_ARG129,7,52.56689453125,48.87939453125,53.74132537841797,539.5329360961914,49.25828552246094,1806.813232421875
probe4c2_B_soft_localized,A_ARG129,8,52.56689453125,48.87939453125,53.74132537841797,539.5329360961914,49.25828552246094,1806.813232421875
probe4c2_B_soft_localized,A_ARG129,9,52.56689453125,48.87939453125,53.74132537841797,539.5329360961914,49.25828552246094,1806.813232421875
probe4c2_B_soft_localized,A_ARG129,10,52.56689453125,48.87939453125,53.74132537841797,539.5329360961914,49.25828552246094,1806.813232421875
probe4c2_B_soft_localized,A_ARG129,11,52.56689453125,48.87939453125,53.74132537841797,539.5329360961914,49.25828552246094,1806.813232421875
probe4c2_B_soft_localized,A_ARG129,12,52.56689453125,48.87939453125,53.74132537841797,539.5329360961914,49.25828552246094,1806.813232421875
probe4c2_B_soft_localized,A_ARG129,13,52.56689453125,48.87939453125,53.74132537841797,539.5329360961914,49.25828552246094,1806.813232421875
probe4c2_B_soft_localized,A_ARG129,14,52.56689453125,48.87939453125,53.74132537841797,539.5329360961914,49.25828552246094,1806.813232421875
probe4c2_B_soft_localized,A_ARG129,15,52.56689453125,48.87939453125,53.74132537841797,539.5329360961914,49.25828552246094,1806.813232421875
probe4c2_B_soft_localized,A_ARG129,16,52.56689453125,48.87939453125,53.74132537841797,539.5329360961914,49.25828552246094,1806.813232421875
probe4c2_B_soft_localized,A_ARG129,17,52.56689453125,48.87939453125,53.74132537841797,539.5329360961914,49.25828552246094,1806.813232421875
probe4c2_B_soft_localized,A_ARG129,18,52.56689453125,48.87939453125,53.74132537841797,539.5329360961914,49.25828552246094,1806.813232421875
probe4c2_B_soft_localized,A_ARG129,19,52.56689453125,48.87939453125,53.74132537841797,539.5329360961914,49.25828552246094,1806.813232421875
probe4c2_B_soft_localized,A_ARG129,20,52.56689453125,48.87939453125,53.74132537841797,539.5329360961914,49.25828552246094,1806.813232421875
probe4c2_B_soft_localized,A_ARG129,21,52.56689453125,48.87939453125,53.74132537841797,539.5329360961914,49.25828552246094,1806.813232421875
probe4c2_B_soft_localized,A_ARG129,22,52.56689453125,48.87939453125,53.74132537841797,539.5329360961914,49.25828552246094,1806.813232421875
probe4c2_B_soft_localized,A_ARG129,23,52.56689453125,48.87939453125,53.74132537841797,539.5329360961914,49.25828552246094,1806.813232421875
probe4c2_B_soft_localized,A_ARG129,24,52.56689453125,48.87939453125,53.74132537841797,539.5329360961914,49.25828552246094,1806.813232421875
probe4c2_B_soft_localized,A_ARG129,25,52.56689453125,48.87939453125,53.74132537841797,539.5329360961914,49.25828552246094,1806.813232421875
probe4c2_B_soft_localized,A_ARG129,26,52.56689453125,48.87939453125,53.74132537841797,539.5329360961914,49.25828552246094,1806.813232421875
probe4c2_B_soft_localized,A_ARG129,27,52.56689453125,48.87939453125,53.74132537841797,539.5329360961914,49.25828552246094,1806.813232421875
probe4c2_B_soft_localized,A_ARG129,28,52.56689453125,48.87939453125,53.74132537841797,539.5329360961914,49.25828552246094,1806.813232421875
probe4c2_B_soft_localized,A_ARG129,29,52.56689453125,48.87939453125,53.74132537841797,539.5329360961914,49.25828552246094,1806.813232421875
probe4c2_B_soft_localized,A_ARG129,30,52.56689453125,48.87939453125,53.74132537841797,539.5329360961914,49.25828552246094,1806.813232421875
probe4c2_B_soft_localized,A_ARG129,31,52.56689453125,48.87939453125,53.74132537841797,539.5329360961914,49.25828552246094,1806.813232421875
probe4c2_B_soft_localized,A_ARG129,32,52.56689453125,48.87939453125,53.74132537841797,539.5329360961914,49.25828552246094,1806.813232421875
probe4c2_B_soft_localized,A_ARG129,33,52.56689453125,48.87939453125,53.74132537841797,539.5329360961914,49.25828552246094,1806.813232421875
probe4c2_B_soft_localized,A_ARG129,34,52.56689453125,48.87939453125,53.74132537841797,539.5329360961914,49.25828552246094,1806.813232421875
probe4c2_B_soft_localized,A_ARG129,35,52.56689453125,48.87939453125,53.74132537841797,539.5329360961914,49.25828552246094,1806.813232421875
probe4c2_B_soft_localized,A_ARG129,36,52.56689453125,48.87939453125,53.74132537841797,539.5329360961914,49.25828552246094,1806.813232421875
probe4c2_B_soft_localized,A_ARG129,37,52.56689453125,48.87939453125,53.74132537841797,539.5329360961914,49.25828552246094,1806.813232421875
probe4c2_B_soft_localized,A_ARG129,38,52.56689453125,48.87939453125,53.74132537841797,539.5329360961914,49.25828552246094,1806.813232421875
probe4c2_B_soft_localized,A_ARG129,39,52.56689453125,48.87939453125,53.74132537841797,539.5329360961914,49.25828552246094,1806.813232421875
probe4c2_B_soft_localized,A_ARG129,40,52.56689453125,48.87939453125,53.74132537841797,539.5329360961914,49.25828552246094,1806.813232421875
probe4c2_B_soft_localized,A_ARG129,41,52.56689453125,48.87939453125,53.74132537841797,539.5329360961914,49.25828552246094,1806.813232421875
probe4c2_B_soft_localized,A_ARG129,42,52.56689453125,48.87939453125,53.74132537841797,539.5329360961914,49.25828552246094,1806.813232421875
probe4c2_B_soft_localized,A_ARG129,43,52.56689453125,48.87939453125,53.74132537841797,539.5329360961914,49.25828552246094,1806.813232421875
probe4c2_B_soft_localized,A_ARG129,44,52.56689453125,48.87939453125,53.74132537841797,539.5329360961914,49.25828552246094,1806.813232421875
probe4c2_B_soft_localized,A_ARG129,45,52.56689453125,48.87939453125,53.74132537841797,539.5329360961914,49.25828552246094,1806.813232421875
probe4c2_B_soft_localized,A_ARG129,46,52.56689453125,48.87939453125,53.74132537841797,539.5329360961914,49.25828552246094,1806.813232421875
probe4c2_B_soft_localized,A_ARG129,47,52.56689453125,48.87939453125,53.74132537841797,539.5329360961914,49.25828552246094,1806.813232421875
probe4c2_B_soft_localized,A_ARG129,48,52.56689453125,48.87939453125,53.74132537841797,539.5329360961914,49.25828552246094,1806.813232421875
probe4c2_B_soft_localized,A_ARG129,49,52.56689453125,48.87939453125,53.74132537841797,539.5329360961914,49.25828552246094,1806.813232421875
probe4c2_C_soft_realspace,A_ARG129,0,55.5566520690918,48.87939453125,53.74132537841797,539.5329360961914,49.25828552246094,1806.813232421875
probe4c2_C_soft_realspace,A_ARG129,1,55.5566520690918,48.87939453125,53.74132537841797,539.5329360961914,49.25828552246094,1806.813232421875
probe4c2_C_soft_realspace,A_ARG129,2,55.5566520690918,48.87939453125,53.74132537841797,539.5329360961914,49.25828552246094,1806.813232421875
probe4c2_C_soft_realspace,A_ARG129,3,55.5566520690918,48.87939453125,53.74132537841797,539.5329360961914,49.25828552246094,1806.813232421875
probe4c2_C_soft_realspace,A_ARG129,4,55.5566520690918,48.87939453125,53.74132537841797,539.5329360961914,49.25828552246094,1806.813232421875
probe4c2_C_soft_realspace,A_ARG129,5,55.5566520690918,48.87939453125,53.74132537841797,539.5329360961914,49.25828552246094,1806.813232421875
probe4c2_C_soft_realspace,A_ARG129,6,55.5566520690918,48.87939453125,53.74132537841797,539.5329360961914,49.25828552246094,1806.813232421875
probe4c2_C_soft_realspace,A_ARG129,7,55.5566520690918,48.87939453125,53.74132537841797,539.5329360961914,49.25828552246094,1806.813232421875
probe4c2_C_soft_realspace,A_ARG129,8,55.5566520690918,48.87939453125,53.74132537841797,539.5329360961914,49.25828552246094,1806.813232421875
probe4c2_C_soft_realspace,A_ARG129,9,55.5566520690918,48.87939453125,53.74132537841797,539.5329360961914,49.25828552246094,1806.813232421875
probe4c2_C_soft_realspace,A_ARG129,10,55.5566520690918,48.87939453125,53.74132537841797,539.5329360961914,49.25828552246094,1806.813232421875
probe4c2_C_soft_realspace,A_ARG129,11,55.5566520690918,48.87939453125,53.74132537841797,539.5329360961914,49.25828552246094,1806.813232421875
probe4c2_C_soft_realspace,A_ARG129,12,55.5566520690918,48.87939453125,53.74132537841797,539.5329360961914,49.25828552246094,1806.813232421875
probe4c2_C_soft_realspace,A_ARG129,13,55.5566520690918,48.87939453125,53.74132537841797,539.5329360961914,49.25828552246094,1806.813232421875
probe4c2_C_soft_realspace,A_ARG129,14,55.5566520690918,48.87939453125,53.74132537841797,539.5329360961914,49.25828552246094,1806.813232421875
probe4c2_C_soft_realspace,A_ARG129,15,55.5566520690918,48.87939453125,53.74132537841797,539.5329360961914,49.25828552246094,1806.813232421875
probe4c2_C_soft_realspace,A_ARG129,16,55.5566520690918,48.87939453125,53.74132537841797,539.5329360961914,49.25828552246094,1806.813232421875
probe4c2_C_soft_realspace,A_ARG129,17,55.5566520690918,48.87939453125,53.74132537841797,539.5329360961914,49.25828552246094,1806.813232421875
probe4c2_C_soft_realspace,A_ARG129,18,55.5566520690918,48.87939453125,53.74132537841797,539.5329360961914,49.25828552246094,1806.813232421875
probe4c2_C_soft_realspace,A_ARG129,19,55.5566520690918,48.87939453125,53.74132537841797,539.5329360961914,49.25828552246094,1806.813232421875
probe4c2_C_soft_realspace,A_ARG129,20,55.5566520690918,48.87939453125,53.74132537841797,539.5329360961914,49.25828552246094,1806.813232421875
probe4c2_C_soft_realspace,A_ARG129,21,55.5566520690918,48.87939453125,53.74132537841797,539.5329360961914,49.25828552246094,1806.813232421875
probe4c2_C_soft_realspace,A_ARG129,22,55.5566520690918,48.87939453125,53.74132537841797,539.5329360961914,49.25828552246094,1806.813232421875
probe4c2_C_soft_realspace,A_ARG129,23,55.5566520690918,48.87939453125,53.74132537841797,539.5329360961914,49.25828552246094,1806.813232421875
probe4c2_C_soft_realspace,A_ARG129,24,55.5566520690918,48.87939453125,53.74132537841797,539.5329360961914,49.25828552246094,1806.813232421875
probe4c2_C_soft_realspace,A_ARG129,25,55.5566520690918,48.87939453125,53.74132537841797,539.5329360961914,49.25828552246094,1806.813232421875
probe4c2_C_soft_realspace,A_ARG129,26,55.5566520690918,48.87939453125,53.74132537841797,539.5329360961914,49.25828552246094,1806.813232421875
probe4c2_C_soft_realspace,A_ARG129,27,55.5566520690918,48.87939453125,53.74132537841797,539.5329360961914,49.25828552246094,1806.813232421875
probe4c2_C_soft_realspace,A_ARG129,28,55.5566520690918,48.87939453125,53.74132537841797,539.5329360961914,49.25828552246094,1806.813232421875
probe4c2_C_soft_realspace,A_ARG129,29,55.5566520690918,48.87939453125,53.74132537841797,539.5329360961914,49.25828552246094,1806.813232421875
probe4c2_C_soft_realspace,A_ARG129,30,55.5566520690918,48.87939453125,53.74132537841797,539.5329360961914,49.25828552246094,1806.813232421875
probe4c2_C_soft_realspace,A_ARG129,31,55.5566520690918,48.87939453125,53.74132537841797,539.5329360961914,49.25828552246094,1806.813232421875
probe4c2_C_soft_realspace,A_ARG129,32,55.5566520690918,48.87939453125,53.74132537841797,539.5329360961914,49.25828552246094,1806.813232421875
probe4c2_C_soft_realspace,A_ARG129,33,55.5566520690918,48.87939453125,53.74132537841797,539.5329360961914,49.25828552246094,1806.813232421875
probe4c2_C_soft_realspace,A_ARG129,34,55.5566520690918,48.87939453125,53.74132537841797,539.5329360961914,49.25828552246094,1806.813232421875
probe4c2_C_soft_realspace,A_ARG129,35,55.5566520690918,48.87939453125,53.74132537841797,539.5329360961914,49.25828552246094,1806.813232421875
probe4c2_C_soft_realspace,A_ARG129,36,55.5566520690918,48.87939453125,53.74132537841797,539.5329360961914,49.25828552246094,1806.813232421875
probe4c2_C_soft_realspace,A_ARG129,37,55.5566520690918,48.87939453125,53.74132537841797,539.5329360961914,49.25828552246094,1806.813232421875
probe4c2_C_soft_realspace,A_ARG129,38,55.5566520690918,48.87939453125,53.74132537841797,539.5329360961914,49.25828552246094,1806.813232421875
probe4c2_C_soft_realspace,A_ARG129,39,55.5566520690918,48.87939453125,53.74132537841797,539.5329360961914,49.25828552246094,1806.813232421875
probe4c2_C_soft_realspace,A_ARG129,40,55.5566520690918,48.87939453125,53.74132537841797,539.5329360961914,49.25828552246094,1806.813232421875
probe4c2_C_soft_realspace,A_ARG129,41,55.5566520690918,48.87939453125,53.74132537841797,539.5329360961914,49.25828552246094,1806.813232421875
probe4c2_C_soft_realspace,A_ARG129,42,55.5566520690918,48.87939453125,53.74132537841797,539.5329360961914,49.25828552246094,1806.813232421875
probe4c2_C_soft_realspace,A_ARG129,43,55.5566520690918,48.87939453125,53.74132537841797,539.5329360961914,49.25828552246094,1806.813232421875
probe4c2_C_soft_realspace,A_ARG129,44,55.5566520690918,48.87939453125,53.74132537841797,539.5329360961914,49.25828552246094,1806.813232421875
probe4c2_C_soft_realspace,A_ARG129,45,55.5566520690918,48.87939453125,53.74132537841797,539.5329360961914,49.25828552246094,1806.813232421875
probe4c2_C_soft_realspace,A_ARG129,46,55.5566520690918,48.87939453125,53.74132537841797,539.5329360961914,49.25828552246094,1806.813232421875
probe4c2_C_soft_realspace,A_ARG129,47,55.5566520690918,48.87939453125,53.74132537841797,539.5329360961914,49.25828552246094,1806.813232421875
probe4c2_C_soft_realspace,A_ARG129,48,55.5566520690918,48.87939453125,53.74132537841797,539.5329360961914,49.25828552246094,1806.813232421875
probe4c2_C_soft_realspace,A_ARG129,49,55.5566520690918,48.87939453125,53.74132537841797,539.5329360961914,49.25828552246094,1806.813232421875
probe4c1_kinematic_complex,B_MET112,0,28.482864379882812,25.182567596435547,26.873756408691406,86.76152687072754,24.904254913330078,333.29803466796875
probe4c1_kinematic_complex,B_MET112,1,28.482864379882812,25.182567596435547,26.873756408691406,86.76152687072754,24.904254913330078,333.29803466796875
probe4c1_kinematic_complex,B_MET112,2,28.482864379882812,25.182567596435547,26.873756408691406,86.76152687072754,24.904254913330078,333.29803466796875
probe4c1_kinematic_complex,B_MET112,3,28.482864379882812,25.182567596435547,26.873756408691406,86.76152687072754,24.904254913330078,333.29803466796875
probe4c1_kinematic_complex,B_MET112,4,28.482864379882812,25.182567596435547,26.873756408691406,86.76152687072754,24.904254913330078,333.29803466796875
probe4c1_kinematic_complex,B_MET112,5,28.482864379882812,25.182567596435547,26.873756408691406,86.76152687072754,24.904254913330078,333.29803466796875
probe4c1_kinematic_complex,B_MET112,6,28.482864379882812,25.182567596435547,26.873756408691406,86.76152687072754,24.904254913330078,333.29803466796875
probe4c1_kinematic_complex,B_MET112,7,28.482864379882812,25.182567596435547,26.873756408691406,86.76152687072754,24.904254913330078,333.29803466796875
probe4c1_kinematic_complex,B_MET112,8,28.482864379882812,25.182567596435547,26.873756408691406,86.76152687072754,24.904254913330078,333.29803466796875
probe4c1_kinematic_complex,B_MET112,9,28.482864379882812,25.182567596435547,26.873756408691406,86.76152687072754,24.904254913330078,333.29803466796875
probe4c1_kinematic_complex,B_MET112,10,28.482864379882812,25.182567596435547,26.873756408691406,86.76152687072754,24.904254913330078,333.29803466796875
probe4c1_kinematic_complex,B_MET112,11,28.482864379882812,25.182567596435547,26.873756408691406,86.76152687072754,24.904254913330078,333.29803466796875
probe4c1_kinematic_complex,B_MET112,12,28.482864379882812,25.182567596435547,26.873756408691406,86.76152687072754,24.904254913330078,333.29803466796875
probe4c1_kinematic_complex,B_MET112,13,28.482864379882812,25.182567596435547,26.873756408691406,86.76152687072754,24.904254913330078,333.29803466796875
probe4c1_kinematic_complex,B_MET112,14,28.482864379882812,25.182567596435547,26.873756408691406,86.76152687072754,24.904254913330078,333.29803466796875
probe4c1_kinematic_complex,B_MET112,15,28.482864379882812,25.182567596435547,26.873756408691406,86.76152687072754,24.904254913330078,333.29803466796875
probe4c1_kinematic_complex,B_MET112,16,28.482864379882812,25.182567596435547,26.873756408691406,86.76152687072754,24.904254913330078,333.29803466796875
probe4c1_kinematic_complex,B_MET112,17,28.482864379882812,25.182567596435547,26.873756408691406,86.76152687072754,24.904254913330078,333.29803466796875
probe4c1_kinematic_complex,B_MET112,18,28.482864379882812,25.182567596435547,26.873756408691406,86.76152687072754,24.904254913330078,333.29803466796875
probe4c1_kinematic_complex,B_MET112,19,28.482864379882812,25.182567596435547,26.873756408691406,86.76152687072754,24.904254913330078,333.29803466796875
probe4c1_kinematic_complex,B_MET112,20,28.482864379882812,25.182567596435547,26.873756408691406,86.76152687072754,24.904254913330078,333.29803466796875
probe4c1_kinematic_complex,B_MET112,21,28.482864379882812,25.182567596435547,26.873756408691406,86.76152687072754,24.904254913330078,333.29803466796875
probe4c1_kinematic_complex,B_MET112,22,28.482864379882812,25.182567596435547,26.873756408691406,86.76152687072754,24.904254913330078,333.29803466796875
probe4c1_kinematic_complex,B_MET112,23,28.482864379882812,25.182567596435547,26.873756408691406,86.76152687072754,24.904254913330078,333.29803466796875
probe4c1_kinematic_complex,B_MET112,24,28.482864379882812,25.182567596435547,26.873756408691406,86.76152687072754,24.904254913330078,333.29803466796875
probe4c1_kinematic_complex,B_MET112,25,28.482864379882812,25.182567596435547,26.873756408691406,86.76152687072754,24.904254913330078,333.29803466796875
probe4c1_kinematic_complex,B_MET112,26,28.482864379882812,25.182567596435547,26.873756408691406,86.76152687072754,24.904254913330078,333.29803466796875
probe4c1_kinematic_complex,B_MET112,27,28.482864379882812,25.182567596435547,26.873756408691406,86.76152687072754,24.904254913330078,333.29803466796875
probe4c1_kinematic_complex,B_MET112,28,28.482864379882812,25.182567596435547,26.873756408691406,86.76152687072754,24.904254913330078,333.29803466796875
probe4c1_kinematic_complex,B_MET112,29,28.482864379882812,25.182567596435547,26.873756408691406,86.76152687072754,24.904254913330078,333.29803466796875
probe4c1_kinematic_complex,B_MET112,30,28.482864379882812,25.182567596435547,26.873756408691406,86.76152687072754,24.904254913330078,333.29803466796875
probe4c1_kinematic_complex,B_MET112,31,28.482864379882812,25.182567596435547,26.873756408691406,86.76152687072754,24.904254913330078,333.29803466796875
probe4c1_kinematic_complex,B_MET112,32,28.482864379882812,25.182567596435547,26.873756408691406,86.76152687072754,24.904254913330078,333.29803466796875
probe4c1_kinematic_complex,B_MET112,33,28.482864379882812,25.182567596435547,26.873756408691406,86.76152687072754,24.904254913330078,333.29803466796875
probe4c1_kinematic_complex,B_MET112,34,28.482864379882812,25.182567596435547,26.873756408691406,86.76152687072754,24.904254913330078,333.29803466796875
probe4c1_kinematic_complex,B_MET112,35,28.482864379882812,25.182567596435547,26.873756408691406,86.76152687072754,24.904254913330078,333.29803466796875
probe4c1_kinematic_complex,B_MET112,36,28.482864379882812,25.182567596435547,26.873756408691406,86.76152687072754,24.904254913330078,333.29803466796875
probe4c1_kinematic_complex,B_MET112,37,28.482864379882812,25.182567596435547,26.873756408691406,86.76152687072754,24.904254913330078,333.29803466796875
probe4c1_kinematic_complex,B_MET112,38,28.482864379882812,25.182567596435547,26.873756408691406,86.76152687072754,24.904254913330078,333.29803466796875
probe4c1_kinematic_complex,B_MET112,39,28.482864379882812,25.182567596435547,26.873756408691406,86.76152687072754,24.904254913330078,333.29803466796875
probe4c1_kinematic_complex,B_MET112,40,28.482864379882812,25.182567596435547,26.873756408691406,86.76152687072754,24.904254913330078,333.29803466796875
probe4c1_kinematic_complex,B_MET112,41,28.482864379882812,25.182567596435547,26.873756408691406,86.76152687072754,24.904254913330078,333.29803466796875
probe4c1_kinematic_complex,B_MET112,42,28.482864379882812,25.182567596435547,26.873756408691406,86.76152687072754,24.904254913330078,333.29803466796875
probe4c1_kinematic_complex,B_MET112,43,28.482864379882812,25.182567596435547,26.873756408691406,86.76152687072754,24.904254913330078,333.29803466796875
probe4c1_kinematic_complex,B_MET112,44,28.482864379882812,25.182567596435547,26.873756408691406,86.76152687072754,24.904254913330078,333.29803466796875
probe4c1_kinematic_complex,B_MET112,45,28.482864379882812,25.182567596435547,26.873756408691406,86.76152687072754,24.904254913330078,333.29803466796875
probe4c1_kinematic_complex,B_MET112,46,28.482864379882812,25.182567596435547,26.873756408691406,86.76152687072754,24.904254913330078,333.29803466796875
probe4c1_kinematic_complex,B_MET112,47,28.482864379882812,25.182567596435547,26.873756408691406,86.76152687072754,24.904254913330078,333.29803466796875
probe4c1_kinematic_complex,B_MET112,48,28.482864379882812,25.182567596435547,26.873756408691406,86.76152687072754,24.904254913330078,333.29803466796875
probe4c1_kinematic_complex,B_MET112,49,28.482864379882812,25.182567596435547,26.873756408691406,86.76152687072754,24.904254913330078,333.29803466796875
probe4c2_A_soft_synthetic,B_MET112,0,28.145660400390625,25.182567596435547,26.873756408691406,86.76152687072754,24.904254913330078,333.29803466796875
probe4c2_A_soft_synthetic,B_MET112,1,28.145660400390625,25.182567596435547,26.873756408691406,86.76152687072754,24.904254913330078,333.29803466796875
probe4c2_A_soft_synthetic,B_MET112,2,28.145660400390625,25.182567596435547,26.873756408691406,86.76152687072754,24.904254913330078,333.29803466796875
probe4c2_A_soft_synthetic,B_MET112,3,28.145660400390625,25.182567596435547,26.873756408691406,86.76152687072754,24.904254913330078,333.29803466796875
probe4c2_A_soft_synthetic,B_MET112,4,28.145660400390625,25.182567596435547,26.873756408691406,86.76152687072754,24.904254913330078,333.29803466796875
probe4c2_A_soft_synthetic,B_MET112,5,28.145660400390625,25.182567596435547,26.873756408691406,86.76152687072754,24.904254913330078,333.29803466796875
probe4c2_A_soft_synthetic,B_MET112,6,28.145660400390625,25.182567596435547,26.873756408691406,86.76152687072754,24.904254913330078,333.29803466796875
probe4c2_A_soft_synthetic,B_MET112,7,28.145660400390625,25.182567596435547,26.873756408691406,86.76152687072754,24.904254913330078,333.29803466796875
probe4c2_A_soft_synthetic,B_MET112,8,28.145660400390625,25.182567596435547,26.873756408691406,86.76152687072754,24.904254913330078,333.29803466796875
probe4c2_A_soft_synthetic,B_MET112,9,28.145660400390625,25.182567596435547,26.873756408691406,86.76152687072754,24.904254913330078,333.29803466796875
probe4c2_A_soft_synthetic,B_MET112,10,28.145660400390625,25.182567596435547,26.873756408691406,86.76152687072754,24.904254913330078,333.29803466796875
probe4c2_A_soft_synthetic,B_MET112,11,28.145660400390625,25.182567596435547,26.873756408691406,86.76152687072754,24.904254913330078,333.29803466796875
probe4c2_A_soft_synthetic,B_MET112,12,28.145660400390625,25.182567596435547,26.873756408691406,86.76152687072754,24.904254913330078,333.29803466796875
probe4c2_A_soft_synthetic,B_MET112,13,28.145660400390625,25.182567596435547,26.873756408691406,86.76152687072754,24.904254913330078,333.29803466796875
probe4c2_A_soft_synthetic,B_MET112,14,28.145660400390625,25.182567596435547,26.873756408691406,86.76152687072754,24.904254913330078,333.29803466796875
probe4c2_A_soft_synthetic,B_MET112,15,28.145660400390625,25.182567596435547,26.873756408691406,86.76152687072754,24.904254913330078,333.29803466796875
probe4c2_A_soft_synthetic,B_MET112,16,28.145660400390625,25.182567596435547,26.873756408691406,86.76152687072754,24.904254913330078,333.29803466796875
probe4c2_A_soft_synthetic,B_MET112,17,28.145660400390625,25.182567596435547,26.873756408691406,86.76152687072754,24.904254913330078,333.29803466796875
probe4c2_A_soft_synthetic,B_MET112,18,28.145660400390625,25.182567596435547,26.873756408691406,86.76152687072754,24.904254913330078,333.29803466796875
probe4c2_A_soft_synthetic,B_MET112,19,28.145660400390625,25.182567596435547,26.873756408691406,86.76152687072754,24.904254913330078,333.29803466796875
probe4c2_A_soft_synthetic,B_MET112,20,28.145660400390625,25.182567596435547,26.873756408691406,86.76152687072754,24.904254913330078,333.29803466796875
probe4c2_A_soft_synthetic,B_MET112,21,28.145660400390625,25.182567596435547,26.873756408691406,86.76152687072754,24.904254913330078,333.29803466796875
probe4c2_A_soft_synthetic,B_MET112,22,28.145660400390625,25.182567596435547,26.873756408691406,86.76152687072754,24.904254913330078,333.29803466796875
probe4c2_A_soft_synthetic,B_MET112,23,28.145660400390625,25.182567596435547,26.873756408691406,86.76152687072754,24.904254913330078,333.29803466796875
probe4c2_A_soft_synthetic,B_MET112,24,28.145660400390625,25.182567596435547,26.873756408691406,86.76152687072754,24.904254913330078,333.29803466796875
probe4c2_A_soft_synthetic,B_MET112,25,28.145660400390625,25.182567596435547,26.873756408691406,86.76152687072754,24.904254913330078,333.29803466796875
probe4c2_A_soft_synthetic,B_MET112,26,28.145660400390625,25.182567596435547,26.873756408691406,86.76152687072754,24.904254913330078,333.29803466796875
probe4c2_A_soft_synthetic,B_MET112,27,28.145660400390625,25.182567596435547,26.873756408691406,86.76152687072754,24.904254913330078,333.29803466796875
probe4c2_A_soft_synthetic,B_MET112,28,28.145660400390625,25.182567596435547,26.873756408691406,86.76152687072754,24.904254913330078,333.29803466796875
probe4c2_A_soft_synthetic,B_MET112,29,28.145660400390625,25.182567596435547,26.873756408691406,86.76152687072754,24.904254913330078,333.29803466796875
probe4c2_A_soft_synthetic,B_MET112,30,28.145660400390625,25.182567596435547,26.873756408691406,86.76152687072754,24.904254913330078,333.29803466796875
probe4c2_A_soft_synthetic,B_MET112,31,28.145660400390625,25.182567596435547,26.873756408691406,86.76152687072754,24.904254913330078,333.29803466796875
probe4c2_A_soft_synthetic,B_MET112,32,28.145660400390625,25.182567596435547,26.873756408691406,86.76152687072754,24.904254913330078,333.29803466796875
probe4c2_A_soft_synthetic,B_MET112,33,28.145660400390625,25.182567596435547,26.873756408691406,86.76152687072754,24.904254913330078,333.29803466796875
probe4c2_A_soft_synthetic,B_MET112,34,28.145660400390625,25.182567596435547,26.873756408691406,86.76152687072754,24.904254913330078,333.29803466796875
probe4c2_A_soft_synthetic,B_MET112,35,28.145660400390625,25.182567596435547,26.873756408691406,86.76152687072754,24.904254913330078,333.29803466796875
probe4c2_A_soft_synthetic,B_MET112,36,28.145660400390625,25.182567596435547,26.873756408691406,86.76152687072754,24.904254913330078,333.29803466796875
probe4c2_A_soft_synthetic,B_MET112,37,28.145660400390625,25.182567596435547,26.873756408691406,86.76152687072754,24.904254913330078,333.29803466796875
probe4c2_A_soft_synthetic,B_MET112,38,28.145660400390625,25.182567596435547,26.873756408691406,86.76152687072754,24.904254913330078,333.29803466796875
probe4c2_A_soft_synthetic,B_MET112,39,28.145660400390625,25.182567596435547,26.873756408691406,86.76152687072754,24.904254913330078,333.29803466796875
probe4c2_A_soft_synthetic,B_MET112,40,28.145660400390625,25.182567596435547,26.873756408691406,86.76152687072754,24.904254913330078,333.29803466796875
probe4c2_A_soft_synthetic,B_MET112,41,28.145660400390625,25.182567596435547,26.873756408691406,86.76152687072754,24.904254913330078,333.29803466796875
probe4c2_A_soft_synthetic,B_MET112,42,28.145660400390625,25.182567596435547,26.873756408691406,86.76152687072754,24.904254913330078,333.29803466796875
probe4c2_A_soft_synthetic,B_MET112,43,28.145660400390625,25.182567596435547,26.873756408691406,86.76152687072754,24.904254913330078,333.29803466796875
probe4c2_A_soft_synthetic,B_MET112,44,28.145660400390625,25.182567596435547,26.873756408691406,86.76152687072754,24.904254913330078,333.29803466796875
probe4c2_A_soft_synthetic,B_MET112,45,28.145660400390625,25.182567596435547,26.873756408691406,86.76152687072754,24.904254913330078,333.29803466796875
probe4c2_A_soft_synthetic,B_MET112,46,28.145660400390625,25.182567596435547,26.873756408691406,86.76152687072754,24.904254913330078,333.29803466796875
probe4c2_A_soft_synthetic,B_MET112,47,28.145660400390625,25.182567596435547,26.873756408691406,86.76152687072754,24.904254913330078,333.29803466796875
probe4c2_A_soft_synthetic,B_MET112,48,28.145660400390625,25.182567596435547,26.873756408691406,86.76152687072754,24.904254913330078,333.29803466796875
probe4c2_A_soft_synthetic,B_MET112,49,28.145660400390625,25.182567596435547,26.873756408691406,86.76152687072754,24.904254913330078,333.29803466796875
probe4c2_B_soft_localized,B_MET112,0,27.02654266357422,25.182567596435547,26.873756408691406,86.76152687072754,24.904254913330078,333.29803466796875
probe4c2_B_soft_localized,B_MET112,1,27.02654266357422,25.182567596435547,26.873756408691406,86.76152687072754,24.904254913330078,333.29803466796875
probe4c2_B_soft_localized,B_MET112,2,27.02654266357422,25.182567596435547,26.873756408691406,86.76152687072754,24.904254913330078,333.29803466796875
probe4c2_B_soft_localized,B_MET112,3,27.02654266357422,25.182567596435547,26.873756408691406,86.76152687072754,24.904254913330078,333.29803466796875
probe4c2_B_soft_localized,B_MET112,4,27.02654266357422,25.182567596435547,26.873756408691406,86.76152687072754,24.904254913330078,333.29803466796875
probe4c2_B_soft_localized,B_MET112,5,27.02654266357422,25.182567596435547,26.873756408691406,86.76152687072754,24.904254913330078,333.29803466796875
probe4c2_B_soft_localized,B_MET112,6,27.02654266357422,25.182567596435547,26.873756408691406,86.76152687072754,24.904254913330078,333.29803466796875
probe4c2_B_soft_localized,B_MET112,7,27.02654266357422,25.182567596435547,26.873756408691406,86.76152687072754,24.904254913330078,333.29803466796875
probe4c2_B_soft_localized,B_MET112,8,27.02654266357422,25.182567596435547,26.873756408691406,86.76152687072754,24.904254913330078,333.29803466796875
probe4c2_B_soft_localized,B_MET112,9,27.02654266357422,25.182567596435547,26.873756408691406,86.76152687072754,24.904254913330078,333.29803466796875
probe4c2_B_soft_localized,B_MET112,10,27.02654266357422,25.182567596435547,26.873756408691406,86.76152687072754,24.904254913330078,333.29803466796875
probe4c2_B_soft_localized,B_MET112,11,27.02654266357422,25.182567596435547,26.873756408691406,86.76152687072754,24.904254913330078,333.29803466796875
probe4c2_B_soft_localized,B_MET112,12,27.02654266357422,25.182567596435547,26.873756408691406,86.76152687072754,24.904254913330078,333.29803466796875
probe4c2_B_soft_localized,B_MET112,13,27.02654266357422,25.182567596435547,26.873756408691406,86.76152687072754,24.904254913330078,333.29803466796875
probe4c2_B_soft_localized,B_MET112,14,27.02654266357422,25.182567596435547,26.873756408691406,86.76152687072754,24.904254913330078,333.29803466796875
probe4c2_B_soft_localized,B_MET112,15,27.02654266357422,25.182567596435547,26.873756408691406,86.76152687072754,24.904254913330078,333.29803466796875
probe4c2_B_soft_localized,B_MET112,16,27.02654266357422,25.182567596435547,26.873756408691406,86.76152687072754,24.904254913330078,333.29803466796875
probe4c2_B_soft_localized,B_MET112,17,27.02654266357422,25.182567596435547,26.873756408691406,86.76152687072754,24.904254913330078,333.29803466796875
probe4c2_B_soft_localized,B_MET112,18,27.02654266357422,25.182567596435547,26.873756408691406,86.76152687072754,24.904254913330078,333.29803466796875
probe4c2_B_soft_localized,B_MET112,19,27.02654266357422,25.182567596435547,26.873756408691406,86.76152687072754,24.904254913330078,333.29803466796875
probe4c2_B_soft_localized,B_MET112,20,27.02654266357422,25.182567596435547,26.873756408691406,86.76152687072754,24.904254913330078,333.29803466796875
probe4c2_B_soft_localized,B_MET112,21,27.02654266357422,25.182567596435547,26.873756408691406,86.76152687072754,24.904254913330078,333.29803466796875
probe4c2_B_soft_localized,B_MET112,22,27.02654266357422,25.182567596435547,26.873756408691406,86.76152687072754,24.904254913330078,333.29803466796875
probe4c2_B_soft_localized,B_MET112,23,27.02654266357422,25.182567596435547,26.873756408691406,86.76152687072754,24.904254913330078,333.29803466796875
probe4c2_B_soft_localized,B_MET112,24,27.02654266357422,25.182567596435547,26.873756408691406,86.76152687072754,24.904254913330078,333.29803466796875
probe4c2_B_soft_localized,B_MET112,25,27.02654266357422,25.182567596435547,26.873756408691406,86.76152687072754,24.904254913330078,333.29803466796875
probe4c2_B_soft_localized,B_MET112,26,27.02654266357422,25.182567596435547,26.873756408691406,86.76152687072754,24.904254913330078,333.29803466796875
probe4c2_B_soft_localized,B_MET112,27,27.02654266357422,25.182567596435547,26.873756408691406,86.76152687072754,24.904254913330078,333.29803466796875
probe4c2_B_soft_localized,B_MET112,28,27.02654266357422,25.182567596435547,26.873756408691406,86.76152687072754,24.904254913330078,333.29803466796875
probe4c2_B_soft_localized,B_MET112,29,27.02654266357422,25.182567596435547,26.873756408691406,86.76152687072754,24.904254913330078,333.29803466796875
probe4c2_B_soft_localized,B_MET112,30,27.02654266357422,25.182567596435547,26.873756408691406,86.76152687072754,24.904254913330078,333.29803466796875
probe4c2_B_soft_localized,B_MET112,31,27.02654266357422,25.182567596435547,26.873756408691406,86.76152687072754,24.904254913330078,333.29803466796875
probe4c2_B_soft_localized,B_MET112,32,27.02654266357422,25.182567596435547,26.873756408691406,86.76152687072754,24.904254913330078,333.29803466796875
probe4c2_B_soft_localized,B_MET112,33,27.02654266357422,25.182567596435547,26.873756408691406,86.76152687072754,24.904254913330078,333.29803466796875
probe4c2_B_soft_localized,B_MET112,34,27.02654266357422,25.182567596435547,26.873756408691406,86.76152687072754,24.904254913330078,333.29803466796875
probe4c2_B_soft_localized,B_MET112,35,27.02654266357422,25.182567596435547,26.873756408691406,86.76152687072754,24.904254913330078,333.29803466796875
probe4c2_B_soft_localized,B_MET112,36,27.02654266357422,25.182567596435547,26.873756408691406,86.76152687072754,24.904254913330078,333.29803466796875
probe4c2_B_soft_localized,B_MET112,37,27.02654266357422,25.182567596435547,26.873756408691406,86.76152687072754,24.904254913330078,333.29803466796875
probe4c2_B_soft_localized,B_MET112,38,27.02654266357422,25.182567596435547,26.873756408691406,86.76152687072754,24.904254913330078,333.29803466796875
probe4c2_B_soft_localized,B_MET112,39,27.02654266357422,25.182567596435547,26.873756408691406,86.76152687072754,24.904254913330078,333.29803466796875
probe4c2_B_soft_localized,B_MET112,40,27.02654266357422,25.182567596435547,26.873756408691406,86.76152687072754,24.904254913330078,333.29803466796875
probe4c2_B_soft_localized,B_MET112,41,27.02654266357422,25.182567596435547,26.873756408691406,86.76152687072754,24.904254913330078,333.29803466796875
probe4c2_B_soft_localized,B_MET112,42,27.02654266357422,25.182567596435547,26.873756408691406,86.76152687072754,24.904254913330078,333.29803466796875
probe4c2_B_soft_localized,B_MET112,43,27.02654266357422,25.182567596435547,26.873756408691406,86.76152687072754,24.904254913330078,333.29803466796875
probe4c2_B_soft_localized,B_MET112,44,27.02654266357422,25.182567596435547,26.873756408691406,86.76152687072754,24.904254913330078,333.29803466796875
probe4c2_B_soft_localized,B_MET112,45,27.02654266357422,25.182567596435547,26.873756408691406,86.76152687072754,24.904254913330078,333.29803466796875
probe4c2_B_soft_localized,B_MET112,46,27.02654266357422,25.182567596435547,26.873756408691406,86.76152687072754,24.904254913330078,333.29803466796875
probe4c2_B_soft_localized,B_MET112,47,27.02654266357422,25.182567596435547,26.873756408691406,86.76152687072754,24.904254913330078,333.29803466796875
probe4c2_B_soft_localized,B_MET112,48,27.02654266357422,25.182567596435547,26.873756408691406,86.76152687072754,24.904254913330078,333.29803466796875
probe4c2_B_soft_localized,B_MET112,49,27.02654266357422,25.182567596435547,26.873756408691406,86.76152687072754,24.904254913330078,333.29803466796875
probe4c2_C_soft_realspace,B_MET112,0,29.460594177246094,25.182567596435547,26.873756408691406,86.76152687072754,24.904254913330078,333.29803466796875
probe4c2_C_soft_realspace,B_MET112,1,29.460594177246094,25.182567596435547,26.873756408691406,86.76152687072754,24.904254913330078,333.29803466796875
probe4c2_C_soft_realspace,B_MET112,2,29.460594177246094,25.182567596435547,26.873756408691406,86.76152687072754,24.904254913330078,333.29803466796875
probe4c2_C_soft_realspace,B_MET112,3,29.460594177246094,25.182567596435547,26.873756408691406,86.76152687072754,24.904254913330078,333.29803466796875
probe4c2_C_soft_realspace,B_MET112,4,29.460594177246094,25.182567596435547,26.873756408691406,86.76152687072754,24.904254913330078,333.29803466796875
probe4c2_C_soft_realspace,B_MET112,5,29.460594177246094,25.182567596435547,26.873756408691406,86.76152687072754,24.904254913330078,333.29803466796875
probe4c2_C_soft_realspace,B_MET112,6,29.460594177246094,25.182567596435547,26.873756408691406,86.76152687072754,24.904254913330078,333.29803466796875
probe4c2_C_soft_realspace,B_MET112,7,29.460594177246094,25.182567596435547,26.873756408691406,86.76152687072754,24.904254913330078,333.29803466796875
probe4c2_C_soft_realspace,B_MET112,8,29.460594177246094,25.182567596435547,26.873756408691406,86.76152687072754,24.904254913330078,333.29803466796875
probe4c2_C_soft_realspace,B_MET112,9,29.460594177246094,25.182567596435547,26.873756408691406,86.76152687072754,24.904254913330078,333.29803466796875
probe4c2_C_soft_realspace,B_MET112,10,29.460594177246094,25.182567596435547,26.873756408691406,86.76152687072754,24.904254913330078,333.29803466796875
probe4c2_C_soft_realspace,B_MET112,11,29.460594177246094,25.182567596435547,26.873756408691406,86.76152687072754,24.904254913330078,333.29803466796875
probe4c2_C_soft_realspace,B_MET112,12,29.460594177246094,25.182567596435547,26.873756408691406,86.76152687072754,24.904254913330078,333.29803466796875
probe4c2_C_soft_realspace,B_MET112,13,29.460594177246094,25.182567596435547,26.873756408691406,86.76152687072754,24.904254913330078,333.29803466796875
probe4c2_C_soft_realspace,B_MET112,14,29.460594177246094,25.182567596435547,26.873756408691406,86.76152687072754,24.904254913330078,333.29803466796875
probe4c2_C_soft_realspace,B_MET112,15,29.460594177246094,25.182567596435547,26.873756408691406,86.76152687072754,24.904254913330078,333.29803466796875
probe4c2_C_soft_realspace,B_MET112,16,29.460594177246094,25.182567596435547,26.873756408691406,86.76152687072754,24.904254913330078,333.29803466796875
probe4c2_C_soft_realspace,B_MET112,17,29.460594177246094,25.182567596435547,26.873756408691406,86.76152687072754,24.904254913330078,333.29803466796875
probe4c2_C_soft_realspace,B_MET112,18,29.460594177246094,25.182567596435547,26.873756408691406,86.76152687072754,24.904254913330078,333.29803466796875
probe4c2_C_soft_realspace,B_MET112,19,29.460594177246094,25.182567596435547,26.873756408691406,86.76152687072754,24.904254913330078,333.29803466796875
probe4c2_C_soft_realspace,B_MET112,20,29.460594177246094,25.182567596435547,26.873756408691406,86.76152687072754,24.904254913330078,333.29803466796875
probe4c2_C_soft_realspace,B_MET112,21,29.460594177246094,25.182567596435547,26.873756408691406,86.76152687072754,24.904254913330078,333.29803466796875
probe4c2_C_soft_realspace,B_MET112,22,29.460594177246094,25.182567596435547,26.873756408691406,86.76152687072754,24.904254913330078,333.29803466796875
probe4c2_C_soft_realspace,B_MET112,23,29.460594177246094,25.182567596435547,26.873756408691406,86.76152687072754,24.904254913330078,333.29803466796875
probe4c2_C_soft_realspace,B_MET112,24,29.460594177246094,25.182567596435547,26.873756408691406,86.76152687072754,24.904254913330078,333.29803466796875
probe4c2_C_soft_realspace,B_MET112,25,29.460594177246094,25.182567596435547,26.873756408691406,86.76152687072754,24.904254913330078,333.29803466796875
probe4c2_C_soft_realspace,B_MET112,26,29.460594177246094,25.182567596435547,26.873756408691406,86.76152687072754,24.904254913330078,333.29803466796875
probe4c2_C_soft_realspace,B_MET112,27,29.460594177246094,25.182567596435547,26.873756408691406,86.76152687072754,24.904254913330078,333.29803466796875
probe4c2_C_soft_realspace,B_MET112,28,29.460594177246094,25.182567596435547,26.873756408691406,86.76152687072754,24.904254913330078,333.29803466796875
probe4c2_C_soft_realspace,B_MET112,29,29.460594177246094,25.182567596435547,26.873756408691406,86.76152687072754,24.904254913330078,333.29803466796875
probe4c2_C_soft_realspace,B_MET112,30,29.460594177246094,25.182567596435547,26.873756408691406,86.76152687072754,24.904254913330078,333.29803466796875
probe4c2_C_soft_realspace,B_MET112,31,29.460594177246094,25.182567596435547,26.873756408691406,86.76152687072754,24.904254913330078,333.29803466796875
probe4c2_C_soft_realspace,B_MET112,32,29.460594177246094,25.182567596435547,26.873756408691406,86.76152687072754,24.904254913330078,333.29803466796875
probe4c2_C_soft_realspace,B_MET112,33,29.460594177246094,25.182567596435547,26.873756408691406,86.76152687072754,24.904254913330078,333.29803466796875
probe4c2_C_soft_realspace,B_MET112,34,29.460594177246094,25.182567596435547,26.873756408691406,86.76152687072754,24.904254913330078,333.29803466796875
probe4c2_C_soft_realspace,B_MET112,35,29.460594177246094,25.182567596435547,26.873756408691406,86.76152687072754,24.904254913330078,333.29803466796875
probe4c2_C_soft_realspace,B_MET112,36,29.460594177246094,25.182567596435547,26.873756408691406,86.76152687072754,24.904254913330078,333.29803466796875
probe4c2_C_soft_realspace,B_MET112,37,29.460594177246094,25.182567596435547,26.873756408691406,86.76152687072754,24.904254913330078,333.29803466796875
probe4c2_C_soft_realspace,B_MET112,38,29.460594177246094,25.182567596435547,26.873756408691406,86.76152687072754,24.904254913330078,333.29803466796875
probe4c2_C_soft_realspace,B_MET112,39,29.460594177246094,25.182567596435547,26.873756408691406,86.76152687072754,24.904254913330078,333.29803466796875
probe4c2_C_soft_realspace,B_MET112,40,29.460594177246094,25.182567596435547,26.873756408691406,86.76152687072754,24.904254913330078,333.29803466796875
probe4c2_C_soft_realspace,B_MET112,41,29.460594177246094,25.182567596435547,26.873756408691406,86.76152687072754,24.904254913330078,333.29803466796875
probe4c2_C_soft_realspace,B_MET112,42,29.460594177246094,25.182567596435547,26.873756408691406,86.76152687072754,24.904254913330078,333.29803466796875
probe4c2_C_soft_realspace,B_MET112,43,29.460594177246094,25.182567596435547,26.873756408691406,86.76152687072754,24.904254913330078,333.29803466796875
probe4c2_C_soft_realspace,B_MET112,44,29.460594177246094,25.182567596435547,26.873756408691406,86.76152687072754,24.904254913330078,333.29803466796875
probe4c2_C_soft_realspace,B_MET112,45,29.460594177246094,25.182567596435547,26.873756408691406,86.76152687072754,24.904254913330078,333.29803466796875
probe4c2_C_soft_realspace,B_MET112,46,29.460594177246094,25.182567596435547,26.873756408691406,86.76152687072754,24.904254913330078,333.29803466796875
probe4c2_C_soft_realspace,B_MET112,47,29.460594177246094,25.182567596435547,26.873756408691406,86.76152687072754,24.904254913330078,333.29803466796875
probe4c2_C_soft_realspace,B_MET112,48,29.460594177246094,25.182567596435547,26.873756408691406,86.76152687072754,24.904254913330078,333.29803466796875
probe4c2_C_soft_realspace,B_MET112,49,29.460594177246094,25.182567596435547,26.873756408691406,86.76152687072754,24.904254913330078,333.29803466796875
probe4c1_kinematic_complex,B_ASP114,0,43.12816619873047,25.182559967041016,28.920547485351562,58.66445808410644,25.36322784423828,130.13645935058594
probe4c1_kinematic_complex,B_ASP114,1,43.12816619873047,25.182559967041016,28.920547485351562,58.66445808410644,25.36322784423828,130.13645935058594
probe4c1_kinematic_complex,B_ASP114,2,43.12816619873047,25.182559967041016,28.920547485351562,58.66445808410644,25.36322784423828,130.13645935058594
probe4c1_kinematic_complex,B_ASP114,3,43.12816619873047,25.182559967041016,28.920547485351562,58.66445808410644,25.36322784423828,130.13645935058594
probe4c1_kinematic_complex,B_ASP114,4,43.12816619873047,25.182559967041016,28.920547485351562,58.66445808410644,25.36322784423828,130.13645935058594
probe4c1_kinematic_complex,B_ASP114,5,43.12816619873047,25.182559967041016,28.920547485351562,58.66445808410644,25.36322784423828,130.13645935058594
probe4c1_kinematic_complex,B_ASP114,6,43.12816619873047,25.182559967041016,28.920547485351562,58.66445808410644,25.36322784423828,130.13645935058594
probe4c1_kinematic_complex,B_ASP114,7,43.12816619873047,25.182559967041016,28.920547485351562,58.66445808410644,25.36322784423828,130.13645935058594
probe4c1_kinematic_complex,B_ASP114,8,43.12816619873047,25.182559967041016,28.920547485351562,58.66445808410644,25.36322784423828,130.13645935058594
probe4c1_kinematic_complex,B_ASP114,9,43.12816619873047,25.182559967041016,28.920547485351562,58.66445808410644,25.36322784423828,130.13645935058594
probe4c1_kinematic_complex,B_ASP114,10,43.12816619873047,25.182559967041016,28.920547485351562,58.66445808410644,25.36322784423828,130.13645935058594
probe4c1_kinematic_complex,B_ASP114,11,43.12816619873047,25.182559967041016,28.920547485351562,58.66445808410644,25.36322784423828,130.13645935058594
probe4c1_kinematic_complex,B_ASP114,12,43.12816619873047,25.182559967041016,28.920547485351562,58.66445808410644,25.36322784423828,130.13645935058594
probe4c1_kinematic_complex,B_ASP114,13,43.12816619873047,25.182559967041016,28.920547485351562,58.66445808410644,25.36322784423828,130.13645935058594
probe4c1_kinematic_complex,B_ASP114,14,43.12816619873047,25.182559967041016,28.920547485351562,58.66445808410644,25.36322784423828,130.13645935058594
probe4c1_kinematic_complex,B_ASP114,15,43.12816619873047,25.182559967041016,28.920547485351562,58.66445808410644,25.36322784423828,130.13645935058594
probe4c1_kinematic_complex,B_ASP114,16,43.12816619873047,25.182559967041016,28.920547485351562,58.66445808410644,25.36322784423828,130.13645935058594
probe4c1_kinematic_complex,B_ASP114,17,43.12816619873047,25.182559967041016,28.920547485351562,58.66445808410644,25.36322784423828,130.13645935058594
probe4c1_kinematic_complex,B_ASP114,18,43.12816619873047,25.182559967041016,28.920547485351562,58.66445808410644,25.36322784423828,130.13645935058594
probe4c1_kinematic_complex,B_ASP114,19,43.12816619873047,25.182559967041016,28.920547485351562,58.66445808410644,25.36322784423828,130.13645935058594
probe4c1_kinematic_complex,B_ASP114,20,43.12816619873047,25.182559967041016,28.920547485351562,58.66445808410644,25.36322784423828,130.13645935058594
probe4c1_kinematic_complex,B_ASP114,21,43.12816619873047,25.182559967041016,28.920547485351562,58.66445808410644,25.36322784423828,130.13645935058594
probe4c1_kinematic_complex,B_ASP114,22,43.12816619873047,25.182559967041016,28.920547485351562,58.66445808410644,25.36322784423828,130.13645935058594
probe4c1_kinematic_complex,B_ASP114,23,43.12816619873047,25.182559967041016,28.920547485351562,58.66445808410644,25.36322784423828,130.13645935058594
probe4c1_kinematic_complex,B_ASP114,24,43.12816619873047,25.182559967041016,28.920547485351562,58.66445808410644,25.36322784423828,130.13645935058594
probe4c1_kinematic_complex,B_ASP114,25,43.12816619873047,25.182559967041016,28.920547485351562,58.66445808410644,25.36322784423828,130.13645935058594
probe4c1_kinematic_complex,B_ASP114,26,43.12816619873047,25.182559967041016,28.920547485351562,58.66445808410644,25.36322784423828,130.13645935058594
probe4c1_kinematic_complex,B_ASP114,27,43.12816619873047,25.182559967041016,28.920547485351562,58.66445808410644,25.36322784423828,130.13645935058594
probe4c1_kinematic_complex,B_ASP114,28,43.12816619873047,25.182559967041016,28.920547485351562,58.66445808410644,25.36322784423828,130.13645935058594
probe4c1_kinematic_complex,B_ASP114,29,43.12816619873047,25.182559967041016,28.920547485351562,58.66445808410644,25.36322784423828,130.13645935058594
probe4c1_kinematic_complex,B_ASP114,30,43.12816619873047,25.182559967041016,28.920547485351562,58.66445808410644,25.36322784423828,130.13645935058594
probe4c1_kinematic_complex,B_ASP114,31,43.12816619873047,25.182559967041016,28.920547485351562,58.66445808410644,25.36322784423828,130.13645935058594
probe4c1_kinematic_complex,B_ASP114,32,43.12816619873047,25.182559967041016,28.920547485351562,58.66445808410644,25.36322784423828,130.13645935058594
probe4c1_kinematic_complex,B_ASP114,33,43.12816619873047,25.182559967041016,28.920547485351562,58.66445808410644,25.36322784423828,130.13645935058594
probe4c1_kinematic_complex,B_ASP114,34,43.12816619873047,25.182559967041016,28.920547485351562,58.66445808410644,25.36322784423828,130.13645935058594
probe4c1_kinematic_complex,B_ASP114,35,43.12816619873047,25.182559967041016,28.920547485351562,58.66445808410644,25.36322784423828,130.13645935058594
probe4c1_kinematic_complex,B_ASP114,36,43.12816619873047,25.182559967041016,28.920547485351562,58.66445808410644,25.36322784423828,130.13645935058594
probe4c1_kinematic_complex,B_ASP114,37,43.12816619873047,25.182559967041016,28.920547485351562,58.66445808410644,25.36322784423828,130.13645935058594
probe4c1_kinematic_complex,B_ASP114,38,43.12816619873047,25.182559967041016,28.920547485351562,58.66445808410644,25.36322784423828,130.13645935058594
probe4c1_kinematic_complex,B_ASP114,39,43.12816619873047,25.182559967041016,28.920547485351562,58.66445808410644,25.36322784423828,130.13645935058594
probe4c1_kinematic_complex,B_ASP114,40,43.12816619873047,25.182559967041016,28.920547485351562,58.66445808410644,25.36322784423828,130.13645935058594
probe4c1_kinematic_complex,B_ASP114,41,43.12816619873047,25.182559967041016,28.920547485351562,58.66445808410644,25.36322784423828,130.13645935058594
probe4c1_kinematic_complex,B_ASP114,42,43.12816619873047,25.182559967041016,28.920547485351562,58.66445808410644,25.36322784423828,130.13645935058594
probe4c1_kinematic_complex,B_ASP114,43,43.12816619873047,25.182559967041016,28.920547485351562,58.66445808410644,25.36322784423828,130.13645935058594
probe4c1_kinematic_complex,B_ASP114,44,43.12816619873047,25.182559967041016,28.920547485351562,58.66445808410644,25.36322784423828,130.13645935058594
probe4c1_kinematic_complex,B_ASP114,45,43.12816619873047,25.182559967041016,28.920547485351562,58.66445808410644,25.36322784423828,130.13645935058594
probe4c1_kinematic_complex,B_ASP114,46,43.12816619873047,25.182559967041016,28.920547485351562,58.66445808410644,25.36322784423828,130.13645935058594
probe4c1_kinematic_complex,B_ASP114,47,43.12816619873047,25.182559967041016,28.920547485351562,58.66445808410644,25.36322784423828,130.13645935058594
probe4c1_kinematic_complex,B_ASP114,48,43.12816619873047,25.182559967041016,28.920547485351562,58.66445808410644,25.36322784423828,130.13645935058594
probe4c1_kinematic_complex,B_ASP114,49,43.12816619873047,25.182559967041016,28.920547485351562,58.66445808410644,25.36322784423828,130.13645935058594
probe4c2_A_soft_synthetic,B_ASP114,0,25.28017807006836,25.182559967041016,28.920547485351562,58.66445808410644,25.36322784423828,130.13645935058594
probe4c2_A_soft_synthetic,B_ASP114,1,25.28017807006836,25.182559967041016,28.920547485351562,58.66445808410644,25.36322784423828,130.13645935058594
probe4c2_A_soft_synthetic,B_ASP114,2,25.28017807006836,25.182559967041016,28.920547485351562,58.66445808410644,25.36322784423828,130.13645935058594
probe4c2_A_soft_synthetic,B_ASP114,3,25.28017807006836,25.182559967041016,28.920547485351562,58.66445808410644,25.36322784423828,130.13645935058594
probe4c2_A_soft_synthetic,B_ASP114,4,25.28017807006836,25.182559967041016,28.920547485351562,58.66445808410644,25.36322784423828,130.13645935058594
probe4c2_A_soft_synthetic,B_ASP114,5,25.28017807006836,25.182559967041016,28.920547485351562,58.66445808410644,25.36322784423828,130.13645935058594
probe4c2_A_soft_synthetic,B_ASP114,6,25.28017807006836,25.182559967041016,28.920547485351562,58.66445808410644,25.36322784423828,130.13645935058594
probe4c2_A_soft_synthetic,B_ASP114,7,25.28017807006836,25.182559967041016,28.920547485351562,58.66445808410644,25.36322784423828,130.13645935058594
probe4c2_A_soft_synthetic,B_ASP114,8,25.28017807006836,25.182559967041016,28.920547485351562,58.66445808410644,25.36322784423828,130.13645935058594
probe4c2_A_soft_synthetic,B_ASP114,9,25.28017807006836,25.182559967041016,28.920547485351562,58.66445808410644,25.36322784423828,130.13645935058594
probe4c2_A_soft_synthetic,B_ASP114,10,25.28017807006836,25.182559967041016,28.920547485351562,58.66445808410644,25.36322784423828,130.13645935058594
probe4c2_A_soft_synthetic,B_ASP114,11,25.28017807006836,25.182559967041016,28.920547485351562,58.66445808410644,25.36322784423828,130.13645935058594
probe4c2_A_soft_synthetic,B_ASP114,12,25.28017807006836,25.182559967041016,28.920547485351562,58.66445808410644,25.36322784423828,130.13645935058594
probe4c2_A_soft_synthetic,B_ASP114,13,25.28017807006836,25.182559967041016,28.920547485351562,58.66445808410644,25.36322784423828,130.13645935058594
probe4c2_A_soft_synthetic,B_ASP114,14,25.28017807006836,25.182559967041016,28.920547485351562,58.66445808410644,25.36322784423828,130.13645935058594
probe4c2_A_soft_synthetic,B_ASP114,15,25.28017807006836,25.182559967041016,28.920547485351562,58.66445808410644,25.36322784423828,130.13645935058594
probe4c2_A_soft_synthetic,B_ASP114,16,25.28017807006836,25.182559967041016,28.920547485351562,58.66445808410644,25.36322784423828,130.13645935058594
probe4c2_A_soft_synthetic,B_ASP114,17,25.28017807006836,25.182559967041016,28.920547485351562,58.66445808410644,25.36322784423828,130.13645935058594
probe4c2_A_soft_synthetic,B_ASP114,18,25.28017807006836,25.182559967041016,28.920547485351562,58.66445808410644,25.36322784423828,130.13645935058594
probe4c2_A_soft_synthetic,B_ASP114,19,25.28017807006836,25.182559967041016,28.920547485351562,58.66445808410644,25.36322784423828,130.13645935058594
probe4c2_A_soft_synthetic,B_ASP114,20,25.28017807006836,25.182559967041016,28.920547485351562,58.66445808410644,25.36322784423828,130.13645935058594
probe4c2_A_soft_synthetic,B_ASP114,21,25.28017807006836,25.182559967041016,28.920547485351562,58.66445808410644,25.36322784423828,130.13645935058594
probe4c2_A_soft_synthetic,B_ASP114,22,25.28017807006836,25.182559967041016,28.920547485351562,58.66445808410644,25.36322784423828,130.13645935058594
probe4c2_A_soft_synthetic,B_ASP114,23,25.28017807006836,25.182559967041016,28.920547485351562,58.66445808410644,25.36322784423828,130.13645935058594
probe4c2_A_soft_synthetic,B_ASP114,24,25.28017807006836,25.182559967041016,28.920547485351562,58.66445808410644,25.36322784423828,130.13645935058594
probe4c2_A_soft_synthetic,B_ASP114,25,25.28017807006836,25.182559967041016,28.920547485351562,58.66445808410644,25.36322784423828,130.13645935058594
probe4c2_A_soft_synthetic,B_ASP114,26,25.28017807006836,25.182559967041016,28.920547485351562,58.66445808410644,25.36322784423828,130.13645935058594
probe4c2_A_soft_synthetic,B_ASP114,27,25.28017807006836,25.182559967041016,28.920547485351562,58.66445808410644,25.36322784423828,130.13645935058594
probe4c2_A_soft_synthetic,B_ASP114,28,25.28017807006836,25.182559967041016,28.920547485351562,58.66445808410644,25.36322784423828,130.13645935058594
probe4c2_A_soft_synthetic,B_ASP114,29,25.28017807006836,25.182559967041016,28.920547485351562,58.66445808410644,25.36322784423828,130.13645935058594
probe4c2_A_soft_synthetic,B_ASP114,30,25.28017807006836,25.182559967041016,28.920547485351562,58.66445808410644,25.36322784423828,130.13645935058594
probe4c2_A_soft_synthetic,B_ASP114,31,25.28017807006836,25.182559967041016,28.920547485351562,58.66445808410644,25.36322784423828,130.13645935058594
probe4c2_A_soft_synthetic,B_ASP114,32,25.28017807006836,25.182559967041016,28.920547485351562,58.66445808410644,25.36322784423828,130.13645935058594
probe4c2_A_soft_synthetic,B_ASP114,33,25.28017807006836,25.182559967041016,28.920547485351562,58.66445808410644,25.36322784423828,130.13645935058594
probe4c2_A_soft_synthetic,B_ASP114,34,25.28017807006836,25.182559967041016,28.920547485351562,58.66445808410644,25.36322784423828,130.13645935058594
probe4c2_A_soft_synthetic,B_ASP114,35,25.28017807006836,25.182559967041016,28.920547485351562,58.66445808410644,25.36322784423828,130.13645935058594
probe4c2_A_soft_synthetic,B_ASP114,36,25.28017807006836,25.182559967041016,28.920547485351562,58.66445808410644,25.36322784423828,130.13645935058594
probe4c2_A_soft_synthetic,B_ASP114,37,25.28017807006836,25.182559967041016,28.920547485351562,58.66445808410644,25.36322784423828,130.13645935058594
probe4c2_A_soft_synthetic,B_ASP114,38,25.28017807006836,25.182559967041016,28.920547485351562,58.66445808410644,25.36322784423828,130.13645935058594
probe4c2_A_soft_synthetic,B_ASP114,39,25.28017807006836,25.182559967041016,28.920547485351562,58.66445808410644,25.36322784423828,130.13645935058594
probe4c2_A_soft_synthetic,B_ASP114,40,25.28017807006836,25.182559967041016,28.920547485351562,58.66445808410644,25.36322784423828,130.13645935058594
probe4c2_A_soft_synthetic,B_ASP114,41,25.28017807006836,25.182559967041016,28.920547485351562,58.66445808410644,25.36322784423828,130.13645935058594
probe4c2_A_soft_synthetic,B_ASP114,42,25.28017807006836,25.182559967041016,28.920547485351562,58.66445808410644,25.36322784423828,130.13645935058594
probe4c2_A_soft_synthetic,B_ASP114,43,25.28017807006836,25.182559967041016,28.920547485351562,58.66445808410644,25.36322784423828,130.13645935058594
probe4c2_A_soft_synthetic,B_ASP114,44,25.28017807006836,25.182559967041016,28.920547485351562,58.66445808410644,25.36322784423828,130.13645935058594
probe4c2_A_soft_synthetic,B_ASP114,45,25.28017807006836,25.182559967041016,28.920547485351562,58.66445808410644,25.36322784423828,130.13645935058594
probe4c2_A_soft_synthetic,B_ASP114,46,25.28017807006836,25.182559967041016,28.920547485351562,58.66445808410644,25.36322784423828,130.13645935058594
probe4c2_A_soft_synthetic,B_ASP114,47,25.28017807006836,25.182559967041016,28.920547485351562,58.66445808410644,25.36322784423828,130.13645935058594
probe4c2_A_soft_synthetic,B_ASP114,48,25.28017807006836,25.182559967041016,28.920547485351562,58.66445808410644,25.36322784423828,130.13645935058594
probe4c2_A_soft_synthetic,B_ASP114,49,25.28017807006836,25.182559967041016,28.920547485351562,58.66445808410644,25.36322784423828,130.13645935058594
probe4c2_B_soft_localized,B_ASP114,0,26.656482696533203,25.182559967041016,28.920547485351562,58.66445808410644,25.36322784423828,130.13645935058594
probe4c2_B_soft_localized,B_ASP114,1,26.656482696533203,25.182559967041016,28.920547485351562,58.66445808410644,25.36322784423828,130.13645935058594
probe4c2_B_soft_localized,B_ASP114,2,26.656482696533203,25.182559967041016,28.920547485351562,58.66445808410644,25.36322784423828,130.13645935058594
probe4c2_B_soft_localized,B_ASP114,3,26.656482696533203,25.182559967041016,28.920547485351562,58.66445808410644,25.36322784423828,130.13645935058594
probe4c2_B_soft_localized,B_ASP114,4,26.656482696533203,25.182559967041016,28.920547485351562,58.66445808410644,25.36322784423828,130.13645935058594
probe4c2_B_soft_localized,B_ASP114,5,26.656482696533203,25.182559967041016,28.920547485351562,58.66445808410644,25.36322784423828,130.13645935058594
probe4c2_B_soft_localized,B_ASP114,6,26.656482696533203,25.182559967041016,28.920547485351562,58.66445808410644,25.36322784423828,130.13645935058594
probe4c2_B_soft_localized,B_ASP114,7,26.656482696533203,25.182559967041016,28.920547485351562,58.66445808410644,25.36322784423828,130.13645935058594
probe4c2_B_soft_localized,B_ASP114,8,26.656482696533203,25.182559967041016,28.920547485351562,58.66445808410644,25.36322784423828,130.13645935058594
probe4c2_B_soft_localized,B_ASP114,9,26.656482696533203,25.182559967041016,28.920547485351562,58.66445808410644,25.36322784423828,130.13645935058594
probe4c2_B_soft_localized,B_ASP114,10,26.656482696533203,25.182559967041016,28.920547485351562,58.66445808410644,25.36322784423828,130.13645935058594
probe4c2_B_soft_localized,B_ASP114,11,26.656482696533203,25.182559967041016,28.920547485351562,58.66445808410644,25.36322784423828,130.13645935058594
probe4c2_B_soft_localized,B_ASP114,12,26.656482696533203,25.182559967041016,28.920547485351562,58.66445808410644,25.36322784423828,130.13645935058594
probe4c2_B_soft_localized,B_ASP114,13,26.656482696533203,25.182559967041016,28.920547485351562,58.66445808410644,25.36322784423828,130.13645935058594
probe4c2_B_soft_localized,B_ASP114,14,26.656482696533203,25.182559967041016,28.920547485351562,58.66445808410644,25.36322784423828,130.13645935058594
probe4c2_B_soft_localized,B_ASP114,15,26.656482696533203,25.182559967041016,28.920547485351562,58.66445808410644,25.36322784423828,130.13645935058594
probe4c2_B_soft_localized,B_ASP114,16,26.656482696533203,25.182559967041016,28.920547485351562,58.66445808410644,25.36322784423828,130.13645935058594
probe4c2_B_soft_localized,B_ASP114,17,26.656482696533203,25.182559967041016,28.920547485351562,58.66445808410644,25.36322784423828,130.13645935058594
probe4c2_B_soft_localized,B_ASP114,18,26.656482696533203,25.182559967041016,28.920547485351562,58.66445808410644,25.36322784423828,130.13645935058594
probe4c2_B_soft_localized,B_ASP114,19,26.656482696533203,25.182559967041016,28.920547485351562,58.66445808410644,25.36322784423828,130.13645935058594
probe4c2_B_soft_localized,B_ASP114,20,26.656482696533203,25.182559967041016,28.920547485351562,58.66445808410644,25.36322784423828,130.13645935058594
probe4c2_B_soft_localized,B_ASP114,21,26.656482696533203,25.182559967041016,28.920547485351562,58.66445808410644,25.36322784423828,130.13645935058594
probe4c2_B_soft_localized,B_ASP114,22,26.656482696533203,25.182559967041016,28.920547485351562,58.66445808410644,25.36322784423828,130.13645935058594
probe4c2_B_soft_localized,B_ASP114,23,26.656482696533203,25.182559967041016,28.920547485351562,58.66445808410644,25.36322784423828,130.13645935058594
probe4c2_B_soft_localized,B_ASP114,24,26.656482696533203,25.182559967041016,28.920547485351562,58.66445808410644,25.36322784423828,130.13645935058594
probe4c2_B_soft_localized,B_ASP114,25,26.656482696533203,25.182559967041016,28.920547485351562,58.66445808410644,25.36322784423828,130.13645935058594
probe4c2_B_soft_localized,B_ASP114,26,26.656482696533203,25.182559967041016,28.920547485351562,58.66445808410644,25.36322784423828,130.13645935058594
probe4c2_B_soft_localized,B_ASP114,27,26.656482696533203,25.182559967041016,28.920547485351562,58.66445808410644,25.36322784423828,130.13645935058594
probe4c2_B_soft_localized,B_ASP114,28,26.656482696533203,25.182559967041016,28.920547485351562,58.66445808410644,25.36322784423828,130.13645935058594
probe4c2_B_soft_localized,B_ASP114,29,26.656482696533203,25.182559967041016,28.920547485351562,58.66445808410644,25.36322784423828,130.13645935058594
probe4c2_B_soft_localized,B_ASP114,30,26.656482696533203,25.182559967041016,28.920547485351562,58.66445808410644,25.36322784423828,130.13645935058594
probe4c2_B_soft_localized,B_ASP114,31,26.656482696533203,25.182559967041016,28.920547485351562,58.66445808410644,25.36322784423828,130.13645935058594
probe4c2_B_soft_localized,B_ASP114,32,26.656482696533203,25.182559967041016,28.920547485351562,58.66445808410644,25.36322784423828,130.13645935058594
probe4c2_B_soft_localized,B_ASP114,33,26.656482696533203,25.182559967041016,28.920547485351562,58.66445808410644,25.36322784423828,130.13645935058594
probe4c2_B_soft_localized,B_ASP114,34,26.656482696533203,25.182559967041016,28.920547485351562,58.66445808410644,25.36322784423828,130.13645935058594
probe4c2_B_soft_localized,B_ASP114,35,26.656482696533203,25.182559967041016,28.920547485351562,58.66445808410644,25.36322784423828,130.13645935058594
probe4c2_B_soft_localized,B_ASP114,36,26.656482696533203,25.182559967041016,28.920547485351562,58.66445808410644,25.36322784423828,130.13645935058594
probe4c2_B_soft_localized,B_ASP114,37,26.656482696533203,25.182559967041016,28.920547485351562,58.66445808410644,25.36322784423828,130.13645935058594
probe4c2_B_soft_localized,B_ASP114,38,26.656482696533203,25.182559967041016,28.920547485351562,58.66445808410644,25.36322784423828,130.13645935058594
probe4c2_B_soft_localized,B_ASP114,39,26.656482696533203,25.182559967041016,28.920547485351562,58.66445808410644,25.36322784423828,130.13645935058594
probe4c2_B_soft_localized,B_ASP114,40,26.656482696533203,25.182559967041016,28.920547485351562,58.66445808410644,25.36322784423828,130.13645935058594
probe4c2_B_soft_localized,B_ASP114,41,26.656482696533203,25.182559967041016,28.920547485351562,58.66445808410644,25.36322784423828,130.13645935058594
probe4c2_B_soft_localized,B_ASP114,42,26.656482696533203,25.182559967041016,28.920547485351562,58.66445808410644,25.36322784423828,130.13645935058594
probe4c2_B_soft_localized,B_ASP114,43,26.656482696533203,25.182559967041016,28.920547485351562,58.66445808410644,25.36322784423828,130.13645935058594
probe4c2_B_soft_localized,B_ASP114,44,26.656482696533203,25.182559967041016,28.920547485351562,58.66445808410644,25.36322784423828,130.13645935058594
probe4c2_B_soft_localized,B_ASP114,45,26.656482696533203,25.182559967041016,28.920547485351562,58.66445808410644,25.36322784423828,130.13645935058594
probe4c2_B_soft_localized,B_ASP114,46,26.656482696533203,25.182559967041016,28.920547485351562,58.66445808410644,25.36322784423828,130.13645935058594
probe4c2_B_soft_localized,B_ASP114,47,26.656482696533203,25.182559967041016,28.920547485351562,58.66445808410644,25.36322784423828,130.13645935058594
probe4c2_B_soft_localized,B_ASP114,48,26.656482696533203,25.182559967041016,28.920547485351562,58.66445808410644,25.36322784423828,130.13645935058594
probe4c2_B_soft_localized,B_ASP114,49,26.656482696533203,25.182559967041016,28.920547485351562,58.66445808410644,25.36322784423828,130.13645935058594
probe4c2_C_soft_realspace,B_ASP114,0,26.38361358642578,25.182559967041016,28.920547485351562,58.66445808410644,25.36322784423828,130.13645935058594
probe4c2_C_soft_realspace,B_ASP114,1,26.38361358642578,25.182559967041016,28.920547485351562,58.66445808410644,25.36322784423828,130.13645935058594
probe4c2_C_soft_realspace,B_ASP114,2,26.38361358642578,25.182559967041016,28.920547485351562,58.66445808410644,25.36322784423828,130.13645935058594
probe4c2_C_soft_realspace,B_ASP114,3,26.38361358642578,25.182559967041016,28.920547485351562,58.66445808410644,25.36322784423828,130.13645935058594
probe4c2_C_soft_realspace,B_ASP114,4,26.38361358642578,25.182559967041016,28.920547485351562,58.66445808410644,25.36322784423828,130.13645935058594
probe4c2_C_soft_realspace,B_ASP114,5,26.38361358642578,25.182559967041016,28.920547485351562,58.66445808410644,25.36322784423828,130.13645935058594
probe4c2_C_soft_realspace,B_ASP114,6,26.38361358642578,25.182559967041016,28.920547485351562,58.66445808410644,25.36322784423828,130.13645935058594
probe4c2_C_soft_realspace,B_ASP114,7,26.38361358642578,25.182559967041016,28.920547485351562,58.66445808410644,25.36322784423828,130.13645935058594
probe4c2_C_soft_realspace,B_ASP114,8,26.38361358642578,25.182559967041016,28.920547485351562,58.66445808410644,25.36322784423828,130.13645935058594
probe4c2_C_soft_realspace,B_ASP114,9,26.38361358642578,25.182559967041016,28.920547485351562,58.66445808410644,25.36322784423828,130.13645935058594
probe4c2_C_soft_realspace,B_ASP114,10,26.38361358642578,25.182559967041016,28.920547485351562,58.66445808410644,25.36322784423828,130.13645935058594
probe4c2_C_soft_realspace,B_ASP114,11,26.38361358642578,25.182559967041016,28.920547485351562,58.66445808410644,25.36322784423828,130.13645935058594
probe4c2_C_soft_realspace,B_ASP114,12,26.38361358642578,25.182559967041016,28.920547485351562,58.66445808410644,25.36322784423828,130.13645935058594
probe4c2_C_soft_realspace,B_ASP114,13,26.38361358642578,25.182559967041016,28.920547485351562,58.66445808410644,25.36322784423828,130.13645935058594
probe4c2_C_soft_realspace,B_ASP114,14,26.38361358642578,25.182559967041016,28.920547485351562,58.66445808410644,25.36322784423828,130.13645935058594
probe4c2_C_soft_realspace,B_ASP114,15,26.38361358642578,25.182559967041016,28.920547485351562,58.66445808410644,25.36322784423828,130.13645935058594
probe4c2_C_soft_realspace,B_ASP114,16,26.38361358642578,25.182559967041016,28.920547485351562,58.66445808410644,25.36322784423828,130.13645935058594
probe4c2_C_soft_realspace,B_ASP114,17,26.38361358642578,25.182559967041016,28.920547485351562,58.66445808410644,25.36322784423828,130.13645935058594
probe4c2_C_soft_realspace,B_ASP114,18,26.38361358642578,25.182559967041016,28.920547485351562,58.66445808410644,25.36322784423828,130.13645935058594
probe4c2_C_soft_realspace,B_ASP114,19,26.38361358642578,25.182559967041016,28.920547485351562,58.66445808410644,25.36322784423828,130.13645935058594
probe4c2_C_soft_realspace,B_ASP114,20,26.38361358642578,25.182559967041016,28.920547485351562,58.66445808410644,25.36322784423828,130.13645935058594
probe4c2_C_soft_realspace,B_ASP114,21,26.38361358642578,25.182559967041016,28.920547485351562,58.66445808410644,25.36322784423828,130.13645935058594
probe4c2_C_soft_realspace,B_ASP114,22,26.38361358642578,25.182559967041016,28.920547485351562,58.66445808410644,25.36322784423828,130.13645935058594
probe4c2_C_soft_realspace,B_ASP114,23,26.38361358642578,25.182559967041016,28.920547485351562,58.66445808410644,25.36322784423828,130.13645935058594
probe4c2_C_soft_realspace,B_ASP114,24,26.38361358642578,25.182559967041016,28.920547485351562,58.66445808410644,25.36322784423828,130.13645935058594
probe4c2_C_soft_realspace,B_ASP114,25,26.38361358642578,25.182559967041016,28.920547485351562,58.66445808410644,25.36322784423828,130.13645935058594
probe4c2_C_soft_realspace,B_ASP114,26,26.38361358642578,25.182559967041016,28.920547485351562,58.66445808410644,25.36322784423828,130.13645935058594
probe4c2_C_soft_realspace,B_ASP114,27,26.38361358642578,25.182559967041016,28.920547485351562,58.66445808410644,25.36322784423828,130.13645935058594
probe4c2_C_soft_realspace,B_ASP114,28,26.38361358642578,25.182559967041016,28.920547485351562,58.66445808410644,25.36322784423828,130.13645935058594
probe4c2_C_soft_realspace,B_ASP114,29,26.38361358642578,25.182559967041016,28.920547485351562,58.66445808410644,25.36322784423828,130.13645935058594
probe4c2_C_soft_realspace,B_ASP114,30,26.38361358642578,25.182559967041016,28.920547485351562,58.66445808410644,25.36322784423828,130.13645935058594
probe4c2_C_soft_realspace,B_ASP114,31,26.38361358642578,25.182559967041016,28.920547485351562,58.66445808410644,25.36322784423828,130.13645935058594
probe4c2_C_soft_realspace,B_ASP114,32,26.38361358642578,25.182559967041016,28.920547485351562,58.66445808410644,25.36322784423828,130.13645935058594
probe4c2_C_soft_realspace,B_ASP114,33,26.38361358642578,25.182559967041016,28.920547485351562,58.66445808410644,25.36322784423828,130.13645935058594
probe4c2_C_soft_realspace,B_ASP114,34,26.38361358642578,25.182559967041016,28.920547485351562,58.66445808410644,25.36322784423828,130.13645935058594
probe4c2_C_soft_realspace,B_ASP114,35,26.38361358642578,25.182559967041016,28.920547485351562,58.66445808410644,25.36322784423828,130.13645935058594
probe4c2_C_soft_realspace,B_ASP114,36,26.38361358642578,25.182559967041016,28.920547485351562,58.66445808410644,25.36322784423828,130.13645935058594
probe4c2_C_soft_realspace,B_ASP114,37,26.38361358642578,25.182559967041016,28.920547485351562,58.66445808410644,25.36322784423828,130.13645935058594
probe4c2_C_soft_realspace,B_ASP114,38,26.38361358642578,25.182559967041016,28.920547485351562,58.66445808410644,25.36322784423828,130.13645935058594
probe4c2_C_soft_realspace,B_ASP114,39,26.38361358642578,25.182559967041016,28.920547485351562,58.66445808410644,25.36322784423828,130.13645935058594
probe4c2_C_soft_realspace,B_ASP114,40,26.38361358642578,25.182559967041016,28.920547485351562,58.66445808410644,25.36322784423828,130.13645935058594
probe4c2_C_soft_realspace,B_ASP114,41,26.38361358642578,25.182559967041016,28.920547485351562,58.66445808410644,25.36322784423828,130.13645935058594
probe4c2_C_soft_realspace,B_ASP114,42,26.38361358642578,25.182559967041016,28.920547485351562,58.66445808410644,25.36322784423828,130.13645935058594
probe4c2_C_soft_realspace,B_ASP114,43,26.38361358642578,25.182559967041016,28.920547485351562,58.66445808410644,25.36322784423828,130.13645935058594
probe4c2_C_soft_realspace,B_ASP114,44,26.38361358642578,25.182559967041016,28.920547485351562,58.66445808410644,25.36322784423828,130.13645935058594
probe4c2_C_soft_realspace,B_ASP114,45,26.38361358642578,25.182559967041016,28.920547485351562,58.66445808410644,25.36322784423828,130.13645935058594
probe4c2_C_soft_realspace,B_ASP114,46,26.38361358642578,25.182559967041016,28.920547485351562,58.66445808410644,25.36322784423828,130.13645935058594
probe4c2_C_soft_realspace,B_ASP114,47,26.38361358642578,25.182559967041016,28.920547485351562,58.66445808410644,25.36322784423828,130.13645935058594
probe4c2_C_soft_realspace,B_ASP114,48,26.38361358642578,25.182559967041016,28.920547485351562,58.66445808410644,25.36322784423828,130.13645935058594
probe4c2_C_soft_realspace,B_ASP114,49,26.38361358642578,25.182559967041016,28.920547485351562,58.66445808410644,25.36322784423828,130.13645935058594
probe4c1_kinematic_complex,B_ARG129,0,36.134857177734375,25.182605743408203,26.839645385742188,828.3526054382324,24.26175308227539,2970.25244140625
probe4c1_kinematic_complex,B_ARG129,1,36.134857177734375,25.182605743408203,26.839645385742188,828.3526054382324,24.26175308227539,2970.25244140625
probe4c1_kinematic_complex,B_ARG129,2,36.134857177734375,25.182605743408203,26.839645385742188,828.3526054382324,24.26175308227539,2970.25244140625
probe4c1_kinematic_complex,B_ARG129,3,36.134857177734375,25.182605743408203,26.839645385742188,828.3526054382324,24.26175308227539,2970.25244140625
probe4c1_kinematic_complex,B_ARG129,4,36.134857177734375,25.182605743408203,26.839645385742188,828.3526054382324,24.26175308227539,2970.25244140625
probe4c1_kinematic_complex,B_ARG129,5,36.134857177734375,25.182605743408203,26.839645385742188,828.3526054382324,24.26175308227539,2970.25244140625
probe4c1_kinematic_complex,B_ARG129,6,36.134857177734375,25.182605743408203,26.839645385742188,828.3526054382324,24.26175308227539,2970.25244140625
probe4c1_kinematic_complex,B_ARG129,7,36.134857177734375,25.182605743408203,26.839645385742188,828.3526054382324,24.26175308227539,2970.25244140625
probe4c1_kinematic_complex,B_ARG129,8,36.134857177734375,25.182605743408203,26.839645385742188,828.3526054382324,24.26175308227539,2970.25244140625
probe4c1_kinematic_complex,B_ARG129,9,36.134857177734375,25.182605743408203,26.839645385742188,828.3526054382324,24.26175308227539,2970.25244140625
probe4c1_kinematic_complex,B_ARG129,10,36.134857177734375,25.182605743408203,26.839645385742188,828.3526054382324,24.26175308227539,2970.25244140625
probe4c1_kinematic_complex,B_ARG129,11,36.134857177734375,25.182605743408203,26.839645385742188,828.3526054382324,24.26175308227539,2970.25244140625
probe4c1_kinematic_complex,B_ARG129,12,36.134857177734375,25.182605743408203,26.839645385742188,828.3526054382324,24.26175308227539,2970.25244140625
probe4c1_kinematic_complex,B_ARG129,13,36.134857177734375,25.182605743408203,26.839645385742188,828.3526054382324,24.26175308227539,2970.25244140625
probe4c1_kinematic_complex,B_ARG129,14,36.134857177734375,25.182605743408203,26.839645385742188,828.3526054382324,24.26175308227539,2970.25244140625
probe4c1_kinematic_complex,B_ARG129,15,36.134857177734375,25.182605743408203,26.839645385742188,828.3526054382324,24.26175308227539,2970.25244140625
probe4c1_kinematic_complex,B_ARG129,16,36.134857177734375,25.182605743408203,26.839645385742188,828.3526054382324,24.26175308227539,2970.25244140625
probe4c1_kinematic_complex,B_ARG129,17,36.134857177734375,25.182605743408203,26.839645385742188,828.3526054382324,24.26175308227539,2970.25244140625
probe4c1_kinematic_complex,B_ARG129,18,36.134857177734375,25.182605743408203,26.839645385742188,828.3526054382324,24.26175308227539,2970.25244140625
probe4c1_kinematic_complex,B_ARG129,19,36.134857177734375,25.182605743408203,26.839645385742188,828.3526054382324,24.26175308227539,2970.25244140625
probe4c1_kinematic_complex,B_ARG129,20,36.134857177734375,25.182605743408203,26.839645385742188,828.3526054382324,24.26175308227539,2970.25244140625
probe4c1_kinematic_complex,B_ARG129,21,36.134857177734375,25.182605743408203,26.839645385742188,828.3526054382324,24.26175308227539,2970.25244140625
probe4c1_kinematic_complex,B_ARG129,22,36.134857177734375,25.182605743408203,26.839645385742188,828.3526054382324,24.26175308227539,2970.25244140625
probe4c1_kinematic_complex,B_ARG129,23,36.134857177734375,25.182605743408203,26.839645385742188,828.3526054382324,24.26175308227539,2970.25244140625
probe4c1_kinematic_complex,B_ARG129,24,36.134857177734375,25.182605743408203,26.839645385742188,828.3526054382324,24.26175308227539,2970.25244140625
probe4c1_kinematic_complex,B_ARG129,25,36.134857177734375,25.182605743408203,26.839645385742188,828.3526054382324,24.26175308227539,2970.25244140625
probe4c1_kinematic_complex,B_ARG129,26,36.134857177734375,25.182605743408203,26.839645385742188,828.3526054382324,24.26175308227539,2970.25244140625
probe4c1_kinematic_complex,B_ARG129,27,36.134857177734375,25.182605743408203,26.839645385742188,828.3526054382324,24.26175308227539,2970.25244140625
probe4c1_kinematic_complex,B_ARG129,28,36.134857177734375,25.182605743408203,26.839645385742188,828.3526054382324,24.26175308227539,2970.25244140625
probe4c1_kinematic_complex,B_ARG129,29,36.134857177734375,25.182605743408203,26.839645385742188,828.3526054382324,24.26175308227539,2970.25244140625
probe4c1_kinematic_complex,B_ARG129,30,36.134857177734375,25.182605743408203,26.839645385742188,828.3526054382324,24.26175308227539,2970.25244140625
probe4c1_kinematic_complex,B_ARG129,31,36.134857177734375,25.182605743408203,26.839645385742188,828.3526054382324,24.26175308227539,2970.25244140625
probe4c1_kinematic_complex,B_ARG129,32,36.134857177734375,25.182605743408203,26.839645385742188,828.3526054382324,24.26175308227539,2970.25244140625
probe4c1_kinematic_complex,B_ARG129,33,36.134857177734375,25.182605743408203,26.839645385742188,828.3526054382324,24.26175308227539,2970.25244140625
probe4c1_kinematic_complex,B_ARG129,34,36.134857177734375,25.182605743408203,26.839645385742188,828.3526054382324,24.26175308227539,2970.25244140625
probe4c1_kinematic_complex,B_ARG129,35,36.134857177734375,25.182605743408203,26.839645385742188,828.3526054382324,24.26175308227539,2970.25244140625
probe4c1_kinematic_complex,B_ARG129,36,36.134857177734375,25.182605743408203,26.839645385742188,828.3526054382324,24.26175308227539,2970.25244140625
probe4c1_kinematic_complex,B_ARG129,37,36.134857177734375,25.182605743408203,26.839645385742188,828.3526054382324,24.26175308227539,2970.25244140625
probe4c1_kinematic_complex,B_ARG129,38,36.134857177734375,25.182605743408203,26.839645385742188,828.3526054382324,24.26175308227539,2970.25244140625
probe4c1_kinematic_complex,B_ARG129,39,36.134857177734375,25.182605743408203,26.839645385742188,828.3526054382324,24.26175308227539,2970.25244140625
probe4c1_kinematic_complex,B_ARG129,40,36.134857177734375,25.182605743408203,26.839645385742188,828.3526054382324,24.26175308227539,2970.25244140625
probe4c1_kinematic_complex,B_ARG129,41,36.134857177734375,25.182605743408203,26.839645385742188,828.3526054382324,24.26175308227539,2970.25244140625
probe4c1_kinematic_complex,B_ARG129,42,36.139915466308594,25.182605743408203,26.839645385742188,828.3526054382324,24.26175308227539,2970.25244140625
probe4c1_kinematic_complex,B_ARG129,43,36.134857177734375,25.182605743408203,26.839645385742188,828.3526054382324,24.26175308227539,2970.25244140625
probe4c1_kinematic_complex,B_ARG129,44,36.134857177734375,25.182605743408203,26.839645385742188,828.3526054382324,24.26175308227539,2970.25244140625
probe4c1_kinematic_complex,B_ARG129,45,36.134857177734375,25.182605743408203,26.839645385742188,828.3526054382324,24.26175308227539,2970.25244140625
probe4c1_kinematic_complex,B_ARG129,46,36.134857177734375,25.182605743408203,26.839645385742188,828.3526054382324,24.26175308227539,2970.25244140625
probe4c1_kinematic_complex,B_ARG129,47,36.134857177734375,25.182605743408203,26.839645385742188,828.3526054382324,24.26175308227539,2970.25244140625
probe4c1_kinematic_complex,B_ARG129,48,36.134857177734375,25.182605743408203,26.839645385742188,828.3526054382324,24.26175308227539,2970.25244140625
probe4c1_kinematic_complex,B_ARG129,49,36.134857177734375,25.182605743408203,26.839645385742188,828.3526054382324,24.26175308227539,2970.25244140625
probe4c2_A_soft_synthetic,B_ARG129,0,26.547504425048828,25.182605743408203,26.839645385742188,828.3526054382324,24.26175308227539,2970.25244140625
probe4c2_A_soft_synthetic,B_ARG129,1,26.547504425048828,25.182605743408203,26.839645385742188,828.3526054382324,24.26175308227539,2970.25244140625
probe4c2_A_soft_synthetic,B_ARG129,2,26.547504425048828,25.182605743408203,26.839645385742188,828.3526054382324,24.26175308227539,2970.25244140625
probe4c2_A_soft_synthetic,B_ARG129,3,26.547504425048828,25.182605743408203,26.839645385742188,828.3526054382324,24.26175308227539,2970.25244140625
probe4c2_A_soft_synthetic,B_ARG129,4,26.547504425048828,25.182605743408203,26.839645385742188,828.3526054382324,24.26175308227539,2970.25244140625
probe4c2_A_soft_synthetic,B_ARG129,5,26.547504425048828,25.182605743408203,26.839645385742188,828.3526054382324,24.26175308227539,2970.25244140625
probe4c2_A_soft_synthetic,B_ARG129,6,26.547504425048828,25.182605743408203,26.839645385742188,828.3526054382324,24.26175308227539,2970.25244140625
probe4c2_A_soft_synthetic,B_ARG129,7,26.547504425048828,25.182605743408203,26.839645385742188,828.3526054382324,24.26175308227539,2970.25244140625
probe4c2_A_soft_synthetic,B_ARG129,8,26.547504425048828,25.182605743408203,26.839645385742188,828.3526054382324,24.26175308227539,2970.25244140625
probe4c2_A_soft_synthetic,B_ARG129,9,26.547504425048828,25.182605743408203,26.839645385742188,828.3526054382324,24.26175308227539,2970.25244140625
probe4c2_A_soft_synthetic,B_ARG129,10,26.547504425048828,25.182605743408203,26.839645385742188,828.3526054382324,24.26175308227539,2970.25244140625
probe4c2_A_soft_synthetic,B_ARG129,11,26.547504425048828,25.182605743408203,26.839645385742188,828.3526054382324,24.26175308227539,2970.25244140625
probe4c2_A_soft_synthetic,B_ARG129,12,26.547504425048828,25.182605743408203,26.839645385742188,828.3526054382324,24.26175308227539,2970.25244140625
probe4c2_A_soft_synthetic,B_ARG129,13,26.547504425048828,25.182605743408203,26.839645385742188,828.3526054382324,24.26175308227539,2970.25244140625
probe4c2_A_soft_synthetic,B_ARG129,14,26.547504425048828,25.182605743408203,26.839645385742188,828.3526054382324,24.26175308227539,2970.25244140625
probe4c2_A_soft_synthetic,B_ARG129,15,26.547504425048828,25.182605743408203,26.839645385742188,828.3526054382324,24.26175308227539,2970.25244140625
probe4c2_A_soft_synthetic,B_ARG129,16,26.547504425048828,25.182605743408203,26.839645385742188,828.3526054382324,24.26175308227539,2970.25244140625
probe4c2_A_soft_synthetic,B_ARG129,17,26.547504425048828,25.182605743408203,26.839645385742188,828.3526054382324,24.26175308227539,2970.25244140625
probe4c2_A_soft_synthetic,B_ARG129,18,26.547504425048828,25.182605743408203,26.839645385742188,828.3526054382324,24.26175308227539,2970.25244140625
probe4c2_A_soft_synthetic,B_ARG129,19,26.547504425048828,25.182605743408203,26.839645385742188,828.3526054382324,24.26175308227539,2970.25244140625
probe4c2_A_soft_synthetic,B_ARG129,20,26.547504425048828,25.182605743408203,26.839645385742188,828.3526054382324,24.26175308227539,2970.25244140625
probe4c2_A_soft_synthetic,B_ARG129,21,26.547504425048828,25.182605743408203,26.839645385742188,828.3526054382324,24.26175308227539,2970.25244140625
probe4c2_A_soft_synthetic,B_ARG129,22,26.547504425048828,25.182605743408203,26.839645385742188,828.3526054382324,24.26175308227539,2970.25244140625
probe4c2_A_soft_synthetic,B_ARG129,23,26.547504425048828,25.182605743408203,26.839645385742188,828.3526054382324,24.26175308227539,2970.25244140625
probe4c2_A_soft_synthetic,B_ARG129,24,26.547504425048828,25.182605743408203,26.839645385742188,828.3526054382324,24.26175308227539,2970.25244140625
probe4c2_A_soft_synthetic,B_ARG129,25,26.547504425048828,25.182605743408203,26.839645385742188,828.3526054382324,24.26175308227539,2970.25244140625
probe4c2_A_soft_synthetic,B_ARG129,26,26.547504425048828,25.182605743408203,26.839645385742188,828.3526054382324,24.26175308227539,2970.25244140625
probe4c2_A_soft_synthetic,B_ARG129,27,26.547504425048828,25.182605743408203,26.839645385742188,828.3526054382324,24.26175308227539,2970.25244140625
probe4c2_A_soft_synthetic,B_ARG129,28,26.547504425048828,25.182605743408203,26.839645385742188,828.3526054382324,24.26175308227539,2970.25244140625
probe4c2_A_soft_synthetic,B_ARG129,29,26.547504425048828,25.182605743408203,26.839645385742188,828.3526054382324,24.26175308227539,2970.25244140625
probe4c2_A_soft_synthetic,B_ARG129,30,26.547504425048828,25.182605743408203,26.839645385742188,828.3526054382324,24.26175308227539,2970.25244140625
probe4c2_A_soft_synthetic,B_ARG129,31,26.547504425048828,25.182605743408203,26.839645385742188,828.3526054382324,24.26175308227539,2970.25244140625
probe4c2_A_soft_synthetic,B_ARG129,32,26.547504425048828,25.182605743408203,26.839645385742188,828.3526054382324,24.26175308227539,2970.25244140625
probe4c2_A_soft_synthetic,B_ARG129,33,26.547504425048828,25.182605743408203,26.839645385742188,828.3526054382324,24.26175308227539,2970.25244140625
probe4c2_A_soft_synthetic,B_ARG129,34,26.547504425048828,25.182605743408203,26.839645385742188,828.3526054382324,24.26175308227539,2970.25244140625
probe4c2_A_soft_synthetic,B_ARG129,35,26.547504425048828,25.182605743408203,26.839645385742188,828.3526054382324,24.26175308227539,2970.25244140625
probe4c2_A_soft_synthetic,B_ARG129,36,26.547504425048828,25.182605743408203,26.839645385742188,828.3526054382324,24.26175308227539,2970.25244140625
probe4c2_A_soft_synthetic,B_ARG129,37,26.547504425048828,25.182605743408203,26.839645385742188,828.3526054382324,24.26175308227539,2970.25244140625
probe4c2_A_soft_synthetic,B_ARG129,38,26.547504425048828,25.182605743408203,26.839645385742188,828.3526054382324,24.26175308227539,2970.25244140625
probe4c2_A_soft_synthetic,B_ARG129,39,26.547504425048828,25.182605743408203,26.839645385742188,828.3526054382324,24.26175308227539,2970.25244140625
probe4c2_A_soft_synthetic,B_ARG129,40,26.547504425048828,25.182605743408203,26.839645385742188,828.3526054382324,24.26175308227539,2970.25244140625
probe4c2_A_soft_synthetic,B_ARG129,41,26.547504425048828,25.182605743408203,26.839645385742188,828.3526054382324,24.26175308227539,2970.25244140625
probe4c2_A_soft_synthetic,B_ARG129,42,26.547504425048828,25.182605743408203,26.839645385742188,828.3526054382324,24.26175308227539,2970.25244140625
probe4c2_A_soft_synthetic,B_ARG129,43,26.547504425048828,25.182605743408203,26.839645385742188,828.3526054382324,24.26175308227539,2970.25244140625
probe4c2_A_soft_synthetic,B_ARG129,44,26.547504425048828,25.182605743408203,26.839645385742188,828.3526054382324,24.26175308227539,2970.25244140625
probe4c2_A_soft_synthetic,B_ARG129,45,26.547504425048828,25.182605743408203,26.839645385742188,828.3526054382324,24.26175308227539,2970.25244140625
probe4c2_A_soft_synthetic,B_ARG129,46,26.547504425048828,25.182605743408203,26.839645385742188,828.3526054382324,24.26175308227539,2970.25244140625
probe4c2_A_soft_synthetic,B_ARG129,47,26.547504425048828,25.182605743408203,26.839645385742188,828.3526054382324,24.26175308227539,2970.25244140625
probe4c2_A_soft_synthetic,B_ARG129,48,26.547504425048828,25.182605743408203,26.839645385742188,828.3526054382324,24.26175308227539,2970.25244140625
probe4c2_A_soft_synthetic,B_ARG129,49,26.547504425048828,25.182605743408203,26.839645385742188,828.3526054382324,24.26175308227539,2970.25244140625
probe4c2_B_soft_localized,B_ARG129,0,27.622669219970703,25.182605743408203,26.839645385742188,828.3526054382324,24.26175308227539,2970.25244140625
probe4c2_B_soft_localized,B_ARG129,1,27.622669219970703,25.182605743408203,26.839645385742188,828.3526054382324,24.26175308227539,2970.25244140625
probe4c2_B_soft_localized,B_ARG129,2,27.622669219970703,25.182605743408203,26.839645385742188,828.3526054382324,24.26175308227539,2970.25244140625
probe4c2_B_soft_localized,B_ARG129,3,27.622669219970703,25.182605743408203,26.839645385742188,828.3526054382324,24.26175308227539,2970.25244140625
probe4c2_B_soft_localized,B_ARG129,4,27.622669219970703,25.182605743408203,26.839645385742188,828.3526054382324,24.26175308227539,2970.25244140625
probe4c2_B_soft_localized,B_ARG129,5,27.622669219970703,25.182605743408203,26.839645385742188,828.3526054382324,24.26175308227539,2970.25244140625
probe4c2_B_soft_localized,B_ARG129,6,27.622669219970703,25.182605743408203,26.839645385742188,828.3526054382324,24.26175308227539,2970.25244140625
probe4c2_B_soft_localized,B_ARG129,7,27.623291015625,25.182605743408203,26.839645385742188,828.3526054382324,24.26175308227539,2970.25244140625
probe4c2_B_soft_localized,B_ARG129,8,27.622669219970703,25.182605743408203,26.839645385742188,828.3526054382324,24.26175308227539,2970.25244140625
probe4c2_B_soft_localized,B_ARG129,9,27.622669219970703,25.182605743408203,26.839645385742188,828.3526054382324,24.26175308227539,2970.25244140625
probe4c2_B_soft_localized,B_ARG129,10,27.622669219970703,25.182605743408203,26.839645385742188,828.3526054382324,24.26175308227539,2970.25244140625
probe4c2_B_soft_localized,B_ARG129,11,27.622669219970703,25.182605743408203,26.839645385742188,828.3526054382324,24.26175308227539,2970.25244140625
probe4c2_B_soft_localized,B_ARG129,12,27.622669219970703,25.182605743408203,26.839645385742188,828.3526054382324,24.26175308227539,2970.25244140625
probe4c2_B_soft_localized,B_ARG129,13,27.623291015625,25.182605743408203,26.839645385742188,828.3526054382324,24.26175308227539,2970.25244140625
probe4c2_B_soft_localized,B_ARG129,14,27.622669219970703,25.182605743408203,26.839645385742188,828.3526054382324,24.26175308227539,2970.25244140625
probe4c2_B_soft_localized,B_ARG129,15,27.622669219970703,25.182605743408203,26.839645385742188,828.3526054382324,24.26175308227539,2970.25244140625
probe4c2_B_soft_localized,B_ARG129,16,27.623291015625,25.182605743408203,26.839645385742188,828.3526054382324,24.26175308227539,2970.25244140625
probe4c2_B_soft_localized,B_ARG129,17,27.62201690673828,25.182605743408203,26.839645385742188,828.3526054382324,24.26175308227539,2970.25244140625
probe4c2_B_soft_localized,B_ARG129,18,27.622669219970703,25.182605743408203,26.839645385742188,828.3526054382324,24.26175308227539,2970.25244140625
probe4c2_B_soft_localized,B_ARG129,19,27.622669219970703,25.182605743408203,26.839645385742188,828.3526054382324,24.26175308227539,2970.25244140625
probe4c2_B_soft_localized,B_ARG129,20,27.622669219970703,25.182605743408203,26.839645385742188,828.3526054382324,24.26175308227539,2970.25244140625
probe4c2_B_soft_localized,B_ARG129,21,27.622669219970703,25.182605743408203,26.839645385742188,828.3526054382324,24.26175308227539,2970.25244140625
probe4c2_B_soft_localized,B_ARG129,22,27.623291015625,25.182605743408203,26.839645385742188,828.3526054382324,24.26175308227539,2970.25244140625
probe4c2_B_soft_localized,B_ARG129,23,27.622669219970703,25.182605743408203,26.839645385742188,828.3526054382324,24.26175308227539,2970.25244140625
probe4c2_B_soft_localized,B_ARG129,24,27.622669219970703,25.182605743408203,26.839645385742188,828.3526054382324,24.26175308227539,2970.25244140625
probe4c2_B_soft_localized,B_ARG129,25,27.62201690673828,25.182605743408203,26.839645385742188,828.3526054382324,24.26175308227539,2970.25244140625
probe4c2_B_soft_localized,B_ARG129,26,27.622669219970703,25.182605743408203,26.839645385742188,828.3526054382324,24.26175308227539,2970.25244140625
probe4c2_B_soft_localized,B_ARG129,27,27.622669219970703,25.182605743408203,26.839645385742188,828.3526054382324,24.26175308227539,2970.25244140625
probe4c2_B_soft_localized,B_ARG129,28,27.622669219970703,25.182605743408203,26.839645385742188,828.3526054382324,24.26175308227539,2970.25244140625
probe4c2_B_soft_localized,B_ARG129,29,27.623291015625,25.182605743408203,26.839645385742188,828.3526054382324,24.26175308227539,2970.25244140625
probe4c2_B_soft_localized,B_ARG129,30,27.623291015625,25.182605743408203,26.839645385742188,828.3526054382324,24.26175308227539,2970.25244140625
probe4c2_B_soft_localized,B_ARG129,31,27.622669219970703,25.182605743408203,26.839645385742188,828.3526054382324,24.26175308227539,2970.25244140625
probe4c2_B_soft_localized,B_ARG129,32,27.622669219970703,25.182605743408203,26.839645385742188,828.3526054382324,24.26175308227539,2970.25244140625
probe4c2_B_soft_localized,B_ARG129,33,27.622669219970703,25.182605743408203,26.839645385742188,828.3526054382324,24.26175308227539,2970.25244140625
probe4c2_B_soft_localized,B_ARG129,34,27.622669219970703,25.182605743408203,26.839645385742188,828.3526054382324,24.26175308227539,2970.25244140625
probe4c2_B_soft_localized,B_ARG129,35,27.622669219970703,25.182605743408203,26.839645385742188,828.3526054382324,24.26175308227539,2970.25244140625
probe4c2_B_soft_localized,B_ARG129,36,27.622669219970703,25.182605743408203,26.839645385742188,828.3526054382324,24.26175308227539,2970.25244140625
probe4c2_B_soft_localized,B_ARG129,37,27.622669219970703,25.182605743408203,26.839645385742188,828.3526054382324,24.26175308227539,2970.25244140625
probe4c2_B_soft_localized,B_ARG129,38,27.623291015625,25.182605743408203,26.839645385742188,828.3526054382324,24.26175308227539,2970.25244140625
probe4c2_B_soft_localized,B_ARG129,39,27.622669219970703,25.182605743408203,26.839645385742188,828.3526054382324,24.26175308227539,2970.25244140625
probe4c2_B_soft_localized,B_ARG129,40,27.622669219970703,25.182605743408203,26.839645385742188,828.3526054382324,24.26175308227539,2970.25244140625
probe4c2_B_soft_localized,B_ARG129,41,27.622669219970703,25.182605743408203,26.839645385742188,828.3526054382324,24.26175308227539,2970.25244140625
probe4c2_B_soft_localized,B_ARG129,42,27.622669219970703,25.182605743408203,26.839645385742188,828.3526054382324,24.26175308227539,2970.25244140625
probe4c2_B_soft_localized,B_ARG129,43,27.623291015625,25.182605743408203,26.839645385742188,828.3526054382324,24.26175308227539,2970.25244140625
probe4c2_B_soft_localized,B_ARG129,44,27.622669219970703,25.182605743408203,26.839645385742188,828.3526054382324,24.26175308227539,2970.25244140625
probe4c2_B_soft_localized,B_ARG129,45,27.623291015625,25.182605743408203,26.839645385742188,828.3526054382324,24.26175308227539,2970.25244140625
probe4c2_B_soft_localized,B_ARG129,46,27.622669219970703,25.182605743408203,26.839645385742188,828.3526054382324,24.26175308227539,2970.25244140625
probe4c2_B_soft_localized,B_ARG129,47,27.622669219970703,25.182605743408203,26.839645385742188,828.3526054382324,24.26175308227539,2970.25244140625
probe4c2_B_soft_localized,B_ARG129,48,27.622669219970703,25.182605743408203,26.839645385742188,828.3526054382324,24.26175308227539,2970.25244140625
probe4c2_B_soft_localized,B_ARG129,49,27.622669219970703,25.182605743408203,26.839645385742188,828.3526054382324,24.26175308227539,2970.25244140625
probe4c2_C_soft_realspace,B_ARG129,0,27.3863525390625,25.182605743408203,26.839645385742188,828.3526054382324,24.26175308227539,2970.25244140625
probe4c2_C_soft_realspace,B_ARG129,1,27.3863525390625,25.182605743408203,26.839645385742188,828.3526054382324,24.26175308227539,2970.25244140625
probe4c2_C_soft_realspace,B_ARG129,2,27.3863525390625,25.182605743408203,26.839645385742188,828.3526054382324,24.26175308227539,2970.25244140625
probe4c2_C_soft_realspace,B_ARG129,3,27.3863525390625,25.182605743408203,26.839645385742188,828.3526054382324,24.26175308227539,2970.25244140625
probe4c2_C_soft_realspace,B_ARG129,4,27.3863525390625,25.182605743408203,26.839645385742188,828.3526054382324,24.26175308227539,2970.25244140625
probe4c2_C_soft_realspace,B_ARG129,5,27.3863525390625,25.182605743408203,26.839645385742188,828.3526054382324,24.26175308227539,2970.25244140625
probe4c2_C_soft_realspace,B_ARG129,6,27.3863525390625,25.182605743408203,26.839645385742188,828.3526054382324,24.26175308227539,2970.25244140625
probe4c2_C_soft_realspace,B_ARG129,7,27.3863525390625,25.182605743408203,26.839645385742188,828.3526054382324,24.26175308227539,2970.25244140625
probe4c2_C_soft_realspace,B_ARG129,8,27.3863525390625,25.182605743408203,26.839645385742188,828.3526054382324,24.26175308227539,2970.25244140625
probe4c2_C_soft_realspace,B_ARG129,9,27.3863525390625,25.182605743408203,26.839645385742188,828.3526054382324,24.26175308227539,2970.25244140625
probe4c2_C_soft_realspace,B_ARG129,10,27.3863525390625,25.182605743408203,26.839645385742188,828.3526054382324,24.26175308227539,2970.25244140625
probe4c2_C_soft_realspace,B_ARG129,11,27.3863525390625,25.182605743408203,26.839645385742188,828.3526054382324,24.26175308227539,2970.25244140625
probe4c2_C_soft_realspace,B_ARG129,12,27.3863525390625,25.182605743408203,26.839645385742188,828.3526054382324,24.26175308227539,2970.25244140625
probe4c2_C_soft_realspace,B_ARG129,13,27.3863525390625,25.182605743408203,26.839645385742188,828.3526054382324,24.26175308227539,2970.25244140625
probe4c2_C_soft_realspace,B_ARG129,14,27.3863525390625,25.182605743408203,26.839645385742188,828.3526054382324,24.26175308227539,2970.25244140625
probe4c2_C_soft_realspace,B_ARG129,15,27.3863525390625,25.182605743408203,26.839645385742188,828.3526054382324,24.26175308227539,2970.25244140625
probe4c2_C_soft_realspace,B_ARG129,16,27.3863525390625,25.182605743408203,26.839645385742188,828.3526054382324,24.26175308227539,2970.25244140625
probe4c2_C_soft_realspace,B_ARG129,17,27.3863525390625,25.182605743408203,26.839645385742188,828.3526054382324,24.26175308227539,2970.25244140625
probe4c2_C_soft_realspace,B_ARG129,18,27.3863525390625,25.182605743408203,26.839645385742188,828.3526054382324,24.26175308227539,2970.25244140625
probe4c2_C_soft_realspace,B_ARG129,19,27.3863525390625,25.182605743408203,26.839645385742188,828.3526054382324,24.26175308227539,2970.25244140625
probe4c2_C_soft_realspace,B_ARG129,20,27.3863525390625,25.182605743408203,26.839645385742188,828.3526054382324,24.26175308227539,2970.25244140625
probe4c2_C_soft_realspace,B_ARG129,21,27.3863525390625,25.182605743408203,26.839645385742188,828.3526054382324,24.26175308227539,2970.25244140625
probe4c2_C_soft_realspace,B_ARG129,22,27.3863525390625,25.182605743408203,26.839645385742188,828.3526054382324,24.26175308227539,2970.25244140625
probe4c2_C_soft_realspace,B_ARG129,23,27.3863525390625,25.182605743408203,26.839645385742188,828.3526054382324,24.26175308227539,2970.25244140625
probe4c2_C_soft_realspace,B_ARG129,24,27.3863525390625,25.182605743408203,26.839645385742188,828.3526054382324,24.26175308227539,2970.25244140625
probe4c2_C_soft_realspace,B_ARG129,25,27.3863525390625,25.182605743408203,26.839645385742188,828.3526054382324,24.26175308227539,2970.25244140625
probe4c2_C_soft_realspace,B_ARG129,26,27.3863525390625,25.182605743408203,26.839645385742188,828.3526054382324,24.26175308227539,2970.25244140625
probe4c2_C_soft_realspace,B_ARG129,27,27.3863525390625,25.182605743408203,26.839645385742188,828.3526054382324,24.26175308227539,2970.25244140625
probe4c2_C_soft_realspace,B_ARG129,28,27.3863525390625,25.182605743408203,26.839645385742188,828.3526054382324,24.26175308227539,2970.25244140625
probe4c2_C_soft_realspace,B_ARG129,29,27.3863525390625,25.182605743408203,26.839645385742188,828.3526054382324,24.26175308227539,2970.25244140625
probe4c2_C_soft_realspace,B_ARG129,30,27.3863525390625,25.182605743408203,26.839645385742188,828.3526054382324,24.26175308227539,2970.25244140625
probe4c2_C_soft_realspace,B_ARG129,31,27.3863525390625,25.182605743408203,26.839645385742188,828.3526054382324,24.26175308227539,2970.25244140625
probe4c2_C_soft_realspace,B_ARG129,32,27.3863525390625,25.182605743408203,26.839645385742188,828.3526054382324,24.26175308227539,2970.25244140625
probe4c2_C_soft_realspace,B_ARG129,33,27.3863525390625,25.182605743408203,26.839645385742188,828.3526054382324,24.26175308227539,2970.25244140625
probe4c2_C_soft_realspace,B_ARG129,34,27.3863525390625,25.182605743408203,26.839645385742188,828.3526054382324,24.26175308227539,2970.25244140625
probe4c2_C_soft_realspace,B_ARG129,35,27.3863525390625,25.182605743408203,26.839645385742188,828.3526054382324,24.26175308227539,2970.25244140625
probe4c2_C_soft_realspace,B_ARG129,36,27.3863525390625,25.182605743408203,26.839645385742188,828.3526054382324,24.26175308227539,2970.25244140625
probe4c2_C_soft_realspace,B_ARG129,37,27.3863525390625,25.182605743408203,26.839645385742188,828.3526054382324,24.26175308227539,2970.25244140625
probe4c2_C_soft_realspace,B_ARG129,38,27.3863525390625,25.182605743408203,26.839645385742188,828.3526054382324,24.26175308227539,2970.25244140625
probe4c2_C_soft_realspace,B_ARG129,39,27.3863525390625,25.182605743408203,26.839645385742188,828.3526054382324,24.26175308227539,2970.25244140625
probe4c2_C_soft_realspace,B_ARG129,40,27.3863525390625,25.182605743408203,26.839645385742188,828.3526054382324,24.26175308227539,2970.25244140625
probe4c2_C_soft_realspace,B_ARG129,41,27.3863525390625,25.182605743408203,26.839645385742188,828.3526054382324,24.26175308227539,2970.25244140625
probe4c2_C_soft_realspace,B_ARG129,42,27.3863525390625,25.182605743408203,26.839645385742188,828.3526054382324,24.26175308227539,2970.25244140625
probe4c2_C_soft_realspace,B_ARG129,43,27.3863525390625,25.182605743408203,26.839645385742188,828.3526054382324,24.26175308227539,2970.25244140625
probe4c2_C_soft_realspace,B_ARG129,44,27.3863525390625,25.182605743408203,26.839645385742188,828.3526054382324,24.26175308227539,2970.25244140625
probe4c2_C_soft_realspace,B_ARG129,45,27.3863525390625,25.182605743408203,26.839645385742188,828.3526054382324,24.26175308227539,2970.25244140625
probe4c2_C_soft_realspace,B_ARG129,46,27.3863525390625,25.182605743408203,26.839645385742188,828.3526054382324,24.26175308227539,2970.25244140625
probe4c2_C_soft_realspace,B_ARG129,47,27.3863525390625,25.182605743408203,26.839645385742188,828.3526054382324,24.26175308227539,2970.25244140625
probe4c2_C_soft_realspace,B_ARG129,48,27.3863525390625,25.182605743408203,26.839645385742188,828.3526054382324,24.26175308227539,2970.25244140625
probe4c2_C_soft_realspace,B_ARG129,49,27.3863525390625,25.182605743408203,26.839645385742188,828.3526054382324,24.26175308227539,2970.25244140625
