condition,site,start,slot,occupancy,tmol_energy,tmol_A,tmol_B
density_only,A_MET112,0,0,0.76521122,59.24819564819336,48.87937927246094,48.73460006713867
density_only,A_MET112,0,1,0.20020896,51.147926330566406,48.87937927246094,48.73460006713867
density_only,A_MET112,1,0,0.61695659,60.329429626464844,48.87937927246094,48.73460006713867
density_only,A_MET112,1,2,0.38235894,1096.075927734375,48.87937927246094,48.73460006713867
density_only,A_MET112,2,0,0.25,1936.802490234375,48.87937927246094,48.73460006713867
density_only,A_MET112,2,1,0.25,1151.63720703125,48.87937927246094,48.73460006713867
density_only,A_MET112,2,2,0.25,972.931396484375,48.87937927246094,48.73460006713867
density_only,A_MET112,2,3,0.25,1469.2763671875,48.87937927246094,48.73460006713867
density_only,A_MET112,3,0,0.99998641,64.008056640625,48.87937927246094,48.73460006713867
density_only,A_MET112,4,3,0.99999988,60.13232421875,48.87937927246094,48.73460006713867
density_only,A_MET112,5,2,0.99951696,57.462703704833984,48.87937927246094,48.73460006713867
density_only,A_MET112,6,2,0.9999994,54.50258255004883,48.87937927246094,48.73460006713867
density_only,A_MET112,7,0,0.99999964,66.829833984375,48.87937927246094,48.73460006713867
density_only,A_MET112,8,0,0.65089589,54.38511657714844,48.87937927246094,48.73460006713867
density_only,A_MET112,8,2,0.34908777,59.76990509033203,48.87937927246094,48.73460006713867
density_only,A_MET112,9,2,0.56302661,55.26456832885742,48.87937927246094,48.73460006713867
density_only,A_MET112,9,3,0.43693525,88.98330688476562,48.87937927246094,48.73460006713867
density_only,A_MET112,10,0,0.78259939,58.92052459716797,48.87937927246094,48.73460006713867
density_only,A_MET112,10,1,0.09215723,79.99661254882812,48.87937927246094,48.73460006713867
density_only,A_MET112,10,3,0.12524332,64.76190185546875,48.87937927246094,48.73460006713867
density_only,A_MET112,11,2,0.99999988,53.05919647216797,48.87937927246094,48.73460006713867
density_only,A_MET112,12,0,0.56664354,60.8507080078125,48.87937927246094,48.73460006713867
density_only,A_MET112,12,2,0.43334633,58.73359680175781,48.87937927246094,48.73460006713867
density_only,A_MET112,13,1,0.33977571,61.733863830566406,48.87937927246094,48.73460006713867
density_only,A_MET112,13,2,0.66012377,59.410972595214844,48.87937927246094,48.73460006713867
density_only,A_MET112,14,2,0.62618899,58.54609680175781,48.87937927246094,48.73460006713867
density_only,A_MET112,14,3,0.37377137,77.31007385253906,48.87937927246094,48.73460006713867
density_only,A_MET112,15,0,0.30488795,49.59733963012695,48.87937927246094,48.73460006713867
density_only,A_MET112,15,1,0.40829241,61.87827682495117,48.87937927246094,48.73460006713867
density_only,A_MET112,15,2,0.28679338,70.79139709472656,48.87937927246094,48.73460006713867
density_only,A_MET112,16,0,0.35309231,64.06237030029297,48.87937927246094,48.73460006713867
density_only,A_MET112,16,1,0.64679688,53.61021423339844,48.87937927246094,48.73460006713867
density_only,A_MET112,17,1,0.68076271,52.93242645263672,48.87937927246094,48.73460006713867
density_only,A_MET112,17,2,0.31908959,68.88321685791016,48.87937927246094,48.73460006713867
density_only,A_MET112,18,0,0.63513005,53.875892639160156,48.87937927246094,48.73460006713867
density_only,A_MET112,18,2,0.36483586,59.12556457519531,48.87937927246094,48.73460006713867
density_only,A_MET112,19,0,0.099995084,94.23651123046875,48.87937927246094,48.73460006713867
density_only,A_MET112,19,1,0.2908141,76.05030059814453,48.87937927246094,48.73460006713867
density_only,A_MET112,19,2,0.16569149,64.74220275878906,48.87937927246094,48.73460006713867
density_only,A_MET112,19,3,0.4434993,69.8293685913086,48.87937927246094,48.73460006713867
density_only,A_MET112,20,3,0.99992728,56.670249938964844,48.87937927246094,48.73460006713867
density_only,A_MET112,21,1,0.41527739,51.43178939819336,48.87937927246094,48.73460006713867
density_only,A_MET112,21,2,0.25322169,66.7938003540039,48.87937927246094,48.73460006713867
density_only,A_MET112,21,3,0.33141488,1966.704345703125,48.87937927246094,48.73460006713867
density_only,A_MET112,22,0,0.32574695,84.80233764648438,48.87937927246094,48.73460006713867
density_only,A_MET112,22,1,0.23247288,53.348941802978516,48.87937927246094,48.73460006713867
density_only,A_MET112,22,2,0.4417752,55.20977020263672,48.87937927246094,48.73460006713867
density_only,A_MET112,23,0,0.31956568,53.76765823364258,48.87937927246094,48.73460006713867
density_only,A_MET112,23,1,0.22081707,86.84966278076172,48.87937927246094,48.73460006713867
density_only,A_MET112,23,2,0.34602362,1994.206787109375,48.87937927246094,48.73460006713867
density_only,A_MET112,23,3,0.1135936,78.64767456054688,48.87937927246094,48.73460006713867
density_only,A_MET112,24,0,0.32624665,75.13726043701172,48.87937927246094,48.73460006713867
density_only,A_MET112,24,2,0.6737532,58.107025146484375,48.87937927246094,48.73460006713867
density_only,A_MET112,25,0,0.62341404,1364.7779541015625,48.87937927246094,48.73460006713867
density_only,A_MET112,25,3,0.37657768,63.44755554199219,48.87937927246094,48.73460006713867
density_only,A_MET112,26,0,0.24668223,74.33761596679688,48.87937927246094,48.73460006713867
density_only,A_MET112,26,1,0.47240794,49.51620864868164,48.87937927246094,48.73460006713867
density_only,A_MET112,26,3,0.2807759,53.148406982421875,48.87937927246094,48.73460006713867
density_only,A_MET112,27,0,0.12741874,62.523860931396484,48.87937927246094,48.73460006713867
density_only,A_MET112,27,2,0.43429518,54.40270233154297,48.87937927246094,48.73460006713867
density_only,A_MET112,27,3,0.43828452,1845.6060791015625,48.87937927246094,48.73460006713867
density_only,A_MET112,28,1,0.99998343,64.257080078125,48.87937927246094,48.73460006713867
density_only,A_MET112,29,2,1.0,58.77394104003906,48.87937927246094,48.73460006713867
density_only,A_MET112,30,0,0.75996864,74.80191040039062,48.87937927246094,48.73460006713867
density_only,A_MET112,30,1,0.24002568,92.23579406738281,48.87937927246094,48.73460006713867
density_only,A_MET112,31,1,0.48544288,75.0108642578125,48.87937927246094,48.73460006713867
density_only,A_MET112,31,3,0.51445812,2013.91943359375,48.87937927246094,48.73460006713867
density_only,A_MET112,32,0,0.62318814,58.04731750488281,48.87937927246094,48.73460006713867
density_only,A_MET112,32,2,0.3767724,50.35100173950195,48.87937927246094,48.73460006713867
density_only,A_MET112,33,1,0.99999988,59.18351745605469,48.87937927246094,48.73460006713867
density_only,A_MET112,34,3,1.0,56.983238220214844,48.87937927246094,48.73460006713867
density_only,A_MET112,35,1,0.39280692,71.19277954101562,48.87937927246094,48.73460006713867
density_only,A_MET112,35,3,0.60631835,1399.49267578125,48.87937927246094,48.73460006713867
density_only,A_MET112,36,2,0.54283267,64.24900817871094,48.87937927246094,48.73460006713867
density_only,A_MET112,36,3,0.44564331,49.28295135498047,48.87937927246094,48.73460006713867
density_only,A_MET112,37,3,0.99995482,63.01870346069336,48.87937927246094,48.73460006713867
density_only,A_MET112,38,2,0.74193621,51.98501205444336,48.87937927246094,48.73460006713867
density_only,A_MET112,38,3,0.25797284,57.640342712402344,48.87937927246094,48.73460006713867
density_only,A_MET112,39,0,0.24837156,87.4561767578125,48.87937927246094,48.73460006713867
density_only,A_MET112,39,1,0.28339911,67.86985778808594,48.87937927246094,48.73460006713867
density_only,A_MET112,39,3,0.46822894,54.13774871826172,48.87937927246094,48.73460006713867
density_only,A_MET112,40,3,1.0,53.01612091064453,48.87937927246094,48.73460006713867
density_only,A_MET112,41,0,0.50054705,58.26226043701172,48.87937927246094,48.73460006713867
density_only,A_MET112,41,2,0.25565478,49.69133758544922,48.87937927246094,48.73460006713867
density_only,A_MET112,41,3,0.24378772,60.604103088378906,48.87937927246094,48.73460006713867
density_only,A_MET112,42,0,0.11606862,61.63628387451172,48.87937927246094,48.73460006713867
density_only,A_MET112,42,1,0.20505372,71.093017578125,48.87937927246094,48.73460006713867
density_only,A_MET112,42,2,0.38190529,2006.4141845703125,48.87937927246094,48.73460006713867
density_only,A_MET112,42,3,0.29697239,55.102928161621094,48.87937927246094,48.73460006713867
density_only,A_MET112,43,0,0.99999797,54.57347869873047,48.87937927246094,48.73460006713867
density_only,A_MET112,44,1,0.30247155,65.19630432128906,48.87937927246094,48.73460006713867
density_only,A_MET112,44,2,0.38433334,75.84593200683594,48.87937927246094,48.73460006713867
density_only,A_MET112,44,3,0.31318724,58.9662971496582,48.87937927246094,48.73460006713867
density_only,A_MET112,45,2,0.40037316,51.59535217285156,48.87937927246094,48.73460006713867
density_only,A_MET112,45,3,0.59801978,55.853668212890625,48.87937927246094,48.73460006713867
density_only,A_MET112,46,1,0.38214129,50.848941802978516,48.87937927246094,48.73460006713867
density_only,A_MET112,46,3,0.61777782,62.982791900634766,48.87937927246094,48.73460006713867
density_only,A_MET112,47,2,0.59929407,53.10248565673828,48.87937927246094,48.73460006713867
density_only,A_MET112,47,3,0.40069872,67.7215805053711,48.87937927246094,48.73460006713867
density_only,A_MET112,48,1,0.23685405,81.82183074951172,48.87937927246094,48.73460006713867
density_only,A_MET112,48,2,0.24974598,119.831298828125,48.87937927246094,48.73460006713867
density_only,A_MET112,48,3,0.51326889,53.981842041015625,48.87937927246094,48.73460006713867
density_only,A_MET112,49,0,1.0,57.21510696411133,48.87937927246094,48.73460006713867
soft_physics,A_MET112,0,0,0.64141625,59.65118408203125,48.87937927246094,48.73460006713867
soft_physics,A_MET112,0,1,0.25073072,84.17050170898438,48.87937927246094,48.73460006713867
soft_physics,A_MET112,0,3,0.10778122,72.89600372314453,48.87937927246094,48.73460006713867
soft_physics,A_MET112,1,1,0.99999988,58.56254959106445,48.87937927246094,48.73460006713867
soft_physics,A_MET112,2,1,0.333462,95.36475372314453,48.87937927246094,48.73460006713867
soft_physics,A_MET112,2,2,0.66627556,75.23435974121094,48.87937927246094,48.73460006713867
soft_physics,A_MET112,3,0,0.61503714,59.084205627441406,48.87937927246094,48.73460006713867
soft_physics,A_MET112,3,1,0.069587708,57.16257095336914,48.87937927246094,48.73460006713867
soft_physics,A_MET112,3,2,0.31536242,63.90119171142578,48.87937927246094,48.73460006713867
soft_physics,A_MET112,4,0,0.45734319,51.308467864990234,48.87937927246094,48.73460006713867
soft_physics,A_MET112,4,2,0.29451767,65.82701110839844,48.87937927246094,48.73460006713867
soft_physics,A_MET112,4,3,0.23729683,58.730682373046875,48.87937927246094,48.73460006713867
soft_physics,A_MET112,5,0,0.34329605,70.08551025390625,48.87937927246094,48.73460006713867
soft_physics,A_MET112,5,3,0.65668303,49.49730682373047,48.87937927246094,48.73460006713867
soft_physics,A_MET112,6,0,0.99989152,60.478511810302734,48.87937927246094,48.73460006713867
soft_physics,A_MET112,7,0,0.36742508,54.59222412109375,48.87937927246094,48.73460006713867
soft_physics,A_MET112,7,3,0.63257247,55.44129180908203,48.87937927246094,48.73460006713867
soft_physics,A_MET112,8,0,0.31420729,62.97370147705078,48.87937927246094,48.73460006713867
soft_physics,A_MET112,8,3,0.68535358,60.07527160644531,48.87937927246094,48.73460006713867
soft_physics,A_MET112,9,0,0.64897794,89.78724670410156,48.87937927246094,48.73460006713867
soft_physics,A_MET112,9,2,0.35097566,64.02552795410156,48.87937927246094,48.73460006713867
soft_physics,A_MET112,10,3,1.0,58.56634521484375,48.87937927246094,48.73460006713867
soft_physics,A_MET112,11,1,0.33749622,67.94779205322266,48.87937927246094,48.73460006713867
soft_physics,A_MET112,11,2,0.66242486,54.14795684814453,48.87937927246094,48.73460006713867
soft_physics,A_MET112,12,2,0.63571638,70.16168212890625,48.87937927246094,48.73460006713867
soft_physics,A_MET112,12,3,0.36093837,93.517822265625,48.87937927246094,48.73460006713867
soft_physics,A_MET112,13,1,0.24679117,71.20648193359375,48.87937927246094,48.73460006713867
soft_physics,A_MET112,13,2,0.33780682,49.63740921020508,48.87937927246094,48.73460006713867
soft_physics,A_MET112,13,3,0.415402,51.93783950805664,48.87937927246094,48.73460006713867
soft_physics,A_MET112,14,2,1.0,57.420753479003906,48.87937927246094,48.73460006713867
soft_physics,A_MET112,15,1,0.34196615,1114.366455078125,48.87937927246094,48.73460006713867
soft_physics,A_MET112,15,2,0.19753128,54.7176513671875,48.87937927246094,48.73460006713867
soft_physics,A_MET112,15,3,0.46026614,52.905975341796875,48.87937927246094,48.73460006713867
soft_physics,A_MET112,16,0,0.99984574,62.92634582519531,48.87937927246094,48.73460006713867
soft_physics,A_MET112,17,0,0.66037703,52.423866271972656,48.87937927246094,48.73460006713867
soft_physics,A_MET112,17,2,0.33927882,49.36852264404297,48.87937927246094,48.73460006713867
soft_physics,A_MET112,18,0,0.4246597,64.78794860839844,48.87937927246094,48.73460006713867
soft_physics,A_MET112,18,2,0.57518679,74.5728759765625,48.87937927246094,48.73460006713867
soft_physics,A_MET112,19,0,0.99999273,53.88697814941406,48.87937927246094,48.73460006713867
soft_physics,A_MET112,20,2,0.55539602,61.457557678222656,48.87937927246094,48.73460006713867
soft_physics,A_MET112,20,3,0.44460332,72.9725341796875,48.87937927246094,48.73460006713867
soft_physics,A_MET112,21,1,0.34699273,61.83214569091797,48.87937927246094,48.73460006713867
soft_physics,A_MET112,21,3,0.65289438,65.14276123046875,48.87937927246094,48.73460006713867
soft_physics,A_MET112,22,2,0.7331233,63.008270263671875,48.87937927246094,48.73460006713867
soft_physics,A_MET112,22,3,0.2668688,115.62769317626953,48.87937927246094,48.73460006713867
soft_physics,A_MET112,23,1,0.23907815,66.02873229980469,48.87937927246094,48.73460006713867
soft_physics,A_MET112,23,2,0.4854601,77.00629425048828,48.87937927246094,48.73460006713867
soft_physics,A_MET112,23,3,0.27477822,57.835304260253906,48.87937927246094,48.73460006713867
soft_physics,A_MET112,24,0,0.17109561,68.88088989257812,48.87937927246094,48.73460006713867
soft_physics,A_MET112,24,2,0.26637638,49.681480407714844,48.87937927246094,48.73460006713867
soft_physics,A_MET112,24,3,0.56252766,64.19483947753906,48.87937927246094,48.73460006713867
soft_physics,A_MET112,25,2,0.59835207,60.65052795410156,48.87937927246094,48.73460006713867
soft_physics,A_MET112,25,3,0.40163782,49.76603698730469,48.87937927246094,48.73460006713867
soft_physics,A_MET112,26,3,0.99999785,1081.08251953125,48.87937927246094,48.73460006713867
soft_physics,A_MET112,27,0,0.61757678,74.47679138183594,48.87937927246094,48.73460006713867
soft_physics,A_MET112,27,1,0.3822833,92.3177490234375,48.87937927246094,48.73460006713867
soft_physics,A_MET112,28,2,0.66014391,52.964805603027344,48.87937927246094,48.73460006713867
soft_physics,A_MET112,28,3,0.33973035,63.382240295410156,48.87937927246094,48.73460006713867
soft_physics,A_MET112,29,2,0.54904908,56.028785705566406,48.87937927246094,48.73460006713867
soft_physics,A_MET112,29,3,0.4509002,49.45939636230469,48.87937927246094,48.73460006713867
soft_physics,A_MET112,30,1,0.22849223,69.79084014892578,48.87937927246094,48.73460006713867
soft_physics,A_MET112,30,2,0.45607948,59.12255859375,48.87937927246094,48.73460006713867
soft_physics,A_MET112,30,3,0.31532857,72.99179077148438,48.87937927246094,48.73460006713867
soft_physics,A_MET112,31,1,0.31775883,61.56239318847656,48.87937927246094,48.73460006713867
soft_physics,A_MET112,31,2,0.68206614,51.59512710571289,48.87937927246094,48.73460006713867
soft_physics,A_MET112,32,0,0.225665,62.46087646484375,48.87937927246094,48.73460006713867
soft_physics,A_MET112,32,1,0.50999802,53.1304931640625,48.87937927246094,48.73460006713867
soft_physics,A_MET112,32,2,0.26430413,63.85903549194336,48.87937927246094,48.73460006713867
soft_physics,A_MET112,33,0,0.1464635,51.572113037109375,48.87937927246094,48.73460006713867
soft_physics,A_MET112,33,2,0.47592536,56.57426834106445,48.87937927246094,48.73460006713867
soft_physics,A_MET112,33,3,0.37760937,90.55992126464844,48.87937927246094,48.73460006713867
soft_physics,A_MET112,34,2,0.50844783,56.952293395996094,48.87937927246094,48.73460006713867
soft_physics,A_MET112,34,3,0.49149224,1941.2550048828125,48.87937927246094,48.73460006713867
soft_physics,A_MET112,35,0,0.46143815,54.52877426147461,48.87937927246094,48.73460006713867
soft_physics,A_MET112,35,2,0.27546245,69.75338745117188,48.87937927246094,48.73460006713867
soft_physics,A_MET112,35,3,0.26248017,157.66226196289062,48.87937927246094,48.73460006713867
soft_physics,A_MET112,36,2,0.99996829,53.563697814941406,48.87937927246094,48.73460006713867
soft_physics,A_MET112,37,0,0.612167,59.63324737548828,48.87937927246094,48.73460006713867
soft_physics,A_MET112,37,3,0.36925963,50.613311767578125,48.87937927246094,48.73460006713867
soft_physics,A_MET112,38,2,0.99999988,1875.8125,48.87937927246094,48.73460006713867
soft_physics,A_MET112,39,0,0.25083774,51.287513732910156,48.87937927246094,48.73460006713867
soft_physics,A_MET112,39,1,0.59771043,69.3697509765625,48.87937927246094,48.73460006713867
soft_physics,A_MET112,39,3,0.15143462,66.52579498291016,48.87937927246094,48.73460006713867
soft_physics,A_MET112,40,0,0.24492082,62.9583625793457,48.87937927246094,48.73460006713867
soft_physics,A_MET112,40,1,0.18919317,65.75028228759766,48.87937927246094,48.73460006713867
soft_physics,A_MET112,40,2,0.56588542,53.396705627441406,48.87937927246094,48.73460006713867
soft_physics,A_MET112,41,0,0.38017809,81.27068328857422,48.87937927246094,48.73460006713867
soft_physics,A_MET112,41,3,0.61982167,55.481361389160156,48.87937927246094,48.73460006713867
soft_physics,A_MET112,42,0,0.99999559,56.72704315185547,48.87937927246094,48.73460006713867
soft_physics,A_MET112,43,1,0.99999714,62.662750244140625,48.87937927246094,48.73460006713867
soft_physics,A_MET112,44,0,0.11111774,54.25260543823242,48.87937927246094,48.73460006713867
soft_physics,A_MET112,44,1,0.33067548,526.005859375,48.87937927246094,48.73460006713867
soft_physics,A_MET112,44,2,0.55820572,52.77635192871094,48.87937927246094,48.73460006713867
soft_physics,A_MET112,45,1,0.99960667,54.7369499206543,48.87937927246094,48.73460006713867
soft_physics,A_MET112,46,1,0.59666646,73.96929168701172,48.87937927246094,48.73460006713867
soft_physics,A_MET112,46,3,0.40052119,54.2789192199707,48.87937927246094,48.73460006713867
soft_physics,A_MET112,47,2,0.99998963,52.69502258300781,48.87937927246094,48.73460006713867
soft_physics,A_MET112,48,2,0.99999094,59.519317626953125,48.87937927246094,48.73460006713867
soft_physics,A_MET112,49,1,0.45054775,52.523284912109375,48.87937927246094,48.73460006713867
soft_physics,A_MET112,49,2,0.34089416,74.46858215332031,48.87937927246094,48.73460006713867
soft_physics,A_MET112,49,3,0.20839863,74.68112182617188,48.87937927246094,48.73460006713867
density_only,A_ARG129,0,0,0.34236646,62.13885498046875,48.87937927246094,54.568058013916016
density_only,A_ARG129,0,2,0.31664351,52.706260681152344,48.87937927246094,54.568058013916016
density_only,A_ARG129,0,3,0.33222419,3863.3125,48.87937927246094,54.568058013916016
density_only,A_ARG129,1,0,0.16410425,3483.533203125,48.87937927246094,54.568058013916016
density_only,A_ARG129,1,1,0.35439625,3932.073974609375,48.87937927246094,54.568058013916016
density_only,A_ARG129,1,2,0.43361804,66.43873596191406,48.87937927246094,54.568058013916016
density_only,A_ARG129,2,0,0.11886412,172.84133911132812,48.87937927246094,54.568058013916016
density_only,A_ARG129,2,1,0.35621235,3719.358154296875,48.87937927246094,54.568058013916016
density_only,A_ARG129,2,2,0.28425974,55.46216583251953,48.87937927246094,54.568058013916016
density_only,A_ARG129,2,3,0.24066383,61.50370788574219,48.87937927246094,54.568058013916016
density_only,A_ARG129,3,0,0.37965819,67.91433715820312,48.87937927246094,54.568058013916016
density_only,A_ARG129,3,2,0.26920983,53.91841125488281,48.87937927246094,54.568058013916016
density_only,A_ARG129,3,3,0.35113013,3740.66259765625,48.87937927246094,54.568058013916016
density_only,A_ARG129,4,1,0.37142235,3685.18408203125,48.87937927246094,54.568058013916016
density_only,A_ARG129,4,2,0.31017926,60.97479248046875,48.87937927246094,54.568058013916016
density_only,A_ARG129,4,3,0.31839833,53.10712432861328,48.87937927246094,54.568058013916016
density_only,A_ARG129,5,0,0.36260897,3708.4375,48.87937927246094,54.568058013916016
density_only,A_ARG129,5,1,0.1408858,71.27523803710938,48.87937927246094,54.568058013916016
density_only,A_ARG129,5,2,0.49649772,66.5573959350586,48.87937927246094,54.568058013916016
density_only,A_ARG129,6,0,0.21708907,143.3210906982422,48.87937927246094,54.568058013916016
density_only,A_ARG129,6,1,0.33360049,3761.5849609375,48.87937927246094,54.568058013916016
density_only,A_ARG129,6,2,0.052068647,156.50193786621094,48.87937927246094,54.568058013916016
density_only,A_ARG129,6,3,0.39724183,53.13398361206055,48.87937927246094,54.568058013916016
density_only,A_ARG129,7,0,0.38222402,53.158058166503906,48.87937927246094,54.568058013916016
density_only,A_ARG129,7,1,0.2783688,3858.28955078125,48.87937927246094,54.568058013916016
density_only,A_ARG129,7,2,0.1492625,2504.8134765625,48.87937927246094,54.568058013916016
density_only,A_ARG129,7,3,0.19014461,107.0267333984375,48.87937927246094,54.568058013916016
density_only,A_ARG129,8,0,0.24185787,3702.242431640625,48.87937927246094,54.568058013916016
density_only,A_ARG129,8,1,0.31678841,3894.6650390625,48.87937927246094,54.568058013916016
density_only,A_ARG129,8,3,0.41395968,66.38702392578125,48.87937927246094,54.568058013916016
density_only,A_ARG129,9,0,0.32985821,3892.60009765625,48.87937927246094,54.568058013916016
density_only,A_ARG129,9,1,0.40343982,54.84889221191406,48.87937927246094,54.568058013916016
density_only,A_ARG129,9,2,0.20869268,3693.346923828125,48.87937927246094,54.568058013916016
density_only,A_ARG129,9,3,0.058009315,3605.001708984375,48.87937927246094,54.568058013916016
density_only,A_ARG129,10,0,0.35173061,3954.22705078125,48.87937927246094,54.568058013916016
density_only,A_ARG129,10,1,0.10518717,3785.9736328125,48.87937927246094,54.568058013916016
density_only,A_ARG129,10,2,0.26907328,60.92198944091797,48.87937927246094,54.568058013916016
density_only,A_ARG129,10,3,0.27400896,53.08403396606445,48.87937927246094,54.568058013916016
density_only,A_ARG129,11,1,0.40178397,59.91168212890625,48.87937927246094,54.568058013916016
density_only,A_ARG129,11,2,0.29888588,3909.97998046875,48.87937927246094,54.568058013916016
density_only,A_ARG129,11,3,0.29933003,3949.4423828125,48.87937927246094,54.568058013916016
density_only,A_ARG129,12,0,0.37880334,3749.494384765625,48.87937927246094,54.568058013916016
density_only,A_ARG129,12,2,0.44058967,66.17546081542969,48.87937927246094,54.568058013916016
density_only,A_ARG129,12,3,0.18060692,74.5245361328125,48.87937927246094,54.568058013916016
density_only,A_ARG129,13,0,0.4122752,59.86605453491211,48.87937927246094,54.568058013916016
density_only,A_ARG129,13,1,0.39754596,3698.375244140625,48.87937927246094,54.568058013916016
density_only,A_ARG129,13,3,0.19017889,155.30540466308594,48.87937927246094,54.568058013916016
density_only,A_ARG129,14,0,0.29927191,3901.465576171875,48.87937927246094,54.568058013916016
density_only,A_ARG129,14,1,0.39484814,69.97773742675781,48.87937927246094,54.568058013916016
density_only,A_ARG129,14,2,0.21244244,3732.83056640625,48.87937927246094,54.568058013916016
density_only,A_ARG129,14,3,0.093437515,3128.00244140625,48.87937927246094,54.568058013916016
density_only,A_ARG129,15,1,0.49411085,54.86697769165039,48.87937927246094,54.568058013916016
density_only,A_ARG129,15,2,0.29861796,3693.644287109375,48.87937927246094,54.568058013916016
density_only,A_ARG129,15,3,0.20727117,3859.279052734375,48.87937927246094,54.568058013916016
density_only,A_ARG129,16,0,0.41733605,53.094215393066406,48.87937927246094,54.568058013916016
density_only,A_ARG129,16,2,0.23218516,143.73577880859375,48.87937927246094,54.568058013916016
density_only,A_ARG129,16,3,0.34932521,3732.156005859375,48.87937927246094,54.568058013916016
density_only,A_ARG129,17,0,0.35779321,66.95459747314453,48.87937927246094,54.568058013916016
density_only,A_ARG129,17,1,0.19873902,3738.734619140625,48.87937927246094,54.568058013916016
density_only,A_ARG129,17,2,0.3045474,3921.623779296875,48.87937927246094,54.568058013916016
density_only,A_ARG129,17,3,0.1389204,92.9215087890625,48.87937927246094,54.568058013916016
density_only,A_ARG129,18,0,0.15747224,132.6231231689453,48.87937927246094,54.568058013916016
density_only,A_ARG129,18,1,0.22823617,3700.329345703125,48.87937927246094,54.568058013916016
density_only,A_ARG129,18,2,0.29642001,3893.58544921875,48.87937927246094,54.568058013916016
density_only,A_ARG129,18,3,0.31787157,53.13300704956055,48.87937927246094,54.568058013916016
density_only,A_ARG129,19,0,0.31696421,3709.510009765625,48.87937927246094,54.568058013916016
density_only,A_ARG129,19,1,0.14238475,430.5528869628906,48.87937927246094,54.568058013916016
density_only,A_ARG129,19,2,0.085827231,2789.925048828125,48.87937927246094,54.568058013916016
density_only,A_ARG129,19,3,0.45482388,59.90349197387695,48.87937927246094,54.568058013916016
density_only,A_ARG129,20,0,0.22758044,3475.53515625,48.87937927246094,54.568058013916016
density_only,A_ARG129,20,2,0.31586677,3942.8056640625,48.87937927246094,54.568058013916016
density_only,A_ARG129,20,3,0.42231339,66.33067321777344,48.87937927246094,54.568058013916016
density_only,A_ARG129,21,0,0.2536954,55.27081298828125,48.87937927246094,54.568058013916016
density_only,A_ARG129,21,1,0.36911917,64.68780517578125,48.87937927246094,54.568058013916016
density_only,A_ARG129,21,2,0.33032396,3742.30322265625,48.87937927246094,54.568058013916016
density_only,A_ARG129,22,0,0.31553116,3901.79052734375,48.87937927246094,54.568058013916016
density_only,A_ARG129,22,1,0.38331205,54.92813491821289,48.87937927246094,54.568058013916016
density_only,A_ARG129,22,2,0.067937329,84.82292938232422,48.87937927246094,54.568058013916016
density_only,A_ARG129,22,3,0.23321947,3690.63671875,48.87937927246094,54.568058013916016
density_only,A_ARG129,23,0,0.25651932,147.03500366210938,48.87937927246094,54.568058013916016
density_only,A_ARG129,23,1,0.39006719,66.65276336669922,48.87937927246094,54.568058013916016
density_only,A_ARG129,23,3,0.35064742,3745.31005859375,48.87937927246094,54.568058013916016
density_only,A_ARG129,24,0,0.24151643,168.54766845703125,48.87937927246094,54.568058013916016
density_only,A_ARG129,24,1,0.13919449,2582.194091796875,48.87937927246094,54.568058013916016
density_only,A_ARG129,24,2,0.35831636,3959.838623046875,48.87937927246094,54.568058013916016
density_only,A_ARG129,24,3,0.26097274,59.782997131347656,48.87937927246094,54.568058013916016
density_only,A_ARG129,25,0,0.39372781,60.98786163330078,48.87937927246094,54.568058013916016
density_only,A_ARG129,25,1,0.1186148,3642.6630859375,48.87937927246094,54.568058013916016
density_only,A_ARG129,25,2,0.28574881,3750.30322265625,48.87937927246094,54.568058013916016
density_only,A_ARG129,25,3,0.20190859,139.81756591796875,48.87937927246094,54.568058013916016
density_only,A_ARG129,26,0,0.44961527,59.97517395019531,48.87937927246094,54.568058013916016
density_only,A_ARG129,26,1,0.16025788,148.54876708984375,48.87937927246094,54.568058013916016
density_only,A_ARG129,26,2,0.39012656,3650.250244140625,48.87937927246094,54.568058013916016
density_only,A_ARG129,27,0,0.43401742,53.12329864501953,48.87937927246094,54.568058013916016
density_only,A_ARG129,27,2,0.32116112,3864.43505859375,48.87937927246094,54.568058013916016
density_only,A_ARG129,27,3,0.24482146,139.82806396484375,48.87937927246094,54.568058013916016
density_only,A_ARG129,28,0,0.2991232,3908.6357421875,48.87937927246094,54.568058013916016
density_only,A_ARG129,28,1,0.30249861,3934.822509765625,48.87937927246094,54.568058013916016
density_only,A_ARG129,28,2,0.39837819,53.571876525878906,48.87937927246094,54.568058013916016
density_only,A_ARG129,29,0,0.28910476,3632.416015625,48.87937927246094,54.568058013916016
density_only,A_ARG129,29,2,0.53481805,169.39463806152344,48.87937927246094,54.568058013916016
density_only,A_ARG129,29,3,0.17607716,3916.7236328125,48.87937927246094,54.568058013916016
density_only,A_ARG129,30,0,0.28550944,3474.560791015625,48.87937927246094,54.568058013916016
density_only,A_ARG129,30,1,0.30741516,3686.93994140625,48.87937927246094,54.568058013916016
density_only,A_ARG129,30,2,0.31854424,2508.97119140625,48.87937927246094,54.568058013916016
density_only,A_ARG129,30,3,0.088531166,1107.1507568359375,48.87937927246094,54.568058013916016
density_only,A_ARG129,31,0,0.41655153,3730.4765625,48.87937927246094,54.568058013916016
density_only,A_ARG129,31,1,0.082718678,842.5830688476562,48.87937927246094,54.568058013916016
density_only,A_ARG129,31,3,0.50072986,66.44575500488281,48.87937927246094,54.568058013916016
density_only,A_ARG129,32,0,0.40316728,69.08570861816406,48.87937927246094,54.568058013916016
density_only,A_ARG129,32,2,0.34250787,3685.78564453125,48.87937927246094,54.568058013916016
density_only,A_ARG129,32,3,0.22596654,54.869041442871094,48.87937927246094,54.568058013916016
density_only,A_ARG129,33,0,0.1703621,392.304931640625,48.87937927246094,54.568058013916016
density_only,A_ARG129,33,1,0.50873041,59.90745544433594,48.87937927246094,54.568058013916016
density_only,A_ARG129,33,3,0.32090747,3863.4775390625,48.87937927246094,54.568058013916016
density_only,A_ARG129,34,1,0.40837798,171.20587158203125,48.87937927246094,54.568058013916016
density_only,A_ARG129,34,2,0.29454687,3901.344970703125,48.87937927246094,54.568058013916016
density_only,A_ARG129,34,3,0.29707509,3952.85595703125,48.87937927246094,54.568058013916016
density_only,A_ARG129,35,0,0.50550431,59.85284423828125,48.87937927246094,54.568058013916016
density_only,A_ARG129,35,1,0.31795314,3860.101806640625,48.87937927246094,54.568058013916016
density_only,A_ARG129,35,2,0.17571568,398.16656494140625,48.87937927246094,54.568058013916016
density_only,A_ARG129,36,0,0.36642399,60.23772430419922,48.87937927246094,54.568058013916016
density_only,A_ARG129,36,1,0.23296294,58.214073181152344,48.87937927246094,54.568058013916016
density_only,A_ARG129,36,3,0.4006128,3688.078857421875,48.87937927246094,54.568058013916016
density_only,A_ARG129,37,0,0.10711098,87.83436584472656,48.87937927246094,54.568058013916016
density_only,A_ARG129,37,1,0.23038094,53.83521270751953,48.87937927246094,54.568058013916016
density_only,A_ARG129,37,2,0.3817862,67.6263427734375,48.87937927246094,54.568058013916016
density_only,A_ARG129,37,3,0.28072181,3852.642578125,48.87937927246094,54.568058013916016
density_only,A_ARG129,38,0,0.28735346,3928.96533203125,48.87937927246094,54.568058013916016
density_only,A_ARG129,38,1,0.29103798,3942.11865234375,48.87937927246094,54.568058013916016
density_only,A_ARG129,38,2,0.39212406,60.03330993652344,48.87937927246094,54.568058013916016
density_only,A_ARG129,39,0,0.28242654,3663.481201171875,48.87937927246094,54.568058013916016
density_only,A_ARG129,39,1,0.40181845,60.945247650146484,48.87937927246094,54.568058013916016
density_only,A_ARG129,39,2,0.19932388,3860.05029296875,48.87937927246094,54.568058013916016
density_only,A_ARG129,39,3,0.11643114,3847.2626953125,48.87937927246094,54.568058013916016
density_only,A_ARG129,40,1,0.2844902,3488.3798828125,48.87937927246094,54.568058013916016
density_only,A_ARG129,40,2,0.44796008,66.36654663085938,48.87937927246094,54.568058013916016
density_only,A_ARG129,40,3,0.26754966,3677.368408203125,48.87937927246094,54.568058013916016
density_only,A_ARG129,41,0,0.45101434,54.8441162109375,48.87937927246094,54.568058013916016
density_only,A_ARG129,41,2,0.3975423,3717.13916015625,48.87937927246094,54.568058013916016
density_only,A_ARG129,41,3,0.15144341,331.1968688964844,48.87937927246094,54.568058013916016
density_only,A_ARG129,42,0,0.33206347,3859.750244140625,48.87937927246094,54.568058013916016
density_only,A_ARG129,42,2,0.50533646,54.83127212524414,48.87937927246094,54.568058013916016
density_only,A_ARG129,42,3,0.1625998,177.3049774169922,48.87937927246094,54.568058013916016
density_only,A_ARG129,43,0,0.31130329,53.11164855957031,48.87937927246094,54.568058013916016
density_only,A_ARG129,43,1,0.36315659,3948.70556640625,48.87937927246094,54.568058013916016
density_only,A_ARG129,43,2,0.21969561,241.36590576171875,48.87937927246094,54.568058013916016
density_only,A_ARG129,43,3,0.10584449,175.2537841796875,48.87937927246094,54.568058013916016
density_only,A_ARG129,44,0,0.085054845,296.8887634277344,48.87937927246094,54.568058013916016
density_only,A_ARG129,44,1,0.30684343,3944.883544921875,48.87937927246094,54.568058013916016
density_only,A_ARG129,44,2,0.21856135,3381.8046875,48.87937927246094,54.568058013916016
density_only,A_ARG129,44,3,0.3895404,66.09260559082031,48.87937927246094,54.568058013916016
density_only,A_ARG129,45,0,0.44575736,65.10836791992188,48.87937927246094,54.568058013916016
density_only,A_ARG129,45,1,0.13706982,3844.221435546875,48.87937927246094,54.568058013916016
density_only,A_ARG129,45,2,0.25068069,3621.16796875,48.87937927246094,54.568058013916016
density_only,A_ARG129,45,3,0.16649209,2639.83837890625,48.87937927246094,54.568058013916016
density_only,A_ARG129,46,1,0.27160656,155.73858642578125,48.87937927246094,54.568058013916016
density_only,A_ARG129,46,2,0.36802045,59.95058059692383,48.87937927246094,54.568058013916016
density_only,A_ARG129,46,3,0.36037296,3699.095458984375,48.87937927246094,54.568058013916016
density_only,A_ARG129,47,0,0.14731193,156.9203643798828,48.87937927246094,54.568058013916016
density_only,A_ARG129,47,1,0.28566128,3903.4853515625,48.87937927246094,54.568058013916016
density_only,A_ARG129,47,2,0.33587989,66.74405670166016,48.87937927246094,54.568058013916016
density_only,A_ARG129,47,3,0.23114696,3686.161376953125,48.87937927246094,54.568058013916016
density_only,A_ARG129,48,0,0.19397174,3766.07470703125,48.87937927246094,54.568058013916016
density_only,A_ARG129,48,1,0.25218323,60.72241973876953,48.87937927246094,54.568058013916016
density_only,A_ARG129,48,2,0.2345881,61.81519317626953,48.87937927246094,54.568058013916016
density_only,A_ARG129,48,3,0.3192569,3914.45068359375,48.87937927246094,54.568058013916016
density_only,A_ARG129,49,0,0.19466196,189.0885772705078,48.87937927246094,54.568058013916016
density_only,A_ARG129,49,1,0.39795089,64.780029296875,48.87937927246094,54.568058013916016
density_only,A_ARG129,49,2,0.37297401,3706.251708984375,48.87937927246094,54.568058013916016
soft_physics,A_ARG129,0,0,0.16025144,2515.697998046875,48.87937927246094,54.568058013916016
soft_physics,A_ARG129,0,1,0.36764815,3945.09765625,48.87937927246094,54.568058013916016
soft_physics,A_ARG129,0,2,0.43109572,65.14555358886719,48.87937927246094,54.568058013916016
soft_physics,A_ARG129,1,0,0.38562188,66.05278015136719,48.87937927246094,54.568058013916016
soft_physics,A_ARG129,1,1,0.3029536,3857.959228515625,48.87937927246094,54.568058013916016
soft_physics,A_ARG129,1,2,0.06334985,124.23262023925781,48.87937927246094,54.568058013916016
soft_physics,A_ARG129,1,3,0.2480747,54.11068344116211,48.87937927246094,54.568058013916016
soft_physics,A_ARG129,2,0,0.20815986,3396.643798828125,48.87937927246094,54.568058013916016
soft_physics,A_ARG129,2,1,0.21967584,53.25483703613281,48.87937927246094,54.568058013916016
soft_physics,A_ARG129,2,2,0.27931148,62.339088439941406,48.87937927246094,54.568058013916016
soft_physics,A_ARG129,2,3,0.29285285,3937.091064453125,48.87937927246094,54.568058013916016
soft_physics,A_ARG129,3,0,0.4497796,169.52334594726562,48.87937927246094,54.568058013916016
soft_physics,A_ARG129,3,1,0.26845998,3486.382080078125,48.87937927246094,54.568058013916016
soft_physics,A_ARG129,3,2,0.28176036,3535.75244140625,48.87937927246094,54.568058013916016
soft_physics,A_ARG129,4,0,0.25561258,3523.03857421875,48.87937927246094,54.568058013916016
soft_physics,A_ARG129,4,1,0.10578799,155.4178009033203,48.87937927246094,54.568058013916016
soft_physics,A_ARG129,4,2,0.40316084,65.672607421875,48.87937927246094,54.568058013916016
soft_physics,A_ARG129,4,3,0.23543864,3386.62109375,48.87937927246094,54.568058013916016
soft_physics,A_ARG129,5,1,0.40406451,3743.10546875,48.87937927246094,54.568058013916016
soft_physics,A_ARG129,5,2,0.17656615,159.38511657714844,48.87937927246094,54.568058013916016
soft_physics,A_ARG129,5,3,0.41936916,65.9505615234375,48.87937927246094,54.568058013916016
soft_physics,A_ARG129,6,0,0.13235363,3705.32470703125,48.87937927246094,54.568058013916016
soft_physics,A_ARG129,6,1,0.50640625,66.47692108154297,48.87937927246094,54.568058013916016
soft_physics,A_ARG129,6,3,0.36124009,3908.8720703125,48.87937927246094,54.568058013916016
soft_physics,A_ARG129,7,0,0.15989171,134.49676513671875,48.87937927246094,54.568058013916016
soft_physics,A_ARG129,7,1,0.41748351,66.46229553222656,48.87937927246094,54.568058013916016
soft_physics,A_ARG129,7,2,0.12012193,134.76046752929688,48.87937927246094,54.568058013916016
soft_physics,A_ARG129,7,3,0.30250278,3702.321044921875,48.87937927246094,54.568058013916016
soft_physics,A_ARG129,8,0,0.26944736,3277.4619140625,48.87937927246094,54.568058013916016
soft_physics,A_ARG129,8,1,0.13719681,428.3670959472656,48.87937927246094,54.568058013916016
soft_physics,A_ARG129,8,2,0.44833735,59.91970443725586,48.87937927246094,54.568058013916016
soft_physics,A_ARG129,8,3,0.14501849,185.10812377929688,48.87937927246094,54.568058013916016
soft_physics,A_ARG129,9,0,0.21776247,3681.64501953125,48.87937927246094,54.568058013916016
soft_physics,A_ARG129,9,1,0.063962445,3167.893310546875,48.87937927246094,54.568058013916016
soft_physics,A_ARG129,9,2,0.40956688,65.98789978027344,48.87937927246094,54.568058013916016
soft_physics,A_ARG129,9,3,0.30870816,3895.714111328125,48.87937927246094,54.568058013916016
soft_physics,A_ARG129,10,0,0.4972811,3909.9970703125,48.87937927246094,54.568058013916016
soft_physics,A_ARG129,10,1,0.47210994,3949.18896484375,48.87937927246094,54.568058013916016
soft_physics,A_ARG129,11,1,0.47131714,56.09797668457031,48.87937927246094,54.568058013916016
soft_physics,A_ARG129,11,2,0.23974572,101.93594360351562,48.87937927246094,54.568058013916016
soft_physics,A_ARG129,11,3,0.28889185,153.316650390625,48.87937927246094,54.568058013916016
soft_physics,A_ARG129,12,0,0.16265257,2589.666259765625,48.87937927246094,54.568058013916016
soft_physics,A_ARG129,12,1,0.24161218,3863.51220703125,48.87937927246094,54.568058013916016
soft_physics,A_ARG129,12,2,0.42015243,62.443397521972656,48.87937927246094,54.568058013916016
soft_physics,A_ARG129,12,3,0.1755828,114.16899108886719,48.87937927246094,54.568058013916016
soft_physics,A_ARG129,13,0,0.28775582,157.1383514404297,48.87937927246094,54.568058013916016
soft_physics,A_ARG129,13,1,0.36993423,3868.6484375,48.87937927246094,54.568058013916016
soft_physics,A_ARG129,13,2,0.26129821,82.31739044189453,48.87937927246094,54.568058013916016
soft_physics,A_ARG129,13,3,0.081011713,410.0665283203125,48.87937927246094,54.568058013916016
soft_physics,A_ARG129,14,0,0.29430863,3857.171142578125,48.87937927246094,54.568058013916016
soft_physics,A_ARG129,14,1,0.18887025,147.4019012451172,48.87937927246094,54.568058013916016
soft_physics,A_ARG129,14,2,0.28958613,65.55452728271484,48.87937927246094,54.568058013916016
soft_physics,A_ARG129,14,3,0.22723494,58.672760009765625,48.87937927246094,54.568058013916016
soft_physics,A_ARG129,15,0,0.28313488,162.3367919921875,48.87937927246094,54.568058013916016
soft_physics,A_ARG129,15,1,0.13245836,2635.20068359375,48.87937927246094,54.568058013916016
soft_physics,A_ARG129,15,2,0.31723195,3749.2294921875,48.87937927246094,54.568058013916016
soft_physics,A_ARG129,15,3,0.26717484,52.99694061279297,48.87937927246094,54.568058013916016
soft_physics,A_ARG129,16,0,0.11678945,73.99060821533203,48.87937927246094,54.568058013916016
soft_physics,A_ARG129,16,1,0.077336803,69.64097595214844,48.87937927246094,54.568058013916016
soft_physics,A_ARG129,16,2,0.47257787,65.8719482421875,48.87937927246094,54.568058013916016
soft_physics,A_ARG129,16,3,0.33329585,3858.002685546875,48.87937927246094,54.568058013916016
soft_physics,A_ARG129,17,0,0.38495055,59.91572570800781,48.87937927246094,54.568058013916016
soft_physics,A_ARG129,17,1,0.11013571,301.69549560546875,48.87937927246094,54.568058013916016
soft_physics,A_ARG129,17,2,0.24879721,3410.03369140625,48.87937927246094,54.568058013916016
soft_physics,A_ARG129,17,3,0.25611651,3641.418701171875,48.87937927246094,54.568058013916016
soft_physics,A_ARG129,18,0,0.34052691,3762.3896484375,48.87937927246094,54.568058013916016
soft_physics,A_ARG129,18,2,0.32316583,62.285160064697266,48.87937927246094,54.568058013916016
soft_physics,A_ARG129,18,3,0.33630714,168.13873291015625,48.87937927246094,54.568058013916016
soft_physics,A_ARG129,19,0,0.22714944,3691.218505859375,48.87937927246094,54.568058013916016
soft_physics,A_ARG129,19,1,0.21324274,149.11209106445312,48.87937927246094,54.568058013916016
soft_physics,A_ARG129,19,2,0.29427269,3893.391845703125,48.87937927246094,54.568058013916016
soft_physics,A_ARG129,19,3,0.26533511,66.90362548828125,48.87937927246094,54.568058013916016
soft_physics,A_ARG129,20,0,0.30819514,3899.084228515625,48.87937927246094,54.568058013916016
soft_physics,A_ARG129,20,1,0.22742324,3693.268310546875,48.87937927246094,54.568058013916016
soft_physics,A_ARG129,20,2,0.097314432,158.25311279296875,48.87937927246094,54.568058013916016
soft_physics,A_ARG129,20,3,0.36706722,66.41610717773438,48.87937927246094,54.568058013916016
soft_physics,A_ARG129,21,0,0.2947329,3850.829833984375,48.87937927246094,54.568058013916016
soft_physics,A_ARG129,21,1,0.2884171,52.874969482421875,48.87937927246094,54.568058013916016
soft_physics,A_ARG129,21,2,0.15692337,149.7404327392578,48.87937927246094,54.568058013916016
soft_physics,A_ARG129,21,3,0.25992668,60.720951080322266,48.87937927246094,54.568058013916016
soft_physics,A_ARG129,22,0,0.43136507,66.9366683959961,48.87937927246094,54.568058013916016
soft_physics,A_ARG129,22,1,0.24484405,3527.3837890625,48.87937927246094,54.568058013916016
soft_physics,A_ARG129,22,3,0.31095108,3908.679931640625,48.87937927246094,54.568058013916016
soft_physics,A_ARG129,23,0,0.25151762,3468.56689453125,48.87937927246094,54.568058013916016
soft_physics,A_ARG129,23,1,0.351998,59.970787048339844,48.87937927246094,54.568058013916016
soft_physics,A_ARG129,23,2,0.15165718,161.0126190185547,48.87937927246094,54.568058013916016
soft_physics,A_ARG129,23,3,0.24482718,3773.671142578125,48.87937927246094,54.568058013916016
soft_physics,A_ARG129,24,0,0.117369,64.61360168457031,48.87937927246094,54.568058013916016
soft_physics,A_ARG129,24,1,0.45150077,66.38906860351562,48.87937927246094,54.568058013916016
soft_physics,A_ARG129,24,3,0.38270184,3695.192626953125,48.87937927246094,54.568058013916016
soft_physics,A_ARG129,25,0,0.47245246,66.8355941772461,48.87937927246094,54.568058013916016
soft_physics,A_ARG129,25,1,0.12335016,98.36207580566406,48.87937927246094,54.568058013916016
soft_physics,A_ARG129,25,2,0.40419713,3686.978271484375,48.87937927246094,54.568058013916016
soft_physics,A_ARG129,26,0,0.29744244,3893.761474609375,48.87937927246094,54.568058013916016
soft_physics,A_ARG129,26,1,0.31198993,53.12004852294922,48.87937927246094,54.568058013916016
soft_physics,A_ARG129,26,2,0.22832187,3696.02099609375,48.87937927246094,54.568058013916016
soft_physics,A_ARG129,26,3,0.16224577,140.34039306640625,48.87937927246094,54.568058013916016
soft_physics,A_ARG129,27,0,0.09041445,448.8801574707031,48.87937927246094,54.568058013916016
soft_physics,A_ARG129,27,1,0.26291704,3858.311767578125,48.87937927246094,54.568058013916016
soft_physics,A_ARG129,27,2,0.47457561,65.15438079833984,48.87937927246094,54.568058013916016
soft_physics,A_ARG129,27,3,0.17209291,2652.978271484375,48.87937927246094,54.568058013916016
soft_physics,A_ARG129,28,0,0.10730806,573.4067993164062,48.87937927246094,54.568058013916016
soft_physics,A_ARG129,28,1,0.22826502,165.07122802734375,48.87937927246094,54.568058013916016
soft_physics,A_ARG129,28,2,0.27681255,3852.580078125,48.87937927246094,54.568058013916016
soft_physics,A_ARG129,28,3,0.3876144,59.839698791503906,48.87937927246094,54.568058013916016
soft_physics,A_ARG129,29,0,0.30354083,3942.35693359375,48.87937927246094,54.568058013916016
soft_physics,A_ARG129,29,1,0.21382144,3396.036376953125,48.87937927246094,54.568058013916016
soft_physics,A_ARG129,29,2,0.38603696,65.8882064819336,48.87937927246094,54.568058013916016
soft_physics,A_ARG129,29,3,0.096600726,159.18955993652344,48.87937927246094,54.568058013916016
soft_physics,A_ARG129,30,0,0.45289031,65.85150146484375,48.87937927246094,54.568058013916016
soft_physics,A_ARG129,30,1,0.16862868,2650.705810546875,48.87937927246094,54.568058013916016
soft_physics,A_ARG129,30,2,0.092857309,334.4112548828125,48.87937927246094,54.568058013916016
soft_physics,A_ARG129,30,3,0.2856237,3759.786865234375,48.87937927246094,54.568058013916016
soft_physics,A_ARG129,31,0,0.43430868,166.40267944335938,48.87937927246094,54.568058013916016
soft_physics,A_ARG129,31,1,0.14499743,2544.95947265625,48.87937927246094,54.568058013916016
soft_physics,A_ARG129,31,2,0.15799408,3852.474853515625,48.87937927246094,54.568058013916016
soft_physics,A_ARG129,31,3,0.26269975,3595.778076171875,48.87937927246094,54.568058013916016
soft_physics,A_ARG129,32,0,0.34139803,3745.479736328125,48.87937927246094,54.568058013916016
soft_physics,A_ARG129,32,1,0.12949051,104.31806182861328,48.87937927246094,54.568058013916016
soft_physics,A_ARG129,32,2,0.27788845,52.704193115234375,48.87937927246094,54.568058013916016
soft_physics,A_ARG129,32,3,0.251223,62.41059112548828,48.87937927246094,54.568058013916016
soft_physics,A_ARG129,33,0,0.40314698,63.00146484375,48.87937927246094,54.568058013916016
soft_physics,A_ARG129,33,1,0.17264913,119.47296142578125,48.87937927246094,54.568058013916016
soft_physics,A_ARG129,33,2,0.27232826,3680.709228515625,48.87937927246094,54.568058013916016
soft_physics,A_ARG129,33,3,0.15187562,2609.600341796875,48.87937927246094,54.568058013916016
soft_physics,A_ARG129,34,0,0.20076433,63.462432861328125,48.87937927246094,54.568058013916016
soft_physics,A_ARG129,34,1,0.11540381,428.2218933105469,48.87937927246094,54.568058013916016
soft_physics,A_ARG129,34,2,0.37462687,3861.539306640625,48.87937927246094,54.568058013916016
soft_physics,A_ARG129,34,3,0.309205,61.26018142700195,48.87937927246094,54.568058013916016
soft_physics,A_ARG129,35,0,0.28427655,3840.532470703125,48.87937927246094,54.568058013916016
soft_physics,A_ARG129,35,2,0.31267574,3959.779052734375,48.87937927246094,54.568058013916016
soft_physics,A_ARG129,35,3,0.40273982,54.88002395629883,48.87937927246094,54.568058013916016
soft_physics,A_ARG129,36,0,0.45871231,3930.196044921875,48.87937927246094,54.568058013916016
soft_physics,A_ARG129,36,1,0.53985304,66.22772216796875,48.87937927246094,54.568058013916016
soft_physics,A_ARG129,37,1,0.24176387,3666.586181640625,48.87937927246094,54.568058013916016
soft_physics,A_ARG129,37,2,0.43595457,67.12977600097656,48.87937927246094,54.568058013916016
soft_physics,A_ARG129,37,3,0.32228148,3907.519775390625,48.87937927246094,54.568058013916016
soft_physics,A_ARG129,38,1,0.18745612,135.91177368164062,48.87937927246094,54.568058013916016
soft_physics,A_ARG129,38,2,0.33689672,3860.13916015625,48.87937927246094,54.568058013916016
soft_physics,A_ARG129,38,3,0.47564229,54.81114196777344,48.87937927246094,54.568058013916016
soft_physics,A_ARG129,39,1,0.40777007,3959.946044921875,48.87937927246094,54.568058013916016
soft_physics,A_ARG129,39,2,0.46970606,66.10367584228516,48.87937927246094,54.568058013916016
soft_physics,A_ARG129,39,3,0.090686038,298.4756164550781,48.87937927246094,54.568058013916016
soft_physics,A_ARG129,40,1,0.31923983,61.319297790527344,48.87937927246094,54.568058013916016
soft_physics,A_ARG129,40,2,0.349648,3741.1689453125,48.87937927246094,54.568058013916016
soft_physics,A_ARG129,40,3,0.32538727,177.3731689453125,48.87937927246094,54.568058013916016
soft_physics,A_ARG129,41,0,0.30289429,3901.050537109375,48.87937927246094,54.568058013916016
soft_physics,A_ARG129,41,1,0.087911755,428.831787109375,48.87937927246094,54.568058013916016
soft_physics,A_ARG129,41,2,0.22222731,3670.4892578125,48.87937927246094,54.568058013916016
soft_physics,A_ARG129,41,3,0.38696662,66.4874267578125,48.87937927246094,54.568058013916016
soft_physics,A_ARG129,42,0,0.27102593,62.705482482910156,48.87937927246094,54.568058013916016
soft_physics,A_ARG129,42,1,0.21640083,3693.89111328125,48.87937927246094,54.568058013916016
soft_physics,A_ARG129,42,2,0.29518083,3902.881591796875,48.87937927246094,54.568058013916016
soft_physics,A_ARG129,42,3,0.21739241,169.75860595703125,48.87937927246094,54.568058013916016
soft_physics,A_ARG129,43,1,0.26061428,3694.5302734375,48.87937927246094,54.568058013916016
soft_physics,A_ARG129,43,2,0.40661854,54.88268280029297,48.87937927246094,54.568058013916016
soft_physics,A_ARG129,43,3,0.33276713,3891.907470703125,48.87937927246094,54.568058013916016
soft_physics,A_ARG129,44,0,0.46136254,65.81599426269531,48.87937927246094,54.568058013916016
soft_physics,A_ARG129,44,1,0.27498215,3856.799072265625,48.87937927246094,54.568058013916016
soft_physics,A_ARG129,44,2,0.10146913,121.12442779541016,48.87937927246094,54.568058013916016
soft_physics,A_ARG129,44,3,0.16218625,2640.9453125,48.87937927246094,54.568058013916016
soft_physics,A_ARG129,45,0,0.42728344,60.96510696411133,48.87937927246094,54.568058013916016
soft_physics,A_ARG129,45,1,0.3526834,3905.1630859375,48.87937927246094,54.568058013916016
soft_physics,A_ARG129,45,3,0.19913143,3727.650634765625,48.87937927246094,54.568058013916016
soft_physics,A_ARG129,46,1,0.99994612,54.82133865356445,48.87937927246094,54.568058013916016
soft_physics,A_ARG129,47,0,0.46196383,59.905120849609375,48.87937927246094,54.568058013916016
soft_physics,A_ARG129,47,1,0.37686375,3663.602294921875,48.87937927246094,54.568058013916016
soft_physics,A_ARG129,47,2,0.16117242,185.6941375732422,48.87937927246094,54.568058013916016
soft_physics,A_ARG129,48,1,0.29324213,3932.604736328125,48.87937927246094,54.568058013916016
soft_physics,A_ARG129,48,2,0.2675876,3992.533203125,48.87937927246094,54.568058013916016
soft_physics,A_ARG129,48,3,0.41462505,66.8536148071289,48.87937927246094,54.568058013916016
soft_physics,A_ARG129,49,1,0.37309971,67.3094482421875,48.87937927246094,54.568058013916016
soft_physics,A_ARG129,49,2,0.27433175,152.82669067382812,48.87937927246094,54.568058013916016
soft_physics,A_ARG129,49,3,0.3525683,3750.687744140625,48.87937927246094,54.568058013916016
density_only,B_MET112,0,0,0.23681401,1438.4686279296875,25.18259048461914,28.600765228271484
density_only,B_MET112,0,1,0.76314187,27.55084228515625,25.18259048461914,28.600765228271484
density_only,B_MET112,1,1,0.29285681,524.5192260742188,25.18259048461914,28.600765228271484
density_only,B_MET112,1,2,0.70712256,44.11621856689453,25.18259048461914,28.600765228271484
density_only,B_MET112,2,0,1.0,366.88153076171875,25.18259048461914,28.600765228271484
density_only,B_MET112,3,0,0.68008989,25.70001983642578,25.18259048461914,28.600765228271484
density_only,B_MET112,3,3,0.31988639,1850.996826171875,25.18259048461914,28.600765228271484
density_only,B_MET112,4,1,0.99987411,1454.389892578125,25.18259048461914,28.600765228271484
density_only,B_MET112,5,2,0.99999988,37.28882598876953,25.18259048461914,28.600765228271484
density_only,B_MET112,6,2,0.70280266,25.437477111816406,25.18259048461914,28.600765228271484
density_only,B_MET112,6,3,0.29718858,1414.2998046875,25.18259048461914,28.600765228271484
density_only,B_MET112,7,0,0.99999893,35.38542938232422,25.18259048461914,28.600765228271484
density_only,B_MET112,8,0,0.33171576,704.8533935546875,25.18259048461914,28.600765228271484
density_only,B_MET112,8,3,0.66818339,24.700992584228516,25.18259048461914,28.600765228271484
density_only,B_MET112,9,0,0.99999964,921.40673828125,25.18259048461914,28.600765228271484
density_only,B_MET112,10,0,0.1196248,378.33953857421875,25.18259048461914,28.600765228271484
density_only,B_MET112,10,1,0.88037211,33.62558364868164,25.18259048461914,28.600765228271484
density_only,B_MET112,11,3,0.99999821,38.43409729003906,25.18259048461914,28.600765228271484
density_only,B_MET112,12,1,1.0,26.109966278076172,25.18259048461914,28.600765228271484
density_only,B_MET112,13,2,0.9998982,26.775588989257812,25.18259048461914,28.600765228271484
density_only,B_MET112,14,1,0.75467515,29.826045989990234,25.18259048461914,28.600765228271484
density_only,B_MET112,14,3,0.24531902,33.40890121459961,25.18259048461914,28.600765228271484
density_only,B_MET112,15,0,0.61724937,26.3228759765625,25.18259048461914,28.600765228271484
density_only,B_MET112,15,1,0.38274878,44.76082229614258,25.18259048461914,28.600765228271484
density_only,B_MET112,16,3,1.0,46.78179931640625,25.18259048461914,28.600765228271484
density_only,B_MET112,17,0,0.25417039,975.3834228515625,25.18259048461914,28.600765228271484
density_only,B_MET112,17,1,0.62438852,44.800254821777344,25.18259048461914,28.600765228271484
density_only,B_MET112,17,2,0.1214342,431.2652282714844,25.18259048461914,28.600765228271484
density_only,B_MET112,18,2,1.0,729.2418823242188,25.18259048461914,28.600765228271484
density_only,B_MET112,19,1,0.55476332,40.71858596801758,25.18259048461914,28.600765228271484
density_only,B_MET112,19,2,0.44520491,33.20028305053711,25.18259048461914,28.600765228271484
density_only,B_MET112,20,0,0.6495356,26.772666931152344,25.18259048461914,28.600765228271484
density_only,B_MET112,20,3,0.35045666,456.13104248046875,25.18259048461914,28.600765228271484
density_only,B_MET112,21,0,0.2787886,40.42605972290039,25.18259048461914,28.600765228271484
density_only,B_MET112,21,2,0.71918309,39.72831726074219,25.18259048461914,28.600765228271484
density_only,B_MET112,22,3,0.98741966,1458.6619873046875,25.18259048461914,28.600765228271484
density_only,B_MET112,23,2,0.3249858,1125.305419921875,25.18259048461914,28.600765228271484
density_only,B_MET112,23,3,0.67084688,43.384918212890625,25.18259048461914,28.600765228271484
density_only,B_MET112,24,1,0.9566794,37.72330093383789,25.18259048461914,28.600765228271484
density_only,B_MET112,25,2,0.99997425,25.88400650024414,25.18259048461914,28.600765228271484
density_only,B_MET112,26,2,0.62967873,37.03404998779297,25.18259048461914,28.600765228271484
density_only,B_MET112,26,3,0.37031657,49.323246002197266,25.18259048461914,28.600765228271484
density_only,B_MET112,27,0,0.22805722,1097.2669677734375,25.18259048461914,28.600765228271484
density_only,B_MET112,27,1,0.51597232,35.148681640625,25.18259048461914,28.600765228271484
density_only,B_MET112,27,2,0.25592333,51.47335433959961,25.18259048461914,28.600765228271484
density_only,B_MET112,28,0,0.99994767,27.71002197265625,25.18259048461914,28.600765228271484
density_only,B_MET112,29,0,0.65209657,44.67596435546875,25.18259048461914,28.600765228271484
density_only,B_MET112,29,3,0.34787107,899.28515625,25.18259048461914,28.600765228271484
density_only,B_MET112,30,2,0.99999607,25.71087646484375,25.18259048461914,28.600765228271484
density_only,B_MET112,31,1,0.60105866,27.15130615234375,25.18259048461914,28.600765228271484
density_only,B_MET112,31,2,0.14772877,554.9930419921875,25.18259048461914,28.600765228271484
density_only,B_MET112,31,3,0.25120741,56.38372039794922,25.18259048461914,28.600765228271484
density_only,B_MET112,32,1,0.32391179,43.59260559082031,25.18259048461914,28.600765228271484
density_only,B_MET112,32,2,0.67607188,43.24287796020508,25.18259048461914,28.600765228271484
density_only,B_MET112,33,3,1.0,27.47803497314453,25.18259048461914,28.600765228271484
density_only,B_MET112,34,0,0.30666673,54.62336349487305,25.18259048461914,28.600765228271484
density_only,B_MET112,34,1,0.69332933,30.465003967285156,25.18259048461914,28.600765228271484
density_only,B_MET112,35,0,0.71042019,40.46257019042969,25.18259048461914,28.600765228271484
density_only,B_MET112,35,2,0.28937751,37.66989517211914,25.18259048461914,28.600765228271484
density_only,B_MET112,36,2,0.99999952,619.6927490234375,25.18259048461914,28.600765228271484
density_only,B_MET112,37,0,0.18165225,47.28557586669922,25.18259048461914,28.600765228271484
density_only,B_MET112,37,1,0.16126265,356.04449462890625,25.18259048461914,28.600765228271484
density_only,B_MET112,37,2,0.48639357,27.68753433227539,25.18259048461914,28.600765228271484
density_only,B_MET112,37,3,0.17069156,1772.503173828125,25.18259048461914,28.600765228271484
density_only,B_MET112,38,2,0.99999905,51.4881591796875,25.18259048461914,28.600765228271484
density_only,B_MET112,39,1,0.99999535,44.451332092285156,25.18259048461914,28.600765228271484
density_only,B_MET112,40,1,0.99999547,35.890960693359375,25.18259048461914,28.600765228271484
density_only,B_MET112,41,1,0.99999523,36.18806457519531,25.18259048461914,28.600765228271484
density_only,B_MET112,42,3,0.99990213,37.84332275390625,25.18259048461914,28.600765228271484
density_only,B_MET112,43,1,0.18453375,39.07989501953125,25.18259048461914,28.600765228271484
density_only,B_MET112,43,2,0.59034401,48.173095703125,25.18259048461914,28.600765228271484
density_only,B_MET112,43,3,0.22508349,957.5802612304688,25.18259048461914,28.600765228271484
density_only,B_MET112,44,2,1.0,27.996170043945312,25.18259048461914,28.600765228271484
density_only,B_MET112,45,0,0.67790824,50.1448974609375,25.18259048461914,28.600765228271484
density_only,B_MET112,45,2,0.3139402,35.754913330078125,25.18259048461914,28.600765228271484
density_only,B_MET112,46,1,0.9999994,43.102874755859375,25.18259048461914,28.600765228271484
density_only,B_MET112,47,3,0.99996805,43.6740837097168,25.18259048461914,28.600765228271484
density_only,B_MET112,48,2,0.99999344,26.787277221679688,25.18259048461914,28.600765228271484
density_only,B_MET112,49,0,0.99996984,1550.190185546875,25.18259048461914,28.600765228271484
soft_physics,B_MET112,0,0,0.58737326,38.13935852050781,25.18259048461914,28.600765228271484
soft_physics,B_MET112,0,1,0.12470915,67.04911804199219,25.18259048461914,28.600765228271484
soft_physics,B_MET112,0,2,0.2877568,999.6864624023438,25.18259048461914,28.600765228271484
soft_physics,B_MET112,1,2,0.99901438,1029.5450439453125,25.18259048461914,28.600765228271484
soft_physics,B_MET112,2,1,0.99997151,41.40979766845703,25.18259048461914,28.600765228271484
soft_physics,B_MET112,3,0,0.19004488,1479.3673095703125,25.18259048461914,28.600765228271484
soft_physics,B_MET112,3,1,0.45863914,45.5072135925293,25.18259048461914,28.600765228271484
soft_physics,B_MET112,3,3,0.35129297,51.88074493408203,25.18259048461914,28.600765228271484
soft_physics,B_MET112,4,0,1.0,33.27781677246094,25.18259048461914,28.600765228271484
soft_physics,B_MET112,5,1,0.6892491,42.656837463378906,25.18259048461914,28.600765228271484
soft_physics,B_MET112,5,3,0.31073797,1008.8084716796875,25.18259048461914,28.600765228271484
soft_physics,B_MET112,6,2,0.99999774,38.149757385253906,25.18259048461914,28.600765228271484
soft_physics,B_MET112,7,0,0.99990571,27.539058685302734,25.18259048461914,28.600765228271484
soft_physics,B_MET112,8,0,0.19427288,49.57371520996094,25.18259048461914,28.600765228271484
soft_physics,B_MET112,8,2,0.57467556,26.096179962158203,25.18259048461914,28.600765228271484
soft_physics,B_MET112,8,3,0.231014,1252.766845703125,25.18259048461914,28.600765228271484
soft_physics,B_MET112,9,0,0.99993229,53.628623962402344,25.18259048461914,28.600765228271484
soft_physics,B_MET112,10,0,0.74205071,25.31372833251953,25.18259048461914,28.600765228271484
soft_physics,B_MET112,10,2,0.25777879,1467.7239990234375,25.18259048461914,28.600765228271484
soft_physics,B_MET112,11,0,0.22275496,36.4093017578125,25.18259048461914,28.600765228271484
soft_physics,B_MET112,11,1,0.22808458,1663.54052734375,25.18259048461914,28.600765228271484
soft_physics,B_MET112,11,3,0.54723477,46.69407653808594,25.18259048461914,28.600765228271484
soft_physics,B_MET112,12,0,0.30807063,345.02001953125,25.18259048461914,28.600765228271484
soft_physics,B_MET112,12,2,0.69189417,41.328025817871094,25.18259048461914,28.600765228271484
soft_physics,B_MET112,13,1,0.99999928,28.178077697753906,25.18259048461914,28.600765228271484
soft_physics,B_MET112,14,0,0.99992633,24.999195098876953,25.18259048461914,28.600765228271484
soft_physics,B_MET112,15,1,0.27793422,932.4421997070312,25.18259048461914,28.600765228271484
soft_physics,B_MET112,15,2,0.18237528,37.31609344482422,25.18259048461914,28.600765228271484
soft_physics,B_MET112,15,3,0.53968781,31.052902221679688,25.18259048461914,28.600765228271484
soft_physics,B_MET112,16,2,0.99999464,31.04415512084961,25.18259048461914,28.600765228271484
soft_physics,B_MET112,17,0,0.072775438,721.4210815429688,25.18259048461914,28.600765228271484
soft_physics,B_MET112,17,3,0.92513448,691.02734375,25.18259048461914,28.600765228271484
soft_physics,B_MET112,18,0,0.22880065,32.33893966674805,25.18259048461914,28.600765228271484
soft_physics,B_MET112,18,2,0.23171626,36.51776885986328,25.18259048461914,28.600765228271484
soft_physics,B_MET112,18,3,0.53948265,27.61418914794922,25.18259048461914,28.600765228271484
soft_physics,B_MET112,19,0,0.72670221,41.91416931152344,25.18259048461914,28.600765228271484
soft_physics,B_MET112,19,3,0.27259529,1400.9044189453125,25.18259048461914,28.600765228271484
soft_physics,B_MET112,20,2,0.99999928,40.91750717163086,25.18259048461914,28.600765228271484
soft_physics,B_MET112,21,0,0.99999964,49.61076354980469,25.18259048461914,28.600765228271484
soft_physics,B_MET112,22,2,0.66331619,24.954219818115234,25.18259048461914,28.600765228271484
soft_physics,B_MET112,22,3,0.33667216,514.8970336914062,25.18259048461914,28.600765228271484
soft_physics,B_MET112,23,2,0.99999177,1402.9844970703125,25.18259048461914,28.600765228271484
soft_physics,B_MET112,24,0,0.62395519,34.116756439208984,25.18259048461914,28.600765228271484
soft_physics,B_MET112,24,3,0.37594858,33.1706657409668,25.18259048461914,28.600765228271484
soft_physics,B_MET112,25,2,1.0,989.5973510742188,25.18259048461914,28.600765228271484
soft_physics,B_MET112,26,0,0.99975723,27.189727783203125,25.18259048461914,28.600765228271484
soft_physics,B_MET112,27,1,0.6838271,50.71897888183594,25.18259048461914,28.600765228271484
soft_physics,B_MET112,27,2,0.31613496,671.7333374023438,25.18259048461914,28.600765228271484
soft_physics,B_MET112,28,0,0.99999666,28.987319946289062,25.18259048461914,28.600765228271484
soft_physics,B_MET112,29,2,0.25334337,318.385986328125,25.18259048461914,28.600765228271484
soft_physics,B_MET112,29,3,0.74613351,40.19851303100586,25.18259048461914,28.600765228271484
soft_physics,B_MET112,30,3,0.99999857,33.868309020996094,25.18259048461914,28.600765228271484
soft_physics,B_MET112,31,2,0.99999142,48.14197540283203,25.18259048461914,28.600765228271484
soft_physics,B_MET112,32,0,1.0,25.472984313964844,25.18259048461914,28.600765228271484
soft_physics,B_MET112,33,3,0.99997568,26.188339233398438,25.18259048461914,28.600765228271484
soft_physics,B_MET112,34,3,0.99999893,639.9873657226562,25.18259048461914,28.600765228271484
soft_physics,B_MET112,35,3,0.9999553,26.618385314941406,25.18259048461914,28.600765228271484
soft_physics,B_MET112,36,1,0.67389143,36.4743766784668,25.18259048461914,28.600765228271484
soft_physics,B_MET112,36,3,0.32606634,838.1627807617188,25.18259048461914,28.600765228271484
soft_physics,B_MET112,37,0,0.57679492,46.1141471862793,25.18259048461914,28.600765228271484
soft_physics,B_MET112,37,1,0.15160337,38.404781341552734,25.18259048461914,28.600765228271484
soft_physics,B_MET112,37,2,0.2716006,1615.4346923828125,25.18259048461914,28.600765228271484
soft_physics,B_MET112,38,0,0.22040324,410.41424560546875,25.18259048461914,28.600765228271484
soft_physics,B_MET112,38,1,0.19346917,46.43220901489258,25.18259048461914,28.600765228271484
soft_physics,B_MET112,38,2,0.58612752,25.761451721191406,25.18259048461914,28.600765228271484
soft_physics,B_MET112,39,1,0.76987505,29.833084106445312,25.18259048461914,28.600765228271484
soft_physics,B_MET112,39,3,0.2300375,165.31488037109375,25.18259048461914,28.600765228271484
soft_physics,B_MET112,40,1,0.99984121,433.6546936035156,25.18259048461914,28.600765228271484
soft_physics,B_MET112,41,1,0.99999964,46.69365692138672,25.18259048461914,28.600765228271484
soft_physics,B_MET112,42,1,0.6316188,27.662334442138672,25.18259048461914,28.600765228271484
soft_physics,B_MET112,42,2,0.36833864,517.5652465820312,25.18259048461914,28.600765228271484
soft_physics,B_MET112,43,3,0.99991536,53.36753845214844,25.18259048461914,28.600765228271484
soft_physics,B_MET112,44,0,0.31172881,57.10850524902344,25.18259048461914,28.600765228271484
soft_physics,B_MET112,44,2,0.68825907,27.027427673339844,25.18259048461914,28.600765228271484
soft_physics,B_MET112,45,0,0.27988636,46.94530487060547,25.18259048461914,28.600765228271484
soft_physics,B_MET112,45,3,0.72009039,26.764068603515625,25.18259048461914,28.600765228271484
soft_physics,B_MET112,46,0,0.31076607,257.8780517578125,25.18259048461914,28.600765228271484
soft_physics,B_MET112,46,2,0.68909431,29.445083618164062,25.18259048461914,28.600765228271484
soft_physics,B_MET112,47,1,0.99967718,42.13483428955078,25.18259048461914,28.600765228271484
soft_physics,B_MET112,48,1,0.9999994,26.61371612548828,25.18259048461914,28.600765228271484
soft_physics,B_MET112,49,1,0.99998772,41.30289840698242,25.18259048461914,28.600765228271484
density_only,B_ASP114,0,3,0.99999976,29.552101135253906,25.182594299316406,27.30402374267578
density_only,B_ASP114,1,0,0.25,30.344066619873047,25.182594299316406,27.30402374267578
density_only,B_ASP114,1,1,0.25,32.706546783447266,25.182594299316406,27.30402374267578
density_only,B_ASP114,1,2,0.25,59.16065979003906,25.182594299316406,27.30402374267578
density_only,B_ASP114,1,3,0.25,27.63683319091797,25.182594299316406,27.30402374267578
density_only,B_ASP114,2,0,1.0,178.82620239257812,25.182594299316406,27.30402374267578
density_only,B_ASP114,3,1,0.99994826,57.256103515625,25.182594299316406,27.30402374267578
density_only,B_ASP114,4,3,0.99987793,29.055984497070312,25.182594299316406,27.30402374267578
density_only,B_ASP114,5,2,1.0,29.065250396728516,25.182594299316406,27.30402374267578
density_only,B_ASP114,6,0,0.25,27.410869598388672,25.182594299316406,27.30402374267578
density_only,B_ASP114,6,1,0.25,30.662490844726562,25.182594299316406,27.30402374267578
density_only,B_ASP114,6,2,0.25,32.63561248779297,25.182594299316406,27.30402374267578
density_only,B_ASP114,6,3,0.25,24.22728729248047,25.182594299316406,27.30402374267578
density_only,B_ASP114,7,1,0.99998975,29.685707092285156,25.182594299316406,27.30402374267578
density_only,B_ASP114,8,2,0.99999499,28.93982696533203,25.182594299316406,27.30402374267578
density_only,B_ASP114,9,0,0.99999869,29.25906753540039,25.182594299316406,27.30402374267578
density_only,B_ASP114,10,0,0.25,26.657630920410156,25.182594299316406,27.30402374267578
density_only,B_ASP114,10,1,0.25,33.9936408996582,25.182594299316406,27.30402374267578
density_only,B_ASP114,10,2,0.25,29.721847534179688,25.182594299316406,27.30402374267578
density_only,B_ASP114,10,3,0.25,95.24526977539062,25.182594299316406,27.30402374267578
density_only,B_ASP114,11,0,0.25,32.16582489013672,25.182594299316406,27.30402374267578
density_only,B_ASP114,11,1,0.25,45.12554931640625,25.182594299316406,27.30402374267578
density_only,B_ASP114,11,2,0.25,35.44334411621094,25.182594299316406,27.30402374267578
density_only,B_ASP114,11,3,0.25,27.969276428222656,25.182594299316406,27.30402374267578
density_only,B_ASP114,12,3,0.99999547,29.434738159179688,25.182594299316406,27.30402374267578
density_only,B_ASP114,13,3,0.99999583,29.80410385131836,25.182594299316406,27.30402374267578
density_only,B_ASP114,14,1,0.99999964,29.7821044921875,25.182594299316406,27.30402374267578
density_only,B_ASP114,15,0,0.9999913,28.93982696533203,25.182594299316406,27.30402374267578
density_only,B_ASP114,16,3,0.9999994,28.70850372314453,25.182594299316406,27.30402374267578
density_only,B_ASP114,17,3,0.99999225,42.29964828491211,25.182594299316406,27.30402374267578
density_only,B_ASP114,18,3,0.99998438,28.588455200195312,25.182594299316406,27.30402374267578
density_only,B_ASP114,19,3,0.99997139,29.671100616455078,25.182594299316406,27.30402374267578
density_only,B_ASP114,20,0,0.25,25.024307250976562,25.182594299316406,27.30402374267578
density_only,B_ASP114,20,1,0.25,54.903770446777344,25.182594299316406,27.30402374267578
density_only,B_ASP114,20,2,0.25,30.492698669433594,25.182594299316406,27.30402374267578
density_only,B_ASP114,20,3,0.25,24.90255355834961,25.182594299316406,27.30402374267578
density_only,B_ASP114,21,3,0.99997938,108.67160034179688,25.182594299316406,27.30402374267578
density_only,B_ASP114,22,0,0.99999893,69.79776000976562,25.182594299316406,27.30402374267578
density_only,B_ASP114,23,3,1.0,50.626136779785156,25.182594299316406,27.30402374267578
density_only,B_ASP114,24,2,0.9999994,29.415328979492188,25.182594299316406,27.30402374267578
density_only,B_ASP114,25,2,0.99999595,87.75468444824219,25.182594299316406,27.30402374267578
density_only,B_ASP114,26,2,1.0,29.023296356201172,25.182594299316406,27.30402374267578
density_only,B_ASP114,27,2,0.9999994,29.783184051513672,25.182594299316406,27.30402374267578
density_only,B_ASP114,28,0,0.25,125.02987670898438,25.182594299316406,27.30402374267578
density_only,B_ASP114,28,1,0.25,25.886245727539062,25.182594299316406,27.30402374267578
density_only,B_ASP114,28,2,0.25,33.472808837890625,25.182594299316406,27.30402374267578
density_only,B_ASP114,28,3,0.25,41.51844024658203,25.182594299316406,27.30402374267578
density_only,B_ASP114,29,2,0.9999907,28.729331970214844,25.182594299316406,27.30402374267578
density_only,B_ASP114,30,2,0.99999273,28.50798797607422,25.182594299316406,27.30402374267578
density_only,B_ASP114,31,3,0.99999821,29.066604614257812,25.182594299316406,27.30402374267578
density_only,B_ASP114,32,2,0.46017069,77.46910858154297,25.182594299316406,27.30402374267578
density_only,B_ASP114,32,3,0.53980881,190.88958740234375,25.182594299316406,27.30402374267578
density_only,B_ASP114,33,1,0.9997589,28.709495544433594,25.182594299316406,27.30402374267578
density_only,B_ASP114,34,0,0.25,38.653526306152344,25.182594299316406,27.30402374267578
density_only,B_ASP114,34,1,0.25,29.15947723388672,25.182594299316406,27.30402374267578
density_only,B_ASP114,34,2,0.25,229.9363555908203,25.182594299316406,27.30402374267578
density_only,B_ASP114,34,3,0.25,33.58786392211914,25.182594299316406,27.30402374267578
density_only,B_ASP114,35,1,0.99998391,29.932945251464844,25.182594299316406,27.30402374267578
density_only,B_ASP114,36,1,1.0,64.28785705566406,25.182594299316406,27.30402374267578
density_only,B_ASP114,37,0,1.0,214.2991485595703,25.182594299316406,27.30402374267578
density_only,B_ASP114,38,0,0.99999881,29.64276885986328,25.182594299316406,27.30402374267578
density_only,B_ASP114,39,0,0.16695839,213.80154418945312,25.182594299316406,27.30402374267578
density_only,B_ASP114,39,3,0.83297998,28.885578155517578,25.182594299316406,27.30402374267578
density_only,B_ASP114,40,2,0.99987125,28.93982696533203,25.182594299316406,27.30402374267578
density_only,B_ASP114,41,1,1.0,26.78200912475586,25.182594299316406,27.30402374267578
density_only,B_ASP114,42,1,0.99998069,27.996620178222656,25.182594299316406,27.30402374267578
density_only,B_ASP114,43,2,0.99999928,28.59368896484375,25.182594299316406,27.30402374267578
density_only,B_ASP114,44,0,1.0,27.9554443359375,25.182594299316406,27.30402374267578
density_only,B_ASP114,45,2,0.99998188,28.93982696533203,25.182594299316406,27.30402374267578
density_only,B_ASP114,46,0,0.25,30.459182739257812,25.182594299316406,27.30402374267578
density_only,B_ASP114,46,1,0.25,28.953224182128906,25.182594299316406,27.30402374267578
density_only,B_ASP114,46,2,0.25,38.52242660522461,25.182594299316406,27.30402374267578
density_only,B_ASP114,46,3,0.25,28.20836639404297,25.182594299316406,27.30402374267578
density_only,B_ASP114,47,0,0.99999988,29.440567016601562,25.182594299316406,27.30402374267578
density_only,B_ASP114,48,3,0.99951196,29.562824249267578,25.182594299316406,27.30402374267578
density_only,B_ASP114,49,0,0.25,27.098709106445312,25.182594299316406,27.30402374267578
density_only,B_ASP114,49,1,0.25,40.680633544921875,25.182594299316406,27.30402374267578
density_only,B_ASP114,49,2,0.25,59.82083511352539,25.182594299316406,27.30402374267578
density_only,B_ASP114,49,3,0.25,55.00175857543945,25.182594299316406,27.30402374267578
soft_physics,B_ASP114,0,2,0.99999833,30.28435516357422,25.182594299316406,27.30402374267578
soft_physics,B_ASP114,1,3,0.99999988,29.066604614257812,25.182594299316406,27.30402374267578
soft_physics,B_ASP114,2,1,0.99997318,29.58306121826172,25.182594299316406,27.30402374267578
soft_physics,B_ASP114,3,2,0.99999869,28.720870971679688,25.182594299316406,27.30402374267578
soft_physics,B_ASP114,4,1,0.99995708,29.066604614257812,25.182594299316406,27.30402374267578
soft_physics,B_ASP114,5,2,0.99998701,28.5496826171875,25.182594299316406,27.30402374267578
soft_physics,B_ASP114,6,3,0.99997377,28.93982696533203,25.182594299316406,27.30402374267578
soft_physics,B_ASP114,7,1,0.9999826,68.48971557617188,25.182594299316406,27.30402374267578
soft_physics,B_ASP114,8,2,1.0,28.16765594482422,25.182594299316406,27.30402374267578
soft_physics,B_ASP114,9,3,0.99999976,29.40631103515625,25.182594299316406,27.30402374267578
soft_physics,B_ASP114,10,2,0.99996102,32.81312561035156,25.182594299316406,27.30402374267578
soft_physics,B_ASP114,11,0,1.0,99.7320556640625,25.182594299316406,27.30402374267578
soft_physics,B_ASP114,12,3,0.99985135,28.025611877441406,25.182594299316406,27.30402374267578
soft_physics,B_ASP114,13,3,0.99999845,72.15656280517578,25.182594299316406,27.30402374267578
soft_physics,B_ASP114,14,3,0.99952817,28.93982696533203,25.182594299316406,27.30402374267578
soft_physics,B_ASP114,15,3,0.99997914,161.11920166015625,25.182594299316406,27.30402374267578
soft_physics,B_ASP114,16,2,0.9999907,28.580673217773438,25.182594299316406,27.30402374267578
soft_physics,B_ASP114,17,1,0.99982077,28.612884521484375,25.182594299316406,27.30402374267578
soft_physics,B_ASP114,18,0,0.99999893,29.64276885986328,25.182594299316406,27.30402374267578
soft_physics,B_ASP114,19,2,0.99999928,29.767837524414062,25.182594299316406,27.30402374267578
soft_physics,B_ASP114,20,1,0.99997485,29.404308319091797,25.182594299316406,27.30402374267578
soft_physics,B_ASP114,21,3,0.99998701,29.791542053222656,25.182594299316406,27.30402374267578
soft_physics,B_ASP114,22,1,0.10499927,32.35728454589844,25.182594299316406,27.30402374267578
soft_physics,B_ASP114,22,3,0.89496928,28.877094268798828,25.182594299316406,27.30402374267578
soft_physics,B_ASP114,23,3,1.0,29.023197174072266,25.182594299316406,27.30402374267578
soft_physics,B_ASP114,24,1,0.99999535,29.536449432373047,25.182594299316406,27.30402374267578
soft_physics,B_ASP114,25,3,0.99999106,89.21034240722656,25.182594299316406,27.30402374267578
soft_physics,B_ASP114,26,1,0.99996507,55.42332458496094,25.182594299316406,27.30402374267578
soft_physics,B_ASP114,27,0,0.99998677,36.896156311035156,25.182594299316406,27.30402374267578
soft_physics,B_ASP114,28,2,0.99999952,212.39151000976562,25.182594299316406,27.30402374267578
soft_physics,B_ASP114,29,0,0.99999988,160.6551055908203,25.182594299316406,27.30402374267578
soft_physics,B_ASP114,30,1,0.99999928,28.609962463378906,25.182594299316406,27.30402374267578
soft_physics,B_ASP114,31,3,0.99999988,28.709495544433594,25.182594299316406,27.30402374267578
soft_physics,B_ASP114,32,1,0.9999994,28.37845230102539,25.182594299316406,27.30402374267578
soft_physics,B_ASP114,33,0,0.72274709,28.807910919189453,25.182594299316406,27.30402374267578
soft_physics,B_ASP114,33,1,0.076927714,35.07133483886719,25.182594299316406,27.30402374267578
soft_physics,B_ASP114,33,3,0.20030352,205.97238159179688,25.182594299316406,27.30402374267578
soft_physics,B_ASP114,34,3,0.99999964,28.601058959960938,25.182594299316406,27.30402374267578
soft_physics,B_ASP114,35,1,0.095998488,31.575450897216797,25.182594299316406,27.30402374267578
soft_physics,B_ASP114,35,3,0.9039759,28.75778579711914,25.182594299316406,27.30402374267578
soft_physics,B_ASP114,36,0,0.75609916,225.2748565673828,25.182594299316406,27.30402374267578
soft_physics,B_ASP114,36,1,0.2438788,58.90377426147461,25.182594299316406,27.30402374267578
soft_physics,B_ASP114,37,0,0.99998009,56.869384765625,25.182594299316406,27.30402374267578
soft_physics,B_ASP114,38,2,0.99999118,29.065250396728516,25.182594299316406,27.30402374267578
soft_physics,B_ASP114,39,2,1.0,220.8935546875,25.182594299316406,27.30402374267578
soft_physics,B_ASP114,40,3,1.0,29.065250396728516,25.182594299316406,27.30402374267578
soft_physics,B_ASP114,41,1,0.57078016,190.1271209716797,25.182594299316406,27.30402374267578
soft_physics,B_ASP114,41,3,0.42919087,51.294921875,25.182594299316406,27.30402374267578
soft_physics,B_ASP114,42,0,0.99999988,29.422821044921875,25.182594299316406,27.30402374267578
soft_physics,B_ASP114,43,2,0.99999976,28.063827514648438,25.182594299316406,27.30402374267578
soft_physics,B_ASP114,44,3,0.99993575,89.33267211914062,25.182594299316406,27.30402374267578
soft_physics,B_ASP114,45,0,0.99993598,209.40928649902344,25.182594299316406,27.30402374267578
soft_physics,B_ASP114,46,1,0.99998403,29.656005859375,25.182594299316406,27.30402374267578
soft_physics,B_ASP114,47,1,1.0,53.37263107299805,25.182594299316406,27.30402374267578
soft_physics,B_ASP114,48,2,0.99981958,222.6747283935547,25.182594299316406,27.30402374267578
soft_physics,B_ASP114,49,3,0.99998105,29.065250396728516,25.182594299316406,27.30402374267578
density_only,B_ARG129,0,0,0.24249595,1685.885986328125,25.182605743408203,26.353302001953125
density_only,B_ARG129,0,1,0.4062742,119.10289001464844,25.182605743408203,26.353302001953125
density_only,B_ARG129,0,2,0.21559913,87.16957092285156,25.182605743408203,26.353302001953125
density_only,B_ARG129,0,3,0.13563073,82.18197631835938,25.182605743408203,26.353302001953125
density_only,B_ARG129,1,1,0.46383387,1142.33154296875,25.182605743408203,26.353302001953125
density_only,B_ARG129,1,2,0.32573721,39.57360076904297,25.182605743408203,26.353302001953125
density_only,B_ARG129,1,3,0.18969014,1571.4869384765625,25.182605743408203,26.353302001953125
density_only,B_ARG129,2,0,0.33888727,97.72412872314453,25.182605743408203,26.353302001953125
density_only,B_ARG129,2,3,0.65941757,1018.9093017578125,25.182605743408203,26.353302001953125
density_only,B_ARG129,3,1,0.48240837,1563.595947265625,25.182605743408203,26.353302001953125
density_only,B_ARG129,3,2,0.11476955,1605.9215087890625,25.182605743408203,26.353302001953125
density_only,B_ARG129,3,3,0.40281293,29.273475646972656,25.182605743408203,26.353302001953125
density_only,B_ARG129,4,0,0.40511009,169.93389892578125,25.182605743408203,26.353302001953125
density_only,B_ARG129,4,1,0.5466069,1565.0538330078125,25.182605743408203,26.353302001953125
density_only,B_ARG129,5,1,0.36422783,1566.3614501953125,25.182605743408203,26.353302001953125
density_only,B_ARG129,5,2,0.38130653,29.15325164794922,25.182605743408203,26.353302001953125
density_only,B_ARG129,5,3,0.25446254,1058.949951171875,25.182605743408203,26.353302001953125
density_only,B_ARG129,6,0,0.42409974,1665.54150390625,25.182605743408203,26.353302001953125
density_only,B_ARG129,6,1,0.25739095,29.59808349609375,25.182605743408203,26.353302001953125
density_only,B_ARG129,6,2,0.11114737,23.035293579101562,25.182605743408203,26.353302001953125
density_only,B_ARG129,6,3,0.20736197,85.04671478271484,25.182605743408203,26.353302001953125
density_only,B_ARG129,7,0,0.26030236,82.23147583007812,25.182605743408203,26.353302001953125
density_only,B_ARG129,7,1,0.22722659,157.23123168945312,25.182605743408203,26.353302001953125
density_only,B_ARG129,7,2,0.093972884,608.2427978515625,25.182605743408203,26.353302001953125
density_only,B_ARG129,7,3,0.4184981,1011.6705932617188,25.182605743408203,26.353302001953125
density_only,B_ARG129,8,0,0.24361242,47.942115783691406,25.182605743408203,26.353302001953125
density_only,B_ARG129,8,1,0.25004598,29.39238739013672,25.182605743408203,26.353302001953125
density_only,B_ARG129,8,2,0.10585501,184.33189392089844,25.182605743408203,26.353302001953125
density_only,B_ARG129,8,3,0.40048659,1297.32080078125,25.182605743408203,26.353302001953125
density_only,B_ARG129,9,0,0.27595535,3665.698486328125,25.182605743408203,26.353302001953125
density_only,B_ARG129,9,1,0.20799713,154.73353576660156,25.182605743408203,26.353302001953125
density_only,B_ARG129,9,2,0.33145031,1560.6712646484375,25.182605743408203,26.353302001953125
density_only,B_ARG129,9,3,0.18459716,37.90932846069336,25.182605743408203,26.353302001953125
density_only,B_ARG129,10,0,0.22956753,31.42131805419922,25.182605743408203,26.353302001953125
density_only,B_ARG129,10,1,0.4418118,1199.98876953125,25.182605743408203,26.353302001953125
density_only,B_ARG129,10,2,0.19559492,77.71430969238281,25.182605743408203,26.353302001953125
density_only,B_ARG129,10,3,0.13302578,1652.4349365234375,25.182605743408203,26.353302001953125
density_only,B_ARG129,11,0,0.14412317,2489.5048828125,25.182605743408203,26.353302001953125
density_only,B_ARG129,11,1,0.06372112,895.873291015625,25.182605743408203,26.353302001953125
density_only,B_ARG129,11,2,0.3370271,29.342674255371094,25.182605743408203,26.353302001953125
density_only,B_ARG129,11,3,0.45512864,1119.53125,25.182605743408203,26.353302001953125
density_only,B_ARG129,12,0,0.18685119,1049.9605712890625,25.182605743408203,26.353302001953125
density_only,B_ARG129,12,2,0.45891705,1197.5391845703125,25.182605743408203,26.353302001953125
density_only,B_ARG129,12,3,0.35423169,25.55011749267578,25.182605743408203,26.353302001953125
density_only,B_ARG129,13,0,0.26400775,32.30767822265625,25.182605743408203,26.353302001953125
density_only,B_ARG129,13,1,0.21441211,156.32965087890625,25.182605743408203,26.353302001953125
density_only,B_ARG129,13,2,0.47382355,1197.0849609375,25.182605743408203,26.353302001953125
density_only,B_ARG129,14,1,0.42080742,1570.150146484375,25.182605743408203,26.353302001953125
density_only,B_ARG129,14,2,0.2443535,89.52485656738281,25.182605743408203,26.353302001953125
density_only,B_ARG129,14,3,0.28541929,39.3627815246582,25.182605743408203,26.353302001953125
density_only,B_ARG129,15,1,0.42369214,89.901123046875,25.182605743408203,26.353302001953125
density_only,B_ARG129,15,2,0.16221571,586.4378051757812,25.182605743408203,26.353302001953125
density_only,B_ARG129,15,3,0.41409212,116.52035522460938,25.182605743408203,26.353302001953125
density_only,B_ARG129,16,0,0.37284625,30.825531005859375,25.182605743408203,26.353302001953125
density_only,B_ARG129,16,2,0.43908149,123.4393310546875,25.182605743408203,26.353302001953125
density_only,B_ARG129,16,3,0.17851835,441.6885681152344,25.182605743408203,26.353302001953125
density_only,B_ARG129,17,0,0.40217763,1285.6004638671875,25.182605743408203,26.353302001953125
density_only,B_ARG129,17,1,0.24408489,130.11318969726562,25.182605743408203,26.353302001953125
density_only,B_ARG129,17,2,0.073879227,87.09848022460938,25.182605743408203,26.353302001953125
density_only,B_ARG129,17,3,0.27985817,65.477783203125,25.182605743408203,26.353302001953125
density_only,B_ARG129,18,0,0.12551582,1572.8834228515625,25.182605743408203,26.353302001953125
density_only,B_ARG129,18,1,0.36797199,39.63043975830078,25.182605743408203,26.353302001953125
density_only,B_ARG129,18,2,0.41710538,1414.779296875,25.182605743408203,26.353302001953125
density_only,B_ARG129,18,3,0.089406818,1569.19140625,25.182605743408203,26.353302001953125
density_only,B_ARG129,19,0,0.10807308,1263.5966796875,25.182605743408203,26.353302001953125
density_only,B_ARG129,19,1,0.36582944,200.76351928710938,25.182605743408203,26.353302001953125
density_only,B_ARG129,19,2,0.20864312,585.8948974609375,25.182605743408203,26.353302001953125
density_only,B_ARG129,19,3,0.31745431,43.61223220825195,25.182605743408203,26.353302001953125
density_only,B_ARG129,20,0,0.44139001,1087.7041015625,25.182605743408203,26.353302001953125
density_only,B_ARG129,20,1,0.28014699,164.73973083496094,25.182605743408203,26.353302001953125
density_only,B_ARG129,20,3,0.25679371,30.735984802246094,25.182605743408203,26.353302001953125
density_only,B_ARG129,21,1,0.37142074,1264.2918701171875,25.182605743408203,26.353302001953125
density_only,B_ARG129,21,2,0.25670817,29.413307189941406,25.182605743408203,26.353302001953125
density_only,B_ARG129,21,3,0.32562745,139.40576171875,25.182605743408203,26.353302001953125
density_only,B_ARG129,22,1,0.47951356,1115.6175537109375,25.182605743408203,26.353302001953125
density_only,B_ARG129,22,2,0.31652015,22.890586853027344,25.182605743408203,26.353302001953125
density_only,B_ARG129,22,3,0.19780199,184.52435302734375,25.182605743408203,26.353302001953125
density_only,B_ARG129,23,0,0.40661755,1406.8753662109375,25.182605743408203,26.353302001953125
density_only,B_ARG129,23,1,0.15467662,242.18429565429688,25.182605743408203,26.353302001953125
density_only,B_ARG129,23,2,0.20237127,31.817398071289062,25.182605743408203,26.353302001953125
density_only,B_ARG129,23,3,0.23633461,82.16389465332031,25.182605743408203,26.353302001953125
density_only,B_ARG129,24,0,0.46653125,1626.9139404296875,25.182605743408203,26.353302001953125
density_only,B_ARG129,24,2,0.28393134,39.372947692871094,25.182605743408203,26.353302001953125
density_only,B_ARG129,24,3,0.24553832,89.21796417236328,25.182605743408203,26.353302001953125
density_only,B_ARG129,25,0,0.44364682,1286.865234375,25.182605743408203,26.353302001953125
density_only,B_ARG129,25,1,0.21468601,32.416709899902344,25.182605743408203,26.353302001953125
density_only,B_ARG129,25,2,0.26410627,79.30848693847656,25.182605743408203,26.353302001953125
density_only,B_ARG129,25,3,0.077560954,114.83470916748047,25.182605743408203,26.353302001953125
density_only,B_ARG129,26,0,0.18262118,103.91117095947266,25.182605743408203,26.353302001953125
density_only,B_ARG129,26,1,0.16546887,23.135147094726562,25.182605743408203,26.353302001953125
density_only,B_ARG129,26,2,0.40668419,1629.197509765625,25.182605743408203,26.353302001953125
density_only,B_ARG129,26,3,0.2452258,89.29402160644531,25.182605743408203,26.353302001953125
density_only,B_ARG129,27,0,0.23944379,43.5196418762207,25.182605743408203,26.353302001953125
density_only,B_ARG129,27,1,0.32681072,1161.4549560546875,25.182605743408203,26.353302001953125
density_only,B_ARG129,27,2,0.14402533,580.350341796875,25.182605743408203,26.353302001953125
density_only,B_ARG129,27,3,0.28972015,137.97682189941406,25.182605743408203,26.353302001953125
density_only,B_ARG129,28,0,0.28310683,39.2529296875,25.182605743408203,26.353302001953125
density_only,B_ARG129,28,1,0.1894176,84.09005737304688,25.182605743408203,26.353302001953125
density_only,B_ARG129,28,2,0.28937963,815.0950927734375,25.182605743408203,26.353302001953125
density_only,B_ARG129,28,3,0.23809588,1866.126953125,25.182605743408203,26.353302001953125
density_only,B_ARG129,29,0,0.18790205,536.4978637695312,25.182605743408203,26.353302001953125
density_only,B_ARG129,29,1,0.23427969,1634.5780029296875,25.182605743408203,26.353302001953125
density_only,B_ARG129,29,2,0.57781792,156.08367919921875,25.182605743408203,26.353302001953125
density_only,B_ARG129,30,0,0.29693779,3293.899169921875,25.182605743408203,26.353302001953125
density_only,B_ARG129,30,1,0.29799992,28.19268798828125,25.182605743408203,26.353302001953125
density_only,B_ARG129,30,2,0.092934273,1576.5286865234375,25.182605743408203,26.353302001953125
density_only,B_ARG129,30,3,0.31212795,141.20098876953125,25.182605743408203,26.353302001953125
density_only,B_ARG129,31,0,0.090346895,339.73065185546875,25.182605743408203,26.353302001953125
density_only,B_ARG129,31,1,0.29361764,85.48648071289062,25.182605743408203,26.353302001953125
density_only,B_ARG129,31,2,0.31389266,805.5726928710938,25.182605743408203,26.353302001953125
density_only,B_ARG129,31,3,0.30214277,29.160423278808594,25.182605743408203,26.353302001953125
density_only,B_ARG129,32,0,0.056950819,1580.9481201171875,25.182605743408203,26.353302001953125
density_only,B_ARG129,32,1,0.18023813,945.2781982421875,25.182605743408203,26.353302001953125
density_only,B_ARG129,32,2,0.2977879,491.1557312011719,25.182605743408203,26.353302001953125
density_only,B_ARG129,32,3,0.46502322,139.5148468017578,25.182605743408203,26.353302001953125
density_only,B_ARG129,33,0,0.28238863,138.44155883789062,25.182605743408203,26.353302001953125
density_only,B_ARG129,33,1,0.26135528,80.42913818359375,25.182605743408203,26.353302001953125
density_only,B_ARG129,33,2,0.12633397,1691.5404052734375,25.182605743408203,26.353302001953125
density_only,B_ARG129,33,3,0.32992214,1270.018310546875,25.182605743408203,26.353302001953125
density_only,B_ARG129,34,0,0.30225363,25.73229217529297,25.182605743408203,26.353302001953125
density_only,B_ARG129,34,1,0.46061242,1568.857666015625,25.182605743408203,26.353302001953125
density_only,B_ARG129,34,3,0.23709311,127.56388854980469,25.182605743408203,26.353302001953125
density_only,B_ARG129,35,0,0.31849161,89.99869537353516,25.182605743408203,26.353302001953125
density_only,B_ARG129,35,1,0.17523031,23.287460327148438,25.182605743408203,26.353302001953125
density_only,B_ARG129,35,2,0.1510548,1042.2115478515625,25.182605743408203,26.353302001953125
density_only,B_ARG129,35,3,0.3552233,138.79493713378906,25.182605743408203,26.353302001953125
density_only,B_ARG129,36,1,0.33339423,1207.9747314453125,25.182605743408203,26.353302001953125
density_only,B_ARG129,36,2,0.40368065,29.366222381591797,25.182605743408203,26.353302001953125
density_only,B_ARG129,36,3,0.26292244,592.8546142578125,25.182605743408203,26.353302001953125
density_only,B_ARG129,37,0,0.10203583,978.3897094726562,25.182605743408203,26.353302001953125
density_only,B_ARG129,37,1,0.10552902,1767.2752685546875,25.182605743408203,26.353302001953125
density_only,B_ARG129,37,2,0.2791383,711.0316162109375,25.182605743408203,26.353302001953125
density_only,B_ARG129,37,3,0.51329684,1150.613525390625,25.182605743408203,26.353302001953125
density_only,B_ARG129,38,0,0.47287202,1563.893310546875,25.182605743408203,26.353302001953125
density_only,B_ARG129,38,1,0.26255494,66.16554260253906,25.182605743408203,26.353302001953125
density_only,B_ARG129,38,2,0.26457289,26.97024154663086,25.182605743408203,26.353302001953125
density_only,B_ARG129,39,1,0.40621728,1163.927978515625,25.182605743408203,26.353302001953125
density_only,B_ARG129,39,2,0.28382212,83.47696685791016,25.182605743408203,26.353302001953125
density_only,B_ARG129,39,3,0.30832142,64.96966552734375,25.182605743408203,26.353302001953125
density_only,B_ARG129,40,0,0.4181881,1165.7547607421875,25.182605743408203,26.353302001953125
density_only,B_ARG129,40,2,0.23510584,1650.6585693359375,25.182605743408203,26.353302001953125
density_only,B_ARG129,40,3,0.346706,68.55159759521484,25.182605743408203,26.353302001953125
density_only,B_ARG129,41,0,0.28023636,25.770217895507812,25.182605743408203,26.353302001953125
density_only,B_ARG129,41,1,0.19506662,158.37828063964844,25.182605743408203,26.353302001953125
density_only,B_ARG129,41,2,0.072128825,461.10687255859375,25.182605743408203,26.353302001953125
density_only,B_ARG129,41,3,0.45256817,1563.409423828125,25.182605743408203,26.353302001953125
density_only,B_ARG129,42,1,0.50046319,1567.9693603515625,25.182605743408203,26.353302001953125
density_only,B_ARG129,42,2,0.11340143,705.431884765625,25.182605743408203,26.353302001953125
density_only,B_ARG129,42,3,0.3861343,25.570568084716797,25.182605743408203,26.353302001953125
density_only,B_ARG129,43,0,0.38762695,30.356155395507812,25.182605743408203,26.353302001953125
density_only,B_ARG129,43,1,0.51816499,32.05657196044922,25.182605743408203,26.353302001953125
density_only,B_ARG129,43,3,0.094118565,80.57037353515625,25.182605743408203,26.353302001953125
density_only,B_ARG129,44,1,0.37097678,29.30345916748047,25.182605743408203,26.353302001953125
density_only,B_ARG129,44,2,0.47980657,166.90142822265625,25.182605743408203,26.353302001953125
density_only,B_ARG129,44,3,0.1492167,1560.37646484375,25.182605743408203,26.353302001953125
density_only,B_ARG129,45,1,0.32222769,860.1317749023438,25.182605743408203,26.353302001953125
density_only,B_ARG129,45,2,0.31376478,28.82353973388672,25.182605743408203,26.353302001953125
density_only,B_ARG129,45,3,0.3640072,1905.1239013671875,25.182605743408203,26.353302001953125
density_only,B_ARG129,46,1,0.47392157,1568.928466796875,25.182605743408203,26.353302001953125
density_only,B_ARG129,46,2,0.10214556,678.0999755859375,25.182605743408203,26.353302001953125
density_only,B_ARG129,46,3,0.4185102,39.67533874511719,25.182605743408203,26.353302001953125
density_only,B_ARG129,47,0,0.34485847,25.540233612060547,25.182605743408203,26.353302001953125
density_only,B_ARG129,47,1,0.5251683,1139.5560302734375,25.182605743408203,26.353302001953125
density_only,B_ARG129,47,3,0.12991898,405.8890380859375,25.182605743408203,26.353302001953125
density_only,B_ARG129,48,0,0.42486331,1197.2713623046875,25.182605743408203,26.353302001953125
density_only,B_ARG129,48,1,0.1265671,1803.929443359375,25.182605743408203,26.353302001953125
density_only,B_ARG129,48,2,0.29902738,28.559951782226562,25.182605743408203,26.353302001953125
density_only,B_ARG129,48,3,0.14954215,1052.1641845703125,25.182605743408203,26.353302001953125
density_only,B_ARG129,49,1,0.23569825,28.699295043945312,25.182605743408203,26.353302001953125
density_only,B_ARG129,49,2,0.4731015,1192.2735595703125,25.182605743408203,26.353302001953125
density_only,B_ARG129,49,3,0.2911973,25.878280639648438,25.182605743408203,26.353302001953125
soft_physics,B_ARG129,0,0,0.43634859,1558.081298828125,25.182605743408203,26.353302001953125
soft_physics,B_ARG129,0,1,0.25384003,1637.8026123046875,25.182605743408203,26.353302001953125
soft_physics,B_ARG129,0,2,0.30315492,136.04293823242188,25.182605743408203,26.353302001953125
soft_physics,B_ARG129,1,0,0.21661824,1002.5250244140625,25.182605743408203,26.353302001953125
soft_physics,B_ARG129,1,1,0.28794876,1873.1201171875,25.182605743408203,26.353302001953125
soft_physics,B_ARG129,1,2,0.19194549,1141.4288330078125,25.182605743408203,26.353302001953125
soft_physics,B_ARG129,1,3,0.30348748,28.81536865234375,25.182605743408203,26.353302001953125
soft_physics,B_ARG129,2,0,0.29305935,170.37841796875,25.182605743408203,26.353302001953125
soft_physics,B_ARG129,2,1,0.34329003,1252.70947265625,25.182605743408203,26.353302001953125
soft_physics,B_ARG129,2,2,0.3111878,77.547607421875,25.182605743408203,26.353302001953125
soft_physics,B_ARG129,2,3,0.052462798,868.5113525390625,25.182605743408203,26.353302001953125
soft_physics,B_ARG129,3,0,0.0889422,808.29150390625,25.182605743408203,26.353302001953125
soft_physics,B_ARG129,3,1,0.45868248,1145.990966796875,25.182605743408203,26.353302001953125
soft_physics,B_ARG129,3,2,0.22696978,25.769329071044922,25.182605743408203,26.353302001953125
soft_physics,B_ARG129,3,3,0.22540553,66.08125305175781,25.182605743408203,26.353302001953125
soft_physics,B_ARG129,4,1,0.19772264,43.86497116088867,25.182605743408203,26.353302001953125
soft_physics,B_ARG129,4,2,0.27102512,56.47045135498047,25.182605743408203,26.353302001953125
soft_physics,B_ARG129,4,3,0.49705756,1197.15087890625,25.182605743408203,26.353302001953125
soft_physics,B_ARG129,5,0,0.17961349,89.99089050292969,25.182605743408203,26.353302001953125
soft_physics,B_ARG129,5,1,0.25879753,3702.060546875,25.182605743408203,26.353302001953125
soft_physics,B_ARG129,5,2,0.34895703,1212.2720947265625,25.182605743408203,26.353302001953125
soft_physics,B_ARG129,5,3,0.21263194,49.27635955810547,25.182605743408203,26.353302001953125
soft_physics,B_ARG129,6,0,0.27625206,178.76856994628906,25.182605743408203,26.353302001953125
soft_physics,B_ARG129,6,1,0.1791853,1838.05712890625,25.182605743408203,26.353302001953125
soft_physics,B_ARG129,6,2,0.15462485,1606.7132568359375,25.182605743408203,26.353302001953125
soft_physics,B_ARG129,6,3,0.38993776,803.9750366210938,25.182605743408203,26.353302001953125
soft_physics,B_ARG129,7,0,0.26078671,913.671630859375,25.182605743408203,26.353302001953125
soft_physics,B_ARG129,7,1,0.43618983,1640.4005126953125,25.182605743408203,26.353302001953125
soft_physics,B_ARG129,7,2,0.29775444,122.66029357910156,25.182605743408203,26.353302001953125
soft_physics,B_ARG129,8,0,0.17351702,2473.806396484375,25.182605743408203,26.353302001953125
soft_physics,B_ARG129,8,1,0.055573121,1702.521728515625,25.182605743408203,26.353302001953125
soft_physics,B_ARG129,8,2,0.46397835,1132.918701171875,25.182605743408203,26.353302001953125
soft_physics,B_ARG129,8,3,0.30693153,25.664932250976562,25.182605743408203,26.353302001953125
soft_physics,B_ARG129,9,0,0.43837315,1377.4940185546875,25.182605743408203,26.353302001953125
soft_physics,B_ARG129,9,1,0.11269079,382.3251037597656,25.182605743408203,26.353302001953125
soft_physics,B_ARG129,9,2,0.31355295,26.384113311767578,25.182605743408203,26.353302001953125
soft_physics,B_ARG129,9,3,0.13538311,260.0948486328125,25.182605743408203,26.353302001953125
soft_physics,B_ARG129,10,0,0.41502243,1156.2880859375,25.182605743408203,26.353302001953125
soft_physics,B_ARG129,10,1,0.31672561,29.419586181640625,25.182605743408203,26.353302001953125
soft_physics,B_ARG129,10,3,0.22733851,45.61309814453125,25.182605743408203,26.353302001953125
soft_physics,B_ARG129,11,0,0.4302325,1272.179443359375,25.182605743408203,26.353302001953125
soft_physics,B_ARG129,11,1,0.22878902,1580.6578369140625,25.182605743408203,26.353302001953125
soft_physics,B_ARG129,11,3,0.32958567,28.590225219726562,25.182605743408203,26.353302001953125
soft_physics,B_ARG129,12,0,0.59603125,799.643310546875,25.182605743408203,26.353302001953125
soft_physics,B_ARG129,12,3,0.40396506,64.77093505859375,25.182605743408203,26.353302001953125
soft_physics,B_ARG129,13,0,0.26342028,80.40829467773438,25.182605743408203,26.353302001953125
soft_physics,B_ARG129,13,1,0.16675112,191.50506591796875,25.182605743408203,26.353302001953125
soft_physics,B_ARG129,13,2,0.25792578,3712.517333984375,25.182605743408203,26.353302001953125
soft_physics,B_ARG129,13,3,0.31190282,1543.9068603515625,25.182605743408203,26.353302001953125
soft_physics,B_ARG129,14,0,0.21937267,168.55538940429688,25.182605743408203,26.353302001953125
soft_physics,B_ARG129,14,1,0.21250689,43.18219757080078,25.182605743408203,26.353302001953125
soft_physics,B_ARG129,14,2,0.29128611,1246.7286376953125,25.182605743408203,26.353302001953125
soft_physics,B_ARG129,14,3,0.27683431,3700.207763671875,25.182605743408203,26.353302001953125
soft_physics,B_ARG129,15,1,0.30598533,23.27487564086914,25.182605743408203,26.353302001953125
soft_physics,B_ARG129,15,2,0.24710059,183.83642578125,25.182605743408203,26.353302001953125
soft_physics,B_ARG129,15,3,0.44104728,1558.7598876953125,25.182605743408203,26.353302001953125
soft_physics,B_ARG129,16,1,0.21396409,300.10113525390625,25.182605743408203,26.353302001953125
soft_physics,B_ARG129,16,2,0.37899572,264.334228515625,25.182605743408203,26.353302001953125
soft_physics,B_ARG129,16,3,0.36781007,27.342430114746094,25.182605743408203,26.353302001953125
soft_physics,B_ARG129,17,0,0.25672278,31.817882537841797,25.182605743408203,26.353302001953125
soft_physics,B_ARG129,17,1,0.061686128,920.9300537109375,25.182605743408203,26.353302001953125
soft_physics,B_ARG129,17,2,0.31349996,192.29067993164062,25.182605743408203,26.353302001953125
soft_physics,B_ARG129,17,3,0.36809111,1139.32275390625,25.182605743408203,26.353302001953125
soft_physics,B_ARG129,18,1,0.35950071,29.406951904296875,25.182605743408203,26.353302001953125
soft_physics,B_ARG129,18,2,0.46098426,1808.7601318359375,25.182605743408203,26.353302001953125
soft_physics,B_ARG129,18,3,0.17947358,2977.011962890625,25.182605743408203,26.353302001953125
soft_physics,B_ARG129,19,0,0.32787102,823.2290649414062,25.182605743408203,26.353302001953125
soft_physics,B_ARG129,19,1,0.17126368,1399.5882568359375,25.182605743408203,26.353302001953125
soft_physics,B_ARG129,19,2,0.22413941,108.76990509033203,25.182605743408203,26.353302001953125
soft_physics,B_ARG129,19,3,0.27672589,80.95912170410156,25.182605743408203,26.353302001953125
soft_physics,B_ARG129,20,0,0.45422095,39.73136520385742,25.182605743408203,26.353302001953125
soft_physics,B_ARG129,20,2,0.45485565,1418.5504150390625,25.182605743408203,26.353302001953125
soft_physics,B_ARG129,20,3,0.090802588,247.07083129882812,25.182605743408203,26.353302001953125
soft_physics,B_ARG129,21,0,0.11759324,1570.922607421875,25.182605743408203,26.353302001953125
soft_physics,B_ARG129,21,1,0.3881692,143.0147705078125,25.182605743408203,26.353302001953125
soft_physics,B_ARG129,21,2,0.44945085,1245.9686279296875,25.182605743408203,26.353302001953125
soft_physics,B_ARG129,22,0,0.075058557,1062.0623779296875,25.182605743408203,26.353302001953125
soft_physics,B_ARG129,22,1,0.48614827,1143.1141357421875,25.182605743408203,26.353302001953125
soft_physics,B_ARG129,22,3,0.43879312,137.69448852539062,25.182605743408203,26.353302001953125
soft_physics,B_ARG129,23,1,0.41890156,25.615989685058594,25.182605743408203,26.353302001953125
soft_physics,B_ARG129,23,2,0.5588724,1565.1751708984375,25.182605743408203,26.353302001953125
soft_physics,B_ARG129,24,0,0.13051412,1165.739013671875,25.182605743408203,26.353302001953125
soft_physics,B_ARG129,24,2,0.40508473,28.486480712890625,25.182605743408203,26.353302001953125
soft_physics,B_ARG129,24,3,0.44974646,120.66658020019531,25.182605743408203,26.353302001953125
soft_physics,B_ARG129,25,0,0.13069196,23.072925567626953,25.182605743408203,26.353302001953125
soft_physics,B_ARG129,25,1,0.22035713,164.0189208984375,25.182605743408203,26.353302001953125
soft_physics,B_ARG129,25,2,0.23609276,89.27467346191406,25.182605743408203,26.353302001953125
soft_physics,B_ARG129,25,3,0.41285819,1188.7938232421875,25.182605743408203,26.353302001953125
soft_physics,B_ARG129,26,0,0.33537593,45.44449996948242,25.182605743408203,26.353302001953125
soft_physics,B_ARG129,26,1,0.25533181,283.26678466796875,25.182605743408203,26.353302001953125
soft_physics,B_ARG129,26,2,0.12799127,584.8336791992188,25.182605743408203,26.353302001953125
soft_physics,B_ARG129,26,3,0.28130099,775.2005615234375,25.182605743408203,26.353302001953125
soft_physics,B_ARG129,27,0,0.16822143,1573.1571044921875,25.182605743408203,26.353302001953125
soft_physics,B_ARG129,27,1,0.30970153,809.0908813476562,25.182605743408203,26.353302001953125
soft_physics,B_ARG129,27,2,0.24258457,1848.5013427734375,25.182605743408203,26.353302001953125
soft_physics,B_ARG129,27,3,0.27949244,65.6781234741211,25.182605743408203,26.353302001953125
soft_physics,B_ARG129,28,0,0.32192147,25.4794921875,25.182605743408203,26.353302001953125
soft_physics,B_ARG129,28,1,0.29893076,3148.14404296875,25.182605743408203,26.353302001953125
soft_physics,B_ARG129,28,2,0.37914783,1527.23486328125,25.182605743408203,26.353302001953125
soft_physics,B_ARG129,29,0,0.24400334,88.66445922851562,25.182605743408203,26.353302001953125
soft_physics,B_ARG129,29,1,0.062124941,1659.6627197265625,25.182605743408203,26.353302001953125
soft_physics,B_ARG129,29,2,0.22780862,45.76587677001953,25.182605743408203,26.353302001953125
soft_physics,B_ARG129,29,3,0.46606308,1126.8553466796875,25.182605743408203,26.353302001953125
soft_physics,B_ARG129,30,0,0.2254595,26.051475524902344,25.182605743408203,26.353302001953125
soft_physics,B_ARG129,30,1,0.3221786,1560.1483154296875,25.182605743408203,26.353302001953125
soft_physics,B_ARG129,30,2,0.17492312,30.625587463378906,25.182605743408203,26.353302001953125
soft_physics,B_ARG129,30,3,0.27743882,3708.8671875,25.182605743408203,26.353302001953125
soft_physics,B_ARG129,31,0,0.24930631,102.47847747802734,25.182605743408203,26.353302001953125
soft_physics,B_ARG129,31,1,0.20203254,493.2041015625,25.182605743408203,26.353302001953125
soft_physics,B_ARG129,31,2,0.24053352,1571.9765625,25.182605743408203,26.353302001953125
soft_physics,B_ARG129,31,3,0.30812764,818.1534423828125,25.182605743408203,26.353302001953125
soft_physics,B_ARG129,32,0,0.23545477,31.24828338623047,25.182605743408203,26.353302001953125
soft_physics,B_ARG129,32,1,0.082427114,23.05255126953125,25.182605743408203,26.353302001953125
soft_physics,B_ARG129,32,2,0.45474583,1194.8603515625,25.182605743408203,26.353302001953125
soft_physics,B_ARG129,32,3,0.22737232,85.94952392578125,25.182605743408203,26.353302001953125
soft_physics,B_ARG129,33,0,0.26089761,162.572265625,25.182605743408203,26.353302001953125
soft_physics,B_ARG129,33,1,0.070888013,295.8819274902344,25.182605743408203,26.353302001953125
soft_physics,B_ARG129,33,2,0.29464287,914.2484741210938,25.182605743408203,26.353302001953125
soft_physics,B_ARG129,33,3,0.37357152,1812.904541015625,25.182605743408203,26.353302001953125
soft_physics,B_ARG129,34,0,0.17039311,1056.1107177734375,25.182605743408203,26.353302001953125
soft_physics,B_ARG129,34,1,0.3834036,66.33087921142578,25.182605743408203,26.353302001953125
soft_physics,B_ARG129,34,2,0.40067023,138.62313842773438,25.182605743408203,26.353302001953125
soft_physics,B_ARG129,35,0,0.46913874,1619.653076171875,25.182605743408203,26.353302001953125
soft_physics,B_ARG129,35,2,0.27279899,31.80292510986328,25.182605743408203,26.353302001953125
soft_physics,B_ARG129,35,3,0.25806201,104.52885437011719,25.182605743408203,26.353302001953125
soft_physics,B_ARG129,36,1,0.36513966,101.2264404296875,25.182605743408203,26.353302001953125
soft_physics,B_ARG129,36,2,0.059272394,1938.865234375,25.182605743408203,26.353302001953125
soft_physics,B_ARG129,36,3,0.56616843,1121.728515625,25.182605743408203,26.353302001953125
soft_physics,B_ARG129,37,0,0.40679646,1193.2183837890625,25.182605743408203,26.353302001953125
soft_physics,B_ARG129,37,1,0.30112299,25.473770141601562,25.182605743408203,26.353302001953125
soft_physics,B_ARG129,37,3,0.27355739,3595.555419921875,25.182605743408203,26.353302001953125
soft_physics,B_ARG129,38,0,0.36713883,32.42113494873047,25.182605743408203,26.353302001953125
soft_physics,B_ARG129,38,1,0.38621032,1246.1016845703125,25.182605743408203,26.353302001953125
soft_physics,B_ARG129,38,3,0.20367658,2473.351318359375,25.182605743408203,26.353302001953125
soft_physics,B_ARG129,39,1,0.28874859,29.82300567626953,25.182605743408203,26.353302001953125
soft_physics,B_ARG129,39,2,0.51143366,122.33540344238281,25.182605743408203,26.353302001953125
soft_physics,B_ARG129,39,3,0.19425254,31.658916473388672,25.182605743408203,26.353302001953125
soft_physics,B_ARG129,40,0,0.30107826,34.94801330566406,25.182605743408203,26.353302001953125
soft_physics,B_ARG129,40,1,0.45723888,1160.3013916015625,25.182605743408203,26.353302001953125
soft_physics,B_ARG129,40,2,0.17004682,167.14535522460938,25.182605743408203,26.353302001953125
soft_physics,B_ARG129,40,3,0.071636006,929.333984375,25.182605743408203,26.353302001953125
soft_physics,B_ARG129,41,0,0.27825868,25.987327575683594,25.182605743408203,26.353302001953125
soft_physics,B_ARG129,41,1,0.23661168,29.68138885498047,25.182605743408203,26.353302001953125
soft_physics,B_ARG129,41,3,0.46433762,1131.794189453125,25.182605743408203,26.353302001953125
soft_physics,B_ARG129,42,0,0.55103779,165.67738342285156,25.182605743408203,26.353302001953125
soft_physics,B_ARG129,42,2,0.058653649,47.69232940673828,25.182605743408203,26.353302001953125
soft_physics,B_ARG129,42,3,0.39030802,240.2364501953125,25.182605743408203,26.353302001953125
soft_physics,B_ARG129,43,0,0.25133023,172.66639709472656,25.182605743408203,26.353302001953125
soft_physics,B_ARG129,43,1,0.40573567,1089.3465576171875,25.182605743408203,26.353302001953125
soft_physics,B_ARG129,43,2,0.30506569,75.77305603027344,25.182605743408203,26.353302001953125
soft_physics,B_ARG129,44,0,0.10185675,365.43414306640625,25.182605743408203,26.353302001953125
soft_physics,B_ARG129,44,1,0.37017131,1293.9951171875,25.182605743408203,26.353302001953125
soft_physics,B_ARG129,44,2,0.29094669,3558.548583984375,25.182605743408203,26.353302001953125
soft_physics,B_ARG129,44,3,0.23702525,132.79696655273438,25.182605743408203,26.353302001953125
soft_physics,B_ARG129,45,0,0.19045387,165.9921417236328,25.182605743408203,26.353302001953125
soft_physics,B_ARG129,45,1,0.26915854,1841.1397705078125,25.182605743408203,26.353302001953125
soft_physics,B_ARG129,45,2,0.24500816,553.126708984375,25.182605743408203,26.353302001953125
soft_physics,B_ARG129,45,3,0.29537946,819.1866455078125,25.182605743408203,26.353302001953125
soft_physics,B_ARG129,46,0,0.39420098,1270.5245361328125,25.182605743408203,26.353302001953125
soft_physics,B_ARG129,46,1,0.20774919,43.40816116333008,25.182605743408203,26.353302001953125
soft_physics,B_ARG129,46,2,0.29084519,25.986434936523438,25.182605743408203,26.353302001953125
soft_physics,B_ARG129,46,3,0.10720464,591.95361328125,25.182605743408203,26.353302001953125
soft_physics,B_ARG129,47,0,0.4858242,1304.0504150390625,25.182605743408203,26.353302001953125
soft_physics,B_ARG129,47,1,0.34669665,40.72010040283203,25.182605743408203,26.353302001953125
soft_physics,B_ARG129,47,2,0.16747913,157.61781311035156,25.182605743408203,26.353302001953125
soft_physics,B_ARG129,48,0,0.067890011,1580.5523681640625,25.182605743408203,26.353302001953125
soft_physics,B_ARG129,48,1,0.22986944,65.7005615234375,25.182605743408203,26.353302001953125
soft_physics,B_ARG129,48,2,0.27078062,29.694137573242188,25.182605743408203,26.353302001953125
soft_physics,B_ARG129,48,3,0.43145999,1564.2587890625,25.182605743408203,26.353302001953125
soft_physics,B_ARG129,49,0,0.2280672,169.20001220703125,25.182605743408203,26.353302001953125
soft_physics,B_ARG129,49,1,0.19267972,23.20196533203125,25.182605743408203,26.353302001953125
soft_physics,B_ARG129,49,2,0.33887658,1021.3628540039062,25.182605743408203,26.353302001953125
soft_physics,B_ARG129,49,3,0.24037649,87.82239532470703,25.182605743408203,26.353302001953125
