experiment,site,start,rmsd_to_A,rmsd_to_B,chi_degrees,nearest_state,canonical_deviation_degrees,canonical_like_30deg,min_direct_distance,closest_direct_atom,min_symmetry_distance,closest_symmetry_atom,density_z_mean,polar_contacts,tmol_energy,tmol_A,tmol_B,tmol_dE_vs_best_deposited,random_tmol_mean,random_tmol_min,random_tmol_max,no_sub2A_clash,physical_valid,recovered_B_lt_0.50A,joint_success
probe4c2_A_soft_synthetic,A_MET112,0,0.6600779891014099,0.5209811925888062,-75.25;-146.08;89.99,g-/t/m+,15.25;33.92;0.01,False,3.1309031638099585,CE--B:ASP114:OD1,5.534005243054265,"CE--sym6[0,0,1]/A:HOH39:O",0.9051384925842285,,55.68510437011719,48.87937927246094,48.688716888427734,6.996387481689453,125.53506088256836,49.34319305419922,655.5672607421875,True,False,False,False
probe4c2_A_soft_synthetic,A_MET112,1,0.6600779891014099,0.5209811925888062,-75.25;-146.08;89.99,g-/t/m+,15.25;33.92;0.01,False,3.1309031638099585,CE--B:ASP114:OD1,5.534005243054265,"CE--sym6[0,0,1]/A:HOH39:O",0.9051384925842285,,55.68510437011719,48.87937927246094,48.688716888427734,6.996387481689453,125.53506088256836,49.34319305419922,655.5672607421875,True,False,False,False
probe4c2_A_soft_synthetic,A_MET112,2,0.6600779891014099,0.5209811925888062,-75.25;-146.08;89.99,g-/t/m+,15.25;33.92;0.01,False,3.1309031638099585,CE--B:ASP114:OD1,5.534005243054265,"CE--sym6[0,0,1]/A:HOH39:O",0.9051384925842285,,55.68510437011719,48.87937927246094,48.688716888427734,6.996387481689453,125.53506088256836,49.34319305419922,655.5672607421875,True,False,False,False
probe4c2_A_soft_synthetic,A_MET112,3,0.6600779891014099,0.5209811925888062,-75.25;-146.08;89.99,g-/t/m+,15.25;33.92;0.01,False,3.1309031638099585,CE--B:ASP114:OD1,5.534005243054265,"CE--sym6[0,0,1]/A:HOH39:O",0.9051384925842285,,55.68510437011719,48.87937927246094,48.688716888427734,6.996387481689453,125.53506088256836,49.34319305419922,655.5672607421875,True,False,False,False
probe4c2_A_soft_synthetic,A_MET112,4,0.6600779891014099,0.5209811925888062,-75.25;-146.08;89.99,g-/t/m+,15.25;33.92;0.01,False,3.1309031638099585,CE--B:ASP114:OD1,5.534005243054265,"CE--sym6[0,0,1]/A:HOH39:O",0.9051384925842285,,55.68510437011719,48.87937927246094,48.688716888427734,6.996387481689453,125.53506088256836,49.34319305419922,655.5672607421875,True,False,False,False
probe4c2_A_soft_synthetic,A_MET112,5,0.6600779891014099,0.5209811925888062,-75.25;-146.08;89.99,g-/t/m+,15.25;33.92;0.01,False,3.1309031638099585,CE--B:ASP114:OD1,5.534005243054265,"CE--sym6[0,0,1]/A:HOH39:O",0.9051384925842285,,55.68510437011719,48.87937927246094,48.688716888427734,6.996387481689453,125.53506088256836,49.34319305419922,655.5672607421875,True,False,False,False
probe4c2_A_soft_synthetic,A_MET112,6,0.6600779891014099,0.5209811925888062,-75.25;-146.08;89.99,g-/t/m+,15.25;33.92;0.01,False,3.1309031638099585,CE--B:ASP114:OD1,5.534005243054265,"CE--sym6[0,0,1]/A:HOH39:O",0.9051384925842285,,55.68510437011719,48.87937927246094,48.688716888427734,6.996387481689453,125.53506088256836,49.34319305419922,655.5672607421875,True,False,False,False
probe4c2_A_soft_synthetic,A_MET112,7,0.6600779891014099,0.5209814310073853,-75.25;-146.08;89.99,g-/t/m+,15.25;33.92;0.01,False,3.1309031638099585,CE--B:ASP114:OD1,5.534005243054265,"CE--sym6[0,0,1]/A:HOH39:O",0.9051384925842285,,55.68510437011719,48.87937927246094,48.688716888427734,6.996387481689453,125.53506088256836,49.34319305419922,655.5672607421875,True,False,False,False
probe4c2_A_soft_synthetic,A_MET112,8,0.6600779891014099,0.5209811925888062,-75.25;-146.08;89.99,g-/t/m+,15.25;33.92;0.01,False,3.1309031638099585,CE--B:ASP114:OD1,5.534005243054265,"CE--sym6[0,0,1]/A:HOH39:O",0.9051384925842285,,55.68510437011719,48.87937927246094,48.688716888427734,6.996387481689453,125.53506088256836,49.34319305419922,655.5672607421875,True,False,False,False
probe4c2_A_soft_synthetic,A_MET112,9,0.6600779891014099,0.5209811925888062,-75.25;-146.08;89.99,g-/t/m+,15.25;33.92;0.01,False,3.1309031638099585,CE--B:ASP114:OD1,5.534005243054265,"CE--sym6[0,0,1]/A:HOH39:O",0.9051384925842285,,55.68510437011719,48.87937927246094,48.688716888427734,6.996387481689453,125.53506088256836,49.34319305419922,655.5672607421875,True,False,False,False
probe4c2_A_soft_synthetic,A_MET112,10,0.6600779294967651,0.5209816694259644,-75.25;-146.08;89.99,g-/t/m+,15.25;33.92;0.01,False,3.1309031638099585,CE--B:ASP114:OD1,5.534005243054265,"CE--sym6[0,0,1]/A:HOH39:O",0.9051393270492554,,55.68510437011719,48.87937927246094,48.688716888427734,6.996387481689453,125.53506088256836,49.34319305419922,655.5672607421875,True,False,False,False
probe4c2_A_soft_synthetic,A_MET112,11,0.6600779891014099,0.5209811925888062,-75.25;-146.08;89.99,g-/t/m+,15.25;33.92;0.01,False,3.1309031638099585,CE--B:ASP114:OD1,5.534005243054265,"CE--sym6[0,0,1]/A:HOH39:O",0.9051384925842285,,55.68510437011719,48.87937927246094,48.688716888427734,6.996387481689453,125.53506088256836,49.34319305419922,655.5672607421875,True,False,False,False
probe4c2_A_soft_synthetic,A_MET112,12,0.6600779891014099,0.5209814310073853,-75.25;-146.08;89.99,g-/t/m+,15.25;33.92;0.01,False,3.1309031638099585,CE--B:ASP114:OD1,5.534005243054265,"CE--sym6[0,0,1]/A:HOH39:O",0.9051384925842285,,55.68510437011719,48.87937927246094,48.688716888427734,6.996387481689453,125.53506088256836,49.34319305419922,655.5672607421875,True,False,False,False
probe4c2_A_soft_synthetic,A_MET112,13,0.6600779891014099,0.5209814310073853,-75.25;-146.08;89.99,g-/t/m+,15.25;33.92;0.01,False,3.1309031638099585,CE--B:ASP114:OD1,5.534005243054265,"CE--sym6[0,0,1]/A:HOH39:O",0.9051384925842285,,55.68510437011719,48.87937927246094,48.688716888427734,6.996387481689453,125.53506088256836,49.34319305419922,655.5672607421875,True,False,False,False
probe4c2_A_soft_synthetic,A_MET112,14,0.6600779891014099,0.5209814310073853,-75.25;-146.08;89.99,g-/t/m+,15.25;33.92;0.01,False,3.1309031638099585,CE--B:ASP114:OD1,5.534005243054265,"CE--sym6[0,0,1]/A:HOH39:O",0.9051384925842285,,55.68510437011719,48.87937927246094,48.688716888427734,6.996387481689453,125.53506088256836,49.34319305419922,655.5672607421875,True,False,False,False
probe4c2_A_soft_synthetic,A_MET112,15,0.6600779891014099,0.5209814310073853,-75.25;-146.08;89.99,g-/t/m+,15.25;33.92;0.01,False,3.1309031638099585,CE--B:ASP114:OD1,5.534005243054265,"CE--sym6[0,0,1]/A:HOH39:O",0.9051384925842285,,55.68510437011719,48.87937927246094,48.688716888427734,6.996387481689453,125.53506088256836,49.34319305419922,655.5672607421875,True,False,False,False
probe4c2_A_soft_synthetic,A_MET112,16,0.6600779891014099,0.5209811925888062,-75.25;-146.08;89.99,g-/t/m+,15.25;33.92;0.01,False,3.1309031638099585,CE--B:ASP114:OD1,5.534005243054265,"CE--sym6[0,0,1]/A:HOH39:O",0.9051384925842285,,55.68510437011719,48.87937927246094,48.688716888427734,6.996387481689453,125.53506088256836,49.34319305419922,655.5672607421875,True,False,False,False
probe4c2_A_soft_synthetic,A_MET112,17,0.6600779891014099,0.5209814310073853,-75.25;-146.08;89.99,g-/t/m+,15.25;33.92;0.01,False,3.1309031638099585,CE--B:ASP114:OD1,5.534005243054265,"CE--sym6[0,0,1]/A:HOH39:O",0.9051384925842285,,55.68510437011719,48.87937927246094,48.688716888427734,6.996387481689453,125.53506088256836,49.34319305419922,655.5672607421875,True,False,False,False
probe4c2_A_soft_synthetic,A_MET112,18,0.6600779294967651,0.5209816694259644,-75.25;-146.08;89.99,g-/t/m+,15.25;33.92;0.01,False,3.1309031638099585,CE--B:ASP114:OD1,5.534005243054265,"CE--sym6[0,0,1]/A:HOH39:O",0.9051393270492554,,55.68510437011719,48.87937927246094,48.688716888427734,6.996387481689453,125.53506088256836,49.34319305419922,655.5672607421875,True,False,False,False
probe4c2_A_soft_synthetic,A_MET112,19,0.6600779891014099,0.5209811925888062,-75.25;-146.08;89.99,g-/t/m+,15.25;33.92;0.01,False,3.1309031638099585,CE--B:ASP114:OD1,5.534005243054265,"CE--sym6[0,0,1]/A:HOH39:O",0.9051384925842285,,55.68510437011719,48.87937927246094,48.688716888427734,6.996387481689453,125.53506088256836,49.34319305419922,655.5672607421875,True,False,False,False
probe4c2_A_soft_synthetic,A_MET112,20,0.6600779891014099,0.5209811925888062,-75.25;-146.08;89.99,g-/t/m+,15.25;33.92;0.01,False,3.1309031638099585,CE--B:ASP114:OD1,5.534005243054265,"CE--sym6[0,0,1]/A:HOH39:O",0.9051384925842285,,55.68510437011719,48.87937927246094,48.688716888427734,6.996387481689453,125.53506088256836,49.34319305419922,655.5672607421875,True,False,False,False
probe4c2_A_soft_synthetic,A_MET112,21,0.6600779891014099,0.5209811925888062,-75.25;-146.08;89.99,g-/t/m+,15.25;33.92;0.01,False,3.1309031638099585,CE--B:ASP114:OD1,5.534005243054265,"CE--sym6[0,0,1]/A:HOH39:O",0.9051384925842285,,55.68510437011719,48.87937927246094,48.688716888427734,6.996387481689453,125.53506088256836,49.34319305419922,655.5672607421875,True,False,False,False
probe4c2_A_soft_synthetic,A_MET112,22,0.6600779891014099,0.5209811925888062,-75.25;-146.08;89.99,g-/t/m+,15.25;33.92;0.01,False,3.1309031638099585,CE--B:ASP114:OD1,5.534005243054265,"CE--sym6[0,0,1]/A:HOH39:O",0.9051384925842285,,55.68510437011719,48.87937927246094,48.688716888427734,6.996387481689453,125.53506088256836,49.34319305419922,655.5672607421875,True,False,False,False
probe4c2_A_soft_synthetic,A_MET112,23,0.6600779891014099,0.5209814310073853,-75.25;-146.08;89.99,g-/t/m+,15.25;33.92;0.01,False,3.1309031638099585,CE--B:ASP114:OD1,5.534005243054265,"CE--sym6[0,0,1]/A:HOH39:O",0.9051384925842285,,55.68510437011719,48.87937927246094,48.688716888427734,6.996387481689453,125.53506088256836,49.34319305419922,655.5672607421875,True,False,False,False
probe4c2_A_soft_synthetic,A_MET112,24,0.6600779891014099,0.5209811925888062,-75.25;-146.08;89.99,g-/t/m+,15.25;33.92;0.01,False,3.1309031638099585,CE--B:ASP114:OD1,5.534005243054265,"CE--sym6[0,0,1]/A:HOH39:O",0.9051384925842285,,55.68510437011719,48.87937927246094,48.688716888427734,6.996387481689453,125.53506088256836,49.34319305419922,655.5672607421875,True,False,False,False
probe4c2_A_soft_synthetic,A_MET112,25,0.6600779891014099,0.5209811925888062,-75.25;-146.08;89.99,g-/t/m+,15.25;33.92;0.01,False,3.1309031638099585,CE--B:ASP114:OD1,5.534005243054265,"CE--sym6[0,0,1]/A:HOH39:O",0.9051384925842285,,55.68510437011719,48.87937927246094,48.688716888427734,6.996387481689453,125.53506088256836,49.34319305419922,655.5672607421875,True,False,False,False
probe4c2_A_soft_synthetic,A_MET112,26,0.6600779891014099,0.5209814310073853,-75.25;-146.08;89.99,g-/t/m+,15.25;33.92;0.01,False,3.1309031638099585,CE--B:ASP114:OD1,5.534005243054265,"CE--sym6[0,0,1]/A:HOH39:O",0.9051384925842285,,55.68510437011719,48.87937927246094,48.688716888427734,6.996387481689453,125.53506088256836,49.34319305419922,655.5672607421875,True,False,False,False
probe4c2_A_soft_synthetic,A_MET112,27,0.6600779891014099,0.5209814310073853,-75.25;-146.08;89.99,g-/t/m+,15.25;33.92;0.01,False,3.1309031638099585,CE--B:ASP114:OD1,5.534005243054265,"CE--sym6[0,0,1]/A:HOH39:O",0.9051384925842285,,55.68510437011719,48.87937927246094,48.688716888427734,6.996387481689453,125.53506088256836,49.34319305419922,655.5672607421875,True,False,False,False
probe4c2_A_soft_synthetic,A_MET112,28,0.6600779891014099,0.5209814310073853,-75.25;-146.08;89.99,g-/t/m+,15.25;33.92;0.01,False,3.1309031638099585,CE--B:ASP114:OD1,5.534005243054265,"CE--sym6[0,0,1]/A:HOH39:O",0.9051384925842285,,55.68510437011719,48.87937927246094,48.688716888427734,6.996387481689453,125.53506088256836,49.34319305419922,655.5672607421875,True,False,False,False
probe4c2_A_soft_synthetic,A_MET112,29,0.6600779891014099,0.5209814310073853,-75.25;-146.08;89.99,g-/t/m+,15.25;33.92;0.01,False,3.1309031638099585,CE--B:ASP114:OD1,5.534005243054265,"CE--sym6[0,0,1]/A:HOH39:O",0.9051384925842285,,55.68510437011719,48.87937927246094,48.688716888427734,6.996387481689453,125.53506088256836,49.34319305419922,655.5672607421875,True,False,False,False
probe4c2_A_soft_synthetic,A_MET112,30,0.6600779891014099,0.5209814310073853,-75.25;-146.08;89.99,g-/t/m+,15.25;33.92;0.01,False,3.1309031638099585,CE--B:ASP114:OD1,5.534005243054265,"CE--sym6[0,0,1]/A:HOH39:O",0.9051384925842285,,55.68510437011719,48.87937927246094,48.688716888427734,6.996387481689453,125.53506088256836,49.34319305419922,655.5672607421875,True,False,False,False
probe4c2_A_soft_synthetic,A_MET112,31,0.6600779891014099,0.5209811925888062,-75.25;-146.08;89.99,g-/t/m+,15.25;33.92;0.01,False,3.1309031638099585,CE--B:ASP114:OD1,5.534005243054265,"CE--sym6[0,0,1]/A:HOH39:O",0.9051384925842285,,55.68510437011719,48.87937927246094,48.688716888427734,6.996387481689453,125.53506088256836,49.34319305419922,655.5672607421875,True,False,False,False
probe4c2_A_soft_synthetic,A_MET112,32,0.6600779891014099,0.5209811925888062,-75.25;-146.08;89.99,g-/t/m+,15.25;33.92;0.01,False,3.1309031638099585,CE--B:ASP114:OD1,5.534005243054265,"CE--sym6[0,0,1]/A:HOH39:O",0.9051384925842285,,55.68510437011719,48.87937927246094,48.688716888427734,6.996387481689453,125.53506088256836,49.34319305419922,655.5672607421875,True,False,False,False
probe4c2_A_soft_synthetic,A_MET112,33,0.6600779891014099,0.5209811925888062,-75.25;-146.08;89.99,g-/t/m+,15.25;33.92;0.01,False,3.1309031638099585,CE--B:ASP114:OD1,5.534005243054265,"CE--sym6[0,0,1]/A:HOH39:O",0.9051384925842285,,55.68510437011719,48.87937927246094,48.688716888427734,6.996387481689453,125.53506088256836,49.34319305419922,655.5672607421875,True,False,False,False
probe4c2_A_soft_synthetic,A_MET112,34,0.6600779891014099,0.5209811925888062,-75.25;-146.08;89.99,g-/t/m+,15.25;33.92;0.01,False,3.1309031638099585,CE--B:ASP114:OD1,5.534005243054265,"CE--sym6[0,0,1]/A:HOH39:O",0.9051384925842285,,55.68510437011719,48.87937927246094,48.688716888427734,6.996387481689453,125.53506088256836,49.34319305419922,655.5672607421875,True,False,False,False
probe4c2_A_soft_synthetic,A_MET112,35,0.6600779891014099,0.5209814310073853,-75.25;-146.08;89.99,g-/t/m+,15.25;33.92;0.01,False,3.1309031638099585,CE--B:ASP114:OD1,5.534005243054265,"CE--sym6[0,0,1]/A:HOH39:O",0.9051384925842285,,55.68510437011719,48.87937927246094,48.688716888427734,6.996387481689453,125.53506088256836,49.34319305419922,655.5672607421875,True,False,False,False
probe4c2_A_soft_synthetic,A_MET112,36,0.6600779891014099,0.5209814310073853,-75.25;-146.08;89.99,g-/t/m+,15.25;33.92;0.01,False,3.1309031638099585,CE--B:ASP114:OD1,5.534005243054265,"CE--sym6[0,0,1]/A:HOH39:O",0.9051384925842285,,55.68510437011719,48.87937927246094,48.688716888427734,6.996387481689453,125.53506088256836,49.34319305419922,655.5672607421875,True,False,False,False
probe4c2_A_soft_synthetic,A_MET112,37,0.6600779891014099,0.5209811925888062,-75.25;-146.08;89.99,g-/t/m+,15.25;33.92;0.01,False,3.1309031638099585,CE--B:ASP114:OD1,5.534005243054265,"CE--sym6[0,0,1]/A:HOH39:O",0.9051384925842285,,55.68510437011719,48.87937927246094,48.688716888427734,6.996387481689453,125.53506088256836,49.34319305419922,655.5672607421875,True,False,False,False
probe4c2_A_soft_synthetic,A_MET112,38,0.6600779891014099,0.5209811925888062,-75.25;-146.08;89.99,g-/t/m+,15.25;33.92;0.01,False,3.1309031638099585,CE--B:ASP114:OD1,5.534005243054265,"CE--sym6[0,0,1]/A:HOH39:O",0.9051384925842285,,55.68510437011719,48.87937927246094,48.688716888427734,6.996387481689453,125.53506088256836,49.34319305419922,655.5672607421875,True,False,False,False
probe4c2_A_soft_synthetic,A_MET112,39,0.6600779891014099,0.5209811925888062,-75.25;-146.08;89.99,g-/t/m+,15.25;33.92;0.01,False,3.1309031638099585,CE--B:ASP114:OD1,5.534005243054265,"CE--sym6[0,0,1]/A:HOH39:O",0.9051384925842285,,55.68510437011719,48.87937927246094,48.688716888427734,6.996387481689453,125.53506088256836,49.34319305419922,655.5672607421875,True,False,False,False
probe4c2_A_soft_synthetic,A_MET112,40,0.6600779891014099,0.5209811925888062,-75.25;-146.08;89.99,g-/t/m+,15.25;33.92;0.01,False,3.1309031638099585,CE--B:ASP114:OD1,5.534005243054265,"CE--sym6[0,0,1]/A:HOH39:O",0.9051384925842285,,55.68510437011719,48.87937927246094,48.688716888427734,6.996387481689453,125.53506088256836,49.34319305419922,655.5672607421875,True,False,False,False
probe4c2_A_soft_synthetic,A_MET112,41,0.6600779891014099,0.5209811925888062,-75.25;-146.08;89.99,g-/t/m+,15.25;33.92;0.01,False,3.1309031638099585,CE--B:ASP114:OD1,5.534005243054265,"CE--sym6[0,0,1]/A:HOH39:O",0.9051384925842285,,55.68510437011719,48.87937927246094,48.688716888427734,6.996387481689453,125.53506088256836,49.34319305419922,655.5672607421875,True,False,False,False
probe4c2_A_soft_synthetic,A_MET112,42,0.6600779891014099,0.5209811925888062,-75.25;-146.08;89.99,g-/t/m+,15.25;33.92;0.01,False,3.1309031638099585,CE--B:ASP114:OD1,5.534005243054265,"CE--sym6[0,0,1]/A:HOH39:O",0.9051384925842285,,55.68510437011719,48.87937927246094,48.688716888427734,6.996387481689453,125.53506088256836,49.34319305419922,655.5672607421875,True,False,False,False
probe4c2_A_soft_synthetic,A_MET112,43,0.6600779891014099,0.5209811925888062,-75.25;-146.08;89.99,g-/t/m+,15.25;33.92;0.01,False,3.1309031638099585,CE--B:ASP114:OD1,5.534005243054265,"CE--sym6[0,0,1]/A:HOH39:O",0.9051384925842285,,55.68510437011719,48.87937927246094,48.688716888427734,6.996387481689453,125.53506088256836,49.34319305419922,655.5672607421875,True,False,False,False
probe4c2_A_soft_synthetic,A_MET112,44,0.6600779891014099,0.5209811925888062,-75.25;-146.08;89.99,g-/t/m+,15.25;33.92;0.01,False,3.1309031638099585,CE--B:ASP114:OD1,5.534005243054265,"CE--sym6[0,0,1]/A:HOH39:O",0.9051384925842285,,55.68510437011719,48.87937927246094,48.688716888427734,6.996387481689453,125.53506088256836,49.34319305419922,655.5672607421875,True,False,False,False
probe4c2_A_soft_synthetic,A_MET112,45,0.6600779891014099,0.5209814310073853,-75.25;-146.08;89.99,g-/t/m+,15.25;33.92;0.01,False,3.1309031638099585,CE--B:ASP114:OD1,5.534005243054265,"CE--sym6[0,0,1]/A:HOH39:O",0.9051384925842285,,55.68510437011719,48.87937927246094,48.688716888427734,6.996387481689453,125.53506088256836,49.34319305419922,655.5672607421875,True,False,False,False
probe4c2_A_soft_synthetic,A_MET112,46,0.6600779891014099,0.5209811925888062,-75.25;-146.08;89.99,g-/t/m+,15.25;33.92;0.01,False,3.1309031638099585,CE--B:ASP114:OD1,5.534005243054265,"CE--sym6[0,0,1]/A:HOH39:O",0.9051384925842285,,55.68510437011719,48.87937927246094,48.688716888427734,6.996387481689453,125.53506088256836,49.34319305419922,655.5672607421875,True,False,False,False
probe4c2_A_soft_synthetic,A_MET112,47,0.6600779891014099,0.5209811925888062,-75.25;-146.08;89.99,g-/t/m+,15.25;33.92;0.01,False,3.1309031638099585,CE--B:ASP114:OD1,5.534005243054265,"CE--sym6[0,0,1]/A:HOH39:O",0.9051384925842285,,55.68510437011719,48.87937927246094,48.688716888427734,6.996387481689453,125.53506088256836,49.34319305419922,655.5672607421875,True,False,False,False
probe4c2_A_soft_synthetic,A_MET112,48,0.6600779294967651,0.5209816694259644,-75.25;-146.08;89.99,g-/t/m+,15.25;33.92;0.01,False,3.1309031638099585,CE--B:ASP114:OD1,5.534005243054265,"CE--sym6[0,0,1]/A:HOH39:O",0.9051393270492554,,55.68510437011719,48.87937927246094,48.688716888427734,6.996387481689453,125.53506088256836,49.34319305419922,655.5672607421875,True,False,False,False
probe4c2_A_soft_synthetic,A_MET112,49,0.6600779891014099,0.5209811925888062,-75.25;-146.08;89.99,g-/t/m+,15.25;33.92;0.01,False,3.1309031638099585,CE--B:ASP114:OD1,5.534005243054265,"CE--sym6[0,0,1]/A:HOH39:O",0.9051384925842285,,55.68510437011719,48.87937927246094,48.688716888427734,6.996387481689453,125.53506088256836,49.34319305419922,655.5672607421875,True,False,False,False
probe4c2_A_soft_synthetic,A_ARG129,0,0.8941973447799683,1.0615593194961548,-68.94;149.85;69.61;173.91,g-/t/g+/p180,8.94;30.15;9.61;6.09,False,2.984888300427056,NH2--B:TYR131:CE2,3.3964443931214703,"CG--sym6[-1,0,1]/B:ILE121:CD1",0.3384121358394623,NH1--A:HOH24:O:3.05A,51.61632537841797,48.87939453125,53.74132537841797,2.7369308471679688,539.5329360961914,49.25828552246094,1806.813232421875,True,False,False,False
probe4c2_A_soft_synthetic,A_ARG129,1,0.8941973447799683,1.0615593194961548,-68.94;149.85;69.61;173.91,g-/t/g+/p180,8.94;30.15;9.61;6.09,False,2.984888300427056,NH2--B:TYR131:CE2,3.3964443931214703,"CG--sym6[-1,0,1]/B:ILE121:CD1",0.3384121358394623,NH1--A:HOH24:O:3.05A,51.61632537841797,48.87939453125,53.74132537841797,2.7369308471679688,539.5329360961914,49.25828552246094,1806.813232421875,True,False,False,False
probe4c2_A_soft_synthetic,A_ARG129,2,0.8941973447799683,1.0615593194961548,-68.94;149.85;69.61;173.91,g-/t/g+/p180,8.94;30.15;9.61;6.09,False,2.984888300427056,NH2--B:TYR131:CE2,3.3964443931214703,"CG--sym6[-1,0,1]/B:ILE121:CD1",0.3384121358394623,NH1--A:HOH24:O:3.05A,51.61632537841797,48.87939453125,53.74132537841797,2.7369308471679688,539.5329360961914,49.25828552246094,1806.813232421875,True,False,False,False
probe4c2_A_soft_synthetic,A_ARG129,3,0.8941973447799683,1.0615593194961548,-68.94;149.85;69.61;173.91,g-/t/g+/p180,8.94;30.15;9.61;6.09,False,2.984888300427056,NH2--B:TYR131:CE2,3.3964443931214703,"CG--sym6[-1,0,1]/B:ILE121:CD1",0.3384121358394623,NH1--A:HOH24:O:3.05A,51.61632537841797,48.87939453125,53.74132537841797,2.7369308471679688,539.5329360961914,49.25828552246094,1806.813232421875,True,False,False,False
probe4c2_A_soft_synthetic,A_ARG129,4,0.8941973447799683,1.0615593194961548,-68.94;149.85;69.61;173.91,g-/t/g+/p180,8.94;30.15;9.61;6.09,False,2.984888300427056,NH2--B:TYR131:CE2,3.3964443931214703,"CG--sym6[-1,0,1]/B:ILE121:CD1",0.3384121358394623,NH1--A:HOH24:O:3.05A,51.61632537841797,48.87939453125,53.74132537841797,2.7369308471679688,539.5329360961914,49.25828552246094,1806.813232421875,True,False,False,False
probe4c2_A_soft_synthetic,A_ARG129,5,0.8941973447799683,1.0615593194961548,-68.94;149.85;69.61;173.91,g-/t/g+/p180,8.94;30.15;9.61;6.09,False,2.984888300427056,NH2--B:TYR131:CE2,3.3964443931214703,"CG--sym6[-1,0,1]/B:ILE121:CD1",0.3384121358394623,NH1--A:HOH24:O:3.05A,51.61632537841797,48.87939453125,53.74132537841797,2.7369308471679688,539.5329360961914,49.25828552246094,1806.813232421875,True,False,False,False
probe4c2_A_soft_synthetic,A_ARG129,6,0.8941973447799683,1.0615593194961548,-68.94;149.85;69.61;173.91,g-/t/g+/p180,8.94;30.15;9.61;6.09,False,2.984888300427056,NH2--B:TYR131:CE2,3.3964443931214703,"CG--sym6[-1,0,1]/B:ILE121:CD1",0.3384121358394623,NH1--A:HOH24:O:3.05A,51.61632537841797,48.87939453125,53.74132537841797,2.7369308471679688,539.5329360961914,49.25828552246094,1806.813232421875,True,False,False,False
probe4c2_A_soft_synthetic,A_ARG129,7,0.8941973447799683,1.0615593194961548,-68.94;149.85;69.61;173.91,g-/t/g+/p180,8.94;30.15;9.61;6.09,False,2.984888300427056,NH2--B:TYR131:CE2,3.3964443931214703,"CG--sym6[-1,0,1]/B:ILE121:CD1",0.3384116590023041,NH1--A:HOH24:O:3.05A,51.61632537841797,48.87939453125,53.74132537841797,2.7369308471679688,539.5329360961914,49.25828552246094,1806.813232421875,True,False,False,False
probe4c2_A_soft_synthetic,A_ARG129,8,0.8941973447799683,1.0615593194961548,-68.94;149.85;69.61;173.91,g-/t/g+/p180,8.94;30.15;9.61;6.09,False,2.984888300427056,NH2--B:TYR131:CE2,3.3964443931214703,"CG--sym6[-1,0,1]/B:ILE121:CD1",0.3384121358394623,NH1--A:HOH24:O:3.05A,51.61632537841797,48.87939453125,53.74132537841797,2.7369308471679688,539.5329360961914,49.25828552246094,1806.813232421875,True,False,False,False
probe4c2_A_soft_synthetic,A_ARG129,9,0.8941973447799683,1.0615593194961548,-68.94;149.85;69.61;173.91,g-/t/g+/p180,8.94;30.15;9.61;6.09,False,2.984888300427056,NH2--B:TYR131:CE2,3.3964443931214703,"CG--sym6[-1,0,1]/B:ILE121:CD1",0.3384121358394623,NH1--A:HOH24:O:3.05A,51.61632537841797,48.87939453125,53.74132537841797,2.7369308471679688,539.5329360961914,49.25828552246094,1806.813232421875,True,False,False,False
probe4c2_A_soft_synthetic,A_ARG129,10,0.8941973447799683,1.0615593194961548,-68.94;149.85;69.61;173.91,g-/t/g+/p180,8.94;30.15;9.61;6.09,False,2.984888300427056,NH2--B:TYR131:CE2,3.3964443931214703,"CG--sym6[-1,0,1]/B:ILE121:CD1",0.3384121358394623,NH1--A:HOH24:O:3.05A,51.61632537841797,48.87939453125,53.74132537841797,2.7369308471679688,539.5329360961914,49.25828552246094,1806.813232421875,True,False,False,False
probe4c2_A_soft_synthetic,A_ARG129,11,0.8941973447799683,1.0615593194961548,-68.94;149.85;69.61;173.91,g-/t/g+/p180,8.94;30.15;9.61;6.09,False,2.984888300427056,NH2--B:TYR131:CE2,3.3964443931214703,"CG--sym6[-1,0,1]/B:ILE121:CD1",0.3384121358394623,NH1--A:HOH24:O:3.05A,51.61632537841797,48.87939453125,53.74132537841797,2.7369308471679688,539.5329360961914,49.25828552246094,1806.813232421875,True,False,False,False
probe4c2_A_soft_synthetic,A_ARG129,12,0.8941973447799683,1.0615593194961548,-68.94;149.85;69.61;173.91,g-/t/g+/p180,8.94;30.15;9.61;6.09,False,2.984888300427056,NH2--B:TYR131:CE2,3.3964443931214703,"CG--sym6[-1,0,1]/B:ILE121:CD1",0.3384121358394623,NH1--A:HOH24:O:3.05A,51.61632537841797,48.87939453125,53.74132537841797,2.7369308471679688,539.5329360961914,49.25828552246094,1806.813232421875,True,False,False,False
probe4c2_A_soft_synthetic,A_ARG129,13,0.8941973447799683,1.0615593194961548,-68.94;149.85;69.61;173.91,g-/t/g+/p180,8.94;30.15;9.61;6.09,False,2.984888300427056,NH2--B:TYR131:CE2,3.3964443931214703,"CG--sym6[-1,0,1]/B:ILE121:CD1",0.3384121358394623,NH1--A:HOH24:O:3.05A,51.61632537841797,48.87939453125,53.74132537841797,2.7369308471679688,539.5329360961914,49.25828552246094,1806.813232421875,True,False,False,False
probe4c2_A_soft_synthetic,A_ARG129,14,0.8941973447799683,1.0615593194961548,-68.94;149.85;69.61;173.91,g-/t/g+/p180,8.94;30.15;9.61;6.09,False,2.984888300427056,NH2--B:TYR131:CE2,3.3964443931214703,"CG--sym6[-1,0,1]/B:ILE121:CD1",0.3384121358394623,NH1--A:HOH24:O:3.05A,51.61632537841797,48.87939453125,53.74132537841797,2.7369308471679688,539.5329360961914,49.25828552246094,1806.813232421875,True,False,False,False
probe4c2_A_soft_synthetic,A_ARG129,15,0.8941973447799683,1.0615593194961548,-68.94;149.85;69.61;173.91,g-/t/g+/p180,8.94;30.15;9.61;6.09,False,2.984888300427056,NH2--B:TYR131:CE2,3.3964443931214703,"CG--sym6[-1,0,1]/B:ILE121:CD1",0.3384121358394623,NH1--A:HOH24:O:3.05A,51.61632537841797,48.87939453125,53.74132537841797,2.7369308471679688,539.5329360961914,49.25828552246094,1806.813232421875,True,False,False,False
probe4c2_A_soft_synthetic,A_ARG129,16,0.8941973447799683,1.0615593194961548,-68.94;149.85;69.61;173.91,g-/t/g+/p180,8.94;30.15;9.61;6.09,False,2.984888300427056,NH2--B:TYR131:CE2,3.3964443931214703,"CG--sym6[-1,0,1]/B:ILE121:CD1",0.3384121358394623,NH1--A:HOH24:O:3.05A,51.61632537841797,48.87939453125,53.74132537841797,2.7369308471679688,539.5329360961914,49.25828552246094,1806.813232421875,True,False,False,False
probe4c2_A_soft_synthetic,A_ARG129,17,0.8941973447799683,1.0615593194961548,-68.94;149.85;69.61;173.91,g-/t/g+/p180,8.94;30.15;9.61;6.09,False,2.984888300427056,NH2--B:TYR131:CE2,3.3964443931214703,"CG--sym6[-1,0,1]/B:ILE121:CD1",0.3384121358394623,NH1--A:HOH24:O:3.05A,51.61632537841797,48.87939453125,53.74132537841797,2.7369308471679688,539.5329360961914,49.25828552246094,1806.813232421875,True,False,False,False
probe4c2_A_soft_synthetic,A_ARG129,18,0.8941973447799683,1.0615593194961548,-68.94;149.85;69.61;173.91,g-/t/g+/p180,8.94;30.15;9.61;6.09,False,2.984888300427056,NH2--B:TYR131:CE2,3.3964443931214703,"CG--sym6[-1,0,1]/B:ILE121:CD1",0.3384121358394623,NH1--A:HOH24:O:3.05A,51.61632537841797,48.87939453125,53.74132537841797,2.7369308471679688,539.5329360961914,49.25828552246094,1806.813232421875,True,False,False,False
probe4c2_A_soft_synthetic,A_ARG129,19,0.8941973447799683,1.0615593194961548,-68.94;149.85;69.61;173.91,g-/t/g+/p180,8.94;30.15;9.61;6.09,False,2.984888300427056,NH2--B:TYR131:CE2,3.3964443931214703,"CG--sym6[-1,0,1]/B:ILE121:CD1",0.3384121358394623,NH1--A:HOH24:O:3.05A,51.61632537841797,48.87939453125,53.74132537841797,2.7369308471679688,539.5329360961914,49.25828552246094,1806.813232421875,True,False,False,False
probe4c2_A_soft_synthetic,A_ARG129,20,0.8941973447799683,1.0615593194961548,-68.94;149.85;69.61;173.91,g-/t/g+/p-180,8.94;30.15;9.61;6.09,False,2.984888300427056,NH2--B:TYR131:CE2,3.3964443931214703,"CG--sym6[-1,0,1]/B:ILE121:CD1",0.3384121358394623,NH1--A:HOH24:O:3.05A,51.61632537841797,48.87939453125,53.74132537841797,2.7369308471679688,539.5329360961914,49.25828552246094,1806.813232421875,True,False,False,False
probe4c2_A_soft_synthetic,A_ARG129,21,0.8941973447799683,1.0615593194961548,-68.94;149.85;69.61;173.91,g-/t/g+/p180,8.94;30.15;9.61;6.09,False,2.984888300427056,NH2--B:TYR131:CE2,3.3964443931214703,"CG--sym6[-1,0,1]/B:ILE121:CD1",0.3384121358394623,NH1--A:HOH24:O:3.05A,51.61632537841797,48.87939453125,53.74132537841797,2.7369308471679688,539.5329360961914,49.25828552246094,1806.813232421875,True,False,False,False
probe4c2_A_soft_synthetic,A_ARG129,22,0.8941973447799683,1.0615593194961548,-68.94;149.85;69.61;173.91,g-/t/g+/p180,8.94;30.15;9.61;6.09,False,2.984888300427056,NH2--B:TYR131:CE2,3.3964443931214703,"CG--sym6[-1,0,1]/B:ILE121:CD1",0.3384121358394623,NH1--A:HOH24:O:3.05A,51.61632537841797,48.87939453125,53.74132537841797,2.7369308471679688,539.5329360961914,49.25828552246094,1806.813232421875,True,False,False,False
probe4c2_A_soft_synthetic,A_ARG129,23,0.8941973447799683,1.0615593194961548,-68.94;149.85;69.61;173.91,g-/t/g+/p180,8.94;30.15;9.61;6.09,False,2.984888300427056,NH2--B:TYR131:CE2,3.3964443931214703,"CG--sym6[-1,0,1]/B:ILE121:CD1",0.3384121358394623,NH1--A:HOH24:O:3.05A,51.61632537841797,48.87939453125,53.74132537841797,2.7369308471679688,539.5329360961914,49.25828552246094,1806.813232421875,True,False,False,False
probe4c2_A_soft_synthetic,A_ARG129,24,0.8941973447799683,1.0615593194961548,-68.94;149.85;69.61;173.91,g-/t/g+/p180,8.94;30.15;9.61;6.09,False,2.984888300427056,NH2--B:TYR131:CE2,3.3964443931214703,"CG--sym6[-1,0,1]/B:ILE121:CD1",0.3384121358394623,NH1--A:HOH24:O:3.05A,51.61632537841797,48.87939453125,53.74132537841797,2.7369308471679688,539.5329360961914,49.25828552246094,1806.813232421875,True,False,False,False
probe4c2_A_soft_synthetic,A_ARG129,25,0.8941973447799683,1.0615593194961548,-68.94;149.85;69.61;173.91,g-/t/g+/p180,8.94;30.15;9.61;6.09,False,2.984888300427056,NH2--B:TYR131:CE2,3.3964443931214703,"CG--sym6[-1,0,1]/B:ILE121:CD1",0.3384121358394623,NH1--A:HOH24:O:3.05A,51.61632537841797,48.87939453125,53.74132537841797,2.7369308471679688,539.5329360961914,49.25828552246094,1806.813232421875,True,False,False,False
probe4c2_A_soft_synthetic,A_ARG129,26,0.8941973447799683,1.0615593194961548,-68.94;149.85;69.61;173.91,g-/t/g+/p180,8.94;30.15;9.61;6.09,False,2.984888300427056,NH2--B:TYR131:CE2,3.3964443931214703,"CG--sym6[-1,0,1]/B:ILE121:CD1",0.3384121358394623,NH1--A:HOH24:O:3.05A,51.61632537841797,48.87939453125,53.74132537841797,2.7369308471679688,539.5329360961914,49.25828552246094,1806.813232421875,True,False,False,False
probe4c2_A_soft_synthetic,A_ARG129,27,0.8941973447799683,1.0615593194961548,-68.94;149.85;69.61;173.91,g-/t/g+/p180,8.94;30.15;9.61;6.09,False,2.984888300427056,NH2--B:TYR131:CE2,3.3964443931214703,"CG--sym6[-1,0,1]/B:ILE121:CD1",0.3384121358394623,NH1--A:HOH24:O:3.05A,51.61632537841797,48.87939453125,53.74132537841797,2.7369308471679688,539.5329360961914,49.25828552246094,1806.813232421875,True,False,False,False
probe4c2_A_soft_synthetic,A_ARG129,28,0.8941973447799683,1.0615593194961548,-68.94;149.85;69.61;173.91,g-/t/g+/p180,8.94;30.15;9.61;6.09,False,2.984888300427056,NH2--B:TYR131:CE2,3.3964443931214703,"CG--sym6[-1,0,1]/B:ILE121:CD1",0.3384121358394623,NH1--A:HOH24:O:3.05A,51.61632537841797,48.87939453125,53.74132537841797,2.7369308471679688,539.5329360961914,49.25828552246094,1806.813232421875,True,False,False,False
probe4c2_A_soft_synthetic,A_ARG129,29,0.8941973447799683,1.0615593194961548,-68.94;149.85;69.61;173.91,g-/t/g+/p180,8.94;30.15;9.61;6.09,False,2.984888300427056,NH2--B:TYR131:CE2,3.3964443931214703,"CG--sym6[-1,0,1]/B:ILE121:CD1",0.3384121358394623,NH1--A:HOH24:O:3.05A,51.61632537841797,48.87939453125,53.74132537841797,2.7369308471679688,539.5329360961914,49.25828552246094,1806.813232421875,True,False,False,False
probe4c2_A_soft_synthetic,A_ARG129,30,0.8941973447799683,1.0615593194961548,-68.94;149.85;69.61;173.91,g-/t/g+/p180,8.94;30.15;9.61;6.09,False,2.984888300427056,NH2--B:TYR131:CE2,3.3964443931214703,"CG--sym6[-1,0,1]/B:ILE121:CD1",0.3384121358394623,NH1--A:HOH24:O:3.05A,51.61632537841797,48.87939453125,53.74132537841797,2.7369308471679688,539.5329360961914,49.25828552246094,1806.813232421875,True,False,False,False
probe4c2_A_soft_synthetic,A_ARG129,31,0.8941973447799683,1.0615593194961548,-68.94;149.85;69.61;173.91,g-/t/g+/p180,8.94;30.15;9.61;6.09,False,2.984888300427056,NH2--B:TYR131:CE2,3.3964443931214703,"CG--sym6[-1,0,1]/B:ILE121:CD1",0.3384121358394623,NH1--A:HOH24:O:3.05A,51.61632537841797,48.87939453125,53.74132537841797,2.7369308471679688,539.5329360961914,49.25828552246094,1806.813232421875,True,False,False,False
probe4c2_A_soft_synthetic,A_ARG129,32,0.8941973447799683,1.0615593194961548,-68.94;149.85;69.61;173.91,g-/t/g+/p180,8.94;30.15;9.61;6.09,False,2.984888300427056,NH2--B:TYR131:CE2,3.3964443931214703,"CG--sym6[-1,0,1]/B:ILE121:CD1",0.3384121358394623,NH1--A:HOH24:O:3.05A,51.61632537841797,48.87939453125,53.74132537841797,2.7369308471679688,539.5329360961914,49.25828552246094,1806.813232421875,True,False,False,False
probe4c2_A_soft_synthetic,A_ARG129,33,0.8941973447799683,1.0615593194961548,-68.94;149.85;69.61;173.91,g-/t/g+/p180,8.94;30.15;9.61;6.09,False,2.984888300427056,NH2--B:TYR131:CE2,3.3964443931214703,"CG--sym6[-1,0,1]/B:ILE121:CD1",0.3384121358394623,NH1--A:HOH24:O:3.05A,51.61632537841797,48.87939453125,53.74132537841797,2.7369308471679688,539.5329360961914,49.25828552246094,1806.813232421875,True,False,False,False
probe4c2_A_soft_synthetic,A_ARG129,34,0.8941973447799683,1.0615593194961548,-68.94;149.85;69.61;173.91,g-/t/g+/p180,8.94;30.15;9.61;6.09,False,2.984888300427056,NH2--B:TYR131:CE2,3.3964443931214703,"CG--sym6[-1,0,1]/B:ILE121:CD1",0.3384121358394623,NH1--A:HOH24:O:3.05A,51.61632537841797,48.87939453125,53.74132537841797,2.7369308471679688,539.5329360961914,49.25828552246094,1806.813232421875,True,False,False,False
probe4c2_A_soft_synthetic,A_ARG129,35,0.8941973447799683,1.0615593194961548,-68.94;149.85;69.61;173.91,g-/t/g+/p180,8.94;30.15;9.61;6.09,False,2.984888300427056,NH2--B:TYR131:CE2,3.3964443931214703,"CG--sym6[-1,0,1]/B:ILE121:CD1",0.3384121358394623,NH1--A:HOH24:O:3.05A,51.61632537841797,48.87939453125,53.74132537841797,2.7369308471679688,539.5329360961914,49.25828552246094,1806.813232421875,True,False,False,False
probe4c2_A_soft_synthetic,A_ARG129,36,0.8941973447799683,1.0615593194961548,-68.94;149.85;69.61;173.91,g-/t/g+/p180,8.94;30.15;9.61;6.09,False,2.984888300427056,NH2--B:TYR131:CE2,3.3964443931214703,"CG--sym6[-1,0,1]/B:ILE121:CD1",0.3384121358394623,NH1--A:HOH24:O:3.05A,51.61632537841797,48.87939453125,53.74132537841797,2.7369308471679688,539.5329360961914,49.25828552246094,1806.813232421875,True,False,False,False
probe4c2_A_soft_synthetic,A_ARG129,37,0.8941973447799683,1.0615593194961548,-68.94;149.85;69.61;173.91,g-/t/g+/p180,8.94;30.15;9.61;6.09,False,2.984888300427056,NH2--B:TYR131:CE2,3.3964443931214703,"CG--sym6[-1,0,1]/B:ILE121:CD1",0.3384121358394623,NH1--A:HOH24:O:3.05A,51.61632537841797,48.87939453125,53.74132537841797,2.7369308471679688,539.5329360961914,49.25828552246094,1806.813232421875,True,False,False,False
probe4c2_A_soft_synthetic,A_ARG129,38,0.8941973447799683,1.0615593194961548,-68.94;149.85;69.61;173.91,g-/t/g+/p180,8.94;30.15;9.61;6.09,False,2.984888300427056,NH2--B:TYR131:CE2,3.3964443931214703,"CG--sym6[-1,0,1]/B:ILE121:CD1",0.3384121358394623,NH1--A:HOH24:O:3.05A,51.61632537841797,48.87939453125,53.74132537841797,2.7369308471679688,539.5329360961914,49.25828552246094,1806.813232421875,True,False,False,False
probe4c2_A_soft_synthetic,A_ARG129,39,0.8941973447799683,1.0615593194961548,-68.94;149.85;69.61;173.91,g-/t/g+/p180,8.94;30.15;9.61;6.09,False,2.984888300427056,NH2--B:TYR131:CE2,3.3964443931214703,"CG--sym6[-1,0,1]/B:ILE121:CD1",0.3384121358394623,NH1--A:HOH24:O:3.05A,51.61632537841797,48.87939453125,53.74132537841797,2.7369308471679688,539.5329360961914,49.25828552246094,1806.813232421875,True,False,False,False
probe4c2_A_soft_synthetic,A_ARG129,40,0.8941973447799683,1.0615593194961548,-68.94;149.85;69.61;173.91,g-/t/g+/p180,8.94;30.15;9.61;6.09,False,2.984888300427056,NH2--B:TYR131:CE2,3.3964443931214703,"CG--sym6[-1,0,1]/B:ILE121:CD1",0.3384121358394623,NH1--A:HOH24:O:3.05A,51.61632537841797,48.87939453125,53.74132537841797,2.7369308471679688,539.5329360961914,49.25828552246094,1806.813232421875,True,False,False,False
probe4c2_A_soft_synthetic,A_ARG129,41,0.8941973447799683,1.0615593194961548,-68.94;149.85;69.61;173.91,g-/t/g+/p180,8.94;30.15;9.61;6.09,False,2.984888300427056,NH2--B:TYR131:CE2,3.3964443931214703,"CG--sym6[-1,0,1]/B:ILE121:CD1",0.3384121358394623,NH1--A:HOH24:O:3.05A,51.61632537841797,48.87939453125,53.74132537841797,2.7369308471679688,539.5329360961914,49.25828552246094,1806.813232421875,True,False,False,False
probe4c2_A_soft_synthetic,A_ARG129,42,0.8941973447799683,1.0615593194961548,-68.94;149.85;69.61;173.91,g-/t/g+/p180,8.94;30.15;9.61;6.09,False,2.984888300427056,NH2--B:TYR131:CE2,3.3964443931214703,"CG--sym6[-1,0,1]/B:ILE121:CD1",0.3384121358394623,NH1--A:HOH24:O:3.05A,51.61632537841797,48.87939453125,53.74132537841797,2.7369308471679688,539.5329360961914,49.25828552246094,1806.813232421875,True,False,False,False
probe4c2_A_soft_synthetic,A_ARG129,43,0.8941973447799683,1.0615593194961548,-68.94;149.85;69.61;173.91,g-/t/g+/p180,8.94;30.15;9.61;6.09,False,2.984888300427056,NH2--B:TYR131:CE2,3.3964443931214703,"CG--sym6[-1,0,1]/B:ILE121:CD1",0.3384121358394623,NH1--A:HOH24:O:3.05A,51.61632537841797,48.87939453125,53.74132537841797,2.7369308471679688,539.5329360961914,49.25828552246094,1806.813232421875,True,False,False,False
probe4c2_A_soft_synthetic,A_ARG129,44,0.8941973447799683,1.0615593194961548,-68.94;149.85;69.61;173.91,g-/t/g+/p180,8.94;30.15;9.61;6.09,False,2.984888300427056,NH2--B:TYR131:CE2,3.3964443931214703,"CG--sym6[-1,0,1]/B:ILE121:CD1",0.3384121358394623,NH1--A:HOH24:O:3.05A,51.61632537841797,48.87939453125,53.74132537841797,2.7369308471679688,539.5329360961914,49.25828552246094,1806.813232421875,True,False,False,False
probe4c2_A_soft_synthetic,A_ARG129,45,0.8941973447799683,1.0615593194961548,-68.94;149.85;69.61;173.91,g-/t/g+/p180,8.94;30.15;9.61;6.09,False,2.984888300427056,NH2--B:TYR131:CE2,3.3964443931214703,"CG--sym6[-1,0,1]/B:ILE121:CD1",0.3384121358394623,NH1--A:HOH24:O:3.05A,51.61632537841797,48.87939453125,53.74132537841797,2.7369308471679688,539.5329360961914,49.25828552246094,1806.813232421875,True,False,False,False
probe4c2_A_soft_synthetic,A_ARG129,46,0.8941973447799683,1.0615593194961548,-68.94;149.85;69.61;173.91,g-/t/g+/p180,8.94;30.15;9.61;6.09,False,2.984888300427056,NH2--B:TYR131:CE2,3.3964443931214703,"CG--sym6[-1,0,1]/B:ILE121:CD1",0.3384121358394623,NH1--A:HOH24:O:3.05A,51.61632537841797,48.87939453125,53.74132537841797,2.7369308471679688,539.5329360961914,49.25828552246094,1806.813232421875,True,False,False,False
probe4c2_A_soft_synthetic,A_ARG129,47,0.8941973447799683,1.0615593194961548,-68.94;149.85;69.61;173.91,g-/t/g+/p180,8.94;30.15;9.61;6.09,False,2.984888300427056,NH2--B:TYR131:CE2,3.3964443931214703,"CG--sym6[-1,0,1]/B:ILE121:CD1",0.3384121358394623,NH1--A:HOH24:O:3.05A,51.61632537841797,48.87939453125,53.74132537841797,2.7369308471679688,539.5329360961914,49.25828552246094,1806.813232421875,True,False,False,False
probe4c2_A_soft_synthetic,A_ARG129,48,0.8941973447799683,1.0615593194961548,-68.94;149.85;69.61;173.91,g-/t/g+/p180,8.94;30.15;9.61;6.09,False,2.984888300427056,NH2--B:TYR131:CE2,3.3964443931214703,"CG--sym6[-1,0,1]/B:ILE121:CD1",0.3384121358394623,NH1--A:HOH24:O:3.05A,51.61632537841797,48.87939453125,53.74132537841797,2.7369308471679688,539.5329360961914,49.25828552246094,1806.813232421875,True,False,False,False
probe4c2_A_soft_synthetic,A_ARG129,49,0.8941973447799683,1.0615593194961548,-68.94;149.85;69.61;173.91,g-/t/g+/p180,8.94;30.15;9.61;6.09,False,2.984888300427056,NH2--B:TYR131:CE2,3.3964443931214703,"CG--sym6[-1,0,1]/B:ILE121:CD1",0.3384121358394623,NH1--A:HOH24:O:3.05A,51.61632537841797,48.87939453125,53.74132537841797,2.7369308471679688,539.5329360961914,49.25828552246094,1806.813232421875,True,False,False,False
probe4c2_A_soft_synthetic,B_MET112,0,0.33034759759902954,0.8831827044487,-56.47;172.66;91.35,g-/t/m+,3.53;7.34;1.35,True,3.0843139640824013,CB--B:ILE113:N,3.405612887325785,"SD--sym1[1,1,0]/A:LEU110:CD1",1.8251450061798096,,28.145660400390625,25.182567596435547,26.873756408691406,2.963092803955078,86.76152687072754,24.904254913330078,333.29803466796875,True,True,False,False
probe4c2_A_soft_synthetic,B_MET112,1,0.33034759759902954,0.8831827044487,-56.47;172.66;91.35,g-/t/m+,3.53;7.34;1.35,True,3.0843139640824013,CB--B:ILE113:N,3.405612887325785,"SD--sym1[1,1,0]/A:LEU110:CD1",1.8251450061798096,,28.145660400390625,25.182567596435547,26.873756408691406,2.963092803955078,86.76152687072754,24.904254913330078,333.29803466796875,True,True,False,False
probe4c2_A_soft_synthetic,B_MET112,2,0.33034759759902954,0.8831827044487,-56.47;172.66;91.35,g-/t/m+,3.53;7.34;1.35,True,3.0843139640824013,CB--B:ILE113:N,3.405612887325785,"SD--sym1[1,1,0]/A:LEU110:CD1",1.8251450061798096,,28.145660400390625,25.182567596435547,26.873756408691406,2.963092803955078,86.76152687072754,24.904254913330078,333.29803466796875,True,True,False,False
probe4c2_A_soft_synthetic,B_MET112,3,0.33034759759902954,0.8831827044487,-56.47;172.66;91.35,g-/t/m+,3.53;7.34;1.35,True,3.0843139640824013,CB--B:ILE113:N,3.405612887325785,"SD--sym1[1,1,0]/A:LEU110:CD1",1.8251450061798096,,28.145660400390625,25.182567596435547,26.873756408691406,2.963092803955078,86.76152687072754,24.904254913330078,333.29803466796875,True,True,False,False
probe4c2_A_soft_synthetic,B_MET112,4,0.33034759759902954,0.8831827044487,-56.47;172.66;91.35,g-/t/m+,3.53;7.34;1.35,True,3.0843139640824013,CB--B:ILE113:N,3.405612887325785,"SD--sym1[1,1,0]/A:LEU110:CD1",1.8251450061798096,,28.145660400390625,25.182567596435547,26.873756408691406,2.963092803955078,86.76152687072754,24.904254913330078,333.29803466796875,True,True,False,False
probe4c2_A_soft_synthetic,B_MET112,5,0.33034759759902954,0.8831827044487,-56.47;172.66;91.35,g-/t/m+,3.53;7.34;1.35,True,3.0843139640824013,CB--B:ILE113:N,3.405612887325785,"SD--sym1[1,1,0]/A:LEU110:CD1",1.8251450061798096,,28.145660400390625,25.182567596435547,26.873756408691406,2.963092803955078,86.76152687072754,24.904254913330078,333.29803466796875,True,True,False,False
probe4c2_A_soft_synthetic,B_MET112,6,0.33034759759902954,0.8831827044487,-56.47;172.66;91.35,g-/t/m+,3.53;7.34;1.35,True,3.0843139640824013,CB--B:ILE113:N,3.405612887325785,"SD--sym1[1,1,0]/A:LEU110:CD1",1.8251450061798096,,28.145660400390625,25.182567596435547,26.873756408691406,2.963092803955078,86.76152687072754,24.904254913330078,333.29803466796875,True,True,False,False
probe4c2_A_soft_synthetic,B_MET112,7,0.33034759759902954,0.8831827044487,-56.47;172.66;91.35,g-/t/m+,3.53;7.34;1.35,True,3.0843139640824013,CB--B:ILE113:N,3.405612887325785,"SD--sym1[1,1,0]/A:LEU110:CD1",1.8251465559005737,,28.145660400390625,25.182567596435547,26.873756408691406,2.963092803955078,86.76152687072754,24.904254913330078,333.29803466796875,True,True,False,False
probe4c2_A_soft_synthetic,B_MET112,8,0.33034759759902954,0.8831827044487,-56.47;172.66;91.35,g-/t/m+,3.53;7.34;1.35,True,3.0843139640824013,CB--B:ILE113:N,3.405612887325785,"SD--sym1[1,1,0]/A:LEU110:CD1",1.8251465559005737,,28.145660400390625,25.182567596435547,26.873756408691406,2.963092803955078,86.76152687072754,24.904254913330078,333.29803466796875,True,True,False,False
probe4c2_A_soft_synthetic,B_MET112,9,0.33034759759902954,0.8831827044487,-56.47;172.66;91.35,g-/t/m+,3.53;7.34;1.35,True,3.0843139640824013,CB--B:ILE113:N,3.405612887325785,"SD--sym1[1,1,0]/A:LEU110:CD1",1.8251450061798096,,28.145660400390625,25.182567596435547,26.873756408691406,2.963092803955078,86.76152687072754,24.904254913330078,333.29803466796875,True,True,False,False
probe4c2_A_soft_synthetic,B_MET112,10,0.33034732937812805,0.8831830620765686,-56.47;172.66;91.35,g-/t/m+,3.53;7.34;1.35,True,3.0843139640824013,CB--B:ILE113:N,3.405612887325785,"SD--sym1[1,1,0]/A:LEU110:CD1",1.8251465559005737,,28.145660400390625,25.182567596435547,26.873756408691406,2.963092803955078,86.76152687072754,24.904254913330078,333.29803466796875,True,True,False,False
probe4c2_A_soft_synthetic,B_MET112,11,0.33034759759902954,0.8831827044487,-56.47;172.66;91.35,g-/t/m+,3.53;7.34;1.35,True,3.0843139640824013,CB--B:ILE113:N,3.405612887325785,"SD--sym1[1,1,0]/A:LEU110:CD1",1.8251450061798096,,28.145660400390625,25.182567596435547,26.873756408691406,2.963092803955078,86.76152687072754,24.904254913330078,333.29803466796875,True,True,False,False
probe4c2_A_soft_synthetic,B_MET112,12,0.33034759759902954,0.8831827044487,-56.47;172.66;91.35,g-/t/m+,3.53;7.34;1.35,True,3.0843139640824013,CB--B:ILE113:N,3.405612887325785,"SD--sym1[1,1,0]/A:LEU110:CD1",1.8251450061798096,,28.145660400390625,25.182567596435547,26.873756408691406,2.963092803955078,86.76152687072754,24.904254913330078,333.29803466796875,True,True,False,False
probe4c2_A_soft_synthetic,B_MET112,13,0.33034759759902954,0.8831827044487,-56.47;172.66;91.35,g-/t/m+,3.53;7.34;1.35,True,3.0843139640824013,CB--B:ILE113:N,3.405612887325785,"SD--sym1[1,1,0]/A:LEU110:CD1",1.8251450061798096,,28.145660400390625,25.182567596435547,26.873756408691406,2.963092803955078,86.76152687072754,24.904254913330078,333.29803466796875,True,True,False,False
probe4c2_A_soft_synthetic,B_MET112,14,0.33034759759902954,0.8831827044487,-56.47;172.66;91.35,g-/t/m+,3.53;7.34;1.35,True,3.0843139640824013,CB--B:ILE113:N,3.405612887325785,"SD--sym1[1,1,0]/A:LEU110:CD1",1.8251450061798096,,28.145660400390625,25.182567596435547,26.873756408691406,2.963092803955078,86.76152687072754,24.904254913330078,333.29803466796875,True,True,False,False
probe4c2_A_soft_synthetic,B_MET112,15,0.33034759759902954,0.8831827044487,-56.47;172.66;91.35,g-/t/m+,3.53;7.34;1.35,True,3.0843139640824013,CB--B:ILE113:N,3.405612887325785,"SD--sym1[1,1,0]/A:LEU110:CD1",1.8251450061798096,,28.145660400390625,25.182567596435547,26.873756408691406,2.963092803955078,86.76152687072754,24.904254913330078,333.29803466796875,True,True,False,False
probe4c2_A_soft_synthetic,B_MET112,16,0.33034759759902954,0.8831827044487,-56.47;172.66;91.35,g-/t/m+,3.53;7.34;1.35,True,3.0843139640824013,CB--B:ILE113:N,3.405612887325785,"SD--sym1[1,1,0]/A:LEU110:CD1",1.8251450061798096,,28.145660400390625,25.182567596435547,26.873756408691406,2.963092803955078,86.76152687072754,24.904254913330078,333.29803466796875,True,True,False,False
probe4c2_A_soft_synthetic,B_MET112,17,0.33034759759902954,0.8831827044487,-56.47;172.66;91.35,g-/t/m+,3.53;7.34;1.35,True,3.0843139640824013,CB--B:ILE113:N,3.405612887325785,"SD--sym1[1,1,0]/A:LEU110:CD1",1.8251450061798096,,28.145660400390625,25.182567596435547,26.873756408691406,2.963092803955078,86.76152687072754,24.904254913330078,333.29803466796875,True,True,False,False
probe4c2_A_soft_synthetic,B_MET112,18,0.33034759759902954,0.8831827044487,-56.47;172.66;91.35,g-/t/m+,3.53;7.34;1.35,True,3.0843139640824013,CB--B:ILE113:N,3.405612887325785,"SD--sym1[1,1,0]/A:LEU110:CD1",1.8251450061798096,,28.145660400390625,25.182567596435547,26.873756408691406,2.963092803955078,86.76152687072754,24.904254913330078,333.29803466796875,True,True,False,False
probe4c2_A_soft_synthetic,B_MET112,19,0.33034759759902954,0.8831827044487,-56.47;172.66;91.35,g-/t/m+,3.53;7.34;1.35,True,3.0843139640824013,CB--B:ILE113:N,3.405612887325785,"SD--sym1[1,1,0]/A:LEU110:CD1",1.8251450061798096,,28.145660400390625,25.182567596435547,26.873756408691406,2.963092803955078,86.76152687072754,24.904254913330078,333.29803466796875,True,True,False,False
probe4c2_A_soft_synthetic,B_MET112,20,0.33034759759902954,0.8831827044487,-56.47;172.66;91.35,g-/t/m+,3.53;7.34;1.35,True,3.0843139640824013,CB--B:ILE113:N,3.405612887325785,"SD--sym1[1,1,0]/A:LEU110:CD1",1.8251465559005737,,28.145660400390625,25.182567596435547,26.873756408691406,2.963092803955078,86.76152687072754,24.904254913330078,333.29803466796875,True,True,False,False
probe4c2_A_soft_synthetic,B_MET112,21,0.33034759759902954,0.8831827044487,-56.47;172.66;91.35,g-/t/m+,3.53;7.34;1.35,True,3.0843139640824013,CB--B:ILE113:N,3.405612887325785,"SD--sym1[1,1,0]/A:LEU110:CD1",1.8251450061798096,,28.145660400390625,25.182567596435547,26.873756408691406,2.963092803955078,86.76152687072754,24.904254913330078,333.29803466796875,True,True,False,False
probe4c2_A_soft_synthetic,B_MET112,22,0.33034759759902954,0.8831827044487,-56.47;172.66;91.35,g-/t/m+,3.53;7.34;1.35,True,3.0843139640824013,CB--B:ILE113:N,3.405612887325785,"SD--sym1[1,1,0]/A:LEU110:CD1",1.8251450061798096,,28.145660400390625,25.182567596435547,26.873756408691406,2.963092803955078,86.76152687072754,24.904254913330078,333.29803466796875,True,True,False,False
probe4c2_A_soft_synthetic,B_MET112,23,0.33034759759902954,0.8831827044487,-56.47;172.66;91.35,g-/t/m+,3.53;7.34;1.35,True,3.0843139640824013,CB--B:ILE113:N,3.405612887325785,"SD--sym1[1,1,0]/A:LEU110:CD1",1.8251465559005737,,28.145660400390625,25.182567596435547,26.873756408691406,2.963092803955078,86.76152687072754,24.904254913330078,333.29803466796875,True,True,False,False
probe4c2_A_soft_synthetic,B_MET112,24,0.33034759759902954,0.8831827044487,-56.47;172.66;91.35,g-/t/m+,3.53;7.34;1.35,True,3.0843139640824013,CB--B:ILE113:N,3.405612887325785,"SD--sym1[1,1,0]/A:LEU110:CD1",1.8251450061798096,,28.145660400390625,25.182567596435547,26.873756408691406,2.963092803955078,86.76152687072754,24.904254913330078,333.29803466796875,True,True,False,False
probe4c2_A_soft_synthetic,B_MET112,25,0.33034759759902954,0.8831827044487,-56.47;172.66;91.35,g-/t/m+,3.53;7.34;1.35,True,3.0843139640824013,CB--B:ILE113:N,3.405612887325785,"SD--sym1[1,1,0]/A:LEU110:CD1",1.8251465559005737,,28.145660400390625,25.182567596435547,26.873756408691406,2.963092803955078,86.76152687072754,24.904254913330078,333.29803466796875,True,True,False,False
probe4c2_A_soft_synthetic,B_MET112,26,0.33034759759902954,0.8831827044487,-56.47;172.66;91.35,g-/t/m+,3.53;7.34;1.35,True,3.0843139640824013,CB--B:ILE113:N,3.405612887325785,"SD--sym1[1,1,0]/A:LEU110:CD1",1.8251450061798096,,28.145660400390625,25.182567596435547,26.873756408691406,2.963092803955078,86.76152687072754,24.904254913330078,333.29803466796875,True,True,False,False
probe4c2_A_soft_synthetic,B_MET112,27,0.33034759759902954,0.8831827044487,-56.47;172.66;91.35,g-/t/m+,3.53;7.34;1.35,True,3.0843139640824013,CB--B:ILE113:N,3.405612887325785,"SD--sym1[1,1,0]/A:LEU110:CD1",1.8251450061798096,,28.145660400390625,25.182567596435547,26.873756408691406,2.963092803955078,86.76152687072754,24.904254913330078,333.29803466796875,True,True,False,False
probe4c2_A_soft_synthetic,B_MET112,28,0.33034759759902954,0.8831827044487,-56.47;172.66;91.35,g-/t/m+,3.53;7.34;1.35,True,3.0843139640824013,CB--B:ILE113:N,3.405612887325785,"SD--sym1[1,1,0]/A:LEU110:CD1",1.8251465559005737,,28.145660400390625,25.182567596435547,26.873756408691406,2.963092803955078,86.76152687072754,24.904254913330078,333.29803466796875,True,True,False,False
probe4c2_A_soft_synthetic,B_MET112,29,0.33034759759902954,0.8831827044487,-56.47;172.66;91.35,g-/t/m+,3.53;7.34;1.35,True,3.0843139640824013,CB--B:ILE113:N,3.405612887325785,"SD--sym1[1,1,0]/A:LEU110:CD1",1.8251450061798096,,28.145660400390625,25.182567596435547,26.873756408691406,2.963092803955078,86.76152687072754,24.904254913330078,333.29803466796875,True,True,False,False
probe4c2_A_soft_synthetic,B_MET112,30,0.33034759759902954,0.8831827044487,-56.47;172.66;91.35,g-/t/m+,3.53;7.34;1.35,True,3.0843139640824013,CB--B:ILE113:N,3.405612887325785,"SD--sym1[1,1,0]/A:LEU110:CD1",1.8251450061798096,,28.145660400390625,25.182567596435547,26.873756408691406,2.963092803955078,86.76152687072754,24.904254913330078,333.29803466796875,True,True,False,False
probe4c2_A_soft_synthetic,B_MET112,31,0.33034759759902954,0.8831827044487,-56.47;172.66;91.35,g-/t/m+,3.53;7.34;1.35,True,3.0843139640824013,CB--B:ILE113:N,3.405612887325785,"SD--sym1[1,1,0]/A:LEU110:CD1",1.8251450061798096,,28.145660400390625,25.182567596435547,26.873756408691406,2.963092803955078,86.76152687072754,24.904254913330078,333.29803466796875,True,True,False,False
probe4c2_A_soft_synthetic,B_MET112,32,0.33034759759902954,0.8831827044487,-56.47;172.66;91.35,g-/t/m+,3.53;7.34;1.35,True,3.0843139640824013,CB--B:ILE113:N,3.405612887325785,"SD--sym1[1,1,0]/A:LEU110:CD1",1.8251465559005737,,28.145660400390625,25.182567596435547,26.873756408691406,2.963092803955078,86.76152687072754,24.904254913330078,333.29803466796875,True,True,False,False
probe4c2_A_soft_synthetic,B_MET112,33,0.33034759759902954,0.8831827044487,-56.47;172.66;91.35,g-/t/m+,3.53;7.34;1.35,True,3.0843139640824013,CB--B:ILE113:N,3.405612887325785,"SD--sym1[1,1,0]/A:LEU110:CD1",1.8251450061798096,,28.145660400390625,25.182567596435547,26.873756408691406,2.963092803955078,86.76152687072754,24.904254913330078,333.29803466796875,True,True,False,False
probe4c2_A_soft_synthetic,B_MET112,34,0.33034759759902954,0.8831827044487,-56.47;172.66;91.35,g-/t/m+,3.53;7.34;1.35,True,3.0843139640824013,CB--B:ILE113:N,3.405612887325785,"SD--sym1[1,1,0]/A:LEU110:CD1",1.8251450061798096,,28.145660400390625,25.182567596435547,26.873756408691406,2.963092803955078,86.76152687072754,24.904254913330078,333.29803466796875,True,True,False,False
probe4c2_A_soft_synthetic,B_MET112,35,0.33034759759902954,0.8831827044487,-56.47;172.66;91.35,g-/t/m+,3.53;7.34;1.35,True,3.0843139640824013,CB--B:ILE113:N,3.405612887325785,"SD--sym1[1,1,0]/A:LEU110:CD1",1.8251450061798096,,28.145660400390625,25.182567596435547,26.873756408691406,2.963092803955078,86.76152687072754,24.904254913330078,333.29803466796875,True,True,False,False
probe4c2_A_soft_synthetic,B_MET112,36,0.33034759759902954,0.8831827044487,-56.47;172.66;91.35,g-/t/m+,3.53;7.34;1.35,True,3.0843139640824013,CB--B:ILE113:N,3.405612887325785,"SD--sym1[1,1,0]/A:LEU110:CD1",1.8251465559005737,,28.145660400390625,25.182567596435547,26.873756408691406,2.963092803955078,86.76152687072754,24.904254913330078,333.29803466796875,True,True,False,False
probe4c2_A_soft_synthetic,B_MET112,37,0.33034759759902954,0.8831827044487,-56.47;172.66;91.35,g-/t/m+,3.53;7.34;1.35,True,3.0843139640824013,CB--B:ILE113:N,3.405612887325785,"SD--sym1[1,1,0]/A:LEU110:CD1",1.8251450061798096,,28.145660400390625,25.182567596435547,26.873756408691406,2.963092803955078,86.76152687072754,24.904254913330078,333.29803466796875,True,True,False,False
probe4c2_A_soft_synthetic,B_MET112,38,0.33034759759902954,0.8831827044487,-56.47;172.66;91.35,g-/t/m+,3.53;7.34;1.35,True,3.0843139640824013,CB--B:ILE113:N,3.405612887325785,"SD--sym1[1,1,0]/A:LEU110:CD1",1.8251465559005737,,28.145660400390625,25.182567596435547,26.873756408691406,2.963092803955078,86.76152687072754,24.904254913330078,333.29803466796875,True,True,False,False
probe4c2_A_soft_synthetic,B_MET112,39,0.33034759759902954,0.8831827044487,-56.47;172.66;91.35,g-/t/m+,3.53;7.34;1.35,True,3.0843139640824013,CB--B:ILE113:N,3.405612887325785,"SD--sym1[1,1,0]/A:LEU110:CD1",1.8251450061798096,,28.145660400390625,25.182567596435547,26.873756408691406,2.963092803955078,86.76152687072754,24.904254913330078,333.29803466796875,True,True,False,False
probe4c2_A_soft_synthetic,B_MET112,40,0.33034759759902954,0.8831827044487,-56.47;172.66;91.35,g-/t/m+,3.53;7.34;1.35,True,3.0843139640824013,CB--B:ILE113:N,3.405612887325785,"SD--sym1[1,1,0]/A:LEU110:CD1",1.8251450061798096,,28.145660400390625,25.182567596435547,26.873756408691406,2.963092803955078,86.76152687072754,24.904254913330078,333.29803466796875,True,True,False,False
probe4c2_A_soft_synthetic,B_MET112,41,0.33034759759902954,0.8831827044487,-56.47;172.66;91.35,g-/t/m+,3.53;7.34;1.35,True,3.0843139640824013,CB--B:ILE113:N,3.405612887325785,"SD--sym1[1,1,0]/A:LEU110:CD1",1.8251450061798096,,28.145660400390625,25.182567596435547,26.873756408691406,2.963092803955078,86.76152687072754,24.904254913330078,333.29803466796875,True,True,False,False
probe4c2_A_soft_synthetic,B_MET112,42,0.33034759759902954,0.8831827044487,-56.47;172.66;91.35,g-/t/m+,3.53;7.34;1.35,True,3.0843139640824013,CB--B:ILE113:N,3.405612887325785,"SD--sym1[1,1,0]/A:LEU110:CD1",1.8251450061798096,,28.145660400390625,25.182567596435547,26.873756408691406,2.963092803955078,86.76152687072754,24.904254913330078,333.29803466796875,True,True,False,False
probe4c2_A_soft_synthetic,B_MET112,43,0.33034759759902954,0.8831827044487,-56.47;172.66;91.35,g-/t/m+,3.53;7.34;1.35,True,3.0843139640824013,CB--B:ILE113:N,3.405612887325785,"SD--sym1[1,1,0]/A:LEU110:CD1",1.8251450061798096,,28.145660400390625,25.182567596435547,26.873756408691406,2.963092803955078,86.76152687072754,24.904254913330078,333.29803466796875,True,True,False,False
probe4c2_A_soft_synthetic,B_MET112,44,0.33034759759902954,0.8831827044487,-56.47;172.66;91.35,g-/t/m+,3.53;7.34;1.35,True,3.0843139640824013,CB--B:ILE113:N,3.405612887325785,"SD--sym1[1,1,0]/A:LEU110:CD1",1.8251450061798096,,28.145660400390625,25.182567596435547,26.873756408691406,2.963092803955078,86.76152687072754,24.904254913330078,333.29803466796875,True,True,False,False
probe4c2_A_soft_synthetic,B_MET112,45,0.33034759759902954,0.8831827044487,-56.47;172.66;91.35,g-/t/m+,3.53;7.34;1.35,True,3.0843139640824013,CB--B:ILE113:N,3.405612887325785,"SD--sym1[1,1,0]/A:LEU110:CD1",1.8251450061798096,,28.145660400390625,25.182567596435547,26.873756408691406,2.963092803955078,86.76152687072754,24.904254913330078,333.29803466796875,True,True,False,False
probe4c2_A_soft_synthetic,B_MET112,46,0.33034759759902954,0.8831827044487,-56.47;172.66;91.35,g-/t/m+,3.53;7.34;1.35,True,3.0843139640824013,CB--B:ILE113:N,3.405612887325785,"SD--sym1[1,1,0]/A:LEU110:CD1",1.8251450061798096,,28.145660400390625,25.182567596435547,26.873756408691406,2.963092803955078,86.76152687072754,24.904254913330078,333.29803466796875,True,True,False,False
probe4c2_A_soft_synthetic,B_MET112,47,0.33034759759902954,0.8831827044487,-56.47;172.66;91.35,g-/t/m+,3.53;7.34;1.35,True,3.0843139640824013,CB--B:ILE113:N,3.405612887325785,"SD--sym1[1,1,0]/A:LEU110:CD1",1.8251450061798096,,28.145660400390625,25.182567596435547,26.873756408691406,2.963092803955078,86.76152687072754,24.904254913330078,333.29803466796875,True,True,False,False
probe4c2_A_soft_synthetic,B_MET112,48,0.33034759759902954,0.8831827044487,-56.47;172.66;91.35,g-/t/m+,3.53;7.34;1.35,True,3.0843139640824013,CB--B:ILE113:N,3.405612887325785,"SD--sym1[1,1,0]/A:LEU110:CD1",1.8251465559005737,,28.145660400390625,25.182567596435547,26.873756408691406,2.963092803955078,86.76152687072754,24.904254913330078,333.29803466796875,True,True,False,False
probe4c2_A_soft_synthetic,B_MET112,49,0.33034759759902954,0.8831827044487,-56.47;172.66;91.35,g-/t/m+,3.53;7.34;1.35,True,3.0843139640824013,CB--B:ILE113:N,3.405612887325785,"SD--sym1[1,1,0]/A:LEU110:CD1",1.8251450061798096,,28.145660400390625,25.182567596435547,26.873756408691406,2.963092803955078,86.76152687072754,24.904254913330078,333.29803466796875,True,True,False,False
probe4c2_A_soft_synthetic,B_ASP114,0,0.02009238675236702,1.1034048795700073,172.18;-109.12,t/p-90,7.82;19.12,True,2.8887175713795257,OD2--B:HOH14:O,5.072584734077603,"OD2--sym6[0,0,1]/A:LYS133:NZ",0.3336002230644226,OD2--B:HOH50:O:3.07A;OD2--B:HOH14:O:2.89A,25.28017807006836,25.182559967041016,28.920547485351562,0.09761810302734375,58.66445808410644,25.36322784423828,130.13645935058594,True,True,False,False
probe4c2_A_soft_synthetic,B_ASP114,1,0.02009238675236702,1.1034048795700073,172.18;-109.12,t/p-90,7.82;19.12,True,2.8887175713795257,OD2--B:HOH14:O,5.072584734077603,"OD2--sym6[0,0,1]/A:LYS133:NZ",0.3336002230644226,OD2--B:HOH50:O:3.07A;OD2--B:HOH14:O:2.89A,25.28017807006836,25.182559967041016,28.920547485351562,0.09761810302734375,58.66445808410644,25.36322784423828,130.13645935058594,True,True,False,False
probe4c2_A_soft_synthetic,B_ASP114,2,0.02009238675236702,1.1034048795700073,172.18;-109.12,t/p-90,7.82;19.12,True,2.8887175713795257,OD2--B:HOH14:O,5.072584734077603,"OD2--sym6[0,0,1]/A:LYS133:NZ",0.3336002230644226,OD2--B:HOH50:O:3.07A;OD2--B:HOH14:O:2.89A,25.28017807006836,25.182559967041016,28.920547485351562,0.09761810302734375,58.66445808410644,25.36322784423828,130.13645935058594,True,True,False,False
probe4c2_A_soft_synthetic,B_ASP114,3,0.02009238675236702,1.1034048795700073,172.18;-109.12,t/p-90,7.82;19.12,True,2.8887175713795257,OD2--B:HOH14:O,5.072584734077603,"OD2--sym6[0,0,1]/A:LYS133:NZ",0.3336002230644226,OD2--B:HOH50:O:3.07A;OD2--B:HOH14:O:2.89A,25.28017807006836,25.182559967041016,28.920547485351562,0.09761810302734375,58.66445808410644,25.36322784423828,130.13645935058594,True,True,False,False
probe4c2_A_soft_synthetic,B_ASP114,4,0.02009238675236702,1.1034048795700073,172.18;-109.12,t/p-90,7.82;19.12,True,2.8887175713795257,OD2--B:HOH14:O,5.072584734077603,"OD2--sym6[0,0,1]/A:LYS133:NZ",0.3336002230644226,OD2--B:HOH50:O:3.07A;OD2--B:HOH14:O:2.89A,25.28017807006836,25.182559967041016,28.920547485351562,0.09761810302734375,58.66445808410644,25.36322784423828,130.13645935058594,True,True,False,False
probe4c2_A_soft_synthetic,B_ASP114,5,0.02009238675236702,1.1034048795700073,172.18;-109.12,t/p-90,7.82;19.12,True,2.8887175713795257,OD2--B:HOH14:O,5.072584734077603,"OD2--sym6[0,0,1]/A:LYS133:NZ",0.3336002230644226,OD2--B:HOH50:O:3.07A;OD2--B:HOH14:O:2.89A,25.28017807006836,25.182559967041016,28.920547485351562,0.09761810302734375,58.66445808410644,25.36322784423828,130.13645935058594,True,True,False,False
probe4c2_A_soft_synthetic,B_ASP114,6,0.02009238675236702,1.1034048795700073,172.18;-109.12,t/p-90,7.82;19.12,True,2.8887175713795257,OD2--B:HOH14:O,5.072584734077603,"OD2--sym6[0,0,1]/A:LYS133:NZ",0.3336002230644226,OD2--B:HOH50:O:3.07A;OD2--B:HOH14:O:2.89A,25.28017807006836,25.182559967041016,28.920547485351562,0.09761810302734375,58.66445808410644,25.36322784423828,130.13645935058594,True,True,False,False
probe4c2_A_soft_synthetic,B_ASP114,7,0.02009238675236702,1.1034048795700073,172.18;-109.12,t/p-90,7.82;19.12,True,2.8887175713795257,OD2--B:HOH14:O,5.072584734077603,"OD2--sym6[0,0,1]/A:LYS133:NZ",0.3336002230644226,OD2--B:HOH50:O:3.07A;OD2--B:HOH14:O:2.89A,25.28017807006836,25.182559967041016,28.920547485351562,0.09761810302734375,58.66445808410644,25.36322784423828,130.13645935058594,True,True,False,False
probe4c2_A_soft_synthetic,B_ASP114,8,0.02009238675236702,1.1034048795700073,172.18;-109.12,t/p-90,7.82;19.12,True,2.8887175713795257,OD2--B:HOH14:O,5.072584734077603,"OD2--sym6[0,0,1]/A:LYS133:NZ",0.3336002230644226,OD2--B:HOH50:O:3.07A;OD2--B:HOH14:O:2.89A,25.28017807006836,25.182559967041016,28.920547485351562,0.09761810302734375,58.66445808410644,25.36322784423828,130.13645935058594,True,True,False,False
probe4c2_A_soft_synthetic,B_ASP114,9,0.02009238675236702,1.1034048795700073,172.18;-109.12,t/p-90,7.82;19.12,True,2.8887175713795257,OD2--B:HOH14:O,5.072584734077603,"OD2--sym6[0,0,1]/A:LYS133:NZ",0.3336002230644226,OD2--B:HOH50:O:3.07A;OD2--B:HOH14:O:2.89A,25.28017807006836,25.182559967041016,28.920547485351562,0.09761810302734375,58.66445808410644,25.36322784423828,130.13645935058594,True,True,False,False
probe4c2_A_soft_synthetic,B_ASP114,10,0.02009238675236702,1.1034048795700073,172.18;-109.12,t/p-90,7.82;19.12,True,2.8887175713795257,OD2--B:HOH14:O,5.072584734077603,"OD2--sym6[0,0,1]/A:LYS133:NZ",0.3336002230644226,OD2--B:HOH50:O:3.07A;OD2--B:HOH14:O:2.89A,25.28017807006836,25.182559967041016,28.920547485351562,0.09761810302734375,58.66445808410644,25.36322784423828,130.13645935058594,True,True,False,False
probe4c2_A_soft_synthetic,B_ASP114,11,0.02009238675236702,1.1034048795700073,172.18;-109.12,t/p-90,7.82;19.12,True,2.8887175713795257,OD2--B:HOH14:O,5.072584734077603,"OD2--sym6[0,0,1]/A:LYS133:NZ",0.3336002230644226,OD2--B:HOH50:O:3.07A;OD2--B:HOH14:O:2.89A,25.28017807006836,25.182559967041016,28.920547485351562,0.09761810302734375,58.66445808410644,25.36322784423828,130.13645935058594,True,True,False,False
probe4c2_A_soft_synthetic,B_ASP114,12,0.02009238675236702,1.1034048795700073,172.18;-109.12,t/p-90,7.82;19.12,True,2.8887175713795257,OD2--B:HOH14:O,5.072584734077603,"OD2--sym6[0,0,1]/A:LYS133:NZ",0.3336002230644226,OD2--B:HOH50:O:3.07A;OD2--B:HOH14:O:2.89A,25.28017807006836,25.182559967041016,28.920547485351562,0.09761810302734375,58.66445808410644,25.36322784423828,130.13645935058594,True,True,False,False
probe4c2_A_soft_synthetic,B_ASP114,13,0.02009238675236702,1.1034048795700073,172.18;-109.12,t/p-90,7.82;19.12,True,2.8887175713795257,OD2--B:HOH14:O,5.072584734077603,"OD2--sym6[0,0,1]/A:LYS133:NZ",0.3336002230644226,OD2--B:HOH50:O:3.07A;OD2--B:HOH14:O:2.89A,25.28017807006836,25.182559967041016,28.920547485351562,0.09761810302734375,58.66445808410644,25.36322784423828,130.13645935058594,True,True,False,False
probe4c2_A_soft_synthetic,B_ASP114,14,0.02009238675236702,1.1034048795700073,172.18;-109.12,t/p-90,7.82;19.12,True,2.8887175713795257,OD2--B:HOH14:O,5.072584734077603,"OD2--sym6[0,0,1]/A:LYS133:NZ",0.3336002230644226,OD2--B:HOH50:O:3.07A;OD2--B:HOH14:O:2.89A,25.28017807006836,25.182559967041016,28.920547485351562,0.09761810302734375,58.66445808410644,25.36322784423828,130.13645935058594,True,True,False,False
probe4c2_A_soft_synthetic,B_ASP114,15,0.02009238675236702,1.1034048795700073,172.18;-109.12,t/p-90,7.82;19.12,True,2.8887175713795257,OD2--B:HOH14:O,5.072584734077603,"OD2--sym6[0,0,1]/A:LYS133:NZ",0.3336002230644226,OD2--B:HOH50:O:3.07A;OD2--B:HOH14:O:2.89A,25.28017807006836,25.182559967041016,28.920547485351562,0.09761810302734375,58.66445808410644,25.36322784423828,130.13645935058594,True,True,False,False
probe4c2_A_soft_synthetic,B_ASP114,16,0.02009238675236702,1.1034048795700073,172.18;-109.12,t/p-90,7.82;19.12,True,2.8887175713795257,OD2--B:HOH14:O,5.072584734077603,"OD2--sym6[0,0,1]/A:LYS133:NZ",0.3336002230644226,OD2--B:HOH50:O:3.07A;OD2--B:HOH14:O:2.89A,25.28017807006836,25.182559967041016,28.920547485351562,0.09761810302734375,58.66445808410644,25.36322784423828,130.13645935058594,True,True,False,False
probe4c2_A_soft_synthetic,B_ASP114,17,0.02009238675236702,1.1034048795700073,172.18;-109.12,t/p-90,7.82;19.12,True,2.8887175713795257,OD2--B:HOH14:O,5.072584734077603,"OD2--sym6[0,0,1]/A:LYS133:NZ",0.3336002230644226,OD2--B:HOH50:O:3.07A;OD2--B:HOH14:O:2.89A,25.28017807006836,25.182559967041016,28.920547485351562,0.09761810302734375,58.66445808410644,25.36322784423828,130.13645935058594,True,True,False,False
probe4c2_A_soft_synthetic,B_ASP114,18,0.02009238675236702,1.1034048795700073,172.18;-109.12,t/p-90,7.82;19.12,True,2.8887175713795257,OD2--B:HOH14:O,5.072584734077603,"OD2--sym6[0,0,1]/A:LYS133:NZ",0.3336002230644226,OD2--B:HOH50:O:3.07A;OD2--B:HOH14:O:2.89A,25.28017807006836,25.182559967041016,28.920547485351562,0.09761810302734375,58.66445808410644,25.36322784423828,130.13645935058594,True,True,False,False
probe4c2_A_soft_synthetic,B_ASP114,19,0.02009238675236702,1.1034048795700073,172.18;-109.12,t/p-90,7.82;19.12,True,2.8887175713795257,OD2--B:HOH14:O,5.072584734077603,"OD2--sym6[0,0,1]/A:LYS133:NZ",0.3336002230644226,OD2--B:HOH50:O:3.07A;OD2--B:HOH14:O:2.89A,25.28017807006836,25.182559967041016,28.920547485351562,0.09761810302734375,58.66445808410644,25.36322784423828,130.13645935058594,True,True,False,False
probe4c2_A_soft_synthetic,B_ASP114,20,0.02009238675236702,1.1034048795700073,172.18;-109.12,t/p-90,7.82;19.12,True,2.8887175713795257,OD2--B:HOH14:O,5.072584734077603,"OD2--sym6[0,0,1]/A:LYS133:NZ",0.3336002230644226,OD2--B:HOH50:O:3.07A;OD2--B:HOH14:O:2.89A,25.28017807006836,25.182559967041016,28.920547485351562,0.09761810302734375,58.66445808410644,25.36322784423828,130.13645935058594,True,True,False,False
probe4c2_A_soft_synthetic,B_ASP114,21,0.02009238675236702,1.1034048795700073,172.18;-109.12,t/p-90,7.82;19.12,True,2.8887175713795257,OD2--B:HOH14:O,5.072584734077603,"OD2--sym6[0,0,1]/A:LYS133:NZ",0.3336002230644226,OD2--B:HOH50:O:3.07A;OD2--B:HOH14:O:2.89A,25.28017807006836,25.182559967041016,28.920547485351562,0.09761810302734375,58.66445808410644,25.36322784423828,130.13645935058594,True,True,False,False
probe4c2_A_soft_synthetic,B_ASP114,22,0.02009238675236702,1.1034048795700073,172.18;-109.12,t/p-90,7.82;19.12,True,2.8887175713795257,OD2--B:HOH14:O,5.072584734077603,"OD2--sym6[0,0,1]/A:LYS133:NZ",0.3336002230644226,OD2--B:HOH50:O:3.07A;OD2--B:HOH14:O:2.89A,25.28017807006836,25.182559967041016,28.920547485351562,0.09761810302734375,58.66445808410644,25.36322784423828,130.13645935058594,True,True,False,False
probe4c2_A_soft_synthetic,B_ASP114,23,0.02009238675236702,1.1034048795700073,172.18;-109.12,t/p-90,7.82;19.12,True,2.8887175713795257,OD2--B:HOH14:O,5.072584734077603,"OD2--sym6[0,0,1]/A:LYS133:NZ",0.3336002230644226,OD2--B:HOH50:O:3.07A;OD2--B:HOH14:O:2.89A,25.28017807006836,25.182559967041016,28.920547485351562,0.09761810302734375,58.66445808410644,25.36322784423828,130.13645935058594,True,True,False,False
probe4c2_A_soft_synthetic,B_ASP114,24,0.02009238675236702,1.1034048795700073,172.18;-109.12,t/p-90,7.82;19.12,True,2.8887175713795257,OD2--B:HOH14:O,5.072584734077603,"OD2--sym6[0,0,1]/A:LYS133:NZ",0.3336002230644226,OD2--B:HOH50:O:3.07A;OD2--B:HOH14:O:2.89A,25.28017807006836,25.182559967041016,28.920547485351562,0.09761810302734375,58.66445808410644,25.36322784423828,130.13645935058594,True,True,False,False
probe4c2_A_soft_synthetic,B_ASP114,25,0.02009238675236702,1.1034048795700073,172.18;-109.12,t/p-90,7.82;19.12,True,2.8887175713795257,OD2--B:HOH14:O,5.072584734077603,"OD2--sym6[0,0,1]/A:LYS133:NZ",0.3336002230644226,OD2--B:HOH50:O:3.07A;OD2--B:HOH14:O:2.89A,25.28017807006836,25.182559967041016,28.920547485351562,0.09761810302734375,58.66445808410644,25.36322784423828,130.13645935058594,True,True,False,False
probe4c2_A_soft_synthetic,B_ASP114,26,0.02009238675236702,1.1034048795700073,172.18;-109.12,t/p-90,7.82;19.12,True,2.8887175713795257,OD2--B:HOH14:O,5.072584734077603,"OD2--sym6[0,0,1]/A:LYS133:NZ",0.3336002230644226,OD2--B:HOH50:O:3.07A;OD2--B:HOH14:O:2.89A,25.28017807006836,25.182559967041016,28.920547485351562,0.09761810302734375,58.66445808410644,25.36322784423828,130.13645935058594,True,True,False,False
probe4c2_A_soft_synthetic,B_ASP114,27,0.02009238675236702,1.1034048795700073,172.18;-109.12,t/p-90,7.82;19.12,True,2.8887175713795257,OD2--B:HOH14:O,5.072584734077603,"OD2--sym6[0,0,1]/A:LYS133:NZ",0.3336002230644226,OD2--B:HOH50:O:3.07A;OD2--B:HOH14:O:2.89A,25.28017807006836,25.182559967041016,28.920547485351562,0.09761810302734375,58.66445808410644,25.36322784423828,130.13645935058594,True,True,False,False
probe4c2_A_soft_synthetic,B_ASP114,28,0.02009238675236702,1.1034048795700073,172.18;-109.12,t/p-90,7.82;19.12,True,2.8887175713795257,OD2--B:HOH14:O,5.072584734077603,"OD2--sym6[0,0,1]/A:LYS133:NZ",0.3336002230644226,OD2--B:HOH50:O:3.07A;OD2--B:HOH14:O:2.89A,25.28017807006836,25.182559967041016,28.920547485351562,0.09761810302734375,58.66445808410644,25.36322784423828,130.13645935058594,True,True,False,False
probe4c2_A_soft_synthetic,B_ASP114,29,0.02009238675236702,1.1034048795700073,172.18;-109.12,t/p-90,7.82;19.12,True,2.8887175713795257,OD2--B:HOH14:O,5.072584734077603,"OD2--sym6[0,0,1]/A:LYS133:NZ",0.3336002230644226,OD2--B:HOH50:O:3.07A;OD2--B:HOH14:O:2.89A,25.28017807006836,25.182559967041016,28.920547485351562,0.09761810302734375,58.66445808410644,25.36322784423828,130.13645935058594,True,True,False,False
probe4c2_A_soft_synthetic,B_ASP114,30,0.02009238675236702,1.1034048795700073,172.18;-109.12,t/p-90,7.82;19.12,True,2.8887175713795257,OD2--B:HOH14:O,5.072584734077603,"OD2--sym6[0,0,1]/A:LYS133:NZ",0.3336002230644226,OD2--B:HOH50:O:3.07A;OD2--B:HOH14:O:2.89A,25.28017807006836,25.182559967041016,28.920547485351562,0.09761810302734375,58.66445808410644,25.36322784423828,130.13645935058594,True,True,False,False
probe4c2_A_soft_synthetic,B_ASP114,31,0.02009238675236702,1.1034048795700073,172.18;-109.12,t/p-90,7.82;19.12,True,2.8887175713795257,OD2--B:HOH14:O,5.072584734077603,"OD2--sym6[0,0,1]/A:LYS133:NZ",0.3336002230644226,OD2--B:HOH50:O:3.07A;OD2--B:HOH14:O:2.89A,25.28017807006836,25.182559967041016,28.920547485351562,0.09761810302734375,58.66445808410644,25.36322784423828,130.13645935058594,True,True,False,False
probe4c2_A_soft_synthetic,B_ASP114,32,0.02009238675236702,1.1034048795700073,172.18;-109.12,t/p-90,7.82;19.12,True,2.8887175713795257,OD2--B:HOH14:O,5.072584734077603,"OD2--sym6[0,0,1]/A:LYS133:NZ",0.3336002230644226,OD2--B:HOH50:O:3.07A;OD2--B:HOH14:O:2.89A,25.28017807006836,25.182559967041016,28.920547485351562,0.09761810302734375,58.66445808410644,25.36322784423828,130.13645935058594,True,True,False,False
probe4c2_A_soft_synthetic,B_ASP114,33,0.02009238675236702,1.1034048795700073,172.18;-109.12,t/p-90,7.82;19.12,True,2.8887175713795257,OD2--B:HOH14:O,5.072584734077603,"OD2--sym6[0,0,1]/A:LYS133:NZ",0.3336002230644226,OD2--B:HOH50:O:3.07A;OD2--B:HOH14:O:2.89A,25.28017807006836,25.182559967041016,28.920547485351562,0.09761810302734375,58.66445808410644,25.36322784423828,130.13645935058594,True,True,False,False
probe4c2_A_soft_synthetic,B_ASP114,34,0.02009238675236702,1.1034048795700073,172.18;-109.12,t/p-90,7.82;19.12,True,2.8887175713795257,OD2--B:HOH14:O,5.072584734077603,"OD2--sym6[0,0,1]/A:LYS133:NZ",0.3336002230644226,OD2--B:HOH50:O:3.07A;OD2--B:HOH14:O:2.89A,25.28017807006836,25.182559967041016,28.920547485351562,0.09761810302734375,58.66445808410644,25.36322784423828,130.13645935058594,True,True,False,False
probe4c2_A_soft_synthetic,B_ASP114,35,0.02009238675236702,1.1034048795700073,172.18;-109.12,t/p-90,7.82;19.12,True,2.8887175713795257,OD2--B:HOH14:O,5.072584734077603,"OD2--sym6[0,0,1]/A:LYS133:NZ",0.3336002230644226,OD2--B:HOH50:O:3.07A;OD2--B:HOH14:O:2.89A,25.28017807006836,25.182559967041016,28.920547485351562,0.09761810302734375,58.66445808410644,25.36322784423828,130.13645935058594,True,True,False,False
probe4c2_A_soft_synthetic,B_ASP114,36,0.02009238675236702,1.1034048795700073,172.18;-109.12,t/p-90,7.82;19.12,True,2.8887175713795257,OD2--B:HOH14:O,5.072584734077603,"OD2--sym6[0,0,1]/A:LYS133:NZ",0.3336002230644226,OD2--B:HOH50:O:3.07A;OD2--B:HOH14:O:2.89A,25.28017807006836,25.182559967041016,28.920547485351562,0.09761810302734375,58.66445808410644,25.36322784423828,130.13645935058594,True,True,False,False
probe4c2_A_soft_synthetic,B_ASP114,37,0.02009238675236702,1.1034048795700073,172.18;-109.12,t/p-90,7.82;19.12,True,2.8887175713795257,OD2--B:HOH14:O,5.072584734077603,"OD2--sym6[0,0,1]/A:LYS133:NZ",0.3336002230644226,OD2--B:HOH50:O:3.07A;OD2--B:HOH14:O:2.89A,25.28017807006836,25.182559967041016,28.920547485351562,0.09761810302734375,58.66445808410644,25.36322784423828,130.13645935058594,True,True,False,False
probe4c2_A_soft_synthetic,B_ASP114,38,0.02009238675236702,1.1034048795700073,172.18;-109.12,t/p-90,7.82;19.12,True,2.8887175713795257,OD2--B:HOH14:O,5.072584734077603,"OD2--sym6[0,0,1]/A:LYS133:NZ",0.3336002230644226,OD2--B:HOH50:O:3.07A;OD2--B:HOH14:O:2.89A,25.28017807006836,25.182559967041016,28.920547485351562,0.09761810302734375,58.66445808410644,25.36322784423828,130.13645935058594,True,True,False,False
probe4c2_A_soft_synthetic,B_ASP114,39,0.02009238675236702,1.1034048795700073,172.18;-109.12,t/p-90,7.82;19.12,True,2.8887175713795257,OD2--B:HOH14:O,5.072584734077603,"OD2--sym6[0,0,1]/A:LYS133:NZ",0.3336002230644226,OD2--B:HOH50:O:3.07A;OD2--B:HOH14:O:2.89A,25.28017807006836,25.182559967041016,28.920547485351562,0.09761810302734375,58.66445808410644,25.36322784423828,130.13645935058594,True,True,False,False
probe4c2_A_soft_synthetic,B_ASP114,40,0.02009238675236702,1.1034048795700073,172.18;-109.12,t/p-90,7.82;19.12,True,2.8887175713795257,OD2--B:HOH14:O,5.072584734077603,"OD2--sym6[0,0,1]/A:LYS133:NZ",0.3336002230644226,OD2--B:HOH50:O:3.07A;OD2--B:HOH14:O:2.89A,25.28017807006836,25.182559967041016,28.920547485351562,0.09761810302734375,58.66445808410644,25.36322784423828,130.13645935058594,True,True,False,False
probe4c2_A_soft_synthetic,B_ASP114,41,0.02009238675236702,1.1034048795700073,172.18;-109.12,t/p-90,7.82;19.12,True,2.8887175713795257,OD2--B:HOH14:O,5.072584734077603,"OD2--sym6[0,0,1]/A:LYS133:NZ",0.3336002230644226,OD2--B:HOH50:O:3.07A;OD2--B:HOH14:O:2.89A,25.28017807006836,25.182559967041016,28.920547485351562,0.09761810302734375,58.66445808410644,25.36322784423828,130.13645935058594,True,True,False,False
probe4c2_A_soft_synthetic,B_ASP114,42,0.02009238675236702,1.1034048795700073,172.18;-109.12,t/p-90,7.82;19.12,True,2.8887175713795257,OD2--B:HOH14:O,5.072584734077603,"OD2--sym6[0,0,1]/A:LYS133:NZ",0.3336002230644226,OD2--B:HOH50:O:3.07A;OD2--B:HOH14:O:2.89A,25.28017807006836,25.182559967041016,28.920547485351562,0.09761810302734375,58.66445808410644,25.36322784423828,130.13645935058594,True,True,False,False
probe4c2_A_soft_synthetic,B_ASP114,43,0.02009238675236702,1.1034048795700073,172.18;-109.12,t/p-90,7.82;19.12,True,2.8887175713795257,OD2--B:HOH14:O,5.072584734077603,"OD2--sym6[0,0,1]/A:LYS133:NZ",0.3336002230644226,OD2--B:HOH50:O:3.07A;OD2--B:HOH14:O:2.89A,25.28017807006836,25.182559967041016,28.920547485351562,0.09761810302734375,58.66445808410644,25.36322784423828,130.13645935058594,True,True,False,False
probe4c2_A_soft_synthetic,B_ASP114,44,0.02009238675236702,1.1034048795700073,172.18;-109.12,t/p-90,7.82;19.12,True,2.8887175713795257,OD2--B:HOH14:O,5.072584734077603,"OD2--sym6[0,0,1]/A:LYS133:NZ",0.3336002230644226,OD2--B:HOH50:O:3.07A;OD2--B:HOH14:O:2.89A,25.28017807006836,25.182559967041016,28.920547485351562,0.09761810302734375,58.66445808410644,25.36322784423828,130.13645935058594,True,True,False,False
probe4c2_A_soft_synthetic,B_ASP114,45,0.02009238675236702,1.1034048795700073,172.18;-109.12,t/p-90,7.82;19.12,True,2.8887175713795257,OD2--B:HOH14:O,5.072584734077603,"OD2--sym6[0,0,1]/A:LYS133:NZ",0.3336002230644226,OD2--B:HOH50:O:3.07A;OD2--B:HOH14:O:2.89A,25.28017807006836,25.182559967041016,28.920547485351562,0.09761810302734375,58.66445808410644,25.36322784423828,130.13645935058594,True,True,False,False
probe4c2_A_soft_synthetic,B_ASP114,46,0.02009238675236702,1.1034048795700073,172.18;-109.12,t/p-90,7.82;19.12,True,2.8887175713795257,OD2--B:HOH14:O,5.072584734077603,"OD2--sym6[0,0,1]/A:LYS133:NZ",0.3336002230644226,OD2--B:HOH50:O:3.07A;OD2--B:HOH14:O:2.89A,25.28017807006836,25.182559967041016,28.920547485351562,0.09761810302734375,58.66445808410644,25.36322784423828,130.13645935058594,True,True,False,False
probe4c2_A_soft_synthetic,B_ASP114,47,0.02009238675236702,1.1034048795700073,172.18;-109.12,t/p-90,7.82;19.12,True,2.8887175713795257,OD2--B:HOH14:O,5.072584734077603,"OD2--sym6[0,0,1]/A:LYS133:NZ",0.3336002230644226,OD2--B:HOH50:O:3.07A;OD2--B:HOH14:O:2.89A,25.28017807006836,25.182559967041016,28.920547485351562,0.09761810302734375,58.66445808410644,25.36322784423828,130.13645935058594,True,True,False,False
probe4c2_A_soft_synthetic,B_ASP114,48,0.02009238675236702,1.1034048795700073,172.18;-109.12,t/p-90,7.82;19.12,True,2.8887175713795257,OD2--B:HOH14:O,5.072584734077603,"OD2--sym6[0,0,1]/A:LYS133:NZ",0.3336002230644226,OD2--B:HOH50:O:3.07A;OD2--B:HOH14:O:2.89A,25.28017807006836,25.182559967041016,28.920547485351562,0.09761810302734375,58.66445808410644,25.36322784423828,130.13645935058594,True,True,False,False
probe4c2_A_soft_synthetic,B_ASP114,49,0.02009238675236702,1.1034048795700073,172.18;-109.12,t/p-90,7.82;19.12,True,2.8887175713795257,OD2--B:HOH14:O,5.072584734077603,"OD2--sym6[0,0,1]/A:LYS133:NZ",0.3336002230644226,OD2--B:HOH50:O:3.07A;OD2--B:HOH14:O:2.89A,25.28017807006836,25.182559967041016,28.920547485351562,0.09761810302734375,58.66445808410644,25.36322784423828,130.13645935058594,True,True,False,False
probe4c2_A_soft_synthetic,B_ARG129,0,0.4645809233188629,1.4114468097686768,-70.84;-143.45;-48.05;153.99,g-/t/g-/p180,10.84;36.55;11.95;26.01,False,3.1618601278270484,CB--B:ILE130:N,2.2548604283930826,"NH2--sym1[1,1,0]/A:TYR131:CZ",0.12016721069812775,NH1--B:HOH53:O:3.37A,26.547504425048828,25.182605743408203,26.839645385742188,1.364898681640625,828.3526054382324,24.26175308227539,2970.25244140625,True,False,False,False
probe4c2_A_soft_synthetic,B_ARG129,1,0.4645809233188629,1.4114468097686768,-70.84;-143.45;-48.05;153.99,g-/t/g-/p180,10.84;36.55;11.95;26.01,False,3.1618601278270484,CB--B:ILE130:N,2.2548604283930826,"NH2--sym1[1,1,0]/A:TYR131:CZ",0.12016721069812775,NH1--B:HOH53:O:3.37A,26.547504425048828,25.182605743408203,26.839645385742188,1.364898681640625,828.3526054382324,24.26175308227539,2970.25244140625,True,False,False,False
probe4c2_A_soft_synthetic,B_ARG129,2,0.4645809233188629,1.4114468097686768,-70.84;-143.45;-48.05;153.99,g-/t/g-/p180,10.84;36.55;11.95;26.01,False,3.1618601278270484,CB--B:ILE130:N,2.2548604283930826,"NH2--sym1[1,1,0]/A:TYR131:CZ",0.12016721069812775,NH1--B:HOH53:O:3.37A,26.547504425048828,25.182605743408203,26.839645385742188,1.364898681640625,828.3526054382324,24.26175308227539,2970.25244140625,True,False,False,False
probe4c2_A_soft_synthetic,B_ARG129,3,0.4645809829235077,1.4114468097686768,-70.84;-143.45;-48.05;153.99,g-/t/g-/p180,10.84;36.55;11.95;26.01,False,3.1618601278270484,CB--B:ILE130:N,2.2548604283930826,"NH2--sym1[1,1,0]/A:TYR131:CZ",0.12016724795103073,NH1--B:HOH53:O:3.37A,26.547504425048828,25.182605743408203,26.839645385742188,1.364898681640625,828.3526054382324,24.26175308227539,2970.25244140625,True,False,False,False
probe4c2_A_soft_synthetic,B_ARG129,4,0.4645809233188629,1.4114468097686768,-70.84;-143.45;-48.05;153.99,g-/t/g-/p180,10.84;36.55;11.95;26.01,False,3.1618601278270484,CB--B:ILE130:N,2.2548604283930826,"NH2--sym1[1,1,0]/A:TYR131:CZ",0.12016721069812775,NH1--B:HOH53:O:3.37A,26.547504425048828,25.182605743408203,26.839645385742188,1.364898681640625,828.3526054382324,24.26175308227539,2970.25244140625,True,False,False,False
probe4c2_A_soft_synthetic,B_ARG129,5,0.4645809233188629,1.4114468097686768,-70.84;-143.45;-48.05;153.99,g-/t/g-/p180,10.84;36.55;11.95;26.01,False,3.1618601278270484,CB--B:ILE130:N,2.2548604283930826,"NH2--sym1[1,1,0]/A:TYR131:CZ",0.12016721069812775,NH1--B:HOH53:O:3.37A,26.547504425048828,25.182605743408203,26.839645385742188,1.364898681640625,828.3526054382324,24.26175308227539,2970.25244140625,True,False,False,False
probe4c2_A_soft_synthetic,B_ARG129,6,0.4645809233188629,1.4114468097686768,-70.84;-143.45;-48.05;153.99,g-/t/g-/p180,10.84;36.55;11.95;26.01,False,3.1618601278270484,CB--B:ILE130:N,2.2548604283930826,"NH2--sym1[1,1,0]/A:TYR131:CZ",0.12016721069812775,NH1--B:HOH53:O:3.37A,26.547504425048828,25.182605743408203,26.839645385742188,1.364898681640625,828.3526054382324,24.26175308227539,2970.25244140625,True,False,False,False
probe4c2_A_soft_synthetic,B_ARG129,7,0.4645809233188629,1.4114468097686768,-70.84;-143.45;-48.05;153.99,g-/t/g-/p180,10.84;36.55;11.95;26.01,False,3.1618601278270484,CB--B:ILE130:N,2.2548604283930826,"NH2--sym1[1,1,0]/A:TYR131:CZ",0.12016721069812775,NH1--B:HOH53:O:3.37A,26.547504425048828,25.182605743408203,26.839645385742188,1.364898681640625,828.3526054382324,24.26175308227539,2970.25244140625,True,False,False,False
probe4c2_A_soft_synthetic,B_ARG129,8,0.4645809233188629,1.4114468097686768,-70.84;-143.45;-48.05;153.99,g-/t/g-/p180,10.84;36.55;11.95;26.01,False,3.1618601278270484,CB--B:ILE130:N,2.2548604283930826,"NH2--sym1[1,1,0]/A:TYR131:CZ",0.12016721069812775,NH1--B:HOH53:O:3.37A,26.547504425048828,25.182605743408203,26.839645385742188,1.364898681640625,828.3526054382324,24.26175308227539,2970.25244140625,True,False,False,False
probe4c2_A_soft_synthetic,B_ARG129,9,0.4645809829235077,1.4114468097686768,-70.84;-143.45;-48.05;153.99,g-/t/g-/p180,10.84;36.55;11.95;26.01,False,3.1618601278270484,CB--B:ILE130:N,2.2548604283930826,"NH2--sym1[1,1,0]/A:TYR131:CZ",0.12016724795103073,NH1--B:HOH53:O:3.37A,26.547504425048828,25.182605743408203,26.839645385742188,1.364898681640625,828.3526054382324,24.26175308227539,2970.25244140625,True,False,False,False
probe4c2_A_soft_synthetic,B_ARG129,10,0.4645809233188629,1.4114468097686768,-70.84;-143.45;-48.05;153.99,g-/t/g-/p180,10.84;36.55;11.95;26.01,False,3.1618601278270484,CB--B:ILE130:N,2.2548604283930826,"NH2--sym1[1,1,0]/A:TYR131:CZ",0.12016721069812775,NH1--B:HOH53:O:3.37A,26.547504425048828,25.182605743408203,26.839645385742188,1.364898681640625,828.3526054382324,24.26175308227539,2970.25244140625,True,False,False,False
probe4c2_A_soft_synthetic,B_ARG129,11,0.4645809233188629,1.4114468097686768,-70.84;-143.45;-48.05;153.99,g-/t/g-/p180,10.84;36.55;11.95;26.01,False,3.1618601278270484,CB--B:ILE130:N,2.2548604283930826,"NH2--sym1[1,1,0]/A:TYR131:CZ",0.12016721069812775,NH1--B:HOH53:O:3.37A,26.547504425048828,25.182605743408203,26.839645385742188,1.364898681640625,828.3526054382324,24.26175308227539,2970.25244140625,True,False,False,False
probe4c2_A_soft_synthetic,B_ARG129,12,0.4645809233188629,1.4114468097686768,-70.84;-143.45;-48.05;153.99,g-/t/g-/p180,10.84;36.55;11.95;26.01,False,3.1618601278270484,CB--B:ILE130:N,2.2548604283930826,"NH2--sym1[1,1,0]/A:TYR131:CZ",0.12016721069812775,NH1--B:HOH53:O:3.37A,26.547504425048828,25.182605743408203,26.839645385742188,1.364898681640625,828.3526054382324,24.26175308227539,2970.25244140625,True,False,False,False
probe4c2_A_soft_synthetic,B_ARG129,13,0.4645809233188629,1.4114468097686768,-70.84;-143.45;-48.05;153.99,g-/t/g-/p180,10.84;36.55;11.95;26.01,False,3.1618601278270484,CB--B:ILE130:N,2.2548604283930826,"NH2--sym1[1,1,0]/A:TYR131:CZ",0.12016721069812775,NH1--B:HOH53:O:3.37A,26.547504425048828,25.182605743408203,26.839645385742188,1.364898681640625,828.3526054382324,24.26175308227539,2970.25244140625,True,False,False,False
probe4c2_A_soft_synthetic,B_ARG129,14,0.4645809829235077,1.4114468097686768,-70.84;-143.45;-48.05;153.99,g-/t/g-/p180,10.84;36.55;11.95;26.01,False,3.1618601278270484,CB--B:ILE130:N,2.2548604283930826,"NH2--sym1[1,1,0]/A:TYR131:CZ",0.12016724795103073,NH1--B:HOH53:O:3.37A,26.547504425048828,25.182605743408203,26.839645385742188,1.364898681640625,828.3526054382324,24.26175308227539,2970.25244140625,True,False,False,False
probe4c2_A_soft_synthetic,B_ARG129,15,0.4645809829235077,1.4114468097686768,-70.84;-143.45;-48.05;153.99,g-/t/g-/p180,10.84;36.55;11.95;26.01,False,3.1618601278270484,CB--B:ILE130:N,2.2548604283930826,"NH2--sym1[1,1,0]/A:TYR131:CZ",0.12016724795103073,NH1--B:HOH53:O:3.37A,26.547504425048828,25.182605743408203,26.839645385742188,1.364898681640625,828.3526054382324,24.26175308227539,2970.25244140625,True,False,False,False
probe4c2_A_soft_synthetic,B_ARG129,16,0.4645809233188629,1.4114468097686768,-70.84;-143.45;-48.05;153.99,g-/t/g-/p180,10.84;36.55;11.95;26.01,False,3.1618601278270484,CB--B:ILE130:N,2.2548604283930826,"NH2--sym1[1,1,0]/A:TYR131:CZ",0.12016721069812775,NH1--B:HOH53:O:3.37A,26.547504425048828,25.182605743408203,26.839645385742188,1.364898681640625,828.3526054382324,24.26175308227539,2970.25244140625,True,False,False,False
probe4c2_A_soft_synthetic,B_ARG129,17,0.4645809233188629,1.4114468097686768,-70.84;-143.45;-48.05;153.99,g-/t/g-/p180,10.84;36.55;11.95;26.01,False,3.1618601278270484,CB--B:ILE130:N,2.2548604283930826,"NH2--sym1[1,1,0]/A:TYR131:CZ",0.12016721069812775,NH1--B:HOH53:O:3.37A,26.547504425048828,25.182605743408203,26.839645385742188,1.364898681640625,828.3526054382324,24.26175308227539,2970.25244140625,True,False,False,False
probe4c2_A_soft_synthetic,B_ARG129,18,0.4645809829235077,1.4114468097686768,-70.84;-143.45;-48.05;153.99,g-/t/g-/p180,10.84;36.55;11.95;26.01,False,3.1618601278270484,CB--B:ILE130:N,2.2548604283930826,"NH2--sym1[1,1,0]/A:TYR131:CZ",0.12016724795103073,NH1--B:HOH53:O:3.37A,26.547504425048828,25.182605743408203,26.839645385742188,1.364898681640625,828.3526054382324,24.26175308227539,2970.25244140625,True,False,False,False
probe4c2_A_soft_synthetic,B_ARG129,19,0.4645809829235077,1.4114468097686768,-70.84;-143.45;-48.05;153.99,g-/t/g-/p180,10.84;36.55;11.95;26.01,False,3.1618601278270484,CB--B:ILE130:N,2.2548604283930826,"NH2--sym1[1,1,0]/A:TYR131:CZ",0.12016724795103073,NH1--B:HOH53:O:3.37A,26.547504425048828,25.182605743408203,26.839645385742188,1.364898681640625,828.3526054382324,24.26175308227539,2970.25244140625,True,False,False,False
probe4c2_A_soft_synthetic,B_ARG129,20,0.4645809829235077,1.4114468097686768,-70.84;-143.45;-48.05;153.99,g-/t/g-/p180,10.84;36.55;11.95;26.01,False,3.1618601278270484,CB--B:ILE130:N,2.2548604283930826,"NH2--sym1[1,1,0]/A:TYR131:CZ",0.12016724795103073,NH1--B:HOH53:O:3.37A,26.547504425048828,25.182605743408203,26.839645385742188,1.364898681640625,828.3526054382324,24.26175308227539,2970.25244140625,True,False,False,False
probe4c2_A_soft_synthetic,B_ARG129,21,0.4645809233188629,1.4114468097686768,-70.84;-143.45;-48.05;153.99,g-/t/g-/p180,10.84;36.55;11.95;26.01,False,3.1618601278270484,CB--B:ILE130:N,2.2548604283930826,"NH2--sym1[1,1,0]/A:TYR131:CZ",0.12016721069812775,NH1--B:HOH53:O:3.37A,26.547504425048828,25.182605743408203,26.839645385742188,1.364898681640625,828.3526054382324,24.26175308227539,2970.25244140625,True,False,False,False
probe4c2_A_soft_synthetic,B_ARG129,22,0.4645809233188629,1.4114468097686768,-70.84;-143.45;-48.05;153.99,g-/t/g-/p180,10.84;36.55;11.95;26.01,False,3.1618601278270484,CB--B:ILE130:N,2.2548604283930826,"NH2--sym1[1,1,0]/A:TYR131:CZ",0.12016721069812775,NH1--B:HOH53:O:3.37A,26.547504425048828,25.182605743408203,26.839645385742188,1.364898681640625,828.3526054382324,24.26175308227539,2970.25244140625,True,False,False,False
probe4c2_A_soft_synthetic,B_ARG129,23,0.4645809829235077,1.4114468097686768,-70.84;-143.45;-48.05;153.99,g-/t/g-/p180,10.84;36.55;11.95;26.01,False,3.1618601278270484,CB--B:ILE130:N,2.2548604283930826,"NH2--sym1[1,1,0]/A:TYR131:CZ",0.12016724795103073,NH1--B:HOH53:O:3.37A,26.547504425048828,25.182605743408203,26.839645385742188,1.364898681640625,828.3526054382324,24.26175308227539,2970.25244140625,True,False,False,False
probe4c2_A_soft_synthetic,B_ARG129,24,0.4645809233188629,1.4114468097686768,-70.84;-143.45;-48.05;153.99,g-/t/g-/p180,10.84;36.55;11.95;26.01,False,3.1618601278270484,CB--B:ILE130:N,2.2548604283930826,"NH2--sym1[1,1,0]/A:TYR131:CZ",0.12016721069812775,NH1--B:HOH53:O:3.37A,26.547504425048828,25.182605743408203,26.839645385742188,1.364898681640625,828.3526054382324,24.26175308227539,2970.25244140625,True,False,False,False
probe4c2_A_soft_synthetic,B_ARG129,25,0.4645809829235077,1.4114468097686768,-70.84;-143.45;-48.05;153.99,g-/t/g-/p180,10.84;36.55;11.95;26.01,False,3.1618601278270484,CB--B:ILE130:N,2.2548604283930826,"NH2--sym1[1,1,0]/A:TYR131:CZ",0.12016724795103073,NH1--B:HOH53:O:3.37A,26.547504425048828,25.182605743408203,26.839645385742188,1.364898681640625,828.3526054382324,24.26175308227539,2970.25244140625,True,False,False,False
probe4c2_A_soft_synthetic,B_ARG129,26,0.4645809233188629,1.4114468097686768,-70.84;-143.45;-48.05;153.99,g-/t/g-/p180,10.84;36.55;11.95;26.01,False,3.1618601278270484,CB--B:ILE130:N,2.2548604283930826,"NH2--sym1[1,1,0]/A:TYR131:CZ",0.12016721069812775,NH1--B:HOH53:O:3.37A,26.547504425048828,25.182605743408203,26.839645385742188,1.364898681640625,828.3526054382324,24.26175308227539,2970.25244140625,True,False,False,False
probe4c2_A_soft_synthetic,B_ARG129,27,0.4645809233188629,1.4114468097686768,-70.84;-143.45;-48.05;153.99,g-/t/g-/p180,10.84;36.55;11.95;26.01,False,3.1618601278270484,CB--B:ILE130:N,2.2548604283930826,"NH2--sym1[1,1,0]/A:TYR131:CZ",0.12016721069812775,NH1--B:HOH53:O:3.37A,26.547504425048828,25.182605743408203,26.839645385742188,1.364898681640625,828.3526054382324,24.26175308227539,2970.25244140625,True,False,False,False
probe4c2_A_soft_synthetic,B_ARG129,28,0.4645809233188629,1.4114468097686768,-70.84;-143.45;-48.05;153.99,g-/t/g-/p180,10.84;36.55;11.95;26.01,False,3.1618601278270484,CB--B:ILE130:N,2.2548604283930826,"NH2--sym1[1,1,0]/A:TYR131:CZ",0.12016721069812775,NH1--B:HOH53:O:3.37A,26.547504425048828,25.182605743408203,26.839645385742188,1.364898681640625,828.3526054382324,24.26175308227539,2970.25244140625,True,False,False,False
probe4c2_A_soft_synthetic,B_ARG129,29,0.4645809829235077,1.4114468097686768,-70.84;-143.45;-48.05;153.99,g-/t/g-/p180,10.84;36.55;11.95;26.01,False,3.1618601278270484,CB--B:ILE130:N,2.2548604283930826,"NH2--sym1[1,1,0]/A:TYR131:CZ",0.12016724795103073,NH1--B:HOH53:O:3.37A,26.547504425048828,25.182605743408203,26.839645385742188,1.364898681640625,828.3526054382324,24.26175308227539,2970.25244140625,True,False,False,False
probe4c2_A_soft_synthetic,B_ARG129,30,0.4645809233188629,1.4114468097686768,-70.84;-143.45;-48.05;153.99,g-/t/g-/p180,10.84;36.55;11.95;26.01,False,3.1618601278270484,CB--B:ILE130:N,2.2548604283930826,"NH2--sym1[1,1,0]/A:TYR131:CZ",0.12016721069812775,NH1--B:HOH53:O:3.37A,26.547504425048828,25.182605743408203,26.839645385742188,1.364898681640625,828.3526054382324,24.26175308227539,2970.25244140625,True,False,False,False
probe4c2_A_soft_synthetic,B_ARG129,31,0.4645809233188629,1.4114468097686768,-70.84;-143.45;-48.05;153.99,g-/t/g-/p180,10.84;36.55;11.95;26.01,False,3.1618601278270484,CB--B:ILE130:N,2.2548604283930826,"NH2--sym1[1,1,0]/A:TYR131:CZ",0.12016721069812775,NH1--B:HOH53:O:3.37A,26.547504425048828,25.182605743408203,26.839645385742188,1.364898681640625,828.3526054382324,24.26175308227539,2970.25244140625,True,False,False,False
probe4c2_A_soft_synthetic,B_ARG129,32,0.4645809829235077,1.4114468097686768,-70.84;-143.45;-48.05;153.99,g-/t/g-/p180,10.84;36.55;11.95;26.01,False,3.1618601278270484,CB--B:ILE130:N,2.2548604283930826,"NH2--sym1[1,1,0]/A:TYR131:CZ",0.12016724795103073,NH1--B:HOH53:O:3.37A,26.547504425048828,25.182605743408203,26.839645385742188,1.364898681640625,828.3526054382324,24.26175308227539,2970.25244140625,True,False,False,False
probe4c2_A_soft_synthetic,B_ARG129,33,0.4645809233188629,1.4114468097686768,-70.84;-143.45;-48.05;153.99,g-/t/g-/p180,10.84;36.55;11.95;26.01,False,3.1618601278270484,CB--B:ILE130:N,2.2548604283930826,"NH2--sym1[1,1,0]/A:TYR131:CZ",0.12016721069812775,NH1--B:HOH53:O:3.37A,26.547504425048828,25.182605743408203,26.839645385742188,1.364898681640625,828.3526054382324,24.26175308227539,2970.25244140625,True,False,False,False
probe4c2_A_soft_synthetic,B_ARG129,34,0.4645809233188629,1.4114468097686768,-70.84;-143.45;-48.05;153.99,g-/t/g-/p180,10.84;36.55;11.95;26.01,False,3.1618601278270484,CB--B:ILE130:N,2.2548604283930826,"NH2--sym1[1,1,0]/A:TYR131:CZ",0.12016721069812775,NH1--B:HOH53:O:3.37A,26.547504425048828,25.182605743408203,26.839645385742188,1.364898681640625,828.3526054382324,24.26175308227539,2970.25244140625,True,False,False,False
probe4c2_A_soft_synthetic,B_ARG129,35,0.4645809233188629,1.4114468097686768,-70.84;-143.45;-48.05;153.99,g-/t/g-/p180,10.84;36.55;11.95;26.01,False,3.1618601278270484,CB--B:ILE130:N,2.2548604283930826,"NH2--sym1[1,1,0]/A:TYR131:CZ",0.12016721069812775,NH1--B:HOH53:O:3.37A,26.547504425048828,25.182605743408203,26.839645385742188,1.364898681640625,828.3526054382324,24.26175308227539,2970.25244140625,True,False,False,False
probe4c2_A_soft_synthetic,B_ARG129,36,0.4645809829235077,1.4114468097686768,-70.84;-143.45;-48.05;153.99,g-/t/g-/p180,10.84;36.55;11.95;26.01,False,3.1618601278270484,CB--B:ILE130:N,2.2548604283930826,"NH2--sym1[1,1,0]/A:TYR131:CZ",0.12016724795103073,NH1--B:HOH53:O:3.37A,26.547504425048828,25.182605743408203,26.839645385742188,1.364898681640625,828.3526054382324,24.26175308227539,2970.25244140625,True,False,False,False
probe4c2_A_soft_synthetic,B_ARG129,37,0.4645809233188629,1.4114468097686768,-70.84;-143.45;-48.05;153.99,g-/t/g-/p180,10.84;36.55;11.95;26.01,False,3.1618601278270484,CB--B:ILE130:N,2.2548604283930826,"NH2--sym1[1,1,0]/A:TYR131:CZ",0.12016721069812775,NH1--B:HOH53:O:3.37A,26.547504425048828,25.182605743408203,26.839645385742188,1.364898681640625,828.3526054382324,24.26175308227539,2970.25244140625,True,False,False,False
probe4c2_A_soft_synthetic,B_ARG129,38,0.4645809233188629,1.4114468097686768,-70.84;-143.45;-48.05;153.99,g-/t/g-/p180,10.84;36.55;11.95;26.01,False,3.1618601278270484,CB--B:ILE130:N,2.2548604283930826,"NH2--sym1[1,1,0]/A:TYR131:CZ",0.12016721069812775,NH1--B:HOH53:O:3.37A,26.547504425048828,25.182605743408203,26.839645385742188,1.364898681640625,828.3526054382324,24.26175308227539,2970.25244140625,True,False,False,False
probe4c2_A_soft_synthetic,B_ARG129,39,0.4645809829235077,1.4114468097686768,-70.84;-143.45;-48.05;153.99,g-/t/g-/p180,10.84;36.55;11.95;26.01,False,3.1618601278270484,CB--B:ILE130:N,2.2548604283930826,"NH2--sym1[1,1,0]/A:TYR131:CZ",0.12016724795103073,NH1--B:HOH53:O:3.37A,26.547504425048828,25.182605743408203,26.839645385742188,1.364898681640625,828.3526054382324,24.26175308227539,2970.25244140625,True,False,False,False
probe4c2_A_soft_synthetic,B_ARG129,40,0.4645809829235077,1.4114468097686768,-70.84;-143.45;-48.05;153.99,g-/t/g-/p180,10.84;36.55;11.95;26.01,False,3.1618601278270484,CB--B:ILE130:N,2.2548604283930826,"NH2--sym1[1,1,0]/A:TYR131:CZ",0.12016724795103073,NH1--B:HOH53:O:3.37A,26.547504425048828,25.182605743408203,26.839645385742188,1.364898681640625,828.3526054382324,24.26175308227539,2970.25244140625,True,False,False,False
probe4c2_A_soft_synthetic,B_ARG129,41,0.4645809829235077,1.4114468097686768,-70.84;-143.45;-48.05;153.99,g-/t/g-/p180,10.84;36.55;11.95;26.01,False,3.1618601278270484,CB--B:ILE130:N,2.2548604283930826,"NH2--sym1[1,1,0]/A:TYR131:CZ",0.12016724795103073,NH1--B:HOH53:O:3.37A,26.547504425048828,25.182605743408203,26.839645385742188,1.364898681640625,828.3526054382324,24.26175308227539,2970.25244140625,True,False,False,False
probe4c2_A_soft_synthetic,B_ARG129,42,0.4645809233188629,1.4114468097686768,-70.84;-143.45;-48.05;153.99,g-/t/g-/p180,10.84;36.55;11.95;26.01,False,3.1618601278270484,CB--B:ILE130:N,2.2548604283930826,"NH2--sym1[1,1,0]/A:TYR131:CZ",0.12016721069812775,NH1--B:HOH53:O:3.37A,26.547504425048828,25.182605743408203,26.839645385742188,1.364898681640625,828.3526054382324,24.26175308227539,2970.25244140625,True,False,False,False
probe4c2_A_soft_synthetic,B_ARG129,43,0.4645809233188629,1.4114468097686768,-70.84;-143.45;-48.05;153.99,g-/t/g-/p180,10.84;36.55;11.95;26.01,False,3.1618601278270484,CB--B:ILE130:N,2.2548604283930826,"NH2--sym1[1,1,0]/A:TYR131:CZ",0.12016721069812775,NH1--B:HOH53:O:3.37A,26.547504425048828,25.182605743408203,26.839645385742188,1.364898681640625,828.3526054382324,24.26175308227539,2970.25244140625,True,False,False,False
probe4c2_A_soft_synthetic,B_ARG129,44,0.4645809233188629,1.4114468097686768,-70.84;-143.45;-48.05;153.99,g-/t/g-/p180,10.84;36.55;11.95;26.01,False,3.1618601278270484,CB--B:ILE130:N,2.2548604283930826,"NH2--sym1[1,1,0]/A:TYR131:CZ",0.12016721069812775,NH1--B:HOH53:O:3.37A,26.547504425048828,25.182605743408203,26.839645385742188,1.364898681640625,828.3526054382324,24.26175308227539,2970.25244140625,True,False,False,False
probe4c2_A_soft_synthetic,B_ARG129,45,0.4645809829235077,1.4114468097686768,-70.84;-143.45;-48.05;153.99,g-/t/g-/p180,10.84;36.55;11.95;26.01,False,3.1618601278270484,CB--B:ILE130:N,2.2548604283930826,"NH2--sym1[1,1,0]/A:TYR131:CZ",0.12016724795103073,NH1--B:HOH53:O:3.37A,26.547504425048828,25.182605743408203,26.839645385742188,1.364898681640625,828.3526054382324,24.26175308227539,2970.25244140625,True,False,False,False
probe4c2_A_soft_synthetic,B_ARG129,46,0.4645809233188629,1.4114468097686768,-70.84;-143.45;-48.05;153.99,g-/t/g-/p180,10.84;36.55;11.95;26.01,False,3.1618601278270484,CB--B:ILE130:N,2.2548604283930826,"NH2--sym1[1,1,0]/A:TYR131:CZ",0.12016721069812775,NH1--B:HOH53:O:3.37A,26.547504425048828,25.182605743408203,26.839645385742188,1.364898681640625,828.3526054382324,24.26175308227539,2970.25244140625,True,False,False,False
probe4c2_A_soft_synthetic,B_ARG129,47,0.4645809829235077,1.4114468097686768,-70.84;-143.45;-48.05;153.99,g-/t/g-/p180,10.84;36.55;11.95;26.01,False,3.1618601278270484,CB--B:ILE130:N,2.2548604283930826,"NH2--sym1[1,1,0]/A:TYR131:CZ",0.12016724795103073,NH1--B:HOH53:O:3.37A,26.547504425048828,25.182605743408203,26.839645385742188,1.364898681640625,828.3526054382324,24.26175308227539,2970.25244140625,True,False,False,False
probe4c2_A_soft_synthetic,B_ARG129,48,0.4645809233188629,1.4114468097686768,-70.84;-143.45;-48.05;153.99,g-/t/g-/p180,10.84;36.55;11.95;26.01,False,3.1618601278270484,CB--B:ILE130:N,2.2548604283930826,"NH2--sym1[1,1,0]/A:TYR131:CZ",0.12016721069812775,NH1--B:HOH53:O:3.37A,26.547504425048828,25.182605743408203,26.839645385742188,1.364898681640625,828.3526054382324,24.26175308227539,2970.25244140625,True,False,False,False
probe4c2_A_soft_synthetic,B_ARG129,49,0.4645809233188629,1.4114468097686768,-70.84;-143.45;-48.05;153.99,g-/t/g-/p180,10.84;36.55;11.95;26.01,False,3.1618601278270484,CB--B:ILE130:N,2.2548604283930826,"NH2--sym1[1,1,0]/A:TYR131:CZ",0.12016721069812775,NH1--B:HOH53:O:3.37A,26.547504425048828,25.182605743408203,26.839645385742188,1.364898681640625,828.3526054382324,24.26175308227539,2970.25244140625,True,False,False,False
